0.17359325289726257,0.6476867198944092,-2.870567641366506e-07,0.21848352253437042,0.6227273941040039,-0.011995671316981316,0.2513871490955353,0.558211624622345,-0.01291949488222599,0.27320390939712524,0.5097599029541016,-0.014668458141386509,0.2973822355270386,0.4893655776977539,-0.013763572089374065,0.23388220369815826,0.5172237157821655,0.003392284270375967,0.2414725422859192,0.4770921766757965,-0.013519992120563984,0.2282019704580307,0.5158112645149231,-0.020647330209612846,0.22074903547763824,0.5425853729248047,-0.021726729348301888,0.20562605559825897,0.5125067830085754,0.003920372575521469,0.21012739837169647,0.47753506898880005,-0.01617732271552086,0.2010420560836792,0.532830536365509,-0.018383998423814774,0.19722071290016174,0.5597783923149109,-0.013115370646119118,0.17786428332328796,0.515011191368103,0.0006269164150580764,0.1799575537443161,0.487445205450058,-0.01982053741812706,0.17847947776317596,0.5394426584243774,-0.013491847552359104,0.17762863636016846,0.5646427869796753,-0.002056440571323037,0.14978718757629395,0.5200859308242798,-0.0036093047820031643,0.15232715010643005,0.49329671263694763,-0.013699837028980255,0.15675413608551025,0.5262331962585449,-0.0065040504559874535,0.15932343900203705,0.5447637438774109,0.0030483088921755552,0.0,0.0,0.0,0.0,0.0,0.0,0.0,0.0,0.0,0.0,0.0,0.0,0.0,0.0,0.0,0.0,0.0,0.0,0.0,0.0,0.0,0.0,0.0,0.0,0.0,0.0,0.0,0.0,0.0,0.0,0.0,0.0,0.0,0.0,0.0,0.0,0.0,0.0,0.0,0.0,0.0,0.0,0.0,0.0,0.0,0.0,0.0,0.0,0.0,0.0,0.0,0.0,0.0,0.0,0.0,0.0,0.0,0.0,0.0,0.0,0.0,0.0,0.0,あ
0.173334002494812,0.6497174501419067,-2.9093547482261783e-07,0.21855437755584717,0.6242715120315552,-0.01152372919023037,0.2513180673122406,0.5596423149108887,-0.012259830720722675,0.27315443754196167,0.5103820562362671,-0.014030808582901955,0.29748013615608215,0.4889252185821533,-0.01329545397311449,0.23368556797504425,0.5191774368286133,0.0044912658631801605,0.2425469607114792,0.47758594155311584,-0.012609840370714664,0.2291792780160904,0.5148420333862305,-0.02006535418331623,0.22043921053409576,0.5425870418548584,-0.021236415952444077,0.20560383796691895,0.5142857432365417,0.00474229222163558,0.21073009073734283,0.4775236248970032,-0.015734177082777023,0.20116445422172546,0.5334257483482361,-0.018392762169241905,0.1962643414735794,0.5627766251564026,-0.013181732036173344,0.1778659075498581,0.5166510343551636,0.00112207664642483,0.18070320785045624,0.48716479539871216,-0.019546067342162132,0.17880772054195404,0.5402148962020874,-0.013380327261984348,0.17726515233516693,0.5674588680267334,-0.0017804132075980306,0.1498011350631714,0.5219520330429077,-0.0034339185804128647,0.15230095386505127,0.4934721887111664,-0.013613809831440449,0.15667232871055603,0.5256713032722473,-0.006620180793106556,0.15919238328933716,0.5444226264953613,0.002864426700398326,0.0,0.0,0.0,0.0,0.0,0.0,0.0,0.0,0.0,0.0,0.0,0.0,0.0,0.0,0.0,0.0,0.0,0.0,0.0,0.0,0.0,0.0,0.0,0.0,0.0,0.0,0.0,0.0,0.0,0.0,0.0,0.0,0.0,0.0,0.0,0.0,0.0,0.0,0.0,0.0,0.0,0.0,0.0,0.0,0.0,0.0,0.0,0.0,0.0,0.0,0.0,0.0,0.0,0.0,0.0,0.0,0.0,0.0,0.0,0.0,0.0,0.0,0.0,あ
0.17366762459278107,0.647252082824707,-2.727543915170827e-07,0.2183697521686554,0.6203396320343018,-0.012679009698331356,0.2503722012042999,0.5561487078666687,-0.013883166015148163,0.2725370526313782,0.5076489448547363,-0.015750711783766747,0.2972380518913269,0.4868904948234558,-0.014769141562283039,0.2324085235595703,0.5138198733329773,0.003772357478737831,0.2386038601398468,0.4757321774959564,-0.013350984081625938,0.22712616622447968,0.5155219435691833,-0.020240046083927155,0.22053655982017517,0.5392058491706848,-0.02113964594900608,0.20414991676807404,0.5092057585716248,0.004578013438731432,0.20743975043296814,0.476561963558197,-0.015407629311084747,0.20089250802993774,0.5329195261001587,-0.017124352976679802,0.19779232144355774,0.5562319159507751,-0.011642517521977425,0.176532581448555,0.5119907259941101,0.0013581141829490662,0.17836301028728485,0.48575225472450256,-0.019851218909025192,0.17897295951843262,0.5389928817749023,-0.013573690317571163,0.17858289182186127,0.5619712471961975,-0.0019935411401093006,0.1485735923051834,0.5172739624977112,-0.0027950378134846687,0.15043990314006805,0.49153751134872437,-0.013399758376181126,0.15629827976226807,0.5251633524894714,-0.006424326449632645,0.15917669236660004,0.5429163575172424,0.003163555869832635,0.0,0.0,0.0,0.0,0.0,0.0,0.0,0.0,0.0,0.0,0.0,0.0,0.0,0.0,0.0,0.0,0.0,0.0,0.0,0.0,0.0,0.0,0.0,0.0,0.0,0.0,0.0,0.0,0.0,0.0,0.0,0.0,0.0,0.0,0.0,0.0,0.0,0.0,0.0,0.0,0.0,0.0,0.0,0.0,0.0,0.0,0.0,0.0,0.0,0.0,0.0,0.0,0.0,0.0,0.0,0.0,0.0,0.0,0.0,0.0,0.0,0.0,0.0,あ
0.17329466342926025,0.6478685140609741,-2.606060149901168e-07,0.21745258569717407,0.6215088963508606,-0.012849750928580761,0.24983157217502594,0.5556215643882751,-0.013739276677370071,0.2714954912662506,0.507173478603363,-0.015146002173423767,0.29575762152671814,0.48693758249282837,-0.013568379916250706,0.23074018955230713,0.5145496726036072,0.004303306806832552,0.23809993267059326,0.4760943651199341,-0.012239055708050728,0.22651918232440948,0.5156869292259216,-0.01893370784819126,0.21950867772102356,0.5397781133651733,-0.019680561497807503,0.20296376943588257,0.509372353553772,0.005389489699155092,0.20730483531951904,0.4757480025291443,-0.014093901962041855,0.20056094229221344,0.5315284729003906,-0.016067104414105415,0.19709204137325287,0.5558274388313293,-0.010649151168763638,0.17562730610370636,0.5114996433258057,0.00242309900932014,0.1783355325460434,0.48637446761131287,-0.018152274191379547,0.17901967465877533,0.5392520427703857,-0.01247143093496561,0.1783333122730255,0.5635109543800354,-0.0012359647080302238,0.14785131812095642,0.5159124732017517,-0.0015018853591755033,0.1506613790988922,0.4910828173160553,-0.011520779691636562,0.15607863664627075,0.5237641930580139,-0.004893072415143251,0.158579021692276,0.5414462089538574,0.0043986160308122635,0.0,0.0,0.0,0.0,0.0,0.0,0.0,0.0,0.0,0.0,0.0,0.0,0.0,0.0,0.0,0.0,0.0,0.0,0.0,0.0,0.0,0.0,0.0,0.0,0.0,0.0,0.0,0.0,0.0,0.0,0.0,0.0,0.0,0.0,0.0,0.0,0.0,0.0,0.0,0.0,0.0,0.0,0.0,0.0,0.0,0.0,0.0,0.0,0.0,0.0,0.0,0.0,0.0,0.0,0.0,0.0,0.0,0.0,0.0,0.0,0.0,0.0,0.0,あ
0.17287151515483856,0.6463451385498047,-2.7234145250076836e-07,0.21816486120224,0.6196025609970093,-0.011998850852251053,0.250091552734375,0.5562337636947632,-0.013508232310414314,0.2723709046840668,0.5074921250343323,-0.015998704358935356,0.29815250635147095,0.4868592619895935,-0.015949813649058342,0.23253770172595978,0.5154595375061035,0.0033759353682398796,0.2403879165649414,0.4754534065723419,-0.013795950450003147,0.22789527475833893,0.5125253796577454,-0.021247120574116707,0.2205936759710312,0.5384817719459534,-0.022566668689250946,0.20433469116687775,0.5105412602424622,0.0036282928194850683,0.20820212364196777,0.47590750455856323,-0.016339605674147606,0.200310617685318,0.530164361000061,-0.01892683282494545,0.19678980112075806,0.5564968585968018,-0.01413994375616312,0.17667727172374725,0.5130792260169983,6.088435839046724e-05,0.1783602237701416,0.4855058789253235,-0.020445551723241806,0.17807891964912415,0.5374360084533691,-0.014553171582520008,0.17761272192001343,0.5630295872688293,-0.0034546731039881706,0.14878758788108826,0.5184546709060669,-0.004458515904843807,0.14980337023735046,0.490148663520813,-0.014524025842547417,0.1551809012889862,0.521917998790741,-0.007540935184806585,0.1583625227212906,0.5408033728599548,0.0018513619434088469,0.0,0.0,0.0,0.0,0.0,0.0,0.0,0.0,0.0,0.0,0.0,0.0,0.0,0.0,0.0,0.0,0.0,0.0,0.0,0.0,0.0,0.0,0.0,0.0,0.0,0.0,0.0,0.0,0.0,0.0,0.0,0.0,0.0,0.0,0.0,0.0,0.0,0.0,0.0,0.0,0.0,0.0,0.0,0.0,0.0,0.0,0.0,0.0,0.0,0.0,0.0,0.0,0.0,0.0,0.0,0.0,0.0,0.0,0.0,0.0,0.0,0.0,0.0,あ
0.172590434551239,0.64792400598526,-2.933815608230361e-07,0.21754047274589539,0.623069703578949,-0.012019094079732895,0.250129759311676,0.557880699634552,-0.013128372840583324,0.2716376483440399,0.5088505744934082,-0.01492338441312313,0.29635024070739746,0.4886806309223175,-0.014023554511368275,0.23354484140872955,0.5174837708473206,0.0026477687060832977,0.24110852181911469,0.4767850339412689,-0.01456319261342287,0.22663912177085876,0.5152744650840759,-0.021753771230578423,0.21844349801540375,0.5425463318824768,-0.022805342450737953,0.20466801524162292,0.5122370719909668,0.003201924031600356,0.2088654339313507,0.476396381855011,-0.017198076471686363,0.19946932792663574,0.5319803357124329,-0.019194860011339188,0.19566665589809418,0.5599066019058228,-0.01364173088222742,0.1768530160188675,0.5144937634468079,-2.588308598205913e-05,0.17853760719299316,0.4865027666091919,-0.020550087094306946,0.17722123861312866,0.5391119122505188,-0.013841730542480946,0.1766897737979889,0.5651459097862244,-0.002049118047580123,0.14908826351165771,0.519616961479187,-0.004193512722849846,0.15179800987243652,0.4925204813480377,-0.01420570258051157,0.15575267374515533,0.5259548425674438,-0.006705623585730791,0.15799088776111603,0.5444135069847107,0.003104805015027523,0.0,0.0,0.0,0.0,0.0,0.0,0.0,0.0,0.0,0.0,0.0,0.0,0.0,0.0,0.0,0.0,0.0,0.0,0.0,0.0,0.0,0.0,0.0,0.0,0.0,0.0,0.0,0.0,0.0,0.0,0.0,0.0,0.0,0.0,0.0,0.0,0.0,0.0,0.0,0.0,0.0,0.0,0.0,0.0,0.0,0.0,0.0,0.0,0.0,0.0,0.0,0.0,0.0,0.0,0.0,0.0,0.0,0.0,0.0,0.0,0.0,0.0,0.0,あ
0.1728959083557129,0.6509232521057129,-2.94691488988974e-07,0.21805821359157562,0.6254246234893799,-0.012290685437619686,0.2508641481399536,0.5583971738815308,-0.013565528206527233,0.2720612585544586,0.5079864263534546,-0.015567881055176258,0.2979670464992523,0.4881215989589691,-0.014708533883094788,0.2327878326177597,0.5172669291496277,0.002624455839395523,0.24078065156936646,0.47589898109436035,-0.014401719905436039,0.22776153683662415,0.5160245299339294,-0.021146010607481003,0.2201107144355774,0.5427034497261047,-0.02194497548043728,0.20399507880210876,0.5124307870864868,0.0031701806001365185,0.20912493765354156,0.47650086879730225,-0.01652294024825096,0.20054712891578674,0.532854437828064,-0.018005887046456337,0.1962062120437622,0.5593710541725159,-0.012382159940898418,0.17625227570533752,0.5149290561676025,-0.00016285449964925647,0.17949070036411285,0.4856170415878296,-0.020101292058825493,0.1781688928604126,0.5385133624076843,-0.0131627032533288,0.17656852304935455,0.5638693571090698,-0.0014567066682502627,0.14873072504997253,0.5201140642166138,-0.0045136041007936,0.1512860357761383,0.4913739860057831,-0.01398378424346447,0.1558600217103958,0.524145245552063,-0.006551257334649563,0.15801623463630676,0.5427687764167786,0.0030482884030789137,0.0,0.0,0.0,0.0,0.0,0.0,0.0,0.0,0.0,0.0,0.0,0.0,0.0,0.0,0.0,0.0,0.0,0.0,0.0,0.0,0.0,0.0,0.0,0.0,0.0,0.0,0.0,0.0,0.0,0.0,0.0,0.0,0.0,0.0,0.0,0.0,0.0,0.0,0.0,0.0,0.0,0.0,0.0,0.0,0.0,0.0,0.0,0.0,0.0,0.0,0.0,0.0,0.0,0.0,0.0,0.0,0.0,0.0,0.0,0.0,0.0,0.0,0.0,あ
0.17279691994190216,0.6452659368515015,-2.906604947838787e-07,0.21886777877807617,0.6204462647438049,-0.01252648327499628,0.2512979209423065,0.5561797022819519,-0.013704374432563782,0.27275657653808594,0.5059386491775513,-0.01573030650615692,0.29901883006095886,0.48761093616485596,-0.014934169128537178,0.23234923183918,0.5143616199493408,0.0028675678186118603,0.2402174472808838,0.4753269851207733,-0.014442410320043564,0.22784684598445892,0.5156828165054321,-0.02110286056995392,0.22098729014396667,0.5406819581985474,-0.02183125726878643,0.20399139821529388,0.5098961591720581,0.003427706891670823,0.20838961005210876,0.4758172333240509,-0.017235340550541878,0.2007044106721878,0.5323255658149719,-0.018888993188738823,0.19742824137210846,0.5577594041824341,-0.013150524348020554,0.17647822201251984,0.512835681438446,2.559087806730531e-05,0.17901650071144104,0.4856458604335785,-0.021606123074889183,0.17858746647834778,0.5394747853279114,-0.015149288810789585,0.1780817210674286,0.5648828744888306,-0.0031787671614438295,0.14866821467876434,0.5183214545249939,-0.0043184468522667885,0.15024176239967346,0.4898475110530853,-0.014994696713984013,0.15589521825313568,0.5221215486526489,-0.008140956982970238,0.15951994061470032,0.541002631187439,0.001388162956573069,0.0,0.0,0.0,0.0,0.0,0.0,0.0,0.0,0.0,0.0,0.0,0.0,0.0,0.0,0.0,0.0,0.0,0.0,0.0,0.0,0.0,0.0,0.0,0.0,0.0,0.0,0.0,0.0,0.0,0.0,0.0,0.0,0.0,0.0,0.0,0.0,0.0,0.0,0.0,0.0,0.0,0.0,0.0,0.0,0.0,0.0,0.0,0.0,0.0,0.0,0.0,0.0,0.0,0.0,0.0,0.0,0.0,0.0,0.0,0.0,0.0,0.0,0.0,あ
0.17309576272964478,0.6493644714355469,-2.92643676402804e-07,0.2180677205324173,0.6242330074310303,-0.012452013790607452,0.25051364302635193,0.5575830340385437,-0.013564947992563248,0.271369069814682,0.5063532590866089,-0.015370333567261696,0.29756343364715576,0.4868341088294983,-0.014344734139740467,0.2316604107618332,0.5178318619728088,0.002809654688462615,0.2401762157678604,0.475811630487442,-0.014056089334189892,0.22674375772476196,0.5153840780258179,-0.02064662240445614,0.21867364645004272,0.5416715741157532,-0.02130124904215336,0.20308807492256165,0.5129426717758179,0.0035036143381148577,0.20873628556728363,0.47495123744010925,-0.016849424690008163,0.19986675679683685,0.5314944982528687,-0.018871909007430077,0.19511038064956665,0.5593223571777344,-0.013211393728852272,0.175499826669693,0.515442967414856,0.0003598635667003691,0.17853869497776031,0.4854622185230255,-0.020356055349111557,0.1777624636888504,0.5388374328613281,-0.014140935614705086,0.17647506296634674,0.5659608840942383,-0.002407597377896309,0.1479329764842987,0.5203760266304016,-0.0037440259475260973,0.1493750661611557,0.48985710740089417,-0.013823098503053188,0.1548050194978714,0.5206222534179688,-0.007049258332699537,0.1579318344593048,0.5394224524497986,0.0023186728358268738,0.0,0.0,0.0,0.0,0.0,0.0,0.0,0.0,0.0,0.0,0.0,0.0,0.0,0.0,0.0,0.0,0.0,0.0,0.0,0.0,0.0,0.0,0.0,0.0,0.0,0.0,0.0,0.0,0.0,0.0,0.0,0.0,0.0,0.0,0.0,0.0,0.0,0.0,0.0,0.0,0.0,0.0,0.0,0.0,0.0,0.0,0.0,0.0,0.0,0.0,0.0,0.0,0.0,0.0,0.0,0.0,0.0,0.0,0.0,0.0,0.0,0.0,0.0,あ
0.17238332331180573,0.6468349099159241,-2.836428620867082e-07,0.21783557534217834,0.6192691326141357,-0.011402931064367294,0.249038428068161,0.5540276765823364,-0.012217909097671509,0.27019423246383667,0.5039895176887512,-0.014106237329542637,0.2968757450580597,0.48563352227211,-0.0131618557497859,0.23094195127487183,0.5130741596221924,0.0038544100243598223,0.23622895777225494,0.47492116689682007,-0.012449217960238457,0.22495613992214203,0.5146960616111755,-0.018401067703962326,0.21969595551490784,0.5380935668945312,-0.018870892003178596,0.2025979906320572,0.5091667771339417,0.003984051290899515,0.20538222789764404,0.4758318066596985,-0.015132419764995575,0.19862478971481323,0.5310708284378052,-0.016043560579419136,0.19666385650634766,0.5548641085624695,-0.010297286324203014,0.17493705451488495,0.5123776197433472,0.00021334928169380873,0.17628233134746552,0.48463883996009827,-0.019732920452952385,0.1764528453350067,0.535729169845581,-0.013340317644178867,0.17700918018817902,0.5595571994781494,-0.0020192377269268036,0.14713631570339203,0.5178572535514832,-0.004493053536862135,0.14601144194602966,0.4881589412689209,-0.013795584440231323,0.1525946408510208,0.5169253945350647,-0.007269626017659903,0.15766620635986328,0.5347543358802795,0.0016232598572969437,0.0,0.0,0.0,0.0,0.0,0.0,0.0,0.0,0.0,0.0,0.0,0.0,0.0,0.0,0.0,0.0,0.0,0.0,0.0,0.0,0.0,0.0,0.0,0.0,0.0,0.0,0.0,0.0,0.0,0.0,0.0,0.0,0.0,0.0,0.0,0.0,0.0,0.0,0.0,0.0,0.0,0.0,0.0,0.0,0.0,0.0,0.0,0.0,0.0,0.0,0.0,0.0,0.0,0.0,0.0,0.0,0.0,0.0,0.0,0.0,0.0,0.0,0.0,あ
0.17196343839168549,0.6460670232772827,-2.7794641255241004e-07,0.21630367636680603,0.6207873225212097,-0.01257878728210926,0.24774956703186035,0.5564098954200745,-0.013742582872509956,0.2697348892688751,0.5067216753959656,-0.01566430926322937,0.2972153127193451,0.48734843730926514,-0.014314139261841774,0.23009178042411804,0.5147340893745422,0.004758081398904324,0.23817355930805206,0.47576624155044556,-0.011259002611041069,0.22525936365127563,0.5149978995323181,-0.016758861020207405,0.2187480926513672,0.5376428365707397,-0.017019834369421005,0.20145976543426514,0.5099823474884033,0.005498277023434639,0.20633184909820557,0.47646981477737427,-0.014160627499222755,0.19834820926189423,0.5328909158706665,-0.015299691818654537,0.19625703990459442,0.555247962474823,-0.009283005259931087,0.17356018722057343,0.5130497813224792,0.002196297748014331,0.17628537118434906,0.48641687631607056,-0.01876676268875599,0.17556439340114594,0.5384877324104309,-0.012262944132089615,0.17590346932411194,0.5603211522102356,-0.0004517740453593433,0.14619523286819458,0.5185120105743408,-0.0020504319109022617,0.14528396725654602,0.4898433983325958,-0.012238039635121822,0.15111839771270752,0.5199054479598999,-0.005483437329530716,0.1559411883354187,0.5366509556770325,0.0038948263972997665,0.0,0.0,0.0,0.0,0.0,0.0,0.0,0.0,0.0,0.0,0.0,0.0,0.0,0.0,0.0,0.0,0.0,0.0,0.0,0.0,0.0,0.0,0.0,0.0,0.0,0.0,0.0,0.0,0.0,0.0,0.0,0.0,0.0,0.0,0.0,0.0,0.0,0.0,0.0,0.0,0.0,0.0,0.0,0.0,0.0,0.0,0.0,0.0,0.0,0.0,0.0,0.0,0.0,0.0,0.0,0.0,0.0,0.0,0.0,0.0,0.0,0.0,0.0,あ
0.1721179187297821,0.6482815742492676,-2.89502395389718e-07,0.216172456741333,0.622584879398346,-0.010771110653877258,0.24731096625328064,0.5568108558654785,-0.011170817539095879,0.2687469720840454,0.5070990324020386,-0.012632377445697784,0.2949233055114746,0.48822441697120667,-0.011153412982821465,0.22895589470863342,0.5153526067733765,0.005003414582461119,0.23785777390003204,0.4761675000190735,-0.010294023901224136,0.22555090487003326,0.5159581303596497,-0.015866214409470558,0.21848836541175842,0.5385399460792542,-0.016393497586250305,0.20058341324329376,0.5106572508811951,0.004899328574538231,0.20639334619045258,0.4770047962665558,-0.013202261179685593,0.19862225651741028,0.5324437022209167,-0.014205791056156158,0.19478124380111694,0.5544034838676453,-0.0086698979139328,0.17274592816829681,0.513719916343689,0.0010679994011297822,0.17664887011051178,0.4853568375110626,-0.018300233408808708,0.1759251207113266,0.5372270345687866,-0.01160550769418478,0.17426139116287231,0.5593147277832031,-0.00032475439365953207,0.14491021633148193,0.5194385647773743,-0.0035872519947588444,0.14571470022201538,0.4895334243774414,-0.013083850964903831,0.15218356251716614,0.5204405188560486,-0.005885967053472996,0.15595996379852295,0.5383061170578003,0.003515364369377494,0.0,0.0,0.0,0.0,0.0,0.0,0.0,0.0,0.0,0.0,0.0,0.0,0.0,0.0,0.0,0.0,0.0,0.0,0.0,0.0,0.0,0.0,0.0,0.0,0.0,0.0,0.0,0.0,0.0,0.0,0.0,0.0,0.0,0.0,0.0,0.0,0.0,0.0,0.0,0.0,0.0,0.0,0.0,0.0,0.0,0.0,0.0,0.0,0.0,0.0,0.0,0.0,0.0,0.0,0.0,0.0,0.0,0.0,0.0,0.0,0.0,0.0,0.0,あ
0.16934868693351746,0.6487606763839722,-2.846598476935469e-07,0.21442092955112457,0.6225692629814148,-0.012461525388062,0.24689704179763794,0.5564404129981995,-0.012940308079123497,0.26850950717926025,0.5051594972610474,-0.014125565066933632,0.29468879103660583,0.4852536916732788,-0.011895456351339817,0.22786252200603485,0.5142579078674316,0.005792674608528614,0.23630483448505402,0.474668949842453,-0.00962306372821331,0.2235647588968277,0.516146719455719,-0.014933501370251179,0.21684645116329193,0.5394190549850464,-0.015012905932962894,0.19925010204315186,0.5098668336868286,0.0067436583340168,0.20427961647510529,0.47477924823760986,-0.012255346402525902,0.19683918356895447,0.5320642590522766,-0.01341819018125534,0.19450636208057404,0.5553368926048279,-0.007409860845655203,0.1713547706604004,0.5131864547729492,0.003631992032751441,0.17398715019226074,0.48576390743255615,-0.016647912561893463,0.17424917221069336,0.5387318134307861,-0.010350373573601246,0.17453551292419434,0.5621380805969238,0.0013084423262625933,0.14375042915344238,0.5184233784675598,-0.00044836546294391155,0.1432323157787323,0.48881298303604126,-0.00998768676072359,0.15001943707466125,0.5188680291175842,-0.003244973486289382,0.15513862669467926,0.5365604162216187,0.006092450115829706,0.0,0.0,0.0,0.0,0.0,0.0,0.0,0.0,0.0,0.0,0.0,0.0,0.0,0.0,0.0,0.0,0.0,0.0,0.0,0.0,0.0,0.0,0.0,0.0,0.0,0.0,0.0,0.0,0.0,0.0,0.0,0.0,0.0,0.0,0.0,0.0,0.0,0.0,0.0,0.0,0.0,0.0,0.0,0.0,0.0,0.0,0.0,0.0,0.0,0.0,0.0,0.0,0.0,0.0,0.0,0.0,0.0,0.0,0.0,0.0,0.0,0.0,0.0,あ
0.16926276683807373,0.6487012505531311,-2.959779692446318e-07,0.21468594670295715,0.6238124370574951,-0.012221276760101318,0.2472091019153595,0.5578387975692749,-0.013086418621242046,0.268584668636322,0.5062940120697021,-0.01471434161067009,0.29561322927474976,0.4874729812145233,-0.013254712335765362,0.22896139323711395,0.5145984292030334,0.004307992290705442,0.23649601638317108,0.4749148488044739,-0.011977758258581161,0.22295624017715454,0.5156207084655762,-0.01803499646484852,0.21567587554454803,0.5407582521438599,-0.01851324364542961,0.19982179999351501,0.5103330612182617,0.005055814981460571,0.20436358451843262,0.475837379693985,-0.014170241542160511,0.19606515765190125,0.5326074957847595,-0.015230841003358364,0.19297254085540771,0.5566959977149963,-0.009276132099330425,0.17175033688545227,0.5137447714805603,0.0018631595885381103,0.17416192591190338,0.4856822192668915,-0.018110016360878944,0.1735498309135437,0.5385029315948486,-0.011087063699960709,0.173065185546875,0.5619770884513855,0.000779751455411315,0.14386576414108276,0.5193650126457214,-0.002304568886756897,0.14452333748340607,0.4906657636165619,-0.011504569090902805,0.15014509856700897,0.5221522450447083,-0.003990139812231064,0.15381741523742676,0.5394589900970459,0.005728710908442736,0.0,0.0,0.0,0.0,0.0,0.0,0.0,0.0,0.0,0.0,0.0,0.0,0.0,0.0,0.0,0.0,0.0,0.0,0.0,0.0,0.0,0.0,0.0,0.0,0.0,0.0,0.0,0.0,0.0,0.0,0.0,0.0,0.0,0.0,0.0,0.0,0.0,0.0,0.0,0.0,0.0,0.0,0.0,0.0,0.0,0.0,0.0,0.0,0.0,0.0,0.0,0.0,0.0,0.0,0.0,0.0,0.0,0.0,0.0,0.0,0.0,0.0,0.0,あ
0.17097927629947662,0.6494619250297546,-2.939181911187916e-07,0.21657991409301758,0.6237396597862244,-0.011522358283400536,0.24795609712600708,0.5576672554016113,-0.012090420350432396,0.2687264680862427,0.5060135126113892,-0.013648812659084797,0.29577675461769104,0.4871237874031067,-0.012242315337061882,0.22929924726486206,0.5151753425598145,0.005501290317624807,0.2382703423500061,0.4742828905582428,-0.010556989349424839,0.22501833736896515,0.514288067817688,-0.01677987538278103,0.2167971283197403,0.5400612950325012,-0.017364541068673134,0.2004738450050354,0.5102483630180359,0.005996113643050194,0.20526795089244843,0.4754765033721924,-0.01289321668446064,0.1969914585351944,0.5323131680488586,-0.014281864278018475,0.19312939047813416,0.5576496720314026,-0.008583199232816696,0.17240236699581146,0.513322114944458,0.002601061249151826,0.17494231462478638,0.48461785912513733,-0.017123959958553314,0.17436715960502625,0.5378366708755493,-0.010256762616336346,0.1733119636774063,0.5625655651092529,0.001523531973361969,0.14445608854293823,0.5192579030990601,-0.0017044409178197384,0.1449955552816391,0.48933693766593933,-0.011006428860127926,0.1510581076145172,0.5211638808250427,-0.0035188195761293173,0.1548825055360794,0.5397906303405762,0.00626963097602129,0.0,0.0,0.0,0.0,0.0,0.0,0.0,0.0,0.0,0.0,0.0,0.0,0.0,0.0,0.0,0.0,0.0,0.0,0.0,0.0,0.0,0.0,0.0,0.0,0.0,0.0,0.0,0.0,0.0,0.0,0.0,0.0,0.0,0.0,0.0,0.0,0.0,0.0,0.0,0.0,0.0,0.0,0.0,0.0,0.0,0.0,0.0,0.0,0.0,0.0,0.0,0.0,0.0,0.0,0.0,0.0,0.0,0.0,0.0,0.0,0.0,0.0,0.0,あ
0.17307834327220917,0.6517494916915894,-2.962693201880029e-07,0.21856507658958435,0.6264699697494507,-0.012185669504106045,0.25004786252975464,0.5587384700775146,-0.01252659223973751,0.2697974443435669,0.5059083104133606,-0.013646830804646015,0.29538798332214355,0.4860759973526001,-0.011671154759824276,0.23060524463653564,0.5134637355804443,0.006366952322423458,0.2393825501203537,0.47421449422836304,-0.009867558255791664,0.22670811414718628,0.515212893486023,-0.01654263585805893,0.21815602481365204,0.5406067371368408,-0.01735565811395645,0.20133639872074127,0.5094082355499268,0.007226931396871805,0.20757053792476654,0.47534823417663574,-0.012181252241134644,0.19985432922840118,0.5327187776565552,-0.014440503902733326,0.19541975855827332,0.5566889643669128,-0.009063621051609516,0.17342709004878998,0.513064980506897,0.0041284626349806786,0.17665961384773254,0.48655712604522705,-0.016380222514271736,0.17609304189682007,0.5393949151039124,-0.01025700569152832,0.17443063855171204,0.561487078666687,0.0013237488456070423,0.14570163190364838,0.5190964937210083,0.00015079238801263273,0.14810091257095337,0.48991620540618896,-0.009601184166967869,0.15327151119709015,0.5226168632507324,-0.0020259881857782602,0.15561574697494507,0.5396376848220825,0.00799652747809887,0.0,0.0,0.0,0.0,0.0,0.0,0.0,0.0,0.0,0.0,0.0,0.0,0.0,0.0,0.0,0.0,0.0,0.0,0.0,0.0,0.0,0.0,0.0,0.0,0.0,0.0,0.0,0.0,0.0,0.0,0.0,0.0,0.0,0.0,0.0,0.0,0.0,0.0,0.0,0.0,0.0,0.0,0.0,0.0,0.0,0.0,0.0,0.0,0.0,0.0,0.0,0.0,0.0,0.0,0.0,0.0,0.0,0.0,0.0,0.0,0.0,0.0,0.0,あ
0.17433714866638184,0.6444047689437866,-2.951410920104536e-07,0.22053386270999908,0.6218322515487671,-0.012348614633083344,0.25278013944625854,0.5563055276870728,-0.013458223082125187,0.27315235137939453,0.5040552020072937,-0.01502510067075491,0.3001484274864197,0.48578009009361267,-0.013471163809299469,0.2328873872756958,0.5132466554641724,0.0028714188374578953,0.24112266302108765,0.4756755232810974,-0.013181991875171661,0.22903473675251007,0.516716480255127,-0.018639329820871353,0.2218785285949707,0.5392068028450012,-0.019144276157021523,0.20302711427211761,0.5088856220245361,0.003478617873042822,0.2089385837316513,0.4764750599861145,-0.015763944014906883,0.20138129591941833,0.5342316627502441,-0.01622011512517929,0.19733375310897827,0.5557929873466492,-0.010271050967276096,0.17443673312664032,0.5122728943824768,0.0002557801199145615,0.1790970265865326,0.4864751100540161,-0.01987963356077671,0.17807506024837494,0.5392365455627441,-0.011792488396167755,0.1760643720626831,0.5583129525184631,0.0003114770515821874,0.14602522552013397,0.5181280970573425,-0.003857189556583762,0.15034539997577667,0.4929772913455963,-0.012694940902292728,0.15468820929527283,0.5255793929100037,-0.004199939779937267,0.1553487330675125,0.5388972163200378,0.005682814866304398,0.0,0.0,0.0,0.0,0.0,0.0,0.0,0.0,0.0,0.0,0.0,0.0,0.0,0.0,0.0,0.0,0.0,0.0,0.0,0.0,0.0,0.0,0.0,0.0,0.0,0.0,0.0,0.0,0.0,0.0,0.0,0.0,0.0,0.0,0.0,0.0,0.0,0.0,0.0,0.0,0.0,0.0,0.0,0.0,0.0,0.0,0.0,0.0,0.0,0.0,0.0,0.0,0.0,0.0,0.0,0.0,0.0,0.0,0.0,0.0,0.0,0.0,0.0,あ
0.17627301812171936,0.6489570140838623,-2.7111434519611066e-07,0.22008416056632996,0.6246428489685059,-0.012218457646667957,0.2524903118610382,0.557027280330658,-0.012729501351714134,0.27314722537994385,0.5068101286888123,-0.013575420714914799,0.29770636558532715,0.4864010512828827,-0.011172515340149403,0.23313184082508087,0.5132479667663574,0.004965772852301598,0.24267947673797607,0.477102130651474,-0.009945176541805267,0.2306276559829712,0.5170304775238037,-0.015344668179750443,0.2227141410112381,0.5386686325073242,-0.015888409689068794,0.20419268310070038,0.5080843567848206,0.005891325417906046,0.21073023974895477,0.4777071475982666,-0.012222944758832455,0.20343004167079926,0.5346779227256775,-0.013017057441174984,0.19956405460834503,0.5555422306060791,-0.0070999013260006905,0.17617613077163696,0.5107066035270691,0.002938162535429001,0.1795465499162674,0.4871355891227722,-0.015933677554130554,0.17927584052085876,0.5391843318939209,-0.008700455538928509,0.17797555029392242,0.5579789280891418,0.002809557132422924,0.14852577447891235,0.5161323547363281,-0.000965254963375628,0.1517740786075592,0.4942592978477478,-0.009324496611952782,0.15608817338943481,0.5267036557197571,-0.001423732261173427,0.1574736386537552,0.539546549320221,0.008183418773114681,0.0,0.0,0.0,0.0,0.0,0.0,0.0,0.0,0.0,0.0,0.0,0.0,0.0,0.0,0.0,0.0,0.0,0.0,0.0,0.0,0.0,0.0,0.0,0.0,0.0,0.0,0.0,0.0,0.0,0.0,0.0,0.0,0.0,0.0,0.0,0.0,0.0,0.0,0.0,0.0,0.0,0.0,0.0,0.0,0.0,0.0,0.0,0.0,0.0,0.0,0.0,0.0,0.0,0.0,0.0,0.0,0.0,0.0,0.0,0.0,0.0,0.0,0.0,あ
0.1764807403087616,0.6486034393310547,-2.7132523428008426e-07,0.2213190793991089,0.6255533695220947,-0.013276638463139534,0.2538212835788727,0.5590001940727234,-0.01444768812507391,0.274299293756485,0.5084879398345947,-0.015899905934929848,0.2990783154964447,0.48789939284324646,-0.014269459992647171,0.23491469025611877,0.5139824748039246,0.0033939380664378405,0.24310597777366638,0.478252649307251,-0.013206479139626026,0.23098647594451904,0.5186160802841187,-0.0196653101593256,0.22355514764785767,0.5408179759979248,-0.020564187318086624,0.2060905545949936,0.5084689855575562,0.004597316030412912,0.2115844041109085,0.47877606749534607,-0.014837748371064663,0.20391452312469482,0.5358902215957642,-0.015777867287397385,0.2004345953464508,0.5574886202812195,-0.009805494919419289,0.178003191947937,0.5108404159545898,0.0017318029422312975,0.18147796392440796,0.48714372515678406,-0.018277402967214584,0.18072643876075745,0.5409020185470581,-0.010537423193454742,0.18002663552761078,0.5614772439002991,0.001561781158670783,0.14982746541500092,0.5160162448883057,-0.002209213562309742,0.15399986505508423,0.49627652764320374,-0.01100264023989439,0.1575961858034134,0.5300102233886719,-0.002874893369153142,0.15870985388755798,0.5430411696434021,0.006994238123297691,0.0,0.0,0.0,0.0,0.0,0.0,0.0,0.0,0.0,0.0,0.0,0.0,0.0,0.0,0.0,0.0,0.0,0.0,0.0,0.0,0.0,0.0,0.0,0.0,0.0,0.0,0.0,0.0,0.0,0.0,0.0,0.0,0.0,0.0,0.0,0.0,0.0,0.0,0.0,0.0,0.0,0.0,0.0,0.0,0.0,0.0,0.0,0.0,0.0,0.0,0.0,0.0,0.0,0.0,0.0,0.0,0.0,0.0,0.0,0.0,0.0,0.0,0.0,あ
0.17669185996055603,0.653100848197937,-2.8702689292003924e-07,0.22169744968414307,0.626082181930542,-0.011504283174872398,0.25354617834091187,0.5591810345649719,-0.012218501418828964,0.27514010667800903,0.5088568925857544,-0.013971246778964996,0.30099791288375854,0.488988995552063,-0.012533900327980518,0.23601670563220978,0.5185438394546509,0.00574695086106658,0.24458938837051392,0.47720450162887573,-0.01047568954527378,0.23207047581672668,0.5181600451469421,-0.01663731224834919,0.22459228336811066,0.542214572429657,-0.017207229509949684,0.20708045363426208,0.5138776898384094,0.00585210369899869,0.21242749691009521,0.477886438369751,-0.013735853135585785,0.20519022643566132,0.5355491638183594,-0.015223662368953228,0.20158909261226654,0.5596024990081787,-0.009455706924200058,0.1788247525691986,0.5167927742004395,0.002042406937107444,0.182082861661911,0.4871141314506531,-0.01828083023428917,0.1823040395975113,0.5415754914283752,-0.010914335958659649,0.18126831948757172,0.5659429430961609,0.001351267215795815,0.1505371332168579,0.5218054056167603,-0.0027094839606434107,0.15397819876670837,0.4923967123031616,-0.011936205439269543,0.15937846899032593,0.5245842337608337,-0.00373674719594419,0.16130684316158295,0.5421472191810608,0.006509743630886078,0.0,0.0,0.0,0.0,0.0,0.0,0.0,0.0,0.0,0.0,0.0,0.0,0.0,0.0,0.0,0.0,0.0,0.0,0.0,0.0,0.0,0.0,0.0,0.0,0.0,0.0,0.0,0.0,0.0,0.0,0.0,0.0,0.0,0.0,0.0,0.0,0.0,0.0,0.0,0.0,0.0,0.0,0.0,0.0,0.0,0.0,0.0,0.0,0.0,0.0,0.0,0.0,0.0,0.0,0.0,0.0,0.0,0.0,0.0,0.0,0.0,0.0,0.0,あ
0.17591343820095062,0.6539374589920044,-2.8031138299411396e-07,0.2209971696138382,0.6273672580718994,-0.012454922311007977,0.253621369600296,0.5584577918052673,-0.013355813920497894,0.2752450108528137,0.50738126039505,-0.015034204348921776,0.3022576570510864,0.48877978324890137,-0.013343656435608864,0.23396027088165283,0.5160932540893555,0.005219134036451578,0.24269001185894012,0.47661930322647095,-0.011089661158621311,0.23109866678714752,0.5192877054214478,-0.017235834151506424,0.22316387295722961,0.5427075028419495,-0.017782269045710564,0.20506563782691956,0.511142373085022,0.005885957274585962,0.2118287831544876,0.47725915908813477,-0.012996023520827293,0.2046738713979721,0.535290002822876,-0.014131304807960987,0.19958114624023438,0.5576555728912354,-0.008296406827867031,0.1770315170288086,0.5143982172012329,0.0024989861994981766,0.1811324506998062,0.4869191348552704,-0.016675597056746483,0.1815352737903595,0.5397327542304993,-0.00936124287545681,0.17938734591007233,0.5616655945777893,0.0024747669231146574,0.1492154896259308,0.5194318890571594,-0.0019629322923719883,0.1526116579771042,0.4927462637424469,-0.009905828163027763,0.15889984369277954,0.5235024094581604,-0.0017462617252022028,0.1604313850402832,0.5388684868812561,0.008199651725590229,0.0,0.0,0.0,0.0,0.0,0.0,0.0,0.0,0.0,0.0,0.0,0.0,0.0,0.0,0.0,0.0,0.0,0.0,0.0,0.0,0.0,0.0,0.0,0.0,0.0,0.0,0.0,0.0,0.0,0.0,0.0,0.0,0.0,0.0,0.0,0.0,0.0,0.0,0.0,0.0,0.0,0.0,0.0,0.0,0.0,0.0,0.0,0.0,0.0,0.0,0.0,0.0,0.0,0.0,0.0,0.0,0.0,0.0,0.0,0.0,0.0,0.0,0.0,あ
0.17463314533233643,0.6568799018859863,-2.8429803933249786e-07,0.219110369682312,0.6274811029434204,-0.011934648267924786,0.25183698534965515,0.5599974393844604,-0.013437327928841114,0.2743242681026459,0.5081901550292969,-0.01602095551788807,0.30200254917144775,0.4877948462963104,-0.01555229164659977,0.23367686569690704,0.5186809301376343,0.004313320852816105,0.24018149077892303,0.47647517919540405,-0.012442375533282757,0.2287462055683136,0.5165424942970276,-0.01904107816517353,0.22247812151908875,0.5420882701873779,-0.019832273945212364,0.20478670299053192,0.5145419239997864,0.004318316467106342,0.2097259908914566,0.47836965322494507,-0.015007123351097107,0.20239248871803284,0.5354023575782776,-0.016449840739369392,0.19851569831371307,0.5599968433380127,-0.010884362272918224,0.17656132578849792,0.517734169960022,0.00036436214577406645,0.17910605669021606,0.48725879192352295,-0.01934046298265457,0.1791936457157135,0.5396466851234436,-0.012316147796809673,0.17805399000644684,0.5635778903961182,-0.000587941613048315,0.14844520390033722,0.5227615833282471,-0.004644154105335474,0.14969797432422638,0.4906705617904663,-0.013408335857093334,0.1560182422399521,0.5208375453948975,-0.005557029973715544,0.1589404046535492,0.5390249490737915,0.00432679383084178,0.0,0.0,0.0,0.0,0.0,0.0,0.0,0.0,0.0,0.0,0.0,0.0,0.0,0.0,0.0,0.0,0.0,0.0,0.0,0.0,0.0,0.0,0.0,0.0,0.0,0.0,0.0,0.0,0.0,0.0,0.0,0.0,0.0,0.0,0.0,0.0,0.0,0.0,0.0,0.0,0.0,0.0,0.0,0.0,0.0,0.0,0.0,0.0,0.0,0.0,0.0,0.0,0.0,0.0,0.0,0.0,0.0,0.0,0.0,0.0,0.0,0.0,0.0,あ
0.17322196066379547,0.6553783416748047,-2.982513080951321e-07,0.2174157351255417,0.6287656426429749,-0.013129069469869137,0.2511703073978424,0.560163140296936,-0.01466740295290947,0.2737618684768677,0.5083150863647461,-0.01680246740579605,0.30109861493110657,0.4892030358314514,-0.015485484153032303,0.2336544394493103,0.5181282758712769,0.002725468249991536,0.24021698534488678,0.4750487506389618,-0.01471088919788599,0.22749020159244537,0.5179246664047241,-0.02075156755745411,0.2214980125427246,0.5427772402763367,-0.021001847460865974,0.20448347926139832,0.5136823654174805,0.0034331579227000475,0.20904886722564697,0.47691774368286133,-0.017017999663949013,0.20157025754451752,0.5354136824607849,-0.01770476996898651,0.19881470501422882,0.5587891340255737,-0.01120313722640276,0.17632915079593658,0.5165262818336487,3.279731026850641e-05,0.17799735069274902,0.4866538643836975,-0.02080143615603447,0.1782585233449936,0.5405797362327576,-0.013055630959570408,0.17818650603294373,0.5632990002632141,-0.0005037575610913336,0.14849449694156647,0.5213090181350708,-0.004468628671020269,0.15005382895469666,0.49147891998291016,-0.013959650881588459,0.1559215635061264,0.5243384838104248,-0.005912334192544222,0.15903271734714508,0.5420567989349365,0.00431083794683218,0.0,0.0,0.0,0.0,0.0,0.0,0.0,0.0,0.0,0.0,0.0,0.0,0.0,0.0,0.0,0.0,0.0,0.0,0.0,0.0,0.0,0.0,0.0,0.0,0.0,0.0,0.0,0.0,0.0,0.0,0.0,0.0,0.0,0.0,0.0,0.0,0.0,0.0,0.0,0.0,0.0,0.0,0.0,0.0,0.0,0.0,0.0,0.0,0.0,0.0,0.0,0.0,0.0,0.0,0.0,0.0,0.0,0.0,0.0,0.0,0.0,0.0,0.0,あ
0.17369750142097473,0.6561650633811951,-2.8813798280680203e-07,0.2184155434370041,0.6273079514503479,-0.012746372260153294,0.2513020932674408,0.5594295263290405,-0.014451097697019577,0.273950457572937,0.5083041191101074,-0.017062807455658913,0.3013309836387634,0.48813924193382263,-0.016495654359459877,0.23365196585655212,0.5192441940307617,0.003390322672203183,0.24063877761363983,0.476030170917511,-0.01405163574963808,0.22807009518146515,0.5167154669761658,-0.02074519172310829,0.2218990921974182,0.542172372341156,-0.021446391940116882,0.2047618329524994,0.5146483778953552,0.0037682983092963696,0.20929256081581116,0.47740310430526733,-0.016458002850413322,0.2011442333459854,0.5342309474945068,-0.017924364656209946,0.19795840978622437,0.5593640208244324,-0.012137774378061295,0.17663541436195374,0.5173632502555847,7.049609121168032e-05,0.1786268949508667,0.4867551922798157,-0.02038463018834591,0.1780310869216919,0.5393415093421936,-0.013321012258529663,0.1775381863117218,0.5640466213226318,-0.00131936464458704,0.14875254034996033,0.5222323536872864,-0.004747598897665739,0.14980779588222504,0.4912951588630676,-0.014045653864741325,0.15538890659809113,0.5223625302314758,-0.006346837151795626,0.1585199534893036,0.5411465167999268,0.0035658678971230984,0.0,0.0,0.0,0.0,0.0,0.0,0.0,0.0,0.0,0.0,0.0,0.0,0.0,0.0,0.0,0.0,0.0,0.0,0.0,0.0,0.0,0.0,0.0,0.0,0.0,0.0,0.0,0.0,0.0,0.0,0.0,0.0,0.0,0.0,0.0,0.0,0.0,0.0,0.0,0.0,0.0,0.0,0.0,0.0,0.0,0.0,0.0,0.0,0.0,0.0,0.0,0.0,0.0,0.0,0.0,0.0,0.0,0.0,0.0,0.0,0.0,0.0,0.0,あ
0.17512305080890656,0.6571402549743652,-2.8911662752761913e-07,0.21940821409225464,0.6282721757888794,-0.012241274118423462,0.2516947388648987,0.5605176687240601,-0.01389311719685793,0.274049311876297,0.5105701684951782,-0.01674092933535576,0.30032825469970703,0.4903750419616699,-0.01650962606072426,0.23458132147789001,0.5180294513702393,0.004289877600967884,0.24309948086738586,0.4758451282978058,-0.013979466632008553,0.2305012345314026,0.5158457159996033,-0.021604333072900772,0.2228035181760788,0.5421403646469116,-0.02264077216386795,0.20577336847782135,0.5130723118782043,0.004380043596029282,0.2114313691854477,0.4779515266418457,-0.016672054305672646,0.2028975784778595,0.5351346731185913,-0.018892431631684303,0.19855037331581116,0.5609472393989563,-0.013205928727984428,0.17787256836891174,0.5154358148574829,0.0003936691500712186,0.18049299716949463,0.487815260887146,-0.02029063180088997,0.17979837954044342,0.5407573580741882,-0.013494453392922878,0.178792342543602,0.5655077695846558,-0.001425485243089497,0.14989084005355835,0.5201018452644348,-0.004696996882557869,0.15181705355644226,0.4913792014122009,-0.013825028203427792,0.15741826593875885,0.5238893032073975,-0.005756758619099855,0.1603190302848816,0.5428385138511658,0.004604601766914129,0.0,0.0,0.0,0.0,0.0,0.0,0.0,0.0,0.0,0.0,0.0,0.0,0.0,0.0,0.0,0.0,0.0,0.0,0.0,0.0,0.0,0.0,0.0,0.0,0.0,0.0,0.0,0.0,0.0,0.0,0.0,0.0,0.0,0.0,0.0,0.0,0.0,0.0,0.0,0.0,0.0,0.0,0.0,0.0,0.0,0.0,0.0,0.0,0.0,0.0,0.0,0.0,0.0,0.0,0.0,0.0,0.0,0.0,0.0,0.0,0.0,0.0,0.0,あ
0.1775454878807068,0.6526517868041992,-2.889465520183876e-07,0.22161993384361267,0.6278693675994873,-0.013058998622000217,0.25446009635925293,0.5611246824264526,-0.01416754350066185,0.2749318778514862,0.5104435682296753,-0.015626905485987663,0.2984197437763214,0.48852401971817017,-0.013640278950333595,0.23647597432136536,0.5163983702659607,0.0031913144048303366,0.24285100400447845,0.477456659078598,-0.013789084739983082,0.23118682205677032,0.5197290182113647,-0.01972881145775318,0.22531390190124512,0.5428491234779358,-0.019976980984210968,0.20745490491390228,0.5115490555763245,0.004097613040357828,0.211922749876976,0.478603333234787,-0.01626358926296234,0.204839825630188,0.5376373529434204,-0.016882965341210365,0.20199160277843475,0.5599076151847839,-0.01018629688769579,0.179360032081604,0.5137901306152344,0.000956421485170722,0.18158407509326935,0.48776862025260925,-0.01994992233812809,0.18115006387233734,0.541991651058197,-0.01196268666535616,0.1805594563484192,0.5623733401298523,0.0007995799533091486,0.15133994817733765,0.5181339979171753,-0.0032012597657740116,0.1543939709663391,0.49363505840301514,-0.012601563706994057,0.15818345546722412,0.5281002521514893,-0.004051738418638706,0.15908929705619812,0.5432448983192444,0.006581992842257023,0.0,0.0,0.0,0.0,0.0,0.0,0.0,0.0,0.0,0.0,0.0,0.0,0.0,0.0,0.0,0.0,0.0,0.0,0.0,0.0,0.0,0.0,0.0,0.0,0.0,0.0,0.0,0.0,0.0,0.0,0.0,0.0,0.0,0.0,0.0,0.0,0.0,0.0,0.0,0.0,0.0,0.0,0.0,0.0,0.0,0.0,0.0,0.0,0.0,0.0,0.0,0.0,0.0,0.0,0.0,0.0,0.0,0.0,0.0,0.0,0.0,0.0,0.0,あ
0.1780545860528946,0.6513900756835938,-2.771789979760797e-07,0.22200161218643188,0.626174807548523,-0.012392339296638966,0.2545371949672699,0.5606287717819214,-0.013848158530890942,0.2762165665626526,0.5104936957359314,-0.016008200123906136,0.3027067482471466,0.4903819262981415,-0.015055092051625252,0.2374124377965927,0.5173126459121704,0.0041948906145989895,0.2461138814687729,0.4785720109939575,-0.012537488713860512,0.2341841608285904,0.51777583360672,-0.01897979900240898,0.22691532969474792,0.5401515960693359,-0.019855473190546036,0.20894871652126312,0.5125728845596313,0.004510947503149509,0.21444737911224365,0.47949254512786865,-0.01583111844956875,0.20670218765735626,0.5370532274246216,-0.017500657588243484,0.20305638015270233,0.5592877864837646,-0.011690674349665642,0.18086384236812592,0.5150480270385742,0.0009070099331438541,0.18374882638454437,0.48930057883262634,-0.020360741764307022,0.18313702940940857,0.5432953238487244,-0.013102240860462189,0.18239077925682068,0.5642380714416504,-0.0007787991780787706,0.15251296758651733,0.5198482275009155,-0.0035971379838883877,0.1569664478302002,0.4948793649673462,-0.01342165470123291,0.1609777808189392,0.529762864112854,-0.004960463847965002,0.16206271946430206,0.5459741950035095,0.00559387169778347,0.0,0.0,0.0,0.0,0.0,0.0,0.0,0.0,0.0,0.0,0.0,0.0,0.0,0.0,0.0,0.0,0.0,0.0,0.0,0.0,0.0,0.0,0.0,0.0,0.0,0.0,0.0,0.0,0.0,0.0,0.0,0.0,0.0,0.0,0.0,0.0,0.0,0.0,0.0,0.0,0.0,0.0,0.0,0.0,0.0,0.0,0.0,0.0,0.0,0.0,0.0,0.0,0.0,0.0,0.0,0.0,0.0,0.0,0.0,0.0,0.0,0.0,0.0,あ
0.17888325452804565,0.655098557472229,-2.8811845709242334e-07,0.22308076918125153,0.629917562007904,-0.012028122320771217,0.25573697686195374,0.562578022480011,-0.013081704266369343,0.2766956388950348,0.511811375617981,-0.014895598404109478,0.3024841248989105,0.4924459457397461,-0.013837134465575218,0.2379027158021927,0.519822895526886,0.003861228469759226,0.24635814130306244,0.47858622670173645,-0.01283380575478077,0.23504893481731415,0.517800509929657,-0.019392574205994606,0.22819308936595917,0.5411718487739563,-0.020420324057340622,0.20934300124645233,0.515040934085846,0.004005203954875469,0.2155625969171524,0.48022013902664185,-0.015977874398231506,0.20806068181991577,0.5377775430679321,-0.017483897507190704,0.2037624716758728,0.5614510774612427,-0.011816423386335373,0.18119581043720245,0.5173816084861755,0.00027817487716674805,0.1848965436220169,0.48726898431777954,-0.02057471126317978,0.1846248209476471,0.5418756008148193,-0.013242538087069988,0.1829805076122284,0.565253734588623,-0.0011723923962563276,0.15254376828670502,0.5224734544754028,-0.004369655158370733,0.15679636597633362,0.49486905336380005,-0.014853227883577347,0.16242343187332153,0.5301621556282043,-0.007013589609414339,0.1640123426914215,0.5483254194259644,0.003077427390962839,0.0,0.0,0.0,0.0,0.0,0.0,0.0,0.0,0.0,0.0,0.0,0.0,0.0,0.0,0.0,0.0,0.0,0.0,0.0,0.0,0.0,0.0,0.0,0.0,0.0,0.0,0.0,0.0,0.0,0.0,0.0,0.0,0.0,0.0,0.0,0.0,0.0,0.0,0.0,0.0,0.0,0.0,0.0,0.0,0.0,0.0,0.0,0.0,0.0,0.0,0.0,0.0,0.0,0.0,0.0,0.0,0.0,0.0,0.0,0.0,0.0,0.0,0.0,あ
0.1781204640865326,0.6547057628631592,-3.032057520613307e-07,0.22112269699573517,0.6315693855285645,-0.012402181513607502,0.25504425168037415,0.5636654496192932,-0.0134977912530303,0.27707284688949585,0.5127472281455994,-0.01521382201462984,0.30261221528053284,0.493298202753067,-0.013749554753303528,0.23833464086055756,0.5191342830657959,0.0030394340865314007,0.24612081050872803,0.4784155786037445,-0.0140463812276721,0.2334648221731186,0.5189462900161743,-0.02032524161040783,0.22677165269851685,0.5436264872550964,-0.02091364935040474,0.20979678630828857,0.5146026015281677,0.003396042622625828,0.21485106647014618,0.47963187098503113,-0.017010672017931938,0.20681798458099365,0.5379707217216492,-0.017819399014115334,0.20364607870578766,0.5620474815368652,-0.011466994881629944,0.18195956945419312,0.5169325470924377,-0.00023689722002018243,0.1849750280380249,0.48790815472602844,-0.021469779312610626,0.18410643935203552,0.5430836081504822,-0.013639845885336399,0.18305689096450806,0.566706120967865,-0.001083356561139226,0.15387293696403503,0.5214225649833679,-0.004853691905736923,0.15743236243724823,0.4942319095134735,-0.01534824725240469,0.1619153916835785,0.5297847986221313,-0.007402961142361164,0.16355842351913452,0.5479921102523804,0.0028003528714179993,0.0,0.0,0.0,0.0,0.0,0.0,0.0,0.0,0.0,0.0,0.0,0.0,0.0,0.0,0.0,0.0,0.0,0.0,0.0,0.0,0.0,0.0,0.0,0.0,0.0,0.0,0.0,0.0,0.0,0.0,0.0,0.0,0.0,0.0,0.0,0.0,0.0,0.0,0.0,0.0,0.0,0.0,0.0,0.0,0.0,0.0,0.0,0.0,0.0,0.0,0.0,0.0,0.0,0.0,0.0,0.0,0.0,0.0,0.0,0.0,0.0,0.0,0.0,あ
0.17780974507331848,0.6538808941841125,-2.927491209447908e-07,0.2215692698955536,0.6289126873016357,-0.011436277069151402,0.25472190976142883,0.5629057288169861,-0.012452617287635803,0.27697932720184326,0.5128989219665527,-0.014292431995272636,0.30298101902008057,0.49353957176208496,-0.012981184758245945,0.23823796212673187,0.5201084613800049,0.0038322643376886845,0.24646183848381042,0.4785197079181671,-0.012472815811634064,0.23402903974056244,0.518557608127594,-0.01833348162472248,0.22717201709747314,0.5425398945808411,-0.018793608993291855,0.2096649706363678,0.5152513980865479,0.0038291725795716047,0.21462184190750122,0.4794763922691345,-0.015508702024817467,0.2068474292755127,0.5371738076210022,-0.016140244901180267,0.20335620641708374,0.5607470273971558,-0.00996361393481493,0.18154802918434143,0.5176701545715332,3.6644523788709193e-05,0.18457961082458496,0.4875277578830719,-0.019854290410876274,0.1837756186723709,0.5417201519012451,-0.011647947132587433,0.18243756890296936,0.5644756555557251,0.0008227213402278721,0.15325763821601868,0.5225539803504944,-0.0046885511837899685,0.156463623046875,0.49425530433654785,-0.013740156777203083,0.1611318141222,0.5280989408493042,-0.00510643282905221,0.1625269651412964,0.5452418923377991,0.0052994973957538605,0.0,0.0,0.0,0.0,0.0,0.0,0.0,0.0,0.0,0.0,0.0,0.0,0.0,0.0,0.0,0.0,0.0,0.0,0.0,0.0,0.0,0.0,0.0,0.0,0.0,0.0,0.0,0.0,0.0,0.0,0.0,0.0,0.0,0.0,0.0,0.0,0.0,0.0,0.0,0.0,0.0,0.0,0.0,0.0,0.0,0.0,0.0,0.0,0.0,0.0,0.0,0.0,0.0,0.0,0.0,0.0,0.0,0.0,0.0,0.0,0.0,0.0,0.0,あ
0.17758910357952118,0.6535652875900269,-2.97485030387179e-07,0.2225620597600937,0.6275768876075745,-0.010419725440442562,0.25555023550987244,0.5616412162780762,-0.010862176306545734,0.2769206762313843,0.5116568803787231,-0.012532880529761314,0.30277228355407715,0.4929089844226837,-0.011385248973965645,0.23776499927043915,0.5193020105361938,0.004085976164788008,0.24571208655834198,0.4786791205406189,-0.011860363185405731,0.23361092805862427,0.518986701965332,-0.017782267183065414,0.2264268845319748,0.5439186096191406,-0.018261488527059555,0.20912085473537445,0.5142379403114319,0.0036722098011523485,0.2143034189939499,0.47960522770881653,-0.01513739489018917,0.20646220445632935,0.5362857580184937,-0.016137313097715378,0.20204786956310272,0.5615718364715576,-0.010414276272058487,0.18113680183887482,0.5166977047920227,-0.0003897425776813179,0.18430063128471375,0.4874238967895508,-0.019543740898370743,0.18378262221813202,0.5404911637306213,-0.01248078141361475,0.1822381317615509,0.5655900239944458,-0.0009344734717160463,0.1529017686843872,0.521837055683136,-0.00533681595697999,0.154755637049675,0.49273762106895447,-0.014119923114776611,0.16101178526878357,0.5236988663673401,-0.006702587474137545,0.16406914591789246,0.541962742805481,0.0027505094185471535,0.0,0.0,0.0,0.0,0.0,0.0,0.0,0.0,0.0,0.0,0.0,0.0,0.0,0.0,0.0,0.0,0.0,0.0,0.0,0.0,0.0,0.0,0.0,0.0,0.0,0.0,0.0,0.0,0.0,0.0,0.0,0.0,0.0,0.0,0.0,0.0,0.0,0.0,0.0,0.0,0.0,0.0,0.0,0.0,0.0,0.0,0.0,0.0,0.0,0.0,0.0,0.0,0.0,0.0,0.0,0.0,0.0,0.0,0.0,0.0,0.0,0.0,0.0,あ
0.17670096457004547,0.6528407335281372,-2.8894004344692803e-07,0.22158342599868774,0.6276209950447083,-0.011764269322156906,0.25492581725120544,0.5626042485237122,-0.013090779073536396,0.27705278992652893,0.5126436352729797,-0.015240595676004887,0.3036588728427887,0.49340134859085083,-0.014511201530694962,0.23767313361167908,0.5194094777107239,0.002926741261035204,0.24537287652492523,0.47901976108551025,-0.013465041294693947,0.23280754685401917,0.5188789367675781,-0.019641729071736336,0.22621363401412964,0.5432755351066589,-0.020385339856147766,0.20945319533348083,0.5142595767974854,0.003038555383682251,0.21410812437534332,0.4794383943080902,-0.016103683039546013,0.2055950164794922,0.5359807014465332,-0.01699148304760456,0.20193514227867126,0.5604512095451355,-0.011219593696296215,0.18171770870685577,0.5162938237190247,-0.0006130351684987545,0.1842048019170761,0.48807141184806824,-0.020570669323205948,0.1829785704612732,0.5416058301925659,-0.013159100897610188,0.18199922144412994,0.5655633807182312,-0.0013068831758573651,0.1537495106458664,0.5210041403770447,-0.005211550276726484,0.1560753434896469,0.49385160207748413,-0.014744452200829983,0.16142615675926208,0.5276341438293457,-0.006936048623174429,0.16408394277095795,0.5460715889930725,0.0028784580063074827,0.0,0.0,0.0,0.0,0.0,0.0,0.0,0.0,0.0,0.0,0.0,0.0,0.0,0.0,0.0,0.0,0.0,0.0,0.0,0.0,0.0,0.0,0.0,0.0,0.0,0.0,0.0,0.0,0.0,0.0,0.0,0.0,0.0,0.0,0.0,0.0,0.0,0.0,0.0,0.0,0.0,0.0,0.0,0.0,0.0,0.0,0.0,0.0,0.0,0.0,0.0,0.0,0.0,0.0,0.0,0.0,0.0,0.0,0.0,0.0,0.0,0.0,0.0,あ
0.17672978341579437,0.6535547971725464,-2.838903299107187e-07,0.22172389924526215,0.6270031929016113,-0.011609385721385479,0.25483500957489014,0.5624387264251709,-0.012784692458808422,0.27681809663772583,0.5133134126663208,-0.015052287839353085,0.3027077615261078,0.49316003918647766,-0.014514068141579628,0.2372797429561615,0.5190367698669434,0.00458221510052681,0.24570894241333008,0.478630393743515,-0.012083261273801327,0.233219712972641,0.5181441307067871,-0.01886770687997341,0.2257690727710724,0.5437678694725037,-0.019654473289847374,0.20907166600227356,0.5135757327079773,0.004722236189991236,0.21426063776016235,0.4793838560581207,-0.014628601260483265,0.2056308388710022,0.5355422496795654,-0.016480863094329834,0.20120368897914886,0.561286211013794,-0.011030458845198154,0.18140864372253418,0.515570878982544,0.0010044880909845233,0.18430571258068085,0.48775050044059753,-0.01899430714547634,0.18287257850170135,0.5407961010932922,-0.012659603729844093,0.18136659264564514,0.5662487149238586,-0.0011438548099249601,0.15360385179519653,0.5205254554748535,-0.0036454573273658752,0.15552720427513123,0.49169522523880005,-0.013171306811273098,0.16085626184940338,0.5239534974098206,-0.005899555049836636,0.16367396712303162,0.5433473587036133,0.0038440870121121407,0.0,0.0,0.0,0.0,0.0,0.0,0.0,0.0,0.0,0.0,0.0,0.0,0.0,0.0,0.0,0.0,0.0,0.0,0.0,0.0,0.0,0.0,0.0,0.0,0.0,0.0,0.0,0.0,0.0,0.0,0.0,0.0,0.0,0.0,0.0,0.0,0.0,0.0,0.0,0.0,0.0,0.0,0.0,0.0,0.0,0.0,0.0,0.0,0.0,0.0,0.0,0.0,0.0,0.0,0.0,0.0,0.0,0.0,0.0,0.0,0.0,0.0,0.0,あ
0.1777406632900238,0.6524438261985779,-2.8885509095744055e-07,0.2222735434770584,0.6266167759895325,-0.011269330978393555,0.25543341040611267,0.5605854988098145,-0.012455473653972149,0.27809950709342957,0.5115319490432739,-0.014801237732172012,0.3047412633895874,0.49278461933135986,-0.014591231942176819,0.23836877942085266,0.5194888710975647,0.0026824662927538157,0.24607816338539124,0.4777379333972931,-0.014109592884778976,0.23371560871601105,0.5163694024085999,-0.0208241306245327,0.22679567337036133,0.5429301857948303,-0.02163877710700035,0.20967863500118256,0.5145022869110107,0.00258821714669466,0.21435116231441498,0.4788912534713745,-0.017139019444584846,0.20587897300720215,0.5347416996955872,-0.018805161118507385,0.20181028544902802,0.5623441338539124,-0.013340236619114876,0.1816379427909851,0.516631543636322,-0.001180998282507062,0.18460223078727722,0.48658108711242676,-0.0210214015096426,0.1833122968673706,0.5398880839347839,-0.014212903566658497,0.18207785487174988,0.5672916173934937,-0.002596665173768997,0.1533869206905365,0.5215709805488586,-0.005917295813560486,0.1556241512298584,0.4920461177825928,-0.01552608236670494,0.16107046604156494,0.5242490768432617,-0.008323932066559792,0.16404855251312256,0.5443474054336548,0.0011833668686449528,0.0,0.0,0.0,0.0,0.0,0.0,0.0,0.0,0.0,0.0,0.0,0.0,0.0,0.0,0.0,0.0,0.0,0.0,0.0,0.0,0.0,0.0,0.0,0.0,0.0,0.0,0.0,0.0,0.0,0.0,0.0,0.0,0.0,0.0,0.0,0.0,0.0,0.0,0.0,0.0,0.0,0.0,0.0,0.0,0.0,0.0,0.0,0.0,0.0,0.0,0.0,0.0,0.0,0.0,0.0,0.0,0.0,0.0,0.0,0.0,0.0,0.0,0.0,あ
0.1775018274784088,0.651481032371521,-2.895401394198416e-07,0.22221489250659943,0.6263217926025391,-0.010988413356244564,0.25535261631011963,0.560772180557251,-0.012055208906531334,0.2778668999671936,0.5120877623558044,-0.014178645797073841,0.30443382263183594,0.49395495653152466,-0.01382505428045988,0.23758290708065033,0.5189104080200195,0.003205980872735381,0.24642296135425568,0.4783676862716675,-0.012876281514763832,0.23370429873466492,0.5165804028511047,-0.01938340812921524,0.22597071528434753,0.5426861047744751,-0.02035190723836422,0.20938868820667267,0.513950526714325,0.0030712641309946775,0.21490484476089478,0.4786394238471985,-0.015895308926701546,0.20591630041599274,0.535073459148407,-0.017318319529294968,0.20125433802604675,0.5622901320457458,-0.011808211915194988,0.1816558837890625,0.5162945985794067,-0.0006463002064265311,0.184750497341156,0.4870087802410126,-0.019935227930545807,0.18306288123130798,0.5402001738548279,-0.012780002318322659,0.18128778040409088,0.5660539269447327,-0.0011253892444074154,0.15343259274959564,0.5217301845550537,-0.005252494476735592,0.15612035989761353,0.49354323744773865,-0.014400560408830643,0.161114901304245,0.5268347859382629,-0.006541921757161617,0.16329847276210785,0.5459165573120117,0.0032722107134759426,0.0,0.0,0.0,0.0,0.0,0.0,0.0,0.0,0.0,0.0,0.0,0.0,0.0,0.0,0.0,0.0,0.0,0.0,0.0,0.0,0.0,0.0,0.0,0.0,0.0,0.0,0.0,0.0,0.0,0.0,0.0,0.0,0.0,0.0,0.0,0.0,0.0,0.0,0.0,0.0,0.0,0.0,0.0,0.0,0.0,0.0,0.0,0.0,0.0,0.0,0.0,0.0,0.0,0.0,0.0,0.0,0.0,0.0,0.0,0.0,0.0,0.0,0.0,あ
0.17607349157333374,0.6496203541755676,-2.9251418709463906e-07,0.22171127796173096,0.6263919472694397,-0.01176938135176897,0.2561071515083313,0.5610520839691162,-0.012688121758401394,0.2785170078277588,0.5103593468666077,-0.014346116222441196,0.30519574880599976,0.4918641746044159,-0.013413546606898308,0.23831158876419067,0.5179963111877441,0.0022840346209704876,0.24540935456752777,0.4770478308200836,-0.014146248809993267,0.23270641267299652,0.5157999992370605,-0.020322605967521667,0.2265593260526657,0.5408089756965637,-0.020978108048439026,0.21009504795074463,0.513452410697937,0.002660693135112524,0.21440185606479645,0.4781579077243805,-0.016668139025568962,0.20570054650306702,0.5342704653739929,-0.017611712217330933,0.20223285257816315,0.5598830580711365,-0.011860151775181293,0.1824079304933548,0.5155285596847534,-0.0006763376877643168,0.18482226133346558,0.4859429895877838,-0.02081083133816719,0.18338753283023834,0.5397719740867615,-0.013454336673021317,0.1826537400484085,0.5650994777679443,-0.0016378910513594747,0.1539510190486908,0.5199061632156372,-0.004922934342175722,0.15654101967811584,0.49243786931037903,-0.015023583546280861,0.1614077389240265,0.5271323323249817,-0.0075430599972605705,0.1639637053012848,0.546413242816925,0.002090164925903082,0.0,0.0,0.0,0.0,0.0,0.0,0.0,0.0,0.0,0.0,0.0,0.0,0.0,0.0,0.0,0.0,0.0,0.0,0.0,0.0,0.0,0.0,0.0,0.0,0.0,0.0,0.0,0.0,0.0,0.0,0.0,0.0,0.0,0.0,0.0,0.0,0.0,0.0,0.0,0.0,0.0,0.0,0.0,0.0,0.0,0.0,0.0,0.0,0.0,0.0,0.0,0.0,0.0,0.0,0.0,0.0,0.0,0.0,0.0,0.0,0.0,0.0,0.0,あ
0.17595554888248444,0.6481614112854004,-2.7959850967818056e-07,0.22100190818309784,0.6252288818359375,-0.013264039531350136,0.25521212816238403,0.560546338558197,-0.014935413375496864,0.27833232283592224,0.5108620524406433,-0.017069220542907715,0.30498337745666504,0.49218979477882385,-0.01618358865380287,0.23707737028598785,0.5158052444458008,0.002179698785766959,0.24516545236110687,0.4767375588417053,-0.015259657986462116,0.23240090906620026,0.5179399847984314,-0.021886948496103287,0.2255128026008606,0.5419959425926208,-0.02257259003818035,0.20870067179203033,0.5107492208480835,0.0031643991824239492,0.21355406939983368,0.47719812393188477,-0.01696803793311119,0.20537398755550385,0.5346169471740723,-0.01799893006682396,0.20160463452339172,0.5586767792701721,-0.012004132382571697,0.18094177544116974,0.5129567980766296,0.0001456245663575828,0.18354018032550812,0.48580536246299744,-0.020914096385240555,0.18295042216777802,0.5405097007751465,-0.013516771607100964,0.1822311282157898,0.5645138025283813,-0.0012878297129645944,0.15279586613178253,0.5175417065620422,-0.003875359194353223,0.15543290972709656,0.492780476808548,-0.01421708706766367,0.16057731211185455,0.5279900431632996,-0.006560616660863161,0.1629740595817566,0.5460920333862305,0.0034314438235014677,0.0,0.0,0.0,0.0,0.0,0.0,0.0,0.0,0.0,0.0,0.0,0.0,0.0,0.0,0.0,0.0,0.0,0.0,0.0,0.0,0.0,0.0,0.0,0.0,0.0,0.0,0.0,0.0,0.0,0.0,0.0,0.0,0.0,0.0,0.0,0.0,0.0,0.0,0.0,0.0,0.0,0.0,0.0,0.0,0.0,0.0,0.0,0.0,0.0,0.0,0.0,0.0,0.0,0.0,0.0,0.0,0.0,0.0,0.0,0.0,0.0,0.0,0.0,あ
0.1769690066576004,0.6501150727272034,-2.912903767082753e-07,0.22227586805820465,0.6264986395835876,-0.011727049015462399,0.2553110122680664,0.5623693466186523,-0.012805769219994545,0.2767099142074585,0.5121195316314697,-0.01486924383789301,0.3031430244445801,0.49369457364082336,-0.014359809458255768,0.23665538430213928,0.5184853076934814,0.0034654992632567883,0.24569976329803467,0.4782310426235199,-0.01357273943722248,0.23334597051143646,0.5172006487846375,-0.020465288311243057,0.22571095824241638,0.5438503623008728,-0.021348770707845688,0.20860418677330017,0.5139790773391724,0.0037838267162442207,0.21446622908115387,0.47857484221458435,-0.016171319410204887,0.20584256947040558,0.5352369546890259,-0.017803868278861046,0.20132356882095337,0.5629748702049255,-0.012119359336793423,0.18107633292675018,0.5164865851402283,0.0002926845627371222,0.18480829894542694,0.487468421459198,-0.0201939158141613,0.1834607571363449,0.5411466956138611,-0.013207544572651386,0.18177464604377747,0.567785382270813,-0.0012065183836966753,0.15286804735660553,0.5219062566757202,-0.004121818114072084,0.15624427795410156,0.4933924078941345,-0.014108636416494846,0.16146504878997803,0.5266431570053101,-0.006634816061705351,0.16388872265815735,0.5461010336875916,0.003181375563144684,0.0,0.0,0.0,0.0,0.0,0.0,0.0,0.0,0.0,0.0,0.0,0.0,0.0,0.0,0.0,0.0,0.0,0.0,0.0,0.0,0.0,0.0,0.0,0.0,0.0,0.0,0.0,0.0,0.0,0.0,0.0,0.0,0.0,0.0,0.0,0.0,0.0,0.0,0.0,0.0,0.0,0.0,0.0,0.0,0.0,0.0,0.0,0.0,0.0,0.0,0.0,0.0,0.0,0.0,0.0,0.0,0.0,0.0,0.0,0.0,0.0,0.0,0.0,あ
0.17602138221263885,0.6490183472633362,-2.9280801072673057e-07,0.22165042161941528,0.6252117156982422,-0.01242531556636095,0.2556430995464325,0.5601622462272644,-0.013360325247049332,0.27733922004699707,0.5106656551361084,-0.015114431269466877,0.3023708164691925,0.49171361327171326,-0.014085987582802773,0.2372218370437622,0.5171010494232178,0.0034107815008610487,0.2453598529100418,0.47700923681259155,-0.013726813718676567,0.23254525661468506,0.5168555974960327,-0.020333092659711838,0.22537167370319366,0.5419369339942932,-0.020985227078199387,0.20892275869846344,0.5121985673904419,0.003933917265385389,0.21376945078372955,0.4772564172744751,-0.016648460179567337,0.2053351104259491,0.5344043970108032,-0.018303021788597107,0.20136918127536774,0.5604777336120605,-0.012368746101856232,0.18139566481113434,0.5144851803779602,0.0005122462753206491,0.18419639766216278,0.4861559569835663,-0.020932218059897423,0.183121457695961,0.5412662625312805,-0.014152467250823975,0.18187028169631958,0.5674629211425781,-0.0019262469140812755,0.15346768498420715,0.5194418430328369,-0.003865262493491173,0.15582305192947388,0.4916159510612488,-0.014658468775451183,0.16092658042907715,0.5260650515556335,-0.007479661609977484,0.16370345652103424,0.5456401109695435,0.002390789333730936,0.0,0.0,0.0,0.0,0.0,0.0,0.0,0.0,0.0,0.0,0.0,0.0,0.0,0.0,0.0,0.0,0.0,0.0,0.0,0.0,0.0,0.0,0.0,0.0,0.0,0.0,0.0,0.0,0.0,0.0,0.0,0.0,0.0,0.0,0.0,0.0,0.0,0.0,0.0,0.0,0.0,0.0,0.0,0.0,0.0,0.0,0.0,0.0,0.0,0.0,0.0,0.0,0.0,0.0,0.0,0.0,0.0,0.0,0.0,0.0,0.0,0.0,0.0,あ
0.17496603727340698,0.6479368209838867,-3.0362213010448613e-07,0.22046029567718506,0.6252363920211792,-0.012212812900543213,0.2540974020957947,0.5604841113090515,-0.013330107554793358,0.2763235569000244,0.5101637840270996,-0.015327301807701588,0.3036945164203644,0.4928918182849884,-0.014588533900678158,0.23692572116851807,0.5187183618545532,0.002957257442176342,0.24559888243675232,0.47688016295433044,-0.01425154972821474,0.23155662417411804,0.5167433023452759,-0.02088618278503418,0.2236618995666504,0.5433402061462402,-0.02150377444922924,0.20841729640960693,0.5135849714279175,0.0035549115855246782,0.21344292163848877,0.477291464805603,-0.01719401590526104,0.20394819974899292,0.5339324474334717,-0.019087981432676315,0.19991950690746307,0.5613145232200623,-0.013310326263308525,0.18079929053783417,0.5156142711639404,0.0003002529847435653,0.18341635167598724,0.4861903488636017,-0.020854642614722252,0.181641086935997,0.5403871536254883,-0.014293650165200233,0.18076051771640778,0.5671906471252441,-0.002324780449271202,0.15305663645267487,0.5202081203460693,-0.003895924426615238,0.15405091643333435,0.4915310740470886,-0.01437037531286478,0.15906184911727905,0.5244911313056946,-0.007513895630836487,0.1626698523759842,0.5438416600227356,0.0019855904392898083,0.0,0.0,0.0,0.0,0.0,0.0,0.0,0.0,0.0,0.0,0.0,0.0,0.0,0.0,0.0,0.0,0.0,0.0,0.0,0.0,0.0,0.0,0.0,0.0,0.0,0.0,0.0,0.0,0.0,0.0,0.0,0.0,0.0,0.0,0.0,0.0,0.0,0.0,0.0,0.0,0.0,0.0,0.0,0.0,0.0,0.0,0.0,0.0,0.0,0.0,0.0,0.0,0.0,0.0,0.0,0.0,0.0,0.0,0.0,0.0,0.0,0.0,0.0,あ
0.17530092597007751,0.6526505947113037,-2.995268175709498e-07,0.22021174430847168,0.6272728443145752,-0.011785413138568401,0.25441399216651917,0.5617052912712097,-0.013089010491967201,0.27753135561943054,0.5116435289382935,-0.015356925316154957,0.3039877712726593,0.4927460849285126,-0.014788643456995487,0.23691126704216003,0.5203585028648376,0.002431717235594988,0.24526837468147278,0.4763779938220978,-0.014810826629400253,0.232192263007164,0.5163898468017578,-0.021258937194943428,0.22498111426830292,0.5428695678710938,-0.02165798470377922,0.20832061767578125,0.515806257724762,0.002559357089921832,0.21326790750026703,0.4775004982948303,-0.017548218369483948,0.20469698309898376,0.5346916913986206,-0.018777480348944664,0.20069271326065063,0.5616080164909363,-0.012764531187713146,0.18046726286411285,0.5179257988929749,-0.0011181409936398268,0.1830761879682541,0.4861641824245453,-0.021405866369605064,0.18189182877540588,0.5405425429344177,-0.014051634818315506,0.18058167397975922,0.5671536922454834,-0.00182752450928092,0.15254446864128113,0.5223636031150818,-0.005777732003480196,0.15448728203773499,0.4904748201370239,-0.015230375342071056,0.15962477028369904,0.523034393787384,-0.007376018911600113,0.16220621764659882,0.542968213558197,0.0026555624790489674,0.0,0.0,0.0,0.0,0.0,0.0,0.0,0.0,0.0,0.0,0.0,0.0,0.0,0.0,0.0,0.0,0.0,0.0,0.0,0.0,0.0,0.0,0.0,0.0,0.0,0.0,0.0,0.0,0.0,0.0,0.0,0.0,0.0,0.0,0.0,0.0,0.0,0.0,0.0,0.0,0.0,0.0,0.0,0.0,0.0,0.0,0.0,0.0,0.0,0.0,0.0,0.0,0.0,0.0,0.0,0.0,0.0,0.0,0.0,0.0,0.0,0.0,0.0,あ
0.17662595212459564,0.6496461629867554,-2.919256587574637e-07,0.22086574137210846,0.6262896060943604,-0.013242444023489952,0.25420892238616943,0.5617169737815857,-0.015406964346766472,0.2768906354904175,0.5104090571403503,-0.01814744994044304,0.3047841787338257,0.4921693205833435,-0.017796946689486504,0.2361818552017212,0.5177826285362244,0.0016002802876755595,0.2440863400697708,0.47683343291282654,-0.015943562611937523,0.23196978867053986,0.5180756449699402,-0.022400682792067528,0.22507885098457336,0.5431488156318665,-0.022922730073332787,0.20757903158664703,0.5129200220108032,0.0023872333113104105,0.21293304860591888,0.47672492265701294,-0.018155112862586975,0.20540525019168854,0.5346585512161255,-0.019220685586333275,0.2012767642736435,0.5600064396858215,-0.013092156499624252,0.17997434735298157,0.5150487422943115,-0.0007714887033216655,0.18329329788684845,0.4848601222038269,-0.022023402154445648,0.18297411501407623,0.5398783087730408,-0.014637096785008907,0.18153738975524902,0.5656580328941345,-0.002203760901466012,0.1524251401424408,0.5195388793945312,-0.004960276652127504,0.15460635721683502,0.4900318682193756,-0.015368698164820671,0.1606176495552063,0.5233402848243713,-0.007970710285007954,0.16342973709106445,0.5424749851226807,0.0019203037954866886,0.0,0.0,0.0,0.0,0.0,0.0,0.0,0.0,0.0,0.0,0.0,0.0,0.0,0.0,0.0,0.0,0.0,0.0,0.0,0.0,0.0,0.0,0.0,0.0,0.0,0.0,0.0,0.0,0.0,0.0,0.0,0.0,0.0,0.0,0.0,0.0,0.0,0.0,0.0,0.0,0.0,0.0,0.0,0.0,0.0,0.0,0.0,0.0,0.0,0.0,0.0,0.0,0.0,0.0,0.0,0.0,0.0,0.0,0.0,0.0,0.0,0.0,0.0,あ
0.17603160440921783,0.6467503309249878,-3.045717562599748e-07,0.22152380645275116,0.6241036653518677,-0.011744154617190361,0.2550291121006012,0.5607913136482239,-0.012997135519981384,0.2770966589450836,0.5102211236953735,-0.015244651585817337,0.30441367626190186,0.49192801117897034,-0.014814967289566994,0.23721328377723694,0.5176718235015869,0.003206097288057208,0.24630552530288696,0.4759323298931122,-0.01408129371702671,0.23304593563079834,0.5150582194328308,-0.02068846859037876,0.22505366802215576,0.5415694713592529,-0.021211616694927216,0.2089415341615677,0.5126339197158813,0.003524160711094737,0.21376436948776245,0.47661852836608887,-0.017017049714922905,0.20495615899562836,0.5334727168083191,-0.018556201830506325,0.20076730847358704,0.5606110692024231,-0.012579450383782387,0.18149247765541077,0.5143316388130188,7.244316748256097e-06,0.18410629034042358,0.48458507657051086,-0.021251453086733818,0.18230733275413513,0.5390618443489075,-0.014373413287103176,0.18073803186416626,0.5656266808509827,-0.002137567615136504,0.1538984775543213,0.5186923742294312,-0.004361208528280258,0.15601128339767456,0.4890390634536743,-0.014811810106039047,0.16053266823291779,0.5228520035743713,-0.007446595933288336,0.163021057844162,0.5426941514015198,0.00248228688724339,0.0,0.0,0.0,0.0,0.0,0.0,0.0,0.0,0.0,0.0,0.0,0.0,0.0,0.0,0.0,0.0,0.0,0.0,0.0,0.0,0.0,0.0,0.0,0.0,0.0,0.0,0.0,0.0,0.0,0.0,0.0,0.0,0.0,0.0,0.0,0.0,0.0,0.0,0.0,0.0,0.0,0.0,0.0,0.0,0.0,0.0,0.0,0.0,0.0,0.0,0.0,0.0,0.0,0.0,0.0,0.0,0.0,0.0,0.0,0.0,0.0,0.0,0.0,あ
0.1754775494337082,0.6504861116409302,-2.9238501042527787e-07,0.22183704376220703,0.62604820728302,-0.011921953409910202,0.2558101415634155,0.5629781484603882,-0.012713368982076645,0.2771340608596802,0.5112734436988831,-0.01425457838922739,0.30341362953186035,0.4920521378517151,-0.012584387324750423,0.2379055619239807,0.5199861526489258,0.0061880010180175304,0.2470102161169052,0.47795993089675903,-0.010563209652900696,0.23319107294082642,0.5188748240470886,-0.01702680066227913,0.22515282034873962,0.5444688200950623,-0.01756259985268116,0.20981267094612122,0.5143570899963379,0.006844045128673315,0.21527504920959473,0.4767321050167084,-0.013210106641054153,0.20599427819252014,0.5345585942268372,-0.014878948219120502,0.20213793218135834,0.5599614381790161,-0.0088700195774436,0.1823223978281021,0.5161185264587402,0.003514384850859642,0.1845598816871643,0.4866305887699127,-0.01740836724638939,0.18266376852989197,0.5410547256469727,-0.009949314408004284,0.18162232637405396,0.564674437046051,0.0027029807679355145,0.15429505705833435,0.5206676721572876,-0.0006949439994059503,0.15693125128746033,0.4922766089439392,-0.010388911701738834,0.16092607378959656,0.5271827578544617,-0.0020676017738878727,0.1629878282546997,0.544918954372406,0.00849521066993475,0.0,0.0,0.0,0.0,0.0,0.0,0.0,0.0,0.0,0.0,0.0,0.0,0.0,0.0,0.0,0.0,0.0,0.0,0.0,0.0,0.0,0.0,0.0,0.0,0.0,0.0,0.0,0.0,0.0,0.0,0.0,0.0,0.0,0.0,0.0,0.0,0.0,0.0,0.0,0.0,0.0,0.0,0.0,0.0,0.0,0.0,0.0,0.0,0.0,0.0,0.0,0.0,0.0,0.0,0.0,0.0,0.0,0.0,0.0,0.0,0.0,0.0,0.0,あ
0.17638036608695984,0.6513479351997375,-2.890924974963127e-07,0.22114384174346924,0.6276234984397888,-0.013615180738270283,0.25601306557655334,0.5633372664451599,-0.015274910256266594,0.27855202555656433,0.5123185515403748,-0.01741853915154934,0.30443477630615234,0.49127042293548584,-0.01631426438689232,0.23785677552223206,0.5185566544532776,0.003597717033699155,0.24548673629760742,0.4777126908302307,-0.014354792423546314,0.23260533809661865,0.5188323259353638,-0.021323824301362038,0.225460946559906,0.5440773367881775,-0.021941522136330605,0.20957915484905243,0.5134288668632507,0.004650138318538666,0.21505822241306305,0.47706854343414307,-0.01650114357471466,0.20655737817287445,0.5355282425880432,-0.018162323161959648,0.2023591250181198,0.5606575608253479,-0.0119452690705657,0.18195156753063202,0.5156140923500061,0.0015432614600285888,0.18444009125232697,0.48700010776519775,-0.020697304978966713,0.18315042555332184,0.5422326326370239,-0.013415430672466755,0.18157029151916504,0.5662640333175659,-0.0005390755250118673,0.15391992032527924,0.5199956297874451,-0.002550192177295685,0.15707668662071228,0.4923403561115265,-0.013399532996118069,0.16161756217479706,0.5277280807495117,-0.005381932482123375,0.1631196141242981,0.5460215210914612,0.005279956851154566,0.0,0.0,0.0,0.0,0.0,0.0,0.0,0.0,0.0,0.0,0.0,0.0,0.0,0.0,0.0,0.0,0.0,0.0,0.0,0.0,0.0,0.0,0.0,0.0,0.0,0.0,0.0,0.0,0.0,0.0,0.0,0.0,0.0,0.0,0.0,0.0,0.0,0.0,0.0,0.0,0.0,0.0,0.0,0.0,0.0,0.0,0.0,0.0,0.0,0.0,0.0,0.0,0.0,0.0,0.0,0.0,0.0,0.0,0.0,0.0,0.0,0.0,0.0,あ
0.1771533042192459,0.6488994359970093,-3.1349759410659317e-07,0.22125692665576935,0.6288926601409912,-0.01307993195950985,0.2563459873199463,0.5635711550712585,-0.014362160116434097,0.2781359851360321,0.5112829208374023,-0.015998484566807747,0.304556280374527,0.4917145371437073,-0.014480732381343842,0.2393648624420166,0.5191643238067627,0.0017168044578284025,0.24655447900295258,0.47780388593673706,-0.015479065477848053,0.2329704463481903,0.5179986953735352,-0.021479476243257523,0.22614850103855133,0.5437707901000977,-0.021758301183581352,0.21084259450435638,0.5140158534049988,0.002637340920045972,0.21558474004268646,0.4776846170425415,-0.01792573183774948,0.20609675347805023,0.5352575182914734,-0.018557168543338776,0.2025001347064972,0.5611582398414612,-0.012007215991616249,0.18332357704639435,0.5157653093338013,-0.000426772196078673,0.1856621354818344,0.48614126443862915,-0.02156021073460579,0.18353372812271118,0.5404732823371887,-0.01356874592602253,0.18256884813308716,0.5651419758796692,-0.0008660523453727365,0.15541794896125793,0.51969313621521,-0.004533121827989817,0.15752631425857544,0.4917927384376526,-0.014976630918681622,0.16162122786045074,0.5262117385864258,-0.007330910302698612,0.1642248034477234,0.5441440343856812,0.0026269254740327597,0.0,0.0,0.0,0.0,0.0,0.0,0.0,0.0,0.0,0.0,0.0,0.0,0.0,0.0,0.0,0.0,0.0,0.0,0.0,0.0,0.0,0.0,0.0,0.0,0.0,0.0,0.0,0.0,0.0,0.0,0.0,0.0,0.0,0.0,0.0,0.0,0.0,0.0,0.0,0.0,0.0,0.0,0.0,0.0,0.0,0.0,0.0,0.0,0.0,0.0,0.0,0.0,0.0,0.0,0.0,0.0,0.0,0.0,0.0,0.0,0.0,0.0,0.0,あ
0.1754525899887085,0.6481541991233826,-2.8294323328736937e-07,0.2215176224708557,0.6243339776992798,-0.011926677078008652,0.25559622049331665,0.5625209212303162,-0.012837403453886509,0.27827417850494385,0.513117790222168,-0.014629267156124115,0.304156631231308,0.4935895502567291,-0.013400685973465443,0.24009695649147034,0.5195205211639404,0.0056177908554673195,0.2486889362335205,0.47896653413772583,-0.011200660839676857,0.2342682182788849,0.5170376300811768,-0.017949368804693222,0.22640839219093323,0.5419903993606567,-0.01879776269197464,0.21229048073291779,0.5138372182846069,0.006106711458414793,0.21615704894065857,0.47902077436447144,-0.014025576412677765,0.20677675306797028,0.5340151786804199,-0.016034848988056183,0.20387054979801178,0.5583088397979736,-0.010558100417256355,0.18452852964401245,0.515438973903656,0.002594828838482499,0.18577885627746582,0.4877472221851349,-0.018128130584955215,0.1838957667350769,0.5403910279273987,-0.011216382496058941,0.1834912896156311,0.5634765028953552,0.0007643476128578186,0.1562335044145584,0.5197259783744812,-0.001878758193925023,0.15758661925792694,0.4927043318748474,-0.011491754092276096,0.1615588217973709,0.5258689522743225,-0.0037304942961782217,0.1643027365207672,0.5429496169090271,0.0062488773837685585,0.0,0.0,0.0,0.0,0.0,0.0,0.0,0.0,0.0,0.0,0.0,0.0,0.0,0.0,0.0,0.0,0.0,0.0,0.0,0.0,0.0,0.0,0.0,0.0,0.0,0.0,0.0,0.0,0.0,0.0,0.0,0.0,0.0,0.0,0.0,0.0,0.0,0.0,0.0,0.0,0.0,0.0,0.0,0.0,0.0,0.0,0.0,0.0,0.0,0.0,0.0,0.0,0.0,0.0,0.0,0.0,0.0,0.0,0.0,0.0,0.0,0.0,0.0,あ
0.1764073371887207,0.6511420011520386,-2.7107617484034563e-07,0.2221975326538086,0.6258137822151184,-0.012629108503460884,0.25658631324768066,0.5629310607910156,-0.014087892137467861,0.2799103856086731,0.5132983922958374,-0.01635619066655636,0.3062629699707031,0.49300435185432434,-0.015613585710525513,0.23882509768009186,0.518604040145874,0.0048078144900500774,0.24625544250011444,0.47934243083000183,-0.011816813610494137,0.2333821952342987,0.518794596195221,-0.018606476485729218,0.2265549898147583,0.5432920455932617,-0.019572241231799126,0.21089878678321838,0.5135420560836792,0.005403400398790836,0.2150188386440277,0.4795873165130615,-0.013932093977928162,0.20675258338451385,0.5352602601051331,-0.01566876471042633,0.20345015823841095,0.5592672824859619,-0.010339577682316303,0.18327130377292633,0.516047477722168,0.001943074632436037,0.185232013463974,0.4882972240447998,-0.018252825364470482,0.18435247242450714,0.5407739281654358,-0.01154736801981926,0.18376192450523376,0.5645365715026855,8.65734982653521e-05,0.1552969366312027,0.5212103128433228,-0.0025670730974525213,0.15637904405593872,0.49311399459838867,-0.01219042669981718,0.16184012591838837,0.5254687070846558,-0.004792190622538328,0.16516447067260742,0.5438221096992493,0.004933202639222145,0.0,0.0,0.0,0.0,0.0,0.0,0.0,0.0,0.0,0.0,0.0,0.0,0.0,0.0,0.0,0.0,0.0,0.0,0.0,0.0,0.0,0.0,0.0,0.0,0.0,0.0,0.0,0.0,0.0,0.0,0.0,0.0,0.0,0.0,0.0,0.0,0.0,0.0,0.0,0.0,0.0,0.0,0.0,0.0,0.0,0.0,0.0,0.0,0.0,0.0,0.0,0.0,0.0,0.0,0.0,0.0,0.0,0.0,0.0,0.0,0.0,0.0,0.0,あ
0.1764051914215088,0.6527335047721863,-2.7994735773972934e-07,0.22123023867607117,0.6286609172821045,-0.013746466487646103,0.2560141682624817,0.564007043838501,-0.015569187700748444,0.2794238328933716,0.5133802890777588,-0.017840545624494553,0.30610227584838867,0.4926770031452179,-0.016691764816641808,0.2398044764995575,0.5198885798454285,0.0037048542872071266,0.2481246292591095,0.4789155125617981,-0.013704225420951843,0.2344457358121872,0.5193672180175781,-0.02035234495997429,0.2271585315465927,0.5439267158508301,-0.021030759438872337,0.21194279193878174,0.5142281651496887,0.004754723981022835,0.2159896194934845,0.47905203700065613,-0.01538046170026064,0.20716844499111176,0.5359442234039307,-0.01667100191116333,0.20403547585010529,0.5592043995857239,-0.010710074566304684,0.18413078784942627,0.5160325765609741,0.001545809442177415,0.1855548471212387,0.48776283860206604,-0.01937177963554859,0.18416041135787964,0.5416845083236694,-0.011979233473539352,0.1834472268819809,0.5645738244056702,0.00033758010249584913,0.1561083346605301,0.5201582908630371,-0.0027992313262075186,0.15686573088169098,0.49307727813720703,-0.012694708071649075,0.1616525799036026,0.5267810821533203,-0.004913882818073034,0.16458097100257874,0.5442308783531189,0.005187682341784239,0.0,0.0,0.0,0.0,0.0,0.0,0.0,0.0,0.0,0.0,0.0,0.0,0.0,0.0,0.0,0.0,0.0,0.0,0.0,0.0,0.0,0.0,0.0,0.0,0.0,0.0,0.0,0.0,0.0,0.0,0.0,0.0,0.0,0.0,0.0,0.0,0.0,0.0,0.0,0.0,0.0,0.0,0.0,0.0,0.0,0.0,0.0,0.0,0.0,0.0,0.0,0.0,0.0,0.0,0.0,0.0,0.0,0.0,0.0,0.0,0.0,0.0,0.0,あ
0.1765311062335968,0.6477943658828735,-2.751677641299466e-07,0.22260022163391113,0.6242603659629822,-0.013551210053265095,0.257083535194397,0.5631695985794067,-0.015493858605623245,0.27993014454841614,0.5133016109466553,-0.01800423488020897,0.30602598190307617,0.49230971932411194,-0.01749628223478794,0.23936711251735687,0.5190721154212952,0.0029199577402323484,0.2463012933731079,0.47889721393585205,-0.01498379372060299,0.23347008228302002,0.5181593298912048,-0.021950870752334595,0.22688254714012146,0.542255699634552,-0.022876909002661705,0.21166996657848358,0.5140946507453918,0.0037559897173196077,0.21552537381649017,0.4787960350513458,-0.017352135851979256,0.2072121798992157,0.5353056788444519,-0.01903662458062172,0.204332634806633,0.5593302845954895,-0.013295130804181099,0.18413196504116058,0.5161688923835754,0.00042020692490041256,0.1860053837299347,0.48810333013534546,-0.021740760654211044,0.1846141666173935,0.5416399240493774,-0.014725057408213615,0.1842941790819168,0.5646687150001526,-0.0024024101439863443,0.15598097443580627,0.5207815766334534,-0.003948503639549017,0.15762510895729065,0.49378031492233276,-0.014891807921230793,0.162398099899292,0.5276239514350891,-0.00755591643974185,0.16531765460968018,0.5452815890312195,0.00231856107711792,0.0,0.0,0.0,0.0,0.0,0.0,0.0,0.0,0.0,0.0,0.0,0.0,0.0,0.0,0.0,0.0,0.0,0.0,0.0,0.0,0.0,0.0,0.0,0.0,0.0,0.0,0.0,0.0,0.0,0.0,0.0,0.0,0.0,0.0,0.0,0.0,0.0,0.0,0.0,0.0,0.0,0.0,0.0,0.0,0.0,0.0,0.0,0.0,0.0,0.0,0.0,0.0,0.0,0.0,0.0,0.0,0.0,0.0,0.0,0.0,0.0,0.0,0.0,あ
0.17664138972759247,0.6485236883163452,-2.725196850406064e-07,0.22283995151519775,0.6245927810668945,-0.013992758467793465,0.25765132904052734,0.5620176196098328,-0.015927456319332123,0.28061747550964355,0.5127296447753906,-0.01839456334710121,0.30662801861763,0.4919729232788086,-0.0177470613270998,0.2399713695049286,0.519108772277832,0.0030974389519542456,0.2479318082332611,0.4792371094226837,-0.014730958268046379,0.23402583599090576,0.5192322134971619,-0.021827567368745804,0.22673983871936798,0.5439283847808838,-0.022721225395798683,0.21210522949695587,0.5138132572174072,0.004224848933517933,0.21629850566387177,0.4786193370819092,-0.016425445675849915,0.2070193737745285,0.5344457030296326,-0.018233340233564377,0.20396293699741364,0.5589916706085205,-0.012601003982126713,0.1842850148677826,0.5157439112663269,0.0011006727581843734,0.18588308990001678,0.48785194754600525,-0.020601565018296242,0.18424230813980103,0.5415239930152893,-0.013795635662972927,0.18402978777885437,0.5663394927978516,-0.0016471805283799767,0.15602841973304749,0.5198906064033508,-0.0031421291641891003,0.15697318315505981,0.4926336109638214,-0.013910033740103245,0.16150400042533875,0.525913655757904,-0.006695593241602182,0.16466255486011505,0.5444237589836121,0.0031154670286923647,0.0,0.0,0.0,0.0,0.0,0.0,0.0,0.0,0.0,0.0,0.0,0.0,0.0,0.0,0.0,0.0,0.0,0.0,0.0,0.0,0.0,0.0,0.0,0.0,0.0,0.0,0.0,0.0,0.0,0.0,0.0,0.0,0.0,0.0,0.0,0.0,0.0,0.0,0.0,0.0,0.0,0.0,0.0,0.0,0.0,0.0,0.0,0.0,0.0,0.0,0.0,0.0,0.0,0.0,0.0,0.0,0.0,0.0,0.0,0.0,0.0,0.0,0.0,あ
0.17637819051742554,0.6525052785873413,-2.7218055720368284e-07,0.22179433703422546,0.6275489330291748,-0.014106613583862782,0.25680088996887207,0.5634917616844177,-0.016086777672171593,0.2801632285118103,0.5137719511985779,-0.018478887155652046,0.30561763048171997,0.49208879470825195,-0.01772746443748474,0.23969650268554688,0.519757866859436,0.003521245438605547,0.24740318953990936,0.4795038402080536,-0.014052706770598888,0.2335098534822464,0.5196971893310547,-0.021418511867523193,0.22599323093891144,0.544834315776825,-0.022541072219610214,0.21165241301059723,0.5142582654953003,0.004893200937658548,0.21579022705554962,0.47888603806495667,-0.01522916927933693,0.2072661817073822,0.53530353307724,-0.017308250069618225,0.20396102964878082,0.559812068939209,-0.011998523958027363,0.18391163647174835,0.516308069229126,0.002075053984299302,0.18588343262672424,0.4871957004070282,-0.018874628469347954,0.18478599190711975,0.5406953692436218,-0.012174407951533794,0.1838371306657791,0.5650092959403992,-0.00033952214289456606,0.15580357611179352,0.5208871960639954,-0.0018716113409027457,0.15750178694725037,0.4932161569595337,-0.012336524203419685,0.1626691222190857,0.5274549722671509,-0.004988800268620253,0.16536904871463776,0.5463576316833496,0.004921074490994215,0.0,0.0,0.0,0.0,0.0,0.0,0.0,0.0,0.0,0.0,0.0,0.0,0.0,0.0,0.0,0.0,0.0,0.0,0.0,0.0,0.0,0.0,0.0,0.0,0.0,0.0,0.0,0.0,0.0,0.0,0.0,0.0,0.0,0.0,0.0,0.0,0.0,0.0,0.0,0.0,0.0,0.0,0.0,0.0,0.0,0.0,0.0,0.0,0.0,0.0,0.0,0.0,0.0,0.0,0.0,0.0,0.0,0.0,0.0,0.0,0.0,0.0,0.0,あ
0.17784667015075684,0.653882622718811,-2.7594623475124536e-07,0.22289738059043884,0.6292876601219177,-0.01391877606511116,0.2583364248275757,0.5629677176475525,-0.015179693698883057,0.28103113174438477,0.5135072469711304,-0.016757920384407043,0.30536088347435,0.4933289587497711,-0.014840017072856426,0.23885251581668854,0.5187587738037109,0.004188967403024435,0.24644522368907928,0.4785420298576355,-0.013098609633743763,0.23422884941101074,0.5213984251022339,-0.019740208983421326,0.22754883766174316,0.5449977517127991,-0.020343001931905746,0.21105261147022247,0.513404130935669,0.00554782897233963,0.21641278266906738,0.47792738676071167,-0.014475670643150806,0.20920658111572266,0.5362783074378967,-0.01597236841917038,0.2059694528579712,0.5584403276443481,-0.010041195899248123,0.18375426530838013,0.5154396295547485,0.002663898980244994,0.18658731877803802,0.48789966106414795,-0.018376827239990234,0.18613672256469727,0.5423623919487,-0.011338823474943638,0.184917613863945,0.5637316703796387,0.0008692106930539012,0.1560100018978119,0.5193361043930054,-0.0013124319957569242,0.1587762087583542,0.49297937750816345,-0.011244834400713444,0.16377314925193787,0.5284773707389832,-0.0033369658049196005,0.16573777794837952,0.5460370182991028,0.00694742426276207,0.0,0.0,0.0,0.0,0.0,0.0,0.0,0.0,0.0,0.0,0.0,0.0,0.0,0.0,0.0,0.0,0.0,0.0,0.0,0.0,0.0,0.0,0.0,0.0,0.0,0.0,0.0,0.0,0.0,0.0,0.0,0.0,0.0,0.0,0.0,0.0,0.0,0.0,0.0,0.0,0.0,0.0,0.0,0.0,0.0,0.0,0.0,0.0,0.0,0.0,0.0,0.0,0.0,0.0,0.0,0.0,0.0,0.0,0.0,0.0,0.0,0.0,0.0,あ
0.17809800803661346,0.6528444886207581,-2.8926817208230204e-07,0.2228931188583374,0.6305572390556335,-0.013848332688212395,0.25973427295684814,0.5644053816795349,-0.014791161753237247,0.28211313486099243,0.5140749216079712,-0.015922997146844864,0.3072773516178131,0.49405285716056824,-0.013548443093895912,0.23956815898418427,0.5181853771209717,0.0032621135469526052,0.24748162925243378,0.4800758361816406,-0.013526084832847118,0.23635604977607727,0.5221303105354309,-0.019163861870765686,0.23069971799850464,0.5425999760627747,-0.019452739506959915,0.21204352378845215,0.5136299729347229,0.004424117039889097,0.21748077869415283,0.4802187979221344,-0.015778308734297752,0.210807204246521,0.5391945838928223,-0.016478748992085457,0.207535058259964,0.559058427810669,-0.01012467686086893,0.18477599322795868,0.5161946415901184,0.0014112931676208973,0.1876251995563507,0.48984140157699585,-0.020791107788681984,0.1876535713672638,0.5461251139640808,-0.01312832348048687,0.18646301329135895,0.5663963556289673,-0.00036884506698697805,0.15658670663833618,0.5202766060829163,-0.002565389731898904,0.1592680960893631,0.4944925904273987,-0.013440590351819992,0.16429513692855835,0.5301167964935303,-0.005424552131444216,0.16583958268165588,0.5463384985923767,0.004983207210898399,0.0,0.0,0.0,0.0,0.0,0.0,0.0,0.0,0.0,0.0,0.0,0.0,0.0,0.0,0.0,0.0,0.0,0.0,0.0,0.0,0.0,0.0,0.0,0.0,0.0,0.0,0.0,0.0,0.0,0.0,0.0,0.0,0.0,0.0,0.0,0.0,0.0,0.0,0.0,0.0,0.0,0.0,0.0,0.0,0.0,0.0,0.0,0.0,0.0,0.0,0.0,0.0,0.0,0.0,0.0,0.0,0.0,0.0,0.0,0.0,0.0,0.0,0.0,あ
0.18064092099666595,0.6525042057037354,-2.7060346496909915e-07,0.22608788311481476,0.6275497078895569,-0.014002226293087006,0.2612849473953247,0.5617951154708862,-0.015401260927319527,0.28411802649497986,0.5129931569099426,-0.01721256598830223,0.3101392388343811,0.4939359128475189,-0.01544922310858965,0.24100612103939056,0.5192611813545227,0.0038663416635245085,0.2504896819591522,0.480571448802948,-0.01262568961828947,0.23858711123466492,0.5235262513160706,-0.018255526199936867,0.2320069521665573,0.5435792803764343,-0.018663734197616577,0.213266059756279,0.5140756368637085,0.004989887587726116,0.2188108265399933,0.4802231788635254,-0.014921383932232857,0.21206288039684296,0.5390394926071167,-0.015749210491776466,0.20914727449417114,0.5590998530387878,-0.009560449048876762,0.1855287104845047,0.5167704224586487,0.0019127269042655826,0.1886514574289322,0.4890921115875244,-0.01954066939651966,0.18866734206676483,0.5448734164237976,-0.011678026057779789,0.1875808984041214,0.5661014914512634,0.001098626758903265,0.1574339121580124,0.5213397145271301,-0.0022314575035125017,0.16009269654750824,0.49483758211135864,-0.012268146499991417,0.16527646780014038,0.5294073224067688,-0.003909101709723473,0.1669410914182663,0.546363115310669,0.006605769507586956,0.0,0.0,0.0,0.0,0.0,0.0,0.0,0.0,0.0,0.0,0.0,0.0,0.0,0.0,0.0,0.0,0.0,0.0,0.0,0.0,0.0,0.0,0.0,0.0,0.0,0.0,0.0,0.0,0.0,0.0,0.0,0.0,0.0,0.0,0.0,0.0,0.0,0.0,0.0,0.0,0.0,0.0,0.0,0.0,0.0,0.0,0.0,0.0,0.0,0.0,0.0,0.0,0.0,0.0,0.0,0.0,0.0,0.0,0.0,0.0,0.0,0.0,0.0,あ
0.18349874019622803,0.651451587677002,-2.617813095184829e-07,0.22717611491680145,0.6278588771820068,-0.012725980952382088,0.2605985999107361,0.5652394890785217,-0.013792533427476883,0.28249889612197876,0.5182479023933411,-0.015551172196865082,0.30682259798049927,0.49789220094680786,-0.014453619718551636,0.24309426546096802,0.5194032788276672,0.004733674693852663,0.25068891048431396,0.48297256231307983,-0.011891128495335579,0.2389606386423111,0.5199950337409973,-0.01845712773501873,0.2324484884738922,0.5429615378379822,-0.019162151962518692,0.21518394351005554,0.5143291354179382,0.0055876499973237514,0.22093555331230164,0.4828350245952606,-0.014147392474114895,0.21234184503555298,0.5378314256668091,-0.015932777896523476,0.20832011103630066,0.560905396938324,-0.010270308703184128,0.18748275935649872,0.517018735408783,0.0024206244852393866,0.19098614156246185,0.49137642979621887,-0.01855834573507309,0.18910616636276245,0.5435742735862732,-0.012074211612343788,0.1877838671207428,0.5657464861869812,-0.0001833101996453479,0.15927012264728546,0.5223289132118225,-0.0016682347049936652,0.1614944487810135,0.49601122736930847,-0.011524228379130363,0.16598789393901825,0.5276288986206055,-0.00398273067548871,0.16846750676631927,0.5435614585876465,0.006031846161931753,0.0,0.0,0.0,0.0,0.0,0.0,0.0,0.0,0.0,0.0,0.0,0.0,0.0,0.0,0.0,0.0,0.0,0.0,0.0,0.0,0.0,0.0,0.0,0.0,0.0,0.0,0.0,0.0,0.0,0.0,0.0,0.0,0.0,0.0,0.0,0.0,0.0,0.0,0.0,0.0,0.0,0.0,0.0,0.0,0.0,0.0,0.0,0.0,0.0,0.0,0.0,0.0,0.0,0.0,0.0,0.0,0.0,0.0,0.0,0.0,0.0,0.0,0.0,あ
0.18237994611263275,0.653607189655304,-2.796154774387105e-07,0.22611266374588013,0.6314860582351685,-0.013343016617000103,0.26031380891799927,0.56686931848526,-0.01481533981859684,0.282991886138916,0.5183665752410889,-0.016772394999861717,0.3093416690826416,0.5002727508544922,-0.015414349734783173,0.24387621879577637,0.5212299823760986,0.0036917703691869974,0.25190120935440063,0.4832136332988739,-0.013042752631008625,0.23857992887496948,0.5243757963180542,-0.019012795761227608,0.2321157306432724,0.5473451018333435,-0.01944662258028984,0.2156267762184143,0.5161536335945129,0.004629151429980993,0.22157175838947296,0.48277610540390015,-0.014904987998306751,0.2123933881521225,0.5395222902297974,-0.01563127711415291,0.20876699686050415,0.5611229538917542,-0.009400596842169762,0.18767106533050537,0.5186895728111267,0.0014259113231673837,0.19128373265266418,0.4916061758995056,-0.019290253520011902,0.1890406459569931,0.5444305539131165,-0.011857136152684689,0.18754824995994568,0.5654017925262451,0.0003782347484957427,0.1596052646636963,0.5232737064361572,-0.002792063634842634,0.16177424788475037,0.4971294403076172,-0.012375148944556713,0.16568517684936523,0.5300487279891968,-0.0043783774599432945,0.16756132245063782,0.5458678603172302,0.005735231097787619,0.0,0.0,0.0,0.0,0.0,0.0,0.0,0.0,0.0,0.0,0.0,0.0,0.0,0.0,0.0,0.0,0.0,0.0,0.0,0.0,0.0,0.0,0.0,0.0,0.0,0.0,0.0,0.0,0.0,0.0,0.0,0.0,0.0,0.0,0.0,0.0,0.0,0.0,0.0,0.0,0.0,0.0,0.0,0.0,0.0,0.0,0.0,0.0,0.0,0.0,0.0,0.0,0.0,0.0,0.0,0.0,0.0,0.0,0.0,0.0,0.0,0.0,0.0,あ
0.18249735236167908,0.654033362865448,-2.860501808754634e-07,0.22650198638439178,0.6315445899963379,-0.012413148768246174,0.26105713844299316,0.5668679475784302,-0.013430227525532246,0.28387710452079773,0.5175126194953918,-0.015099504962563515,0.3104814291000366,0.5001844167709351,-0.013477957807481289,0.24432621896266937,0.5224237442016602,0.003894972847774625,0.25274160504341125,0.48342445492744446,-0.012195872142910957,0.23929059505462646,0.5243484377861023,-0.01762845739722252,0.23263464868068695,0.547029435634613,-0.017842985689640045,0.21625687181949615,0.5173631310462952,0.0044210320338606834,0.22165629267692566,0.4826914966106415,-0.015371809713542461,0.21302679181098938,0.540044367313385,-0.015953153371810913,0.20984287559986115,0.5629501938819885,-0.009444000199437141,0.18841324746608734,0.5194045901298523,0.0009994356660172343,0.19150985777378082,0.4909766912460327,-0.019707100465893745,0.190069779753685,0.5454829931259155,-0.011846611276268959,0.18897584080696106,0.5686919093132019,0.0008221494499593973,0.16015702486038208,0.5234232544898987,-0.003403912764042616,0.16319578886032104,0.49614235758781433,-0.012920308858156204,0.1672164499759674,0.5292794108390808,-0.004775747191160917,0.1689276397228241,0.5460458397865295,0.005482214968651533,0.0,0.0,0.0,0.0,0.0,0.0,0.0,0.0,0.0,0.0,0.0,0.0,0.0,0.0,0.0,0.0,0.0,0.0,0.0,0.0,0.0,0.0,0.0,0.0,0.0,0.0,0.0,0.0,0.0,0.0,0.0,0.0,0.0,0.0,0.0,0.0,0.0,0.0,0.0,0.0,0.0,0.0,0.0,0.0,0.0,0.0,0.0,0.0,0.0,0.0,0.0,0.0,0.0,0.0,0.0,0.0,0.0,0.0,0.0,0.0,0.0,0.0,0.0,あ
0.1810607612133026,0.651957094669342,-2.8522561024146853e-07,0.2253606766462326,0.6308259963989258,-0.014490731060504913,0.2615962028503418,0.5658702254295349,-0.01633441634476185,0.284244179725647,0.5154753923416138,-0.01818140223622322,0.31165796518325806,0.49882468581199646,-0.01638803258538246,0.24415412545204163,0.5209697484970093,0.002153967274352908,0.2525741755962372,0.4818275570869446,-0.014298878610134125,0.2391051948070526,0.5249539017677307,-0.019587280228734016,0.23298552632331848,0.5464347004890442,-0.019783321768045425,0.2163032740354538,0.5155794024467468,0.003755435347557068,0.22131583094596863,0.4809646010398865,-0.016322998329997063,0.21260479092597961,0.5394942760467529,-0.016574431210756302,0.20976793766021729,0.5607939958572388,-0.009919663891196251,0.18859557807445526,0.5174171328544617,0.0012420624261721969,0.1918872445821762,0.48882028460502625,-0.01967805065214634,0.19021384418010712,0.5440995097160339,-0.011116351932287216,0.1892935037612915,0.5658349394798279,0.0019102052319794893,0.16025488078594208,0.5207506418228149,-0.002414437709376216,0.16294151544570923,0.4950776696205139,-0.011991173960268497,0.1664445698261261,0.529751718044281,-0.003588070860132575,0.16792026162147522,0.5456032156944275,0.006768840365111828,0.0,0.0,0.0,0.0,0.0,0.0,0.0,0.0,0.0,0.0,0.0,0.0,0.0,0.0,0.0,0.0,0.0,0.0,0.0,0.0,0.0,0.0,0.0,0.0,0.0,0.0,0.0,0.0,0.0,0.0,0.0,0.0,0.0,0.0,0.0,0.0,0.0,0.0,0.0,0.0,0.0,0.0,0.0,0.0,0.0,0.0,0.0,0.0,0.0,0.0,0.0,0.0,0.0,0.0,0.0,0.0,0.0,0.0,0.0,0.0,0.0,0.0,0.0,あ
0.18344925343990326,0.6543324589729309,-2.7701051408257626e-07,0.22777524590492249,0.629912257194519,-0.012554185464978218,0.262215256690979,0.5647901892662048,-0.013781205751001835,0.28526028990745544,0.5171638131141663,-0.015647681429982185,0.3110952079296112,0.49985307455062866,-0.014187992550432682,0.2449798882007599,0.521730899810791,0.003408737713471055,0.2528636157512665,0.48313668370246887,-0.012737407349050045,0.23996439576148987,0.5250322222709656,-0.018318457528948784,0.23354582488536835,0.5471892952919006,-0.018749311566352844,0.21659095585346222,0.5165235996246338,0.0038934475742280483,0.22192338109016418,0.48272424936294556,-0.015350162982940674,0.21371181309223175,0.5404542684555054,-0.015652095898985863,0.21049846708774567,0.5623608827590942,-0.009264444001019001,0.18858087062835693,0.5190640091896057,0.0004180526011623442,0.1917593777179718,0.4909396171569824,-0.01941492222249508,0.19078971445560455,0.5445671081542969,-0.0111140888184309,0.1897764801979065,0.5660549998283386,0.0014319968177005649,0.16055382788181305,0.5236839652061462,-0.004121014382690191,0.16303980350494385,0.49692150950431824,-0.012860857881605625,0.16760551929473877,0.5296728610992432,-0.0042207734659314156,0.16949857771396637,0.5456593632698059,0.006131990347057581,0.0,0.0,0.0,0.0,0.0,0.0,0.0,0.0,0.0,0.0,0.0,0.0,0.0,0.0,0.0,0.0,0.0,0.0,0.0,0.0,0.0,0.0,0.0,0.0,0.0,0.0,0.0,0.0,0.0,0.0,0.0,0.0,0.0,0.0,0.0,0.0,0.0,0.0,0.0,0.0,0.0,0.0,0.0,0.0,0.0,0.0,0.0,0.0,0.0,0.0,0.0,0.0,0.0,0.0,0.0,0.0,0.0,0.0,0.0,0.0,0.0,0.0,0.0,あ
0.18408815562725067,0.6537885665893555,-2.788175947898708e-07,0.22942987084388733,0.6297019124031067,-0.011517509818077087,0.2637483775615692,0.5651369094848633,-0.012492840178310871,0.2864398956298828,0.5166364908218384,-0.014391274191439152,0.31273153424263,0.4986039400100708,-0.013059450313448906,0.24601340293884277,0.5216953158378601,0.0051587168127298355,0.2553875744342804,0.4835273027420044,-0.010846671648323536,0.24199753999710083,0.524853527545929,-0.016777001321315765,0.23426701128482819,0.5466088652610779,-0.01743958704173565,0.21757808327674866,0.5166670680046082,0.0051506743766367435,0.22368605434894562,0.4832366406917572,-0.014123409986495972,0.21477751433849335,0.5402587652206421,-0.015280698426067829,0.2107381671667099,0.5620341897010803,-0.00943450815975666,0.18942657113075256,0.5190821290016174,0.0013158178189769387,0.19308215379714966,0.4916149079799652,-0.018324853852391243,0.1915978491306305,0.5449556112289429,-0.01033974252641201,0.19018234312534332,0.5662295818328857,0.001977172214537859,0.16121351718902588,0.5232750177383423,-0.003476948942989111,0.16438518464565277,0.49794816970825195,-0.011801278218626976,0.16842438280582428,0.531139612197876,-0.0029127858579158783,0.1698610633611679,0.5468143224716187,0.007565944455564022,0.0,0.0,0.0,0.0,0.0,0.0,0.0,0.0,0.0,0.0,0.0,0.0,0.0,0.0,0.0,0.0,0.0,0.0,0.0,0.0,0.0,0.0,0.0,0.0,0.0,0.0,0.0,0.0,0.0,0.0,0.0,0.0,0.0,0.0,0.0,0.0,0.0,0.0,0.0,0.0,0.0,0.0,0.0,0.0,0.0,0.0,0.0,0.0,0.0,0.0,0.0,0.0,0.0,0.0,0.0,0.0,0.0,0.0,0.0,0.0,0.0,0.0,0.0,あ
0.18629401922225952,0.6605530977249146,-2.793869953165995e-07,0.23159371316432953,0.634430468082428,-0.011769147589802742,0.26616278290748596,0.5682735443115234,-0.012282074429094791,0.2881830632686615,0.5185949802398682,-0.013663511723279953,0.3133322298526764,0.4990602731704712,-0.011496358551084995,0.249012291431427,0.5240113735198975,0.006377972196787596,0.257804274559021,0.485571026802063,-0.009161708876490593,0.24531999230384827,0.5277817249298096,-0.014696668833494186,0.238098606467247,0.5487756729125977,-0.015096547082066536,0.2200765460729599,0.5189239382743835,0.006470318417996168,0.2266685962677002,0.48565077781677246,-0.011911355890333652,0.21894828975200653,0.5431657433509827,-0.012568734586238861,0.21477730572223663,0.562756359577179,-0.006494149100035429,0.1916288584470749,0.5213304162025452,0.0025120258796960115,0.1959649622440338,0.4939354658126831,-0.01689697988331318,0.1956697404384613,0.5469505786895752,-0.00925056915730238,0.19361379742622375,0.5664768218994141,0.0028319719713181257,0.16333720088005066,0.525326132774353,-0.002426939317956567,0.16760841012001038,0.49737218022346497,-0.010685128159821033,0.17277556657791138,0.5293861627578735,-0.0019247077871114016,0.17368757724761963,0.544843852519989,0.008571435697376728,0.0,0.0,0.0,0.0,0.0,0.0,0.0,0.0,0.0,0.0,0.0,0.0,0.0,0.0,0.0,0.0,0.0,0.0,0.0,0.0,0.0,0.0,0.0,0.0,0.0,0.0,0.0,0.0,0.0,0.0,0.0,0.0,0.0,0.0,0.0,0.0,0.0,0.0,0.0,0.0,0.0,0.0,0.0,0.0,0.0,0.0,0.0,0.0,0.0,0.0,0.0,0.0,0.0,0.0,0.0,0.0,0.0,0.0,0.0,0.0,0.0,0.0,0.0,あ
0.1861208826303482,0.6633068323135376,-2.758411312697717e-07,0.23203757405281067,0.6367439031600952,-0.01264145877212286,0.26728954911231995,0.5700756907463074,-0.013499201275408268,0.29050830006599426,0.5195261240005493,-0.015139191411435604,0.31660565733909607,0.5009130239486694,-0.013219152577221394,0.24872083961963654,0.5267029404640198,0.005660777911543846,0.25766217708587646,0.4868137240409851,-0.010481351986527443,0.24518978595733643,0.5292895436286926,-0.01664322055876255,0.23814065754413605,0.5515915155410767,-0.01731163077056408,0.2204180508852005,0.5211936235427856,0.0062890308909118176,0.22650988399982452,0.48675328493118286,-0.01262306235730648,0.2191888689994812,0.5437985062599182,-0.013953432440757751,0.2158643901348114,0.5649386048316956,-0.0083839176222682,0.19255058467388153,0.5231582522392273,0.002754832152277231,0.1964823305606842,0.4944731891155243,-0.016796806827187538,0.19665107131004333,0.5469695329666138,-0.009912027046084404,0.19539710879325867,0.5685117244720459,0.0016648289747536182,0.16461622714996338,0.526434063911438,-0.0018871104111894965,0.16827762126922607,0.49754610657691956,-0.01032439898699522,0.17379702627658844,0.5282056331634521,-0.0025254886131733656,0.17556920647621155,0.5445562601089478,0.007240488193929195,0.0,0.0,0.0,0.0,0.0,0.0,0.0,0.0,0.0,0.0,0.0,0.0,0.0,0.0,0.0,0.0,0.0,0.0,0.0,0.0,0.0,0.0,0.0,0.0,0.0,0.0,0.0,0.0,0.0,0.0,0.0,0.0,0.0,0.0,0.0,0.0,0.0,0.0,0.0,0.0,0.0,0.0,0.0,0.0,0.0,0.0,0.0,0.0,0.0,0.0,0.0,0.0,0.0,0.0,0.0,0.0,0.0,0.0,0.0,0.0,0.0,0.0,0.0,あ
0.18485279381275177,0.6622824668884277,-2.8807986041101685e-07,0.2309158742427826,0.6376309990882874,-0.012803316116333008,0.26619744300842285,0.5702195167541504,-0.0135347256436944,0.2897505462169647,0.519352912902832,-0.015082626603543758,0.31638476252555847,0.5002374053001404,-0.012876191176474094,0.2486785650253296,0.5246034264564514,0.0064539834856987,0.25885939598083496,0.48494186997413635,-0.009505245834589005,0.2465830147266388,0.5279909372329712,-0.015133237466216087,0.23891888558864594,0.5489092469215393,-0.015463248826563358,0.22092685103416443,0.5184151530265808,0.007124325260519981,0.22773253917694092,0.4860917627811432,-0.011101621203124523,0.2199719101190567,0.5437425374984741,-0.011751122772693634,0.21565867960453033,0.5621891617774963,-0.005840982776135206,0.19329069554805756,0.5202863812446594,0.003478170605376363,0.19803975522518158,0.4933721125125885,-0.015538418665528297,0.1977929025888443,0.5459110140800476,-0.008265317417681217,0.1955377608537674,0.5649954080581665,0.0033442836720496416,0.1655828058719635,0.5233674645423889,-0.0013406570069491863,0.168794184923172,0.4954947531223297,-0.009365938603878021,0.17462819814682007,0.5261416435241699,-0.0013990154257044196,0.17628227174282074,0.5410435795783997,0.008395255543291569,0.0,0.0,0.0,0.0,0.0,0.0,0.0,0.0,0.0,0.0,0.0,0.0,0.0,0.0,0.0,0.0,0.0,0.0,0.0,0.0,0.0,0.0,0.0,0.0,0.0,0.0,0.0,0.0,0.0,0.0,0.0,0.0,0.0,0.0,0.0,0.0,0.0,0.0,0.0,0.0,0.0,0.0,0.0,0.0,0.0,0.0,0.0,0.0,0.0,0.0,0.0,0.0,0.0,0.0,0.0,0.0,0.0,0.0,0.0,0.0,0.0,0.0,0.0,あ
0.18477286398410797,0.6619031429290771,-2.846417146429303e-07,0.23005101084709167,0.6332789063453674,-0.010996912606060505,0.26433950662612915,0.5688896179199219,-0.012218553572893143,0.2894395589828491,0.5195415616035461,-0.015284541994333267,0.3170817792415619,0.5006866455078125,-0.01533002033829689,0.2480044960975647,0.5258680582046509,0.006664950400590897,0.25607794523239136,0.4840260148048401,-0.0106126694008708,0.24388420581817627,0.5232322216033936,-0.01809915527701378,0.2368781417608261,0.5487608909606934,-0.01925058104097843,0.2199651002883911,0.5202829241752625,0.005935378838330507,0.22602331638336182,0.4851681590080261,-0.014298301190137863,0.2174244076013565,0.5402259230613708,-0.017147010192275047,0.21301163733005524,0.5659357905387878,-0.012242311611771584,0.19243551790714264,0.522188663482666,0.0011313671711832285,0.19607606530189514,0.4928516149520874,-0.018605463206768036,0.19529253244400024,0.5430052876472473,-0.013045774772763252,0.19416005909442902,0.5686814188957214,-0.0020687542855739594,0.16498863697052002,0.5259509682655334,-0.004807610064744949,0.16630502045154572,0.4936680793762207,-0.013306421227753162,0.1731371283531189,0.5204221606254578,-0.006624317727982998,0.17776989936828613,0.5392391085624695,0.00253896601498127,0.0,0.0,0.0,0.0,0.0,0.0,0.0,0.0,0.0,0.0,0.0,0.0,0.0,0.0,0.0,0.0,0.0,0.0,0.0,0.0,0.0,0.0,0.0,0.0,0.0,0.0,0.0,0.0,0.0,0.0,0.0,0.0,0.0,0.0,0.0,0.0,0.0,0.0,0.0,0.0,0.0,0.0,0.0,0.0,0.0,0.0,0.0,0.0,0.0,0.0,0.0,0.0,0.0,0.0,0.0,0.0,0.0,0.0,0.0,0.0,0.0,0.0,0.0,あ
0.18433909118175507,0.655113935470581,-2.678310693227104e-07,0.22905094921588898,0.6288703680038452,-0.012676888145506382,0.26342833042144775,0.5650202035903931,-0.014568489044904709,0.28787726163864136,0.5166701674461365,-0.017431296408176422,0.31469324231147766,0.49833089113235474,-0.017158182337880135,0.2479230910539627,0.5238114595413208,0.0028088318649679422,0.25318580865859985,0.4840885102748871,-0.014333258382976055,0.24056333303451538,0.5234297513961792,-0.0210120752453804,0.2356407791376114,0.5460172891616821,-0.02197333052754402,0.21930168569087982,0.518795371055603,0.0030005956068634987,0.2232603281736374,0.4845040738582611,-0.017024829983711243,0.21485556662082672,0.5385491251945496,-0.01852584071457386,0.212760329246521,0.5611887574195862,-0.013128641061484814,0.19122639298439026,0.5208234190940857,-0.00085116783156991,0.19438713788986206,0.4905909299850464,-0.02093026600778103,0.19347776472568512,0.5411100387573242,-0.014122013933956623,0.1936778575181961,0.56489098072052,-0.002618313767015934,0.16327382624149323,0.5245852470397949,-0.005920555908232927,0.16445979475975037,0.4937855303287506,-0.015384879894554615,0.17066849768161774,0.5232210159301758,-0.008552412502467632,0.17533810436725616,0.5421979427337646,0.000634796277154237,0.0,0.0,0.0,0.0,0.0,0.0,0.0,0.0,0.0,0.0,0.0,0.0,0.0,0.0,0.0,0.0,0.0,0.0,0.0,0.0,0.0,0.0,0.0,0.0,0.0,0.0,0.0,0.0,0.0,0.0,0.0,0.0,0.0,0.0,0.0,0.0,0.0,0.0,0.0,0.0,0.0,0.0,0.0,0.0,0.0,0.0,0.0,0.0,0.0,0.0,0.0,0.0,0.0,0.0,0.0,0.0,0.0,0.0,0.0,0.0,0.0,0.0,0.0,あ
0.1847093552350998,0.652625560760498,-2.6286900833838445e-07,0.2292262464761734,0.6286467909812927,-0.012429309077560902,0.2630749046802521,0.5621016025543213,-0.013597751967608929,0.28632962703704834,0.513626754283905,-0.01544525008648634,0.3133109509944916,0.4983067810535431,-0.013482305221259594,0.2454473078250885,0.5209769606590271,0.0028965866658836603,0.25145870447158813,0.48256048560142517,-0.012774047441780567,0.2407185435295105,0.5256131887435913,-0.016849705949425697,0.23674750328063965,0.5435055494308472,-0.01650252193212509,0.2174639254808426,0.5160825252532959,0.0031195746269077063,0.22165684401988983,0.4833228588104248,-0.015293682925403118,0.21536633372306824,0.5403332710266113,-0.014114261604845524,0.2136678546667099,0.5555026531219482,-0.007398354820907116,0.18961356580257416,0.5178511142730713,-0.0007316942792385817,0.19317956268787384,0.48809316754341125,-0.02047051303088665,0.19335943460464478,0.5411314964294434,-0.011383081786334515,0.19256889820098877,0.558900773525238,0.0011980918934568763,0.16140487790107727,0.5203179717063904,-0.005684264935553074,0.16371087729930878,0.4922402799129486,-0.01462505292147398,0.16989880800247192,0.5242328643798828,-0.0062551735900342464,0.17239972949028015,0.539725124835968,0.003697584616020322,0.0,0.0,0.0,0.0,0.0,0.0,0.0,0.0,0.0,0.0,0.0,0.0,0.0,0.0,0.0,0.0,0.0,0.0,0.0,0.0,0.0,0.0,0.0,0.0,0.0,0.0,0.0,0.0,0.0,0.0,0.0,0.0,0.0,0.0,0.0,0.0,0.0,0.0,0.0,0.0,0.0,0.0,0.0,0.0,0.0,0.0,0.0,0.0,0.0,0.0,0.0,0.0,0.0,0.0,0.0,0.0,0.0,0.0,0.0,0.0,0.0,0.0,0.0,あ
0.1818164587020874,0.6561800241470337,-2.701900427837245e-07,0.22805553674697876,0.6284217834472656,-0.010597407817840576,0.2608511745929718,0.562966525554657,-0.010831082239747047,0.28442227840423584,0.5140067338943481,-0.012607702054083347,0.31278538703918457,0.4986950755119324,-0.011237230151891708,0.2440679967403412,0.524203360080719,0.008072101511061192,0.2531253397464752,0.48185908794403076,-0.007032232824712992,0.24100574851036072,0.5211454033851624,-0.012870470993220806,0.23398907482624054,0.5445030927658081,-0.013514483347535133,0.21633478999137878,0.5186780691146851,0.007703349459916353,0.22165797650814056,0.48153799772262573,-0.010636246763169765,0.21396806836128235,0.5361601114273071,-0.012617215514183044,0.2102750539779663,0.5596830248832703,-0.007520133629441261,0.1887361854314804,0.5206648707389832,0.003372444771230221,0.1919325292110443,0.48906373977661133,-0.015081011690199375,0.1918647140264511,0.5392572283744812,-0.008971534669399261,0.19051434099674225,0.5633112192153931,0.0019363320898264647,0.16102588176727295,0.524371862411499,-0.002012023702263832,0.1618465632200241,0.49236780405044556,-0.009866188280284405,0.1680789738893509,0.5197378993034363,-0.002853388199582696,0.171574667096138,0.5371928215026855,0.006187178194522858,0.0,0.0,0.0,0.0,0.0,0.0,0.0,0.0,0.0,0.0,0.0,0.0,0.0,0.0,0.0,0.0,0.0,0.0,0.0,0.0,0.0,0.0,0.0,0.0,0.0,0.0,0.0,0.0,0.0,0.0,0.0,0.0,0.0,0.0,0.0,0.0,0.0,0.0,0.0,0.0,0.0,0.0,0.0,0.0,0.0,0.0,0.0,0.0,0.0,0.0,0.0,0.0,0.0,0.0,0.0,0.0,0.0,0.0,0.0,0.0,0.0,0.0,0.0,あ
0.18169943988323212,0.6581121683120728,-2.909882823587395e-07,0.22699382901191711,0.6320125460624695,-0.011781941168010235,0.26075631380081177,0.564052402973175,-0.012881998904049397,0.2850338816642761,0.5138435363769531,-0.015053329057991505,0.3127008080482483,0.4965101480484009,-0.013848666101694107,0.24478501081466675,0.5240516066551208,0.004078648053109646,0.25231319665908813,0.47944584488868713,-0.01313861832022667,0.23938578367233276,0.5221987962722778,-0.01942528411746025,0.23294460773468018,0.5483245253562927,-0.019743090495467186,0.21644756197929382,0.5184898376464844,0.004172781016677618,0.22123782336711884,0.479900985956192,-0.015705112367868423,0.2129913568496704,0.5367887020111084,-0.016698112711310387,0.21000105142593384,0.5616266131401062,-0.010571959428489208,0.18854323029518127,0.5197885036468506,0.00020836420299019665,0.19128301739692688,0.48831915855407715,-0.019336970522999763,0.19060492515563965,0.541073203086853,-0.011654271744191647,0.18999247252941132,0.5656759142875671,0.0005304493824951351,0.1608484387397766,0.5226582884788513,-0.004905078560113907,0.16306331753730774,0.49220216274261475,-0.013345093466341496,0.1682647466659546,0.523833155632019,-0.005314287729561329,0.17113806307315826,0.5425118207931519,0.004636376164853573,0.0,0.0,0.0,0.0,0.0,0.0,0.0,0.0,0.0,0.0,0.0,0.0,0.0,0.0,0.0,0.0,0.0,0.0,0.0,0.0,0.0,0.0,0.0,0.0,0.0,0.0,0.0,0.0,0.0,0.0,0.0,0.0,0.0,0.0,0.0,0.0,0.0,0.0,0.0,0.0,0.0,0.0,0.0,0.0,0.0,0.0,0.0,0.0,0.0,0.0,0.0,0.0,0.0,0.0,0.0,0.0,0.0,0.0,0.0,0.0,0.0,0.0,0.0,あ
0.18258929252624512,0.657772958278656,-2.8947653163413634e-07,0.2283453494310379,0.6298593282699585,-0.01116117648780346,0.2624492943286896,0.562289297580719,-0.012079209089279175,0.28637030720710754,0.5130690336227417,-0.014263248071074486,0.3138117790222168,0.49692821502685547,-0.01328479964286089,0.2444593459367752,0.5225364565849304,0.0036014418583363295,0.25132930278778076,0.47923946380615234,-0.012813055887818336,0.23985621333122253,0.52194744348526,-0.018728118389844894,0.2339421510696411,0.5472586154937744,-0.019140474498271942,0.21610361337661743,0.5178387761116028,0.0031477748416364193,0.22096113860607147,0.47961974143981934,-0.016001760959625244,0.2139410376548767,0.536413311958313,-0.0170340146869421,0.2103746086359024,0.5614177584648132,-0.011372231878340244,0.1883658915758133,0.5203215479850769,-0.001147157046943903,0.19115567207336426,0.4887249767780304,-0.020176053047180176,0.19154512882232666,0.5406874418258667,-0.012870876118540764,0.1903696060180664,0.5655899047851562,-0.0012667251285165548,0.16068270802497864,0.5245338678359985,-0.006528801750391722,0.16271743178367615,0.4918360710144043,-0.014880320057272911,0.1691339910030365,0.5221103429794312,-0.007083818316459656,0.17200548946857452,0.5416893362998962,0.002510841004550457,0.0,0.0,0.0,0.0,0.0,0.0,0.0,0.0,0.0,0.0,0.0,0.0,0.0,0.0,0.0,0.0,0.0,0.0,0.0,0.0,0.0,0.0,0.0,0.0,0.0,0.0,0.0,0.0,0.0,0.0,0.0,0.0,0.0,0.0,0.0,0.0,0.0,0.0,0.0,0.0,0.0,0.0,0.0,0.0,0.0,0.0,0.0,0.0,0.0,0.0,0.0,0.0,0.0,0.0,0.0,0.0,0.0,0.0,0.0,0.0,0.0,0.0,0.0,あ
0.18201316893100739,0.6570093035697937,-2.862793735403102e-07,0.2282884120941162,0.6298229694366455,-0.011294180527329445,0.26240336894989014,0.5630766153335571,-0.012324770912528038,0.28657644987106323,0.5127328634262085,-0.014494054950773716,0.31372734904289246,0.4948073625564575,-0.013613853603601456,0.244206041097641,0.5229113698005676,0.003799471305683255,0.25205209851264954,0.47980937361717224,-0.01225091703236103,0.2394450455904007,0.5210936665534973,-0.018407152965664864,0.2327491044998169,0.5463711023330688,-0.019153956323862076,0.21595409512519836,0.5175371766090393,0.003709510900080204,0.22106386721134186,0.48065823316574097,-0.014815244823694229,0.21313251554965973,0.5357323884963989,-0.01606980711221695,0.20942281186580658,0.5601639151573181,-0.010858534835278988,0.18824262917041779,0.5193694829940796,-0.00021034158999100327,0.19129237532615662,0.4874752461910248,-0.018392354249954224,0.1909785121679306,0.5383777618408203,-0.011304683052003384,0.1896824836730957,0.5631070137023926,-0.0002159113355446607,0.1604987233877182,0.523413360118866,-0.005255074705928564,0.1622641384601593,0.49213331937789917,-0.013356469571590424,0.1683693528175354,0.5223078727722168,-0.006011791992932558,0.1715071201324463,0.541413426399231,0.0031049135141074657,0.0,0.0,0.0,0.0,0.0,0.0,0.0,0.0,0.0,0.0,0.0,0.0,0.0,0.0,0.0,0.0,0.0,0.0,0.0,0.0,0.0,0.0,0.0,0.0,0.0,0.0,0.0,0.0,0.0,0.0,0.0,0.0,0.0,0.0,0.0,0.0,0.0,0.0,0.0,0.0,0.0,0.0,0.0,0.0,0.0,0.0,0.0,0.0,0.0,0.0,0.0,0.0,0.0,0.0,0.0,0.0,0.0,0.0,0.0,0.0,0.0,0.0,0.0,あ
0.1822744905948639,0.6573313474655151,-2.915297159233887e-07,0.22759626805782318,0.6298728585243225,-0.01136851031333208,0.2619498372077942,0.5631940960884094,-0.012721848674118519,0.285865843296051,0.5129643082618713,-0.015203658491373062,0.31267744302749634,0.4941293001174927,-0.01447923295199871,0.24316716194152832,0.521290123462677,0.003985620103776455,0.2512698471546173,0.47861334681510925,-0.012918675318360329,0.23974184691905975,0.5217076539993286,-0.0193847194314003,0.2332448810338974,0.546765923500061,-0.02012035623192787,0.2151532620191574,0.5161349177360535,0.0036674479488283396,0.22114044427871704,0.4797111451625824,-0.015674736350774765,0.21381120383739471,0.5374832153320312,-0.016669191420078278,0.20979663729667664,0.5614545941352844,-0.01086210273206234,0.18781420588493347,0.5181145668029785,-0.0005464200512506068,0.19107474386692047,0.486883282661438,-0.019760821014642715,0.19093506038188934,0.5402916669845581,-0.01168039534240961,0.18939583003520966,0.5641006231307983,0.0005004609120078385,0.16048751771450043,0.5222117900848389,-0.005835236981511116,0.16352707147598267,0.49210476875305176,-0.01429694052785635,0.1692860871553421,0.5253778696060181,-0.005693163722753525,0.17121152579784393,0.5441426038742065,0.004600232467055321,0.0,0.0,0.0,0.0,0.0,0.0,0.0,0.0,0.0,0.0,0.0,0.0,0.0,0.0,0.0,0.0,0.0,0.0,0.0,0.0,0.0,0.0,0.0,0.0,0.0,0.0,0.0,0.0,0.0,0.0,0.0,0.0,0.0,0.0,0.0,0.0,0.0,0.0,0.0,0.0,0.0,0.0,0.0,0.0,0.0,0.0,0.0,0.0,0.0,0.0,0.0,0.0,0.0,0.0,0.0,0.0,0.0,0.0,0.0,0.0,0.0,0.0,0.0,あ
0.18256835639476776,0.6558757424354553,-2.932942493316659e-07,0.22862474620342255,0.6288416385650635,-0.010882616974413395,0.2628447413444519,0.5622446537017822,-0.012072596698999405,0.28654706478118896,0.5123615860939026,-0.014496437273919582,0.3135884702205658,0.4944491684436798,-0.014094932936131954,0.24398425221443176,0.522132933139801,0.0023978790268301964,0.25209367275238037,0.4785122871398926,-0.014313619583845139,0.24050754308700562,0.5196688771247864,-0.020702555775642395,0.23391927778720856,0.5458179116249084,-0.021402062848210335,0.21573632955551147,0.5173991918563843,0.0019655146170407534,0.22131921350955963,0.4804683029651642,-0.01706784777343273,0.21370413899421692,0.5365386009216309,-0.018012406304478645,0.20955201983451843,0.5624478459358215,-0.012398917227983475,0.18829002976417542,0.5194305181503296,-0.002161709824576974,0.19162805378437042,0.48803243041038513,-0.02047952264547348,0.19096317887306213,0.5399158596992493,-0.012453215196728706,0.18911902606487274,0.565159022808075,-0.0006585036753676832,0.1607511043548584,0.5236438512802124,-0.0073792533949017525,0.16448843479156494,0.4924258589744568,-0.014988604001700878,0.1696455180644989,0.5239105224609375,-0.00636471901088953,0.1711762547492981,0.5430537462234497,0.00359555846080184,0.0,0.0,0.0,0.0,0.0,0.0,0.0,0.0,0.0,0.0,0.0,0.0,0.0,0.0,0.0,0.0,0.0,0.0,0.0,0.0,0.0,0.0,0.0,0.0,0.0,0.0,0.0,0.0,0.0,0.0,0.0,0.0,0.0,0.0,0.0,0.0,0.0,0.0,0.0,0.0,0.0,0.0,0.0,0.0,0.0,0.0,0.0,0.0,0.0,0.0,0.0,0.0,0.0,0.0,0.0,0.0,0.0,0.0,0.0,0.0,0.0,0.0,0.0,あ
0.1829593926668167,0.6508582830429077,-2.9667771173080837e-07,0.22869040071964264,0.6269822716712952,-0.01098689902573824,0.2633647620677948,0.562513530254364,-0.012175174430012703,0.2861003577709198,0.5125692486763,-0.01441267877817154,0.31264790892601013,0.49500784277915955,-0.013986364006996155,0.2441967874765396,0.5213155746459961,0.0010086835827678442,0.2522315979003906,0.47894465923309326,-0.015979411080479622,0.23918385803699493,0.5200547575950623,-0.022120939567685127,0.23170089721679688,0.5457605123519897,-0.022626608610153198,0.21605589985847473,0.5167459845542908,0.0007160830427892506,0.2212560921907425,0.47961074113845825,-0.01888946071267128,0.21265099942684174,0.5357632040977478,-0.01960795372724533,0.20808199048042297,0.5611188411712646,-0.013821180909872055,0.18841008841991425,0.518549919128418,-0.0031741259153932333,0.1918085813522339,0.48705869913101196,-0.022697215899825096,0.19088885188102722,0.5403563976287842,-0.014742952771484852,0.18924105167388916,0.5654650330543518,-0.0027839690446853638,0.160122811794281,0.5223712921142578,-0.007996127009391785,0.16284890472888947,0.4930228590965271,-0.016916193068027496,0.1687517613172531,0.5263118743896484,-0.008862531743943691,0.17137618362903595,0.5454304218292236,0.0008183258469216526,0.0,0.0,0.0,0.0,0.0,0.0,0.0,0.0,0.0,0.0,0.0,0.0,0.0,0.0,0.0,0.0,0.0,0.0,0.0,0.0,0.0,0.0,0.0,0.0,0.0,0.0,0.0,0.0,0.0,0.0,0.0,0.0,0.0,0.0,0.0,0.0,0.0,0.0,0.0,0.0,0.0,0.0,0.0,0.0,0.0,0.0,0.0,0.0,0.0,0.0,0.0,0.0,0.0,0.0,0.0,0.0,0.0,0.0,0.0,0.0,0.0,0.0,0.0,あ
0.18422210216522217,0.6509579420089722,-2.896006492392189e-07,0.22887291014194489,0.6264346837997437,-0.011138234287500381,0.2628002464771271,0.5608062744140625,-0.01242019608616829,0.285412073135376,0.5119166374206543,-0.014605695381760597,0.31184083223342896,0.4944198429584503,-0.014182168059051037,0.24358147382736206,0.5193209052085876,0.00074661715188995,0.25108033418655396,0.478807657957077,-0.015839168801903725,0.2393191158771515,0.5202389359474182,-0.0221228189766407,0.2321130633354187,0.5451607704162598,-0.022939395159482956,0.21523229777812958,0.5144258141517639,0.0005798175116069615,0.22065469622612,0.48072540760040283,-0.018322322517633438,0.2128911167383194,0.5369375944137573,-0.01924431510269642,0.20749551057815552,0.5610412955284119,-0.01384534128010273,0.18750867247581482,0.5165441036224365,-0.0031410730443894863,0.19127769768238068,0.48745033144950867,-0.02198217250406742,0.19083653390407562,0.5394834876060486,-0.014576145447790623,0.18829897046089172,0.5629118084907532,-0.0032972039189189672,0.15933433175086975,0.5212209820747375,-0.007773777935653925,0.16278371214866638,0.49342289566993713,-0.01659727282822132,0.1687852442264557,0.5266473889350891,-0.008778141811490059,0.17058217525482178,0.545224130153656,0.0007097882335074246,0.0,0.0,0.0,0.0,0.0,0.0,0.0,0.0,0.0,0.0,0.0,0.0,0.0,0.0,0.0,0.0,0.0,0.0,0.0,0.0,0.0,0.0,0.0,0.0,0.0,0.0,0.0,0.0,0.0,0.0,0.0,0.0,0.0,0.0,0.0,0.0,0.0,0.0,0.0,0.0,0.0,0.0,0.0,0.0,0.0,0.0,0.0,0.0,0.0,0.0,0.0,0.0,0.0,0.0,0.0,0.0,0.0,0.0,0.0,0.0,0.0,0.0,0.0,あ
0.1825413703918457,0.6509448289871216,-2.7522912660060683e-07,0.227341428399086,0.6246879696846008,-0.011355048045516014,0.2611420452594757,0.560583233833313,-0.012811840511858463,0.2841101586818695,0.511489987373352,-0.015453586354851723,0.3114919066429138,0.4936433434486389,-0.015435910783708096,0.24371565878391266,0.5188124179840088,0.0028511241544038057,0.25022462010383606,0.47792255878448486,-0.013919301331043243,0.23800820112228394,0.5171563029289246,-0.020568938925862312,0.23174148797988892,0.5419614911079407,-0.021455954760313034,0.21544522047042847,0.5140137672424316,0.0028048520907759666,0.2202005833387375,0.4795404374599457,-0.016560418531298637,0.2117508500814438,0.5341354608535767,-0.01824219338595867,0.20774486660957336,0.5588980317115784,-0.013027047738432884,0.18769073486328125,0.5161383748054504,-0.0009920807788148522,0.19070902466773987,0.4866182208061218,-0.020177677273750305,0.18991240859031677,0.5373860001564026,-0.01385244820266962,0.18905383348464966,0.56229168176651,-0.0028680984396487474,0.15965604782104492,0.5205088257789612,-0.005810877773910761,0.16099116206169128,0.49166178703308105,-0.014733202755451202,0.16745996475219727,0.5214637517929077,-0.008093975484371185,0.17164111137390137,0.5400312542915344,0.0008154952083714306,0.0,0.0,0.0,0.0,0.0,0.0,0.0,0.0,0.0,0.0,0.0,0.0,0.0,0.0,0.0,0.0,0.0,0.0,0.0,0.0,0.0,0.0,0.0,0.0,0.0,0.0,0.0,0.0,0.0,0.0,0.0,0.0,0.0,0.0,0.0,0.0,0.0,0.0,0.0,0.0,0.0,0.0,0.0,0.0,0.0,0.0,0.0,0.0,0.0,0.0,0.0,0.0,0.0,0.0,0.0,0.0,0.0,0.0,0.0,0.0,0.0,0.0,0.0,あ
0.18249444663524628,0.6521995067596436,-2.664122291662352e-07,0.2268637865781784,0.6249373555183411,-0.0118572898209095,0.2596290409564972,0.5602784156799316,-0.013561512343585491,0.2834166884422302,0.5110079050064087,-0.016542883589863777,0.31145334243774414,0.49372398853302,-0.016663797199726105,0.24220478534698486,0.5200742483139038,0.003682662732899189,0.2489546239376068,0.4787323474884033,-0.012984837405383587,0.23740169405937195,0.518896222114563,-0.019733304157853127,0.23133140802383423,0.5440052151679993,-0.020782146602869034,0.2137957662343979,0.5157276391983032,0.003531551919877529,0.21839815378189087,0.479032963514328,-0.01625896245241165,0.21141597628593445,0.5343714952468872,-0.0184859000146389,0.2078733593225479,0.5600754618644714,-0.013523001223802567,0.1860092282295227,0.5185200572013855,-0.0004892880097031593,0.1889248788356781,0.48648715019226074,-0.020092759281396866,0.18940533697605133,0.5376994609832764,-0.013986628502607346,0.1886020004749298,0.5637208223342896,-0.002971984213218093,0.15839006006717682,0.5235567092895508,-0.005632705520838499,0.1586180031299591,0.49182790517807007,-0.01491512730717659,0.1654280126094818,0.5206320285797119,-0.008537684567272663,0.16955935955047607,0.5399218201637268,0.00023042138491291553,0.0,0.0,0.0,0.0,0.0,0.0,0.0,0.0,0.0,0.0,0.0,0.0,0.0,0.0,0.0,0.0,0.0,0.0,0.0,0.0,0.0,0.0,0.0,0.0,0.0,0.0,0.0,0.0,0.0,0.0,0.0,0.0,0.0,0.0,0.0,0.0,0.0,0.0,0.0,0.0,0.0,0.0,0.0,0.0,0.0,0.0,0.0,0.0,0.0,0.0,0.0,0.0,0.0,0.0,0.0,0.0,0.0,0.0,0.0,0.0,0.0,0.0,0.0,あ
0.18114066123962402,0.6539632081985474,-2.8985374456169666e-07,0.22606396675109863,0.6287256479263306,-0.012389520183205605,0.2599802017211914,0.5615350008010864,-0.013621075078845024,0.2829393148422241,0.5109329223632812,-0.015662778168916702,0.3104945123195648,0.4930025041103363,-0.014492125250399113,0.2425006628036499,0.5214328765869141,0.0033964866306632757,0.24950216710567474,0.4792589843273163,-0.013523189350962639,0.23675855994224548,0.5212204456329346,-0.019782472401857376,0.23063181340694427,0.5466403365135193,-0.020341018214821815,0.21404998004436493,0.5165175795555115,0.0038390406407415867,0.21813027560710907,0.4786611795425415,-0.01636512018740177,0.21056626737117767,0.5357254147529602,-0.017560793086886406,0.20810171961784363,0.5613030791282654,-0.01154666393995285,0.18629369139671326,0.5185388922691345,0.0002658120356500149,0.18879510462284088,0.48659151792526245,-0.019828125834465027,0.1882823407649994,0.5400037169456482,-0.012310587801039219,0.18768326938152313,0.5652987957000732,-0.0001506969565525651,0.1585494726896286,0.5227004289627075,-0.00444839196279645,0.16017436981201172,0.49348679184913635,-0.013766702264547348,0.1652919054031372,0.5261518955230713,-0.006306332536041737,0.16812999546527863,0.5449340343475342,0.0032949894666671753,0.0,0.0,0.0,0.0,0.0,0.0,0.0,0.0,0.0,0.0,0.0,0.0,0.0,0.0,0.0,0.0,0.0,0.0,0.0,0.0,0.0,0.0,0.0,0.0,0.0,0.0,0.0,0.0,0.0,0.0,0.0,0.0,0.0,0.0,0.0,0.0,0.0,0.0,0.0,0.0,0.0,0.0,0.0,0.0,0.0,0.0,0.0,0.0,0.0,0.0,0.0,0.0,0.0,0.0,0.0,0.0,0.0,0.0,0.0,0.0,0.0,0.0,0.0,あ
0.18097013235092163,0.6515620946884155,-2.9445669724736945e-07,0.2260178029537201,0.6268620491027832,-0.012236502021551132,0.26053059101104736,0.5618534684181213,-0.013471178710460663,0.2839019298553467,0.5115340948104858,-0.015436583198606968,0.31089404225349426,0.49294403195381165,-0.014174188487231731,0.24186527729034424,0.5211751461029053,0.002945950021967292,0.2490866780281067,0.4788855314254761,-0.013454404659569263,0.23561766743659973,0.5211125612258911,-0.01919827051460743,0.22932715713977814,0.5452257990837097,-0.01969478838145733,0.2135481834411621,0.5165072679519653,0.0032726500649005175,0.21820013225078583,0.47970476746559143,-0.015959950163960457,0.2095736265182495,0.5369505286216736,-0.016444914042949677,0.20629143714904785,0.559921383857727,-0.010480565950274467,0.18575172126293182,0.5190166234970093,-0.0003440795699134469,0.18882763385772705,0.4877159297466278,-0.019880902022123337,0.18739745020866394,0.5407113432884216,-0.011594343930482864,0.1860414743423462,0.5632811188697815,0.0006192724104039371,0.15783214569091797,0.5232740640640259,-0.005069253500550985,0.16004884243011475,0.49368125200271606,-0.013961147516965866,0.16486595571041107,0.5260202288627625,-0.005750090349465609,0.16709162294864655,0.5433262586593628,0.004109275992959738,0.0,0.0,0.0,0.0,0.0,0.0,0.0,0.0,0.0,0.0,0.0,0.0,0.0,0.0,0.0,0.0,0.0,0.0,0.0,0.0,0.0,0.0,0.0,0.0,0.0,0.0,0.0,0.0,0.0,0.0,0.0,0.0,0.0,0.0,0.0,0.0,0.0,0.0,0.0,0.0,0.0,0.0,0.0,0.0,0.0,0.0,0.0,0.0,0.0,0.0,0.0,0.0,0.0,0.0,0.0,0.0,0.0,0.0,0.0,0.0,0.0,0.0,0.0,あ
0.1815701425075531,0.6502935290336609,-2.8749354896717705e-07,0.22681324183940887,0.6254869699478149,-0.011470024473965168,0.26049500703811646,0.5614308714866638,-0.012947346083819866,0.28375905752182007,0.5117671489715576,-0.015473555773496628,0.3112007677555084,0.4936399459838867,-0.015444700606167316,0.24180705845355988,0.5205343961715698,0.0019197040237486362,0.24965423345565796,0.4785885512828827,-0.01491538155823946,0.23743638396263123,0.5183107256889343,-0.021571122109889984,0.23020336031913757,0.544340193271637,-0.02251116745173931,0.2136867791414261,0.5163451433181763,0.001873063505627215,0.21844351291656494,0.4793770909309387,-0.017820004373788834,0.21058450639247894,0.5357013940811157,-0.01935930736362934,0.20620307326316833,0.5624704957008362,-0.014049054123461246,0.18598821759223938,0.5190126299858093,-0.0018182308413088322,0.1889542043209076,0.4870149791240692,-0.021681133657693863,0.18819554150104523,0.5400025844573975,-0.014396830461919308,0.1864716112613678,0.5660945177078247,-0.0026800474151968956,0.1577964425086975,0.5241996049880981,-0.006462139077484608,0.16016946732997894,0.493534654378891,-0.016071021556854248,0.1656825691461563,0.5261240005493164,-0.008480235934257507,0.16793526709079742,0.5457954406738281,0.0010903667425736785,0.0,0.0,0.0,0.0,0.0,0.0,0.0,0.0,0.0,0.0,0.0,0.0,0.0,0.0,0.0,0.0,0.0,0.0,0.0,0.0,0.0,0.0,0.0,0.0,0.0,0.0,0.0,0.0,0.0,0.0,0.0,0.0,0.0,0.0,0.0,0.0,0.0,0.0,0.0,0.0,0.0,0.0,0.0,0.0,0.0,0.0,0.0,0.0,0.0,0.0,0.0,0.0,0.0,0.0,0.0,0.0,0.0,0.0,0.0,0.0,0.0,0.0,0.0,あ
0.18382173776626587,0.6493479609489441,-2.858078005374409e-07,0.22822600603103638,0.6257448792457581,-0.012416398152709007,0.2622334957122803,0.560041069984436,-0.014271939173340797,0.28536680340766907,0.5105533599853516,-0.016793997958302498,0.313750684261322,0.492799311876297,-0.016430163756012917,0.24299824237823486,0.5172460675239563,0.0020648317877203226,0.250560462474823,0.47896042466163635,-0.015163593925535679,0.2383786141872406,0.521467387676239,-0.02171284891664982,0.23091739416122437,0.5463478565216064,-0.02241598442196846,0.21476873755455017,0.5123963952064514,0.002562655368819833,0.2205076366662979,0.47876429557800293,-0.0174596905708313,0.21191544830799103,0.537395179271698,-0.018443379551172256,0.20678238570690155,0.5621747970581055,-0.01232991460710764,0.18689334392547607,0.5150393843650818,-0.0007766924099996686,0.19084876775741577,0.48808974027633667,-0.021149368956685066,0.18938305974006653,0.5428961515426636,-0.013203280046582222,0.1873936951160431,0.5663625597953796,-0.000719195231795311,0.15865448117256165,0.5201094746589661,-0.005057784728705883,0.1627231240272522,0.49561136960983276,-0.014133771881461143,0.16727033257484436,0.530189037322998,-0.005642261356115341,0.16860336065292358,0.5468477606773376,0.004648962989449501,0.0,0.0,0.0,0.0,0.0,0.0,0.0,0.0,0.0,0.0,0.0,0.0,0.0,0.0,0.0,0.0,0.0,0.0,0.0,0.0,0.0,0.0,0.0,0.0,0.0,0.0,0.0,0.0,0.0,0.0,0.0,0.0,0.0,0.0,0.0,0.0,0.0,0.0,0.0,0.0,0.0,0.0,0.0,0.0,0.0,0.0,0.0,0.0,0.0,0.0,0.0,0.0,0.0,0.0,0.0,0.0,0.0,0.0,0.0,0.0,0.0,0.0,0.0,あ
0.18495923280715942,0.6485813856124878,-2.880358067613997e-07,0.22925129532814026,0.6274573802947998,-0.01294116210192442,0.26380717754364014,0.5631256699562073,-0.014675910584628582,0.2862703502178192,0.5114952325820923,-0.01656266860663891,0.31403446197509766,0.4926040470600128,-0.01514300424605608,0.24540114402770996,0.5169135928153992,0.0013310043141245842,0.2532157599925995,0.47927019000053406,-0.014682186767458916,0.24066196382045746,0.522103488445282,-0.019860781729221344,0.23382040858268738,0.5437438488006592,-0.0201299786567688,0.21684913337230682,0.5122971534729004,0.002261064015328884,0.22183308005332947,0.47911402583122253,-0.017507435753941536,0.21452029049396515,0.5385847091674805,-0.01777770183980465,0.21087545156478882,0.5604807734489441,-0.011233896017074585,0.18919403851032257,0.5150271058082581,-0.0004941836232319474,0.19104598462581635,0.488578736782074,-0.020816469565033913,0.1913169026374817,0.5437893867492676,-0.01231308002024889,0.1907258778810501,0.5643395185470581,0.00040789326885715127,0.16150856018066406,0.5198134779930115,-0.004166268277913332,0.1644565761089325,0.49637699127197266,-0.013462699018418789,0.16918785870075226,0.5315178036689758,-0.004801522474735975,0.1707109957933426,0.5463818907737732,0.005629671737551689,0.0,0.0,0.0,0.0,0.0,0.0,0.0,0.0,0.0,0.0,0.0,0.0,0.0,0.0,0.0,0.0,0.0,0.0,0.0,0.0,0.0,0.0,0.0,0.0,0.0,0.0,0.0,0.0,0.0,0.0,0.0,0.0,0.0,0.0,0.0,0.0,0.0,0.0,0.0,0.0,0.0,0.0,0.0,0.0,0.0,0.0,0.0,0.0,0.0,0.0,0.0,0.0,0.0,0.0,0.0,0.0,0.0,0.0,0.0,0.0,0.0,0.0,0.0,あ
0.18550263345241547,0.6495123505592346,-2.7705118554877117e-07,0.23123008012771606,0.6251740455627441,-0.012014447711408138,0.2651924192905426,0.5617385506629944,-0.013548057526350021,0.28788959980010986,0.5124329328536987,-0.0159238800406456,0.3143511116504669,0.492600679397583,-0.015651153400540352,0.24596959352493286,0.5177363157272339,0.002321680076420307,0.252958744764328,0.4796968102455139,-0.014654110185801983,0.2410525232553482,0.5197131037712097,-0.021164042875170708,0.23423445224761963,0.5440018773078918,-0.02189921773970127,0.2174340933561325,0.5128371715545654,0.0026947723235934973,0.22206862270832062,0.4806128740310669,-0.017327049747109413,0.21393366158008575,0.5372926592826843,-0.018560927361249924,0.20992156863212585,0.5618261694908142,-0.012791994027793407,0.18963240087032318,0.5153793096542358,-0.0006741897668689489,0.19194617867469788,0.4888174533843994,-0.021185193210840225,0.19131360948085785,0.5426824688911438,-0.013645912520587444,0.19078165292739868,0.5667269825935364,-0.0014510214095935225,0.16145461797714233,0.5204702019691467,-0.004952182061970234,0.16460298001766205,0.4950650930404663,-0.014465965330600739,0.16985391080379486,0.5289133787155151,-0.006400069687515497,0.17232736945152283,0.546350359916687,0.003694854909554124,0.0,0.0,0.0,0.0,0.0,0.0,0.0,0.0,0.0,0.0,0.0,0.0,0.0,0.0,0.0,0.0,0.0,0.0,0.0,0.0,0.0,0.0,0.0,0.0,0.0,0.0,0.0,0.0,0.0,0.0,0.0,0.0,0.0,0.0,0.0,0.0,0.0,0.0,0.0,0.0,0.0,0.0,0.0,0.0,0.0,0.0,0.0,0.0,0.0,0.0,0.0,0.0,0.0,0.0,0.0,0.0,0.0,0.0,0.0,0.0,0.0,0.0,0.0,あ
0.1854592263698578,0.6497713923454285,-2.8162057219560666e-07,0.2306651920080185,0.6262988448143005,-0.01203168649226427,0.26452386379241943,0.5636734962463379,-0.01355954073369503,0.28699129819869995,0.5146031379699707,-0.01584075205028057,0.31287214159965515,0.4937678575515747,-0.015512694604694843,0.24675634503364563,0.5180577039718628,0.002463565906509757,0.25398948788642883,0.48095637559890747,-0.014457302168011665,0.2414589822292328,0.5207597017288208,-0.021377423778176308,0.23425620794296265,0.5456827878952026,-0.022424859926104546,0.21856673061847687,0.5125196576118469,0.0028745520394295454,0.22286811470985413,0.48156872391700745,-0.016788581386208534,0.2140514999628067,0.5375546216964722,-0.018154587596654892,0.20980128645896912,0.5628792643547058,-0.012563700787723064,0.19073911011219025,0.5144757032394409,-0.00047596966032870114,0.19290274381637573,0.48882436752319336,-0.020371604710817337,0.19150882959365845,0.5420979857444763,-0.012807035818696022,0.19070449471473694,0.5663779973983765,-0.000857098086271435,0.16232195496559143,0.5194860100746155,-0.00478163780644536,0.16636794805526733,0.4962099492549896,-0.01402417104691267,0.17007243633270264,0.5306466817855835,-0.0058599067851901054,0.17116904258728027,0.5477957129478455,0.004199297167360783,0.0,0.0,0.0,0.0,0.0,0.0,0.0,0.0,0.0,0.0,0.0,0.0,0.0,0.0,0.0,0.0,0.0,0.0,0.0,0.0,0.0,0.0,0.0,0.0,0.0,0.0,0.0,0.0,0.0,0.0,0.0,0.0,0.0,0.0,0.0,0.0,0.0,0.0,0.0,0.0,0.0,0.0,0.0,0.0,0.0,0.0,0.0,0.0,0.0,0.0,0.0,0.0,0.0,0.0,0.0,0.0,0.0,0.0,0.0,0.0,0.0,0.0,0.0,あ
0.18572044372558594,0.6508669257164001,-2.793018154534366e-07,0.22970549762248993,0.6275747418403625,-0.012833042070269585,0.26441261172294617,0.5644221305847168,-0.014881760813295841,0.2872905433177948,0.5149771571159363,-0.017465349286794662,0.3138285279273987,0.49569985270500183,-0.017250362783670425,0.24746137857437134,0.5196126103401184,0.001060418551787734,0.25381821393966675,0.480878084897995,-0.016243206337094307,0.24028363823890686,0.5209068059921265,-0.022722400724887848,0.23364686965942383,0.5460593104362488,-0.02339618094265461,0.21904447674751282,0.5147353410720825,0.001787439570762217,0.22290350496768951,0.4814428687095642,-0.018660079687833786,0.2133278101682663,0.5381094813346863,-0.019549347460269928,0.20976196229457855,0.5629428029060364,-0.01337029691785574,0.19106578826904297,0.5169080495834351,-0.0013093220768496394,0.19254721701145172,0.48882967233657837,-0.021979110315442085,0.1908746212720871,0.542199969291687,-0.013997189700603485,0.19070465862751007,0.5657805800437927,-0.0015296704368665814,0.16261032223701477,0.5215036273002625,-0.005392172839492559,0.16485010087490082,0.4964996874332428,-0.015177356079220772,0.16879835724830627,0.5307970643043518,-0.007043750956654549,0.17107246816158295,0.5475967526435852,0.003121317597106099,0.0,0.0,0.0,0.0,0.0,0.0,0.0,0.0,0.0,0.0,0.0,0.0,0.0,0.0,0.0,0.0,0.0,0.0,0.0,0.0,0.0,0.0,0.0,0.0,0.0,0.0,0.0,0.0,0.0,0.0,0.0,0.0,0.0,0.0,0.0,0.0,0.0,0.0,0.0,0.0,0.0,0.0,0.0,0.0,0.0,0.0,0.0,0.0,0.0,0.0,0.0,0.0,0.0,0.0,0.0,0.0,0.0,0.0,0.0,0.0,0.0,0.0,0.0,あ
0.18536607921123505,0.6496580243110657,-2.919624080277572e-07,0.22927814722061157,0.6279791593551636,-0.012515655718743801,0.2638789415359497,0.5649473071098328,-0.014315776526927948,0.2869468331336975,0.5149069428443909,-0.016738073900341988,0.3146350383758545,0.49598681926727295,-0.0162957813590765,0.24660731852054596,0.5193923115730286,0.0018085328629240394,0.2546911835670471,0.48028841614723206,-0.015286752954125404,0.24131788313388824,0.520633339881897,-0.02144804783165455,0.2343348264694214,0.5453652739524841,-0.021886071190238,0.21866494417190552,0.5146027207374573,0.0022817912977188826,0.22362345457077026,0.48073190450668335,-0.01788373850286007,0.21392463147640228,0.5382063388824463,-0.018637986853718758,0.20998410880565643,0.5629975199699402,-0.012349295429885387,0.19089318811893463,0.5168200731277466,-0.0010875645093619823,0.19372102618217468,0.4893845319747925,-0.022326277568936348,0.19167116284370422,0.5444877743721008,-0.014514894224703312,0.19103774428367615,0.5689268708229065,-0.0018689660355448723,0.1624947488307953,0.5213364362716675,-0.00535386148840189,0.165142223238945,0.4944850504398346,-0.015738071873784065,0.16952502727508545,0.5289781093597412,-0.007753398735076189,0.17227140069007874,0.5469569563865662,0.002484093653038144,0.0,0.0,0.0,0.0,0.0,0.0,0.0,0.0,0.0,0.0,0.0,0.0,0.0,0.0,0.0,0.0,0.0,0.0,0.0,0.0,0.0,0.0,0.0,0.0,0.0,0.0,0.0,0.0,0.0,0.0,0.0,0.0,0.0,0.0,0.0,0.0,0.0,0.0,0.0,0.0,0.0,0.0,0.0,0.0,0.0,0.0,0.0,0.0,0.0,0.0,0.0,0.0,0.0,0.0,0.0,0.0,0.0,0.0,0.0,0.0,0.0,0.0,0.0,あ
0.1858501434326172,0.6493135094642639,-2.93357317104892e-07,0.23005515336990356,0.6281378865242004,-0.012792973779141903,0.26496654748916626,0.5648088455200195,-0.014523954130709171,0.2875381112098694,0.5149542689323425,-0.016705820336937904,0.3144945204257965,0.4958512783050537,-0.015963301062583923,0.2472050040960312,0.519885778427124,0.0012827288592234254,0.25446823239326477,0.4813331961631775,-0.01572369411587715,0.2418382167816162,0.5225829482078552,-0.02182382345199585,0.23548556864261627,0.5468938946723938,-0.022307367995381355,0.21935556828975677,0.514814019203186,0.0019183536060154438,0.2235899269580841,0.48158228397369385,-0.0183178149163723,0.21465586125850677,0.5390554666519165,-0.019037503749132156,0.2110072672367096,0.5636170506477356,-0.012763496488332748,0.19172081351280212,0.5168779492378235,-0.001257481868378818,0.19353677332401276,0.489530086517334,-0.02257482148706913,0.1918623149394989,0.5448952913284302,-0.01452289242297411,0.19155023992061615,0.5691254138946533,-0.0017837290652096272,0.16346393525600433,0.5215414762496948,-0.005341444164514542,0.1656952053308487,0.49572283029556274,-0.016008302569389343,0.16963373124599457,0.5314894914627075,-0.007911202497780323,0.17194242775440216,0.5497115254402161,0.0024213199503719807,0.0,0.0,0.0,0.0,0.0,0.0,0.0,0.0,0.0,0.0,0.0,0.0,0.0,0.0,0.0,0.0,0.0,0.0,0.0,0.0,0.0,0.0,0.0,0.0,0.0,0.0,0.0,0.0,0.0,0.0,0.0,0.0,0.0,0.0,0.0,0.0,0.0,0.0,0.0,0.0,0.0,0.0,0.0,0.0,0.0,0.0,0.0,0.0,0.0,0.0,0.0,0.0,0.0,0.0,0.0,0.0,0.0,0.0,0.0,0.0,0.0,0.0,0.0,あ
0.18557849526405334,0.6499683856964111,-2.951666147055221e-07,0.22940778732299805,0.629035234451294,-0.013195829465985298,0.2652691900730133,0.5656709671020508,-0.014966269955039024,0.2878241539001465,0.5151181817054749,-0.017015406861901283,0.31489408016204834,0.4957963824272156,-0.01613529399037361,0.2477799654006958,0.5208525657653809,0.0007709927158430219,0.2552272379398346,0.48158344626426697,-0.016273746266961098,0.24187049269676208,0.5218238234519958,-0.02224227599799633,0.23505768179893494,0.5461113452911377,-0.022677740082144737,0.2198926955461502,0.515600323677063,0.0015442821895703673,0.22419296205043793,0.4806988537311554,-0.019230950623750687,0.21467210352420807,0.5388628840446472,-0.020061086863279343,0.2108597457408905,0.5640912055969238,-0.013606507331132889,0.1924099624156952,0.5175526738166809,-0.001503419829532504,0.19359596073627472,0.4904118478298187,-0.02342156693339348,0.1918920874595642,0.5464909672737122,-0.015436256304383278,0.19185598194599152,0.5706640481948853,-0.0025067480746656656,0.1640753298997879,0.522127628326416,-0.005454898811876774,0.1661921888589859,0.4964691996574402,-0.016332872211933136,0.170032799243927,0.5322477221488953,-0.008195786736905575,0.17267832159996033,0.5495675802230835,0.002187880454584956,0.0,0.0,0.0,0.0,0.0,0.0,0.0,0.0,0.0,0.0,0.0,0.0,0.0,0.0,0.0,0.0,0.0,0.0,0.0,0.0,0.0,0.0,0.0,0.0,0.0,0.0,0.0,0.0,0.0,0.0,0.0,0.0,0.0,0.0,0.0,0.0,0.0,0.0,0.0,0.0,0.0,0.0,0.0,0.0,0.0,0.0,0.0,0.0,0.0,0.0,0.0,0.0,0.0,0.0,0.0,0.0,0.0,0.0,0.0,0.0,0.0,0.0,0.0,あ
0.18621443212032318,0.6513455510139465,-2.943222341400542e-07,0.23003384470939636,0.6287129521369934,-0.012874110601842403,0.2655712366104126,0.5654666423797607,-0.014949494041502476,0.288046658039093,0.5154736638069153,-0.017438974231481552,0.3148557245731354,0.4951067566871643,-0.016895873472094536,0.2477065920829773,0.5194218754768372,0.0008761102217249572,0.25462043285369873,0.4805659353733063,-0.01626882515847683,0.24230454862117767,0.5225153565406799,-0.022338008508086205,0.23602016270160675,0.5469191670417786,-0.02281641587615013,0.219462588429451,0.514737069606781,0.0013171873288229108,0.22362321615219116,0.4803037643432617,-0.019096549600362778,0.21521008014678955,0.5393693447113037,-0.019669510424137115,0.21132388710975647,0.5642136931419373,-0.013219294138252735,0.19172970950603485,0.5173667073249817,-0.0020302697084844112,0.19332285225391388,0.48929277062416077,-0.02326034940779209,0.19248032569885254,0.5452912449836731,-0.01472184807062149,0.19214986264705658,0.5692019462585449,-0.0016732283402234316,0.1633347123861313,0.5225673317909241,-0.006312956567853689,0.16547700762748718,0.49641311168670654,-0.016529832035303116,0.16999229788780212,0.5319615602493286,-0.007849186658859253,0.17217111587524414,0.5492767691612244,0.0028420784510672092,0.0,0.0,0.0,0.0,0.0,0.0,0.0,0.0,0.0,0.0,0.0,0.0,0.0,0.0,0.0,0.0,0.0,0.0,0.0,0.0,0.0,0.0,0.0,0.0,0.0,0.0,0.0,0.0,0.0,0.0,0.0,0.0,0.0,0.0,0.0,0.0,0.0,0.0,0.0,0.0,0.0,0.0,0.0,0.0,0.0,0.0,0.0,0.0,0.0,0.0,0.0,0.0,0.0,0.0,0.0,0.0,0.0,0.0,0.0,0.0,0.0,0.0,0.0,あ
0.1857193410396576,0.6527441740036011,-2.9230281484160514e-07,0.23010869324207306,0.6303554773330688,-0.012939445674419403,0.26556313037872314,0.5666435360908508,-0.01493306178599596,0.2888103723526001,0.516636312007904,-0.017503958195447922,0.3159251809120178,0.49704426527023315,-0.017138130962848663,0.24863959848880768,0.5216329097747803,0.0011649932712316513,0.2550628185272217,0.4813849925994873,-0.016306744888424873,0.2420428842306137,0.5220815539360046,-0.02265021577477455,0.23593802750110626,0.5473769307136536,-0.023170797154307365,0.22030802071094513,0.5167697668075562,0.0016393046826124191,0.22415763139724731,0.4814956486225128,-0.019189652055501938,0.2151276171207428,0.5396875739097595,-0.02009131945669651,0.21191346645355225,0.5650011301040649,-0.013761673122644424,0.19228830933570862,0.5188831686973572,-0.0017701230244711041,0.19402697682380676,0.48985162377357483,-0.02345416508615017,0.19237740337848663,0.5454344749450684,-0.015507236123085022,0.19214606285095215,0.5703412890434265,-0.002689147600904107,0.16372783482074738,0.5232606530189514,-0.006158372387290001,0.16490697860717773,0.49549704790115356,-0.016984669491648674,0.16966602206230164,0.5301982164382935,-0.009094126522541046,0.17292682826519012,0.5486903190612793,0.0011722707422450185,0.0,0.0,0.0,0.0,0.0,0.0,0.0,0.0,0.0,0.0,0.0,0.0,0.0,0.0,0.0,0.0,0.0,0.0,0.0,0.0,0.0,0.0,0.0,0.0,0.0,0.0,0.0,0.0,0.0,0.0,0.0,0.0,0.0,0.0,0.0,0.0,0.0,0.0,0.0,0.0,0.0,0.0,0.0,0.0,0.0,0.0,0.0,0.0,0.0,0.0,0.0,0.0,0.0,0.0,0.0,0.0,0.0,0.0,0.0,0.0,0.0,0.0,0.0,あ
0.18472397327423096,0.6530469655990601,-2.9508302645808726e-07,0.2293819785118103,0.6304982304573059,-0.013344109058380127,0.2653774917125702,0.5667775869369507,-0.01526486687362194,0.2886697053909302,0.5162737369537354,-0.01754777319729328,0.31495654582977295,0.49578341841697693,-0.01674882508814335,0.247703418135643,0.5217168927192688,0.0010557377245277166,0.25471165776252747,0.4813651144504547,-0.016278894618153572,0.2418038249015808,0.5230140686035156,-0.02239062637090683,0.23577041923999786,0.5469149351119995,-0.022811798378825188,0.21925361454486847,0.516274631023407,0.001799760852009058,0.2234518826007843,0.4807639718055725,-0.018878253176808357,0.21460795402526855,0.539417028427124,-0.019635308533906937,0.21128401160240173,0.5635277628898621,-0.013254704885184765,0.19145512580871582,0.5179864168167114,-0.0013621357502415776,0.1930452287197113,0.4891161322593689,-0.023270899429917336,0.19173917174339294,0.5456129312515259,-0.015297372825443745,0.1916169673204422,0.5700761079788208,-0.0024039223790168762,0.16324755549430847,0.5222132802009583,-0.005492310971021652,0.16443514823913574,0.49428194761276245,-0.01681169867515564,0.16914010047912598,0.5305724143981934,-0.008960198611021042,0.17230503261089325,0.5498528480529785,0.0014103874564170837,0.0,0.0,0.0,0.0,0.0,0.0,0.0,0.0,0.0,0.0,0.0,0.0,0.0,0.0,0.0,0.0,0.0,0.0,0.0,0.0,0.0,0.0,0.0,0.0,0.0,0.0,0.0,0.0,0.0,0.0,0.0,0.0,0.0,0.0,0.0,0.0,0.0,0.0,0.0,0.0,0.0,0.0,0.0,0.0,0.0,0.0,0.0,0.0,0.0,0.0,0.0,0.0,0.0,0.0,0.0,0.0,0.0,0.0,0.0,0.0,0.0,0.0,0.0,あ
0.18506835401058197,0.6507704854011536,-2.966194188047666e-07,0.2299252450466156,0.6296999454498291,-0.01342251617461443,0.26569846272468567,0.5662177801132202,-0.01536240242421627,0.28890013694763184,0.5159469246864319,-0.017722411081194878,0.3150646388530731,0.4960830807685852,-0.01711983233690262,0.24774931371212006,0.5204636454582214,0.0005634225090034306,0.25528353452682495,0.48038288950920105,-0.017381200566887856,0.2424774318933487,0.5217174291610718,-0.024085301905870438,0.23608797788619995,0.5465992093086243,-0.02481655962765217,0.2195448875427246,0.5154427289962769,0.0013342802412807941,0.22349688410758972,0.48056671023368835,-0.02009548805654049,0.21493543684482574,0.5388717651367188,-0.02132824994623661,0.21158267557621002,0.5643405914306641,-0.015179554000496864,0.1918952614068985,0.517400324344635,-0.001819779397919774,0.19287201762199402,0.48913857340812683,-0.024180246517062187,0.19199863076210022,0.545662522315979,-0.016439277678728104,0.19204387068748474,0.5713245272636414,-0.0036290313582867384,0.16349466145038605,0.5218946933746338,-0.005958321504294872,0.16508105397224426,0.49549368023872375,-0.017610467970371246,0.16953301429748535,0.5321240425109863,-0.010013687424361706,0.17231106758117676,0.5514591932296753,0.00017585772729944438,0.0,0.0,0.0,0.0,0.0,0.0,0.0,0.0,0.0,0.0,0.0,0.0,0.0,0.0,0.0,0.0,0.0,0.0,0.0,0.0,0.0,0.0,0.0,0.0,0.0,0.0,0.0,0.0,0.0,0.0,0.0,0.0,0.0,0.0,0.0,0.0,0.0,0.0,0.0,0.0,0.0,0.0,0.0,0.0,0.0,0.0,0.0,0.0,0.0,0.0,0.0,0.0,0.0,0.0,0.0,0.0,0.0,0.0,0.0,0.0,0.0,0.0,0.0,あ
0.18625131249427795,0.6527853608131409,-2.845985989097244e-07,0.23066578805446625,0.62960284948349,-0.013817522674798965,0.2662040889263153,0.5666161775588989,-0.015857698395848274,0.28948378562927246,0.5171055197715759,-0.018374675884842873,0.31540387868881226,0.49598267674446106,-0.01788455992937088,0.24874889850616455,0.5208786725997925,0.0016413959674537182,0.2552371323108673,0.4817703366279602,-0.01647697389125824,0.24274224042892456,0.5214174389839172,-0.023433510214090347,0.236573725938797,0.5466103553771973,-0.024154484272003174,0.22078658640384674,0.5155575275421143,0.002587307943031192,0.22416898608207703,0.48235851526260376,-0.018661728128790855,0.21560713648796082,0.5400834679603577,-0.0200608242303133,0.21287871897220612,0.5650539398193359,-0.01398197840899229,0.19309672713279724,0.5175004601478577,-0.0006221765070222318,0.1942555457353592,0.4908747971057892,-0.022910552099347115,0.19280800223350525,0.5458025336265564,-0.0157151035964489,0.1929745376110077,0.5701678395271301,-0.003178982762619853,0.16470038890838623,0.5221088528633118,-0.0048860833048820496,0.16533046960830688,0.494870126247406,-0.016228295862674713,0.1700488179922104,0.529392659664154,-0.008921237662434578,0.17366120219230652,0.5480806231498718,0.0011122284922748804,0.0,0.0,0.0,0.0,0.0,0.0,0.0,0.0,0.0,0.0,0.0,0.0,0.0,0.0,0.0,0.0,0.0,0.0,0.0,0.0,0.0,0.0,0.0,0.0,0.0,0.0,0.0,0.0,0.0,0.0,0.0,0.0,0.0,0.0,0.0,0.0,0.0,0.0,0.0,0.0,0.0,0.0,0.0,0.0,0.0,0.0,0.0,0.0,0.0,0.0,0.0,0.0,0.0,0.0,0.0,0.0,0.0,0.0,0.0,0.0,0.0,0.0,0.0,あ
0.1856262981891632,0.652195930480957,-3.010046327744931e-07,0.23029708862304688,0.6320517063140869,-0.013829893432557583,0.26681631803512573,0.5683645009994507,-0.01576119475066662,0.28954964876174927,0.5165820121765137,-0.01779671385884285,0.3161831498146057,0.49707886576652527,-0.0165468230843544,0.2489645928144455,0.5219597816467285,0.00033676691236905754,0.2562815845012665,0.48208296298980713,-0.017013365402817726,0.2429303377866745,0.5239285230636597,-0.022759536281228065,0.23687492311000824,0.5477805137634277,-0.02293294481933117,0.22083954513072968,0.5168618559837341,0.0014630308141931891,0.22503314912319183,0.4819639325141907,-0.01946728490293026,0.21621017158031464,0.5407587289810181,-0.019870789721608162,0.2134806513786316,0.5642275810241699,-0.013143622316420078,0.19327527284622192,0.5186030268669128,-0.0013269394403323531,0.19445832073688507,0.4903257191181183,-0.02318032830953598,0.19301621615886688,0.5466172695159912,-0.014683729037642479,0.19318895041942596,0.5698448419570923,-0.0014905821299180388,0.1650235503911972,0.5227134227752686,-0.005126137752085924,0.16677355766296387,0.4962979853153229,-0.01589897833764553,0.17083533108234406,0.5322654247283936,-0.007632508408278227,0.17347460985183716,0.5499064922332764,0.0028919787146151066,0.0,0.0,0.0,0.0,0.0,0.0,0.0,0.0,0.0,0.0,0.0,0.0,0.0,0.0,0.0,0.0,0.0,0.0,0.0,0.0,0.0,0.0,0.0,0.0,0.0,0.0,0.0,0.0,0.0,0.0,0.0,0.0,0.0,0.0,0.0,0.0,0.0,0.0,0.0,0.0,0.0,0.0,0.0,0.0,0.0,0.0,0.0,0.0,0.0,0.0,0.0,0.0,0.0,0.0,0.0,0.0,0.0,0.0,0.0,0.0,0.0,0.0,0.0,あ
0.18865317106246948,0.6561791300773621,-2.88431834860603e-07,0.23276445269584656,0.6315819621086121,-0.012333483435213566,0.26748165488243103,0.566342830657959,-0.013962841592729092,0.2898331880569458,0.517283022403717,-0.016305217519402504,0.31596019864082336,0.49811017513275146,-0.015695098787546158,0.24940650165081024,0.5221040844917297,0.0017937233205884695,0.2561384439468384,0.4827529489994049,-0.015228047035634518,0.24393385648727417,0.52410888671875,-0.021517444401979446,0.2374958097934723,0.5491257309913635,-0.0221042912453413,0.22090929746627808,0.516944944858551,0.0020503851119428873,0.22511516511440277,0.4826776087284088,-0.01804540678858757,0.217081218957901,0.5409217476844788,-0.018925290554761887,0.2134014219045639,0.5661771893501282,-0.012779085896909237,0.19289149343967438,0.5192238688468933,-0.0014934277860447764,0.1952870786190033,0.4904434382915497,-0.022047339007258415,0.1944691687822342,0.5450411438941956,-0.014126787893474102,0.19363796710968018,0.5694971680641174,-0.0016171470051631331,0.16437099874019623,0.5244026184082031,-0.006012591067701578,0.16688954830169678,0.4963352680206299,-0.015833942219614983,0.17211608588695526,0.5304858088493347,-0.0076409149914979935,0.17461076378822327,0.5490797758102417,0.0026726704090833664,0.0,0.0,0.0,0.0,0.0,0.0,0.0,0.0,0.0,0.0,0.0,0.0,0.0,0.0,0.0,0.0,0.0,0.0,0.0,0.0,0.0,0.0,0.0,0.0,0.0,0.0,0.0,0.0,0.0,0.0,0.0,0.0,0.0,0.0,0.0,0.0,0.0,0.0,0.0,0.0,0.0,0.0,0.0,0.0,0.0,0.0,0.0,0.0,0.0,0.0,0.0,0.0,0.0,0.0,0.0,0.0,0.0,0.0,0.0,0.0,0.0,0.0,0.0,あ
0.18742914497852325,0.6546368598937988,-2.9996661510267586e-07,0.23171816766262054,0.633131742477417,-0.013501585461199284,0.26746582984924316,0.5686742067337036,-0.015437607653439045,0.28995150327682495,0.5171799659729004,-0.01761782169342041,0.3167099952697754,0.4981296956539154,-0.016766997054219246,0.24886377155780792,0.5237393379211426,-2.559767381171696e-06,0.25631099939346313,0.48341837525367737,-0.017109721899032593,0.24340908229351044,0.5243744254112244,-0.02305538021028042,0.23689164221286774,0.548401951789856,-0.023491404950618744,0.22064775228500366,0.5186910033226013,0.000902337662409991,0.2252897024154663,0.4832628667354584,-0.01966608688235283,0.21635837852954865,0.5417918562889099,-0.020199038088321686,0.21232964098453522,0.5664490461349487,-0.013763707131147385,0.19307202100753784,0.5203907489776611,-0.0020271081011742353,0.19547513127326965,0.4906861484050751,-0.02331947162747383,0.19405566155910492,0.5461024641990662,-0.015173625200986862,0.1930454522371292,0.5704885721206665,-0.0023738446179777384,0.16482758522033691,0.5244048833847046,-0.005971468519419432,0.16722671687602997,0.4958726763725281,-0.016526516526937485,0.17219558358192444,0.5305941104888916,-0.008567976765334606,0.17467419803142548,0.5491428971290588,0.0016294429078698158,0.0,0.0,0.0,0.0,0.0,0.0,0.0,0.0,0.0,0.0,0.0,0.0,0.0,0.0,0.0,0.0,0.0,0.0,0.0,0.0,0.0,0.0,0.0,0.0,0.0,0.0,0.0,0.0,0.0,0.0,0.0,0.0,0.0,0.0,0.0,0.0,0.0,0.0,0.0,0.0,0.0,0.0,0.0,0.0,0.0,0.0,0.0,0.0,0.0,0.0,0.0,0.0,0.0,0.0,0.0,0.0,0.0,0.0,0.0,0.0,0.0,0.0,0.0,あ
0.18565043807029724,0.6548926830291748,-2.8577372290783387e-07,0.23036503791809082,0.632291316986084,-0.013856623321771622,0.26641854643821716,0.5687711238861084,-0.015807494521141052,0.2896915674209595,0.5185684561729431,-0.017908593639731407,0.3157123327255249,0.49901527166366577,-0.01679474487900734,0.24939724802970886,0.5232322812080383,0.001017174799926579,0.2556057572364807,0.4837476909160614,-0.016347043216228485,0.2425948977470398,0.5248699188232422,-0.022681010887026787,0.23683328926563263,0.5482279658317566,-0.023351654410362244,0.22121644020080566,0.5173631906509399,0.002130944514647126,0.2244037687778473,0.48269885778427124,-0.018635181710124016,0.21583738923072815,0.540578305721283,-0.019549578428268433,0.21321183443069458,0.5640081167221069,-0.013346482999622822,0.19369252026081085,0.5185858011245728,-0.00074145442340523,0.19413849711418152,0.489827960729599,-0.02232079766690731,0.19337300956249237,0.5453915596008301,-0.014407857321202755,0.1938266158103943,0.5691699981689453,-0.001763524254783988,0.16559210419654846,0.5223399996757507,-0.0046975137665867805,0.1666853427886963,0.49636855721473694,-0.015719352290034294,0.17107373476028442,0.5323330760002136,-0.008058431558310986,0.17402230203151703,0.5505453944206238,0.002060558646917343,0.0,0.0,0.0,0.0,0.0,0.0,0.0,0.0,0.0,0.0,0.0,0.0,0.0,0.0,0.0,0.0,0.0,0.0,0.0,0.0,0.0,0.0,0.0,0.0,0.0,0.0,0.0,0.0,0.0,0.0,0.0,0.0,0.0,0.0,0.0,0.0,0.0,0.0,0.0,0.0,0.0,0.0,0.0,0.0,0.0,0.0,0.0,0.0,0.0,0.0,0.0,0.0,0.0,0.0,0.0,0.0,0.0,0.0,0.0,0.0,0.0,0.0,0.0,あ
0.1854344606399536,0.6536754965782166,-3.0381360716091876e-07,0.23011094331741333,0.6327381134033203,-0.013623413629829884,0.26651841402053833,0.5697718858718872,-0.01592661812901497,0.2893722355365753,0.5178930163383484,-0.018534669652581215,0.31601256132125854,0.4982045888900757,-0.018078329041600227,0.2482382357120514,0.5241219997406006,-0.0006025670445524156,0.2552536725997925,0.48195940256118774,-0.01859036274254322,0.2426675707101822,0.5234218239784241,-0.02499464526772499,0.23660066723823547,0.548855721950531,-0.02547343634068966,0.22001676261425018,0.519268810749054,0.0002755052410066128,0.22386421263217926,0.4828798770904541,-0.020601099357008934,0.21535944938659668,0.5411030650138855,-0.021325724199414253,0.2117815464735031,0.566064178943634,-0.015157773159444332,0.19265389442443848,0.5210342407226562,-0.002747792052105069,0.19432541728019714,0.4902637004852295,-0.024415764957666397,0.19328106939792633,0.5455411076545715,-0.01642829179763794,0.19252416491508484,0.5704799890518188,-0.0037928028032183647,0.16471688449382782,0.525152325630188,-0.006797229405492544,0.16550402343273163,0.4947987496852875,-0.017917852848768234,0.17071004211902618,0.5295758247375488,-0.010295337066054344,0.1737118512392044,0.5492722988128662,-0.00026767514646053314,0.0,0.0,0.0,0.0,0.0,0.0,0.0,0.0,0.0,0.0,0.0,0.0,0.0,0.0,0.0,0.0,0.0,0.0,0.0,0.0,0.0,0.0,0.0,0.0,0.0,0.0,0.0,0.0,0.0,0.0,0.0,0.0,0.0,0.0,0.0,0.0,0.0,0.0,0.0,0.0,0.0,0.0,0.0,0.0,0.0,0.0,0.0,0.0,0.0,0.0,0.0,0.0,0.0,0.0,0.0,0.0,0.0,0.0,0.0,0.0,0.0,0.0,0.0,あ
0.18543453514575958,0.6540737152099609,-2.910430225711025e-07,0.22996678948402405,0.6317756772041321,-0.013713187538087368,0.26646149158477783,0.5691050291061401,-0.015833629295229912,0.2898486852645874,0.5178087949752808,-0.018282020464539528,0.3170647919178009,0.49867773056030273,-0.017637213692069054,0.24839892983436584,0.5230737924575806,0.001349477912299335,0.256864458322525,0.4823574721813202,-0.01602698303759098,0.24372084438800812,0.5218465924263,-0.022491486743092537,0.23718754947185516,0.5465672016143799,-0.023235144093632698,0.22050261497497559,0.5181489586830139,0.0023379263002425432,0.22514787316322327,0.4819633364677429,-0.018887773156166077,0.21615128219127655,0.5396909117698669,-0.020328685641288757,0.21296364068984985,0.5653311014175415,-0.014247327111661434,0.1932440996170044,0.5198981165885925,-0.0006122999475337565,0.1945544183254242,0.49136048555374146,-0.022403553128242493,0.19337353110313416,0.546016275882721,-0.015057540498673916,0.19332857429981232,0.5706849098205566,-0.0025330998469144106,0.16527003049850464,0.5240291953086853,-0.004617633298039436,0.1665002405643463,0.4966382086277008,-0.01537779625505209,0.17136505246162415,0.5309194326400757,-0.007918711751699448,0.1747690588235855,0.5493532419204712,0.0020610461942851543,0.0,0.0,0.0,0.0,0.0,0.0,0.0,0.0,0.0,0.0,0.0,0.0,0.0,0.0,0.0,0.0,0.0,0.0,0.0,0.0,0.0,0.0,0.0,0.0,0.0,0.0,0.0,0.0,0.0,0.0,0.0,0.0,0.0,0.0,0.0,0.0,0.0,0.0,0.0,0.0,0.0,0.0,0.0,0.0,0.0,0.0,0.0,0.0,0.0,0.0,0.0,0.0,0.0,0.0,0.0,0.0,0.0,0.0,0.0,0.0,0.0,0.0,0.0,あ
0.18526823818683624,0.6539376378059387,-2.9641577725669777e-07,0.23013631999492645,0.6319490075111389,-0.013647381216287613,0.26668697595596313,0.5690817832946777,-0.015675093978643417,0.2901460528373718,0.5180205702781677,-0.017998313531279564,0.3168444037437439,0.4986891746520996,-0.01730031706392765,0.2487240731716156,0.5231279134750366,0.00030807993607595563,0.25591129064559937,0.4829307794570923,-0.01709880866110325,0.24271230399608612,0.5235543847084045,-0.023618407547473907,0.23620042204856873,0.5488616824150085,-0.0243493914604187,0.22042793035507202,0.517850399017334,0.001306524034589529,0.22421246767044067,0.48253360390663147,-0.01953110098838806,0.21575377881526947,0.5398196578025818,-0.020801808685064316,0.21227815747261047,0.5657127499580383,-0.014858882874250412,0.19290609657764435,0.5193930864334106,-0.0015708002028986812,0.1940707117319107,0.49060219526290894,-0.02286459133028984,0.19341810047626495,0.5446314811706543,-0.015641191974282265,0.1931515485048294,0.5697880983352661,-0.0034821631852537394,0.1648242026567459,0.5234847068786621,-0.005503873340785503,0.16610050201416016,0.4956307113170624,-0.01627727970480919,0.17138969898223877,0.5298349857330322,-0.009061215445399284,0.17461763322353363,0.5491620898246765,0.0006853563245385885,0.0,0.0,0.0,0.0,0.0,0.0,0.0,0.0,0.0,0.0,0.0,0.0,0.0,0.0,0.0,0.0,0.0,0.0,0.0,0.0,0.0,0.0,0.0,0.0,0.0,0.0,0.0,0.0,0.0,0.0,0.0,0.0,0.0,0.0,0.0,0.0,0.0,0.0,0.0,0.0,0.0,0.0,0.0,0.0,0.0,0.0,0.0,0.0,0.0,0.0,0.0,0.0,0.0,0.0,0.0,0.0,0.0,0.0,0.0,0.0,0.0,0.0,0.0,あ
0.20041754841804504,0.6518520712852478,-3.468521754257381e-07,0.24646015465259552,0.6458495259284973,-0.015385407023131847,0.29164859652519226,0.5937354564666748,-0.01647159643471241,0.320524126291275,0.5477321147918701,-0.018138283863663673,0.34735557436943054,0.5282710790634155,-0.01653025858104229,0.2809666097164154,0.5428997874259949,-4.547304706647992e-05,0.28986579179763794,0.5067777633666992,-0.017512792721390724,0.2700148820877075,0.5402472615242004,-0.023282967507839203,0.2588333487510681,0.568507969379425,-0.021036507561802864,0.25609174370765686,0.5290848612785339,0.002189322141930461,0.2620263695716858,0.5004592537879944,-0.02289028838276863,0.24442058801651,0.5471620559692383,-0.028305143117904663,0.23505547642707825,0.5795596241950989,-0.02287914976477623,0.2313896119594574,0.5207046866416931,0.00028237697551958263,0.23382163047790527,0.4945336580276489,-0.024563675746321678,0.22406087815761566,0.542300820350647,-0.02464817650616169,0.21938149631023407,0.5781447887420654,-0.01449534296989441,0.2073400914669037,0.5127298831939697,-0.0026590318884700537,0.21776244044303894,0.46540331840515137,-0.013221105560660362,0.22325272858142853,0.4351806044578552,-0.013959979638457298,0.22953322529792786,0.4050445854663849,-0.009963614866137505,0.0,0.0,0.0,0.0,0.0,0.0,0.0,0.0,0.0,0.0,0.0,0.0,0.0,0.0,0.0,0.0,0.0,0.0,0.0,0.0,0.0,0.0,0.0,0.0,0.0,0.0,0.0,0.0,0.0,0.0,0.0,0.0,0.0,0.0,0.0,0.0,0.0,0.0,0.0,0.0,0.0,0.0,0.0,0.0,0.0,0.0,0.0,0.0,0.0,0.0,0.0,0.0,0.0,0.0,0.0,0.0,0.0,0.0,0.0,0.0,0.0,0.0,0.0,い
0.20078445971012115,0.6506360769271851,-3.3731362236721907e-07,0.24780891835689545,0.6438528895378113,-0.014568595215678215,0.2924843430519104,0.5924200415611267,-0.015560782514512539,0.3213401436805725,0.5474764108657837,-0.017564808949828148,0.348380982875824,0.529219925403595,-0.016502229496836662,0.2800346314907074,0.53974848985672,0.0011843747925013304,0.2900846302509308,0.5054236054420471,-0.01657695323228836,0.2708092927932739,0.5390879511833191,-0.022923212498426437,0.2595742344856262,0.5658738017082214,-0.021129239350557327,0.25495636463165283,0.5264602303504944,0.002819609362632036,0.26174771785736084,0.4998056888580322,-0.022366963326931,0.2441379874944687,0.546561062335968,-0.02818051539361477,0.23441949486732483,0.5780335664749146,-0.0230476725846529,0.230167955160141,0.5189633965492249,0.00030683845398016274,0.23364083468914032,0.49450254440307617,-0.024814555421471596,0.22359994053840637,0.5418589115142822,-0.025215111672878265,0.21853455901145935,0.5766013264656067,-0.015178694389760494,0.20621676743030548,0.5118371844291687,-0.0031716793309897184,0.21738073229789734,0.4648669362068176,-0.014012971892952919,0.22324296832084656,0.43430495262145996,-0.014872904866933823,0.2295456975698471,0.40408027172088623,-0.010873489081859589,0.0,0.0,0.0,0.0,0.0,0.0,0.0,0.0,0.0,0.0,0.0,0.0,0.0,0.0,0.0,0.0,0.0,0.0,0.0,0.0,0.0,0.0,0.0,0.0,0.0,0.0,0.0,0.0,0.0,0.0,0.0,0.0,0.0,0.0,0.0,0.0,0.0,0.0,0.0,0.0,0.0,0.0,0.0,0.0,0.0,0.0,0.0,0.0,0.0,0.0,0.0,0.0,0.0,0.0,0.0,0.0,0.0,0.0,0.0,0.0,0.0,0.0,0.0,い
0.19906878471374512,0.6526128053665161,-3.4238931334584777e-07,0.24599970877170563,0.6444149613380432,-0.015685519203543663,0.29104384779930115,0.5931345224380493,-0.017177296802401543,0.32037144899368286,0.5480479001998901,-0.0195930078625679,0.34737518429756165,0.5277661085128784,-0.01869528740644455,0.2783955931663513,0.5405848026275635,0.001065339078195393,0.2885461449623108,0.5044319033622742,-0.016987759619951248,0.2693330943584442,0.5385980606079102,-0.02327132783830166,0.25887829065322876,0.5655245780944824,-0.021371548995375633,0.25348249077796936,0.5273838043212891,0.002933755051344633,0.2604942321777344,0.49848121404647827,-0.02312798984348774,0.2426513284444809,0.5455701947212219,-0.02925904467701912,0.23313628137111664,0.577878475189209,-0.024046191945672035,0.22908702492713928,0.5198338627815247,0.0004769431543536484,0.232527956366539,0.4930553436279297,-0.02516752853989601,0.2226325273513794,0.5405468940734863,-0.025642378255724907,0.21809156239032745,0.5764315128326416,-0.015380395576357841,0.2056763619184494,0.513031005859375,-0.0031260251998901367,0.21713565289974213,0.4654673933982849,-0.014110744930803776,0.22305917739868164,0.4340170621871948,-0.015167390927672386,0.22945523262023926,0.4038383662700653,-0.01119509618729353,0.0,0.0,0.0,0.0,0.0,0.0,0.0,0.0,0.0,0.0,0.0,0.0,0.0,0.0,0.0,0.0,0.0,0.0,0.0,0.0,0.0,0.0,0.0,0.0,0.0,0.0,0.0,0.0,0.0,0.0,0.0,0.0,0.0,0.0,0.0,0.0,0.0,0.0,0.0,0.0,0.0,0.0,0.0,0.0,0.0,0.0,0.0,0.0,0.0,0.0,0.0,0.0,0.0,0.0,0.0,0.0,0.0,0.0,0.0,0.0,0.0,0.0,0.0,い
0.19937512278556824,0.6520833373069763,-3.436766746744979e-07,0.24707405269145966,0.6436894536018372,-0.015396680682897568,0.2914608418941498,0.5927658677101135,-0.016824346035718918,0.3207395672798157,0.5476752519607544,-0.01927085965871811,0.3482520282268524,0.5280268788337708,-0.018562152981758118,0.27995598316192627,0.5414705872535706,0.001888028346002102,0.28959187865257263,0.5056335926055908,-0.01653284579515457,0.2698148488998413,0.5389132499694824,-0.02344183437526226,0.2588696777820587,0.5666728019714355,-0.021841876208782196,0.2549724280834198,0.5279694199562073,0.0037292069755494595,0.2615635097026825,0.4992715120315552,-0.022365298122167587,0.2429872751235962,0.5455885529518127,-0.02876991033554077,0.23358823359012604,0.578158438205719,-0.023658104240894318,0.23028123378753662,0.5203113555908203,0.0011921620462089777,0.2336176335811615,0.4956957995891571,-0.024697009474039078,0.2226628214120865,0.5432913303375244,-0.025343749672174454,0.217866450548172,0.5791624784469604,-0.014979204162955284,0.20632775127887726,0.5130742192268372,-0.0024409096222370863,0.21786008775234222,0.46611839532852173,-0.01341894268989563,0.22367171943187714,0.4350862205028534,-0.014294051565229893,0.23024357855319977,0.4049268066883087,-0.010087626054883003,0.0,0.0,0.0,0.0,0.0,0.0,0.0,0.0,0.0,0.0,0.0,0.0,0.0,0.0,0.0,0.0,0.0,0.0,0.0,0.0,0.0,0.0,0.0,0.0,0.0,0.0,0.0,0.0,0.0,0.0,0.0,0.0,0.0,0.0,0.0,0.0,0.0,0.0,0.0,0.0,0.0,0.0,0.0,0.0,0.0,0.0,0.0,0.0,0.0,0.0,0.0,0.0,0.0,0.0,0.0,0.0,0.0,0.0,0.0,0.0,0.0,0.0,0.0,い
0.1988419145345688,0.6513711810112,-3.345043921854085e-07,0.24706120789051056,0.642631471157074,-0.015564214438199997,0.2924611568450928,0.5930216908454895,-0.017031094059348106,0.3213121294975281,0.5486940741539001,-0.01961841993033886,0.3477747440338135,0.5279974937438965,-0.01908499002456665,0.2797599136829376,0.5407907962799072,0.0025238541420549154,0.28987976908683777,0.505575954914093,-0.016544116660952568,0.270105242729187,0.538158118724823,-0.023993825539946556,0.25869014859199524,0.5652094483375549,-0.0224908534437418,0.2546103894710541,0.5272168517112732,0.004468293394893408,0.26113948225975037,0.5000125169754028,-0.022287122905254364,0.24275125563144684,0.5461944341659546,-0.029217522591352463,0.2331320345401764,0.5783313512802124,-0.02422051690518856,0.23016270995140076,0.5193190574645996,0.0019588698633015156,0.23297616839408875,0.49476945400238037,-0.02435840293765068,0.22206611931324005,0.5428835153579712,-0.0252115149050951,0.21736404299736023,0.5789380073547363,-0.014725358225405216,0.20654505491256714,0.5121294856071472,-0.0016653606435284019,0.2182304561138153,0.46562838554382324,-0.012707864865660667,0.22429680824279785,0.43515828251838684,-0.013539270497858524,0.2311207801103592,0.4055147171020508,-0.009098608046770096,0.0,0.0,0.0,0.0,0.0,0.0,0.0,0.0,0.0,0.0,0.0,0.0,0.0,0.0,0.0,0.0,0.0,0.0,0.0,0.0,0.0,0.0,0.0,0.0,0.0,0.0,0.0,0.0,0.0,0.0,0.0,0.0,0.0,0.0,0.0,0.0,0.0,0.0,0.0,0.0,0.0,0.0,0.0,0.0,0.0,0.0,0.0,0.0,0.0,0.0,0.0,0.0,0.0,0.0,0.0,0.0,0.0,0.0,0.0,0.0,0.0,0.0,0.0,い
0.19930025935173035,0.6563805341720581,-3.4047181429741613e-07,0.24754782021045685,0.6441795825958252,-0.01383984461426735,0.29265713691711426,0.591694176197052,-0.01448078453540802,0.32117927074432373,0.5475066304206848,-0.016561849042773247,0.34735485911369324,0.5271660685539246,-0.01563003472983837,0.27811282873153687,0.5412428379058838,0.004171314183622599,0.28983569145202637,0.5049073696136475,-0.012850353494286537,0.2709428369998932,0.5383214950561523,-0.019211094826459885,0.25984910130500793,0.5649152994155884,-0.01758977584540844,0.25343191623687744,0.5286051034927368,0.005317416973412037,0.2621672451496124,0.49960222840309143,-0.019732603803277016,0.24375125765800476,0.5460028052330017,-0.026283616200089455,0.2331065833568573,0.5786671042442322,-0.02148391120135784,0.22929330170154572,0.5211295485496521,0.0022553035523742437,0.23534899950027466,0.4952967166900635,-0.022399524226784706,0.22448596358299255,0.5429912209510803,-0.023116938769817352,0.21841023862361908,0.5789307951927185,-0.013141408562660217,0.2057710736989975,0.5140163898468018,-0.0018415853846818209,0.21715885400772095,0.4666479527950287,-0.01211596094071865,0.22369325160980225,0.4356064796447754,-0.013069989159703255,0.23054249584674835,0.4052252769470215,-0.009153533726930618,0.0,0.0,0.0,0.0,0.0,0.0,0.0,0.0,0.0,0.0,0.0,0.0,0.0,0.0,0.0,0.0,0.0,0.0,0.0,0.0,0.0,0.0,0.0,0.0,0.0,0.0,0.0,0.0,0.0,0.0,0.0,0.0,0.0,0.0,0.0,0.0,0.0,0.0,0.0,0.0,0.0,0.0,0.0,0.0,0.0,0.0,0.0,0.0,0.0,0.0,0.0,0.0,0.0,0.0,0.0,0.0,0.0,0.0,0.0,0.0,0.0,0.0,0.0,い
0.19888891279697418,0.651139497756958,-3.4972899243257416e-07,0.2474144995212555,0.6414962410926819,-0.014979773201048374,0.29313966631889343,0.5913777947425842,-0.016194984316825867,0.322365939617157,0.5477344989776611,-0.018589012324810028,0.3485376536846161,0.5274492502212524,-0.01786976121366024,0.280035138130188,0.5407599210739136,0.0015501808375120163,0.28993430733680725,0.5045158863067627,-0.01688591204583645,0.27020716667175293,0.537918210029602,-0.023568740114569664,0.25945383310317993,0.5655174255371094,-0.02181706205010414,0.2549339532852173,0.5275713205337524,0.0031900699250400066,0.26132017374038696,0.49955493211746216,-0.02320331148803234,0.24290204048156738,0.546472430229187,-0.02951444685459137,0.2339421957731247,0.5789691209793091,-0.024354049935936928,0.23042313754558563,0.5200156569480896,0.0005365783581510186,0.23370224237442017,0.4958544075489044,-0.025628209114074707,0.22275575995445251,0.5436890125274658,-0.026238517835736275,0.218219593167305,0.579007625579834,-0.015827998518943787,0.20659366250038147,0.512506365776062,-0.0031581742223352194,0.21784961223602295,0.4656839966773987,-0.014425189234316349,0.223439022898674,0.43464845418930054,-0.015467029064893723,0.23000331223011017,0.4043051600456238,-0.01133216917514801,0.0,0.0,0.0,0.0,0.0,0.0,0.0,0.0,0.0,0.0,0.0,0.0,0.0,0.0,0.0,0.0,0.0,0.0,0.0,0.0,0.0,0.0,0.0,0.0,0.0,0.0,0.0,0.0,0.0,0.0,0.0,0.0,0.0,0.0,0.0,0.0,0.0,0.0,0.0,0.0,0.0,0.0,0.0,0.0,0.0,0.0,0.0,0.0,0.0,0.0,0.0,0.0,0.0,0.0,0.0,0.0,0.0,0.0,0.0,0.0,0.0,0.0,0.0,い
0.19965893030166626,0.6494123339653015,-3.3318252690150985e-07,0.24735711514949799,0.6409760117530823,-0.014205748215317726,0.2922293245792389,0.5901529788970947,-0.014792077243328094,0.32119590044021606,0.547237753868103,-0.016827527433633804,0.346746027469635,0.5262528657913208,-0.015972977504134178,0.2782303988933563,0.5388152599334717,0.002836444415152073,0.28955137729644775,0.5039267539978027,-0.015196675434708595,0.2708199620246887,0.5373365879058838,-0.02177196368575096,0.2601393163204193,0.5642784237861633,-0.019959183409810066,0.2532849609851837,0.5254936218261719,0.00407980103045702,0.2616192102432251,0.49822062253952026,-0.02187090553343296,0.24352006614208221,0.544764518737793,-0.028116462752223015,0.23375925421714783,0.5773404836654663,-0.022926833480596542,0.22866137325763702,0.5177215337753296,0.0010179542005062103,0.23374828696250916,0.49321457743644714,-0.024731865152716637,0.22274112701416016,0.5412771701812744,-0.02533193677663803,0.21757133305072784,0.5773007273674011,-0.014956878498196602,0.20483869314193726,0.5104316473007202,-0.003076072782278061,0.2167874574661255,0.46416613459587097,-0.014177773147821426,0.2232493758201599,0.4334335923194885,-0.015301440842449665,0.23041248321533203,0.4039509892463684,-0.01128416694700718,0.0,0.0,0.0,0.0,0.0,0.0,0.0,0.0,0.0,0.0,0.0,0.0,0.0,0.0,0.0,0.0,0.0,0.0,0.0,0.0,0.0,0.0,0.0,0.0,0.0,0.0,0.0,0.0,0.0,0.0,0.0,0.0,0.0,0.0,0.0,0.0,0.0,0.0,0.0,0.0,0.0,0.0,0.0,0.0,0.0,0.0,0.0,0.0,0.0,0.0,0.0,0.0,0.0,0.0,0.0,0.0,0.0,0.0,0.0,0.0,0.0,0.0,0.0,い
0.19846877455711365,0.6517470479011536,-3.367596832504205e-07,0.24629274010658264,0.6425743103027344,-0.015402491204440594,0.2920536398887634,0.5906122326850891,-0.016159284859895706,0.3209845721721649,0.5468422770500183,-0.01800430193543434,0.34668874740600586,0.5255932211875916,-0.016409408301115036,0.2785121500492096,0.54129558801651,0.002275025239214301,0.28842705488204956,0.504365861415863,-0.016013195738196373,0.2685594856739044,0.5393733978271484,-0.022127924486994743,0.25848907232284546,0.5664893984794617,-0.01988868974149227,0.25353339314460754,0.5276746153831482,0.004127974156290293,0.2605619430541992,0.4982776939868927,-0.02251635305583477,0.2423613965511322,0.5457144379615784,-0.02841026708483696,0.23347128927707672,0.5775437951087952,-0.022754013538360596,0.22892466187477112,0.519616425037384,0.0014718426391482353,0.23264925181865692,0.49317389726638794,-0.024688653647899628,0.22172290086746216,0.5420218110084534,-0.02475966140627861,0.21686623990535736,0.5782932639122009,-0.013875487260520458,0.2053099125623703,0.5119994282722473,-0.002354126190766692,0.21716205775737762,0.46525445580482483,-0.013463594950735569,0.22367605566978455,0.4340178668498993,-0.014560726471245289,0.23066337406635284,0.4038294553756714,-0.010486592538654804,0.0,0.0,0.0,0.0,0.0,0.0,0.0,0.0,0.0,0.0,0.0,0.0,0.0,0.0,0.0,0.0,0.0,0.0,0.0,0.0,0.0,0.0,0.0,0.0,0.0,0.0,0.0,0.0,0.0,0.0,0.0,0.0,0.0,0.0,0.0,0.0,0.0,0.0,0.0,0.0,0.0,0.0,0.0,0.0,0.0,0.0,0.0,0.0,0.0,0.0,0.0,0.0,0.0,0.0,0.0,0.0,0.0,0.0,0.0,0.0,0.0,0.0,0.0,い
0.19915112853050232,0.6522506475448608,-3.398728551928798e-07,0.24611496925354004,0.6442947387695312,-0.015479017980396748,0.2915324866771698,0.5934178829193115,-0.016498155891895294,0.32009920477867126,0.5486807823181152,-0.01855752430856228,0.34485548734664917,0.5261058807373047,-0.017480401322245598,0.2787148952484131,0.5409987568855286,0.002019137842580676,0.28893324732780457,0.5052121877670288,-0.016312140971422195,0.2695358991622925,0.5379254221916199,-0.022962115705013275,0.25919055938720703,0.5652474761009216,-0.02104581519961357,0.2538464367389679,0.5283742547035217,0.003925116267055273,0.26167863607406616,0.49943411350250244,-0.022373192012310028,0.24330510199069977,0.5451751351356506,-0.028640640899538994,0.2339053750038147,0.5777616500854492,-0.023191019892692566,0.22947685420513153,0.5210741758346558,0.0014133751392364502,0.23406070470809937,0.4974012076854706,-0.02524028904736042,0.22223134338855743,0.5458638668060303,-0.026030249893665314,0.21654680371284485,0.5823585391044617,-0.015295283868908882,0.2060614377260208,0.5139021873474121,-0.00213908264413476,0.21763435006141663,0.4668022096157074,-0.013617115095257759,0.22341597080230713,0.4353630542755127,-0.014655422419309616,0.2302199751138687,0.4053511619567871,-0.010339285247027874,0.0,0.0,0.0,0.0,0.0,0.0,0.0,0.0,0.0,0.0,0.0,0.0,0.0,0.0,0.0,0.0,0.0,0.0,0.0,0.0,0.0,0.0,0.0,0.0,0.0,0.0,0.0,0.0,0.0,0.0,0.0,0.0,0.0,0.0,0.0,0.0,0.0,0.0,0.0,0.0,0.0,0.0,0.0,0.0,0.0,0.0,0.0,0.0,0.0,0.0,0.0,0.0,0.0,0.0,0.0,0.0,0.0,0.0,0.0,0.0,0.0,0.0,0.0,い
0.19890069961547852,0.6512379050254822,-3.4100662560376804e-07,0.24542105197906494,0.6447367072105408,-0.01607641763985157,0.29180899262428284,0.5915704965591431,-0.016948584467172623,0.32080644369125366,0.5466194152832031,-0.01881266012787819,0.34634459018707275,0.5250314474105835,-0.0174215380102396,0.27847400307655334,0.540111780166626,0.001813870738260448,0.2888900339603424,0.5043913722038269,-0.01691111922264099,0.26863721013069153,0.5371545553207397,-0.02352866716682911,0.25780072808265686,0.5642614960670471,-0.021518291905522346,0.2531200349330902,0.5270654559135437,0.003981319256126881,0.2601211667060852,0.4991185665130615,-0.02334185130894184,0.24206241965293884,0.5452398061752319,-0.029612736776471138,0.23319165408611298,0.5779318809509277,-0.023862019181251526,0.22860637307167053,0.5197912454605103,0.0015849939081817865,0.23269955813884735,0.4946116507053375,-0.025363625958561897,0.2215667963027954,0.5444157123565674,-0.025632474571466446,0.2165949046611786,0.5819705724716187,-0.014461471699178219,0.2053842544555664,0.5127595663070679,-0.002008991315960884,0.2171981930732727,0.4665287137031555,-0.013434509746730328,0.22326290607452393,0.43596261739730835,-0.014468852430582047,0.2306326925754547,0.40614181756973267,-0.010146182961761951,0.0,0.0,0.0,0.0,0.0,0.0,0.0,0.0,0.0,0.0,0.0,0.0,0.0,0.0,0.0,0.0,0.0,0.0,0.0,0.0,0.0,0.0,0.0,0.0,0.0,0.0,0.0,0.0,0.0,0.0,0.0,0.0,0.0,0.0,0.0,0.0,0.0,0.0,0.0,0.0,0.0,0.0,0.0,0.0,0.0,0.0,0.0,0.0,0.0,0.0,0.0,0.0,0.0,0.0,0.0,0.0,0.0,0.0,0.0,0.0,0.0,0.0,0.0,い
0.1991940587759018,0.6497018933296204,-3.3679094713079394e-07,0.2458886355161667,0.642288863658905,-0.015693020075559616,0.2919404208660126,0.5915424823760986,-0.01672445610165596,0.3216831088066101,0.5471381545066833,-0.018799612298607826,0.34729546308517456,0.524572491645813,-0.017798498272895813,0.2786654531955719,0.5397763848304749,0.002018359722569585,0.2889983654022217,0.5032126307487488,-0.016248369589447975,0.26979660987854004,0.5361387133598328,-0.02280421182513237,0.25947558879852295,0.5632766485214233,-0.020831186324357986,0.2537241578102112,0.5269545912742615,0.004037628881633282,0.26049208641052246,0.4983472526073456,-0.0223353561013937,0.24289683997631073,0.5453681945800781,-0.02855718322098255,0.2340237945318222,0.5779871940612793,-0.023128947243094444,0.22927068173885345,0.5195167064666748,0.0015934087568894029,0.23324796557426453,0.49456849694252014,-0.024528667330741882,0.22240658104419708,0.544191837310791,-0.024752218276262283,0.21736638247966766,0.5810769200325012,-0.013882509432733059,0.2055376172065735,0.5121492147445679,-0.0019953378941863775,0.21723221242427826,0.46596965193748474,-0.012852417305111885,0.2235477715730667,0.4357123374938965,-0.013499269261956215,0.23091840744018555,0.40586167573928833,-0.009061873890459538,0.0,0.0,0.0,0.0,0.0,0.0,0.0,0.0,0.0,0.0,0.0,0.0,0.0,0.0,0.0,0.0,0.0,0.0,0.0,0.0,0.0,0.0,0.0,0.0,0.0,0.0,0.0,0.0,0.0,0.0,0.0,0.0,0.0,0.0,0.0,0.0,0.0,0.0,0.0,0.0,0.0,0.0,0.0,0.0,0.0,0.0,0.0,0.0,0.0,0.0,0.0,0.0,0.0,0.0,0.0,0.0,0.0,0.0,0.0,0.0,0.0,0.0,0.0,い
0.19911018013954163,0.6502984166145325,-3.281539022736979e-07,0.24583570659160614,0.6421495079994202,-0.01456642709672451,0.2916324734687805,0.5908034443855286,-0.015019425190985203,0.3210977613925934,0.5470697283744812,-0.01678379625082016,0.34582754969596863,0.5234691500663757,-0.015562735497951508,0.2776455879211426,0.5398869514465332,0.003421075874939561,0.28868547081947327,0.5021861791610718,-0.014797434210777283,0.27044111490249634,0.5336018204689026,-0.021505272015929222,0.26006415486335754,0.5608665347099304,-0.01954358071088791,0.2526772618293762,0.5272127389907837,0.0048255338333547115,0.25992465019226074,0.49734365940093994,-0.021835748106241226,0.24290086328983307,0.5438086986541748,-0.028525102883577347,0.23420502245426178,0.5773521065711975,-0.023213427513837814,0.22821694612503052,0.519933819770813,0.0017871158197522163,0.2330975979566574,0.49433767795562744,-0.024491894990205765,0.22269676625728607,0.5434798002243042,-0.025098897516727448,0.21783672273159027,0.5808610320091248,-0.014342162758111954,0.2048097848892212,0.5127881765365601,-0.0023281618487089872,0.2170601487159729,0.46625375747680664,-0.013306849636137486,0.22347931563854218,0.4350801706314087,-0.014174356125295162,0.23088936507701874,0.40493714809417725,-0.009868611581623554,0.0,0.0,0.0,0.0,0.0,0.0,0.0,0.0,0.0,0.0,0.0,0.0,0.0,0.0,0.0,0.0,0.0,0.0,0.0,0.0,0.0,0.0,0.0,0.0,0.0,0.0,0.0,0.0,0.0,0.0,0.0,0.0,0.0,0.0,0.0,0.0,0.0,0.0,0.0,0.0,0.0,0.0,0.0,0.0,0.0,0.0,0.0,0.0,0.0,0.0,0.0,0.0,0.0,0.0,0.0,0.0,0.0,0.0,0.0,0.0,0.0,0.0,0.0,い
0.19926488399505615,0.6496814489364624,-3.367148053712299e-07,0.24603481590747833,0.6408917307853699,-0.015417286194860935,0.2923959791660309,0.5892655849456787,-0.01643366925418377,0.3217196464538574,0.5453709363937378,-0.018474716693162918,0.3472852110862732,0.5234835743904114,-0.01742454245686531,0.2780589759349823,0.5381824970245361,0.0013332876842468977,0.2873500883579254,0.5015285611152649,-0.01720569282770157,0.26874417066574097,0.5355377793312073,-0.02383161336183548,0.25876954197883606,0.5639022588729858,-0.021853700280189514,0.2527996301651001,0.5262860059738159,0.003121881978586316,0.258718341588974,0.49716535210609436,-0.023616675287485123,0.24194934964179993,0.5438291430473328,-0.02997894212603569,0.23355022072792053,0.5772067308425903,-0.024651629850268364,0.22823119163513184,0.5200002193450928,0.0005036265356466174,0.231330007314682,0.49496152997016907,-0.025887439027428627,0.22089514136314392,0.5443519353866577,-0.026145922020077705,0.21622292697429657,0.5816096663475037,-0.01527028065174818,0.20471525192260742,0.5139561295509338,-0.003254346316680312,0.2163190096616745,0.46738922595977783,-0.014526092447340488,0.22297745943069458,0.43625855445861816,-0.015477866865694523,0.230472132563591,0.40591132640838623,-0.011239255778491497,0.0,0.0,0.0,0.0,0.0,0.0,0.0,0.0,0.0,0.0,0.0,0.0,0.0,0.0,0.0,0.0,0.0,0.0,0.0,0.0,0.0,0.0,0.0,0.0,0.0,0.0,0.0,0.0,0.0,0.0,0.0,0.0,0.0,0.0,0.0,0.0,0.0,0.0,0.0,0.0,0.0,0.0,0.0,0.0,0.0,0.0,0.0,0.0,0.0,0.0,0.0,0.0,0.0,0.0,0.0,0.0,0.0,0.0,0.0,0.0,0.0,0.0,0.0,い
0.19851265847682953,0.6512762308120728,-3.329736557589058e-07,0.2456933706998825,0.6423062086105347,-0.015327345579862595,0.29173293709754944,0.5914309620857239,-0.016397126019001007,0.320821613073349,0.5468333959579468,-0.018510982394218445,0.34599965810775757,0.523690402507782,-0.017588043585419655,0.27804791927337646,0.5405558347702026,0.001688623451627791,0.28781014680862427,0.5023969411849976,-0.01684810221195221,0.26882797479629517,0.5346678495407104,-0.02372829243540764,0.25867992639541626,0.5627860426902771,-0.021889761090278625,0.2527416944503784,0.5278775095939636,0.0035280322190374136,0.2591177523136139,0.4971441328525543,-0.023235974833369255,0.24164582788944244,0.5433309078216553,-0.02981950342655182,0.2329888939857483,0.5773909687995911,-0.024515798315405846,0.2281171679496765,0.520521879196167,0.0010010532569140196,0.2313576340675354,0.494480699300766,-0.02513396181166172,0.22074098885059357,0.5433899164199829,-0.025485461577773094,0.2162739783525467,0.5812281370162964,-0.014641995541751385,0.20429958403110504,0.5136507153511047,-0.0026578453835099936,0.2162283957004547,0.46724095940589905,-0.013363583944737911,0.22267328202724457,0.43612590432167053,-0.013989529572427273,0.23012623190879822,0.4062741696834564,-0.009550376795232296,0.0,0.0,0.0,0.0,0.0,0.0,0.0,0.0,0.0,0.0,0.0,0.0,0.0,0.0,0.0,0.0,0.0,0.0,0.0,0.0,0.0,0.0,0.0,0.0,0.0,0.0,0.0,0.0,0.0,0.0,0.0,0.0,0.0,0.0,0.0,0.0,0.0,0.0,0.0,0.0,0.0,0.0,0.0,0.0,0.0,0.0,0.0,0.0,0.0,0.0,0.0,0.0,0.0,0.0,0.0,0.0,0.0,0.0,0.0,0.0,0.0,0.0,0.0,い
0.20089443027973175,0.6441487669944763,-3.231696155125974e-07,0.24692967534065247,0.6360709071159363,-0.015257109887897968,0.29158809781074524,0.5873510241508484,-0.01654658652842045,0.32125046849250793,0.5459766387939453,-0.018972186371684074,0.3466574251651764,0.5243781805038452,-0.01854611001908779,0.27839723229408264,0.5365577340126038,0.0007051355205476284,0.28758782148361206,0.5013737082481384,-0.017841046676039696,0.269151896238327,0.5345987677574158,-0.024721616879105568,0.25899189710617065,0.5624342560768127,-0.022922201082110405,0.2534899413585663,0.5239815711975098,0.002411430235952139,0.2594117820262909,0.4965969920158386,-0.024252453818917274,0.24212390184402466,0.5430276989936829,-0.030739540234208107,0.23307353258132935,0.5769445300102234,-0.025540737435221672,0.2288733720779419,0.5166966915130615,-0.0001869792613433674,0.23187851905822754,0.49342355132102966,-0.026387354359030724,0.2212696373462677,0.5411815047264099,-0.02716103009879589,0.21656407415866852,0.5778612494468689,-0.01670830324292183,0.20534716546535492,0.509840726852417,-0.0038497294299304485,0.21701233088970184,0.46452414989471436,-0.014803378842771053,0.22340789437294006,0.4341249465942383,-0.015619777143001556,0.2305164337158203,0.4054722785949707,-0.011347903870046139,0.0,0.0,0.0,0.0,0.0,0.0,0.0,0.0,0.0,0.0,0.0,0.0,0.0,0.0,0.0,0.0,0.0,0.0,0.0,0.0,0.0,0.0,0.0,0.0,0.0,0.0,0.0,0.0,0.0,0.0,0.0,0.0,0.0,0.0,0.0,0.0,0.0,0.0,0.0,0.0,0.0,0.0,0.0,0.0,0.0,0.0,0.0,0.0,0.0,0.0,0.0,0.0,0.0,0.0,0.0,0.0,0.0,0.0,0.0,0.0,0.0,0.0,0.0,い
0.19952042400836945,0.6443042159080505,-3.26361259794794e-07,0.2455766499042511,0.6382105946540833,-0.016412314027547836,0.29101845622062683,0.5887125730514526,-0.017995886504650116,0.32035744190216064,0.545074999332428,-0.0203116275370121,0.3461914658546448,0.5233540534973145,-0.01963379792869091,0.2778934836387634,0.5364657044410706,-0.0005744117661379278,0.28638723492622375,0.5010740160942078,-0.01942669227719307,0.2680164873600006,0.5345985293388367,-0.026165995746850967,0.2580953538417816,0.5622923374176025,-0.02423173375427723,0.2529873549938202,0.5237830877304077,0.0018389193573966622,0.25816860795021057,0.4970378279685974,-0.02518000267446041,0.2411985546350479,0.5443056225776672,-0.031607672572135925,0.23226726055145264,0.5774362683296204,-0.026404593139886856,0.22865571081638336,0.5164923667907715,-0.00014136424579191953,0.23085153102874756,0.49282246828079224,-0.026918189600110054,0.22106094658374786,0.5408933758735657,-0.027936121448874474,0.21670827269554138,0.5772291421890259,-0.017657268792390823,0.20515526831150055,0.5096752643585205,-0.0032073697075247765,0.21659007668495178,0.4641195833683014,-0.014832154847681522,0.22277548909187317,0.43374520540237427,-0.016262367367744446,0.22960202395915985,0.40429210662841797,-0.01239317748695612,0.0,0.0,0.0,0.0,0.0,0.0,0.0,0.0,0.0,0.0,0.0,0.0,0.0,0.0,0.0,0.0,0.0,0.0,0.0,0.0,0.0,0.0,0.0,0.0,0.0,0.0,0.0,0.0,0.0,0.0,0.0,0.0,0.0,0.0,0.0,0.0,0.0,0.0,0.0,0.0,0.0,0.0,0.0,0.0,0.0,0.0,0.0,0.0,0.0,0.0,0.0,0.0,0.0,0.0,0.0,0.0,0.0,0.0,0.0,0.0,0.0,0.0,0.0,い
0.1985490471124649,0.6459632515907288,-3.297176363048493e-07,0.2446257770061493,0.6385790705680847,-0.015473545528948307,0.29028013348579407,0.5889255404472351,-0.01639990694820881,0.32007884979248047,0.5460919737815857,-0.01840187795460224,0.3444972336292267,0.5218742489814758,-0.01743139885365963,0.2779232859611511,0.5377487540245056,0.001469789887778461,0.2866475284099579,0.501105010509491,-0.017401887103915215,0.2680676579475403,0.5334597229957581,-0.02432895079255104,0.2580091059207916,0.5613362789154053,-0.022345228120684624,0.2527306079864502,0.5248544812202454,0.0034605280961841345,0.2574164867401123,0.49671289324760437,-0.023834042251110077,0.24031437933444977,0.5434575080871582,-0.030521877110004425,0.2318105846643448,0.5769736766815186,-0.02525359019637108,0.2279897779226303,0.5173497200012207,0.0009973824489861727,0.22971713542938232,0.4926123321056366,-0.02610095590353012,0.2193724662065506,0.5411825180053711,-0.02716001495718956,0.21509438753128052,0.5783280730247498,-0.01662895455956459,0.20427967607975006,0.5101167559623718,-0.0025084216613322496,0.2160412073135376,0.4647473096847534,-0.014196460135281086,0.22225810587406158,0.4334211051464081,-0.015631992369890213,0.2292567640542984,0.40306758880615234,-0.011636991053819656,0.0,0.0,0.0,0.0,0.0,0.0,0.0,0.0,0.0,0.0,0.0,0.0,0.0,0.0,0.0,0.0,0.0,0.0,0.0,0.0,0.0,0.0,0.0,0.0,0.0,0.0,0.0,0.0,0.0,0.0,0.0,0.0,0.0,0.0,0.0,0.0,0.0,0.0,0.0,0.0,0.0,0.0,0.0,0.0,0.0,0.0,0.0,0.0,0.0,0.0,0.0,0.0,0.0,0.0,0.0,0.0,0.0,0.0,0.0,0.0,0.0,0.0,0.0,い
0.19903872907161713,0.6459337472915649,-3.282781335656182e-07,0.2447807639837265,0.6388165950775146,-0.015279111452400684,0.29012584686279297,0.5883947610855103,-0.016106393188238144,0.31966227293014526,0.5456706285476685,-0.01801873929798603,0.3439665734767914,0.5222176313400269,-0.017062179744243622,0.27798351645469666,0.5375093817710876,0.00110375985968858,0.2861609160900116,0.5011652708053589,-0.017453737556934357,0.2677669823169708,0.5334553718566895,-0.02435391955077648,0.2580331861972809,0.5614235997200012,-0.022460363805294037,0.25281789898872375,0.5243696570396423,0.0030408245511353016,0.25772684812545776,0.4966120719909668,-0.023775946348905563,0.24052965641021729,0.5425406098365784,-0.030400702729821205,0.2318236380815506,0.5763306617736816,-0.025188133120536804,0.22819674015045166,0.5167059302330017,0.0006325502181425691,0.23018957674503326,0.49259153008461,-0.025805000215768814,0.21978667378425598,0.5406257510185242,-0.026988059282302856,0.215439572930336,0.5779422521591187,-0.016733236610889435,0.20481310784816742,0.5094941258430481,-0.0028188282158225775,0.2160399854183197,0.4644290506839752,-0.01394533459097147,0.2217661440372467,0.4334535598754883,-0.015209437347948551,0.22848626971244812,0.4037208557128906,-0.011225500144064426,0.0,0.0,0.0,0.0,0.0,0.0,0.0,0.0,0.0,0.0,0.0,0.0,0.0,0.0,0.0,0.0,0.0,0.0,0.0,0.0,0.0,0.0,0.0,0.0,0.0,0.0,0.0,0.0,0.0,0.0,0.0,0.0,0.0,0.0,0.0,0.0,0.0,0.0,0.0,0.0,0.0,0.0,0.0,0.0,0.0,0.0,0.0,0.0,0.0,0.0,0.0,0.0,0.0,0.0,0.0,0.0,0.0,0.0,0.0,0.0,0.0,0.0,0.0,い
0.19871914386749268,0.6444407105445862,-3.2689177942302194e-07,0.24524252116680145,0.6382074356079102,-0.01583634875714779,0.2905183732509613,0.5891476273536682,-0.01695857010781765,0.3198711574077606,0.5459544062614441,-0.01899840123951435,0.3441663980484009,0.522331714630127,-0.017971178516745567,0.278434693813324,0.5380187034606934,0.000305491266772151,0.28600138425827026,0.5013576745986938,-0.01873035356402397,0.267778217792511,0.5346969962120056,-0.025544939562678337,0.2584296464920044,0.5626672506332397,-0.02355610951781273,0.2531416714191437,0.5247936248779297,0.0024618562310934067,0.2574215531349182,0.49632927775382996,-0.024824950844049454,0.24039261043071747,0.5434077978134155,-0.03125559911131859,0.23220166563987732,0.5762801170349121,-0.02595406398177147,0.2282298058271408,0.5171670913696289,0.00020662316819652915,0.22963842749595642,0.49255552887916565,-0.027157094329595566,0.2190244197845459,0.541784405708313,-0.027947241440415382,0.2146233171224594,0.578840970993042,-0.017270956188440323,0.20443414151668549,0.5099591016769409,-0.003088659141212702,0.21547183394432068,0.4648664593696594,-0.015141044743359089,0.2213020920753479,0.4340716600418091,-0.01657012663781643,0.22810456156730652,0.40407973527908325,-0.012580078095197678,0.0,0.0,0.0,0.0,0.0,0.0,0.0,0.0,0.0,0.0,0.0,0.0,0.0,0.0,0.0,0.0,0.0,0.0,0.0,0.0,0.0,0.0,0.0,0.0,0.0,0.0,0.0,0.0,0.0,0.0,0.0,0.0,0.0,0.0,0.0,0.0,0.0,0.0,0.0,0.0,0.0,0.0,0.0,0.0,0.0,0.0,0.0,0.0,0.0,0.0,0.0,0.0,0.0,0.0,0.0,0.0,0.0,0.0,0.0,0.0,0.0,0.0,0.0,い
0.1991087794303894,0.6467545628547668,-3.37219120183363e-07,0.24519896507263184,0.6390891075134277,-0.01457895152270794,0.2896358370780945,0.5877436995506287,-0.015285076573491096,0.31858593225479126,0.5441798567771912,-0.017000889405608177,0.34375154972076416,0.523063063621521,-0.01580519787967205,0.2770310044288635,0.5370431542396545,0.0007140343659557402,0.28653571009635925,0.5013088583946228,-0.01716131903231144,0.2672363519668579,0.5342684388160706,-0.023526735603809357,0.25632065534591675,0.5624362826347351,-0.021618399769067764,0.2518233358860016,0.5245080590248108,0.0024257483892142773,0.2578951120376587,0.49699681997299194,-0.023626746609807014,0.24003146588802338,0.5436205863952637,-0.029642460867762566,0.23083724081516266,0.5771489143371582,-0.02436227910220623,0.2270992547273636,0.5174727439880371,-2.2715774321113713e-05,0.23049136996269226,0.4939248561859131,-0.025928718969225883,0.2193349152803421,0.5423634052276611,-0.026229994371533394,0.2140723317861557,0.5794240832328796,-0.015684418380260468,0.20328323543071747,0.5107365846633911,-0.003451686818152666,0.21449004113674164,0.4652606248855591,-0.014864623546600342,0.22048620879650116,0.43463149666786194,-0.015984956175088882,0.2275022715330124,0.4048973321914673,-0.011970844119787216,0.0,0.0,0.0,0.0,0.0,0.0,0.0,0.0,0.0,0.0,0.0,0.0,0.0,0.0,0.0,0.0,0.0,0.0,0.0,0.0,0.0,0.0,0.0,0.0,0.0,0.0,0.0,0.0,0.0,0.0,0.0,0.0,0.0,0.0,0.0,0.0,0.0,0.0,0.0,0.0,0.0,0.0,0.0,0.0,0.0,0.0,0.0,0.0,0.0,0.0,0.0,0.0,0.0,0.0,0.0,0.0,0.0,0.0,0.0,0.0,0.0,0.0,0.0,い
0.1998286247253418,0.644966721534729,-3.3571339486115903e-07,0.24561235308647156,0.6385340094566345,-0.014237991534173489,0.2895662784576416,0.5885836482048035,-0.014574137516319752,0.3181333541870117,0.5455722212791443,-0.016076259315013885,0.3423053026199341,0.5243560075759888,-0.01475062221288681,0.2772071659564972,0.5366193056106567,0.0012652945006266236,0.28566259145736694,0.5024312138557434,-0.01654023490846157,0.266695499420166,0.5357787013053894,-0.022977665066719055,0.25679537653923035,0.5637357831001282,-0.0211616400629282,0.25203844904899597,0.5241152048110962,0.0028132745064795017,0.257831871509552,0.4974450170993805,-0.023265119642019272,0.2400040626525879,0.5441511273384094,-0.02934972383081913,0.2309221774339676,0.5778869390487671,-0.02402528002858162,0.22722260653972626,0.5172354578971863,0.00023444612452294677,0.22970980405807495,0.49435997009277344,-0.025698978453874588,0.21911975741386414,0.5419495105743408,-0.02638949640095234,0.2147224098443985,0.5784178972244263,-0.016073817387223244,0.20321057736873627,0.5105690956115723,-0.0032885659020394087,0.21427951753139496,0.4658071994781494,-0.014863152988255024,0.2201402634382248,0.43537431955337524,-0.01629788801074028,0.22703635692596436,0.4059886336326599,-0.012470866553485394,0.0,0.0,0.0,0.0,0.0,0.0,0.0,0.0,0.0,0.0,0.0,0.0,0.0,0.0,0.0,0.0,0.0,0.0,0.0,0.0,0.0,0.0,0.0,0.0,0.0,0.0,0.0,0.0,0.0,0.0,0.0,0.0,0.0,0.0,0.0,0.0,0.0,0.0,0.0,0.0,0.0,0.0,0.0,0.0,0.0,0.0,0.0,0.0,0.0,0.0,0.0,0.0,0.0,0.0,0.0,0.0,0.0,0.0,0.0,0.0,0.0,0.0,0.0,い
0.1988135576248169,0.6461107730865479,-3.340751391078811e-07,0.2439219206571579,0.6405404210090637,-0.015263705514371395,0.2893224060535431,0.588848888874054,-0.015922388061881065,0.3185073435306549,0.5447139739990234,-0.01751594804227352,0.34351852536201477,0.5228467583656311,-0.016239851713180542,0.277300626039505,0.5375620722770691,0.00015394533693324775,0.2846764922142029,0.5014724135398865,-0.017958248034119606,0.26629969477653503,0.5347616672515869,-0.02423354610800743,0.2568647861480713,0.5633718371391296,-0.022087296470999718,0.2515839636325836,0.5249971151351929,0.0022442261688411236,0.2562931776046753,0.49708032608032227,-0.02423464134335518,0.23914220929145813,0.5435292720794678,-0.030358891934156418,0.23024842143058777,0.5773170590400696,-0.02495478093624115,0.2266133576631546,0.5180394649505615,0.0001009734405670315,0.2285439670085907,0.49343252182006836,-0.026348793879151344,0.2183327078819275,0.5413109660148621,-0.027215613052248955,0.21390528976917267,0.5785470604896545,-0.01685607060790062,0.20304493606090546,0.5115099549293518,-0.0030279983766376972,0.21397355198860168,0.4659644663333893,-0.014747316017746925,0.21954751014709473,0.43485361337661743,-0.016353901475667953,0.22616474330425262,0.4048027992248535,-0.0126134492456913,0.0,0.0,0.0,0.0,0.0,0.0,0.0,0.0,0.0,0.0,0.0,0.0,0.0,0.0,0.0,0.0,0.0,0.0,0.0,0.0,0.0,0.0,0.0,0.0,0.0,0.0,0.0,0.0,0.0,0.0,0.0,0.0,0.0,0.0,0.0,0.0,0.0,0.0,0.0,0.0,0.0,0.0,0.0,0.0,0.0,0.0,0.0,0.0,0.0,0.0,0.0,0.0,0.0,0.0,0.0,0.0,0.0,0.0,0.0,0.0,0.0,0.0,0.0,い
0.1980908066034317,0.6464213132858276,-3.3964985846068885e-07,0.24347224831581116,0.6400238275527954,-0.015362199395895004,0.28871750831604004,0.5881354808807373,-0.016336046159267426,0.3176789879798889,0.5436388254165649,-0.018202848732471466,0.3432551920413971,0.5221414566040039,-0.01687091402709484,0.27602124214172363,0.5364440679550171,1.333054660790367e-05,0.2837505042552948,0.5004450082778931,-0.018309466540813446,0.265620619058609,0.5357699394226074,-0.02432163432240486,0.2564767003059387,0.5640115141868591,-0.022125672549009323,0.2506179213523865,0.5241064429283142,0.001893073902465403,0.2551255524158478,0.4955745339393616,-0.024854911491274834,0.2391931563615799,0.5439504384994507,-0.03074554167687893,0.23142370581626892,0.5767403244972229,-0.025285059586167336,0.22591662406921387,0.5177567005157471,-0.0005198953440412879,0.22702011466026306,0.4927094876766205,-0.027203496545553207,0.2180974781513214,0.5426651835441589,-0.02754192426800728,0.21459022164344788,0.5794229507446289,-0.01693454384803772,0.20221355557441711,0.511865496635437,-0.003979891538619995,0.2124675065279007,0.4663392901420593,-0.016147315502166748,0.21813032031059265,0.43550100922584534,-0.017957398667931557,0.22469045221805573,0.40449678897857666,-0.0144019341096282,0.0,0.0,0.0,0.0,0.0,0.0,0.0,0.0,0.0,0.0,0.0,0.0,0.0,0.0,0.0,0.0,0.0,0.0,0.0,0.0,0.0,0.0,0.0,0.0,0.0,0.0,0.0,0.0,0.0,0.0,0.0,0.0,0.0,0.0,0.0,0.0,0.0,0.0,0.0,0.0,0.0,0.0,0.0,0.0,0.0,0.0,0.0,0.0,0.0,0.0,0.0,0.0,0.0,0.0,0.0,0.0,0.0,0.0,0.0,0.0,0.0,0.0,0.0,い
0.19943828880786896,0.6491860151290894,-3.3949999078686233e-07,0.24551284313201904,0.6411430835723877,-0.013107136823236942,0.2896400988101959,0.589658260345459,-0.012916233390569687,0.31708356738090515,0.5456494688987732,-0.014215344563126564,0.3413986563682556,0.5240398645401001,-0.012719718739390373,0.27637314796447754,0.5391374230384827,0.0028338695410639048,0.2844645082950592,0.5040022134780884,-0.01467310730367899,0.26652026176452637,0.5372653603553772,-0.02089955285191536,0.2569494843482971,0.5652191042900085,-0.018844718113541603,0.2510842978954315,0.5264480113983154,0.0038061162922531366,0.25638413429260254,0.498823344707489,-0.02186119370162487,0.23964647948741913,0.5447303056716919,-0.02823125384747982,0.23053428530693054,0.5778701901435852,-0.023142637684941292,0.22638791799545288,0.5193583965301514,0.0007430335972458124,0.2278716266155243,0.49518704414367676,-0.024907849729061127,0.21807894110679626,0.5433698892593384,-0.02593417465686798,0.2137567549943924,0.5803938508033752,-0.01588962972164154,0.20258480310440063,0.5127583742141724,-0.0031600776128470898,0.21269045770168304,0.4671841263771057,-0.014249570667743683,0.21818740665912628,0.43646499514579773,-0.015533506870269775,0.2246367335319519,0.40684401988983154,-0.01168542169034481,0.0,0.0,0.0,0.0,0.0,0.0,0.0,0.0,0.0,0.0,0.0,0.0,0.0,0.0,0.0,0.0,0.0,0.0,0.0,0.0,0.0,0.0,0.0,0.0,0.0,0.0,0.0,0.0,0.0,0.0,0.0,0.0,0.0,0.0,0.0,0.0,0.0,0.0,0.0,0.0,0.0,0.0,0.0,0.0,0.0,0.0,0.0,0.0,0.0,0.0,0.0,0.0,0.0,0.0,0.0,0.0,0.0,0.0,0.0,0.0,0.0,0.0,0.0,い
0.19637323915958405,0.6488398313522339,-3.3450686487412895e-07,0.24214504659175873,0.6413183808326721,-0.01619512028992176,0.2884862422943115,0.5906678438186646,-0.017587954178452492,0.3179144859313965,0.5464809536933899,-0.019865985959768295,0.34305161237716675,0.5229811072349548,-0.018955839797854424,0.2760332226753235,0.538141667842865,5.491471165441908e-05,0.28402382135391235,0.5017333030700684,-0.019046612083911896,0.2652682363986969,0.5354591608047485,-0.025725997984409332,0.25586846470832825,0.5635486245155334,-0.02372113987803459,0.2506732940673828,0.5251485705375671,0.0021621999330818653,0.2557164132595062,0.4971522390842438,-0.025464754551649094,0.2382625788450241,0.5446420907974243,-0.03190113976597786,0.2295633852481842,0.5782515406608582,-0.02645239047706127,0.2259645164012909,0.5181459784507751,-0.00017357589968014508,0.22767506539821625,0.4924894869327545,-0.027380352839827538,0.21763895452022552,0.5414626598358154,-0.028081271797418594,0.21382609009742737,0.5788074135780334,-0.017438529059290886,0.20237158238887787,0.5118743777275085,-0.0036292250733822584,0.21310731768608093,0.4658498167991638,-0.015473974868655205,0.21849718689918518,0.43496641516685486,-0.016851576045155525,0.22488397359848022,0.40522730350494385,-0.01285263430327177,0.0,0.0,0.0,0.0,0.0,0.0,0.0,0.0,0.0,0.0,0.0,0.0,0.0,0.0,0.0,0.0,0.0,0.0,0.0,0.0,0.0,0.0,0.0,0.0,0.0,0.0,0.0,0.0,0.0,0.0,0.0,0.0,0.0,0.0,0.0,0.0,0.0,0.0,0.0,0.0,0.0,0.0,0.0,0.0,0.0,0.0,0.0,0.0,0.0,0.0,0.0,0.0,0.0,0.0,0.0,0.0,0.0,0.0,0.0,0.0,0.0,0.0,0.0,い
0.19603721797466278,0.6527314782142639,-3.3326412562928454e-07,0.2429734617471695,0.6429315805435181,-0.015141711570322514,0.2883044183254242,0.592341423034668,-0.015947706997394562,0.31707239151000977,0.5484535098075867,-0.018126240000128746,0.34151750802993774,0.5243754386901855,-0.01722714491188526,0.274862676858902,0.5402266383171082,0.0036057813558727503,0.284198135137558,0.5031946301460266,-0.015033900737762451,0.26565390825271606,0.5370071530342102,-0.02213033102452755,0.2558399736881256,0.5648416876792908,-0.020372195169329643,0.24950666725635529,0.5270818471908569,0.0052614836022257805,0.25587964057922363,0.4976183772087097,-0.021633630618453026,0.23827366530895233,0.5446364879608154,-0.028638046234846115,0.22914455831050873,0.5779955983161926,-0.023527974262833595,0.22485299408435822,0.5196236371994019,0.0024211418349295855,0.22799453139305115,0.49309593439102173,-0.023951217532157898,0.21724440157413483,0.5420162081718445,-0.024834495037794113,0.21254947781562805,0.5793702006340027,-0.01423884741961956,0.2012881636619568,0.5129050016403198,-0.001559231779538095,0.21237865090370178,0.46660253405570984,-0.01262296549975872,0.21809174120426178,0.43549013137817383,-0.013710970059037209,0.22453980147838593,0.4056210517883301,-0.009438511915504932,0.0,0.0,0.0,0.0,0.0,0.0,0.0,0.0,0.0,0.0,0.0,0.0,0.0,0.0,0.0,0.0,0.0,0.0,0.0,0.0,0.0,0.0,0.0,0.0,0.0,0.0,0.0,0.0,0.0,0.0,0.0,0.0,0.0,0.0,0.0,0.0,0.0,0.0,0.0,0.0,0.0,0.0,0.0,0.0,0.0,0.0,0.0,0.0,0.0,0.0,0.0,0.0,0.0,0.0,0.0,0.0,0.0,0.0,0.0,0.0,0.0,0.0,0.0,い
0.19656556844711304,0.6512113809585571,-3.401799517632753e-07,0.24286265671253204,0.6426640748977661,-0.014766705222427845,0.28803858160972595,0.5924937129020691,-0.015683067962527275,0.31712135672569275,0.5487069487571716,-0.017940765246748924,0.34186914563179016,0.5261175632476807,-0.017354855313897133,0.27482205629348755,0.5390960574150085,0.0021223064977675676,0.2840394973754883,0.5029751658439636,-0.016514090821146965,0.2652977705001831,0.5357699394226074,-0.02354365587234497,0.25496840476989746,0.5640721321105957,-0.02176925353705883,0.24968989193439484,0.5266368985176086,0.0036629680544137955,0.2552448511123657,0.49983686208724976,-0.023172516375780106,0.23763155937194824,0.546913743019104,-0.029929298907518387,0.22827868163585663,0.5810535550117493,-0.024747326970100403,0.22528386116027832,0.5196506977081299,0.000917589059099555,0.2274719476699829,0.49503517150878906,-0.02528371661901474,0.217304989695549,0.5428537726402283,-0.02623310498893261,0.21312761306762695,0.5795174837112427,-0.015867142006754875,0.20179584622383118,0.5130882263183594,-0.0028696064837276936,0.2129269391298294,0.4668563902378082,-0.013962321914732456,0.2186276763677597,0.43611660599708557,-0.014892992563545704,0.22518280148506165,0.40652692317962646,-0.010536996647715569,0.0,0.0,0.0,0.0,0.0,0.0,0.0,0.0,0.0,0.0,0.0,0.0,0.0,0.0,0.0,0.0,0.0,0.0,0.0,0.0,0.0,0.0,0.0,0.0,0.0,0.0,0.0,0.0,0.0,0.0,0.0,0.0,0.0,0.0,0.0,0.0,0.0,0.0,0.0,0.0,0.0,0.0,0.0,0.0,0.0,0.0,0.0,0.0,0.0,0.0,0.0,0.0,0.0,0.0,0.0,0.0,0.0,0.0,0.0,0.0,0.0,0.0,0.0,い
0.1963939219713211,0.6484533548355103,-3.3486563211226894e-07,0.24373668432235718,0.6409589052200317,-0.015505165793001652,0.28942906856536865,0.5902091860771179,-0.016366463154554367,0.3175792694091797,0.5456106662750244,-0.01828419603407383,0.3429151475429535,0.5245740413665771,-0.017277928069233894,0.27541062235832214,0.5376241207122803,0.001819969853386283,0.28442642092704773,0.502918004989624,-0.016636323183774948,0.2656092643737793,0.5359567999839783,-0.023469310253858566,0.2552219331264496,0.5636541247367859,-0.021601246669888496,0.2498568296432495,0.5244106650352478,0.004025720525532961,0.2559657692909241,0.49874356389045715,-0.02263549342751503,0.23808631300926208,0.5461952686309814,-0.029302559792995453,0.2286594808101654,0.5797171592712402,-0.024081189185380936,0.22529584169387817,0.5169693827629089,0.0018863686127588153,0.22800949215888977,0.4933149218559265,-0.02442106604576111,0.21750672161579132,0.5411472916603088,-0.025626322254538536,0.21300844848155975,0.577354371547699,-0.015413427725434303,0.2015267312526703,0.5099789500236511,-0.0012875006068497896,0.21288664638996124,0.46404772996902466,-0.012444155290722847,0.21849040687084198,0.4336511194705963,-0.013681183569133282,0.2248336672782898,0.40435662865638733,-0.009548531845211983,0.0,0.0,0.0,0.0,0.0,0.0,0.0,0.0,0.0,0.0,0.0,0.0,0.0,0.0,0.0,0.0,0.0,0.0,0.0,0.0,0.0,0.0,0.0,0.0,0.0,0.0,0.0,0.0,0.0,0.0,0.0,0.0,0.0,0.0,0.0,0.0,0.0,0.0,0.0,0.0,0.0,0.0,0.0,0.0,0.0,0.0,0.0,0.0,0.0,0.0,0.0,0.0,0.0,0.0,0.0,0.0,0.0,0.0,0.0,0.0,0.0,0.0,0.0,い
0.1952643096446991,0.645673394203186,-3.321248414067668e-07,0.2414456158876419,0.6378104090690613,-0.0158657506108284,0.28621459007263184,0.5892232060432434,-0.017441043630242348,0.31520891189575195,0.544920027256012,-0.019940268248319626,0.3399384915828705,0.5211346745491028,-0.019302476197481155,0.2744371294975281,0.5350787043571472,0.0004949590074829757,0.2828271985054016,0.4994306266307831,-0.01844686083495617,0.2640819549560547,0.5322628617286682,-0.02530139684677124,0.2543710768222809,0.5593118667602539,-0.023336810991168022,0.24916614592075348,0.521535336971283,0.002599288709461689,0.25264498591423035,0.4955707788467407,-0.024435628205537796,0.2365112155675888,0.5427833199501038,-0.0310479998588562,0.22904439270496368,0.5750728249549866,-0.025793228298425674,0.22474133968353271,0.5142284631729126,0.0003682043170556426,0.2250024378299713,0.49092164635658264,-0.026217177510261536,0.2168915569782257,0.5397932529449463,-0.02732348069548607,0.2144664078950882,0.5764186978340149,-0.017055224627256393,0.20127682387828827,0.5084636211395264,-0.0029290583916008472,0.2121831774711609,0.46335887908935547,-0.01420691516250372,0.2178487926721573,0.43293219804763794,-0.015375494956970215,0.22445374727249146,0.4035857915878296,-0.011173879727721214,0.0,0.0,0.0,0.0,0.0,0.0,0.0,0.0,0.0,0.0,0.0,0.0,0.0,0.0,0.0,0.0,0.0,0.0,0.0,0.0,0.0,0.0,0.0,0.0,0.0,0.0,0.0,0.0,0.0,0.0,0.0,0.0,0.0,0.0,0.0,0.0,0.0,0.0,0.0,0.0,0.0,0.0,0.0,0.0,0.0,0.0,0.0,0.0,0.0,0.0,0.0,0.0,0.0,0.0,0.0,0.0,0.0,0.0,0.0,0.0,0.0,0.0,0.0,い
0.19569595158100128,0.6464087963104248,-3.395308851850132e-07,0.24235808849334717,0.6397138833999634,-0.014795095659792423,0.28750741481781006,0.5884138345718384,-0.015210812911391258,0.3161656856536865,0.5437824726104736,-0.016822809353470802,0.34177687764167786,0.5228164792060852,-0.015547173097729683,0.2745996415615082,0.5368266701698303,0.002394255483523011,0.2833818793296814,0.5012152791023254,-0.0160909965634346,0.26475366950035095,0.5337122678756714,-0.022885827347636223,0.25434717535972595,0.561989426612854,-0.020789042115211487,0.249487966299057,0.5238452553749084,0.004345678258687258,0.2540421783924103,0.49669986963272095,-0.022144421935081482,0.23689602315425873,0.5427715182304382,-0.028781916946172714,0.22827483713626862,0.576160192489624,-0.02341838926076889,0.2248706817626953,0.516384482383728,0.001966406824067235,0.22614224255084991,0.49277397990226746,-0.024400966241955757,0.21586310863494873,0.5412730574607849,-0.025630271062254906,0.21173514425754547,0.5783356428146362,-0.015207584947347641,0.20108400285243988,0.5093204975128174,-0.001361607457511127,0.21204183995723724,0.4639759957790375,-0.012299406342208385,0.217424675822258,0.43368852138519287,-0.013299625366926193,0.22391381859779358,0.40437352657318115,-0.008945358917117119,0.0,0.0,0.0,0.0,0.0,0.0,0.0,0.0,0.0,0.0,0.0,0.0,0.0,0.0,0.0,0.0,0.0,0.0,0.0,0.0,0.0,0.0,0.0,0.0,0.0,0.0,0.0,0.0,0.0,0.0,0.0,0.0,0.0,0.0,0.0,0.0,0.0,0.0,0.0,0.0,0.0,0.0,0.0,0.0,0.0,0.0,0.0,0.0,0.0,0.0,0.0,0.0,0.0,0.0,0.0,0.0,0.0,0.0,0.0,0.0,0.0,0.0,0.0,い
0.19474484026432037,0.6427195072174072,-3.2630902069286094e-07,0.24077604711055756,0.6356562972068787,-0.016062146052718163,0.28617650270462036,0.5852838754653931,-0.017280984669923782,0.3149951994419098,0.5423375368118286,-0.019298240542411804,0.33938515186309814,0.5194697976112366,-0.018346987664699554,0.2741091251373291,0.5347190499305725,-0.0002636462450027466,0.28065377473831177,0.49948760867118835,-0.019693870097398758,0.2619822323322296,0.5315078496932983,-0.026832841336727142,0.2520425319671631,0.5598065257072449,-0.02475086599588394,0.2484588325023651,0.5210272073745728,0.002260552952066064,0.2518523037433624,0.4955722689628601,-0.025566836819052696,0.23440521955490112,0.542578399181366,-0.03237607330083847,0.22556185722351074,0.5765467882156372,-0.026868293061852455,0.22386576235294342,0.5130729675292969,0.0004040147177875042,0.22341863811016083,0.48989734053611755,-0.026844380423426628,0.2142234742641449,0.5368636250495911,-0.028808394446969032,0.2114931046962738,0.5734776258468628,-0.01875782571732998,0.20068545639514923,0.5061503052711487,-0.002415677532553673,0.2122597098350525,0.4611954092979431,-0.013880875892937183,0.21730005741119385,0.4304494559764862,-0.015452949330210686,0.2232091873884201,0.40141919255256653,-0.011441253125667572,0.0,0.0,0.0,0.0,0.0,0.0,0.0,0.0,0.0,0.0,0.0,0.0,0.0,0.0,0.0,0.0,0.0,0.0,0.0,0.0,0.0,0.0,0.0,0.0,0.0,0.0,0.0,0.0,0.0,0.0,0.0,0.0,0.0,0.0,0.0,0.0,0.0,0.0,0.0,0.0,0.0,0.0,0.0,0.0,0.0,0.0,0.0,0.0,0.0,0.0,0.0,0.0,0.0,0.0,0.0,0.0,0.0,0.0,0.0,0.0,0.0,0.0,0.0,い
0.195103257894516,0.6456711292266846,-3.335572671403497e-07,0.2402251660823822,0.6390455961227417,-0.016844119876623154,0.2858394384384155,0.5867032408714294,-0.018267108127474785,0.3155714273452759,0.542704701423645,-0.020252851769328117,0.3411000669002533,0.5219711661338806,-0.019067399203777313,0.274428129196167,0.5365684628486633,-0.0007220531115308404,0.2807849049568176,0.5006093382835388,-0.01986047998070717,0.26160964369773865,0.5338180065155029,-0.026707028970122337,0.2519952356815338,0.5624101758003235,-0.02464040368795395,0.24902746081352234,0.5231165885925293,0.002069880021736026,0.2520883083343506,0.49529317021369934,-0.02511739172041416,0.234763503074646,0.5416382551193237,-0.03141818195581436,0.2264379858970642,0.5747102499008179,-0.025840645655989647,0.22432324290275574,0.5155054330825806,0.0003725732385646552,0.22419732809066772,0.4913342595100403,-0.026468325406312943,0.21422456204891205,0.5387884974479675,-0.0276767760515213,0.21060973405838013,0.5753934979438782,-0.017334790900349617,0.2010498046875,0.5086361169815063,-0.0024515397381037474,0.21165961027145386,0.4627237021923065,-0.013977793045341969,0.21662907302379608,0.43179360032081604,-0.015502271242439747,0.2228299081325531,0.40227365493774414,-0.011571133509278297,0.0,0.0,0.0,0.0,0.0,0.0,0.0,0.0,0.0,0.0,0.0,0.0,0.0,0.0,0.0,0.0,0.0,0.0,0.0,0.0,0.0,0.0,0.0,0.0,0.0,0.0,0.0,0.0,0.0,0.0,0.0,0.0,0.0,0.0,0.0,0.0,0.0,0.0,0.0,0.0,0.0,0.0,0.0,0.0,0.0,0.0,0.0,0.0,0.0,0.0,0.0,0.0,0.0,0.0,0.0,0.0,0.0,0.0,0.0,0.0,0.0,0.0,0.0,い
0.19422096014022827,0.6454336047172546,-3.36506076337173e-07,0.24041138589382172,0.639110803604126,-0.016875892877578735,0.2867116928100586,0.5880733132362366,-0.018172502517700195,0.31638047099113464,0.5437524914741516,-0.020167550072073936,0.34194251894950867,0.5218821167945862,-0.018958330154418945,0.27468031644821167,0.537578284740448,0.000485052791191265,0.28150659799575806,0.5007448792457581,-0.019245045259594917,0.2620161175727844,0.5337063074111938,-0.026393359526991844,0.2522580921649933,0.562589704990387,-0.024197379127144814,0.24906869232654572,0.5242071151733398,0.0034186679404228926,0.25241950154304504,0.495781272649765,-0.02437352016568184,0.23438970744609833,0.5428502559661865,-0.030811937525868416,0.22613227367401123,0.5760985612869263,-0.024978522211313248,0.2242758572101593,0.5164374113082886,0.0017257535364478827,0.22441600263118744,0.491935670375824,-0.025823839008808136,0.21356141567230225,0.5398222804069519,-0.02694801613688469,0.20974339544773102,0.5762258768081665,-0.016142480075359344,0.20085620880126953,0.5089307427406311,-0.0010414327261969447,0.21214956045150757,0.4630453586578369,-0.01249427068978548,0.2171817570924759,0.43216875195503235,-0.013528394512832165,0.22331024706363678,0.4027198255062103,-0.009023204445838928,0.0,0.0,0.0,0.0,0.0,0.0,0.0,0.0,0.0,0.0,0.0,0.0,0.0,0.0,0.0,0.0,0.0,0.0,0.0,0.0,0.0,0.0,0.0,0.0,0.0,0.0,0.0,0.0,0.0,0.0,0.0,0.0,0.0,0.0,0.0,0.0,0.0,0.0,0.0,0.0,0.0,0.0,0.0,0.0,0.0,0.0,0.0,0.0,0.0,0.0,0.0,0.0,0.0,0.0,0.0,0.0,0.0,0.0,0.0,0.0,0.0,0.0,0.0,い
0.19454024732112885,0.6464056372642517,-3.3706626823004626e-07,0.24064333736896515,0.6402547359466553,-0.015971623361110687,0.2867845296859741,0.5884473919868469,-0.016788065433502197,0.3165128827095032,0.5441994071006775,-0.018400423228740692,0.34150347113609314,0.52191162109375,-0.016922229900956154,0.273741751909256,0.5371310710906982,0.0007217853562906384,0.2816624641418457,0.5010103583335876,-0.018111713230609894,0.2627103328704834,0.5340498089790344,-0.024792995303869247,0.2530791163444519,0.5624796748161316,-0.02262403815984726,0.2484726756811142,0.5241748690605164,0.003169432282447815,0.2528175413608551,0.4955890476703644,-0.023831848055124283,0.23539021611213684,0.5424667596817017,-0.029977431520819664,0.22707125544548035,0.5758163928985596,-0.024240411818027496,0.22379831969738007,0.516897439956665,0.0011557890102267265,0.22494544088840485,0.4920467138290405,-0.025858435779809952,0.21463154256343842,0.5407329201698303,-0.02673540636897087,0.21067224442958832,0.5776019096374512,-0.016010232269763947,0.2004794329404831,0.509842038154602,-0.0018790686735883355,0.21190986037254333,0.46380138397216797,-0.01344464160501957,0.21729665994644165,0.43282970786094666,-0.01463085412979126,0.22376015782356262,0.4028015732765198,-0.01039451640099287,0.0,0.0,0.0,0.0,0.0,0.0,0.0,0.0,0.0,0.0,0.0,0.0,0.0,0.0,0.0,0.0,0.0,0.0,0.0,0.0,0.0,0.0,0.0,0.0,0.0,0.0,0.0,0.0,0.0,0.0,0.0,0.0,0.0,0.0,0.0,0.0,0.0,0.0,0.0,0.0,0.0,0.0,0.0,0.0,0.0,0.0,0.0,0.0,0.0,0.0,0.0,0.0,0.0,0.0,0.0,0.0,0.0,0.0,0.0,0.0,0.0,0.0,0.0,い
0.19316531717777252,0.6477348208427429,-3.4205555721200653e-07,0.2393864244222641,0.6424962282180786,-0.017849331721663475,0.2864116430282593,0.5915685296058655,-0.01951202191412449,0.31648194789886475,0.5452631711959839,-0.02167820744216442,0.34229791164398193,0.5221413969993591,-0.020554250106215477,0.27444037795066833,0.5388795733451843,0.00014052931510377675,0.28133758902549744,0.5008365511894226,-0.01978442631661892,0.2618879973888397,0.5338231921195984,-0.026999566704034805,0.2526131272315979,0.5626955628395081,-0.024908870458602905,0.24881988763809204,0.5260753631591797,0.003490172326564789,0.25236642360687256,0.49586108326911926,-0.0244024358689785,0.2344413697719574,0.5426369905471802,-0.030815469101071358,0.2264733463525772,0.5755458474159241,-0.025041796267032623,0.22392360866069794,0.5187087059020996,0.002115223091095686,0.22475044429302216,0.4920540750026703,-0.02600012719631195,0.2136472761631012,0.5414443612098694,-0.026769006624817848,0.20953163504600525,0.5789130926132202,-0.015575443394482136,0.20036986470222473,0.5116505026817322,-0.0004194213543087244,0.21152958273887634,0.46468645334243774,-0.012498138472437859,0.21669058501720428,0.4332679510116577,-0.013699430041015148,0.2232212871313095,0.40314871072769165,-0.009220452047884464,0.0,0.0,0.0,0.0,0.0,0.0,0.0,0.0,0.0,0.0,0.0,0.0,0.0,0.0,0.0,0.0,0.0,0.0,0.0,0.0,0.0,0.0,0.0,0.0,0.0,0.0,0.0,0.0,0.0,0.0,0.0,0.0,0.0,0.0,0.0,0.0,0.0,0.0,0.0,0.0,0.0,0.0,0.0,0.0,0.0,0.0,0.0,0.0,0.0,0.0,0.0,0.0,0.0,0.0,0.0,0.0,0.0,0.0,0.0,0.0,0.0,0.0,0.0,い
0.19437715411186218,0.6458439826965332,-3.355170576924138e-07,0.24132032692432404,0.6383923292160034,-0.017619147896766663,0.28697022795677185,0.5889620780944824,-0.019329924136400223,0.3164497911930084,0.5436320900917053,-0.0215668473392725,0.3419841229915619,0.5210275650024414,-0.020602837204933167,0.27428531646728516,0.5363510251045227,0.0006354243960231543,0.28096914291381836,0.4996384084224701,-0.01925661601126194,0.2617996335029602,0.5334320664405823,-0.02663503587245941,0.25219640135765076,0.5623900890350342,-0.02455233596265316,0.24885287880897522,0.5235676169395447,0.003906672820448875,0.252763569355011,0.49447357654571533,-0.02410092018544674,0.2346567064523697,0.5427320003509521,-0.030927523970603943,0.22627563774585724,0.5764502286911011,-0.0252116359770298,0.2242528796195984,0.516037106513977,0.002509166719391942,0.22440733015537262,0.492185115814209,-0.025546180084347725,0.2133273333311081,0.5409120917320251,-0.026889270171523094,0.20929361879825592,0.5771059989929199,-0.015909237787127495,0.20049217343330383,0.508630633354187,4.88397890876513e-05,0.21182608604431152,0.4619346559047699,-0.011607506312429905,0.2169433981180191,0.4315205216407776,-0.01243422832340002,0.22289061546325684,0.4022718369960785,-0.0075529953464865685,0.0,0.0,0.0,0.0,0.0,0.0,0.0,0.0,0.0,0.0,0.0,0.0,0.0,0.0,0.0,0.0,0.0,0.0,0.0,0.0,0.0,0.0,0.0,0.0,0.0,0.0,0.0,0.0,0.0,0.0,0.0,0.0,0.0,0.0,0.0,0.0,0.0,0.0,0.0,0.0,0.0,0.0,0.0,0.0,0.0,0.0,0.0,0.0,0.0,0.0,0.0,0.0,0.0,0.0,0.0,0.0,0.0,0.0,0.0,0.0,0.0,0.0,0.0,い
0.19583231210708618,0.6466294527053833,-3.372537378254492e-07,0.2429642379283905,0.6395825147628784,-0.015208552591502666,0.288117378950119,0.5893042087554932,-0.01582201011478901,0.31700003147125244,0.5449055433273315,-0.017429254949092865,0.34149056673049927,0.522662341594696,-0.016153080388903618,0.2749212980270386,0.5373512506484985,0.001148067880421877,0.28218770027160645,0.5019134283065796,-0.017921553924679756,0.26359888911247253,0.534483015537262,-0.024679291993379593,0.2538857161998749,0.5630823373794556,-0.022340986877679825,0.24956108629703522,0.5242835283279419,0.003261700738221407,0.252963662147522,0.49719417095184326,-0.024007873609662056,0.23528005182743073,0.5444794297218323,-0.030421096831560135,0.2264651358127594,0.5781928896903992,-0.02468300797045231,0.2246829718351364,0.5164964199066162,0.0010358290746808052,0.22408780455589294,0.4934206008911133,-0.026556523516774178,0.21353167295455933,0.542214572429657,-0.027938662096858025,0.2096252590417862,0.579256534576416,-0.017249496653676033,0.2009861171245575,0.5090731382369995,-0.0020276843570172787,0.2119295448064804,0.4624953866004944,-0.013721802271902561,0.21704022586345673,0.43198922276496887,-0.014647193253040314,0.2230766862630844,0.4026351273059845,-0.010018782690167427,0.0,0.0,0.0,0.0,0.0,0.0,0.0,0.0,0.0,0.0,0.0,0.0,0.0,0.0,0.0,0.0,0.0,0.0,0.0,0.0,0.0,0.0,0.0,0.0,0.0,0.0,0.0,0.0,0.0,0.0,0.0,0.0,0.0,0.0,0.0,0.0,0.0,0.0,0.0,0.0,0.0,0.0,0.0,0.0,0.0,0.0,0.0,0.0,0.0,0.0,0.0,0.0,0.0,0.0,0.0,0.0,0.0,0.0,0.0,0.0,0.0,0.0,0.0,い
0.19776469469070435,0.6473581790924072,-3.3747633665370813e-07,0.24354273080825806,0.6425126791000366,-0.016206996515393257,0.289287269115448,0.5924661159515381,-0.017141081392765045,0.318622887134552,0.5467562675476074,-0.01864003576338291,0.3421187996864319,0.5230240225791931,-0.01718415878713131,0.275555819272995,0.5374940037727356,0.0003056669083889574,0.28310513496398926,0.5020418763160706,-0.017972219735383987,0.2649277150630951,0.5359330773353577,-0.024674685671925545,0.25516217947006226,0.5639983415603638,-0.022687196731567383,0.2509499192237854,0.524994969367981,0.0032648765482008457,0.25541234016418457,0.497724711894989,-0.022511564195156097,0.23829834163188934,0.5455402731895447,-0.02865193411707878,0.2289668619632721,0.5781355500221252,-0.023264657706022263,0.2269160896539688,0.5181211829185486,0.0019122721860185266,0.2272886484861374,0.4937996566295624,-0.024428755044937134,0.2174200564622879,0.5422586798667908,-0.025779886171221733,0.21298952400684357,0.5781771540641785,-0.015604916960000992,0.2038036286830902,0.5118244290351868,-0.0003964070347137749,0.21464133262634277,0.4655962586402893,-0.012111634016036987,0.2198476940393448,0.43503427505493164,-0.013674667105078697,0.22540989518165588,0.4054911136627197,-0.00969195831567049,0.0,0.0,0.0,0.0,0.0,0.0,0.0,0.0,0.0,0.0,0.0,0.0,0.0,0.0,0.0,0.0,0.0,0.0,0.0,0.0,0.0,0.0,0.0,0.0,0.0,0.0,0.0,0.0,0.0,0.0,0.0,0.0,0.0,0.0,0.0,0.0,0.0,0.0,0.0,0.0,0.0,0.0,0.0,0.0,0.0,0.0,0.0,0.0,0.0,0.0,0.0,0.0,0.0,0.0,0.0,0.0,0.0,0.0,0.0,0.0,0.0,0.0,0.0,い
0.1962365210056305,0.6468729972839355,-3.412597209262458e-07,0.2429075539112091,0.6425797939300537,-0.01693941466510296,0.2886492609977722,0.591467559337616,-0.017819663509726524,0.31827977299690247,0.5461635589599609,-0.019300559535622597,0.34328728914260864,0.5244104266166687,-0.017597973346710205,0.27575352787971497,0.537372887134552,0.0011098551331087947,0.2832886576652527,0.5028930902481079,-0.017786843702197075,0.2645568549633026,0.5382227897644043,-0.024396328255534172,0.25479817390441895,0.5661159753799438,-0.021955009549856186,0.25074708461761475,0.5249183177947998,0.004316946491599083,0.2555341124534607,0.49835795164108276,-0.021962406113743782,0.2382029891014099,0.5461685061454773,-0.027995504438877106,0.22949600219726562,0.5773169994354248,-0.022216439247131348,0.22648262977600098,0.5180243849754333,0.002927565248683095,0.22754916548728943,0.4951208233833313,-0.024075644090771675,0.21714815497398376,0.5437761545181274,-0.02537168748676777,0.2126576006412506,0.5787692070007324,-0.01477685198187828,0.20331896841526031,0.5111443996429443,0.0005354266613721848,0.21446043252944946,0.46516454219818115,-0.010908957570791245,0.21958646178245544,0.43533042073249817,-0.011863328516483307,0.22525517642498016,0.40623366832733154,-0.007232405710965395,0.0,0.0,0.0,0.0,0.0,0.0,0.0,0.0,0.0,0.0,0.0,0.0,0.0,0.0,0.0,0.0,0.0,0.0,0.0,0.0,0.0,0.0,0.0,0.0,0.0,0.0,0.0,0.0,0.0,0.0,0.0,0.0,0.0,0.0,0.0,0.0,0.0,0.0,0.0,0.0,0.0,0.0,0.0,0.0,0.0,0.0,0.0,0.0,0.0,0.0,0.0,0.0,0.0,0.0,0.0,0.0,0.0,0.0,0.0,0.0,0.0,0.0,0.0,い
0.19565469026565552,0.6487686634063721,-3.3245217423427675e-07,0.2421967089176178,0.6435211896896362,-0.017283378168940544,0.28769806027412415,0.5938215851783752,-0.018531590700149536,0.31731948256492615,0.5479355454444885,-0.020065901800990105,0.3422260880470276,0.5258017182350159,-0.018326498568058014,0.2754420340061188,0.5411205887794495,0.0007573905750177801,0.28394815325737,0.5061691999435425,-0.017539139837026596,0.26514095067977905,0.5400256514549255,-0.024133171886205673,0.25528499484062195,0.5670614242553711,-0.021984463557600975,0.2505287826061249,0.5276713371276855,0.004243032541126013,0.2564452290534973,0.49948692321777344,-0.021287987008690834,0.23918142914772034,0.5460284948348999,-0.027443712577223778,0.23049163818359375,0.5769184827804565,-0.022075112909078598,0.22649282217025757,0.5199247002601624,0.003252430120483041,0.22766022384166718,0.49527767300605774,-0.022673845291137695,0.21788378059864044,0.5419206023216248,-0.024025017395615578,0.2138582170009613,0.5761440992355347,-0.013971528969705105,0.2034028172492981,0.5123973488807678,0.0012054601684212685,0.21447928249835968,0.46603819727897644,-0.009690903127193451,0.21974290907382965,0.4358057379722595,-0.010665018111467361,0.22559252381324768,0.4061456322669983,-0.00634591281414032,0.0,0.0,0.0,0.0,0.0,0.0,0.0,0.0,0.0,0.0,0.0,0.0,0.0,0.0,0.0,0.0,0.0,0.0,0.0,0.0,0.0,0.0,0.0,0.0,0.0,0.0,0.0,0.0,0.0,0.0,0.0,0.0,0.0,0.0,0.0,0.0,0.0,0.0,0.0,0.0,0.0,0.0,0.0,0.0,0.0,0.0,0.0,0.0,0.0,0.0,0.0,0.0,0.0,0.0,0.0,0.0,0.0,0.0,0.0,0.0,0.0,0.0,0.0,い
0.19567450881004333,0.6484296917915344,-3.217409130229498e-07,0.2418549656867981,0.6406003832817078,-0.016468606889247894,0.2890514135360718,0.5897982120513916,-0.0173807293176651,0.3186512291431427,0.546428382396698,-0.019162537530064583,0.3424164056777954,0.5232477784156799,-0.01803158037364483,0.27517515420913696,0.5382201671600342,0.0014903300907462835,0.28284916281700134,0.5030124187469482,-0.017308775335550308,0.2649032175540924,0.5360024571418762,-0.02455376461148262,0.2550315260887146,0.5635002851486206,-0.02264253795146942,0.24978511035442352,0.5248684883117676,0.004250654485076666,0.2546851933002472,0.49843233823776245,-0.02251160703599453,0.23754550516605377,0.5455789566040039,-0.029585212469100952,0.22847533226013184,0.5791152715682983,-0.024468565359711647,0.22540384531021118,0.5172305107116699,0.0025197071954607964,0.22646619379520416,0.492878258228302,-0.023976173251867294,0.21672196686267853,0.5393664240837097,-0.02615201100707054,0.21290598809719086,0.5751428008079529,-0.01640423573553562,0.20229512453079224,0.5102129578590393,-0.0002639585582073778,0.21397091448307037,0.46447208523750305,-0.011066257022321224,0.2195095270872116,0.43356671929359436,-0.012377695180475712,0.225690096616745,0.4044378995895386,-0.008296183310449123,0.0,0.0,0.0,0.0,0.0,0.0,0.0,0.0,0.0,0.0,0.0,0.0,0.0,0.0,0.0,0.0,0.0,0.0,0.0,0.0,0.0,0.0,0.0,0.0,0.0,0.0,0.0,0.0,0.0,0.0,0.0,0.0,0.0,0.0,0.0,0.0,0.0,0.0,0.0,0.0,0.0,0.0,0.0,0.0,0.0,0.0,0.0,0.0,0.0,0.0,0.0,0.0,0.0,0.0,0.0,0.0,0.0,0.0,0.0,0.0,0.0,0.0,0.0,い
0.195382222533226,0.6476895213127136,-3.2963964713417226e-07,0.24156126379966736,0.6409510970115662,-0.017416920512914658,0.2886158525943756,0.589330792427063,-0.01849452219903469,0.3180590867996216,0.544879674911499,-0.02015145868062973,0.34303516149520874,0.5242883563041687,-0.01851292885839939,0.27595391869544983,0.5380553007125854,0.0007125041447579861,0.2819678783416748,0.502880334854126,-0.01834634691476822,0.2625868022441864,0.5376912951469421,-0.025050152093172073,0.253474622964859,0.5655801892280579,-0.022760415449738503,0.2502746880054474,0.5251685380935669,0.003908522892743349,0.253673255443573,0.4974207580089569,-0.023420900106430054,0.23649173974990845,0.5449572801589966,-0.02982194907963276,0.22842122614383698,0.5772566795349121,-0.02408812753856182,0.2255772203207016,0.5179812908172607,0.002489887410774827,0.22488711774349213,0.4936574101448059,-0.025066465139389038,0.21472077071666718,0.5421239733695984,-0.02650185488164425,0.21099884808063507,0.5780153870582581,-0.01593693532049656,0.20238399505615234,0.5109217166900635,-2.184209915867541e-05,0.2132403552532196,0.4650213122367859,-0.011538492515683174,0.21858809888362885,0.4344266653060913,-0.01272384263575077,0.22485581040382385,0.4045449495315552,-0.008363768458366394,0.0,0.0,0.0,0.0,0.0,0.0,0.0,0.0,0.0,0.0,0.0,0.0,0.0,0.0,0.0,0.0,0.0,0.0,0.0,0.0,0.0,0.0,0.0,0.0,0.0,0.0,0.0,0.0,0.0,0.0,0.0,0.0,0.0,0.0,0.0,0.0,0.0,0.0,0.0,0.0,0.0,0.0,0.0,0.0,0.0,0.0,0.0,0.0,0.0,0.0,0.0,0.0,0.0,0.0,0.0,0.0,0.0,0.0,0.0,0.0,0.0,0.0,0.0,い
0.1976502537727356,0.6493488550186157,-3.2464478749716363e-07,0.24306203424930573,0.6415079832077026,-0.015463697724044323,0.2878079414367676,0.5905094742774963,-0.016639985144138336,0.3171302080154419,0.5469998717308044,-0.018571846187114716,0.34263551235198975,0.5265846848487854,-0.01735479012131691,0.274793416261673,0.5388498306274414,-0.00038919143844395876,0.2832551896572113,0.5037205219268799,-0.018153291195631027,0.26447793841362,0.5387016534805298,-0.024194760248064995,0.2545240521430969,0.5664030313491821,-0.022163312882184982,0.2494286596775055,0.5260115265846252,0.0016661526169627905,0.25575923919677734,0.49800410866737366,-0.024098314344882965,0.23852314054965973,0.5456292033195496,-0.029894663020968437,0.22920522093772888,0.5783984065055847,-0.024573348462581635,0.22496038675308228,0.5189276337623596,-0.00043276778887957335,0.22766950726509094,0.49442583322525024,-0.02584424987435341,0.21753919124603271,0.5422255992889404,-0.026304271072149277,0.21271875500679016,0.5779779553413391,-0.01615595817565918,0.20167262852191925,0.5122467875480652,-0.003598711686208844,0.212758868932724,0.4664955735206604,-0.014699287712574005,0.2187521904706955,0.4361852705478668,-0.015932206064462662,0.22534023225307465,0.4065197706222534,-0.012127257883548737,0.0,0.0,0.0,0.0,0.0,0.0,0.0,0.0,0.0,0.0,0.0,0.0,0.0,0.0,0.0,0.0,0.0,0.0,0.0,0.0,0.0,0.0,0.0,0.0,0.0,0.0,0.0,0.0,0.0,0.0,0.0,0.0,0.0,0.0,0.0,0.0,0.0,0.0,0.0,0.0,0.0,0.0,0.0,0.0,0.0,0.0,0.0,0.0,0.0,0.0,0.0,0.0,0.0,0.0,0.0,0.0,0.0,0.0,0.0,0.0,0.0,0.0,0.0,い
0.19582095742225647,0.6486263871192932,-3.314912646601442e-07,0.2423335611820221,0.6416690945625305,-0.01704837568104267,0.2888985872268677,0.5903962254524231,-0.018536310642957687,0.31806880235671997,0.545181155204773,-0.020651644095778465,0.3439514636993408,0.5240307450294495,-0.019620981067419052,0.2753226161003113,0.5366353392601013,-7.294356692000292e-06,0.2837509512901306,0.5013773441314697,-0.01894022896885872,0.2641155421733856,0.5358120799064636,-0.025711966678500175,0.2542518079280853,0.5639920234680176,-0.02369413897395134,0.24945634603500366,0.5239045023918152,0.002699709264561534,0.255548894405365,0.49603816866874695,-0.02440444380044937,0.23784282803535461,0.5434456467628479,-0.03086027130484581,0.22915105521678925,0.5770233869552612,-0.025293443351984024,0.22485025227069855,0.5172103643417358,0.000939462857786566,0.22718366980552673,0.49384239315986633,-0.026067713275551796,0.2170308232307434,0.542273223400116,-0.027215851470828056,0.21306167542934418,0.5786688327789307,-0.016644105315208435,0.20166239142417908,0.5110129714012146,-0.0019331093644723296,0.21316449344158173,0.46481889486312866,-0.013391328975558281,0.21897059679031372,0.43442925810813904,-0.01446719653904438,0.22563400864601135,0.40528348088264465,-0.010078249499201775,0.0,0.0,0.0,0.0,0.0,0.0,0.0,0.0,0.0,0.0,0.0,0.0,0.0,0.0,0.0,0.0,0.0,0.0,0.0,0.0,0.0,0.0,0.0,0.0,0.0,0.0,0.0,0.0,0.0,0.0,0.0,0.0,0.0,0.0,0.0,0.0,0.0,0.0,0.0,0.0,0.0,0.0,0.0,0.0,0.0,0.0,0.0,0.0,0.0,0.0,0.0,0.0,0.0,0.0,0.0,0.0,0.0,0.0,0.0,0.0,0.0,0.0,0.0,い
0.19685830175876617,0.6473358869552612,-3.3954515288314724e-07,0.24266591668128967,0.6419167518615723,-0.01832752674818039,0.2881881594657898,0.5922272801399231,-0.020698651671409607,0.3179207444190979,0.5454488396644592,-0.0233162734657526,0.34486809372901917,0.5241129398345947,-0.022685132920742035,0.277324914932251,0.5365318655967712,-0.0015426231548190117,0.28479093313217163,0.5025936365127563,-0.021493613719940186,0.2644501328468323,0.5370471477508545,-0.028727689757943153,0.25417524576187134,0.5663537979125977,-0.026657389476895332,0.2517470121383667,0.5234647989273071,0.0019657493103295565,0.25697216391563416,0.4956510066986084,-0.02574227564036846,0.23835867643356323,0.5429064631462097,-0.03209403529763222,0.2291014939546585,0.5766797065734863,-0.026207003742456436,0.2268885225057602,0.5161468982696533,0.0009196700993925333,0.22769694030284882,0.4948912262916565,-0.027437705546617508,0.21580572426319122,0.5441317558288574,-0.02866615541279316,0.21066755056381226,0.5809240937232971,-0.017596524208784103,0.20341651141643524,0.5094634294509888,-0.0011644427431747317,0.21454846858978271,0.4631293714046478,-0.0132873160764575,0.21970513463020325,0.4331786632537842,-0.014064030721783638,0.22573477029800415,0.40424680709838867,-0.009121361188590527,0.0,0.0,0.0,0.0,0.0,0.0,0.0,0.0,0.0,0.0,0.0,0.0,0.0,0.0,0.0,0.0,0.0,0.0,0.0,0.0,0.0,0.0,0.0,0.0,0.0,0.0,0.0,0.0,0.0,0.0,0.0,0.0,0.0,0.0,0.0,0.0,0.0,0.0,0.0,0.0,0.0,0.0,0.0,0.0,0.0,0.0,0.0,0.0,0.0,0.0,0.0,0.0,0.0,0.0,0.0,0.0,0.0,0.0,0.0,0.0,0.0,0.0,0.0,い
0.19629348814487457,0.6514497399330139,-3.5959703836851986e-07,0.24394556879997253,0.6442127227783203,-0.015435180626809597,0.2899697422981262,0.5931728482246399,-0.01626751199364662,0.31845393776893616,0.5462830066680908,-0.017834682017564774,0.34431150555610657,0.5263528823852539,-0.015873216092586517,0.2763875126838684,0.5380175113677979,0.001993675483390689,0.2846487760543823,0.5052415728569031,-0.016618767753243446,0.2657506763935089,0.5420362949371338,-0.022645020857453346,0.2555598318576813,0.5702978372573853,-0.020050715655088425,0.25132548809051514,0.5256531238555908,0.00426231836900115,0.25774437189102173,0.4994543790817261,-0.02165038138628006,0.2399628758430481,0.5488246083259583,-0.027220433577895164,0.23124124109745026,0.5793360471725464,-0.021310029551386833,0.227195605635643,0.5191060304641724,0.002130450215190649,0.22905127704143524,0.4972493052482605,-0.025170424953103065,0.2177591174840927,0.5467914342880249,-0.026068516075611115,0.2127174586057663,0.5805819034576416,-0.015318694524466991,0.2038356065750122,0.5127774477005005,-0.0008057384402491152,0.21491816639900208,0.4656095802783966,-0.012947769835591316,0.22010287642478943,0.43575289845466614,-0.013991355895996094,0.22577716410160065,0.4059146046638489,-0.009407947771251202,0.0,0.0,0.0,0.0,0.0,0.0,0.0,0.0,0.0,0.0,0.0,0.0,0.0,0.0,0.0,0.0,0.0,0.0,0.0,0.0,0.0,0.0,0.0,0.0,0.0,0.0,0.0,0.0,0.0,0.0,0.0,0.0,0.0,0.0,0.0,0.0,0.0,0.0,0.0,0.0,0.0,0.0,0.0,0.0,0.0,0.0,0.0,0.0,0.0,0.0,0.0,0.0,0.0,0.0,0.0,0.0,0.0,0.0,0.0,0.0,0.0,0.0,0.0,い
0.19517502188682556,0.6533259749412537,-3.297864452633803e-07,0.24297848343849182,0.644883930683136,-0.017916986718773842,0.2900177836418152,0.5937453508377075,-0.01977567747235298,0.31966111063957214,0.5468956232070923,-0.022173257544636726,0.34611523151397705,0.5254221558570862,-0.021139677613973618,0.2771890163421631,0.5386603474617004,0.002540834015235305,0.28568947315216064,0.5035465359687805,-0.01670895516872406,0.2664352059364319,0.5385943651199341,-0.024149229750037193,0.2559354901313782,0.5664764642715454,-0.02232220768928528,0.2518565356731415,0.5262575149536133,0.005804058164358139,0.25735238194465637,0.49836766719818115,-0.020336346700787544,0.23956052958965302,0.5462884306907654,-0.02699456736445427,0.23040242493152618,0.5774657726287842,-0.021726153790950775,0.2273692786693573,0.5195585489273071,0.0042148311622440815,0.22926564514636993,0.4957617223262787,-0.022481633350253105,0.218861386179924,0.5444427728652954,-0.023806972429156303,0.21417087316513062,0.5792282819747925,-0.013346015475690365,0.20393888652324677,0.5128411650657654,0.0014271672116592526,0.21565471589565277,0.4654509127140045,-0.009583595208823681,0.22091268002986908,0.4351953864097595,-0.010253684595227242,0.22658216953277588,0.40533900260925293,-0.005471938289701939,0.0,0.0,0.0,0.0,0.0,0.0,0.0,0.0,0.0,0.0,0.0,0.0,0.0,0.0,0.0,0.0,0.0,0.0,0.0,0.0,0.0,0.0,0.0,0.0,0.0,0.0,0.0,0.0,0.0,0.0,0.0,0.0,0.0,0.0,0.0,0.0,0.0,0.0,0.0,0.0,0.0,0.0,0.0,0.0,0.0,0.0,0.0,0.0,0.0,0.0,0.0,0.0,0.0,0.0,0.0,0.0,0.0,0.0,0.0,0.0,0.0,0.0,0.0,い
0.1951848268508911,0.654215931892395,-3.2805812111291743e-07,0.24310055375099182,0.6443537473678589,-0.01700437068939209,0.2895960211753845,0.5935813784599304,-0.018681487068533897,0.31926247477531433,0.5480326414108276,-0.021216297522187233,0.3452523350715637,0.5263261198997498,-0.020372675731778145,0.27719536423683167,0.5400100350379944,0.0022395141422748566,0.2839715778827667,0.5041424036026001,-0.01749134063720703,0.2654648423194885,0.5388452410697937,-0.024847861379384995,0.2560242712497711,0.5669553279876709,-0.022945860400795937,0.25141531229019165,0.5274569392204285,0.004758683033287525,0.2561676800251007,0.4987512230873108,-0.02244643308222294,0.23854972422122955,0.5466886758804321,-0.02917332388460636,0.22958676517009735,0.5779197812080383,-0.023883862420916557,0.22649754583835602,0.5205788612365723,0.002525078132748604,0.2278759479522705,0.49525201320648193,-0.025104820728302002,0.2170359343290329,0.5436730980873108,-0.026117300614714622,0.2123548686504364,0.5784592628479004,-0.015361124649643898,0.2024877518415451,0.5138096213340759,-0.0008303195936605334,0.21400900185108185,0.4660291075706482,-0.01259616483002901,0.21986159682273865,0.4348709285259247,-0.013404902070760727,0.22615832090377808,0.40424513816833496,-0.00869006011635065,0.0,0.0,0.0,0.0,0.0,0.0,0.0,0.0,0.0,0.0,0.0,0.0,0.0,0.0,0.0,0.0,0.0,0.0,0.0,0.0,0.0,0.0,0.0,0.0,0.0,0.0,0.0,0.0,0.0,0.0,0.0,0.0,0.0,0.0,0.0,0.0,0.0,0.0,0.0,0.0,0.0,0.0,0.0,0.0,0.0,0.0,0.0,0.0,0.0,0.0,0.0,0.0,0.0,0.0,0.0,0.0,0.0,0.0,0.0,0.0,0.0,0.0,0.0,い
0.1950598955154419,0.6518649458885193,-3.2024291840571095e-07,0.242301344871521,0.6412287950515747,-0.015937089920043945,0.2887588441371918,0.5913687944412231,-0.01726040244102478,0.31822073459625244,0.5476709008216858,-0.019641274586319923,0.3432295024394989,0.5253983736038208,-0.01899171806871891,0.27648162841796875,0.5390488505363464,0.002594632562249899,0.2833302617073059,0.5047189593315125,-0.016604704782366753,0.2648628056049347,0.5375720858573914,-0.024264097213745117,0.25473999977111816,0.5657879114151001,-0.02262728661298752,0.2506093382835388,0.5257443189620972,0.004800574388355017,0.25417301058769226,0.4994213283061981,-0.022061817348003387,0.23720258474349976,0.5458619594573975,-0.02946615032851696,0.22859665751457214,0.5785125494003296,-0.02473256178200245,0.22589506208896637,0.5182905197143555,0.0025199411902576685,0.2256440818309784,0.49356797337532043,-0.024009501561522484,0.21627694368362427,0.5398979783058167,-0.02588692121207714,0.21320338547229767,0.575308084487915,-0.016099179163575172,0.20211559534072876,0.5117117166519165,-0.0008159363060258329,0.21321168541908264,0.4653403162956238,-0.011722722090780735,0.21900296211242676,0.43445003032684326,-0.01273749303072691,0.22579292953014374,0.40527403354644775,-0.008407141081988811,0.0,0.0,0.0,0.0,0.0,0.0,0.0,0.0,0.0,0.0,0.0,0.0,0.0,0.0,0.0,0.0,0.0,0.0,0.0,0.0,0.0,0.0,0.0,0.0,0.0,0.0,0.0,0.0,0.0,0.0,0.0,0.0,0.0,0.0,0.0,0.0,0.0,0.0,0.0,0.0,0.0,0.0,0.0,0.0,0.0,0.0,0.0,0.0,0.0,0.0,0.0,0.0,0.0,0.0,0.0,0.0,0.0,0.0,0.0,0.0,0.0,0.0,0.0,い
0.19622322916984558,0.6471004486083984,-3.1799939392840315e-07,0.24176545441150665,0.63857501745224,-0.017204556614160538,0.2874371409416199,0.5869097709655762,-0.018946915864944458,0.31778213381767273,0.544514536857605,-0.02140544354915619,0.34327933192253113,0.523015022277832,-0.020318595692515373,0.27354827523231506,0.5356404185295105,-0.0007767111528664827,0.2810020446777344,0.5012030601501465,-0.019952181726694107,0.2615915536880493,0.537756085395813,-0.02615823596715927,0.2523626685142517,0.5644724369049072,-0.023891400545835495,0.247939795255661,0.5227771997451782,0.0018341777613386512,0.2527039349079132,0.4964202046394348,-0.025314709171652794,0.23599715530872345,0.5450031161308289,-0.03082648664712906,0.22840414941310883,0.575903058052063,-0.024972345679998398,0.22318261861801147,0.516628623008728,-0.0001984972186619416,0.22487913072109222,0.4912063479423523,-0.02718864008784294,0.2156890332698822,0.5400350093841553,-0.02726920135319233,0.2123713344335556,0.5755734443664551,-0.016365263611078262,0.19997264444828033,0.5114144086837769,-0.0034611427690833807,0.21086153388023376,0.4660392999649048,-0.01557227410376072,0.21639712154865265,0.43537744879722595,-0.017045987769961357,0.22275599837303162,0.40517210960388184,-0.013126637786626816,0.0,0.0,0.0,0.0,0.0,0.0,0.0,0.0,0.0,0.0,0.0,0.0,0.0,0.0,0.0,0.0,0.0,0.0,0.0,0.0,0.0,0.0,0.0,0.0,0.0,0.0,0.0,0.0,0.0,0.0,0.0,0.0,0.0,0.0,0.0,0.0,0.0,0.0,0.0,0.0,0.0,0.0,0.0,0.0,0.0,0.0,0.0,0.0,0.0,0.0,0.0,0.0,0.0,0.0,0.0,0.0,0.0,0.0,0.0,0.0,0.0,0.0,0.0,い
0.19585087895393372,0.6470543146133423,-3.1093566121853655e-07,0.24178345501422882,0.6380840539932251,-0.017045071348547935,0.28825637698173523,0.5863006114959717,-0.018277578055858612,0.31762605905532837,0.5436246991157532,-0.02027774602174759,0.34167948365211487,0.5222287774085999,-0.019095201045274734,0.2725942134857178,0.5373797416687012,1.593405795574654e-05,0.28057488799095154,0.5017486810684204,-0.01918555051088333,0.261733740568161,0.5350831151008606,-0.026211854070425034,0.2523334324359894,0.5619063377380371,-0.024499112740159035,0.2468518763780594,0.5246270298957825,0.002666490152478218,0.25254663825035095,0.49593719840049744,-0.025130007416009903,0.23528829216957092,0.5431059002876282,-0.03186601400375366,0.22699874639511108,0.5766121745109558,-0.026540396735072136,0.2220054715871811,0.5179945826530457,0.0007531426381319761,0.2237691730260849,0.4929068684577942,-0.02670273371040821,0.21359644830226898,0.5406841039657593,-0.027767913416028023,0.209634929895401,0.5773851275444031,-0.01721601001918316,0.19877159595489502,0.5119917392730713,-0.002361349994316697,0.20934836566448212,0.4659164547920227,-0.01456465944647789,0.21518343687057495,0.43388795852661133,-0.016373056918382645,0.2222284972667694,0.4030725955963135,-0.01266358233988285,0.0,0.0,0.0,0.0,0.0,0.0,0.0,0.0,0.0,0.0,0.0,0.0,0.0,0.0,0.0,0.0,0.0,0.0,0.0,0.0,0.0,0.0,0.0,0.0,0.0,0.0,0.0,0.0,0.0,0.0,0.0,0.0,0.0,0.0,0.0,0.0,0.0,0.0,0.0,0.0,0.0,0.0,0.0,0.0,0.0,0.0,0.0,0.0,0.0,0.0,0.0,0.0,0.0,0.0,0.0,0.0,0.0,0.0,0.0,0.0,0.0,0.0,0.0,い
0.19289109110832214,0.6460070013999939,-3.164599320371053e-07,0.23713472485542297,0.6355226039886475,-0.014770197682082653,0.2820369005203247,0.5869925022125244,-0.016253342851996422,0.31078898906707764,0.5469093918800354,-0.01894768513739109,0.3348512053489685,0.5278164148330688,-0.018770692870020866,0.27246230840682983,0.536230206489563,0.001048724981956184,0.2782077193260193,0.5015236139297485,-0.019239211454987526,0.26025909185409546,0.5310782194137573,-0.027420872822403908,0.2507960796356201,0.5573174357414246,-0.026084018871188164,0.2469198852777481,0.5223340392112732,0.002615714445710182,0.2500874996185303,0.49783092737197876,-0.02510908991098404,0.23334331810474396,0.5433944463729858,-0.03219906613230705,0.22509638965129852,0.5754234790802002,-0.027194004505872726,0.22245384752750397,0.5150905847549438,-0.0001399465836584568,0.22164364159107208,0.4920678734779358,-0.026973485946655273,0.21350224316120148,0.5366917252540588,-0.028472907841205597,0.21133488416671753,0.5713517665863037,-0.01859511062502861,0.19857759773731232,0.5094825029373169,-0.0038551564794033766,0.20878151059150696,0.4646845757961273,-0.015183820389211178,0.21331077814102173,0.43385937809944153,-0.016172176226973534,0.21908341348171234,0.40411388874053955,-0.011874883435666561,0.0,0.0,0.0,0.0,0.0,0.0,0.0,0.0,0.0,0.0,0.0,0.0,0.0,0.0,0.0,0.0,0.0,0.0,0.0,0.0,0.0,0.0,0.0,0.0,0.0,0.0,0.0,0.0,0.0,0.0,0.0,0.0,0.0,0.0,0.0,0.0,0.0,0.0,0.0,0.0,0.0,0.0,0.0,0.0,0.0,0.0,0.0,0.0,0.0,0.0,0.0,0.0,0.0,0.0,0.0,0.0,0.0,0.0,0.0,0.0,0.0,0.0,0.0,い
0.19503140449523926,0.6452445983886719,-3.254982061662304e-07,0.2399057298898697,0.637275755405426,-0.015111476182937622,0.28396081924438477,0.585401713848114,-0.016089070588350296,0.31379398703575134,0.5428313612937927,-0.01796545833349228,0.33970779180526733,0.5226243734359741,-0.016931923106312752,0.2718069553375244,0.5345439910888672,-0.0001711781369522214,0.2798851430416107,0.5001562833786011,-0.017746414989233017,0.26128923892974854,0.5335074067115784,-0.024018166586756706,0.25147268176078796,0.5615814328193665,-0.022166427224874496,0.24695591628551483,0.5218613147735596,0.0017541912384331226,0.2518230080604553,0.49473878741264343,-0.023424558341503143,0.23519276082515717,0.5408021211624146,-0.02932937815785408,0.22676868736743927,0.5737430453300476,-0.02420620806515217,0.22224745154380798,0.515289306640625,-0.0004468426632229239,0.2226789891719818,0.49239683151245117,-0.025179021060466766,0.21404622495174408,0.5384102463722229,-0.026117026805877686,0.21103210747241974,0.5735858082771301,-0.016512714326381683,0.19838030636310577,0.5094177722930908,-0.0036879724357277155,0.20846927165985107,0.4643007218837738,-0.014249799773097038,0.2135871946811676,0.43355000019073486,-0.015388569794595242,0.21953383088111877,0.4040733873844147,-0.011706321500241756,0.0,0.0,0.0,0.0,0.0,0.0,0.0,0.0,0.0,0.0,0.0,0.0,0.0,0.0,0.0,0.0,0.0,0.0,0.0,0.0,0.0,0.0,0.0,0.0,0.0,0.0,0.0,0.0,0.0,0.0,0.0,0.0,0.0,0.0,0.0,0.0,0.0,0.0,0.0,0.0,0.0,0.0,0.0,0.0,0.0,0.0,0.0,0.0,0.0,0.0,0.0,0.0,0.0,0.0,0.0,0.0,0.0,0.0,0.0,0.0,0.0,0.0,0.0,い
0.19256731867790222,0.6472296714782715,-3.1848475146034616e-07,0.23826229572296143,0.6384605169296265,-0.016571195796132088,0.2839304506778717,0.5871928930282593,-0.01815912500023842,0.3140268623828888,0.5436996817588806,-0.020461684092879295,0.3395102024078369,0.5213466286659241,-0.019663145765662193,0.27103036642074585,0.5364203453063965,-0.0006543099880218506,0.27864235639572144,0.5008321404457092,-0.019238222390413284,0.259591281414032,0.5344069600105286,-0.02585425041615963,0.2502168118953705,0.5615953207015991,-0.024093022570014,0.24553006887435913,0.5234703421592712,0.0017327527748420835,0.2503518760204315,0.49524790048599243,-0.02482891082763672,0.23340794444084167,0.5417190194129944,-0.03111364133656025,0.22509706020355225,0.5739593505859375,-0.026091869920492172,0.22062772512435913,0.5165188908576965,-0.00030508957570418715,0.22202105820178986,0.4912955164909363,-0.026599707081913948,0.2129465937614441,0.5373755693435669,-0.027798281982541084,0.20950964093208313,0.5724526643753052,-0.01805136352777481,0.19705115258693695,0.5104860663414001,-0.0034735105000436306,0.20728281140327454,0.4642951190471649,-0.015221834182739258,0.2124592661857605,0.43247079849243164,-0.017109746113419533,0.21851196885108948,0.4017009139060974,-0.013777319341897964,0.0,0.0,0.0,0.0,0.0,0.0,0.0,0.0,0.0,0.0,0.0,0.0,0.0,0.0,0.0,0.0,0.0,0.0,0.0,0.0,0.0,0.0,0.0,0.0,0.0,0.0,0.0,0.0,0.0,0.0,0.0,0.0,0.0,0.0,0.0,0.0,0.0,0.0,0.0,0.0,0.0,0.0,0.0,0.0,0.0,0.0,0.0,0.0,0.0,0.0,0.0,0.0,0.0,0.0,0.0,0.0,0.0,0.0,0.0,0.0,0.0,0.0,0.0,い
0.19361895322799683,0.6451604962348938,-3.094629050792719e-07,0.23965182900428772,0.6352913975715637,-0.015305222943425179,0.2842530310153961,0.585202157497406,-0.0165115799754858,0.31300315260887146,0.5419892072677612,-0.01866745576262474,0.33839401602745056,0.5205966830253601,-0.017931083217263222,0.26974835991859436,0.5325590968132019,0.0011660518357530236,0.2782614231109619,0.49904975295066833,-0.01687108911573887,0.26072266697883606,0.531686544418335,-0.02359193004667759,0.2513003349304199,0.5585702657699585,-0.021890848875045776,0.24473147094249725,0.5202611088752747,0.0030675921589136124,0.25030815601348877,0.4942011833190918,-0.02302524447441101,0.23409584164619446,0.5401404500007629,-0.029925495386123657,0.22548671066761017,0.5729328989982605,-0.02529061771929264,0.2204567790031433,0.5135748982429504,0.0007210276089608669,0.2218300849199295,0.4903624951839447,-0.025052385404706,0.21352772414684296,0.5357596278190613,-0.027078986167907715,0.21046386659145355,0.5707502961158752,-0.017901714891195297,0.1972312182188034,0.5077720880508423,-0.0026119081303477287,0.20746619999408722,0.46163180470466614,-0.013856492936611176,0.21293538808822632,0.43004363775253296,-0.015701990574598312,0.21908140182495117,0.4001963436603546,-0.012325707823038101,0.0,0.0,0.0,0.0,0.0,0.0,0.0,0.0,0.0,0.0,0.0,0.0,0.0,0.0,0.0,0.0,0.0,0.0,0.0,0.0,0.0,0.0,0.0,0.0,0.0,0.0,0.0,0.0,0.0,0.0,0.0,0.0,0.0,0.0,0.0,0.0,0.0,0.0,0.0,0.0,0.0,0.0,0.0,0.0,0.0,0.0,0.0,0.0,0.0,0.0,0.0,0.0,0.0,0.0,0.0,0.0,0.0,0.0,0.0,0.0,0.0,0.0,0.0,い
0.19422852993011475,0.6497246026992798,-3.399221384370321e-07,0.23970343172550201,0.6418304443359375,-0.015271474607288837,0.28442519903182983,0.5873045325279236,-0.016208767890930176,0.3131713271141052,0.5405930280685425,-0.018000846728682518,0.33984842896461487,0.5205456614494324,-0.01674569398164749,0.2706712484359741,0.5334997773170471,0.0005576728726737201,0.2791452705860138,0.5012160539627075,-0.017492542043328285,0.26080530881881714,0.536642849445343,-0.02360912226140499,0.25076690316200256,0.5643903613090515,-0.021407464519143105,0.24567119777202606,0.5220010876655579,0.002382786013185978,0.25146692991256714,0.4951496720314026,-0.023052621632814407,0.23472388088703156,0.5428977608680725,-0.028692981228232384,0.2256999909877777,0.5749295353889465,-0.023139316588640213,0.22110110521316528,0.5162423253059387,-6.220598152140155e-05,0.22271046042442322,0.4941612482070923,-0.026360809803009033,0.21319136023521423,0.5429369807243347,-0.027251597493886948,0.2088230550289154,0.5781872272491455,-0.01693855971097946,0.19732727110385895,0.5107060670852661,-0.003379080444574356,0.20760227739810944,0.46347248554229736,-0.014863000251352787,0.21309129893779755,0.4330366849899292,-0.01578296534717083,0.21941660344600677,0.4031184911727905,-0.011521813459694386,0.0,0.0,0.0,0.0,0.0,0.0,0.0,0.0,0.0,0.0,0.0,0.0,0.0,0.0,0.0,0.0,0.0,0.0,0.0,0.0,0.0,0.0,0.0,0.0,0.0,0.0,0.0,0.0,0.0,0.0,0.0,0.0,0.0,0.0,0.0,0.0,0.0,0.0,0.0,0.0,0.0,0.0,0.0,0.0,0.0,0.0,0.0,0.0,0.0,0.0,0.0,0.0,0.0,0.0,0.0,0.0,0.0,0.0,0.0,0.0,0.0,0.0,0.0,い
0.19346369802951813,0.6462303400039673,-3.325255022446072e-07,0.23990856111049652,0.6381031274795532,-0.015880629420280457,0.28484252095222473,0.5867348909378052,-0.017297014594078064,0.3143537938594818,0.5418325066566467,-0.019540967419743538,0.34060508012771606,0.5214155912399292,-0.01885523647069931,0.27155864238739014,0.5334089398384094,1.9223529307055287e-05,0.27947574853897095,0.4996735751628876,-0.018412696197628975,0.26050037145614624,0.5331864953041077,-0.024996068328619003,0.25088512897491455,0.5608366131782532,-0.02309265360236168,0.24606764316558838,0.5216711759567261,0.002059652004390955,0.25088968873023987,0.4947711229324341,-0.024057071655988693,0.2340659201145172,0.5410208702087402,-0.03025956079363823,0.22582855820655823,0.5734873414039612,-0.025069432333111763,0.22134895622730255,0.5156576037406921,-0.00019935352611355484,0.22161802649497986,0.4936518669128418,-0.026660339906811714,0.2128063440322876,0.5406588912010193,-0.028013084083795547,0.2098381668329239,0.5758005976676941,-0.018049338832497597,0.19781392812728882,0.5099634528160095,-0.0034319497644901276,0.20772482454776764,0.46328726410865784,-0.014820653945207596,0.21286237239837646,0.43235650658607483,-0.015929056331515312,0.21905966103076935,0.40250423550605774,-0.011833170428872108,0.0,0.0,0.0,0.0,0.0,0.0,0.0,0.0,0.0,0.0,0.0,0.0,0.0,0.0,0.0,0.0,0.0,0.0,0.0,0.0,0.0,0.0,0.0,0.0,0.0,0.0,0.0,0.0,0.0,0.0,0.0,0.0,0.0,0.0,0.0,0.0,0.0,0.0,0.0,0.0,0.0,0.0,0.0,0.0,0.0,0.0,0.0,0.0,0.0,0.0,0.0,0.0,0.0,0.0,0.0,0.0,0.0,0.0,0.0,0.0,0.0,0.0,0.0,い
0.1913146674633026,0.6476184129714966,-3.3036607760550396e-07,0.23735935986042023,0.6385763883590698,-0.01653062179684639,0.2846725285053253,0.5847205519676208,-0.017988862469792366,0.31411829590797424,0.5390998721122742,-0.020106429234147072,0.3396207392215729,0.517624020576477,-0.018984582275152206,0.270725280046463,0.5320087671279907,-0.0011298877652734518,0.2780715227127075,0.49686670303344727,-0.02012517675757408,0.2598689794540405,0.5332505702972412,-0.026471897959709167,0.2505021095275879,0.5606037378311157,-0.024251621216535568,0.24500055611133575,0.5196222066879272,0.0011916101211681962,0.2501760721206665,0.4925030469894409,-0.02542291395366192,0.23379576206207275,0.542246401309967,-0.031214402988553047,0.22480657696723938,0.5743342638015747,-0.025688286870718002,0.2202705293893814,0.5130479335784912,-0.0009154404979199171,0.2215440273284912,0.4878750443458557,-0.027244534343481064,0.21307577192783356,0.536706805229187,-0.028040045872330666,0.20929203927516937,0.5717518329620361,-0.017926637083292007,0.1966875046491623,0.5075240135192871,-0.004124229308217764,0.20741382241249084,0.4603458046913147,-0.015426799654960632,0.21327772736549377,0.42978495359420776,-0.016767330467700958,0.21956303715705872,0.3996385931968689,-0.012962393462657928,0.0,0.0,0.0,0.0,0.0,0.0,0.0,0.0,0.0,0.0,0.0,0.0,0.0,0.0,0.0,0.0,0.0,0.0,0.0,0.0,0.0,0.0,0.0,0.0,0.0,0.0,0.0,0.0,0.0,0.0,0.0,0.0,0.0,0.0,0.0,0.0,0.0,0.0,0.0,0.0,0.0,0.0,0.0,0.0,0.0,0.0,0.0,0.0,0.0,0.0,0.0,0.0,0.0,0.0,0.0,0.0,0.0,0.0,0.0,0.0,0.0,0.0,0.0,い
0.1928711086511612,0.6532198786735535,-3.423211012432148e-07,0.24048563838005066,0.6421411037445068,-0.013591262511909008,0.28592807054519653,0.5876473188400269,-0.01362653635442257,0.3141706585884094,0.5412929058074951,-0.014964135363698006,0.34027671813964844,0.5220319628715515,-0.013247943483293056,0.2701478898525238,0.535230278968811,0.0032647571060806513,0.2797720432281494,0.5018430948257446,-0.013808120042085648,0.2616594731807709,0.5372482538223267,-0.019554395228624344,0.2519407868385315,0.5644823908805847,-0.017407776787877083,0.24482853710651398,0.5240543484687805,0.0042473371140658855,0.25258105993270874,0.4950771927833557,-0.020816436037421227,0.23568689823150635,0.5425561666488647,-0.02659766748547554,0.22628895938396454,0.5751087069511414,-0.021174147725105286,0.22008898854255676,0.5182567834854126,0.0010808472288772464,0.2233181893825531,0.49428850412368774,-0.02473294548690319,0.2134689837694168,0.5435328483581543,-0.025226017460227013,0.20846258103847504,0.5793951153755188,-0.014709662646055222,0.1961839497089386,0.5125790238380432,-0.002935752971097827,0.20697179436683655,0.4643746614456177,-0.01408593263477087,0.21285085380077362,0.4333610236644745,-0.014818010851740837,0.21927614510059357,0.402890145778656,-0.010519144125282764,0.0,0.0,0.0,0.0,0.0,0.0,0.0,0.0,0.0,0.0,0.0,0.0,0.0,0.0,0.0,0.0,0.0,0.0,0.0,0.0,0.0,0.0,0.0,0.0,0.0,0.0,0.0,0.0,0.0,0.0,0.0,0.0,0.0,0.0,0.0,0.0,0.0,0.0,0.0,0.0,0.0,0.0,0.0,0.0,0.0,0.0,0.0,0.0,0.0,0.0,0.0,0.0,0.0,0.0,0.0,0.0,0.0,0.0,0.0,0.0,0.0,0.0,0.0,い
0.19209682941436768,0.6512632966041565,-3.3992412795669225e-07,0.2378915250301361,0.6418570876121521,-0.01672576554119587,0.28396284580230713,0.5900039672851562,-0.018658321350812912,0.31388506293296814,0.544285774230957,-0.021324297413229942,0.3396223783493042,0.521865725517273,-0.020705394446849823,0.27076295018196106,0.534437358379364,-0.00043681071838364005,0.2790704667568207,0.49933600425720215,-0.019729791209101677,0.25995582342147827,0.5341401100158691,-0.026388229802250862,0.2504344582557678,0.5618629455566406,-0.02433859370648861,0.24513952434062958,0.5224940776824951,0.0016861545154824853,0.2503071129322052,0.4946731925010681,-0.02546531893312931,0.23320314288139343,0.5425696969032288,-0.03143320977687836,0.22481290996074677,0.575049877166748,-0.025773152709007263,0.22034703195095062,0.5166265964508057,-0.0006707015563733876,0.2217446118593216,0.4925910234451294,-0.028148027136921883,0.2121713012456894,0.5421216487884521,-0.02863371931016445,0.20851942896842957,0.5782884359359741,-0.017736254259943962,0.19689522683620453,0.5114721655845642,-0.0041252123191952705,0.20722104609012604,0.46351784467697144,-0.016016704961657524,0.21272940933704376,0.4322446286678314,-0.016801737248897552,0.21931268274784088,0.4018332362174988,-0.012248559854924679,0.0,0.0,0.0,0.0,0.0,0.0,0.0,0.0,0.0,0.0,0.0,0.0,0.0,0.0,0.0,0.0,0.0,0.0,0.0,0.0,0.0,0.0,0.0,0.0,0.0,0.0,0.0,0.0,0.0,0.0,0.0,0.0,0.0,0.0,0.0,0.0,0.0,0.0,0.0,0.0,0.0,0.0,0.0,0.0,0.0,0.0,0.0,0.0,0.0,0.0,0.0,0.0,0.0,0.0,0.0,0.0,0.0,0.0,0.0,0.0,0.0,0.0,0.0,い
0.19126078486442566,0.650161862373352,-3.3555718914612953e-07,0.23776568472385406,0.6408316493034363,-0.01783059537410736,0.28394815325737,0.5883811712265015,-0.019959039986133575,0.31353259086608887,0.5414577126502991,-0.022576527670025826,0.34083372354507446,0.5216602087020874,-0.02194037474691868,0.27137020230293274,0.5356347560882568,0.0001342857867712155,0.278484582901001,0.499853253364563,-0.01928694173693657,0.25920727849006653,0.5339840054512024,-0.026495207101106644,0.24930450320243835,0.5623617768287659,-0.024672705680131912,0.24575752019882202,0.5232318043708801,0.003201591083779931,0.2501404881477356,0.49508485198020935,-0.023695124313235283,0.23288597166538239,0.5427963137626648,-0.030277399346232414,0.22421111166477203,0.575369119644165,-0.024994241073727608,0.22122199833393097,0.5164110064506531,0.0016731369541957974,0.22175291180610657,0.49177077412605286,-0.025165973231196404,0.21198001503944397,0.539662778377533,-0.02627057582139969,0.20817945897579193,0.5748690366744995,-0.01589026115834713,0.19731391966342926,0.5097835659980774,-0.0010116229532286525,0.2078959047794342,0.4625207781791687,-0.0120712174102664,0.2133733034133911,0.43194347620010376,-0.012721952982246876,0.2197600156068802,0.40169477462768555,-0.008124607615172863,0.0,0.0,0.0,0.0,0.0,0.0,0.0,0.0,0.0,0.0,0.0,0.0,0.0,0.0,0.0,0.0,0.0,0.0,0.0,0.0,0.0,0.0,0.0,0.0,0.0,0.0,0.0,0.0,0.0,0.0,0.0,0.0,0.0,0.0,0.0,0.0,0.0,0.0,0.0,0.0,0.0,0.0,0.0,0.0,0.0,0.0,0.0,0.0,0.0,0.0,0.0,0.0,0.0,0.0,0.0,0.0,0.0,0.0,0.0,0.0,0.0,0.0,0.0,い
0.19194579124450684,0.6501069068908691,-3.2710212849451636e-07,0.23778608441352844,0.6405675411224365,-0.0160520076751709,0.28350019454956055,0.5894289016723633,-0.017718881368637085,0.3131589889526367,0.5442167520523071,-0.020263968035578728,0.3395090103149414,0.5232216715812683,-0.019697897136211395,0.2699679732322693,0.5359681248664856,0.0008382411324419081,0.278207927942276,0.4995931386947632,-0.018091917037963867,0.25986045598983765,0.5330274701118469,-0.025142205879092216,0.2506948709487915,0.5615684390068054,-0.023428959771990776,0.2444273978471756,0.5239378809928894,0.002922298153862357,0.2502456307411194,0.49537569284439087,-0.023897605016827583,0.23333992063999176,0.5421069860458374,-0.030431373044848442,0.2249438464641571,0.5755713582038879,-0.02520950511097908,0.22003570199012756,0.5173412561416626,0.0006124906940385699,0.2219027876853943,0.4918356239795685,-0.025725750252604485,0.2124544382095337,0.5387391448020935,-0.026609525084495544,0.20907056331634521,0.5744820833206177,-0.016314322128891945,0.1969655454158783,0.511064350605011,-0.0028139872010797262,0.20770801603794098,0.463911235332489,-0.013927099294960499,0.2132454812526703,0.4328736960887909,-0.014847980812191963,0.2198970466852188,0.4029467701911926,-0.010588249191641808,0.0,0.0,0.0,0.0,0.0,0.0,0.0,0.0,0.0,0.0,0.0,0.0,0.0,0.0,0.0,0.0,0.0,0.0,0.0,0.0,0.0,0.0,0.0,0.0,0.0,0.0,0.0,0.0,0.0,0.0,0.0,0.0,0.0,0.0,0.0,0.0,0.0,0.0,0.0,0.0,0.0,0.0,0.0,0.0,0.0,0.0,0.0,0.0,0.0,0.0,0.0,0.0,0.0,0.0,0.0,0.0,0.0,0.0,0.0,0.0,0.0,0.0,0.0,い
0.19184286892414093,0.651520311832428,-3.3191673765031737e-07,0.23679740726947784,0.6405861973762512,-0.01769890822470188,0.28288698196411133,0.5863533020019531,-0.020008159801363945,0.3130335509777069,0.5411578416824341,-0.022976849228143692,0.34012097120285034,0.5212176442146301,-0.022377733141183853,0.26957932114601135,0.53287672996521,-0.00038872763980180025,0.27667632699012756,0.49836862087249756,-0.020238539204001427,0.2586483359336853,0.535423755645752,-0.0271504744887352,0.25009265542030334,0.562322199344635,-0.025107339024543762,0.24367529153823853,0.5208985209465027,0.0022765377070754766,0.24870887398719788,0.4942125678062439,-0.025182878598570824,0.23283912241458893,0.5439527034759521,-0.030943727120757103,0.22513431310653687,0.5749415755271912,-0.024939440190792084,0.21911436319351196,0.5151936411857605,0.00024730421137064695,0.22089935839176178,0.4904383718967438,-0.02716768905520439,0.21188265085220337,0.5407535433769226,-0.02716464176774025,0.20822946727275848,0.5761421918869019,-0.015807999297976494,0.1958080679178238,0.5101752877235413,-0.0030300812795758247,0.20686136186122894,0.4631546139717102,-0.014697358012199402,0.21262837946414948,0.4325844645500183,-0.015319745056331158,0.21907790005207062,0.4017851948738098,-0.01049537118524313,0.0,0.0,0.0,0.0,0.0,0.0,0.0,0.0,0.0,0.0,0.0,0.0,0.0,0.0,0.0,0.0,0.0,0.0,0.0,0.0,0.0,0.0,0.0,0.0,0.0,0.0,0.0,0.0,0.0,0.0,0.0,0.0,0.0,0.0,0.0,0.0,0.0,0.0,0.0,0.0,0.0,0.0,0.0,0.0,0.0,0.0,0.0,0.0,0.0,0.0,0.0,0.0,0.0,0.0,0.0,0.0,0.0,0.0,0.0,0.0,0.0,0.0,0.0,い
0.19172099232673645,0.64776611328125,-3.164424242640962e-07,0.23846514523029327,0.6352850794792175,-0.016086896881461143,0.28386980295181274,0.5847412347793579,-0.01759147457778454,0.3130069971084595,0.5414504408836365,-0.020185058936476707,0.33859995007514954,0.5202633738517761,-0.019460974261164665,0.26905152201652527,0.5327979326248169,0.0017601239960640669,0.27697569131851196,0.49746692180633545,-0.01746612787246704,0.2603951096534729,0.5330861210823059,-0.02428673952817917,0.2526525557041168,0.5603822469711304,-0.02226523496210575,0.24371014535427094,0.5207926034927368,0.003737802617251873,0.24875403940677643,0.49438199400901794,-0.023019468411803246,0.23315589129924774,0.5424309372901917,-0.029090730473399162,0.2258756160736084,0.5734372138977051,-0.02358834259212017,0.2191132754087448,0.5147281289100647,0.0010923024965450168,0.22024564445018768,0.4901573956012726,-0.025598054751753807,0.21133141219615936,0.5374832153320312,-0.026250697672367096,0.20855967700481415,0.5716778039932251,-0.01567014306783676,0.19549794495105743,0.5091995596885681,-0.002714146627113223,0.20657625794410706,0.46230119466781616,-0.014044079929590225,0.2125423401594162,0.4310302734375,-0.01499858032912016,0.21925848722457886,0.4007841944694519,-0.010636457242071629,0.0,0.0,0.0,0.0,0.0,0.0,0.0,0.0,0.0,0.0,0.0,0.0,0.0,0.0,0.0,0.0,0.0,0.0,0.0,0.0,0.0,0.0,0.0,0.0,0.0,0.0,0.0,0.0,0.0,0.0,0.0,0.0,0.0,0.0,0.0,0.0,0.0,0.0,0.0,0.0,0.0,0.0,0.0,0.0,0.0,0.0,0.0,0.0,0.0,0.0,0.0,0.0,0.0,0.0,0.0,0.0,0.0,0.0,0.0,0.0,0.0,0.0,0.0,い
0.19388489425182343,0.6483163237571716,-3.3716955272211635e-07,0.23944047093391418,0.6398221254348755,-0.01610410213470459,0.2841159999370575,0.5868392586708069,-0.017721114680171013,0.31379804015159607,0.5416806936264038,-0.020237483084201813,0.34063100814819336,0.5222281813621521,-0.0196558628231287,0.27164411544799805,0.5339996218681335,-0.0006896323757246137,0.27884554862976074,0.4989981949329376,-0.01966245099902153,0.2599117159843445,0.5341284275054932,-0.026242487132549286,0.2506950795650482,0.5624449849128723,-0.024326302111148834,0.24578073620796204,0.5217953324317932,0.0013947368133813143,0.2508285641670227,0.49406886100769043,-0.025561127811670303,0.23314377665519714,0.5422093272209167,-0.031356897205114365,0.22449466586112976,0.5756090879440308,-0.025643371045589447,0.2205396592617035,0.5156833529472351,-0.0008695984142832458,0.2217356115579605,0.49053484201431274,-0.027706502005457878,0.21185986697673798,0.5385779738426208,-0.028181320056319237,0.20852014422416687,0.5746512413024902,-0.01751544326543808,0.19649839401245117,0.5100322961807251,-0.004215115215629339,0.20751991868019104,0.46355995535850525,-0.015991564840078354,0.2127290964126587,0.4326281249523163,-0.01714560016989708,0.21897205710411072,0.4026086926460266,-0.012993679381906986,0.0,0.0,0.0,0.0,0.0,0.0,0.0,0.0,0.0,0.0,0.0,0.0,0.0,0.0,0.0,0.0,0.0,0.0,0.0,0.0,0.0,0.0,0.0,0.0,0.0,0.0,0.0,0.0,0.0,0.0,0.0,0.0,0.0,0.0,0.0,0.0,0.0,0.0,0.0,0.0,0.0,0.0,0.0,0.0,0.0,0.0,0.0,0.0,0.0,0.0,0.0,0.0,0.0,0.0,0.0,0.0,0.0,0.0,0.0,0.0,0.0,0.0,0.0,い
0.19449733197689056,0.6502368450164795,-3.324009867355926e-07,0.23999996483325958,0.6402736306190491,-0.016493769362568855,0.2845695912837982,0.5871101021766663,-0.018309656530618668,0.3129640221595764,0.540277898311615,-0.020880596712231636,0.3394548296928406,0.5193846225738525,-0.020334158092737198,0.2708530128002167,0.5335551500320435,-0.0001648387114983052,0.2787102162837982,0.4974421262741089,-0.018817013129591942,0.2603150010108948,0.5325153470039368,-0.02544613927602768,0.2507466971874237,0.5609207153320312,-0.023596864193677902,0.24495817720890045,0.5215137004852295,0.0020275558345019817,0.2508629858493805,0.49233531951904297,-0.024574145674705505,0.23339518904685974,0.5406200885772705,-0.030747484415769577,0.22431519627571106,0.5747950673103333,-0.025310901924967766,0.22001981735229492,0.5155795216560364,-0.00012598074681591243,0.22227290272712708,0.48958492279052734,-0.026583202183246613,0.2126743048429489,0.5377954244613647,-0.027169009670615196,0.2090619057416916,0.57468181848526,-0.016591399908065796,0.19601526856422424,0.5103042721748352,-0.0034135773312300444,0.20714861154556274,0.46295252442359924,-0.014936868101358414,0.21290473639965057,0.4316788911819458,-0.015988033264875412,0.2195003479719162,0.4016631543636322,-0.011759303510189056,0.0,0.0,0.0,0.0,0.0,0.0,0.0,0.0,0.0,0.0,0.0,0.0,0.0,0.0,0.0,0.0,0.0,0.0,0.0,0.0,0.0,0.0,0.0,0.0,0.0,0.0,0.0,0.0,0.0,0.0,0.0,0.0,0.0,0.0,0.0,0.0,0.0,0.0,0.0,0.0,0.0,0.0,0.0,0.0,0.0,0.0,0.0,0.0,0.0,0.0,0.0,0.0,0.0,0.0,0.0,0.0,0.0,0.0,0.0,0.0,0.0,0.0,0.0,い
0.19374369084835052,0.6472465395927429,-3.4107085866708076e-07,0.2401362508535385,0.6389275193214417,-0.015946321189403534,0.28505343198776245,0.5866554379463196,-0.01735176332294941,0.3138114809989929,0.540377676486969,-0.019569331780076027,0.3400169610977173,0.5204505324363708,-0.018818659707903862,0.27224382758140564,0.5336711406707764,-0.00016501711797900498,0.27933770418167114,0.49769577383995056,-0.018622728064656258,0.2604876458644867,0.5316755175590515,-0.02520098350942135,0.25086620450019836,0.5601863861083984,-0.023371338844299316,0.24655567109584808,0.5215461254119873,0.002042878419160843,0.2513003945350647,0.49338483810424805,-0.024050185456871986,0.2336256206035614,0.5407911539077759,-0.02991599775850773,0.22484640777111053,0.5738311409950256,-0.024505455046892166,0.22153237462043762,0.5154420137405396,-1.3534086974686943e-05,0.22282598912715912,0.4897836148738861,-0.02603740431368351,0.2127532660961151,0.5372276306152344,-0.026470836251974106,0.20901501178741455,0.5727607607841492,-0.016081390902400017,0.19728553295135498,0.509666383266449,-0.0031307493336498737,0.20793645083904266,0.4628084599971771,-0.014323372393846512,0.2127905786037445,0.4321351647377014,-0.015112441033124924,0.21870917081832886,0.40198126435279846,-0.01084707211703062,0.0,0.0,0.0,0.0,0.0,0.0,0.0,0.0,0.0,0.0,0.0,0.0,0.0,0.0,0.0,0.0,0.0,0.0,0.0,0.0,0.0,0.0,0.0,0.0,0.0,0.0,0.0,0.0,0.0,0.0,0.0,0.0,0.0,0.0,0.0,0.0,0.0,0.0,0.0,0.0,0.0,0.0,0.0,0.0,0.0,0.0,0.0,0.0,0.0,0.0,0.0,0.0,0.0,0.0,0.0,0.0,0.0,0.0,0.0,0.0,0.0,0.0,0.0,い
0.19653576612472534,0.6462869644165039,-3.245184529987455e-07,0.24278101325035095,0.6368013620376587,-0.015403605066239834,0.2857567071914673,0.5856623649597168,-0.016889965161681175,0.3146151900291443,0.5416246652603149,-0.01951204612851143,0.3405510485172272,0.5208485722541809,-0.01935696229338646,0.2722347378730774,0.5325995683670044,0.0002921878476627171,0.2799283266067505,0.4985813796520233,-0.0186288021504879,0.26139482855796814,0.532353937625885,-0.025803405791521072,0.25160086154937744,0.5608983635902405,-0.024349886924028397,0.24660871922969818,0.5209968090057373,0.0019075789023190737,0.25129252672195435,0.49391669034957886,-0.02507667802274227,0.23404286801815033,0.5408633947372437,-0.031789179891347885,0.22523316740989685,0.5750399231910706,-0.026821449398994446,0.22136561572551727,0.5155043601989746,-0.0007526686531491578,0.22220364212989807,0.49225687980651855,-0.02776394970715046,0.21253304183483124,0.5398043394088745,-0.028917787596583366,0.20905286073684692,0.5762357711791992,-0.018688779324293137,0.197274312376976,0.5108718276023865,-0.00443011149764061,0.20783814787864685,0.4639946222305298,-0.016599472612142563,0.21345765888690948,0.43251127004623413,-0.01805102825164795,0.21998976171016693,0.40271297097206116,-0.014102169312536716,0.0,0.0,0.0,0.0,0.0,0.0,0.0,0.0,0.0,0.0,0.0,0.0,0.0,0.0,0.0,0.0,0.0,0.0,0.0,0.0,0.0,0.0,0.0,0.0,0.0,0.0,0.0,0.0,0.0,0.0,0.0,0.0,0.0,0.0,0.0,0.0,0.0,0.0,0.0,0.0,0.0,0.0,0.0,0.0,0.0,0.0,0.0,0.0,0.0,0.0,0.0,0.0,0.0,0.0,0.0,0.0,0.0,0.0,0.0,0.0,0.0,0.0,0.0,い
0.19297926127910614,0.6465864181518555,-3.3408369404241967e-07,0.23871678113937378,0.638639509677887,-0.017269080504775047,0.2841682732105255,0.5878567695617676,-0.01933819241821766,0.3138963580131531,0.5423531532287598,-0.021962853148579597,0.3398645520210266,0.5200465321540833,-0.021507032215595245,0.27258411049842834,0.5351002812385559,-0.0015652886359021068,0.27980315685272217,0.4989175796508789,-0.020743083208799362,0.260373055934906,0.5322956442832947,-0.027746550738811493,0.25039222836494446,0.5606411099433899,-0.026097619906067848,0.24659906327724457,0.5218222737312317,0.0011510526528581977,0.25075700879096985,0.49414053559303284,-0.026174964383244514,0.23314312100410461,0.5421061515808105,-0.032604966312646866,0.22438852488994598,0.5756959915161133,-0.02736770547926426,0.22146403789520264,0.5148088335990906,-0.0005440980894491076,0.22189831733703613,0.49044114351272583,-0.027582991868257523,0.212295800447464,0.5382351875305176,-0.02861139550805092,0.20894716680049896,0.5741586089134216,-0.01834414154291153,0.19739924371242523,0.5089184045791626,-0.0033759241923689842,0.20848557353019714,0.46233534812927246,-0.01528608426451683,0.21368174254894257,0.43133553862571716,-0.016684619709849358,0.21972523629665375,0.4012405574321747,-0.012712412513792515,0.0,0.0,0.0,0.0,0.0,0.0,0.0,0.0,0.0,0.0,0.0,0.0,0.0,0.0,0.0,0.0,0.0,0.0,0.0,0.0,0.0,0.0,0.0,0.0,0.0,0.0,0.0,0.0,0.0,0.0,0.0,0.0,0.0,0.0,0.0,0.0,0.0,0.0,0.0,0.0,0.0,0.0,0.0,0.0,0.0,0.0,0.0,0.0,0.0,0.0,0.0,0.0,0.0,0.0,0.0,0.0,0.0,0.0,0.0,0.0,0.0,0.0,0.0,い
0.19354088604450226,0.648518979549408,-3.421293683913973e-07,0.23960238695144653,0.6401286125183105,-0.016456881538033485,0.2850216329097748,0.5868438482284546,-0.017782632261514664,0.3141646385192871,0.5409384369850159,-0.019822578877210617,0.3400830030441284,0.5197559595108032,-0.018579797819256783,0.2711014151573181,0.5346980690956116,0.0001561950339237228,0.2793290913105011,0.498614639043808,-0.01818532682955265,0.2604121267795563,0.5339592695236206,-0.024351222440600395,0.2509651482105255,0.5620148777961731,-0.02225797437131405,0.24576283991336823,0.5222923755645752,0.0024740714579820633,0.2510467767715454,0.49384504556655884,-0.024059472605586052,0.2336311787366867,0.5421895980834961,-0.029851194471120834,0.22506791353225708,0.5750264525413513,-0.02424386888742447,0.22111621499061584,0.515913188457489,0.0003346993471495807,0.22357027232646942,0.4908507168292999,-0.02626650035381317,0.2129300832748413,0.5405982136726379,-0.026416242122650146,0.20819875597953796,0.5772501826286316,-0.015582787804305553,0.19763140380382538,0.5099517703056335,-0.0029585130978375673,0.2074999362230301,0.4633064866065979,-0.0146089568734169,0.21282817423343658,0.4328462481498718,-0.01571034826338291,0.21925929188728333,0.40273207426071167,-0.011592804454267025,0.0,0.0,0.0,0.0,0.0,0.0,0.0,0.0,0.0,0.0,0.0,0.0,0.0,0.0,0.0,0.0,0.0,0.0,0.0,0.0,0.0,0.0,0.0,0.0,0.0,0.0,0.0,0.0,0.0,0.0,0.0,0.0,0.0,0.0,0.0,0.0,0.0,0.0,0.0,0.0,0.0,0.0,0.0,0.0,0.0,0.0,0.0,0.0,0.0,0.0,0.0,0.0,0.0,0.0,0.0,0.0,0.0,0.0,0.0,0.0,0.0,0.0,0.0,い
0.19417627155780792,0.6487133502960205,-3.403075652386178e-07,0.23861506581306458,0.6423408389091492,-0.017338845878839493,0.2842000424861908,0.5904022455215454,-0.018794314935803413,0.3137288987636566,0.5445444583892822,-0.020628660917282104,0.33777710795402527,0.5217421054840088,-0.01923304796218872,0.272274911403656,0.5353028774261475,-0.0011197417043149471,0.27952292561531067,0.4990588426589966,-0.019594663754105568,0.2605747878551483,0.5330137014389038,-0.025724872946739197,0.25170210003852844,0.5608230829238892,-0.0234573595225811,0.247171089053154,0.5230368375778198,0.0018865229794755578,0.2515369951725006,0.4941830635070801,-0.024548733606934547,0.23379752039909363,0.5421301126480103,-0.030103102326393127,0.22513633966445923,0.5747180581092834,-0.024196380749344826,0.22249506413936615,0.5166506171226501,0.0004638201789930463,0.22288744151592255,0.49152156710624695,-0.026369532570242882,0.2128477245569229,0.5404290556907654,-0.02691587060689926,0.2089536041021347,0.576302170753479,-0.016210630536079407,0.19896036386489868,0.5108150839805603,-0.002062056912109256,0.20841370522975922,0.4636057913303375,-0.013803422451019287,0.21295475959777832,0.43307992815971375,-0.014800612814724445,0.21873804926872253,0.40309005975723267,-0.010465101338922977,0.0,0.0,0.0,0.0,0.0,0.0,0.0,0.0,0.0,0.0,0.0,0.0,0.0,0.0,0.0,0.0,0.0,0.0,0.0,0.0,0.0,0.0,0.0,0.0,0.0,0.0,0.0,0.0,0.0,0.0,0.0,0.0,0.0,0.0,0.0,0.0,0.0,0.0,0.0,0.0,0.0,0.0,0.0,0.0,0.0,0.0,0.0,0.0,0.0,0.0,0.0,0.0,0.0,0.0,0.0,0.0,0.0,0.0,0.0,0.0,0.0,0.0,0.0,い
0.19299913942813873,0.646183967590332,-3.3657491371741344e-07,0.23908062279224396,0.6386613845825195,-0.015942025929689407,0.28546491265296936,0.5872224569320679,-0.016856031492352486,0.31450343132019043,0.5423547625541687,-0.018626464530825615,0.3379502296447754,0.519443154335022,-0.017493553459644318,0.27164486050605774,0.5330943465232849,0.0007155216881074011,0.2797366976737976,0.49775031208992004,-0.01877349242568016,0.26134660840034485,0.5297555327415466,-0.026092279702425003,0.2513037323951721,0.5573978424072266,-0.024116866290569305,0.2460048794746399,0.5206660032272339,0.002936409553512931,0.2510089874267578,0.4929417669773102,-0.024627937003970146,0.2336706817150116,0.540630042552948,-0.03150191158056259,0.22470761835575104,0.5746687650680542,-0.02592679113149643,0.2215261459350586,0.5139715671539307,0.0007658820832148194,0.22148559987545013,0.490977942943573,-0.026732271537184715,0.21222467720508575,0.5391873717308044,-0.028424935415387154,0.20904463529586792,0.5752668976783752,-0.017960475757718086,0.19805793464183807,0.5078862309455872,-0.00234946608543396,0.20879611372947693,0.46101027727127075,-0.013745898380875587,0.21373772621154785,0.43040400743484497,-0.014508148655295372,0.21966205537319183,0.4008251428604126,-0.009775897487998009,0.0,0.0,0.0,0.0,0.0,0.0,0.0,0.0,0.0,0.0,0.0,0.0,0.0,0.0,0.0,0.0,0.0,0.0,0.0,0.0,0.0,0.0,0.0,0.0,0.0,0.0,0.0,0.0,0.0,0.0,0.0,0.0,0.0,0.0,0.0,0.0,0.0,0.0,0.0,0.0,0.0,0.0,0.0,0.0,0.0,0.0,0.0,0.0,0.0,0.0,0.0,0.0,0.0,0.0,0.0,0.0,0.0,0.0,0.0,0.0,0.0,0.0,0.0,い
0.194464772939682,0.646891176700592,-3.3319105341433897e-07,0.23925991356372833,0.639957070350647,-0.016868477687239647,0.2848964035511017,0.5882458090782166,-0.018102439120411873,0.314339280128479,0.5426052808761597,-0.019945673644542694,0.3376131057739258,0.5185927152633667,-0.018598591908812523,0.2717127203941345,0.5338065028190613,-4.9043424951378256e-05,0.27937087416648865,0.49652886390686035,-0.019009215757250786,0.2610079348087311,0.5301216244697571,-0.0257243774831295,0.25208863615989685,0.5584366321563721,-0.023665765300393105,0.2462701052427292,0.5215787887573242,0.002582829911261797,0.2509346604347229,0.49253854155540466,-0.024740539491176605,0.23400387167930603,0.5409814715385437,-0.031018316745758057,0.22548021376132965,0.5748065710067749,-0.0253615640103817,0.22159425914287567,0.5148801803588867,0.0007333389366976917,0.22280991077423096,0.4893185794353485,-0.02655034326016903,0.21340608596801758,0.5388895869255066,-0.027365922927856445,0.20954233407974243,0.5760680437088013,-0.016625922173261642,0.19811934232711792,0.5084174275398254,-0.002221730537712574,0.20851083099842072,0.46134912967681885,-0.013944029808044434,0.2139650136232376,0.43040731549263,-0.015029769390821457,0.2202897071838379,0.40006446838378906,-0.010718999430537224,0.0,0.0,0.0,0.0,0.0,0.0,0.0,0.0,0.0,0.0,0.0,0.0,0.0,0.0,0.0,0.0,0.0,0.0,0.0,0.0,0.0,0.0,0.0,0.0,0.0,0.0,0.0,0.0,0.0,0.0,0.0,0.0,0.0,0.0,0.0,0.0,0.0,0.0,0.0,0.0,0.0,0.0,0.0,0.0,0.0,0.0,0.0,0.0,0.0,0.0,0.0,0.0,0.0,0.0,0.0,0.0,0.0,0.0,0.0,0.0,0.0,0.0,0.0,い
0.19508427381515503,0.6492632031440735,-3.3732996485014155e-07,0.2409658282995224,0.6400461792945862,-0.014574725180864334,0.28552255034446716,0.5871400833129883,-0.015267429873347282,0.31516972184181213,0.5429219603538513,-0.01712459698319435,0.34009164571762085,0.5215908288955688,-0.016170725226402283,0.2717876434326172,0.535576581954956,0.0014367952244356275,0.28038179874420166,0.4990684390068054,-0.016344435513019562,0.2624022960662842,0.5324510931968689,-0.02281320095062256,0.2529350519180298,0.5607361793518066,-0.020916735753417015,0.24659651517868042,0.5231877565383911,0.0030401796102523804,0.2521534562110901,0.4945492148399353,-0.022720711305737495,0.23507648706436157,0.542363166809082,-0.028826352208852768,0.2259514480829239,0.5763307213783264,-0.023504318669438362,0.2218760997056961,0.5163108110427856,0.0004897274193353951,0.22408556938171387,0.49082568287849426,-0.02503492496907711,0.21410921216011047,0.5398344993591309,-0.025638889521360397,0.20969077944755554,0.5766849517822266,-0.01531312707811594,0.1981334388256073,0.509815514087677,-0.0030579310841858387,0.20813974738121033,0.462614506483078,-0.013738982379436493,0.21356606483459473,0.43177300691604614,-0.014474376104772091,0.219887837767601,0.40185579657554626,-0.010229288600385189,0.0,0.0,0.0,0.0,0.0,0.0,0.0,0.0,0.0,0.0,0.0,0.0,0.0,0.0,0.0,0.0,0.0,0.0,0.0,0.0,0.0,0.0,0.0,0.0,0.0,0.0,0.0,0.0,0.0,0.0,0.0,0.0,0.0,0.0,0.0,0.0,0.0,0.0,0.0,0.0,0.0,0.0,0.0,0.0,0.0,0.0,0.0,0.0,0.0,0.0,0.0,0.0,0.0,0.0,0.0,0.0,0.0,0.0,0.0,0.0,0.0,0.0,0.0,い
0.19429314136505127,0.6445557475090027,-3.355373507929471e-07,0.2396697998046875,0.636709988117218,-0.015253511257469654,0.28481048345565796,0.5860239267349243,-0.016095640137791634,0.3146642744541168,0.5428835153579712,-0.018055448308587074,0.3386091887950897,0.5204019546508789,-0.01713387295603752,0.271438866853714,0.5323278307914734,0.0014048457378521562,0.28062963485717773,0.49701443314552307,-0.017404280602931976,0.2625988721847534,0.5296935439109802,-0.02433737739920616,0.2526252567768097,0.5580314993858337,-0.022289324551820755,0.24610480666160583,0.5199763178825378,0.003351995488628745,0.2514098584651947,0.4939754605293274,-0.02342137321829796,0.23454433679580688,0.541769802570343,-0.02985641174018383,0.22587743401527405,0.5757673978805542,-0.024386972188949585,0.22168143093585968,0.5131916403770447,0.0009453591192141175,0.2234737128019333,0.49031808972358704,-0.02554267644882202,0.21405045688152313,0.5389872789382935,-0.026700874790549278,0.2103092223405838,0.5754308700561523,-0.016362298280000687,0.1985427886247635,0.5066795349121094,-0.002459617331624031,0.20898479223251343,0.4604699909687042,-0.013470902107656002,0.21381478011608124,0.43007272481918335,-0.014228153973817825,0.21953749656677246,0.40042877197265625,-0.00973094068467617,0.0,0.0,0.0,0.0,0.0,0.0,0.0,0.0,0.0,0.0,0.0,0.0,0.0,0.0,0.0,0.0,0.0,0.0,0.0,0.0,0.0,0.0,0.0,0.0,0.0,0.0,0.0,0.0,0.0,0.0,0.0,0.0,0.0,0.0,0.0,0.0,0.0,0.0,0.0,0.0,0.0,0.0,0.0,0.0,0.0,0.0,0.0,0.0,0.0,0.0,0.0,0.0,0.0,0.0,0.0,0.0,0.0,0.0,0.0,0.0,0.0,0.0,0.0,い
0.19414366781711578,0.643933892250061,-3.3112931419054803e-07,0.23913022875785828,0.6357284188270569,-0.016201162710785866,0.28395751118659973,0.58530193567276,-0.017886677756905556,0.3134254813194275,0.5412553548812866,-0.02044566348195076,0.3384348154067993,0.5181457996368408,-0.01995130255818367,0.2710339426994324,0.5300796031951904,0.00011271892435615882,0.27924251556396484,0.49580028653144836,-0.019296132028102875,0.2612397372722626,0.530505895614624,-0.026458142325282097,0.2516576051712036,0.558351993560791,-0.024541163817048073,0.24548356235027313,0.5174028277397156,0.002350346650928259,0.25084975361824036,0.4921533167362213,-0.024765949696302414,0.23400311172008514,0.5413258075714111,-0.031041717156767845,0.22536545991897583,0.5744879245758057,-0.025425463914871216,0.22095653414726257,0.5108552575111389,0.000177979571162723,0.22311384975910187,0.4885860085487366,-0.026864130049943924,0.2134455144405365,0.5377940535545349,-0.02767498977482319,0.20941801369190216,0.5737649202346802,-0.016952605918049812,0.19760632514953613,0.5052593946456909,-0.003007102757692337,0.2082347273826599,0.45919984579086304,-0.014400850981473923,0.21353623270988464,0.42938461899757385,-0.014990221709012985,0.2195340096950531,0.40035271644592285,-0.010206467472016811,0.0,0.0,0.0,0.0,0.0,0.0,0.0,0.0,0.0,0.0,0.0,0.0,0.0,0.0,0.0,0.0,0.0,0.0,0.0,0.0,0.0,0.0,0.0,0.0,0.0,0.0,0.0,0.0,0.0,0.0,0.0,0.0,0.0,0.0,0.0,0.0,0.0,0.0,0.0,0.0,0.0,0.0,0.0,0.0,0.0,0.0,0.0,0.0,0.0,0.0,0.0,0.0,0.0,0.0,0.0,0.0,0.0,0.0,0.0,0.0,0.0,0.0,0.0,い
0.19432689249515533,0.6467968225479126,-3.4664350323510007e-07,0.23985765874385834,0.6385404467582703,-0.015620925463736057,0.28475064039230347,0.585271954536438,-0.01690034195780754,0.3142078220844269,0.5395399928092957,-0.019060827791690826,0.3400925099849701,0.5186891555786133,-0.018049146980047226,0.2713366448879242,0.5336503386497498,-0.00031398722785525024,0.27918076515197754,0.49648362398147583,-0.018970714882016182,0.2608283460140228,0.5318026542663574,-0.02533804066479206,0.2515347898006439,0.5609906315803528,-0.023299414664506912,0.24597465991973877,0.5213386416435242,0.0016437014564871788,0.2507404685020447,0.49195006489753723,-0.02516745962202549,0.23408052325248718,0.5407764911651611,-0.030926553532481194,0.22584471106529236,0.5744534730911255,-0.025224337354302406,0.2212718427181244,0.5149717926979065,-0.0007027395768091083,0.22277149558067322,0.4890293478965759,-0.02727019414305687,0.21311607956886292,0.5389644503593445,-0.0274348221719265,0.20927585661411285,0.5759269595146179,-0.01659112609922886,0.19759732484817505,0.5091764330863953,-0.004138224758207798,0.20809724926948547,0.46273326873779297,-0.01590701937675476,0.21333938837051392,0.4315911531448364,-0.017199484631419182,0.21931061148643494,0.400912880897522,-0.013194202445447445,0.0,0.0,0.0,0.0,0.0,0.0,0.0,0.0,0.0,0.0,0.0,0.0,0.0,0.0,0.0,0.0,0.0,0.0,0.0,0.0,0.0,0.0,0.0,0.0,0.0,0.0,0.0,0.0,0.0,0.0,0.0,0.0,0.0,0.0,0.0,0.0,0.0,0.0,0.0,0.0,0.0,0.0,0.0,0.0,0.0,0.0,0.0,0.0,0.0,0.0,0.0,0.0,0.0,0.0,0.0,0.0,0.0,0.0,0.0,0.0,0.0,0.0,0.0,い
0.19355514645576477,0.6469045877456665,-3.3781549291234114e-07,0.23908716440200806,0.6383213996887207,-0.016082650050520897,0.284163236618042,0.5869607925415039,-0.017689812928438187,0.314055860042572,0.5419896245002747,-0.020084401592612267,0.3396487236022949,0.5195642113685608,-0.01938379742205143,0.2718762457370758,0.5349749326705933,-0.0005229304078966379,0.2797129154205322,0.49698346853256226,-0.019151465967297554,0.261086106300354,0.5305898189544678,-0.025736523792147636,0.25167718529701233,0.5593706369400024,-0.023753372952342033,0.2462133914232254,0.5221840143203735,0.0017699530581012368,0.25093066692352295,0.49285998940467834,-0.024993017315864563,0.23388059437274933,0.5406648516654968,-0.031059928238391876,0.22525206208229065,0.5744967460632324,-0.02557024359703064,0.22135916352272034,0.5150232315063477,-0.00022376210836227983,0.22288575768470764,0.48864731192588806,-0.02648649364709854,0.2129271775484085,0.5372671484947205,-0.026974475011229515,0.20892013609409332,0.573975682258606,-0.016433192417025566,0.1978873312473297,0.5084030628204346,-0.003313777269795537,0.20828810334205627,0.461957722902298,-0.014516360126435757,0.213485449552536,0.43116092681884766,-0.01552941370755434,0.21948902308940887,0.4008760452270508,-0.011355980299413204,0.0,0.0,0.0,0.0,0.0,0.0,0.0,0.0,0.0,0.0,0.0,0.0,0.0,0.0,0.0,0.0,0.0,0.0,0.0,0.0,0.0,0.0,0.0,0.0,0.0,0.0,0.0,0.0,0.0,0.0,0.0,0.0,0.0,0.0,0.0,0.0,0.0,0.0,0.0,0.0,0.0,0.0,0.0,0.0,0.0,0.0,0.0,0.0,0.0,0.0,0.0,0.0,0.0,0.0,0.0,0.0,0.0,0.0,0.0,0.0,0.0,0.0,0.0,い
0.19415101408958435,0.6458565592765808,-3.4153813999182603e-07,0.2400546818971634,0.6368924379348755,-0.01581699587404728,0.2846708595752716,0.5851949453353882,-0.017140289768576622,0.31451302766799927,0.5413479804992676,-0.019568925723433495,0.3397384285926819,0.5187391042709351,-0.018960006535053253,0.2715207040309906,0.5330209732055664,0.0007001120247878134,0.2798892557621002,0.4974531829357147,-0.017913706600666046,0.2607807219028473,0.5319308042526245,-0.02450116164982319,0.25122663378715515,0.5596864819526672,-0.022646240890026093,0.24599236249923706,0.5203898549079895,0.002699968172237277,0.25130030512809753,0.49382010102272034,-0.024205610156059265,0.23351790010929108,0.5420262813568115,-0.030236363410949707,0.22463859617710114,0.5749214291572571,-0.024786323308944702,0.22103919088840485,0.513753354549408,0.0002870464522857219,0.2243494689464569,0.48935389518737793,-0.026740161702036858,0.21316689252853394,0.5395083427429199,-0.027074584737420082,0.20795980095863342,0.576675295829773,-0.016237884759902954,0.19745150208473206,0.5078420042991638,-0.003211302449926734,0.20751437544822693,0.4617707133293152,-0.015160626731812954,0.21291854977607727,0.4310961961746216,-0.01639687269926071,0.2194012701511383,0.40094611048698425,-0.012292815372347832,0.0,0.0,0.0,0.0,0.0,0.0,0.0,0.0,0.0,0.0,0.0,0.0,0.0,0.0,0.0,0.0,0.0,0.0,0.0,0.0,0.0,0.0,0.0,0.0,0.0,0.0,0.0,0.0,0.0,0.0,0.0,0.0,0.0,0.0,0.0,0.0,0.0,0.0,0.0,0.0,0.0,0.0,0.0,0.0,0.0,0.0,0.0,0.0,0.0,0.0,0.0,0.0,0.0,0.0,0.0,0.0,0.0,0.0,0.0,0.0,0.0,0.0,0.0,い
0.19395868480205536,0.6441133618354797,-3.3643331676103116e-07,0.23974330723285675,0.6371927857398987,-0.016298441216349602,0.2840176820755005,0.5862962603569031,-0.01741856336593628,0.31331413984298706,0.5410677194595337,-0.019165782257914543,0.33846983313560486,0.5190819501876831,-0.01765940710902214,0.2714169919490814,0.5333654284477234,0.00022931826242711395,0.2793557047843933,0.49771007895469666,-0.018124137073755264,0.26050910353660583,0.5323053002357483,-0.024325616657733917,0.25127753615379333,0.5605602860450745,-0.022132636979222298,0.24626119434833527,0.5205922722816467,0.0028589910361915827,0.25104957818984985,0.4928050637245178,-0.02366972528398037,0.23363706469535828,0.5413491725921631,-0.029366768896579742,0.22547125816345215,0.5742351412773132,-0.023543041199445724,0.221528559923172,0.5137888193130493,0.001096842112019658,0.2227373868227005,0.48971712589263916,-0.025600051507353783,0.2124384343624115,0.5395138263702393,-0.025882096961140633,0.20854081213474274,0.5758984088897705,-0.014967625960707664,0.19772326946258545,0.5074203610420227,-0.0017328207613900304,0.20828908681869507,0.461696982383728,-0.013530747964978218,0.2133343666791916,0.43184894323349,-0.014641690999269485,0.21939131617546082,0.4022216796875,-0.010356489568948746,0.0,0.0,0.0,0.0,0.0,0.0,0.0,0.0,0.0,0.0,0.0,0.0,0.0,0.0,0.0,0.0,0.0,0.0,0.0,0.0,0.0,0.0,0.0,0.0,0.0,0.0,0.0,0.0,0.0,0.0,0.0,0.0,0.0,0.0,0.0,0.0,0.0,0.0,0.0,0.0,0.0,0.0,0.0,0.0,0.0,0.0,0.0,0.0,0.0,0.0,0.0,0.0,0.0,0.0,0.0,0.0,0.0,0.0,0.0,0.0,0.0,0.0,0.0,い
0.1946326494216919,0.641846776008606,-3.436963709191332e-07,0.23877960443496704,0.6363315582275391,-0.01680106110870838,0.2831961512565613,0.5856983661651611,-0.01834755763411522,0.31287479400634766,0.5409713387489319,-0.02037871442735195,0.3378458619117737,0.5190027952194214,-0.01929585635662079,0.27243077754974365,0.5321882367134094,-0.001983650727197528,0.2792039215564728,0.4968290627002716,-0.020988883450627327,0.2601931095123291,0.5304510593414307,-0.02744152955710888,0.25087210536003113,0.5590280294418335,-0.025366153568029404,0.24702194333076477,0.5195650458335876,0.000815409526694566,0.25081995129585266,0.4926232099533081,-0.026566648855805397,0.23324568569660187,0.5411989688873291,-0.03217907249927521,0.22468017041683197,0.5747272968292236,-0.026246635243296623,0.22211003303527832,0.512855052947998,-0.0007445383234880865,0.22294741868972778,0.4899371862411499,-0.02814726158976555,0.21259582042694092,0.539344847202301,-0.028551844879984856,0.20837222039699554,0.5755301117897034,-0.01769758202135563,0.1984688937664032,0.5065130591392517,-0.0033542222809046507,0.2084873616695404,0.46088290214538574,-0.015644516795873642,0.21304911375045776,0.43095046281814575,-0.01693214662373066,0.21853452920913696,0.401048868894577,-0.012765789404511452,0.0,0.0,0.0,0.0,0.0,0.0,0.0,0.0,0.0,0.0,0.0,0.0,0.0,0.0,0.0,0.0,0.0,0.0,0.0,0.0,0.0,0.0,0.0,0.0,0.0,0.0,0.0,0.0,0.0,0.0,0.0,0.0,0.0,0.0,0.0,0.0,0.0,0.0,0.0,0.0,0.0,0.0,0.0,0.0,0.0,0.0,0.0,0.0,0.0,0.0,0.0,0.0,0.0,0.0,0.0,0.0,0.0,0.0,0.0,0.0,0.0,0.0,0.0,い
0.19454842805862427,0.6424453258514404,-3.404896631309384e-07,0.23874683678150177,0.6366817951202393,-0.016826719045639038,0.2831197679042816,0.5854257941246033,-0.018258029595017433,0.31274479627609253,0.5404976606369019,-0.020090335980057716,0.33762213587760925,0.5190688371658325,-0.01845044456422329,0.2724357545375824,0.5324453115463257,-0.0016861566109582782,0.27943360805511475,0.4970436990261078,-0.020187227055430412,0.26067155599594116,0.532118022441864,-0.025907326489686966,0.2520512640476227,0.5595123171806335,-0.023521872237324715,0.24714228510856628,0.5197186470031738,0.0010154242627322674,0.2513071894645691,0.49199578166007996,-0.025776725262403488,0.23413516581058502,0.5411777496337891,-0.030806589871644974,0.2263326644897461,0.5729320645332336,-0.024661308154463768,0.22220635414123535,0.5130869746208191,-0.0006794536020606756,0.2234615534543991,0.4893357753753662,-0.027966979891061783,0.21335843205451965,0.5400630831718445,-0.027807537466287613,0.2091987580060959,0.5763199925422668,-0.016650505363941193,0.19836488366127014,0.5068599581718445,-0.0034575907047837973,0.20797039568424225,0.4609450697898865,-0.01597169041633606,0.2126435488462448,0.4309122562408447,-0.017308320850133896,0.21851789951324463,0.4007987678050995,-0.013210502453148365,0.0,0.0,0.0,0.0,0.0,0.0,0.0,0.0,0.0,0.0,0.0,0.0,0.0,0.0,0.0,0.0,0.0,0.0,0.0,0.0,0.0,0.0,0.0,0.0,0.0,0.0,0.0,0.0,0.0,0.0,0.0,0.0,0.0,0.0,0.0,0.0,0.0,0.0,0.0,0.0,0.0,0.0,0.0,0.0,0.0,0.0,0.0,0.0,0.0,0.0,0.0,0.0,0.0,0.0,0.0,0.0,0.0,0.0,0.0,0.0,0.0,0.0,0.0,い
0.19251088798046112,0.6435363292694092,-3.5106080531477346e-07,0.2378225028514862,0.6386257410049438,-0.016775883734226227,0.2835303246974945,0.5868625640869141,-0.017977695912122726,0.3135422170162201,0.540913462638855,-0.01963375322520733,0.33908841013908386,0.5200514793395996,-0.01793963834643364,0.2723541557788849,0.5340825319290161,-0.0017568521434441209,0.2789638638496399,0.49753108620643616,-0.020405281335115433,0.2601650655269623,0.5323867797851562,-0.02609013393521309,0.25162994861602783,0.5603156089782715,-0.023569315671920776,0.2469385415315628,0.5216413140296936,0.0010481113567948341,0.25078243017196655,0.4926792085170746,-0.025839222595095634,0.2332392930984497,0.5413720607757568,-0.030829858034849167,0.2251787930727005,0.5731538534164429,-0.02460579015314579,0.22203592956066132,0.515055239200592,-0.00050363625632599,0.22252324223518372,0.48926419019699097,-0.027808763086795807,0.2117033749818802,0.539510190486908,-0.027497166767716408,0.20747867226600647,0.5751737356185913,-0.016221214085817337,0.19802270829677582,0.5085049271583557,-0.0031064380891621113,0.20772895216941833,0.46221548318862915,-0.015337877906858921,0.2124372124671936,0.4324920177459717,-0.016337448731064796,0.21850013732910156,0.4022471308708191,-0.01199646107852459,0.0,0.0,0.0,0.0,0.0,0.0,0.0,0.0,0.0,0.0,0.0,0.0,0.0,0.0,0.0,0.0,0.0,0.0,0.0,0.0,0.0,0.0,0.0,0.0,0.0,0.0,0.0,0.0,0.0,0.0,0.0,0.0,0.0,0.0,0.0,0.0,0.0,0.0,0.0,0.0,0.0,0.0,0.0,0.0,0.0,0.0,0.0,0.0,0.0,0.0,0.0,0.0,0.0,0.0,0.0,0.0,0.0,0.0,0.0,0.0,0.0,0.0,0.0,い
0.1927444338798523,0.647578239440918,-3.526472767134692e-07,0.23827628791332245,0.6403934359550476,-0.016320722177624702,0.2830168604850769,0.5866097807884216,-0.017490368336439133,0.31262898445129395,0.540352463722229,-0.01933394931256771,0.338720440864563,0.5201617479324341,-0.017644569277763367,0.27146363258361816,0.5348637104034424,-0.0007580777746625245,0.2785455882549286,0.4971088171005249,-0.01941452920436859,0.25948837399482727,0.5331575274467468,-0.024859828874468803,0.25082436203956604,0.5606533885002136,-0.022190945222973824,0.24591611325740814,0.522392749786377,0.001575198955833912,0.25051477551460266,0.4921914041042328,-0.02545219659805298,0.23313507437705994,0.5418674349784851,-0.030374253168702126,0.22503560781478882,0.5731770992279053,-0.02405097335577011,0.22078806161880493,0.5156643986701965,-0.0005204466870054603,0.2226005345582962,0.48824265599250793,-0.027828115969896317,0.2124745100736618,0.539067268371582,-0.027357347309589386,0.20829452574253082,0.5748422741889954,-0.01597164198756218,0.19677409529685974,0.5091308951377869,-0.0036895014345645905,0.20662912726402283,0.46214938163757324,-0.01583801954984665,0.21172481775283813,0.43204188346862793,-0.01693549007177353,0.21793556213378906,0.40161970257759094,-0.012713166885077953,0.0,0.0,0.0,0.0,0.0,0.0,0.0,0.0,0.0,0.0,0.0,0.0,0.0,0.0,0.0,0.0,0.0,0.0,0.0,0.0,0.0,0.0,0.0,0.0,0.0,0.0,0.0,0.0,0.0,0.0,0.0,0.0,0.0,0.0,0.0,0.0,0.0,0.0,0.0,0.0,0.0,0.0,0.0,0.0,0.0,0.0,0.0,0.0,0.0,0.0,0.0,0.0,0.0,0.0,0.0,0.0,0.0,0.0,0.0,0.0,0.0,0.0,0.0,い
0.1926722675561905,0.6467328667640686,-3.502437380120682e-07,0.2382926493883133,0.6390417218208313,-0.01568487659096718,0.28314876556396484,0.5858204960823059,-0.016684139147400856,0.31303083896636963,0.5406522154808044,-0.018573155626654625,0.33885639905929565,0.5195634961128235,-0.017241673544049263,0.27092245221138,0.5345132946968079,-0.00014685903443023562,0.2789666950702667,0.4974387586116791,-0.01831856556236744,0.2599102556705475,0.5323119163513184,-0.024111786857247353,0.25066620111465454,0.5598449110984802,-0.02183370664715767,0.24576707184314728,0.5218828916549683,0.002006507944315672,0.2506161332130432,0.49344754219055176,-0.024225039407610893,0.23310783505439758,0.5418189764022827,-0.0294194333255291,0.22463341057300568,0.5734660625457764,-0.023612752556800842,0.2208516001701355,0.5150858163833618,-0.00017434199980925769,0.22323057055473328,0.48858320713043213,-0.026534590870141983,0.21262618899345398,0.5387480854988098,-0.02625342272222042,0.20793138444423676,0.5748807787895203,-0.015340400859713554,0.19689005613327026,0.5085497498512268,-0.0034309665206819773,0.206955224275589,0.4618885815143585,-0.01504294853657484,0.21205425262451172,0.43155282735824585,-0.0161044392734766,0.21820461750030518,0.4011183977127075,-0.012058275751769543,0.0,0.0,0.0,0.0,0.0,0.0,0.0,0.0,0.0,0.0,0.0,0.0,0.0,0.0,0.0,0.0,0.0,0.0,0.0,0.0,0.0,0.0,0.0,0.0,0.0,0.0,0.0,0.0,0.0,0.0,0.0,0.0,0.0,0.0,0.0,0.0,0.0,0.0,0.0,0.0,0.0,0.0,0.0,0.0,0.0,0.0,0.0,0.0,0.0,0.0,0.0,0.0,0.0,0.0,0.0,0.0,0.0,0.0,0.0,0.0,0.0,0.0,0.0,い
0.1921968311071396,0.6467177867889404,-3.448724612553633e-07,0.23796218633651733,0.6386184692382812,-0.017082566395401955,0.28287994861602783,0.5862547159194946,-0.018801448866724968,0.31304654479026794,0.540704071521759,-0.02116149663925171,0.3395754098892212,0.5201131701469421,-0.020141685381531715,0.27158936858177185,0.5350721478462219,-0.000708996900357306,0.2783808410167694,0.49776461720466614,-0.020093029364943504,0.25907325744628906,0.532921314239502,-0.026579955592751503,0.24995304644107819,0.5614007711410522,-0.02439909242093563,0.24588653445243835,0.5221725106239319,0.001989796757698059,0.24984125792980194,0.4929766356945038,-0.02554558776319027,0.23239968717098236,0.5421014428138733,-0.031267646700143814,0.2244238257408142,0.5743961334228516,-0.025338947772979736,0.22086116671562195,0.5152557492256165,0.00015112783876247704,0.22168973088264465,0.4888595640659332,-0.027240995317697525,0.21156956255435944,0.5388204455375671,-0.027350539341568947,0.20790323615074158,0.5748070478439331,-0.016247911378741264,0.19692037999629974,0.5087831616401672,-0.0028487315867096186,0.20706646144390106,0.46230804920196533,-0.014776955358684063,0.21176663041114807,0.4320839047431946,-0.01580595038831234,0.2174501270055771,0.4016749858856201,-0.011455335654318333,0.0,0.0,0.0,0.0,0.0,0.0,0.0,0.0,0.0,0.0,0.0,0.0,0.0,0.0,0.0,0.0,0.0,0.0,0.0,0.0,0.0,0.0,0.0,0.0,0.0,0.0,0.0,0.0,0.0,0.0,0.0,0.0,0.0,0.0,0.0,0.0,0.0,0.0,0.0,0.0,0.0,0.0,0.0,0.0,0.0,0.0,0.0,0.0,0.0,0.0,0.0,0.0,0.0,0.0,0.0,0.0,0.0,0.0,0.0,0.0,0.0,0.0,0.0,い
0.1926867812871933,0.6474322080612183,-3.4276217775186524e-07,0.23819516599178314,0.6392315030097961,-0.015592310577630997,0.28373220562934875,0.5862550735473633,-0.016569877043366432,0.31281453371047974,0.5406366586685181,-0.01848609186708927,0.3383064568042755,0.5194748044013977,-0.017235536128282547,0.2716533839702606,0.5337755680084229,0.00022326903126668185,0.27951928973197937,0.496460497379303,-0.0185884740203619,0.26040786504745483,0.5300514698028564,-0.02490106225013733,0.25113624334335327,0.5578256249427795,-0.022740090265870094,0.24574774503707886,0.5209644436836243,0.002157260198146105,0.24994723498821259,0.49224478006362915,-0.025122040882706642,0.23289206624031067,0.5408647060394287,-0.03100520931184292,0.2250954806804657,0.5740220546722412,-0.025203485041856766,0.22059297561645508,0.5141072273254395,-0.00025715658557601273,0.22180823981761932,0.48751387000083923,-0.027158107608556747,0.2126314491033554,0.5370910167694092,-0.0275114793330431,0.20968404412269592,0.573663592338562,-0.016752339899539948,0.1964813619852066,0.5079798102378845,-0.003727103816345334,0.20658966898918152,0.46098798513412476,-0.015446736477315426,0.21148201823234558,0.43063899874687195,-0.01664499007165432,0.2178371399641037,0.4006582498550415,-0.012507968582212925,0.0,0.0,0.0,0.0,0.0,0.0,0.0,0.0,0.0,0.0,0.0,0.0,0.0,0.0,0.0,0.0,0.0,0.0,0.0,0.0,0.0,0.0,0.0,0.0,0.0,0.0,0.0,0.0,0.0,0.0,0.0,0.0,0.0,0.0,0.0,0.0,0.0,0.0,0.0,0.0,0.0,0.0,0.0,0.0,0.0,0.0,0.0,0.0,0.0,0.0,0.0,0.0,0.0,0.0,0.0,0.0,0.0,0.0,0.0,0.0,0.0,0.0,0.0,い
0.19265815615653992,0.648697555065155,-3.54268820501602e-07,0.23897355794906616,0.6389304399490356,-0.01490984857082367,0.2836954593658447,0.5851955413818359,-0.015614437870681286,0.31213101744651794,0.5392094254493713,-0.01736602373421192,0.3379956781864166,0.5196398496627808,-0.015747295692563057,0.27030929923057556,0.5342905521392822,0.001189219648949802,0.27869805693626404,0.49712929129600525,-0.01664629951119423,0.25996410846710205,0.5331456661224365,-0.022088440135121346,0.25156378746032715,0.5603392720222473,-0.01972554624080658,0.2448936402797699,0.5220891237258911,0.002781650749966502,0.2507189214229584,0.49224209785461426,-0.02358880639076233,0.23327162861824036,0.5415415167808533,-0.028782835230231285,0.22530421614646912,0.5736619830131531,-0.022833041846752167,0.22012507915496826,0.51581871509552,0.00010322764137526974,0.22311712801456451,0.4890750050544739,-0.02641982212662697,0.21251536905765533,0.5395252704620361,-0.025914838537573814,0.20806343853473663,0.5755845904350281,-0.014730649068951607,0.1963098794221878,0.5097554922103882,-0.00360688054934144,0.20580452680587769,0.4624669551849365,-0.015382318757474422,0.2111341953277588,0.4319780766963959,-0.016390595585107803,0.2175893932580948,0.40143483877182007,-0.012233086861670017,0.0,0.0,0.0,0.0,0.0,0.0,0.0,0.0,0.0,0.0,0.0,0.0,0.0,0.0,0.0,0.0,0.0,0.0,0.0,0.0,0.0,0.0,0.0,0.0,0.0,0.0,0.0,0.0,0.0,0.0,0.0,0.0,0.0,0.0,0.0,0.0,0.0,0.0,0.0,0.0,0.0,0.0,0.0,0.0,0.0,0.0,0.0,0.0,0.0,0.0,0.0,0.0,0.0,0.0,0.0,0.0,0.0,0.0,0.0,0.0,0.0,0.0,0.0,い
0.19275857508182526,0.6468920707702637,-3.4742816978905466e-07,0.23861218988895416,0.6385228633880615,-0.01573266088962555,0.2834009528160095,0.5859243273735046,-0.016918493434786797,0.3125467002391815,0.5405181646347046,-0.01912464201450348,0.33819684386253357,0.5201582312583923,-0.0182162094861269,0.2706603705883026,0.5339101552963257,0.0006982411141507328,0.2781834602355957,0.49768558144569397,-0.018183588981628418,0.2593633830547333,0.5320093035697937,-0.024850739166140556,0.25001779198646545,0.5602737069129944,-0.02295769564807415,0.24510551989078522,0.5217626690864563,0.002640949795022607,0.24980193376541138,0.49340465664863586,-0.02430064044892788,0.23241257667541504,0.5414328575134277,-0.030315399169921875,0.22390896081924438,0.5744354724884033,-0.02476917952299118,0.2202516496181488,0.5154354572296143,0.00019242343842051923,0.22172711789608002,0.4891676902770996,-0.026425205171108246,0.21179592609405518,0.5379865765571594,-0.02666027843952179,0.20801043510437012,0.5741466879844666,-0.01591280661523342,0.1965041607618332,0.5094578266143799,-0.003381006419658661,0.20632094144821167,0.46252045035362244,-0.01489777211099863,0.21120989322662354,0.43172740936279297,-0.015864958986639977,0.21732273697853088,0.40137773752212524,-0.011629476211965084,0.0,0.0,0.0,0.0,0.0,0.0,0.0,0.0,0.0,0.0,0.0,0.0,0.0,0.0,0.0,0.0,0.0,0.0,0.0,0.0,0.0,0.0,0.0,0.0,0.0,0.0,0.0,0.0,0.0,0.0,0.0,0.0,0.0,0.0,0.0,0.0,0.0,0.0,0.0,0.0,0.0,0.0,0.0,0.0,0.0,0.0,0.0,0.0,0.0,0.0,0.0,0.0,0.0,0.0,0.0,0.0,0.0,0.0,0.0,0.0,0.0,0.0,0.0,い
0.19260039925575256,0.6460478901863098,-3.4225234912810265e-07,0.23837673664093018,0.6385142803192139,-0.01592806912958622,0.2829855680465698,0.5847890973091125,-0.01691502146422863,0.3118290603160858,0.5390084981918335,-0.018733030185103416,0.3381219506263733,0.5196192264556885,-0.017357168719172478,0.2696743607521057,0.5344025492668152,0.00018098056898452342,0.2781694233417511,0.4976995587348938,-0.01815703511238098,0.259659081697464,0.532199501991272,-0.024192066863179207,0.25014543533325195,0.5599550604820251,-0.022077389061450958,0.24435658752918243,0.52203768491745,0.0022777419071644545,0.24990031123161316,0.4928302764892578,-0.024263590574264526,0.23274043202400208,0.5406042337417603,-0.03003397211432457,0.22387093305587769,0.5730264186859131,-0.02450806461274624,0.21961763501167297,0.5157744884490967,-1.5939986042212695e-05,0.22159752249717712,0.4889253079891205,-0.026562519371509552,0.21214862167835236,0.5379856824874878,-0.026914700865745544,0.2082856148481369,0.5740752816200256,-0.01638687215745449,0.19605746865272522,0.5099630355834961,-0.003431240562349558,0.20564483106136322,0.462819367647171,-0.015319735743105412,0.21097183227539062,0.4318261742591858,-0.016882115975022316,0.21743503212928772,0.4008074402809143,-0.013225705362856388,0.0,0.0,0.0,0.0,0.0,0.0,0.0,0.0,0.0,0.0,0.0,0.0,0.0,0.0,0.0,0.0,0.0,0.0,0.0,0.0,0.0,0.0,0.0,0.0,0.0,0.0,0.0,0.0,0.0,0.0,0.0,0.0,0.0,0.0,0.0,0.0,0.0,0.0,0.0,0.0,0.0,0.0,0.0,0.0,0.0,0.0,0.0,0.0,0.0,0.0,0.0,0.0,0.0,0.0,0.0,0.0,0.0,0.0,0.0,0.0,0.0,0.0,0.0,い
0.19259928166866302,0.6480168104171753,-3.4462283338143607e-07,0.2378396987915039,0.6394603252410889,-0.016221391037106514,0.2827548682689667,0.5862681269645691,-0.017425281926989555,0.31214001774787903,0.5410673022270203,-0.019509579986333847,0.33752763271331787,0.520135760307312,-0.018259776756167412,0.2702893614768982,0.5346301198005676,0.00023894253536127508,0.2780810296535492,0.4977317452430725,-0.01843191869556904,0.25890788435935974,0.5326446890830994,-0.024577109143137932,0.25004956126213074,0.560229480266571,-0.02245309017598629,0.2447681427001953,0.5222288966178894,0.0024051277432590723,0.2497287392616272,0.4935341477394104,-0.02469022572040558,0.23208196461200714,0.5419842600822449,-0.030303051695227623,0.2236964851617813,0.5741097331047058,-0.024470064789056778,0.2198207974433899,0.5158535242080688,9.709227015264332e-05,0.22159361839294434,0.4889683723449707,-0.02699251100420952,0.21179050207138062,0.5386446714401245,-0.027109412476420403,0.20811621844768524,0.5749072432518005,-0.016194883733987808,0.19629904627799988,0.5098523497581482,-0.0033489083871245384,0.20604856312274933,0.46279120445251465,-0.015390502288937569,0.2108849585056305,0.4321178197860718,-0.016717728227376938,0.21697811782360077,0.40172988176345825,-0.012710758484899998,0.0,0.0,0.0,0.0,0.0,0.0,0.0,0.0,0.0,0.0,0.0,0.0,0.0,0.0,0.0,0.0,0.0,0.0,0.0,0.0,0.0,0.0,0.0,0.0,0.0,0.0,0.0,0.0,0.0,0.0,0.0,0.0,0.0,0.0,0.0,0.0,0.0,0.0,0.0,0.0,0.0,0.0,0.0,0.0,0.0,0.0,0.0,0.0,0.0,0.0,0.0,0.0,0.0,0.0,0.0,0.0,0.0,0.0,0.0,0.0,0.0,0.0,0.0,い
0.1918511837720871,0.6483040452003479,-3.436572910686664e-07,0.23804467916488647,0.6392763257026672,-0.015982381999492645,0.282709002494812,0.5867468118667603,-0.01735631562769413,0.3117406368255615,0.5411491394042969,-0.019684793427586555,0.33788731694221497,0.5205341577529907,-0.01878063753247261,0.269856721162796,0.5349898934364319,0.0006020835717208683,0.27808982133865356,0.49778130650520325,-0.018317941576242447,0.25933897495269775,0.532820463180542,-0.024839214980602264,0.24977189302444458,0.5611302256584167,-0.022808225825428963,0.2442384660243988,0.5226409435272217,0.002611973788589239,0.24959836900234222,0.4930677115917206,-0.024451132863759995,0.232380211353302,0.5418018102645874,-0.03047618828713894,0.224032923579216,0.5745654702186584,-0.02485145814716816,0.219389870762825,0.5163122415542603,0.00020095986837986857,0.221641406416893,0.4897925853729248,-0.02677704021334648,0.21168252825737,0.5394783616065979,-0.02704259194433689,0.20767363905906677,0.575554609298706,-0.016125965863466263,0.1956733763217926,0.5103551745414734,-0.003313534427434206,0.2056441605091095,0.4630429148674011,-0.015148216858506203,0.2107149064540863,0.4321994185447693,-0.01622936688363552,0.2167517989873886,0.40147092938423157,-0.011954369023442268,0.0,0.0,0.0,0.0,0.0,0.0,0.0,0.0,0.0,0.0,0.0,0.0,0.0,0.0,0.0,0.0,0.0,0.0,0.0,0.0,0.0,0.0,0.0,0.0,0.0,0.0,0.0,0.0,0.0,0.0,0.0,0.0,0.0,0.0,0.0,0.0,0.0,0.0,0.0,0.0,0.0,0.0,0.0,0.0,0.0,0.0,0.0,0.0,0.0,0.0,0.0,0.0,0.0,0.0,0.0,0.0,0.0,0.0,0.0,0.0,0.0,0.0,0.0,い
0.19218847155570984,0.6488880515098572,-3.4462709663785063e-07,0.2375320941209793,0.6409227848052979,-0.016937434673309326,0.2830239534378052,0.5864747166633606,-0.018295174464583397,0.31202375888824463,0.5401303172111511,-0.0203623678535223,0.33731478452682495,0.5185831189155579,-0.019036121666431427,0.26972323656082153,0.5343097448348999,1.103314025385771e-05,0.27844175696372986,0.4968861937522888,-0.01903851516544819,0.25942933559417725,0.5321404933929443,-0.025368312373757362,0.24994538724422455,0.5599578022956848,-0.023130111396312714,0.244001105427742,0.5220745801925659,0.0025831889361143112,0.24999494850635529,0.4918102025985718,-0.024686450138688087,0.23247374594211578,0.5407114624977112,-0.030464954674243927,0.22391337156295776,0.5734502077102661,-0.024506499990820885,0.21912908554077148,0.5156128406524658,0.0005832880269736052,0.22208178043365479,0.4885522127151489,-0.02662055566906929,0.21174778044223785,0.5389105677604675,-0.0268009752035141,0.20724397897720337,0.5755452513694763,-0.015671590343117714,0.1956602931022644,0.5096855163574219,-0.0025990449357777834,0.20551437139511108,0.46248239278793335,-0.014352813363075256,0.21053744852542877,0.43188005685806274,-0.015460086055099964,0.21668602526187897,0.4015767574310303,-0.011214729398488998,0.0,0.0,0.0,0.0,0.0,0.0,0.0,0.0,0.0,0.0,0.0,0.0,0.0,0.0,0.0,0.0,0.0,0.0,0.0,0.0,0.0,0.0,0.0,0.0,0.0,0.0,0.0,0.0,0.0,0.0,0.0,0.0,0.0,0.0,0.0,0.0,0.0,0.0,0.0,0.0,0.0,0.0,0.0,0.0,0.0,0.0,0.0,0.0,0.0,0.0,0.0,0.0,0.0,0.0,0.0,0.0,0.0,0.0,0.0,0.0,0.0,0.0,0.0,い
0.19170156121253967,0.6494492292404175,-3.5109144391753944e-07,0.2376101315021515,0.6401421427726746,-0.015500505454838276,0.28306636214256287,0.5855950117111206,-0.016435516998171806,0.312355637550354,0.5396636128425598,-0.018362676724791527,0.33858010172843933,0.5202023983001709,-0.017097214236855507,0.2700059115886688,0.535237729549408,0.0007951800362206995,0.2781888544559479,0.4971707761287689,-0.017765939235687256,0.25919368863105774,0.5314767956733704,-0.023965097963809967,0.24972817301750183,0.5596370697021484,-0.0217884574085474,0.24428045749664307,0.5231956243515015,0.0026172553189098835,0.24952943623065948,0.49231386184692383,-0.024315597489476204,0.23226888477802277,0.5407392382621765,-0.03024238906800747,0.22369325160980225,0.5739981532096863,-0.024519728496670723,0.21941892802715302,0.5168570876121521,7.765657210256904e-05,0.22078455984592438,0.48959267139434814,-0.026583347469568253,0.21155110001564026,0.5391510128974915,-0.02693278156220913,0.2081441581249237,0.5754998326301575,-0.01617909036576748,0.19550588726997375,0.5105997323989868,-0.0035277842544019222,0.2052377611398697,0.46350735425949097,-0.014814112335443497,0.21029821038246155,0.43303945660591125,-0.01579081080853939,0.2165885716676712,0.4024108648300171,-0.011650418862700462,0.0,0.0,0.0,0.0,0.0,0.0,0.0,0.0,0.0,0.0,0.0,0.0,0.0,0.0,0.0,0.0,0.0,0.0,0.0,0.0,0.0,0.0,0.0,0.0,0.0,0.0,0.0,0.0,0.0,0.0,0.0,0.0,0.0,0.0,0.0,0.0,0.0,0.0,0.0,0.0,0.0,0.0,0.0,0.0,0.0,0.0,0.0,0.0,0.0,0.0,0.0,0.0,0.0,0.0,0.0,0.0,0.0,0.0,0.0,0.0,0.0,0.0,0.0,い
0.1918313056230545,0.6478841304779053,-3.3875497251756315e-07,0.23718927800655365,0.6389741897583008,-0.015139002352952957,0.28183165192604065,0.5859150886535645,-0.01611422747373581,0.3110205829143524,0.540935218334198,-0.01813340373337269,0.33679550886154175,0.5204982161521912,-0.017100797966122627,0.2703060805797577,0.5342202186584473,0.0007562490645796061,0.27815303206443787,0.4973413348197937,-0.017717614769935608,0.2593734860420227,0.5304401516914368,-0.024061623960733414,0.24989864230155945,0.5585376024246216,-0.02194392681121826,0.24489398300647736,0.5218790769577026,0.0025238427333533764,0.249685138463974,0.49273794889450073,-0.024002762511372566,0.23242878913879395,0.5405005216598511,-0.0299302376806736,0.22371003031730652,0.5737350583076477,-0.02433902770280838,0.2198549211025238,0.5152403116226196,3.1539220799459144e-05,0.2211279720067978,0.48900166153907776,-0.02624339610338211,0.2116938680410385,0.5375916361808777,-0.026745667681097984,0.20806385576725006,0.5736569166183472,-0.01624591276049614,0.1956823468208313,0.5090294480323792,-0.0034597923513501883,0.2057374119758606,0.4621852934360504,-0.014545824378728867,0.21067962050437927,0.43201759457588196,-0.015317020937800407,0.21671923995018005,0.40225160121917725,-0.011017655953764915,0.0,0.0,0.0,0.0,0.0,0.0,0.0,0.0,0.0,0.0,0.0,0.0,0.0,0.0,0.0,0.0,0.0,0.0,0.0,0.0,0.0,0.0,0.0,0.0,0.0,0.0,0.0,0.0,0.0,0.0,0.0,0.0,0.0,0.0,0.0,0.0,0.0,0.0,0.0,0.0,0.0,0.0,0.0,0.0,0.0,0.0,0.0,0.0,0.0,0.0,0.0,0.0,0.0,0.0,0.0,0.0,0.0,0.0,0.0,0.0,0.0,0.0,0.0,い
0.19233739376068115,0.6476539373397827,-3.3892894180098665e-07,0.23772525787353516,0.6385135650634766,-0.014743414707481861,0.28224068880081177,0.5848167538642883,-0.015558966435492039,0.3108369708061218,0.5400390625,-0.017509153112769127,0.3360423445701599,0.5194613337516785,-0.01648024283349514,0.2688613533973694,0.5332794785499573,0.0010552610037848353,0.27805763483047485,0.49708613753318787,-0.01688760332763195,0.26000145077705383,0.5311540961265564,-0.023099221289157867,0.25008341670036316,0.5590253472328186,-0.0210136566311121,0.24373209476470947,0.5215363502502441,0.0025709837209433317,0.25024113059043884,0.49231770634651184,-0.023158099502325058,0.23322905600070953,0.5395848155021667,-0.02902149222791195,0.22393526136875153,0.5727733969688416,-0.02356812357902527,0.2189105749130249,0.5152429342269897,-9.960984607459977e-05,0.22204414010047913,0.48936697840690613,-0.025639129802584648,0.2123146951198578,0.538069486618042,-0.025998994708061218,0.20774975419044495,0.5740665197372437,-0.01557575911283493,0.19501595199108124,0.5091489553451538,-0.0037845512852072716,0.20484749972820282,0.4621276557445526,-0.014409475028514862,0.2101742923259735,0.43176430463790894,-0.014988580718636513,0.21641917526721954,0.4018961787223816,-0.010691625997424126,0.0,0.0,0.0,0.0,0.0,0.0,0.0,0.0,0.0,0.0,0.0,0.0,0.0,0.0,0.0,0.0,0.0,0.0,0.0,0.0,0.0,0.0,0.0,0.0,0.0,0.0,0.0,0.0,0.0,0.0,0.0,0.0,0.0,0.0,0.0,0.0,0.0,0.0,0.0,0.0,0.0,0.0,0.0,0.0,0.0,0.0,0.0,0.0,0.0,0.0,0.0,0.0,0.0,0.0,0.0,0.0,0.0,0.0,0.0,0.0,0.0,0.0,0.0,い
0.19223108887672424,0.6475530862808228,-3.4218075484204746e-07,0.2374204397201538,0.6387872695922852,-0.015678495168685913,0.2820183038711548,0.5857679843902588,-0.01685309037566185,0.31094300746917725,0.5402742028236389,-0.018993055447936058,0.3362177610397339,0.5192614197731018,-0.017947282642126083,0.26924172043800354,0.5339464545249939,0.00015302794054150581,0.2779543399810791,0.4968738555908203,-0.018391218036413193,0.2589833438396454,0.5316818952560425,-0.024590106680989265,0.24907438457012177,0.5593760013580322,-0.02242107503116131,0.24367763102054596,0.5217440128326416,0.0020368050318211317,0.2494947463274002,0.4919831156730652,-0.02472093515098095,0.23221826553344727,0.5403316617012024,-0.03055533766746521,0.22331055998802185,0.5733568668365479,-0.02483837492763996,0.2188093662261963,0.5152843594551086,-0.0003709017182700336,0.22101905941963196,0.48815202713012695,-0.026785895228385925,0.21125911176204681,0.5376490950584412,-0.026902440935373306,0.20713676512241364,0.5739733576774597,-0.01606573350727558,0.19495704770088196,0.5089927315711975,-0.003870185697451234,0.205097496509552,0.4623807668685913,-0.015167913399636745,0.210198774933815,0.4320497512817383,-0.015957951545715332,0.21626482903957367,0.4016432762145996,-0.011613206006586552,0.0,0.0,0.0,0.0,0.0,0.0,0.0,0.0,0.0,0.0,0.0,0.0,0.0,0.0,0.0,0.0,0.0,0.0,0.0,0.0,0.0,0.0,0.0,0.0,0.0,0.0,0.0,0.0,0.0,0.0,0.0,0.0,0.0,0.0,0.0,0.0,0.0,0.0,0.0,0.0,0.0,0.0,0.0,0.0,0.0,0.0,0.0,0.0,0.0,0.0,0.0,0.0,0.0,0.0,0.0,0.0,0.0,0.0,0.0,0.0,0.0,0.0,0.0,い
0.19361913204193115,0.6432778835296631,-3.3985926961577206e-07,0.23966321349143982,0.6357674598693848,-0.01473400741815567,0.28266990184783936,0.5845358371734619,-0.015432147309184074,0.31087350845336914,0.5397428870201111,-0.017389701679348946,0.33560532331466675,0.5183761715888977,-0.016521748155355453,0.26923173666000366,0.5312718152999878,0.001480378326959908,0.27757227420806885,0.4955078959465027,-0.017297152429819107,0.259463906288147,0.5291183590888977,-0.024051805958151817,0.24969054758548737,0.5573834180831909,-0.022140763700008392,0.24393288791179657,0.5194883346557617,0.0030613369308412075,0.2486647069454193,0.49129587411880493,-0.023807309567928314,0.23222830891609192,0.5391354560852051,-0.030237222090363503,0.22383227944374084,0.5725343823432922,-0.02494446374475956,0.2191685289144516,0.5134568214416504,0.00039149430813267827,0.2202291190624237,0.4880687892436981,-0.026402190327644348,0.21147142350673676,0.5369367599487305,-0.027340713888406754,0.20822231471538544,0.5729367136955261,-0.01697378419339657,0.19529679417610168,0.5078672170639038,-0.0032311412505805492,0.2049715220928192,0.46145498752593994,-0.014988265000283718,0.20977166295051575,0.43085160851478577,-0.016227668151259422,0.21555495262145996,0.40034180879592896,-0.012136797420680523,0.0,0.0,0.0,0.0,0.0,0.0,0.0,0.0,0.0,0.0,0.0,0.0,0.0,0.0,0.0,0.0,0.0,0.0,0.0,0.0,0.0,0.0,0.0,0.0,0.0,0.0,0.0,0.0,0.0,0.0,0.0,0.0,0.0,0.0,0.0,0.0,0.0,0.0,0.0,0.0,0.0,0.0,0.0,0.0,0.0,0.0,0.0,0.0,0.0,0.0,0.0,0.0,0.0,0.0,0.0,0.0,0.0,0.0,0.0,0.0,0.0,0.0,0.0,い
0.1919638216495514,0.6431045532226562,-3.496519127565989e-07,0.23709362745285034,0.6377792358398438,-0.017366904765367508,0.2811909317970276,0.586859405040741,-0.019201138988137245,0.30965879559516907,0.5391613245010376,-0.021312594413757324,0.3361954391002655,0.5192790627479553,-0.019954996183514595,0.27023017406463623,0.5334107279777527,-0.0023805261589586735,0.2767225205898285,0.49690455198287964,-0.02180572599172592,0.2577204406261444,0.5310648679733276,-0.027717720717191696,0.2488664984703064,0.5592450499534607,-0.02515110746026039,0.24489980936050415,0.5212482213973999,0.0005636136629618704,0.2490808665752411,0.49191051721572876,-0.027096694335341454,0.23152464628219604,0.5401893854141235,-0.03235016018152237,0.22332972288131714,0.571851909160614,-0.026109369471669197,0.22014296054840088,0.5147152543067932,-0.0008973699295893312,0.2198607623577118,0.4891337752342224,-0.029129963368177414,0.2103382647037506,0.5386353135108948,-0.02929590828716755,0.20710788667201996,0.5738239884376526,-0.01814442314207554,0.1961091309785843,0.5082562565803528,-0.003370414488017559,0.2055147886276245,0.4611883759498596,-0.016120024025440216,0.20965653657913208,0.4312567412853241,-0.01721937209367752,0.21499323844909668,0.4008490741252899,-0.01285011600703001,0.0,0.0,0.0,0.0,0.0,0.0,0.0,0.0,0.0,0.0,0.0,0.0,0.0,0.0,0.0,0.0,0.0,0.0,0.0,0.0,0.0,0.0,0.0,0.0,0.0,0.0,0.0,0.0,0.0,0.0,0.0,0.0,0.0,0.0,0.0,0.0,0.0,0.0,0.0,0.0,0.0,0.0,0.0,0.0,0.0,0.0,0.0,0.0,0.0,0.0,0.0,0.0,0.0,0.0,0.0,0.0,0.0,0.0,0.0,0.0,0.0,0.0,0.0,い
0.1780928522348404,0.6879466772079468,3.875227889693633e-07,0.21561169624328613,0.6536781191825867,-0.02846892736852169,0.2302657514810562,0.5873047113418579,-0.03215973451733589,0.2086775302886963,0.5344511866569519,-0.03439243137836456,0.1825788915157318,0.49600982666015625,-0.03425673767924309,0.2537202835083008,0.5035884380340576,0.008053239434957504,0.2629810869693756,0.4365943670272827,0.004737230949103832,0.26631805300712585,0.3962378203868866,-0.001950946869328618,0.26852259039878845,0.3600544333457947,-0.008430269546806812,0.22472135722637177,0.49210211634635925,0.011745835654437542,0.2359587550163269,0.4183112382888794,0.005393750499933958,0.2432505488395691,0.37391194701194763,-0.006085874512791634,0.25000301003456116,0.3361024260520935,-0.013783733360469341,0.19454418122768402,0.5024407505989075,0.010001135990023613,0.19718758761882782,0.44273805618286133,-0.013651203364133835,0.19355444610118866,0.4792141020298004,-0.02810068242251873,0.1905190348625183,0.5098219513893127,-0.030300838872790337,0.16681751608848572,0.5237346291542053,0.006123487837612629,0.16462793946266174,0.47705093026161194,-0.01733807846903801,0.16635620594024658,0.5008291602134705,-0.02619055286049843,0.16988295316696167,0.5270326137542725,-0.027770644053816795,0.0,0.0,0.0,0.0,0.0,0.0,0.0,0.0,0.0,0.0,0.0,0.0,0.0,0.0,0.0,0.0,0.0,0.0,0.0,0.0,0.0,0.0,0.0,0.0,0.0,0.0,0.0,0.0,0.0,0.0,0.0,0.0,0.0,0.0,0.0,0.0,0.0,0.0,0.0,0.0,0.0,0.0,0.0,0.0,0.0,0.0,0.0,0.0,0.0,0.0,0.0,0.0,0.0,0.0,0.0,0.0,0.0,0.0,0.0,0.0,0.0,0.0,0.0,う
0.17966991662979126,0.6873650550842285,3.786869342548016e-07,0.21656052768230438,0.6529470086097717,-0.02835727483034134,0.23040886223316193,0.5878131985664368,-0.03217713534832001,0.20852605998516083,0.5356264114379883,-0.03461642563343048,0.1833425611257553,0.4976428151130676,-0.034763384610414505,0.25398945808410645,0.5036978721618652,0.007993306033313274,0.2631773054599762,0.43685024976730347,0.004368381109088659,0.26646173000335693,0.39653289318084717,-0.0027173373382538557,0.26859015226364136,0.36029136180877686,-0.009535699151456356,0.2247505486011505,0.4921530485153198,0.011683080345392227,0.23575632274150848,0.4186214506626129,0.004998198244720697,0.24257709085941315,0.37465137243270874,-0.0068821534514427185,0.24932436645030975,0.3366807699203491,-0.01490573026239872,0.19446676969528198,0.5024905800819397,0.010009530931711197,0.1969856172800064,0.4429057836532593,-0.013172807171940804,0.1929139643907547,0.4795634150505066,-0.027170993387699127,0.1899765282869339,0.5098415613174438,-0.029305951669812202,0.16687186062335968,0.5242850184440613,0.006171124987304211,0.16430285573005676,0.4782693088054657,-0.016497179865837097,0.1653023660182953,0.5027022957801819,-0.024746520444750786,0.1684669852256775,0.52837735414505,-0.026091890409588814,0.0,0.0,0.0,0.0,0.0,0.0,0.0,0.0,0.0,0.0,0.0,0.0,0.0,0.0,0.0,0.0,0.0,0.0,0.0,0.0,0.0,0.0,0.0,0.0,0.0,0.0,0.0,0.0,0.0,0.0,0.0,0.0,0.0,0.0,0.0,0.0,0.0,0.0,0.0,0.0,0.0,0.0,0.0,0.0,0.0,0.0,0.0,0.0,0.0,0.0,0.0,0.0,0.0,0.0,0.0,0.0,0.0,0.0,0.0,0.0,0.0,0.0,0.0,う
0.17900316417217255,0.6877126693725586,3.7465332525243866e-07,0.2158273458480835,0.6527751684188843,-0.027805862948298454,0.23025353252887726,0.5876849293708801,-0.0320376455783844,0.20881471037864685,0.5346233248710632,-0.0350114181637764,0.18309469521045685,0.4970426559448242,-0.035764630883932114,0.2536314129829407,0.5048682689666748,0.006371611729264259,0.2630556523799896,0.437848836183548,0.0015787242446094751,0.266153484582901,0.39705923199653625,-0.005848482251167297,0.26808109879493713,0.3606951832771301,-0.012585368007421494,0.22441329061985016,0.4938487708568573,0.009494852274656296,0.23546713590621948,0.41965624690055847,0.0017133211949840188,0.2423371970653534,0.37482768297195435,-0.010151953436434269,0.2488550841808319,0.3365322947502136,-0.01789790950715542,0.1943112313747406,0.5045288801193237,0.0074182054959237576,0.19665101170539856,0.44561126828193665,-0.01650315150618553,0.1933923363685608,0.4808790981769562,-0.030153783038258553,0.19067496061325073,0.510636568069458,-0.03179732337594032,0.16676759719848633,0.5262811779975891,0.0032538475934416056,0.1643734872341156,0.4790840446949005,-0.019482769072055817,0.1662004142999649,0.5018380284309387,-0.027156895026564598,0.16973744332790375,0.5271494388580322,-0.02793080545961857,0.0,0.0,0.0,0.0,0.0,0.0,0.0,0.0,0.0,0.0,0.0,0.0,0.0,0.0,0.0,0.0,0.0,0.0,0.0,0.0,0.0,0.0,0.0,0.0,0.0,0.0,0.0,0.0,0.0,0.0,0.0,0.0,0.0,0.0,0.0,0.0,0.0,0.0,0.0,0.0,0.0,0.0,0.0,0.0,0.0,0.0,0.0,0.0,0.0,0.0,0.0,0.0,0.0,0.0,0.0,0.0,0.0,0.0,0.0,0.0,0.0,0.0,0.0,う
0.17865097522735596,0.6871945858001709,3.8640320099148084e-07,0.21603092551231384,0.6527778506278992,-0.027773400768637657,0.23081281781196594,0.5881946682929993,-0.03234655410051346,0.20962116122245789,0.536558985710144,-0.03573521971702576,0.18461239337921143,0.4973258078098297,-0.036915987730026245,0.2526264786720276,0.5029114484786987,0.005513516254723072,0.26204994320869446,0.4360026717185974,0.0005569535424001515,0.26541024446487427,0.39410364627838135,-0.006907380186021328,0.26744043827056885,0.357439786195755,-0.013563824817538261,0.22316548228263855,0.49305489659309387,0.008424410596489906,0.23418760299682617,0.419393926858902,0.0005241305334493518,0.24115729331970215,0.3736104369163513,-0.011859637685120106,0.24755099415779114,0.3354886770248413,-0.020072000101208687,0.1927056908607483,0.5042163133621216,0.0061582340858876705,0.19491279125213623,0.44636625051498413,-0.018453195691108704,0.19220170378684998,0.4806562066078186,-0.033562831580638885,0.18967168033123016,0.5111967921257019,-0.036134716123342514,0.16488298773765564,0.5257481932640076,0.0018832836067304015,0.16209474205970764,0.4783794581890106,-0.021838052198290825,0.16462546586990356,0.49874839186668396,-0.030962690711021423,0.1687704175710678,0.5232338309288025,-0.03273147717118263,0.0,0.0,0.0,0.0,0.0,0.0,0.0,0.0,0.0,0.0,0.0,0.0,0.0,0.0,0.0,0.0,0.0,0.0,0.0,0.0,0.0,0.0,0.0,0.0,0.0,0.0,0.0,0.0,0.0,0.0,0.0,0.0,0.0,0.0,0.0,0.0,0.0,0.0,0.0,0.0,0.0,0.0,0.0,0.0,0.0,0.0,0.0,0.0,0.0,0.0,0.0,0.0,0.0,0.0,0.0,0.0,0.0,0.0,0.0,0.0,0.0,0.0,0.0,う
0.1771833449602127,0.6864848136901855,3.919710991340253e-07,0.21588684618473053,0.6527028679847717,-0.027451062574982643,0.2306974232196808,0.588114321231842,-0.03217480704188347,0.2086275815963745,0.5366982817649841,-0.03572414070367813,0.183303564786911,0.4984534978866577,-0.036933571100234985,0.2527129054069519,0.503110408782959,0.00489801587536931,0.2615010142326355,0.4360864460468292,-0.00042887229938060045,0.26479291915893555,0.39454761147499084,-0.007871138863265514,0.26727259159088135,0.3583199977874756,-0.0143890380859375,0.22304697334766388,0.4926072061061859,0.0077041806653141975,0.23308274149894714,0.41860800981521606,-0.0003562923811841756,0.23984190821647644,0.372089147567749,-0.012242399156093597,0.24629585444927216,0.33451247215270996,-0.020034566521644592,0.19268998503684998,0.5031595230102539,0.005344485864043236,0.1937987208366394,0.4461177587509155,-0.018872978165745735,0.190932959318161,0.478777140378952,-0.03327503055334091,0.18861797451972961,0.5088885426521301,-0.035460811108350754,0.1647804081439972,0.523823618888855,0.0008995605167001486,0.16185559332370758,0.4788544476032257,-0.02233746461570263,0.16428647935390472,0.4974181652069092,-0.031214531511068344,0.1685616374015808,0.5201678276062012,-0.03284940496087074,0.0,0.0,0.0,0.0,0.0,0.0,0.0,0.0,0.0,0.0,0.0,0.0,0.0,0.0,0.0,0.0,0.0,0.0,0.0,0.0,0.0,0.0,0.0,0.0,0.0,0.0,0.0,0.0,0.0,0.0,0.0,0.0,0.0,0.0,0.0,0.0,0.0,0.0,0.0,0.0,0.0,0.0,0.0,0.0,0.0,0.0,0.0,0.0,0.0,0.0,0.0,0.0,0.0,0.0,0.0,0.0,0.0,0.0,0.0,0.0,0.0,0.0,0.0,う
0.17648383975028992,0.6868050694465637,3.891580035997322e-07,0.21477735042572021,0.6532537937164307,-0.027698956429958344,0.23028132319450378,0.5874952673912048,-0.032240740954875946,0.2090366631746292,0.5355401039123535,-0.03558623418211937,0.18291963636875153,0.4971938729286194,-0.036730822175741196,0.2516828179359436,0.5031006932258606,0.005052293185144663,0.26039525866508484,0.43536195158958435,-0.0005577530828304589,0.26348716020584106,0.3929083049297333,-0.008345961570739746,0.2656238079071045,0.35583770275115967,-0.015191711485385895,0.22229677438735962,0.49221011996269226,0.007861587218940258,0.232906773686409,0.4181777834892273,-0.0006086057983338833,0.23957160115242004,0.3718799352645874,-0.01270143873989582,0.2457784116268158,0.33343762159347534,-0.02057253196835518,0.19187605381011963,0.5023490190505981,0.005483492277562618,0.1937064379453659,0.44402602314949036,-0.019593261182308197,0.19005446135997772,0.4796258807182312,-0.0334450826048851,0.1868169754743576,0.5110809206962585,-0.034930385649204254,0.16395911574363708,0.523280143737793,0.0010166424326598644,0.16140618920326233,0.4773031175136566,-0.023063695058226585,0.16384583711624146,0.4986087381839752,-0.03150134161114693,0.16774782538414001,0.5233671069145203,-0.03254613280296326,0.0,0.0,0.0,0.0,0.0,0.0,0.0,0.0,0.0,0.0,0.0,0.0,0.0,0.0,0.0,0.0,0.0,0.0,0.0,0.0,0.0,0.0,0.0,0.0,0.0,0.0,0.0,0.0,0.0,0.0,0.0,0.0,0.0,0.0,0.0,0.0,0.0,0.0,0.0,0.0,0.0,0.0,0.0,0.0,0.0,0.0,0.0,0.0,0.0,0.0,0.0,0.0,0.0,0.0,0.0,0.0,0.0,0.0,0.0,0.0,0.0,0.0,0.0,う
0.1766463816165924,0.6857943534851074,3.7872959524065664e-07,0.21470749378204346,0.6521248817443848,-0.02671884372830391,0.22960567474365234,0.5870667099952698,-0.030677733942866325,0.20771615207195282,0.5349529981613159,-0.03355102613568306,0.18211446702480316,0.4976552724838257,-0.03423736244440079,0.25237971544265747,0.5022925734519958,0.006051540374755859,0.2607484459877014,0.435763955116272,0.0008471317123621702,0.26384034752845764,0.39456960558891296,-0.006514112465083599,0.2660472095012665,0.3582495152950287,-0.012980123981833458,0.2231357991695404,0.4912607669830322,0.00865559745579958,0.2336028665304184,0.4168798327445984,0.0007416803273372352,0.24016937613487244,0.3714272379875183,-0.010265701450407505,0.24666602909564972,0.3338581621646881,-0.017098713666200638,0.19285625219345093,0.5020244717597961,0.006177928298711777,0.19452282786369324,0.4434700012207031,-0.01777430810034275,0.19086097180843353,0.47918838262557983,-0.029825780540704727,0.18827863037586212,0.5092692375183105,-0.03014053776860237,0.1647675335407257,0.5239909887313843,0.0016495733289048076,0.16226661205291748,0.4776912033557892,-0.02114284783601761,0.16338622570037842,0.5018344521522522,-0.02762776054441929,0.16629371047019958,0.5275994539260864,-0.027206629514694214,0.0,0.0,0.0,0.0,0.0,0.0,0.0,0.0,0.0,0.0,0.0,0.0,0.0,0.0,0.0,0.0,0.0,0.0,0.0,0.0,0.0,0.0,0.0,0.0,0.0,0.0,0.0,0.0,0.0,0.0,0.0,0.0,0.0,0.0,0.0,0.0,0.0,0.0,0.0,0.0,0.0,0.0,0.0,0.0,0.0,0.0,0.0,0.0,0.0,0.0,0.0,0.0,0.0,0.0,0.0,0.0,0.0,0.0,0.0,0.0,0.0,0.0,0.0,う
0.17773018777370453,0.6851198077201843,3.805803032719268e-07,0.21569882333278656,0.6520096659660339,-0.02748413383960724,0.23023366928100586,0.5893315076828003,-0.03217417746782303,0.20926468074321747,0.5378826856613159,-0.035838499665260315,0.1851256787776947,0.4981060326099396,-0.037353064864873886,0.2523306906223297,0.5030803084373474,0.004827005788683891,0.2610071897506714,0.43659090995788574,-0.0008045095601119101,0.2641615569591522,0.3953261375427246,-0.008688322268426418,0.26649394631385803,0.358761727809906,-0.01568230427801609,0.2233501672744751,0.49226096272468567,0.007440023589879274,0.2340637743473053,0.4179174304008484,-0.0009307042346335948,0.24067001044750214,0.37228354811668396,-0.01304963231086731,0.24722525477409363,0.33410343527793884,-0.021061258390545845,0.1930389255285263,0.503068745136261,0.00496141891926527,0.19541597366333008,0.443439781665802,-0.01918688975274563,0.19123926758766174,0.4786525368690491,-0.032374314963817596,0.18809762597084045,0.509416401386261,-0.03382633626461029,0.16494101285934448,0.5250034928321838,0.00036567042116075754,0.16257154941558838,0.47841209173202515,-0.02272236905992031,0.16381031274795532,0.5005475282669067,-0.03041311912238598,0.1666543185710907,0.5252622365951538,-0.031174464151263237,0.0,0.0,0.0,0.0,0.0,0.0,0.0,0.0,0.0,0.0,0.0,0.0,0.0,0.0,0.0,0.0,0.0,0.0,0.0,0.0,0.0,0.0,0.0,0.0,0.0,0.0,0.0,0.0,0.0,0.0,0.0,0.0,0.0,0.0,0.0,0.0,0.0,0.0,0.0,0.0,0.0,0.0,0.0,0.0,0.0,0.0,0.0,0.0,0.0,0.0,0.0,0.0,0.0,0.0,0.0,0.0,0.0,0.0,0.0,0.0,0.0,0.0,0.0,う
0.17813503742218018,0.6856064200401306,3.973427453729528e-07,0.21549242734909058,0.6525830030441284,-0.028669368475675583,0.22982792556285858,0.5885455012321472,-0.03343292698264122,0.2088344544172287,0.537032425403595,-0.036895669996738434,0.18386955559253693,0.4979177415370941,-0.0379994697868824,0.2527788579463959,0.502178966999054,0.006297402549535036,0.2611023783683777,0.43505704402923584,0.0012960495660081506,0.26408258080482483,0.3937023878097534,-0.006306699942797422,0.26597699522972107,0.3570815324783325,-0.013045000843703747,0.22345566749572754,0.4913378655910492,0.009708126075565815,0.23421767354011536,0.41706737875938416,0.0017798212356865406,0.24082894623279572,0.3715546727180481,-0.010117893107235432,0.24707964062690735,0.33368921279907227,-0.017693113535642624,0.1930563747882843,0.5020094513893127,0.007730942685157061,0.19445829093456268,0.4440228343009949,-0.016595037654042244,0.19052474200725555,0.4805748164653778,-0.03013523668050766,0.18787001073360443,0.511386513710022,-0.03142085671424866,0.16506853699684143,0.5236319899559021,0.003545766696333885,0.1624799370765686,0.4777742922306061,-0.019594430923461914,0.16346126794815063,0.5012951493263245,-0.02732282318174839,0.16666141152381897,0.5265783071517944,-0.027918152511119843,0.0,0.0,0.0,0.0,0.0,0.0,0.0,0.0,0.0,0.0,0.0,0.0,0.0,0.0,0.0,0.0,0.0,0.0,0.0,0.0,0.0,0.0,0.0,0.0,0.0,0.0,0.0,0.0,0.0,0.0,0.0,0.0,0.0,0.0,0.0,0.0,0.0,0.0,0.0,0.0,0.0,0.0,0.0,0.0,0.0,0.0,0.0,0.0,0.0,0.0,0.0,0.0,0.0,0.0,0.0,0.0,0.0,0.0,0.0,0.0,0.0,0.0,0.0,う
0.17907123267650604,0.6879787445068359,3.7303007616174e-07,0.21519735455513,0.654818594455719,-0.028827983886003494,0.23038479685783386,0.5927359461784363,-0.034167490899562836,0.20987966656684875,0.5400186777114868,-0.03811215981841087,0.1854076087474823,0.5000483989715576,-0.03982556238770485,0.2532680928707123,0.5042150616645813,0.004410427529364824,0.2613191306591034,0.4366474747657776,-0.0008029251475818455,0.26393866539001465,0.3951711356639862,-0.008765898644924164,0.2658050060272217,0.3582790493965149,-0.01594684086740017,0.22408567368984222,0.4938294589519501,0.00800853967666626,0.23475094139575958,0.4192884564399719,0.00022464635549113154,0.24096208810806274,0.37444639205932617,-0.01206881646066904,0.2472226619720459,0.33646494150161743,-0.020463693886995316,0.19367048144340515,0.5046534538269043,0.006470778025686741,0.19638758897781372,0.4439578354358673,-0.016983862966299057,0.1911974549293518,0.4779894948005676,-0.030705126002430916,0.1872919797897339,0.5079934597015381,-0.0329069122672081,0.16569644212722778,0.5263940095901489,0.002730079460889101,0.163583442568779,0.479202002286911,-0.01992052234709263,0.16382133960723877,0.5013668537139893,-0.02786637842655182,0.1658630669116974,0.5263528227806091,-0.029044631868600845,0.0,0.0,0.0,0.0,0.0,0.0,0.0,0.0,0.0,0.0,0.0,0.0,0.0,0.0,0.0,0.0,0.0,0.0,0.0,0.0,0.0,0.0,0.0,0.0,0.0,0.0,0.0,0.0,0.0,0.0,0.0,0.0,0.0,0.0,0.0,0.0,0.0,0.0,0.0,0.0,0.0,0.0,0.0,0.0,0.0,0.0,0.0,0.0,0.0,0.0,0.0,0.0,0.0,0.0,0.0,0.0,0.0,0.0,0.0,0.0,0.0,0.0,0.0,う
0.1783740073442459,0.6883001327514648,3.780848487622279e-07,0.21534231305122375,0.6549624800682068,-0.028225814923644066,0.22998616099357605,0.5903831124305725,-0.03262833505868912,0.20870770514011383,0.5375279188156128,-0.03572944551706314,0.18391567468643188,0.49725785851478577,-0.03652738779783249,0.25298503041267395,0.5030883550643921,0.006347691174596548,0.26123178005218506,0.4355281591415405,0.0017615631222724915,0.26421573758125305,0.3943909704685211,-0.005670873448252678,0.26608806848526,0.35767287015914917,-0.012452325783669949,0.22353984415531158,0.492085725069046,0.009576859883964062,0.23461011052131653,0.41762638092041016,0.0022019492462277412,0.2410750389099121,0.3729153871536255,-0.009378057904541492,0.24731393158435822,0.33512091636657715,-0.016955548897385597,0.19291944801807404,0.5029387474060059,0.007524479180574417,0.19584625959396362,0.44333288073539734,-0.016264373436570168,0.19147492945194244,0.47981783747673035,-0.029305119067430496,0.18816478550434113,0.5100995302200317,-0.030562397092580795,0.16481944918632507,0.5251209735870361,0.0032942260149866343,0.16333511471748352,0.47809845209121704,-0.019696099683642387,0.16429734230041504,0.501853883266449,-0.027191977947950363,0.16720835864543915,0.5268799662590027,-0.027750037610530853,0.0,0.0,0.0,0.0,0.0,0.0,0.0,0.0,0.0,0.0,0.0,0.0,0.0,0.0,0.0,0.0,0.0,0.0,0.0,0.0,0.0,0.0,0.0,0.0,0.0,0.0,0.0,0.0,0.0,0.0,0.0,0.0,0.0,0.0,0.0,0.0,0.0,0.0,0.0,0.0,0.0,0.0,0.0,0.0,0.0,0.0,0.0,0.0,0.0,0.0,0.0,0.0,0.0,0.0,0.0,0.0,0.0,0.0,0.0,0.0,0.0,0.0,0.0,う
0.17781026661396027,0.6868168115615845,3.872527827297745e-07,0.2147347331047058,0.6522131562232971,-0.02848639339208603,0.22966693341732025,0.5875340700149536,-0.03323552384972572,0.2075890302658081,0.5348089933395386,-0.03651299700140953,0.1817229837179184,0.4955449402332306,-0.037401191890239716,0.25301504135131836,0.502091646194458,0.006617371458560228,0.2614099979400635,0.4346681833267212,0.0021719972137361765,0.26435044407844543,0.3940550684928894,-0.005164285656064749,0.2662455439567566,0.35785233974456787,-0.011785455048084259,0.2233809381723404,0.4912126660346985,0.010184834711253643,0.23452532291412354,0.41604742407798767,0.003055729204788804,0.24101990461349487,0.371865451335907,-0.008385694585740566,0.24691453576087952,0.3343251347541809,-0.015755577012896538,0.1928848773241043,0.501742959022522,0.008435272611677647,0.19493263959884644,0.44286254048347473,-0.015090247616171837,0.1913934201002121,0.4792912006378174,-0.028377395123243332,0.18860548734664917,0.5093221068382263,-0.02975311689078808,0.1650524139404297,0.522972047328949,0.00452523585408926,0.16312873363494873,0.47736087441444397,-0.01793905347585678,0.1645861715078354,0.501372754573822,-0.025298573076725006,0.16786804795265198,0.5264932513237,-0.02578604593873024,0.0,0.0,0.0,0.0,0.0,0.0,0.0,0.0,0.0,0.0,0.0,0.0,0.0,0.0,0.0,0.0,0.0,0.0,0.0,0.0,0.0,0.0,0.0,0.0,0.0,0.0,0.0,0.0,0.0,0.0,0.0,0.0,0.0,0.0,0.0,0.0,0.0,0.0,0.0,0.0,0.0,0.0,0.0,0.0,0.0,0.0,0.0,0.0,0.0,0.0,0.0,0.0,0.0,0.0,0.0,0.0,0.0,0.0,0.0,0.0,0.0,0.0,0.0,う
0.17888249456882477,0.6853320598602295,3.6573578654497396e-07,0.21449832618236542,0.6517957448959351,-0.028607241809368134,0.2290230244398117,0.58863365650177,-0.0335228256881237,0.207041397690773,0.5354763865470886,-0.03693144768476486,0.18205085396766663,0.4954134523868561,-0.03823645040392876,0.2535489797592163,0.5035180449485779,0.004728358238935471,0.26177889108657837,0.43625524640083313,-0.0005586592014878988,0.2646542191505432,0.395109087228775,-0.008353724144399166,0.2663978934288025,0.3583953380584717,-0.015301168896257877,0.2241281270980835,0.4928809702396393,0.008192704059183598,0.23556777834892273,0.41800108551979065,0.00016335547843482345,0.24190667271614075,0.3733856678009033,-0.011676686815917492,0.24784468114376068,0.33534589409828186,-0.019343970343470573,0.19387635588645935,0.5040113925933838,0.006485129240900278,0.1963278204202652,0.44334566593170166,-0.017883354797959328,0.1911533921957016,0.47821375727653503,-0.031233837828040123,0.18728256225585938,0.5071351528167725,-0.03270877152681351,0.16607517004013062,0.5265383124351501,0.0026768874377012253,0.16431182622909546,0.47826626896858215,-0.02084108255803585,0.16439177095890045,0.5025402903556824,-0.028295744210481644,0.1665712296962738,0.527949333190918,-0.028795737773180008,0.0,0.0,0.0,0.0,0.0,0.0,0.0,0.0,0.0,0.0,0.0,0.0,0.0,0.0,0.0,0.0,0.0,0.0,0.0,0.0,0.0,0.0,0.0,0.0,0.0,0.0,0.0,0.0,0.0,0.0,0.0,0.0,0.0,0.0,0.0,0.0,0.0,0.0,0.0,0.0,0.0,0.0,0.0,0.0,0.0,0.0,0.0,0.0,0.0,0.0,0.0,0.0,0.0,0.0,0.0,0.0,0.0,0.0,0.0,0.0,0.0,0.0,0.0,う
0.17995339632034302,0.6839313507080078,3.740518081940536e-07,0.2147059291601181,0.6505327224731445,-0.028897318989038467,0.22884835302829742,0.5876262187957764,-0.033583808690309525,0.20780570805072784,0.5343718528747559,-0.03670933470129967,0.1830151230096817,0.4945555031299591,-0.03765865042805672,0.25380417704582214,0.5019763708114624,0.006255440879613161,0.2619026303291321,0.43484336137771606,0.0015259539941325784,0.26488810777664185,0.3938386142253876,-0.006078092847019434,0.2666098177433014,0.3574533462524414,-0.012853763066232204,0.224386066198349,0.49140191078186035,0.01011997926980257,0.23575186729431152,0.41687044501304626,0.0025118780322372913,0.24179379642009735,0.3724432587623596,-0.009503768756985664,0.24744777381420135,0.33503997325897217,-0.01714826561510563,0.1939919888973236,0.5025265216827393,0.008710975758731365,0.19630488753318787,0.4433012008666992,-0.015513402409851551,0.1906338483095169,0.47821682691574097,-0.029401518404483795,0.18666717410087585,0.507326602935791,-0.031042272225022316,0.16620086133480072,0.525019645690918,0.00521954707801342,0.1639346480369568,0.47809916734695435,-0.018109971657395363,0.16308808326721191,0.5017551779747009,-0.025828326120972633,0.16476596891880035,0.5263105630874634,-0.02641044370830059,0.0,0.0,0.0,0.0,0.0,0.0,0.0,0.0,0.0,0.0,0.0,0.0,0.0,0.0,0.0,0.0,0.0,0.0,0.0,0.0,0.0,0.0,0.0,0.0,0.0,0.0,0.0,0.0,0.0,0.0,0.0,0.0,0.0,0.0,0.0,0.0,0.0,0.0,0.0,0.0,0.0,0.0,0.0,0.0,0.0,0.0,0.0,0.0,0.0,0.0,0.0,0.0,0.0,0.0,0.0,0.0,0.0,0.0,0.0,0.0,0.0,0.0,0.0,う
0.17863523960113525,0.6874682307243347,3.7618471537825826e-07,0.21492882072925568,0.6547723412513733,-0.027779163792729378,0.23050734400749207,0.5889267921447754,-0.03152653947472572,0.2078315019607544,0.5354397892951965,-0.033691514283418655,0.18148136138916016,0.49929171800613403,-0.03346489369869232,0.25379616022109985,0.504045844078064,0.006849863566458225,0.26248252391815186,0.43549150228500366,0.002919643186032772,0.2655421495437622,0.3938061594963074,-0.003732783254235983,0.26718661189079285,0.3573969006538391,-0.009819378145039082,0.2242862433195114,0.4930119216442108,0.010440157726407051,0.2350585013628006,0.4183529317378998,0.0037230681627988815,0.24174270033836365,0.3728829026222229,-0.006951719522476196,0.2476743459701538,0.33560165762901306,-0.013632236048579216,0.1942419558763504,0.5039886832237244,0.008844230324029922,0.1967191994190216,0.44300034642219543,-0.014417747966945171,0.19229945540428162,0.47762468457221985,-0.02712853252887726,0.1886284202337265,0.5075474977493286,-0.02798859030008316,0.16677920520305634,0.525888204574585,0.005170433782041073,0.16423749923706055,0.47961074113845825,-0.017765037715435028,0.164202481508255,0.5025398135185242,-0.025148680433630943,0.16607673466205597,0.5266880393028259,-0.025363370776176453,0.0,0.0,0.0,0.0,0.0,0.0,0.0,0.0,0.0,0.0,0.0,0.0,0.0,0.0,0.0,0.0,0.0,0.0,0.0,0.0,0.0,0.0,0.0,0.0,0.0,0.0,0.0,0.0,0.0,0.0,0.0,0.0,0.0,0.0,0.0,0.0,0.0,0.0,0.0,0.0,0.0,0.0,0.0,0.0,0.0,0.0,0.0,0.0,0.0,0.0,0.0,0.0,0.0,0.0,0.0,0.0,0.0,0.0,0.0,0.0,0.0,0.0,0.0,う
0.17885547876358032,0.6868470311164856,3.846429308396182e-07,0.21507221460342407,0.6523317098617554,-0.028261201456189156,0.2294880747795105,0.5876533389091492,-0.032638177275657654,0.2082090675830841,0.5350203514099121,-0.03567619249224663,0.18170540034770966,0.4979724884033203,-0.03651033341884613,0.25336533784866333,0.5032219290733337,0.0072347973473370075,0.2622618079185486,0.4354958236217499,0.003059165086597204,0.265362411737442,0.3947569727897644,-0.004208721220493317,0.2672787308692932,0.35877931118011475,-0.01087116077542305,0.22390635311603546,0.49255257844924927,0.010626974515616894,0.23511682450771332,0.4173058569431305,0.003503144718706608,0.24207964539527893,0.3727002739906311,-0.008376040495932102,0.24833375215530396,0.33520445227622986,-0.016118532046675682,0.19346582889556885,0.5036821961402893,0.00873029325157404,0.19669263064861298,0.44377273321151733,-0.014996582642197609,0.1926024854183197,0.47881609201431274,-0.029086489230394363,0.1888149082660675,0.5082905292510986,-0.031002473086118698,0.16569183766841888,0.5259508490562439,0.004754186142235994,0.16504617035388947,0.47776520252227783,-0.01791546866297722,0.1657031774520874,0.5010299682617188,-0.025581249967217445,0.1677498072385788,0.5264263153076172,-0.026343444362282753,0.0,0.0,0.0,0.0,0.0,0.0,0.0,0.0,0.0,0.0,0.0,0.0,0.0,0.0,0.0,0.0,0.0,0.0,0.0,0.0,0.0,0.0,0.0,0.0,0.0,0.0,0.0,0.0,0.0,0.0,0.0,0.0,0.0,0.0,0.0,0.0,0.0,0.0,0.0,0.0,0.0,0.0,0.0,0.0,0.0,0.0,0.0,0.0,0.0,0.0,0.0,0.0,0.0,0.0,0.0,0.0,0.0,0.0,0.0,0.0,0.0,0.0,0.0,う
0.17837783694267273,0.6862039566040039,3.8182614048309915e-07,0.21563896536827087,0.6534543037414551,-0.028197085484862328,0.2302781343460083,0.5893273949623108,-0.03237876296043396,0.2095896154642105,0.5361149907112122,-0.03528255596756935,0.18499641120433807,0.497292697429657,-0.035944439470767975,0.25303134322166443,0.5033103227615356,0.006413723342120647,0.26196303963661194,0.43552714586257935,0.002028249902650714,0.26529982686042786,0.3942696154117584,-0.005093493964523077,0.26742202043533325,0.3580261170864105,-0.011562454514205456,0.22381657361984253,0.4922632575035095,0.009643792174756527,0.23529401421546936,0.41721606254577637,0.0023180588614195585,0.24219036102294922,0.3719068467617035,-0.009346898645162582,0.24855941534042358,0.33424732089042664,-0.016845332458615303,0.19344371557235718,0.503296971321106,0.007613837253302336,0.19590994715690613,0.4434848725795746,-0.01656702533364296,0.1914529651403427,0.479828804731369,-0.03026440367102623,0.18805035948753357,0.5105644464492798,-0.03170311078429222,0.16540881991386414,0.5258500576019287,0.003500361228361726,0.1637173444032669,0.47729024291038513,-0.019710421562194824,0.16456067562103271,0.5009171962738037,-0.02741553820669651,0.16717299818992615,0.526883602142334,-0.028032079339027405,0.0,0.0,0.0,0.0,0.0,0.0,0.0,0.0,0.0,0.0,0.0,0.0,0.0,0.0,0.0,0.0,0.0,0.0,0.0,0.0,0.0,0.0,0.0,0.0,0.0,0.0,0.0,0.0,0.0,0.0,0.0,0.0,0.0,0.0,0.0,0.0,0.0,0.0,0.0,0.0,0.0,0.0,0.0,0.0,0.0,0.0,0.0,0.0,0.0,0.0,0.0,0.0,0.0,0.0,0.0,0.0,0.0,0.0,0.0,0.0,0.0,0.0,0.0,う
0.1782730221748352,0.6852666735649109,3.7263637864271004e-07,0.21498709917068481,0.65134596824646,-0.027865493670105934,0.2294345647096634,0.5883976221084595,-0.0315970815718174,0.20898565649986267,0.5367621183395386,-0.03404475748538971,0.18448732793331146,0.4975929260253906,-0.03430221602320671,0.2533190846443176,0.5033892393112183,0.007440503686666489,0.26220637559890747,0.4358472526073456,0.003909543622285128,0.2653152048587799,0.3949267268180847,-0.0028850389644503593,0.267234742641449,0.35873842239379883,-0.009272501803934574,0.22412027418613434,0.49202990531921387,0.010924085974693298,0.23520615696907043,0.41742363572120667,0.004550679586827755,0.24188964068889618,0.37267249822616577,-0.0069399005733430386,0.24830745160579681,0.3350514769554138,-0.014532828703522682,0.19373537600040436,0.5028306841850281,0.009182188659906387,0.19686344265937805,0.44284021854400635,-0.013972827233374119,0.19216273725032806,0.47967100143432617,-0.027738705277442932,0.18839792907238007,0.5100355744361877,-0.029548801481723785,0.1658504605293274,0.5251309871673584,0.00536694098263979,0.16433121263980865,0.47716453671455383,-0.0172883290797472,0.16506622731685638,0.5007155537605286,-0.02517867460846901,0.16762545704841614,0.5259833335876465,-0.02610124461352825,0.0,0.0,0.0,0.0,0.0,0.0,0.0,0.0,0.0,0.0,0.0,0.0,0.0,0.0,0.0,0.0,0.0,0.0,0.0,0.0,0.0,0.0,0.0,0.0,0.0,0.0,0.0,0.0,0.0,0.0,0.0,0.0,0.0,0.0,0.0,0.0,0.0,0.0,0.0,0.0,0.0,0.0,0.0,0.0,0.0,0.0,0.0,0.0,0.0,0.0,0.0,0.0,0.0,0.0,0.0,0.0,0.0,0.0,0.0,0.0,0.0,0.0,0.0,う
0.1777709424495697,0.6849609613418579,3.8252349554568355e-07,0.21512803435325623,0.6529991030693054,-0.02764088287949562,0.23065021634101868,0.589973509311676,-0.03270959481596947,0.21084417402744293,0.5371690392494202,-0.03667283430695534,0.1870121955871582,0.49640095233917236,-0.038310062140226364,0.2528865337371826,0.501913845539093,0.004352152813225985,0.2616933584213257,0.43476712703704834,-0.0017152519430965185,0.26492223143577576,0.39284950494766235,-0.00957956537604332,0.2666979432106018,0.3562629222869873,-0.016356635838747025,0.22381797432899475,0.4914601743221283,0.006861616857349873,0.23528926074504852,0.4170176684856415,-0.0022623026743531227,0.24242974817752838,0.37122297286987305,-0.014177963137626648,0.24879491329193115,0.3333556652069092,-0.02172998897731304,0.19337771832942963,0.5024505853652954,0.0042290231212973595,0.19577664136886597,0.4428078532218933,-0.020939119160175323,0.19187262654304504,0.47867876291275024,-0.03378687798976898,0.18860909342765808,0.5099194645881653,-0.034580621868371964,0.16491533815860748,0.5242092609405518,-0.0004922613734379411,0.16339194774627686,0.4763018488883972,-0.024185042828321457,0.16489002108573914,0.49859586358070374,-0.03162684664130211,0.16748283803462982,0.5236778259277344,-0.031961824744939804,0.0,0.0,0.0,0.0,0.0,0.0,0.0,0.0,0.0,0.0,0.0,0.0,0.0,0.0,0.0,0.0,0.0,0.0,0.0,0.0,0.0,0.0,0.0,0.0,0.0,0.0,0.0,0.0,0.0,0.0,0.0,0.0,0.0,0.0,0.0,0.0,0.0,0.0,0.0,0.0,0.0,0.0,0.0,0.0,0.0,0.0,0.0,0.0,0.0,0.0,0.0,0.0,0.0,0.0,0.0,0.0,0.0,0.0,0.0,0.0,0.0,0.0,0.0,う
0.177715465426445,0.6856986880302429,3.7478997683138005e-07,0.2151281088590622,0.6540077924728394,-0.028066538274288177,0.23024645447731018,0.5917975902557373,-0.03272329643368721,0.211232528090477,0.5389769077301025,-0.036164939403533936,0.18801702558994293,0.4986797273159027,-0.03733815252780914,0.25286734104156494,0.5030272603034973,0.004449710249900818,0.26174530386924744,0.4359053671360016,-0.0008633056422695518,0.2651943862438202,0.3942292332649231,-0.008509433828294277,0.26742494106292725,0.3575635254383087,-0.015389124862849712,0.2238716185092926,0.492003470659256,0.0074079278856515884,0.23496530950069427,0.4180069863796234,-0.0007194359204731882,0.24186041951179504,0.37233966588974,-0.012350596487522125,0.24835973978042603,0.3344991207122803,-0.020008714869618416,0.19337543845176697,0.503074049949646,0.005207434296607971,0.1962769329547882,0.44234830141067505,-0.018916452303528786,0.19224554300308228,0.4779857397079468,-0.031740933656692505,0.1890762448310852,0.5088847279548645,-0.03291531279683113,0.1650247871875763,0.5253375172615051,0.0008171303779818118,0.16325557231903076,0.4771466851234436,-0.022702708840370178,0.16439975798130035,0.4998708665370941,-0.03047998808324337,0.16693691909313202,0.5251939296722412,-0.03119196556508541,0.0,0.0,0.0,0.0,0.0,0.0,0.0,0.0,0.0,0.0,0.0,0.0,0.0,0.0,0.0,0.0,0.0,0.0,0.0,0.0,0.0,0.0,0.0,0.0,0.0,0.0,0.0,0.0,0.0,0.0,0.0,0.0,0.0,0.0,0.0,0.0,0.0,0.0,0.0,0.0,0.0,0.0,0.0,0.0,0.0,0.0,0.0,0.0,0.0,0.0,0.0,0.0,0.0,0.0,0.0,0.0,0.0,0.0,0.0,0.0,0.0,0.0,0.0,う
0.1778259128332138,0.6860648393630981,3.8776934729867207e-07,0.21485815942287445,0.6527549028396606,-0.02676253579556942,0.22917760908603668,0.5884618759155273,-0.030806707218289375,0.20794133841991425,0.5367348194122314,-0.03380401432514191,0.1835087537765503,0.4993416368961334,-0.0345216728746891,0.2519695460796356,0.5029411315917969,0.006410710513591766,0.2611210346221924,0.43570995330810547,0.0015432345680892467,0.26453691720962524,0.3938695788383484,-0.005542030092328787,0.26650571823120117,0.35751307010650635,-0.01170277874916792,0.22287587821483612,0.4928145408630371,0.009109712205827236,0.23425321280956268,0.41799330711364746,0.0013067190302535892,0.24158132076263428,0.372103214263916,-0.009806051850318909,0.24804475903511047,0.3345908522605896,-0.016627497971057892,0.19257605075836182,0.5040073394775391,0.006715246010571718,0.19493898749351501,0.4453500509262085,-0.01735145039856434,0.19076667726039886,0.48160359263420105,-0.02979113720357418,0.18717379868030548,0.5124030709266663,-0.030165495350956917,0.16453275084495544,0.5257479548454285,0.002317663747817278,0.16252267360687256,0.4780474305152893,-0.020200639963150024,0.16338855028152466,0.5011237263679504,-0.026785090565681458,0.1656244993209839,0.5263198018074036,-0.026459231972694397,0.0,0.0,0.0,0.0,0.0,0.0,0.0,0.0,0.0,0.0,0.0,0.0,0.0,0.0,0.0,0.0,0.0,0.0,0.0,0.0,0.0,0.0,0.0,0.0,0.0,0.0,0.0,0.0,0.0,0.0,0.0,0.0,0.0,0.0,0.0,0.0,0.0,0.0,0.0,0.0,0.0,0.0,0.0,0.0,0.0,0.0,0.0,0.0,0.0,0.0,0.0,0.0,0.0,0.0,0.0,0.0,0.0,0.0,0.0,0.0,0.0,0.0,0.0,う
0.175888329744339,0.6863913536071777,3.913517048204085e-07,0.2143079787492752,0.6529502272605896,-0.02878061681985855,0.22876322269439697,0.5890036821365356,-0.033444713801145554,0.20971503853797913,0.5374746918678284,-0.03692278265953064,0.18639299273490906,0.4964677393436432,-0.038094375282526016,0.2522316873073578,0.5027827024459839,0.0064466590993106365,0.2609260678291321,0.43687891960144043,0.0018004585290327668,0.2637668251991272,0.3946053981781006,-0.005869335029274225,0.26565006375312805,0.3575553894042969,-0.01305453386157751,0.2226925790309906,0.4912898540496826,0.009773215278983116,0.23324742913246155,0.4186808466911316,0.0020271779503673315,0.23947526514530182,0.3725093901157379,-0.0109250508248806,0.24610677361488342,0.33351200819015503,-0.01992429792881012,0.19189774990081787,0.5013643503189087,0.00765362661331892,0.19405870139598846,0.44226691126823425,-0.016936691477894783,0.1886611431837082,0.47549083828926086,-0.03296545520424843,0.18481627106666565,0.5065464973449707,-0.03645647317171097,0.16383087635040283,0.5223620533943176,0.0033347266726195812,0.1595517098903656,0.47706592082977295,-0.021392393857240677,0.161037415266037,0.4956359267234802,-0.03243299946188927,0.16505341231822968,0.5188091397285461,-0.03565140441060066,0.0,0.0,0.0,0.0,0.0,0.0,0.0,0.0,0.0,0.0,0.0,0.0,0.0,0.0,0.0,0.0,0.0,0.0,0.0,0.0,0.0,0.0,0.0,0.0,0.0,0.0,0.0,0.0,0.0,0.0,0.0,0.0,0.0,0.0,0.0,0.0,0.0,0.0,0.0,0.0,0.0,0.0,0.0,0.0,0.0,0.0,0.0,0.0,0.0,0.0,0.0,0.0,0.0,0.0,0.0,0.0,0.0,0.0,0.0,0.0,0.0,0.0,0.0,う
0.1765369027853012,0.6852525472640991,3.941419208786101e-07,0.21434873342514038,0.6521098613739014,-0.029367569833993912,0.22889773547649384,0.5896732211112976,-0.03472284972667694,0.20921847224235535,0.5380920171737671,-0.03869738429784775,0.18549509346485138,0.49705982208251953,-0.04027954488992691,0.25230592489242554,0.5030440092086792,0.005251498892903328,0.2615762948989868,0.43662339448928833,0.0001653267245274037,0.26454561948776245,0.39491957426071167,-0.007626543287187815,0.2663819491863251,0.3580954372882843,-0.014713039621710777,0.22300368547439575,0.49173951148986816,0.008884703740477562,0.2339264303445816,0.41841691732406616,0.0008960328414104879,0.24043363332748413,0.3725056052207947,-0.011767792515456676,0.24688664078712463,0.3338963985443115,-0.020366190001368523,0.19237563014030457,0.501937210559845,0.007086770609021187,0.1946709007024765,0.4434491991996765,-0.017286360263824463,0.19034846127033234,0.47733843326568604,-0.03256228193640709,0.1872464418411255,0.5081276297569275,-0.03551502153277397,0.16427552700042725,0.5226397514343262,0.0030287730041891336,0.16033917665481567,0.47837457060813904,-0.020972898229956627,0.16152895987033844,0.49817368388175964,-0.03102545067667961,0.1651427149772644,0.5212406516075134,-0.03354991599917412,0.0,0.0,0.0,0.0,0.0,0.0,0.0,0.0,0.0,0.0,0.0,0.0,0.0,0.0,0.0,0.0,0.0,0.0,0.0,0.0,0.0,0.0,0.0,0.0,0.0,0.0,0.0,0.0,0.0,0.0,0.0,0.0,0.0,0.0,0.0,0.0,0.0,0.0,0.0,0.0,0.0,0.0,0.0,0.0,0.0,0.0,0.0,0.0,0.0,0.0,0.0,0.0,0.0,0.0,0.0,0.0,0.0,0.0,0.0,0.0,0.0,0.0,0.0,う
0.1762131303548813,0.6839423775672913,3.890838797815377e-07,0.21416501700878143,0.6509838700294495,-0.028403352946043015,0.2294415682554245,0.588550329208374,-0.03333176672458649,0.21005234122276306,0.5370078682899475,-0.03701742738485336,0.1857404112815857,0.4964480698108673,-0.038409557193517685,0.25225403904914856,0.5031226873397827,0.0046626063995063305,0.2611732482910156,0.43655258417129517,-0.0008834669715724885,0.26406481862068176,0.3949486017227173,-0.008586173877120018,0.265916109085083,0.35796019434928894,-0.015319569036364555,0.2231241762638092,0.49153590202331543,0.007716583553701639,0.23409166932106018,0.41688042879104614,-0.0005759214400313795,0.24071241915225983,0.37093454599380493,-0.012310070917010307,0.247109517455101,0.3326030969619751,-0.019777817651629448,0.1926605999469757,0.5014899373054504,0.005506179295480251,0.19466698169708252,0.4434598982334137,-0.01901104301214218,0.19088943302631378,0.4794986844062805,-0.03241247311234474,0.18832845985889435,0.510170578956604,-0.033608827739953995,0.16419388353824615,0.5219518542289734,0.0010950600262731314,0.1613149642944336,0.4765576720237732,-0.02220745012164116,0.16295219957828522,0.4988992512226105,-0.030084935948252678,0.1666772961616516,0.5237376689910889,-0.03075476363301277,0.0,0.0,0.0,0.0,0.0,0.0,0.0,0.0,0.0,0.0,0.0,0.0,0.0,0.0,0.0,0.0,0.0,0.0,0.0,0.0,0.0,0.0,0.0,0.0,0.0,0.0,0.0,0.0,0.0,0.0,0.0,0.0,0.0,0.0,0.0,0.0,0.0,0.0,0.0,0.0,0.0,0.0,0.0,0.0,0.0,0.0,0.0,0.0,0.0,0.0,0.0,0.0,0.0,0.0,0.0,0.0,0.0,0.0,0.0,0.0,0.0,0.0,0.0,う
0.17715564370155334,0.6848041415214539,3.826085333002993e-07,0.21349604427814484,0.650830864906311,-0.02914358302950859,0.2281218022108078,0.5867453813552856,-0.03324151039123535,0.2075205296278,0.5342437624931335,-0.035749755799770355,0.18240678310394287,0.49459871649742126,-0.03588347136974335,0.2521269619464874,0.5013498663902283,0.007241460494697094,0.26106539368629456,0.4340878129005432,0.003435622900724411,0.2640042304992676,0.39313095808029175,-0.0035441017244011164,0.26557013392448425,0.3569127023220062,-0.010022216476500034,0.22253651916980743,0.490276575088501,0.01122238952666521,0.23354017734527588,0.41565951704978943,0.004447824787348509,0.24013574421405792,0.37092918157577515,-0.007245129439979792,0.246172234416008,0.33357560634613037,-0.014868161641061306,0.19189628958702087,0.5011247396469116,0.00974247045814991,0.194596067070961,0.4426027238368988,-0.014000474475324154,0.1909690946340561,0.47799479961395264,-0.028527026996016502,0.18785728514194489,0.5075572729110718,-0.030669428408145905,0.16391070187091827,0.5226734280586243,0.00607495941221714,0.16191831231117249,0.4760098159313202,-0.017072070389986038,0.1632663756608963,0.49826568365097046,-0.025742223486304283,0.1663328856229782,0.5222428441047668,-0.027157921344041824,0.0,0.0,0.0,0.0,0.0,0.0,0.0,0.0,0.0,0.0,0.0,0.0,0.0,0.0,0.0,0.0,0.0,0.0,0.0,0.0,0.0,0.0,0.0,0.0,0.0,0.0,0.0,0.0,0.0,0.0,0.0,0.0,0.0,0.0,0.0,0.0,0.0,0.0,0.0,0.0,0.0,0.0,0.0,0.0,0.0,0.0,0.0,0.0,0.0,0.0,0.0,0.0,0.0,0.0,0.0,0.0,0.0,0.0,0.0,0.0,0.0,0.0,0.0,う
0.17771267890930176,0.6869102716445923,3.8393011436710367e-07,0.21361495554447174,0.6524131298065186,-0.0287161897867918,0.22870850563049316,0.5887652635574341,-0.03360273689031601,0.20852310955524445,0.5359846949577332,-0.03707257658243179,0.1837683469057083,0.4952453374862671,-0.03818914666771889,0.25262778997421265,0.5020005106925964,0.005431180354207754,0.26146891713142395,0.434530645608902,0.0004222397692501545,0.264316588640213,0.3932470381259918,-0.00722010200843215,0.26586681604385376,0.3567560315132141,-0.014035400934517384,0.22288838028907776,0.49129199981689453,0.008645244874060154,0.2339174747467041,0.41629287600517273,0.0009280413505621254,0.24040184915065765,0.3708783686161041,-0.010843119584023952,0.24623170495033264,0.3329489529132843,-0.01849566400051117,0.19211426377296448,0.5025929808616638,0.006542460061609745,0.1946202516555786,0.44276243448257446,-0.017489708960056305,0.19169524312019348,0.47734561562538147,-0.031186014413833618,0.1891166865825653,0.5069164037704468,-0.03287690132856369,0.1638392210006714,0.5244735479354858,0.00221424363553524,0.1611488163471222,0.4767143726348877,-0.021220890805125237,0.16349905729293823,0.49851423501968384,-0.02934577688574791,0.16772501170635223,0.5228081941604614,-0.030276015400886536,0.0,0.0,0.0,0.0,0.0,0.0,0.0,0.0,0.0,0.0,0.0,0.0,0.0,0.0,0.0,0.0,0.0,0.0,0.0,0.0,0.0,0.0,0.0,0.0,0.0,0.0,0.0,0.0,0.0,0.0,0.0,0.0,0.0,0.0,0.0,0.0,0.0,0.0,0.0,0.0,0.0,0.0,0.0,0.0,0.0,0.0,0.0,0.0,0.0,0.0,0.0,0.0,0.0,0.0,0.0,0.0,0.0,0.0,0.0,0.0,0.0,0.0,0.0,う
0.17743055522441864,0.6882182955741882,3.816817581991927e-07,0.21409162878990173,0.6548317074775696,-0.02843625470995903,0.22909332811832428,0.5905207991600037,-0.03283374384045601,0.20979633927345276,0.5373393893241882,-0.035869065672159195,0.18465599417686462,0.49701324105262756,-0.036486782133579254,0.25196194648742676,0.5034759044647217,0.006047212053090334,0.26087817549705505,0.43539664149284363,0.0013893259456381202,0.26374974846839905,0.3936179280281067,-0.006083181127905846,0.2651660740375519,0.3564433157444,-0.012920649722218513,0.22256073355674744,0.49219030141830444,0.009378751739859581,0.23326139152050018,0.41763395071029663,0.0018053135136142373,0.24002963304519653,0.3715529441833496,-0.00999521929770708,0.2458639144897461,0.33315348625183105,-0.017907677218317986,0.1919049471616745,0.5029094219207764,0.007400420494377613,0.19413328170776367,0.4429599642753601,-0.01649494282901287,0.19065451622009277,0.47771915793418884,-0.03035101108253002,0.18727172911167145,0.5080399513244629,-0.032297082245349884,0.1636272519826889,0.5244663953781128,0.003205803921446204,0.16177183389663696,0.4765811860561371,-0.02017998695373535,0.1637289822101593,0.49798694252967834,-0.028672926127910614,0.16699838638305664,0.5227603316307068,-0.030044127255678177,0.0,0.0,0.0,0.0,0.0,0.0,0.0,0.0,0.0,0.0,0.0,0.0,0.0,0.0,0.0,0.0,0.0,0.0,0.0,0.0,0.0,0.0,0.0,0.0,0.0,0.0,0.0,0.0,0.0,0.0,0.0,0.0,0.0,0.0,0.0,0.0,0.0,0.0,0.0,0.0,0.0,0.0,0.0,0.0,0.0,0.0,0.0,0.0,0.0,0.0,0.0,0.0,0.0,0.0,0.0,0.0,0.0,0.0,0.0,0.0,0.0,0.0,0.0,う
0.1776421219110489,0.6878992319107056,3.807718371717783e-07,0.21408842504024506,0.6541957855224609,-0.028224928304553032,0.22883391380310059,0.588782012462616,-0.032405249774456024,0.20783787965774536,0.5351421236991882,-0.03538305312395096,0.18150147795677185,0.4958430230617523,-0.03594920039176941,0.2520911395549774,0.5017728805541992,0.008380075916647911,0.2611875534057617,0.4346618354320526,0.00459880568087101,0.2642248272895813,0.3939034938812256,-0.0026618605479598045,0.2658447325229645,0.35763847827911377,-0.009622117504477501,0.2224738597869873,0.4907219409942627,0.011584156192839146,0.2331099510192871,0.41665011644363403,0.00473569193854928,0.23995983600616455,0.3718624711036682,-0.007419890258461237,0.2461569458246231,0.3334495425224304,-0.01582038216292858,0.1917026787996292,0.5016235113143921,0.009374063462018967,0.19505269825458527,0.44123023748397827,-0.0141454441472888,0.19171835482120514,0.47585994005203247,-0.028773268684744835,0.18802860379219055,0.5062011480331421,-0.0314406119287014,0.1634642779827118,0.5236425995826721,0.0049736532382667065,0.16198301315307617,0.47621482610702515,-0.018253695219755173,0.16356101632118225,0.4971693158149719,-0.02734394557774067,0.16614900529384613,0.5213068723678589,-0.029335230588912964,0.0,0.0,0.0,0.0,0.0,0.0,0.0,0.0,0.0,0.0,0.0,0.0,0.0,0.0,0.0,0.0,0.0,0.0,0.0,0.0,0.0,0.0,0.0,0.0,0.0,0.0,0.0,0.0,0.0,0.0,0.0,0.0,0.0,0.0,0.0,0.0,0.0,0.0,0.0,0.0,0.0,0.0,0.0,0.0,0.0,0.0,0.0,0.0,0.0,0.0,0.0,0.0,0.0,0.0,0.0,0.0,0.0,0.0,0.0,0.0,0.0,0.0,0.0,う
0.1779783070087433,0.6883018016815186,3.7359606608333706e-07,0.21433909237384796,0.6550683975219727,-0.027784617617726326,0.22945688664913177,0.5903214812278748,-0.03187919035553932,0.20896606147289276,0.5365946292877197,-0.03471735119819641,0.18345530331134796,0.4969369173049927,-0.03516758978366852,0.25231605768203735,0.5032368898391724,0.00640854611992836,0.26110750436782837,0.4356456398963928,0.001998312771320343,0.263907790184021,0.39433836936950684,-0.005258668679744005,0.2654353082180023,0.35757356882095337,-0.011973523534834385,0.22278404235839844,0.49214550852775574,0.009437608532607555,0.23351672291755676,0.41761142015457153,0.002240723231807351,0.2403980791568756,0.37220513820648193,-0.008998450823128223,0.24653944373130798,0.33425962924957275,-0.016519485041499138,0.1919213980436325,0.503099799156189,0.007229804061353207,0.19482196867465973,0.44226497411727905,-0.01622963137924671,0.19142943620681763,0.47724807262420654,-0.029124462977051735,0.1880744844675064,0.5075275897979736,-0.03048781491816044,0.16350145637989044,0.5248565077781677,0.002820370253175497,0.16162246465682983,0.4765613377094269,-0.02020896039903164,0.16337694227695465,0.4984408915042877,-0.02796502783894539,0.16638672351837158,0.5232133865356445,-0.028798211365938187,0.0,0.0,0.0,0.0,0.0,0.0,0.0,0.0,0.0,0.0,0.0,0.0,0.0,0.0,0.0,0.0,0.0,0.0,0.0,0.0,0.0,0.0,0.0,0.0,0.0,0.0,0.0,0.0,0.0,0.0,0.0,0.0,0.0,0.0,0.0,0.0,0.0,0.0,0.0,0.0,0.0,0.0,0.0,0.0,0.0,0.0,0.0,0.0,0.0,0.0,0.0,0.0,0.0,0.0,0.0,0.0,0.0,0.0,0.0,0.0,0.0,0.0,0.0,う
0.17767278850078583,0.6874083280563354,3.763047686788923e-07,0.21385955810546875,0.6529310941696167,-0.026852240785956383,0.228688046336174,0.5894244313240051,-0.031168900430202484,0.20929095149040222,0.536756694316864,-0.03452314808964729,0.18479205667972565,0.4958963096141815,-0.03562607243657112,0.251911461353302,0.5023179054260254,0.006107612047344446,0.2605432868003845,0.43508127331733704,0.001032124157063663,0.2634202241897583,0.3938647210597992,-0.006427479907870293,0.2650468945503235,0.35741081833839417,-0.01302624586969614,0.2224263846874237,0.491758793592453,0.008540055714547634,0.23384004831314087,0.4172790050506592,0.0008037535008043051,0.24038667976856232,0.37169766426086426,-0.010447250679135323,0.2463793158531189,0.3337875306606293,-0.01773749478161335,0.19184555113315582,0.5030112266540527,0.005830982234328985,0.19417418539524078,0.4423600435256958,-0.017955463379621506,0.1909540891647339,0.4766402542591095,-0.03081701509654522,0.1885451227426529,0.5067582130432129,-0.03199160471558571,0.16334591805934906,0.5250626802444458,0.0010209926404058933,0.1606779396533966,0.47669923305511475,-0.022129882127046585,0.16317693889141083,0.49866726994514465,-0.02968304604291916,0.16759678721427917,0.5243493914604187,-0.03017917275428772,0.0,0.0,0.0,0.0,0.0,0.0,0.0,0.0,0.0,0.0,0.0,0.0,0.0,0.0,0.0,0.0,0.0,0.0,0.0,0.0,0.0,0.0,0.0,0.0,0.0,0.0,0.0,0.0,0.0,0.0,0.0,0.0,0.0,0.0,0.0,0.0,0.0,0.0,0.0,0.0,0.0,0.0,0.0,0.0,0.0,0.0,0.0,0.0,0.0,0.0,0.0,0.0,0.0,0.0,0.0,0.0,0.0,0.0,0.0,0.0,0.0,0.0,0.0,う
0.17760534584522247,0.6862413883209229,3.7421085608002613e-07,0.21400311589241028,0.651750385761261,-0.026988578960299492,0.22903120517730713,0.587733805179596,-0.03145826980471611,0.20867787301540375,0.5352218151092529,-0.034975502640008926,0.1836681216955185,0.4954563081264496,-0.036283861845731735,0.25124818086624146,0.5008957982063293,0.0054432605393230915,0.2598955035209656,0.43426409363746643,-0.00023475423222407699,0.262747585773468,0.3931146264076233,-0.008081825450062752,0.2644048035144806,0.35657835006713867,-0.014938258565962315,0.2216673642396927,0.49053364992141724,0.007735641673207283,0.23249994218349457,0.41615769267082214,-0.0005086345481686294,0.23914700746536255,0.3707565665245056,-0.011680237017571926,0.24540266394615173,0.3329332172870636,-0.01887674629688263,0.1911027729511261,0.502149760723114,0.004881871864199638,0.19360031187534332,0.4423160254955292,-0.01911572553217411,0.1912120282649994,0.47790321707725525,-0.031116141006350517,0.18927936255931854,0.5086268186569214,-0.03166993707418442,0.16270187497138977,0.5245360732078552,-0.00015285954577848315,0.1605510413646698,0.4765270948410034,-0.023198075592517853,0.16317850351333618,0.49933093786239624,-0.029999757185578346,0.16732721030712128,0.5252355337142944,-0.029944026842713356,0.0,0.0,0.0,0.0,0.0,0.0,0.0,0.0,0.0,0.0,0.0,0.0,0.0,0.0,0.0,0.0,0.0,0.0,0.0,0.0,0.0,0.0,0.0,0.0,0.0,0.0,0.0,0.0,0.0,0.0,0.0,0.0,0.0,0.0,0.0,0.0,0.0,0.0,0.0,0.0,0.0,0.0,0.0,0.0,0.0,0.0,0.0,0.0,0.0,0.0,0.0,0.0,0.0,0.0,0.0,0.0,0.0,0.0,0.0,0.0,0.0,0.0,0.0,う
0.17696619033813477,0.6885045766830444,3.7621899195983133e-07,0.21381187438964844,0.6541698575019836,-0.026870891451835632,0.2284190058708191,0.5877859592437744,-0.03036331757903099,0.20801042020320892,0.5349860787391663,-0.032820917665958405,0.18219591677188873,0.49627619981765747,-0.03302483633160591,0.2509242594242096,0.5010772347450256,0.0073359450325369835,0.259867399930954,0.4346858561038971,0.003057665890082717,0.2628669738769531,0.39372918009757996,-0.004036657512187958,0.2645246982574463,0.35725539922714233,-0.010565253905951977,0.22151274979114532,0.49053695797920227,0.00994353462010622,0.23214974999427795,0.41662538051605225,0.0030151549726724625,0.23874340951442719,0.3712491989135742,-0.00770700816065073,0.2449716031551361,0.33317792415618896,-0.014710499905049801,0.19104132056236267,0.5024254322052002,0.007303441874682903,0.19304604828357697,0.4429578185081482,-0.016291320323944092,0.19022615253925323,0.4792894423007965,-0.028790030628442764,0.18811845779418945,0.5099948048591614,-0.029665928333997726,0.16273026168346405,0.5253788828849792,0.002527060220018029,0.15991345047950745,0.4768027663230896,-0.02070143073797226,0.1621619164943695,0.5006983876228333,-0.028007030487060547,0.16645081341266632,0.527616024017334,-0.028327422216534615,0.0,0.0,0.0,0.0,0.0,0.0,0.0,0.0,0.0,0.0,0.0,0.0,0.0,0.0,0.0,0.0,0.0,0.0,0.0,0.0,0.0,0.0,0.0,0.0,0.0,0.0,0.0,0.0,0.0,0.0,0.0,0.0,0.0,0.0,0.0,0.0,0.0,0.0,0.0,0.0,0.0,0.0,0.0,0.0,0.0,0.0,0.0,0.0,0.0,0.0,0.0,0.0,0.0,0.0,0.0,0.0,0.0,0.0,0.0,0.0,0.0,0.0,0.0,う
0.17769409716129303,0.687372088432312,3.7689386545025627e-07,0.2140335738658905,0.6532386541366577,-0.02630499377846718,0.228707954287529,0.5888894200325012,-0.03048114851117134,0.20850712060928345,0.5374802350997925,-0.03397703915834427,0.18308424949645996,0.49967822432518005,-0.03534945473074913,0.2506040930747986,0.5013417601585388,0.006106245331466198,0.2594880163669586,0.43496373295783997,0.0007138992077670991,0.26267382502555847,0.3939739763736725,-0.007064460311084986,0.26473096013069153,0.35754474997520447,-0.014017301611602306,0.22121819853782654,0.4909645617008209,0.007889808155596256,0.23214538395404816,0.41733425855636597,-0.0001464445813326165,0.2387058287858963,0.37182873487472534,-0.011462103575468063,0.24495209753513336,0.33361008763313293,-0.01892261579632759,0.19058923423290253,0.5027818083763123,0.004598540253937244,0.19305911660194397,0.4423835277557373,-0.01918673887848854,0.19028612971305847,0.47873106598854065,-0.031005073338747025,0.1881365180015564,0.5101768374443054,-0.03155701979994774,0.16200289130210876,0.525791347026825,-0.0008463843259960413,0.1593620479106903,0.47693338990211487,-0.02389450930058956,0.1618940532207489,0.5003319382667542,-0.030561085790395737,0.16611093282699585,0.5273153185844421,-0.03045511245727539,0.0,0.0,0.0,0.0,0.0,0.0,0.0,0.0,0.0,0.0,0.0,0.0,0.0,0.0,0.0,0.0,0.0,0.0,0.0,0.0,0.0,0.0,0.0,0.0,0.0,0.0,0.0,0.0,0.0,0.0,0.0,0.0,0.0,0.0,0.0,0.0,0.0,0.0,0.0,0.0,0.0,0.0,0.0,0.0,0.0,0.0,0.0,0.0,0.0,0.0,0.0,0.0,0.0,0.0,0.0,0.0,0.0,0.0,0.0,0.0,0.0,0.0,0.0,う
0.176558718085289,0.686911940574646,3.809021222878073e-07,0.2138199359178543,0.6541057825088501,-0.026120532304048538,0.2291979193687439,0.5897406935691833,-0.03039207123219967,0.20970405638217926,0.537561297416687,-0.0339931845664978,0.18430492281913757,0.49979084730148315,-0.03545699268579483,0.2503114938735962,0.5019838213920593,0.005059774033725262,0.2594517171382904,0.434902548789978,-0.0009403887670487165,0.2628321349620819,0.3932107388973236,-0.00878577958792448,0.2648901045322418,0.35663798451423645,-0.015596594661474228,0.22102351486682892,0.4915018081665039,0.006744187790900469,0.23190319538116455,0.4172002673149109,-0.002007870003581047,0.23849788308143616,0.3704479932785034,-0.013278399594128132,0.24455446004867554,0.3321184813976288,-0.02055537700653076,0.19072318077087402,0.5028599500656128,0.0034131810534745455,0.19285625219345093,0.442643404006958,-0.02058471366763115,0.1898770034313202,0.47808995842933655,-0.032100237905979156,0.18765193223953247,0.5092068910598755,-0.03240610659122467,0.16222378611564636,0.5250234603881836,-0.0020712735131382942,0.1600460410118103,0.47687411308288574,-0.024960143491625786,0.16258364915847778,0.5000776648521423,-0.03140446916222572,0.16664394736289978,0.5269489288330078,-0.031163446605205536,0.0,0.0,0.0,0.0,0.0,0.0,0.0,0.0,0.0,0.0,0.0,0.0,0.0,0.0,0.0,0.0,0.0,0.0,0.0,0.0,0.0,0.0,0.0,0.0,0.0,0.0,0.0,0.0,0.0,0.0,0.0,0.0,0.0,0.0,0.0,0.0,0.0,0.0,0.0,0.0,0.0,0.0,0.0,0.0,0.0,0.0,0.0,0.0,0.0,0.0,0.0,0.0,0.0,0.0,0.0,0.0,0.0,0.0,0.0,0.0,0.0,0.0,0.0,う
0.1775362342596054,0.6878841519355774,3.841227851353324e-07,0.21368339657783508,0.6550107002258301,-0.028077570721507072,0.22869212925434113,0.5896257162094116,-0.03248468413949013,0.20871859788894653,0.5379835367202759,-0.03573107719421387,0.1834271252155304,0.4985450804233551,-0.036642055958509445,0.2510177791118622,0.5014638304710388,0.005787990055978298,0.25930386781692505,0.4344524145126343,0.0010539344511926174,0.26206254959106445,0.3933117985725403,-0.006591211073100567,0.26379114389419556,0.3564198911190033,-0.013707611709833145,0.2218465805053711,0.49052661657333374,0.008712146431207657,0.23233897984027863,0.41692912578582764,0.0012873944360762835,0.2386583685874939,0.371441125869751,-0.010517431423068047,0.24481403827667236,0.3330093026161194,-0.018679320812225342,0.19110515713691711,0.5015232563018799,0.006357487291097641,0.1942669302225113,0.441434770822525,-0.017156679183244705,0.1903236359357834,0.47724929451942444,-0.03052271343767643,0.1869756132364273,0.5085868835449219,-0.032424330711364746,0.16281664371490479,0.5230290293693542,0.001734034507535398,0.161178857088089,0.4768291115760803,-0.021512635052204132,0.1624903678894043,0.49950605630874634,-0.029853448271751404,0.16530388593673706,0.5247966647148132,-0.03125498443841934,0.0,0.0,0.0,0.0,0.0,0.0,0.0,0.0,0.0,0.0,0.0,0.0,0.0,0.0,0.0,0.0,0.0,0.0,0.0,0.0,0.0,0.0,0.0,0.0,0.0,0.0,0.0,0.0,0.0,0.0,0.0,0.0,0.0,0.0,0.0,0.0,0.0,0.0,0.0,0.0,0.0,0.0,0.0,0.0,0.0,0.0,0.0,0.0,0.0,0.0,0.0,0.0,0.0,0.0,0.0,0.0,0.0,0.0,0.0,0.0,0.0,0.0,0.0,う
0.17814791202545166,0.6874771118164062,3.7764320381938887e-07,0.21363800764083862,0.6532843112945557,-0.028703125193715096,0.22815577685832977,0.5899980068206787,-0.033355291932821274,0.208212211728096,0.5382803082466125,-0.036655738949775696,0.18385863304138184,0.49775129556655884,-0.03774797543883324,0.25087088346481323,0.5016019940376282,0.005199292674660683,0.2588813602924347,0.434356153011322,0.00046466654748655856,0.26165658235549927,0.39330509305000305,-0.007275193464010954,0.2634871304035187,0.3568918704986572,-0.01428388524800539,0.2214832752943039,0.49169087409973145,0.008591793477535248,0.23209995031356812,0.41746431589126587,0.0013719034614041448,0.23822452127933502,0.3718917965888977,-0.010417427867650986,0.24417956173419952,0.3338203430175781,-0.01842639222741127,0.19089668989181519,0.503475546836853,0.006697120610624552,0.19363828003406525,0.4427308738231659,-0.01659681461751461,0.18958759307861328,0.4770543873310089,-0.030201544985175133,0.18648745119571686,0.5064677596092224,-0.0322691909968853,0.16278067231178284,0.525861382484436,0.002551764016970992,0.16067063808441162,0.4766286015510559,-0.020436488091945648,0.16174879670143127,0.4997256100177765,-0.028341583907604218,0.1646658182144165,0.525507390499115,-0.029395028948783875,0.0,0.0,0.0,0.0,0.0,0.0,0.0,0.0,0.0,0.0,0.0,0.0,0.0,0.0,0.0,0.0,0.0,0.0,0.0,0.0,0.0,0.0,0.0,0.0,0.0,0.0,0.0,0.0,0.0,0.0,0.0,0.0,0.0,0.0,0.0,0.0,0.0,0.0,0.0,0.0,0.0,0.0,0.0,0.0,0.0,0.0,0.0,0.0,0.0,0.0,0.0,0.0,0.0,0.0,0.0,0.0,0.0,0.0,0.0,0.0,0.0,0.0,0.0,う
0.17781229317188263,0.6894733905792236,3.75868324908879e-07,0.21404704451560974,0.6560255885124207,-0.028351886197924614,0.2288724035024643,0.5913932919502258,-0.0328720286488533,0.20867440104484558,0.5381680130958557,-0.03597608953714371,0.18371990323066711,0.4979919195175171,-0.03667823225259781,0.25122299790382385,0.5032949447631836,0.005235735792666674,0.2595887780189514,0.43505722284317017,0.0006155541050247848,0.26228129863739014,0.39372166991233826,-0.0067168124951422215,0.263881117105484,0.3570827543735504,-0.013334807939827442,0.22203636169433594,0.49228063225746155,0.008672338910400867,0.23275692760944366,0.4175227880477905,0.0015372190391644835,0.23903875052928925,0.371677428483963,-0.009661023505032063,0.2447190284729004,0.333598792552948,-0.017073938623070717,0.19196203351020813,0.5031822919845581,0.006889773532748222,0.19350560009479523,0.4434957504272461,-0.01585032232105732,0.18983368575572968,0.4782252311706543,-0.028441661968827248,0.18707536160945892,0.5078794956207275,-0.029738150537014008,0.16437488794326782,0.5247812271118164,0.0028310876805335283,0.1612553745508194,0.4764072299003601,-0.019147474318742752,0.16259971261024475,0.4995839297771454,-0.026194550096988678,0.16600754857063293,0.5253934860229492,-0.026622263714671135,0.0,0.0,0.0,0.0,0.0,0.0,0.0,0.0,0.0,0.0,0.0,0.0,0.0,0.0,0.0,0.0,0.0,0.0,0.0,0.0,0.0,0.0,0.0,0.0,0.0,0.0,0.0,0.0,0.0,0.0,0.0,0.0,0.0,0.0,0.0,0.0,0.0,0.0,0.0,0.0,0.0,0.0,0.0,0.0,0.0,0.0,0.0,0.0,0.0,0.0,0.0,0.0,0.0,0.0,0.0,0.0,0.0,0.0,0.0,0.0,0.0,0.0,0.0,う
0.17739908397197723,0.6864381432533264,3.7755839343844855e-07,0.21299844980239868,0.6513988971710205,-0.027937114238739014,0.22853809595108032,0.5854867696762085,-0.03189573809504509,0.20664040744304657,0.5314937233924866,-0.0342002809047699,0.17968426644802094,0.4945584833621979,-0.03391745686531067,0.25214892625808716,0.5014351010322571,0.008025814779102802,0.26088008284568787,0.43306469917297363,0.004499526694417,0.2631513476371765,0.3924332857131958,-0.0019322485895827413,0.2638961970806122,0.35639438033103943,-0.0076409378089010715,0.22272832691669464,0.4903196394443512,0.012120993807911873,0.23410861194133759,0.41564175486564636,0.006248379126191139,0.24025821685791016,0.3708702325820923,-0.0032238257117569447,0.2448885291814804,0.3340610861778259,-0.008891274221241474,0.19290317595005035,0.5002224445343018,0.010848118923604488,0.194851353764534,0.4419558644294739,-0.010951441712677479,0.19095326960086823,0.4773657023906708,-0.022180229425430298,0.18756210803985596,0.5067678689956665,-0.022098369896411896,0.16574807465076447,0.5201634168624878,0.007300212047994137,0.16405990719795227,0.47486212849617004,-0.013474373146891594,0.16357192397117615,0.4982253611087799,-0.019222725182771683,0.1648961901664734,0.5221161842346191,-0.018454931676387787,0.0,0.0,0.0,0.0,0.0,0.0,0.0,0.0,0.0,0.0,0.0,0.0,0.0,0.0,0.0,0.0,0.0,0.0,0.0,0.0,0.0,0.0,0.0,0.0,0.0,0.0,0.0,0.0,0.0,0.0,0.0,0.0,0.0,0.0,0.0,0.0,0.0,0.0,0.0,0.0,0.0,0.0,0.0,0.0,0.0,0.0,0.0,0.0,0.0,0.0,0.0,0.0,0.0,0.0,0.0,0.0,0.0,0.0,0.0,0.0,0.0,0.0,0.0,う
0.1762913316488266,0.6868320107460022,3.633186338447558e-07,0.2132200300693512,0.6528818011283875,-0.02686547487974167,0.22921690344810486,0.5843537449836731,-0.02991730161011219,0.20645809173583984,0.5306435823440552,-0.031194906681776047,0.1788463145494461,0.4954735338687897,-0.029829364269971848,0.2529686987400055,0.5021151304244995,0.008758836425840855,0.261318564414978,0.43282657861709595,0.005944348871707916,0.2631492614746094,0.3921051621437073,0.0004413518763612956,0.2637144923210144,0.3563944101333618,-0.004516762215644121,0.22421656548976898,0.49026933312416077,0.01276723574846983,0.23484982550144196,0.41455817222595215,0.007395289838314056,0.2404407411813736,0.3693819046020508,-0.0014163947198539972,0.24520595371723175,0.33254289627075195,-0.006372086703777313,0.19498080015182495,0.498943954706192,0.011551395989954472,0.19518275558948517,0.44298505783081055,-0.01004481315612793,0.19175946712493896,0.47897565364837646,-0.021266546100378036,0.18993297219276428,0.5079442858695984,-0.021100129932165146,0.16806122660636902,0.5172960162162781,0.008212171494960785,0.16349032521247864,0.4774441719055176,-0.01277973037213087,0.16280925273895264,0.5036875605583191,-0.01880279928445816,0.16553884744644165,0.5277000665664673,-0.018115481361746788,0.0,0.0,0.0,0.0,0.0,0.0,0.0,0.0,0.0,0.0,0.0,0.0,0.0,0.0,0.0,0.0,0.0,0.0,0.0,0.0,0.0,0.0,0.0,0.0,0.0,0.0,0.0,0.0,0.0,0.0,0.0,0.0,0.0,0.0,0.0,0.0,0.0,0.0,0.0,0.0,0.0,0.0,0.0,0.0,0.0,0.0,0.0,0.0,0.0,0.0,0.0,0.0,0.0,0.0,0.0,0.0,0.0,0.0,0.0,0.0,0.0,0.0,0.0,う
0.1769832968711853,0.6845601797103882,3.668365309295041e-07,0.21403768658638,0.6520618200302124,-0.026478484272956848,0.23027779161930084,0.5856176614761353,-0.029950086027383804,0.20765528082847595,0.5322980284690857,-0.03201492875814438,0.18127110600471497,0.49547702074050903,-0.0315210185945034,0.2528684437274933,0.5028668642044067,0.0076836105436086655,0.2616308927536011,0.433879017829895,0.003819588804617524,0.2638017535209656,0.3928377628326416,-0.002173478016629815,0.2648279666900635,0.3570452332496643,-0.0073868343606591225,0.22412706911563873,0.49133291840553284,0.011031215079128742,0.2353706657886505,0.41522374749183655,0.004400883335620165,0.24138058722019196,0.36968982219696045,-0.005126473493874073,0.24667303264141083,0.3327646851539612,-0.010600750334560871,0.19482293725013733,0.5002639293670654,0.0092552425339818,0.195790633559227,0.44341665506362915,-0.01334255188703537,0.1919255405664444,0.4800422191619873,-0.024439651519060135,0.18958398699760437,0.5102258920669556,-0.024052530527114868,0.16776534914970398,0.5189090967178345,0.005402298178523779,0.16346266865730286,0.47740161418914795,-0.015983201563358307,0.16288112103939056,0.5021184086799622,-0.02191111259162426,0.16528743505477905,0.5259198546409607,-0.021133439615368843,0.0,0.0,0.0,0.0,0.0,0.0,0.0,0.0,0.0,0.0,0.0,0.0,0.0,0.0,0.0,0.0,0.0,0.0,0.0,0.0,0.0,0.0,0.0,0.0,0.0,0.0,0.0,0.0,0.0,0.0,0.0,0.0,0.0,0.0,0.0,0.0,0.0,0.0,0.0,0.0,0.0,0.0,0.0,0.0,0.0,0.0,0.0,0.0,0.0,0.0,0.0,0.0,0.0,0.0,0.0,0.0,0.0,0.0,0.0,0.0,0.0,0.0,0.0,う
0.17608411610126495,0.6847466826438904,3.809464601545187e-07,0.2137862890958786,0.651784360408783,-0.027340896427631378,0.2293291687965393,0.5859380960464478,-0.03221308812499046,0.2077343910932541,0.5339173674583435,-0.03591279312968254,0.1813412308692932,0.4970402121543884,-0.03719273582100868,0.2510547339916229,0.5033165812492371,0.004379480145871639,0.26003363728523254,0.4355992376804352,-0.0020635162945836782,0.2626018822193146,0.3927296996116638,-0.009880425408482552,0.2642672061920166,0.3558034896850586,-0.016438130289316177,0.22136138379573822,0.4923543632030487,0.006905113346874714,0.23073884844779968,0.4178886413574219,-0.0029026647098362446,0.23674041032791138,0.37035977840423584,-0.01504263561218977,0.24254941940307617,0.3314078450202942,-0.022556951269507408,0.19112278521060944,0.5022304654121399,0.004327401053160429,0.191724494099617,0.4444899260997772,-0.021485833451151848,0.18903014063835144,0.4802455008029938,-0.03472544625401497,0.1869611293077469,0.5129451751708984,-0.03542492911219597,0.16368253529071808,0.5218397378921509,-0.00029723765328526497,0.15883269906044006,0.4773533344268799,-0.024372922256588936,0.16109678149223328,0.49629104137420654,-0.03245345875620842,0.1651868224143982,0.5188460946083069,-0.03303420543670654,0.0,0.0,0.0,0.0,0.0,0.0,0.0,0.0,0.0,0.0,0.0,0.0,0.0,0.0,0.0,0.0,0.0,0.0,0.0,0.0,0.0,0.0,0.0,0.0,0.0,0.0,0.0,0.0,0.0,0.0,0.0,0.0,0.0,0.0,0.0,0.0,0.0,0.0,0.0,0.0,0.0,0.0,0.0,0.0,0.0,0.0,0.0,0.0,0.0,0.0,0.0,0.0,0.0,0.0,0.0,0.0,0.0,0.0,0.0,0.0,0.0,0.0,0.0,う
0.17600896954536438,0.6846933364868164,3.8587188555538887e-07,0.21382290124893188,0.6527302265167236,-0.027924634516239166,0.22876352071762085,0.5872796177864075,-0.03330599144101143,0.20837251842021942,0.5352360606193542,-0.03751906752586365,0.18293817341327667,0.49678224325180054,-0.039465729147195816,0.25086939334869385,0.5022735595703125,0.0028212463948875666,0.2587962746620178,0.43543386459350586,-0.004225093871355057,0.26162850856781006,0.3929697871208191,-0.012551789171993732,0.26372116804122925,0.35634177923202515,-0.019488399848341942,0.22116941213607788,0.4912509024143219,0.005309591069817543,0.23068144917488098,0.4162088930606842,-0.004541078582406044,0.23695704340934753,0.3690757155418396,-0.016534822061657906,0.2431865632534027,0.33134838938713074,-0.024021269753575325,0.19067980349063873,0.5014438629150391,0.0026575024239718914,0.19219659268856049,0.44277143478393555,-0.023079898208379745,0.1894189864397049,0.47695302963256836,-0.03634116053581238,0.1874595433473587,0.5088149905204773,-0.03725067898631096,0.16257256269454956,0.5219078063964844,-0.002135426504537463,0.15879333019256592,0.47638556361198425,-0.026570891961455345,0.16160492599010468,0.49556612968444824,-0.03482061251997948,0.16638629138469696,0.5189450979232788,-0.035533808171749115,0.0,0.0,0.0,0.0,0.0,0.0,0.0,0.0,0.0,0.0,0.0,0.0,0.0,0.0,0.0,0.0,0.0,0.0,0.0,0.0,0.0,0.0,0.0,0.0,0.0,0.0,0.0,0.0,0.0,0.0,0.0,0.0,0.0,0.0,0.0,0.0,0.0,0.0,0.0,0.0,0.0,0.0,0.0,0.0,0.0,0.0,0.0,0.0,0.0,0.0,0.0,0.0,0.0,0.0,0.0,0.0,0.0,0.0,0.0,0.0,0.0,0.0,0.0,う
0.17599666118621826,0.6850786209106445,3.8390007262023573e-07,0.21305091679096222,0.6522225141525269,-0.027722986415028572,0.22740717232227325,0.5860181450843811,-0.03174217790365219,0.2063007801771164,0.5336189270019531,-0.03446599468588829,0.1797523945569992,0.4977717101573944,-0.03491021692752838,0.24969133734703064,0.501593291759491,0.00553273456171155,0.2580927610397339,0.43519118428230286,0.0005872531910426915,0.2608973979949951,0.3942650854587555,-0.006775130983442068,0.2623680531978607,0.35778898000717163,-0.013537274673581123,0.22032399475574493,0.4905296564102173,0.008497104048728943,0.23059573769569397,0.415405809879303,0.0005819657817482948,0.23677077889442444,0.36931079626083374,-0.011014462448656559,0.24230843782424927,0.33108043670654297,-0.018613746389746666,0.1899881362915039,0.5017189383506775,0.0062717110849916935,0.19065149128437042,0.4413703978061676,-0.018154116347432137,0.18728086352348328,0.4762530028820038,-0.03188478946685791,0.18479208648204803,0.5077720880508423,-0.03345261141657829,0.16208048164844513,0.5235934257507324,0.0019188127480447292,0.15823939442634583,0.4773019552230835,-0.0220748670399189,0.16039127111434937,0.49752962589263916,-0.030841754749417305,0.16464270651340485,0.5215402841567993,-0.032215703278779984,0.0,0.0,0.0,0.0,0.0,0.0,0.0,0.0,0.0,0.0,0.0,0.0,0.0,0.0,0.0,0.0,0.0,0.0,0.0,0.0,0.0,0.0,0.0,0.0,0.0,0.0,0.0,0.0,0.0,0.0,0.0,0.0,0.0,0.0,0.0,0.0,0.0,0.0,0.0,0.0,0.0,0.0,0.0,0.0,0.0,0.0,0.0,0.0,0.0,0.0,0.0,0.0,0.0,0.0,0.0,0.0,0.0,0.0,0.0,0.0,0.0,0.0,0.0,う
0.176496684551239,0.6864615678787231,3.9202379298330925e-07,0.21324977278709412,0.6544564962387085,-0.02908645197749138,0.22833193838596344,0.5902932286262512,-0.034414105117321014,0.2084609568119049,0.5370690226554871,-0.03823979198932648,0.183794766664505,0.4969996511936188,-0.03976759314537048,0.25008293986320496,0.50187748670578,0.0022492115385830402,0.2580987513065338,0.43495118618011475,-0.003907165955752134,0.26107650995254517,0.3923882246017456,-0.011765718460083008,0.2626855671405792,0.35561496019363403,-0.018416328355669975,0.2206854373216629,0.4915960431098938,0.005550431087613106,0.23067231476306915,0.4166032671928406,-0.002975472714751959,0.2368023544549942,0.3693331480026245,-0.014307504519820213,0.24234580993652344,0.33185866475105286,-0.021469082683324814,0.19043400883674622,0.5032442212104797,0.003614966291934252,0.19118401408195496,0.4443628191947937,-0.02115660160779953,0.18732164800167084,0.4772454798221588,-0.03452841192483902,0.18456803262233734,0.5076028108596802,-0.03573830798268318,0.16200736165046692,0.5251990556716919,-0.0005874770577065647,0.15757398307323456,0.47634100914001465,-0.024725183844566345,0.1601555049419403,0.4965082108974457,-0.03298681601881981,0.16514673829078674,0.5219603776931763,-0.03376178815960884,0.0,0.0,0.0,0.0,0.0,0.0,0.0,0.0,0.0,0.0,0.0,0.0,0.0,0.0,0.0,0.0,0.0,0.0,0.0,0.0,0.0,0.0,0.0,0.0,0.0,0.0,0.0,0.0,0.0,0.0,0.0,0.0,0.0,0.0,0.0,0.0,0.0,0.0,0.0,0.0,0.0,0.0,0.0,0.0,0.0,0.0,0.0,0.0,0.0,0.0,0.0,0.0,0.0,0.0,0.0,0.0,0.0,0.0,0.0,0.0,0.0,0.0,0.0,う
0.17623001337051392,0.6883724331855774,3.7546240605479397e-07,0.2131635993719101,0.655194103717804,-0.028512172400951385,0.22791250050067902,0.5883609652519226,-0.03292417898774147,0.20663653314113617,0.5351391434669495,-0.035926882177591324,0.1803101897239685,0.4965488314628601,-0.03659489378333092,0.24984708428382874,0.5011206865310669,0.00429845554754138,0.25827327370643616,0.4340798854827881,-0.0008889748132787645,0.2611002027988434,0.39250946044921875,-0.008332966826856136,0.26269614696502686,0.3558834195137024,-0.01502889022231102,0.22021695971488953,0.4909043312072754,0.0074686165899038315,0.23006847500801086,0.4160133898258209,-0.0004551992460619658,0.2362707257270813,0.36963391304016113,-0.011634990572929382,0.24178868532180786,0.331508994102478,-0.018993442878127098,0.18984562158584595,0.502784013748169,0.00533524202182889,0.19154536724090576,0.4416864216327667,-0.01931695267558098,0.18785415589809418,0.47609758377075195,-0.032684434205293655,0.18450698256492615,0.5068320631980896,-0.03403918445110321,0.161950021982193,0.5250719785690308,0.0009785674046725035,0.15896882116794586,0.47483697533607483,-0.023386677727103233,0.16168496012687683,0.49591127038002014,-0.03190505504608154,0.16603374481201172,0.5219699144363403,-0.033035777509212494,0.0,0.0,0.0,0.0,0.0,0.0,0.0,0.0,0.0,0.0,0.0,0.0,0.0,0.0,0.0,0.0,0.0,0.0,0.0,0.0,0.0,0.0,0.0,0.0,0.0,0.0,0.0,0.0,0.0,0.0,0.0,0.0,0.0,0.0,0.0,0.0,0.0,0.0,0.0,0.0,0.0,0.0,0.0,0.0,0.0,0.0,0.0,0.0,0.0,0.0,0.0,0.0,0.0,0.0,0.0,0.0,0.0,0.0,0.0,0.0,0.0,0.0,0.0,う
0.1764640063047409,0.6877509951591492,3.7398677932287683e-07,0.21294663846492767,0.6540898084640503,-0.028394898399710655,0.2275814414024353,0.5878630876541138,-0.032580647617578506,0.20675888657569885,0.534490168094635,-0.035356685519218445,0.18100795149803162,0.4959549605846405,-0.035753581672906876,0.25016066431999207,0.5019991397857666,0.005293560214340687,0.258325457572937,0.43432337045669556,0.0007569437148049474,0.2607377767562866,0.392975389957428,-0.006517026107758284,0.2621316611766815,0.3560447096824646,-0.013247286900877953,0.22073103487491608,0.49122753739356995,0.008682314306497574,0.23086373507976532,0.41600003838539124,0.001531787682324648,0.2366931438446045,0.3695574402809143,-0.009833802469074726,0.24213245511054993,0.3308093547821045,-0.017556214705109596,0.19046524167060852,0.5025015473365784,0.0068153562024235725,0.19160638749599457,0.4414926767349243,-0.016528552398085594,0.1881255954504013,0.47536519169807434,-0.030084380879998207,0.1854223608970642,0.5057814717292786,-0.03199746087193489,0.16259121894836426,0.5242583751678467,0.0026953709311783314,0.15872792899608612,0.4757641851902008,-0.02035321295261383,0.16078171133995056,0.49708759784698486,-0.02872927486896515,0.1649208962917328,0.5226315259933472,-0.030103402212262154,0.0,0.0,0.0,0.0,0.0,0.0,0.0,0.0,0.0,0.0,0.0,0.0,0.0,0.0,0.0,0.0,0.0,0.0,0.0,0.0,0.0,0.0,0.0,0.0,0.0,0.0,0.0,0.0,0.0,0.0,0.0,0.0,0.0,0.0,0.0,0.0,0.0,0.0,0.0,0.0,0.0,0.0,0.0,0.0,0.0,0.0,0.0,0.0,0.0,0.0,0.0,0.0,0.0,0.0,0.0,0.0,0.0,0.0,0.0,0.0,0.0,0.0,0.0,う
0.17615878582000732,0.6861779689788818,3.746981462882104e-07,0.2126690298318863,0.6530851125717163,-0.0278319139033556,0.22670522332191467,0.5876548886299133,-0.032273873686790466,0.20622268319129944,0.535402238368988,-0.03561921790242195,0.18130390346050262,0.495749831199646,-0.03682053089141846,0.249776229262352,0.5012369751930237,0.004578942432999611,0.25775694847106934,0.4340097904205322,-0.0010555305052548647,0.26032930612564087,0.39217209815979004,-0.00885664951056242,0.2617325186729431,0.35525983572006226,-0.01568971760571003,0.2202771157026291,0.49068188667297363,0.007312479428946972,0.23075565695762634,0.4158105254173279,-0.001048393896780908,0.23634807765483856,0.36924830079078674,-0.012793050147593021,0.24170823395252228,0.3309146463871002,-0.020407220348715782,0.1898869276046753,0.50223308801651,0.004862579051405191,0.19117310643196106,0.4418558180332184,-0.019711729139089584,0.18650168180465698,0.47705209255218506,-0.032906413078308105,0.18330365419387817,0.5078956484794617,-0.03413258492946625,0.1617647409439087,0.5247894525527954,0.00026817515026777983,0.15787635743618011,0.4749736785888672,-0.023471767082810402,0.15918868780136108,0.49785566329956055,-0.03117545321583748,0.16289685666561127,0.5247159004211426,-0.03174309805035591,0.0,0.0,0.0,0.0,0.0,0.0,0.0,0.0,0.0,0.0,0.0,0.0,0.0,0.0,0.0,0.0,0.0,0.0,0.0,0.0,0.0,0.0,0.0,0.0,0.0,0.0,0.0,0.0,0.0,0.0,0.0,0.0,0.0,0.0,0.0,0.0,0.0,0.0,0.0,0.0,0.0,0.0,0.0,0.0,0.0,0.0,0.0,0.0,0.0,0.0,0.0,0.0,0.0,0.0,0.0,0.0,0.0,0.0,0.0,0.0,0.0,0.0,0.0,う
0.17634156346321106,0.6866181492805481,3.7430567090268596e-07,0.21268737316131592,0.6532641053199768,-0.027535462751984596,0.2267739325761795,0.588080644607544,-0.031342342495918274,0.20732133090496063,0.5358144640922546,-0.034133460372686386,0.18242162466049194,0.49655455350875854,-0.03475860133767128,0.24944984912872314,0.5006657838821411,0.006840715184807777,0.2577389180660248,0.4334798753261566,0.002438628813251853,0.2604299783706665,0.39223337173461914,-0.004933478776365519,0.26189935207366943,0.35558414459228516,-0.011687149293720722,0.2199949473142624,0.48989394307136536,0.00969256553798914,0.23076415061950684,0.4155246913433075,0.0025932914577424526,0.23655790090560913,0.3695765733718872,-0.009222906082868576,0.24203826487064362,0.33109748363494873,-0.0171186700463295,0.18948441743850708,0.501469075679779,0.0073136016726493835,0.19100914895534515,0.4416036009788513,-0.016264380887150764,0.18681861460208893,0.47644227743148804,-0.030306706205010414,0.18391893804073334,0.507131814956665,-0.03232558071613312,0.16149045526981354,0.5243974328041077,0.0028114288579672575,0.15770606696605682,0.47470623254776,-0.020312370732426643,0.1593206226825714,0.4967029094696045,-0.02859795279800892,0.16345974802970886,0.5232422947883606,-0.029762009158730507,0.0,0.0,0.0,0.0,0.0,0.0,0.0,0.0,0.0,0.0,0.0,0.0,0.0,0.0,0.0,0.0,0.0,0.0,0.0,0.0,0.0,0.0,0.0,0.0,0.0,0.0,0.0,0.0,0.0,0.0,0.0,0.0,0.0,0.0,0.0,0.0,0.0,0.0,0.0,0.0,0.0,0.0,0.0,0.0,0.0,0.0,0.0,0.0,0.0,0.0,0.0,0.0,0.0,0.0,0.0,0.0,0.0,0.0,0.0,0.0,0.0,0.0,0.0,う
0.17644672095775604,0.6858853101730347,3.726470652054559e-07,0.21303485333919525,0.6525084972381592,-0.02810080535709858,0.22702711820602417,0.5882441997528076,-0.03256266564130783,0.20572075247764587,0.5359098315238953,-0.03581424057483673,0.18083766102790833,0.4958121180534363,-0.03685527667403221,0.24952174723148346,0.5016812086105347,0.0051121492870152,0.257745623588562,0.43382444977760315,8.206935308407992e-05,0.26025477051734924,0.3921770453453064,-0.00752551294863224,0.26178884506225586,0.3552247881889343,-0.014370552264153957,0.21998991072177887,0.49110668897628784,0.008168831467628479,0.23035617172718048,0.41612178087234497,0.0004252866201568395,0.23624658584594727,0.3701755106449127,-0.011533472687005997,0.24195313453674316,0.3314287066459656,-0.019522208720445633,0.18946649134159088,0.5022989511489868,0.006063937209546566,0.19151189923286438,0.4416263699531555,-0.017742052674293518,0.18819186091423035,0.4768105447292328,-0.031226573511958122,0.18550574779510498,0.5074344873428345,-0.032919082790613174,0.16150256991386414,0.5241144895553589,0.001802874612621963,0.15823496878147125,0.47464627027511597,-0.021175624802708626,0.16009417176246643,0.4972298741340637,-0.028904687613248825,0.1636563539505005,0.5232364535331726,-0.029722876846790314,0.0,0.0,0.0,0.0,0.0,0.0,0.0,0.0,0.0,0.0,0.0,0.0,0.0,0.0,0.0,0.0,0.0,0.0,0.0,0.0,0.0,0.0,0.0,0.0,0.0,0.0,0.0,0.0,0.0,0.0,0.0,0.0,0.0,0.0,0.0,0.0,0.0,0.0,0.0,0.0,0.0,0.0,0.0,0.0,0.0,0.0,0.0,0.0,0.0,0.0,0.0,0.0,0.0,0.0,0.0,0.0,0.0,0.0,0.0,0.0,0.0,0.0,0.0,う
0.1766454577445984,0.6851794123649597,3.6665926472778665e-07,0.21342416107654572,0.6520909070968628,-0.02628496289253235,0.22744083404541016,0.5880104899406433,-0.030360456556081772,0.20680364966392517,0.5361998677253723,-0.033770911395549774,0.18188677728176117,0.4969627261161804,-0.03518360108137131,0.24922186136245728,0.5017727017402649,0.005619511939585209,0.25768038630485535,0.4348895847797394,-3.50473310390953e-05,0.26033616065979004,0.3933972120285034,-0.007816321216523647,0.26193541288375854,0.3567046821117401,-0.01467826310545206,0.21967166662216187,0.4908897280693054,0.007504873909056187,0.23025187849998474,0.4167780578136444,-0.0009639124036766589,0.23583492636680603,0.370237797498703,-0.012950954958796501,0.24126660823822021,0.33152806758880615,-0.02091544307768345,0.18940702080726624,0.5019746422767639,0.004350757692009211,0.1904107630252838,0.44215232133865356,-0.019929222762584686,0.1859465092420578,0.47650015354156494,-0.03320759907364845,0.18277372419834137,0.5070827603340149,-0.034738536924123764,0.1613219678401947,0.5244196057319641,-0.0008444584673270583,0.1573537290096283,0.47469693422317505,-0.024103330448269844,0.15925145149230957,0.49679136276245117,-0.03173854574561119,0.16327618062496185,0.5236069560050964,-0.03245832026004791,0.0,0.0,0.0,0.0,0.0,0.0,0.0,0.0,0.0,0.0,0.0,0.0,0.0,0.0,0.0,0.0,0.0,0.0,0.0,0.0,0.0,0.0,0.0,0.0,0.0,0.0,0.0,0.0,0.0,0.0,0.0,0.0,0.0,0.0,0.0,0.0,0.0,0.0,0.0,0.0,0.0,0.0,0.0,0.0,0.0,0.0,0.0,0.0,0.0,0.0,0.0,0.0,0.0,0.0,0.0,0.0,0.0,0.0,0.0,0.0,0.0,0.0,0.0,う
0.17537669837474823,0.6864469051361084,3.748191943486745e-07,0.21248511970043182,0.6520940661430359,-0.027704592794179916,0.2264615148305893,0.5869792699813843,-0.031387098133563995,0.20555485785007477,0.5348565578460693,-0.03399311378598213,0.1803041249513626,0.49627986550331116,-0.034437406808137894,0.2491026371717453,0.5004028677940369,0.007438600063323975,0.25756922364234924,0.433086097240448,0.003383959410712123,0.2602649927139282,0.3922330141067505,-0.00386318052187562,0.26180148124694824,0.3557541072368622,-0.010700601153075695,0.21926984190940857,0.489327073097229,0.010314598679542542,0.22977104783058167,0.4149172902107239,0.0032618867699056864,0.23568786680698395,0.36940789222717285,-0.008936304599046707,0.24151206016540527,0.33050820231437683,-0.01721949130296707,0.1883925199508667,0.500616192817688,0.007908852770924568,0.1909140944480896,0.43970736861228943,-0.01606738194823265,0.18673862516880035,0.47514909505844116,-0.03073521889746189,0.18333756923675537,0.5058104395866394,-0.03315617889165878,0.1602705866098404,0.5234753489494324,0.003417043248191476,0.15744130313396454,0.4740063548088074,-0.020205900073051453,0.1591475009918213,0.49610233306884766,-0.029084058478474617,0.16272541880607605,0.522061288356781,-0.030713500455021858,0.0,0.0,0.0,0.0,0.0,0.0,0.0,0.0,0.0,0.0,0.0,0.0,0.0,0.0,0.0,0.0,0.0,0.0,0.0,0.0,0.0,0.0,0.0,0.0,0.0,0.0,0.0,0.0,0.0,0.0,0.0,0.0,0.0,0.0,0.0,0.0,0.0,0.0,0.0,0.0,0.0,0.0,0.0,0.0,0.0,0.0,0.0,0.0,0.0,0.0,0.0,0.0,0.0,0.0,0.0,0.0,0.0,0.0,0.0,0.0,0.0,0.0,0.0,う
0.17651714384555817,0.6881903409957886,3.706294080529915e-07,0.21293330192565918,0.654082179069519,-0.02757766656577587,0.22726771235466003,0.588069498538971,-0.03125818818807602,0.2061290144920349,0.5353017449378967,-0.033826794475317,0.180460125207901,0.4965065121650696,-0.034187495708465576,0.24897535145282745,0.5013997554779053,0.0070339287631213665,0.25750237703323364,0.43404704332351685,0.003171599004417658,0.2600587010383606,0.3929973840713501,-0.004042078275233507,0.261507123708725,0.3562231659889221,-0.010960794053971767,0.21932318806648254,0.49021682143211365,0.009879708290100098,0.2296776920557022,0.4155573844909668,0.003265382954850793,0.23559816181659698,0.3696889281272888,-0.008690123446285725,0.2412453442811966,0.33049476146698,-0.01704215817153454,0.18873368203639984,0.5015209913253784,0.007531779818236828,0.19116228818893433,0.4398127794265747,-0.015554040670394897,0.1876012086868286,0.474270761013031,-0.029809055849909782,0.18444718420505524,0.5047598481178284,-0.032328780740499496,0.16091959178447723,0.5241714715957642,0.003033065004274249,0.15789847075939178,0.4746849536895752,-0.01996200904250145,0.16038833558559418,0.4961068630218506,-0.028625596314668655,0.1646270751953125,0.52177894115448,-0.030291877686977386,0.0,0.0,0.0,0.0,0.0,0.0,0.0,0.0,0.0,0.0,0.0,0.0,0.0,0.0,0.0,0.0,0.0,0.0,0.0,0.0,0.0,0.0,0.0,0.0,0.0,0.0,0.0,0.0,0.0,0.0,0.0,0.0,0.0,0.0,0.0,0.0,0.0,0.0,0.0,0.0,0.0,0.0,0.0,0.0,0.0,0.0,0.0,0.0,0.0,0.0,0.0,0.0,0.0,0.0,0.0,0.0,0.0,0.0,0.0,0.0,0.0,0.0,0.0,う
0.17747685313224792,0.6871642470359802,3.739593807949859e-07,0.21309079229831696,0.6518404483795166,-0.027665281668305397,0.22654989361763,0.5850012898445129,-0.03152010217308998,0.2046337127685547,0.5321812033653259,-0.03427242860198021,0.17683130502700806,0.49546146392822266,-0.034911107271909714,0.2490452080965042,0.5008286237716675,0.0070277187041938305,0.25720399618148804,0.4329681992530823,0.002863505622372031,0.2595956027507782,0.392093300819397,-0.004459836520254612,0.26092371344566345,0.35540103912353516,-0.011376769281923771,0.2193043828010559,0.490274578332901,0.009802605025470257,0.22943048179149628,0.4152231216430664,0.002911657327786088,0.23535625636577606,0.3698880076408386,-0.008904529735445976,0.24107517302036285,0.3309871554374695,-0.017077608034014702,0.18884992599487305,0.5017664432525635,0.007288755849003792,0.19062145054340363,0.43988582491874695,-0.016561128199100494,0.1868811547756195,0.4742979407310486,-0.03108362853527069,0.18352267146110535,0.5047699213027954,-0.033543817698955536,0.16099044680595398,0.5245435237884521,0.0026594821829348803,0.1588810384273529,0.4734659492969513,-0.020679308101534843,0.1612473875284195,0.49493661522865295,-0.029286883771419525,0.16514302790164948,0.5216395854949951,-0.030902421101927757,0.0,0.0,0.0,0.0,0.0,0.0,0.0,0.0,0.0,0.0,0.0,0.0,0.0,0.0,0.0,0.0,0.0,0.0,0.0,0.0,0.0,0.0,0.0,0.0,0.0,0.0,0.0,0.0,0.0,0.0,0.0,0.0,0.0,0.0,0.0,0.0,0.0,0.0,0.0,0.0,0.0,0.0,0.0,0.0,0.0,0.0,0.0,0.0,0.0,0.0,0.0,0.0,0.0,0.0,0.0,0.0,0.0,0.0,0.0,0.0,0.0,0.0,0.0,う
0.17686207592487335,0.6886054277420044,3.7360035776146105e-07,0.2126057893037796,0.6537477970123291,-0.028148779645562172,0.22650139033794403,0.5860691070556641,-0.03215084969997406,0.20397934317588806,0.5318836569786072,-0.03485536575317383,0.1764291673898697,0.4944343566894531,-0.03530101850628853,0.2487400472164154,0.5008900761604309,0.006274411920458078,0.2569721043109894,0.4328470230102539,0.0021465138997882605,0.2594534754753113,0.3917497992515564,-0.004948358982801437,0.2607554495334625,0.3549271821975708,-0.011679059825837612,0.21897070109844208,0.4906294047832489,0.009299466386437416,0.2291480451822281,0.41580626368522644,0.0024107040371745825,0.2353212833404541,0.3704187273979187,-0.009056664071977139,0.2408289611339569,0.3319019675254822,-0.016916872933506966,0.1885467767715454,0.5025598406791687,0.007054968271404505,0.19063308835029602,0.44047844409942627,-0.016772516071796417,0.18757914006710052,0.47517073154449463,-0.03070088103413582,0.18424783647060394,0.5059036016464233,-0.03272782266139984,0.16078612208366394,0.5253616571426392,0.002646765671670437,0.15771305561065674,0.47422781586647034,-0.02083081565797329,0.1605088859796524,0.49614545702934265,-0.029187196865677834,0.16448387503623962,0.5229966640472412,-0.030511997640132904,0.0,0.0,0.0,0.0,0.0,0.0,0.0,0.0,0.0,0.0,0.0,0.0,0.0,0.0,0.0,0.0,0.0,0.0,0.0,0.0,0.0,0.0,0.0,0.0,0.0,0.0,0.0,0.0,0.0,0.0,0.0,0.0,0.0,0.0,0.0,0.0,0.0,0.0,0.0,0.0,0.0,0.0,0.0,0.0,0.0,0.0,0.0,0.0,0.0,0.0,0.0,0.0,0.0,0.0,0.0,0.0,0.0,0.0,0.0,0.0,0.0,0.0,0.0,う
0.17768485844135284,0.6894185543060303,3.778475843319029e-07,0.21334609389305115,0.6531859636306763,-0.027453141286969185,0.22687846422195435,0.5869186520576477,-0.032004907727241516,0.20562270283699036,0.5341277718544006,-0.03546760603785515,0.1788027286529541,0.4957701563835144,-0.03671921789646149,0.24831640720367432,0.5011983513832092,0.0052228160202503204,0.25677669048309326,0.4322347342967987,0.000210154103115201,0.2592339515686035,0.39047887921333313,-0.007440709043294191,0.26029476523399353,0.353091299533844,-0.014425943605601788,0.2186204195022583,0.49111050367355347,0.007770563010126352,0.22876915335655212,0.4151516258716583,0.0003332506166771054,0.23472373187541962,0.36894696950912476,-0.011343993246555328,0.23995740711688995,0.3296755254268646,-0.019483782351017,0.1883271336555481,0.5027133822441101,0.00516019482165575,0.19028790295124054,0.4401698112487793,-0.018284764140844345,0.18766435980796814,0.47366416454315186,-0.031979795545339584,0.18479837477207184,0.5042905807495117,-0.034178465604782104,0.16059063374996185,0.5249608159065247,0.00033719209022819996,0.15780946612358093,0.47430744767189026,-0.022731240838766098,0.16173672676086426,0.4942535161972046,-0.031102996319532394,0.16704373061656952,0.520185649394989,-0.03259100764989853,0.0,0.0,0.0,0.0,0.0,0.0,0.0,0.0,0.0,0.0,0.0,0.0,0.0,0.0,0.0,0.0,0.0,0.0,0.0,0.0,0.0,0.0,0.0,0.0,0.0,0.0,0.0,0.0,0.0,0.0,0.0,0.0,0.0,0.0,0.0,0.0,0.0,0.0,0.0,0.0,0.0,0.0,0.0,0.0,0.0,0.0,0.0,0.0,0.0,0.0,0.0,0.0,0.0,0.0,0.0,0.0,0.0,0.0,0.0,0.0,0.0,0.0,0.0,う
0.17719444632530212,0.6902790069580078,3.723441182046372e-07,0.21232177317142487,0.6542844176292419,-0.028357109054923058,0.2258250117301941,0.586556077003479,-0.031974684447050095,0.2045179307460785,0.5325243473052979,-0.0341232568025589,0.17661313712596893,0.49528512358665466,-0.03392944484949112,0.2485792636871338,0.501878023147583,0.006829101592302322,0.25676193833351135,0.43279051780700684,0.0032535926438868046,0.2591744363307953,0.39136338233947754,-0.0037736506201326847,0.2602076828479767,0.35401999950408936,-0.010605483315885067,0.21874767541885376,0.49114903807640076,0.010278585366904736,0.2287478744983673,0.41609010100364685,0.004238503985106945,0.23452582955360413,0.37013936042785645,-0.007137763313949108,0.23979373276233673,0.3304848074913025,-0.015272844582796097,0.18829470872879028,0.5028846859931946,0.008361978456377983,0.19003763794898987,0.440079927444458,-0.014546514488756657,0.18684493005275726,0.474202960729599,-0.02905627340078354,0.1836317479610443,0.5047666430473328,-0.03185935318470001,0.16059349477291107,0.5256679058074951,0.00421006279066205,0.15843626856803894,0.47460803389549255,-0.018860649317502975,0.16145890951156616,0.49539172649383545,-0.027950851246714592,0.16587704420089722,0.5220822691917419,-0.0300833098590374,0.0,0.0,0.0,0.0,0.0,0.0,0.0,0.0,0.0,0.0,0.0,0.0,0.0,0.0,0.0,0.0,0.0,0.0,0.0,0.0,0.0,0.0,0.0,0.0,0.0,0.0,0.0,0.0,0.0,0.0,0.0,0.0,0.0,0.0,0.0,0.0,0.0,0.0,0.0,0.0,0.0,0.0,0.0,0.0,0.0,0.0,0.0,0.0,0.0,0.0,0.0,0.0,0.0,0.0,0.0,0.0,0.0,0.0,0.0,0.0,0.0,0.0,0.0,う
0.17640456557273865,0.6893796920776367,3.7620145576511277e-07,0.21221594512462616,0.6531727313995361,-0.027547981590032578,0.22585183382034302,0.5846595764160156,-0.031618595123291016,0.2029384821653366,0.5302367210388184,-0.03442814573645592,0.17402997612953186,0.4943699538707733,-0.03482097014784813,0.24808403849601746,0.5022032260894775,0.006852579768747091,0.25667324662208557,0.4331420361995697,0.002331505063921213,0.2590638995170593,0.3919707238674164,-0.004753980785608292,0.2600415050983429,0.35508406162261963,-0.01123843714594841,0.21823430061340332,0.4918893873691559,0.00986865907907486,0.22831502556800842,0.415431946516037,0.0026068713050335646,0.23432043194770813,0.3694179654121399,-0.008239706046879292,0.2394523322582245,0.33045655488967896,-0.015449811704456806,0.18812328577041626,0.5033649802207947,0.007585457526147366,0.18915587663650513,0.4413081407546997,-0.01599780283868313,0.18645988404750824,0.4756092131137848,-0.02895212545990944,0.18364456295967102,0.5063634514808655,-0.030222607776522636,0.16053560376167297,0.5251335501670837,0.003116689156740904,0.15848854184150696,0.47440826892852783,-0.01937488280236721,0.1611015945672989,0.495644748210907,-0.026740405708551407,0.16505074501037598,0.5221924185752869,-0.027419397607445717,0.0,0.0,0.0,0.0,0.0,0.0,0.0,0.0,0.0,0.0,0.0,0.0,0.0,0.0,0.0,0.0,0.0,0.0,0.0,0.0,0.0,0.0,0.0,0.0,0.0,0.0,0.0,0.0,0.0,0.0,0.0,0.0,0.0,0.0,0.0,0.0,0.0,0.0,0.0,0.0,0.0,0.0,0.0,0.0,0.0,0.0,0.0,0.0,0.0,0.0,0.0,0.0,0.0,0.0,0.0,0.0,0.0,0.0,0.0,0.0,0.0,0.0,0.0,う
0.1760224848985672,0.6892627477645874,3.6972849670746655e-07,0.21242113411426544,0.6530513167381287,-0.02786017768085003,0.2263149619102478,0.5852959156036377,-0.0314297117292881,0.20377114415168762,0.5302574038505554,-0.033630188554525375,0.17455291748046875,0.4945741891860962,-0.033506836742162704,0.24755452573299408,0.5023877024650574,0.006819418631494045,0.2562851905822754,0.4329213500022888,0.0029077802319079638,0.25875210762023926,0.39177197217941284,-0.004005946684628725,0.2598722279071808,0.3547496199607849,-0.01057078130543232,0.21763858199119568,0.4917416274547577,0.009910963475704193,0.22745762765407562,0.41567501425743103,0.0034884014166891575,0.23371341824531555,0.36944329738616943,-0.007561339996755123,0.23924824595451355,0.3300471305847168,-0.015271606855094433,0.18740516901016235,0.5032891631126404,0.007679127622395754,0.18923558294773102,0.4403569996356964,-0.015603617765009403,0.18667414784431458,0.47489598393440247,-0.029353678226470947,0.1834729164838791,0.5057798027992249,-0.03137423098087311,0.1595640480518341,0.5258760452270508,0.0032639279961586,0.1573302149772644,0.473462849855423,-0.019527867436408997,0.1607629954814911,0.494511216878891,-0.02756751887500286,0.16497653722763062,0.5219526886940002,-0.028830742463469505,0.0,0.0,0.0,0.0,0.0,0.0,0.0,0.0,0.0,0.0,0.0,0.0,0.0,0.0,0.0,0.0,0.0,0.0,0.0,0.0,0.0,0.0,0.0,0.0,0.0,0.0,0.0,0.0,0.0,0.0,0.0,0.0,0.0,0.0,0.0,0.0,0.0,0.0,0.0,0.0,0.0,0.0,0.0,0.0,0.0,0.0,0.0,0.0,0.0,0.0,0.0,0.0,0.0,0.0,0.0,0.0,0.0,0.0,0.0,0.0,0.0,0.0,0.0,う
0.17593303322792053,0.6898326277732849,3.720480492575007e-07,0.21237312257289886,0.6547637581825256,-0.02771209366619587,0.22628414630889893,0.5855057239532471,-0.031484056264162064,0.20318388938903809,0.5318306088447571,-0.03385848179459572,0.17503002285957336,0.4964998960494995,-0.03390524536371231,0.24808943271636963,0.5038593411445618,0.006107408553361893,0.25660061836242676,0.4344329833984375,0.0018788879970088601,0.2588595151901245,0.39266008138656616,-0.004747659899294376,0.25977444648742676,0.35545918345451355,-0.01079203374683857,0.21841119229793549,0.4937065541744232,0.009250789880752563,0.22839850187301636,0.41657012701034546,0.0023365565575659275,0.23436519503593445,0.37021300196647644,-0.00804222747683525,0.23940211534500122,0.3312283754348755,-0.014734571799635887,0.18850445747375488,0.504858672618866,0.00715491222217679,0.19034019112586975,0.44311004877090454,-0.016432439908385277,0.1866815984249115,0.47844207286834717,-0.02902873232960701,0.1828445941209793,0.5083878040313721,-0.029870765283703804,0.16118502616882324,0.5263023972511292,0.0029209854546934366,0.15941643714904785,0.4750700891017914,-0.019301610067486763,0.1607198566198349,0.49817389249801636,-0.025936195626854897,0.16320505738258362,0.5250760912895203,-0.026035845279693604,0.0,0.0,0.0,0.0,0.0,0.0,0.0,0.0,0.0,0.0,0.0,0.0,0.0,0.0,0.0,0.0,0.0,0.0,0.0,0.0,0.0,0.0,0.0,0.0,0.0,0.0,0.0,0.0,0.0,0.0,0.0,0.0,0.0,0.0,0.0,0.0,0.0,0.0,0.0,0.0,0.0,0.0,0.0,0.0,0.0,0.0,0.0,0.0,0.0,0.0,0.0,0.0,0.0,0.0,0.0,0.0,0.0,0.0,0.0,0.0,0.0,0.0,0.0,う
0.17607222497463226,0.6871434450149536,3.78172615000949e-07,0.21250078082084656,0.6533219218254089,-0.02699335291981697,0.22690463066101074,0.5862181186676025,-0.031188223510980606,0.2047489732503891,0.5330063700675964,-0.03426280990242958,0.17760974168777466,0.4967334568500519,-0.03506174683570862,0.24773719906806946,0.5022368431091309,0.005008090287446976,0.25625067949295044,0.4333750009536743,-0.0001574859779793769,0.2587282061576843,0.39147108793258667,-0.007071561645716429,0.259757936000824,0.3545060455799103,-0.01307897362858057,0.21809881925582886,0.4921445846557617,0.007580684032291174,0.2287309467792511,0.41548120975494385,-0.0001983540423680097,0.23477739095687866,0.36900508403778076,-0.010607783682644367,0.2397017776966095,0.3308422565460205,-0.01710754632949829,0.18813055753707886,0.5032214522361755,0.005070770625025034,0.18980705738067627,0.4422071874141693,-0.01886586658656597,0.1865876466035843,0.47668713331222534,-0.03098725713789463,0.18332065641880035,0.5072005391120911,-0.031355466693639755,0.1604161560535431,0.5245575308799744,0.00046840187860652804,0.15802308917045593,0.47493287920951843,-0.021899951621890068,0.160081684589386,0.49722298979759216,-0.02832522988319397,0.16323688626289368,0.5237976908683777,-0.028056945651769638,0.0,0.0,0.0,0.0,0.0,0.0,0.0,0.0,0.0,0.0,0.0,0.0,0.0,0.0,0.0,0.0,0.0,0.0,0.0,0.0,0.0,0.0,0.0,0.0,0.0,0.0,0.0,0.0,0.0,0.0,0.0,0.0,0.0,0.0,0.0,0.0,0.0,0.0,0.0,0.0,0.0,0.0,0.0,0.0,0.0,0.0,0.0,0.0,0.0,0.0,0.0,0.0,0.0,0.0,0.0,0.0,0.0,0.0,0.0,0.0,0.0,0.0,0.0,う
0.17643502354621887,0.6863222718238831,3.8404630231525516e-07,0.21277916431427002,0.6524763703346252,-0.02752581797540188,0.22664770483970642,0.5862519145011902,-0.03198619186878204,0.20451335608959198,0.5336834192276001,-0.03531435504555702,0.17786294221878052,0.4959120452404022,-0.03637946397066116,0.24764707684516907,0.5011917352676392,0.004940949846059084,0.2560809552669525,0.43353036046028137,-0.0004229759506415576,0.25862210988998413,0.3919561505317688,-0.0077215577475726604,0.2599247097969055,0.3551782965660095,-0.014187508262693882,0.21808063983917236,0.49136969447135925,0.0074974773451685905,0.22848230600357056,0.4157441258430481,-0.0007927459082566202,0.2345738410949707,0.3692213296890259,-0.012162286788225174,0.2399408370256424,0.33045029640197754,-0.01955334283411503,0.18795239925384521,0.5028631687164307,0.0048848544247448444,0.18944522738456726,0.4417734742164612,-0.01977938413619995,0.18627311289310455,0.47650498151779175,-0.0329369381070137,0.1832575649023056,0.5074566602706909,-0.03409499302506447,0.16021710634231567,0.5245012044906616,0.00015510902449022979,0.15696822106838226,0.4757314920425415,-0.02330639772117138,0.1596430540084839,0.4972488284111023,-0.0310219656676054,0.16354818642139435,0.523087203502655,-0.031707268208265305,0.0,0.0,0.0,0.0,0.0,0.0,0.0,0.0,0.0,0.0,0.0,0.0,0.0,0.0,0.0,0.0,0.0,0.0,0.0,0.0,0.0,0.0,0.0,0.0,0.0,0.0,0.0,0.0,0.0,0.0,0.0,0.0,0.0,0.0,0.0,0.0,0.0,0.0,0.0,0.0,0.0,0.0,0.0,0.0,0.0,0.0,0.0,0.0,0.0,0.0,0.0,0.0,0.0,0.0,0.0,0.0,0.0,0.0,0.0,0.0,0.0,0.0,0.0,う
0.17678995430469513,0.6892778873443604,3.880917631704506e-07,0.21248853206634521,0.6543118357658386,-0.030125301331281662,0.22590933740139008,0.586846113204956,-0.034242015331983566,0.2031250298023224,0.5340405702590942,-0.03648803010582924,0.175538569688797,0.495274156332016,-0.036263931542634964,0.24815165996551514,0.5018776655197144,0.006505711004137993,0.25596651434898376,0.4331900477409363,0.0031044587958604097,0.2583887577056885,0.3916434645652771,-0.0035633963998407125,0.2595672309398651,0.3548036813735962,-0.009906611405313015,0.21830512583255768,0.492124080657959,0.011011938564479351,0.22771841287612915,0.41586390137672424,0.004905653186142445,0.23353609442710876,0.3696715235710144,-0.006283578462898731,0.23865079879760742,0.33123645186424255,-0.01388292945921421,0.18810471892356873,0.5041165947914124,0.00989871472120285,0.18907380104064941,0.4427014887332916,-0.013757174834609032,0.1857302486896515,0.47736263275146484,-0.028710758313536644,0.18266841769218445,0.5072531700134277,-0.03135906532406807,0.16059766709804535,0.5260908007621765,0.006494133733212948,0.15789608657360077,0.4756675362586975,-0.0170731320977211,0.15977998077869415,0.49788761138916016,-0.026370739564299583,0.16352799534797668,0.524101197719574,-0.028442978858947754,0.0,0.0,0.0,0.0,0.0,0.0,0.0,0.0,0.0,0.0,0.0,0.0,0.0,0.0,0.0,0.0,0.0,0.0,0.0,0.0,0.0,0.0,0.0,0.0,0.0,0.0,0.0,0.0,0.0,0.0,0.0,0.0,0.0,0.0,0.0,0.0,0.0,0.0,0.0,0.0,0.0,0.0,0.0,0.0,0.0,0.0,0.0,0.0,0.0,0.0,0.0,0.0,0.0,0.0,0.0,0.0,0.0,0.0,0.0,0.0,0.0,0.0,0.0,う
0.17650602757930756,0.6883581876754761,3.816169567016914e-07,0.2125295102596283,0.653648853302002,-0.029763126745820045,0.2260424792766571,0.5868595838546753,-0.03464268893003464,0.20364107191562653,0.5346920490264893,-0.03781025484204292,0.17683015763759613,0.4958532154560089,-0.03857622295618057,0.24807585775852203,0.49947792291641235,0.004354302305728197,0.25593245029449463,0.4318428039550781,-0.0004536086635198444,0.2582312822341919,0.3906705379486084,-0.008017896674573421,0.2596817910671234,0.35406607389450073,-0.014979740604758263,0.21785667538642883,0.4891584515571594,0.00827878713607788,0.22687454521656036,0.4146312475204468,0.001018527545966208,0.2321150153875351,0.3691684603691101,-0.01074691116809845,0.23750531673431396,0.33079785108566284,-0.018898481503129005,0.18719482421875,0.5007359981536865,0.006760052405297756,0.1889207512140274,0.44042065739631653,-0.017158206552267075,0.18594378232955933,0.47420862317085266,-0.0318622849881649,0.18345722556114197,0.5047523975372314,-0.03461131826043129,0.15987920761108398,0.5224154591560364,0.0028995636384934187,0.15597259998321533,0.47498050332069397,-0.021142562851309776,0.1590719223022461,0.49563416838645935,-0.030830392614006996,0.16443665325641632,0.5207173824310303,-0.033127397298812866,0.0,0.0,0.0,0.0,0.0,0.0,0.0,0.0,0.0,0.0,0.0,0.0,0.0,0.0,0.0,0.0,0.0,0.0,0.0,0.0,0.0,0.0,0.0,0.0,0.0,0.0,0.0,0.0,0.0,0.0,0.0,0.0,0.0,0.0,0.0,0.0,0.0,0.0,0.0,0.0,0.0,0.0,0.0,0.0,0.0,0.0,0.0,0.0,0.0,0.0,0.0,0.0,0.0,0.0,0.0,0.0,0.0,0.0,0.0,0.0,0.0,0.0,0.0,う
0.17536935210227966,0.6861169338226318,3.766424470086349e-07,0.2119525969028473,0.6502947807312012,-0.02742995135486126,0.22500690817832947,0.5847631692886353,-0.031926851719617844,0.20329757034778595,0.5329513549804688,-0.03547406569123268,0.1765523999929428,0.493727445602417,-0.03682243078947067,0.24754352867603302,0.49735474586486816,0.006797316484153271,0.2553435266017914,0.4306125044822693,0.001432237564586103,0.2576272785663605,0.3894463777542114,-0.006424760911613703,0.25872546434402466,0.35300663113594055,-0.01337936706840992,0.21722747385501862,0.4875335991382599,0.009310276247560978,0.22667022049427032,0.4143017828464508,0.0009979071328416467,0.23180781304836273,0.36871230602264404,-0.01129246223717928,0.23665867745876312,0.330304354429245,-0.019414791837334633,0.18663470447063446,0.499478280544281,0.0064845518209040165,0.18654805421829224,0.4412645995616913,-0.01844937726855278,0.18397586047649384,0.47603511810302734,-0.03298024833202362,0.1822952926158905,0.5070178508758545,-0.03510904684662819,0.1589335799217224,0.5220654606819153,0.001566829509101808,0.1538660228252411,0.4744790196418762,-0.022574054077267647,0.1573992371559143,0.49560391902923584,-0.03145718201994896,0.1634691059589386,0.5215506553649902,-0.032902877777814865,0.0,0.0,0.0,0.0,0.0,0.0,0.0,0.0,0.0,0.0,0.0,0.0,0.0,0.0,0.0,0.0,0.0,0.0,0.0,0.0,0.0,0.0,0.0,0.0,0.0,0.0,0.0,0.0,0.0,0.0,0.0,0.0,0.0,0.0,0.0,0.0,0.0,0.0,0.0,0.0,0.0,0.0,0.0,0.0,0.0,0.0,0.0,0.0,0.0,0.0,0.0,0.0,0.0,0.0,0.0,0.0,0.0,0.0,0.0,0.0,0.0,0.0,0.0,う
0.17537346482276917,0.6881823539733887,3.851289420708781e-07,0.21230889856815338,0.6536977291107178,-0.028555260971188545,0.22572612762451172,0.5868971943855286,-0.032716408371925354,0.20400479435920715,0.5349761843681335,-0.03558675944805145,0.1777130365371704,0.4954381585121155,-0.03606633096933365,0.24718664586544037,0.49918124079704285,0.006270343903452158,0.25514405965805054,0.43178439140319824,0.001873841043561697,0.2572874426841736,0.3904302418231964,-0.005343287251889706,0.25837141275405884,0.3536056578159332,-0.01210344024002552,0.2171766310930252,0.48899269104003906,0.009517568163573742,0.22667625546455383,0.4139660596847534,0.0023975518997758627,0.23194552958011627,0.367639422416687,-0.009265603497624397,0.2371179461479187,0.3292030096054077,-0.017267977818846703,0.18660865724086761,0.5009437203407288,0.007325113285332918,0.18757587671279907,0.4395376443862915,-0.016822578385472298,0.18427416682243347,0.4733074903488159,-0.03154148533940315,0.18178893625736237,0.5044136643409729,-0.034113798290491104,0.1588718742132187,0.5236340761184692,0.002904831897467375,0.1542733609676361,0.47580617666244507,-0.02146032638847828,0.1566571146249771,0.49657976627349854,-0.03117496334016323,0.16136229038238525,0.5224205851554871,-0.0333552323281765,0.0,0.0,0.0,0.0,0.0,0.0,0.0,0.0,0.0,0.0,0.0,0.0,0.0,0.0,0.0,0.0,0.0,0.0,0.0,0.0,0.0,0.0,0.0,0.0,0.0,0.0,0.0,0.0,0.0,0.0,0.0,0.0,0.0,0.0,0.0,0.0,0.0,0.0,0.0,0.0,0.0,0.0,0.0,0.0,0.0,0.0,0.0,0.0,0.0,0.0,0.0,0.0,0.0,0.0,0.0,0.0,0.0,0.0,0.0,0.0,0.0,0.0,0.0,う
0.176344633102417,0.6854091882705688,3.8046655959078635e-07,0.2125665843486786,0.6510217785835266,-0.027883393689990044,0.22504955530166626,0.5863850116729736,-0.032318420708179474,0.20303231477737427,0.5354733467102051,-0.03568615764379501,0.17723581194877625,0.4964888095855713,-0.03685319423675537,0.24702471494674683,0.5007051825523376,0.005455757956951857,0.254635214805603,0.4333692491054535,0.00013872409181203693,0.25680261850357056,0.391768217086792,-0.007388120051473379,0.25781941413879395,0.3551208972930908,-0.014068366028368473,0.2172648161649704,0.4903010427951813,0.008228193037211895,0.22686415910720825,0.4150162935256958,8.061688276939094e-06,0.2326466143131256,0.3686797320842743,-0.01193887460976839,0.23821355402469635,0.3298056125640869,-0.01970808580517769,0.18695826828479767,0.5019055604934692,0.005753545090556145,0.18837447464466095,0.44180452823638916,-0.018591590225696564,0.18555186688899994,0.4775947332382202,-0.03224568068981171,0.18319904804229736,0.5087231993675232,-0.03376808762550354,0.15931737422943115,0.5242701172828674,0.0011123080039396882,0.1548582762479782,0.4755360186100006,-0.022121001034975052,0.1574464738368988,0.49672433733940125,-0.030227357521653175,0.16203823685646057,0.5221759676933289,-0.031205762177705765,0.0,0.0,0.0,0.0,0.0,0.0,0.0,0.0,0.0,0.0,0.0,0.0,0.0,0.0,0.0,0.0,0.0,0.0,0.0,0.0,0.0,0.0,0.0,0.0,0.0,0.0,0.0,0.0,0.0,0.0,0.0,0.0,0.0,0.0,0.0,0.0,0.0,0.0,0.0,0.0,0.0,0.0,0.0,0.0,0.0,0.0,0.0,0.0,0.0,0.0,0.0,0.0,0.0,0.0,0.0,0.0,0.0,0.0,0.0,0.0,0.0,0.0,0.0,う
0.1764061152935028,0.6867772340774536,3.868222222536133e-07,0.21215838193893433,0.6523243188858032,-0.029252398759126663,0.22462446987628937,0.5868813395500183,-0.03380763530731201,0.20262962579727173,0.5342777967453003,-0.03697041794657707,0.17634740471839905,0.4953446686267853,-0.037870749831199646,0.2473488599061966,0.5000461339950562,0.005598846357315779,0.2549823522567749,0.4323538541793823,0.0008738758624531329,0.25722169876098633,0.3906731605529785,-0.006792481988668442,0.25828903913497925,0.35373058915138245,-0.013889944180846214,0.2171880006790161,0.4895918667316437,0.00911622866988182,0.22683367133140564,0.4150518774986267,0.0014476533979177475,0.23253318667411804,0.36914950609207153,-0.01110600121319294,0.2381378561258316,0.32996663451194763,-0.01965515874326229,0.1865319162607193,0.5015087723731995,0.007242748513817787,0.18790437281131744,0.44083282351493835,-0.01695370301604271,0.1844487488269806,0.47525477409362793,-0.03200538083910942,0.18159718811511993,0.5059300065040588,-0.034762587398290634,0.15880054235458374,0.5245597958564758,0.003131764940917492,0.15439073741436005,0.47524869441986084,-0.02050080895423889,0.15681692957878113,0.49572694301605225,-0.029803365468978882,0.1614151895046234,0.5212011933326721,-0.031828008592128754,0.0,0.0,0.0,0.0,0.0,0.0,0.0,0.0,0.0,0.0,0.0,0.0,0.0,0.0,0.0,0.0,0.0,0.0,0.0,0.0,0.0,0.0,0.0,0.0,0.0,0.0,0.0,0.0,0.0,0.0,0.0,0.0,0.0,0.0,0.0,0.0,0.0,0.0,0.0,0.0,0.0,0.0,0.0,0.0,0.0,0.0,0.0,0.0,0.0,0.0,0.0,0.0,0.0,0.0,0.0,0.0,0.0,0.0,0.0,0.0,0.0,0.0,0.0,う
0.17676424980163574,0.6872595548629761,3.823219003606937e-07,0.21172359585762024,0.651531457901001,-0.029536748304963112,0.22469663619995117,0.585870623588562,-0.034191690385341644,0.2017187476158142,0.5323898196220398,-0.03725602105259895,0.17499175667762756,0.4934539496898651,-0.03797029331326485,0.24669937789440155,0.5009428858757019,0.005085375159978867,0.25462859869003296,0.4318076968193054,0.0005790585419163108,0.2569437623023987,0.3905078172683716,-0.006805938668549061,0.25835567712783813,0.3537466824054718,-0.013702303171157837,0.21660688519477844,0.49084481596946716,0.008922864682972431,0.22618180513381958,0.41494762897491455,0.001665780902840197,0.23190386593341827,0.36898958683013916,-0.010469995439052582,0.23757632076740265,0.32986918091773987,-0.018864396959543228,0.18633025884628296,0.5028464198112488,0.007384095340967178,0.18804189562797546,0.44092243909835815,-0.01642429828643799,0.18471238017082214,0.47485020756721497,-0.03112356923520565,0.18170005083084106,0.5053091049194336,-0.03384929150342941,0.15904097259044647,0.5255182385444641,0.0035784512292593718,0.15540090203285217,0.4757293462753296,-0.01997116021811962,0.15745799243450165,0.4966893494129181,-0.029105646535754204,0.1612793654203415,0.5221744775772095,-0.031109781935811043,0.0,0.0,0.0,0.0,0.0,0.0,0.0,0.0,0.0,0.0,0.0,0.0,0.0,0.0,0.0,0.0,0.0,0.0,0.0,0.0,0.0,0.0,0.0,0.0,0.0,0.0,0.0,0.0,0.0,0.0,0.0,0.0,0.0,0.0,0.0,0.0,0.0,0.0,0.0,0.0,0.0,0.0,0.0,0.0,0.0,0.0,0.0,0.0,0.0,0.0,0.0,0.0,0.0,0.0,0.0,0.0,0.0,0.0,0.0,0.0,0.0,0.0,0.0,う
0.1735009253025055,0.6876089572906494,3.901692764429754e-07,0.2102770209312439,0.6527924537658691,-0.02904806286096573,0.2241576462984085,0.5866372585296631,-0.033537279814481735,0.20272284746170044,0.533567488193512,-0.03661312535405159,0.17516428232192993,0.49633288383483887,-0.03750503435730934,0.2467145323753357,0.5014672875404358,0.005450366530567408,0.2544163465499878,0.43293678760528564,0.0006650685099884868,0.25676220655441284,0.39121389389038086,-0.006988433189690113,0.2583647072315216,0.35378146171569824,-0.014018053188920021,0.21651531755924225,0.49069076776504517,0.009065814316272736,0.2260427474975586,0.4156914949417114,0.0017010171432048082,0.23112887144088745,0.36895751953125,-0.010193184949457645,0.2366129606962204,0.32960745692253113,-0.01832559145987034,0.18626883625984192,0.5019975900650024,0.007286000996828079,0.18610121309757233,0.44198355078697205,-0.01656774803996086,0.18088126182556152,0.4755571186542511,-0.030906835570931435,0.17780140042304993,0.5058831572532654,-0.03325958549976349,0.15863269567489624,0.5242543816566467,0.00323764281347394,0.1545228809118271,0.475687175989151,-0.019922280684113503,0.1554383635520935,0.4977514445781708,-0.02832377515733242,0.15953092277050018,0.5250231027603149,-0.029771292582154274,0.0,0.0,0.0,0.0,0.0,0.0,0.0,0.0,0.0,0.0,0.0,0.0,0.0,0.0,0.0,0.0,0.0,0.0,0.0,0.0,0.0,0.0,0.0,0.0,0.0,0.0,0.0,0.0,0.0,0.0,0.0,0.0,0.0,0.0,0.0,0.0,0.0,0.0,0.0,0.0,0.0,0.0,0.0,0.0,0.0,0.0,0.0,0.0,0.0,0.0,0.0,0.0,0.0,0.0,0.0,0.0,0.0,0.0,0.0,0.0,0.0,0.0,0.0,う
0.17271828651428223,0.6882849931716919,3.8799208823547815e-07,0.2092622071504593,0.6524919271469116,-0.02922137826681137,0.22344090044498444,0.5836167335510254,-0.03442801535129547,0.2003052681684494,0.5313566327095032,-0.03808780014514923,0.17215824127197266,0.49400487542152405,-0.03938193619251251,0.24535079300403595,0.5020940899848938,0.003595104906708002,0.2531999945640564,0.43296149373054504,-0.0021984491031616926,0.25524434447288513,0.3898962140083313,-0.00982617773115635,0.25676852464675903,0.3528827130794525,-0.01633533276617527,0.21482409536838531,0.49232664704322815,0.006958287674933672,0.22333699464797974,0.41505804657936096,-0.0015383651480078697,0.22891640663146973,0.3675195872783661,-0.013463378883898258,0.23485058546066284,0.3292526602745056,-0.02108898013830185,0.18442082405090332,0.5035372376441956,0.005023149773478508,0.18594945967197418,0.4439865052700043,-0.02011263556778431,0.1824778914451599,0.4776609241962433,-0.03463652357459068,0.17956864833831787,0.5089201927185059,-0.03649375960230827,0.15713801980018616,0.5246121287345886,0.0009261267259716988,0.15259939432144165,0.47701436281204224,-0.02303740568459034,0.15484923124313354,0.4962780475616455,-0.03173128142952919,0.15891331434249878,0.5205067992210388,-0.032949335873126984,0.0,0.0,0.0,0.0,0.0,0.0,0.0,0.0,0.0,0.0,0.0,0.0,0.0,0.0,0.0,0.0,0.0,0.0,0.0,0.0,0.0,0.0,0.0,0.0,0.0,0.0,0.0,0.0,0.0,0.0,0.0,0.0,0.0,0.0,0.0,0.0,0.0,0.0,0.0,0.0,0.0,0.0,0.0,0.0,0.0,0.0,0.0,0.0,0.0,0.0,0.0,0.0,0.0,0.0,0.0,0.0,0.0,0.0,0.0,0.0,0.0,0.0,0.0,う
0.17071667313575745,0.6861923933029175,3.8111355138426006e-07,0.207349494099617,0.6524852514266968,-0.02736862376332283,0.22278143465518951,0.5874932408332825,-0.03239290043711662,0.2021840512752533,0.5351929068565369,-0.03608632832765579,0.17539089918136597,0.4982828199863434,-0.03746071457862854,0.2437821626663208,0.49907007813453674,0.002908546244725585,0.25081658363342285,0.4311498999595642,-0.0035878599155694246,0.25288939476013184,0.38812023401260376,-0.011262130923569202,0.2537640631198883,0.3517509698867798,-0.01743076927959919,0.2135915756225586,0.4884459674358368,0.005677373148500919,0.22226667404174805,0.413272500038147,-0.0031142886728048325,0.22777554392814636,0.365634024143219,-0.013737243600189686,0.23292726278305054,0.3283412456512451,-0.02003210410475731,0.18334971368312836,0.49908265471458435,0.003370824968442321,0.18269021809101105,0.44311100244522095,-0.02069447748363018,0.18029281497001648,0.47573843598365784,-0.03302266076207161,0.1789194941520691,0.5056049227714539,-0.03350112587213516,0.15521284937858582,0.5197250247001648,-0.0010995077900588512,0.1495693325996399,0.4763283133506775,-0.023868486285209656,0.15332850813865662,0.49675828218460083,-0.03106609918177128,0.15965484082698822,0.5208343863487244,-0.031063158065080643,0.0,0.0,0.0,0.0,0.0,0.0,0.0,0.0,0.0,0.0,0.0,0.0,0.0,0.0,0.0,0.0,0.0,0.0,0.0,0.0,0.0,0.0,0.0,0.0,0.0,0.0,0.0,0.0,0.0,0.0,0.0,0.0,0.0,0.0,0.0,0.0,0.0,0.0,0.0,0.0,0.0,0.0,0.0,0.0,0.0,0.0,0.0,0.0,0.0,0.0,0.0,0.0,0.0,0.0,0.0,0.0,0.0,0.0,0.0,0.0,0.0,0.0,0.0,う
0.17119720578193665,0.6867341995239258,3.880943779677182e-07,0.20810957252979279,0.6537612676620483,-0.0288996584713459,0.22311851382255554,0.5880164504051208,-0.03404347226023674,0.201126828789711,0.5360137224197388,-0.03772338479757309,0.17449110746383667,0.4998129606246948,-0.03920486941933632,0.2428235411643982,0.500399649143219,0.001987928058952093,0.2501627802848816,0.43173375725746155,-0.004423234146088362,0.2524276673793793,0.3886147141456604,-0.012321514077484608,0.2538783848285675,0.35131633281707764,-0.01889340579509735,0.21294130384922028,0.4898499846458435,0.005465040449053049,0.22201289236545563,0.413825660943985,-0.0033818839583545923,0.22732150554656982,0.36579591035842896,-0.014647703617811203,0.23273806273937225,0.3276077210903168,-0.021694181486964226,0.18278153240680695,0.500626266002655,0.003807010827586055,0.18275178968906403,0.442528635263443,-0.020412622019648552,0.17788104712963104,0.4771750569343567,-0.032737672328948975,0.17482005059719086,0.5082993507385254,-0.03330923989415169,0.15458594262599945,0.5222039222717285,-0.00013129574654158205,0.15027832984924316,0.47509899735450745,-0.022654680535197258,0.15117774903774261,0.4970366060733795,-0.029379982501268387,0.15458887815475464,0.5227918028831482,-0.029317226260900497,0.0,0.0,0.0,0.0,0.0,0.0,0.0,0.0,0.0,0.0,0.0,0.0,0.0,0.0,0.0,0.0,0.0,0.0,0.0,0.0,0.0,0.0,0.0,0.0,0.0,0.0,0.0,0.0,0.0,0.0,0.0,0.0,0.0,0.0,0.0,0.0,0.0,0.0,0.0,0.0,0.0,0.0,0.0,0.0,0.0,0.0,0.0,0.0,0.0,0.0,0.0,0.0,0.0,0.0,0.0,0.0,0.0,0.0,0.0,0.0,0.0,0.0,0.0,う
0.17047837376594543,0.687808096408844,3.8146231418068055e-07,0.20766010880470276,0.6542474031448364,-0.02741849422454834,0.2220989465713501,0.5876561403274536,-0.03214806690812111,0.19951216876506805,0.5349693298339844,-0.03591219708323479,0.1726229190826416,0.4990306794643402,-0.03754769265651703,0.2422409951686859,0.5008456707000732,0.00370615697465837,0.2497159242630005,0.4322892725467682,-0.0030765030533075333,0.2517417371273041,0.38799893856048584,-0.011346251703798771,0.2526456117630005,0.34999018907546997,-0.018289713189005852,0.2120964229106903,0.4904215335845947,0.006002209614962339,0.22113242745399475,0.4142482876777649,-0.0037922465708106756,0.22608882188796997,0.3651527166366577,-0.016154754906892776,0.2310580611228943,0.3256241977214813,-0.02393602579832077,0.18188732862472534,0.5016604661941528,0.003277778858318925,0.18185846507549286,0.4413144588470459,-0.02201486937701702,0.17704890668392181,0.4756922125816345,-0.035086341202259064,0.17378434538841248,0.5077607035636902,-0.03594684228301048,0.15366177260875702,0.5241495370864868,-0.0015642006183043122,0.14830677211284637,0.47585800290107727,-0.02510831505060196,0.1501612812280655,0.4969295859336853,-0.03246340528130531,0.15420277416706085,0.5235847234725952,-0.03266309201717377,0.0,0.0,0.0,0.0,0.0,0.0,0.0,0.0,0.0,0.0,0.0,0.0,0.0,0.0,0.0,0.0,0.0,0.0,0.0,0.0,0.0,0.0,0.0,0.0,0.0,0.0,0.0,0.0,0.0,0.0,0.0,0.0,0.0,0.0,0.0,0.0,0.0,0.0,0.0,0.0,0.0,0.0,0.0,0.0,0.0,0.0,0.0,0.0,0.0,0.0,0.0,0.0,0.0,0.0,0.0,0.0,0.0,0.0,0.0,0.0,0.0,0.0,0.0,う
0.17147009074687958,0.6861738562583923,3.9265964346668625e-07,0.2080903947353363,0.6522176265716553,-0.027749935165047646,0.22182488441467285,0.5875058174133301,-0.033138394355773926,0.19961611926555634,0.5355250239372253,-0.03758833929896355,0.17370273172855377,0.4985988736152649,-0.0399409718811512,0.24305787682533264,0.4995158016681671,0.0034093495924025774,0.2500900328159332,0.4313940703868866,-0.003563876962289214,0.25222277641296387,0.3889085650444031,-0.01213670801371336,0.2538404166698456,0.3517993092536926,-0.019285863265395164,0.21313020586967468,0.4893421530723572,0.005877165123820305,0.22262036800384521,0.4134846329689026,-0.0037114655133336782,0.22799578309059143,0.36572498083114624,-0.016232367604970932,0.23378098011016846,0.3266477584838867,-0.02422931045293808,0.18274827301502228,0.5006400942802429,0.003269622102379799,0.18305613100528717,0.4416202902793884,-0.021397624164819717,0.17785024642944336,0.47554177045822144,-0.03458906337618828,0.17461954057216644,0.5068521499633789,-0.035798124969005585,0.15470770001411438,0.5230700969696045,-0.0014906874857842922,0.14990556240081787,0.4764440357685089,-0.024256005883216858,0.1501448005437851,0.497937947511673,-0.03138304501771927,0.15291506052017212,0.5233185291290283,-0.03161891922354698,0.0,0.0,0.0,0.0,0.0,0.0,0.0,0.0,0.0,0.0,0.0,0.0,0.0,0.0,0.0,0.0,0.0,0.0,0.0,0.0,0.0,0.0,0.0,0.0,0.0,0.0,0.0,0.0,0.0,0.0,0.0,0.0,0.0,0.0,0.0,0.0,0.0,0.0,0.0,0.0,0.0,0.0,0.0,0.0,0.0,0.0,0.0,0.0,0.0,0.0,0.0,0.0,0.0,0.0,0.0,0.0,0.0,0.0,0.0,0.0,0.0,0.0,0.0,う
0.1713554561138153,0.6880210638046265,3.90407308259455e-07,0.2089288979768753,0.653709352016449,-0.028809992596507072,0.22140195965766907,0.5857357978820801,-0.033351317048072815,0.1974625289440155,0.5330930352210999,-0.03653399273753166,0.16982439160346985,0.496642142534256,-0.03742494061589241,0.2431318163871765,0.49848052859306335,0.005634945351630449,0.250289648771286,0.43042629957199097,0.0005203709006309509,0.2521384358406067,0.38867008686065674,-0.007111771963536739,0.25320935249328613,0.35148778557777405,-0.014003981836140156,0.2130918651819229,0.48783859610557556,0.008917270228266716,0.22206011414527893,0.4116837680339813,0.0011054391507059336,0.22767749428749084,0.3649543821811676,-0.010560229420661926,0.23308125138282776,0.32588857412338257,-0.0182266253978014,0.1826106756925583,0.4996037483215332,0.006811382248997688,0.1832733452320099,0.438528835773468,-0.017592281103134155,0.17929261922836304,0.4739028811454773,-0.031177416443824768,0.17607474327087402,0.5053626298904419,-0.03262750059366226,0.15473587810993195,0.5227159261703491,0.002471731975674629,0.14992889761924744,0.4744821786880493,-0.021027278155088425,0.1509491503238678,0.49682196974754333,-0.029020991176366806,0.15404945611953735,0.5227020978927612,-0.029868999496102333,0.0,0.0,0.0,0.0,0.0,0.0,0.0,0.0,0.0,0.0,0.0,0.0,0.0,0.0,0.0,0.0,0.0,0.0,0.0,0.0,0.0,0.0,0.0,0.0,0.0,0.0,0.0,0.0,0.0,0.0,0.0,0.0,0.0,0.0,0.0,0.0,0.0,0.0,0.0,0.0,0.0,0.0,0.0,0.0,0.0,0.0,0.0,0.0,0.0,0.0,0.0,0.0,0.0,0.0,0.0,0.0,0.0,0.0,0.0,0.0,0.0,0.0,0.0,う
0.17156633734703064,0.6874896287918091,3.858377795040724e-07,0.20801633596420288,0.6520401239395142,-0.030218133702874184,0.22059684991836548,0.5846344232559204,-0.03456025570631027,0.19709645211696625,0.530570387840271,-0.03715112432837486,0.16985930502414703,0.4926808774471283,-0.037350576370954514,0.24389980733394623,0.49745678901672363,0.006510866340249777,0.25072887539863586,0.42867815494537354,0.002342246938496828,0.2524735927581787,0.3870246410369873,-0.005015743430703878,0.2534668743610382,0.34995511174201965,-0.01188726257532835,0.21378672122955322,0.48697319626808167,0.010876083746552467,0.2225639820098877,0.4105035364627838,0.003929328639060259,0.22790181636810303,0.3641357719898224,-0.007882490754127502,0.23332516849040985,0.32519519329071045,-0.015739664435386658,0.18331854045391083,0.49913227558135986,0.00964781828224659,0.18409159779548645,0.4372561573982239,-0.014424406923353672,0.17993777990341187,0.47259315848350525,-0.028983868658542633,0.17714622616767883,0.5034364461898804,-0.031155487522482872,0.1555970460176468,0.5224496126174927,0.006116907577961683,0.1506466269493103,0.4744289219379425,-0.01759983040392399,0.1514442265033722,0.4965969920158386,-0.026559878140687943,0.15507157146930695,0.5214942693710327,-0.028125081211328506,0.0,0.0,0.0,0.0,0.0,0.0,0.0,0.0,0.0,0.0,0.0,0.0,0.0,0.0,0.0,0.0,0.0,0.0,0.0,0.0,0.0,0.0,0.0,0.0,0.0,0.0,0.0,0.0,0.0,0.0,0.0,0.0,0.0,0.0,0.0,0.0,0.0,0.0,0.0,0.0,0.0,0.0,0.0,0.0,0.0,0.0,0.0,0.0,0.0,0.0,0.0,0.0,0.0,0.0,0.0,0.0,0.0,0.0,0.0,0.0,0.0,0.0,0.0,う
0.17222405970096588,0.6907466650009155,3.90961076845997e-07,0.208480104804039,0.6554877758026123,-0.029940498992800713,0.22221384942531586,0.5886332392692566,-0.034920185804367065,0.20025883615016937,0.5346097350120544,-0.038281846791505814,0.17356713116168976,0.49457883834838867,-0.03919535130262375,0.24397513270378113,0.5013861656188965,0.00539545901119709,0.2510318160057068,0.4314914643764496,0.00018982458277605474,0.2525656819343567,0.3890041708946228,-0.007505807559937239,0.2533457279205322,0.3516407012939453,-0.014247674494981766,0.21394188702106476,0.4907686114311218,0.009553170762956142,0.22340188920497894,0.41324907541275024,0.0014328479301184416,0.22903698682785034,0.36550211906433105,-0.010506901890039444,0.23461081087589264,0.3262108862400055,-0.01815919391810894,0.18353717029094696,0.501773476600647,0.008189995773136616,0.18421229720115662,0.4406038820743561,-0.016275670379400253,0.17954713106155396,0.4757999777793884,-0.030224822461605072,0.17641286551952362,0.5069113373756409,-0.03182235732674599,0.15618115663528442,0.523379385471344,0.004524732008576393,0.15180133283138275,0.47573235630989075,-0.018823856487870216,0.15236559510231018,0.49819883704185486,-0.027029577642679214,0.15537682175636292,0.5234955549240112,-0.0279978197067976,0.0,0.0,0.0,0.0,0.0,0.0,0.0,0.0,0.0,0.0,0.0,0.0,0.0,0.0,0.0,0.0,0.0,0.0,0.0,0.0,0.0,0.0,0.0,0.0,0.0,0.0,0.0,0.0,0.0,0.0,0.0,0.0,0.0,0.0,0.0,0.0,0.0,0.0,0.0,0.0,0.0,0.0,0.0,0.0,0.0,0.0,0.0,0.0,0.0,0.0,0.0,0.0,0.0,0.0,0.0,0.0,0.0,0.0,0.0,0.0,0.0,0.0,0.0,う
0.17097078263759613,0.6886798143386841,3.979185123625939e-07,0.20778010785579681,0.6531962156295776,-0.028462454676628113,0.22168482840061188,0.5866749286651611,-0.03325952962040901,0.19944484531879425,0.5335527062416077,-0.03666216507554054,0.17201203107833862,0.4959496259689331,-0.037717055529356,0.24358069896697998,0.4990227222442627,0.004822352901101112,0.2503880262374878,0.4311484098434448,-0.001201433246023953,0.2522431015968323,0.3881502151489258,-0.009087863378226757,0.2533702254295349,0.3506479263305664,-0.015702221542596817,0.21329201757907867,0.4883539080619812,0.008095777593553066,0.2218450903892517,0.41286328434944153,-0.00045027839951217175,0.22702136635780334,0.3652183711528778,-0.011619300581514835,0.23270615935325623,0.3265347480773926,-0.018476400524377823,0.18287266790866852,0.49955296516418457,0.005995584186166525,0.18163205683231354,0.44284167885780334,-0.01872432231903076,0.1774173527956009,0.477626770734787,-0.03164442256093025,0.17550446093082428,0.5082563161849976,-0.032330915331840515,0.15512323379516602,0.5209572315216064,0.0016413968987762928,0.14888054132461548,0.4755540192127228,-0.021662766113877296,0.15095169842243195,0.4983674883842468,-0.02902553416788578,0.1566421389579773,0.5242324471473694,-0.029125839471817017,0.0,0.0,0.0,0.0,0.0,0.0,0.0,0.0,0.0,0.0,0.0,0.0,0.0,0.0,0.0,0.0,0.0,0.0,0.0,0.0,0.0,0.0,0.0,0.0,0.0,0.0,0.0,0.0,0.0,0.0,0.0,0.0,0.0,0.0,0.0,0.0,0.0,0.0,0.0,0.0,0.0,0.0,0.0,0.0,0.0,0.0,0.0,0.0,0.0,0.0,0.0,0.0,0.0,0.0,0.0,0.0,0.0,0.0,0.0,0.0,0.0,0.0,0.0,う
0.16971220076084137,0.6882535219192505,3.7132738839318336e-07,0.20620161294937134,0.6498078107833862,-0.028412556275725365,0.21931461989879608,0.5824203491210938,-0.033163055777549744,0.19601884484291077,0.531464695930481,-0.03665609657764435,0.1690690815448761,0.4943752884864807,-0.0379781611263752,0.24162831902503967,0.5002345442771912,0.005187320988625288,0.2490212321281433,0.4319630265235901,-0.0006816767854616046,0.250472754240036,0.38917383551597595,-0.009118658490478992,0.2517545521259308,0.35175079107284546,-0.016548985615372658,0.21109171211719513,0.4899827241897583,0.008409162983298302,0.21884870529174805,0.4144973158836365,-0.00044119026279076934,0.22347325086593628,0.3673076629638672,-0.01388118788599968,0.22941085696220398,0.3273617625236511,-0.022992968559265137,0.18057718873023987,0.5009992718696594,0.006424914579838514,0.18022842705249786,0.4425300359725952,-0.018207930028438568,0.17674921452999115,0.4767821729183197,-0.03355924040079117,0.17489756643772125,0.5084802508354187,-0.036506038159132004,0.15360590815544128,0.5227260589599609,0.00231486139819026,0.14720582962036133,0.4782160520553589,-0.02120422199368477,0.14914637804031372,0.4981826841831207,-0.03058077022433281,0.15397454798221588,0.5221245884895325,-0.032633207738399506,0.0,0.0,0.0,0.0,0.0,0.0,0.0,0.0,0.0,0.0,0.0,0.0,0.0,0.0,0.0,0.0,0.0,0.0,0.0,0.0,0.0,0.0,0.0,0.0,0.0,0.0,0.0,0.0,0.0,0.0,0.0,0.0,0.0,0.0,0.0,0.0,0.0,0.0,0.0,0.0,0.0,0.0,0.0,0.0,0.0,0.0,0.0,0.0,0.0,0.0,0.0,0.0,0.0,0.0,0.0,0.0,0.0,0.0,0.0,0.0,0.0,0.0,0.0,う
0.16912168264389038,0.6880934834480286,3.7823144793946994e-07,0.20627613365650177,0.6522396206855774,-0.027722859755158424,0.2197503000497818,0.5852178335189819,-0.0316651277244091,0.19678591191768646,0.5335527062416077,-0.03447095677256584,0.17007997632026672,0.49616044759750366,-0.03504469245672226,0.24048253893852234,0.4966849386692047,0.0066739474423229694,0.24694742262363434,0.4292795956134796,0.002024212386459112,0.24877308309078217,0.38760221004486084,-0.005338064860552549,0.25028660893440247,0.3510529100894928,-0.012020948342978954,0.20974433422088623,0.4867342412471771,0.009531551972031593,0.21716177463531494,0.41119909286499023,0.0021216999739408493,0.22230610251426697,0.36438846588134766,-0.009039518423378468,0.22799891233444214,0.3263016939163208,-0.016363635659217834,0.1788332462310791,0.49873170256614685,0.007016390562057495,0.17901992797851562,0.4388691186904907,-0.01722641848027706,0.17617487907409668,0.47482001781463623,-0.030513441190123558,0.17417214810848236,0.506064236164093,-0.03180789574980736,0.15062262117862701,0.5215462446212769,0.0023244586773216724,0.14507648348808289,0.47401440143585205,-0.02154209092259407,0.14804530143737793,0.4977058172225952,-0.02963566780090332,0.15350255370140076,0.5242681503295898,-0.030423875898122787,0.0,0.0,0.0,0.0,0.0,0.0,0.0,0.0,0.0,0.0,0.0,0.0,0.0,0.0,0.0,0.0,0.0,0.0,0.0,0.0,0.0,0.0,0.0,0.0,0.0,0.0,0.0,0.0,0.0,0.0,0.0,0.0,0.0,0.0,0.0,0.0,0.0,0.0,0.0,0.0,0.0,0.0,0.0,0.0,0.0,0.0,0.0,0.0,0.0,0.0,0.0,0.0,0.0,0.0,0.0,0.0,0.0,0.0,0.0,0.0,0.0,0.0,0.0,う
0.16956403851509094,0.6849848031997681,3.9168176613202377e-07,0.20650868117809296,0.6496706008911133,-0.029276013374328613,0.2195063978433609,0.5838207602500916,-0.03365853428840637,0.19557733833789825,0.5322155356407166,-0.03654216229915619,0.16894428431987762,0.49429264664649963,-0.03708755597472191,0.2401796579360962,0.49695587158203125,0.005854452960193157,0.2470751255750656,0.428412526845932,0.0015847587492316961,0.24862490594387054,0.3863494396209717,-0.0057801976799964905,0.24955248832702637,0.3492390513420105,-0.01258803904056549,0.20985303819179535,0.48707443475723267,0.00979495607316494,0.2178388237953186,0.4114688038825989,0.0025645841378718615,0.222978875041008,0.36392444372177124,-0.009852665476500988,0.22873467206954956,0.3245235085487366,-0.01833317242562771,0.17914147675037384,0.49912476539611816,0.008367861621081829,0.17931078374385834,0.44012266397476196,-0.015483500435948372,0.17535614967346191,0.47601938247680664,-0.030306311324238777,0.17259925603866577,0.507731020450592,-0.03287191689014435,0.15124104917049408,0.5218220353126526,0.004738787654787302,0.14558258652687073,0.47593745589256287,-0.018494166433811188,0.1466698795557022,0.49713853001594543,-0.02761220745742321,0.15015698969364166,0.5213845372200012,-0.02950694039463997,0.0,0.0,0.0,0.0,0.0,0.0,0.0,0.0,0.0,0.0,0.0,0.0,0.0,0.0,0.0,0.0,0.0,0.0,0.0,0.0,0.0,0.0,0.0,0.0,0.0,0.0,0.0,0.0,0.0,0.0,0.0,0.0,0.0,0.0,0.0,0.0,0.0,0.0,0.0,0.0,0.0,0.0,0.0,0.0,0.0,0.0,0.0,0.0,0.0,0.0,0.0,0.0,0.0,0.0,0.0,0.0,0.0,0.0,0.0,0.0,0.0,0.0,0.0,う
0.17005452513694763,0.6887632012367249,3.936797270398529e-07,0.20613646507263184,0.6538756489753723,-0.03024759702384472,0.21871685981750488,0.5864914655685425,-0.035398270934820175,0.19581745564937592,0.5340597629547119,-0.03891344368457794,0.16855134069919586,0.4955252707004547,-0.040080197155475616,0.2406003475189209,0.49853765964508057,0.004239149857312441,0.24713879823684692,0.4297136068344116,-0.001258673844859004,0.2486874759197235,0.38679173588752747,-0.009265310131013393,0.2496417611837387,0.3491383492946625,-0.01632504165172577,0.21028585731983185,0.48857083916664124,0.008132961578667164,0.21806488931179047,0.412099152803421,-0.0002238335000583902,0.22331832349300385,0.36401957273483276,-0.012590516358613968,0.22871723771095276,0.32442396879196167,-0.020619411021471024,0.17974413931369781,0.5009626150131226,0.006567384582012892,0.17921188473701477,0.4410158693790436,-0.018366161733865738,0.1756569743156433,0.47704607248306274,-0.03252024203538895,0.1732964962720871,0.5086496472358704,-0.03416713327169418,0.15224263072013855,0.5241293907165527,0.0026830362621694803,0.14578422904014587,0.47587287425994873,-0.02117910049855709,0.14756569266319275,0.4980640411376953,-0.02953631430864334,0.15213769674301147,0.5234283804893494,-0.030517050996422768,0.0,0.0,0.0,0.0,0.0,0.0,0.0,0.0,0.0,0.0,0.0,0.0,0.0,0.0,0.0,0.0,0.0,0.0,0.0,0.0,0.0,0.0,0.0,0.0,0.0,0.0,0.0,0.0,0.0,0.0,0.0,0.0,0.0,0.0,0.0,0.0,0.0,0.0,0.0,0.0,0.0,0.0,0.0,0.0,0.0,0.0,0.0,0.0,0.0,0.0,0.0,0.0,0.0,0.0,0.0,0.0,0.0,0.0,0.0,0.0,0.0,0.0,0.0,う
0.1710997074842453,0.6897719502449036,3.853441228329757e-07,0.20683200657367706,0.6557810306549072,-0.02949683926999569,0.22009441256523132,0.5898222923278809,-0.03512187302112579,0.19809576869010925,0.5361133813858032,-0.03928693011403084,0.17224125564098358,0.4978238642215729,-0.04122145473957062,0.24072881042957306,0.5006464719772339,0.0017339265905320644,0.24764806032180786,0.4311683773994446,-0.005000230856239796,0.24949166178703308,0.38823145627975464,-0.013244431465864182,0.2504982352256775,0.35066893696784973,-0.020090581849217415,0.21057730913162231,0.4905942678451538,0.005158423446118832,0.219660222530365,0.4121865928173065,-0.004016876220703125,0.22473540902137756,0.36382171511650085,-0.015783507376909256,0.23002353310585022,0.3243001699447632,-0.02309996448457241,0.18025249242782593,0.5026960968971252,0.0034322086721658707,0.1802961379289627,0.44264882802963257,-0.021110793575644493,0.17568230628967285,0.478121817111969,-0.033673230558633804,0.172982856631279,0.5095641016960144,-0.034302156418561935,0.15252289175987244,0.5258684754371643,-0.0005942645366303623,0.14762824773788452,0.4778349995613098,-0.023345792666077614,0.14808814227581024,0.5004364848136902,-0.030017849057912827,0.15114416182041168,0.5260326862335205,-0.029834739863872528,0.0,0.0,0.0,0.0,0.0,0.0,0.0,0.0,0.0,0.0,0.0,0.0,0.0,0.0,0.0,0.0,0.0,0.0,0.0,0.0,0.0,0.0,0.0,0.0,0.0,0.0,0.0,0.0,0.0,0.0,0.0,0.0,0.0,0.0,0.0,0.0,0.0,0.0,0.0,0.0,0.0,0.0,0.0,0.0,0.0,0.0,0.0,0.0,0.0,0.0,0.0,0.0,0.0,0.0,0.0,0.0,0.0,0.0,0.0,0.0,0.0,0.0,0.0,う
0.17076800763607025,0.6907768845558167,3.8053815387684153e-07,0.20565681159496307,0.6539363861083984,-0.030326157808303833,0.21841999888420105,0.5846339464187622,-0.03467931970953941,0.19456757605075836,0.5307519435882568,-0.037151407450437546,0.1665647327899933,0.49308302998542786,-0.0371607169508934,0.24211080372333527,0.49874454736709595,0.0066215177066624165,0.24852944910526276,0.42804452776908875,0.0024697515182197094,0.2496006339788437,0.38532301783561707,-0.004801392089575529,0.24996691942214966,0.34776127338409424,-0.0113868098706007,0.21146345138549805,0.48909270763397217,0.011367550119757652,0.2193283885717392,0.411012202501297,0.004374430514872074,0.22407005727291107,0.36355966329574585,-0.0073679122142493725,0.22883498668670654,0.32400649785995483,-0.014910627156496048,0.18090933561325073,0.5016487240791321,0.010595107451081276,0.18003973364830017,0.4406343996524811,-0.013074953109025955,0.1760004758834839,0.4769197702407837,-0.026966547593474388,0.17331278324127197,0.5075144171714783,-0.02852793224155903,0.1538902223110199,0.5249070525169373,0.007511691190302372,0.14794151484966278,0.47706547379493713,-0.015259992331266403,0.14834390580654144,0.5001272559165955,-0.023110363632440567,0.15163074433803558,0.5248124003410339,-0.023835698142647743,0.0,0.0,0.0,0.0,0.0,0.0,0.0,0.0,0.0,0.0,0.0,0.0,0.0,0.0,0.0,0.0,0.0,0.0,0.0,0.0,0.0,0.0,0.0,0.0,0.0,0.0,0.0,0.0,0.0,0.0,0.0,0.0,0.0,0.0,0.0,0.0,0.0,0.0,0.0,0.0,0.0,0.0,0.0,0.0,0.0,0.0,0.0,0.0,0.0,0.0,0.0,0.0,0.0,0.0,0.0,0.0,0.0,0.0,0.0,0.0,0.0,0.0,0.0,う
0.17103365063667297,0.6900026202201843,3.7643235373252537e-07,0.20628537237644196,0.6548330187797546,-0.029504379257559776,0.21946251392364502,0.5871030688285828,-0.03427915647625923,0.1965155452489853,0.5335355997085571,-0.03746756911277771,0.16904987394809723,0.49680548906326294,-0.03828442469239235,0.24198026955127716,0.49889546632766724,0.005221695173531771,0.24806812405586243,0.42835426330566406,7.731646473985165e-05,0.24924395978450775,0.3855014145374298,-0.007659199647605419,0.24970825016498566,0.3475651741027832,-0.014474110677838326,0.21205364167690277,0.48915359377861023,0.009021573700010777,0.2203092724084854,0.4116477370262146,0.0011521923588588834,0.22543326020240784,0.3640812635421753,-0.010337349027395248,0.2303929477930069,0.3241564631462097,-0.017596203833818436,0.18201562762260437,0.5014508962631226,0.0074541461654007435,0.18130932748317719,0.4413394629955292,-0.016395486891269684,0.17780256271362305,0.47822093963623047,-0.028862418606877327,0.1755746603012085,0.5086526274681091,-0.02945568412542343,0.1549340784549713,0.5246638059616089,0.00354506797157228,0.1497516632080078,0.4762806296348572,-0.018773820251226425,0.15078109502792358,0.5008405447006226,-0.02520233765244484,0.15457528829574585,0.5266017913818359,-0.024920787662267685,0.0,0.0,0.0,0.0,0.0,0.0,0.0,0.0,0.0,0.0,0.0,0.0,0.0,0.0,0.0,0.0,0.0,0.0,0.0,0.0,0.0,0.0,0.0,0.0,0.0,0.0,0.0,0.0,0.0,0.0,0.0,0.0,0.0,0.0,0.0,0.0,0.0,0.0,0.0,0.0,0.0,0.0,0.0,0.0,0.0,0.0,0.0,0.0,0.0,0.0,0.0,0.0,0.0,0.0,0.0,0.0,0.0,0.0,0.0,0.0,0.0,0.0,0.0,う
0.17194344103336334,0.6922367215156555,3.8563126736335107e-07,0.2067188173532486,0.6554957032203674,-0.03161809220910072,0.2183387130498886,0.5877768993377686,-0.03662894293665886,0.19513750076293945,0.5329288840293884,-0.03969854488968849,0.1679622083902359,0.49227821826934814,-0.04033444821834564,0.24212810397148132,0.49878570437431335,0.006066260859370232,0.24813464283943176,0.428399920463562,0.001538731507025659,0.24931016564369202,0.3857667148113251,-0.0062712132930755615,0.24973739683628082,0.34810954332351685,-0.0132972477003932,0.21157559752464294,0.48934078216552734,0.01083334069699049,0.21949249505996704,0.4117829203605652,0.003415777813643217,0.22437477111816406,0.3643156588077545,-0.009020662866532803,0.22941260039806366,0.3244275450706482,-0.017064105719327927,0.1808754801750183,0.5024973750114441,0.009870797395706177,0.17909115552902222,0.4417145848274231,-0.014840682968497276,0.175662100315094,0.47875335812568665,-0.029555916786193848,0.17380179464817047,0.5094865560531616,-0.03150627017021179,0.15332648158073425,0.5268337726593018,0.00651512248441577,0.14592239260673523,0.47565463185310364,-0.017327120527625084,0.14756199717521667,0.5002560019493103,-0.025597121566534042,0.15252932906150818,0.5273043513298035,-0.0264970101416111,0.0,0.0,0.0,0.0,0.0,0.0,0.0,0.0,0.0,0.0,0.0,0.0,0.0,0.0,0.0,0.0,0.0,0.0,0.0,0.0,0.0,0.0,0.0,0.0,0.0,0.0,0.0,0.0,0.0,0.0,0.0,0.0,0.0,0.0,0.0,0.0,0.0,0.0,0.0,0.0,0.0,0.0,0.0,0.0,0.0,0.0,0.0,0.0,0.0,0.0,0.0,0.0,0.0,0.0,0.0,0.0,0.0,0.0,0.0,0.0,0.0,0.0,0.0,う
0.169903963804245,0.6913067102432251,3.865308713102422e-07,0.20572789013385773,0.6541545987129211,-0.03095896542072296,0.2177901566028595,0.5848839282989502,-0.035598646849393845,0.19280891120433807,0.5315613746643066,-0.03826817497611046,0.16463319957256317,0.49451959133148193,-0.038429807871580124,0.24149464070796967,0.49768999218940735,0.006106456741690636,0.24756868183612823,0.42916929721832275,0.0015388254541903734,0.24891217052936554,0.38739120960235596,-0.006249857600778341,0.24979954957962036,0.3498099446296692,-0.013503205962479115,0.21060216426849365,0.48755598068237305,0.010617922060191631,0.21810591220855713,0.41161060333251953,0.0032025985419750214,0.22279787063598633,0.36493808031082153,-0.009225751273334026,0.228133887052536,0.3249504566192627,-0.01760949194431305,0.17984315752983093,0.5001977682113647,0.009421481750905514,0.17839309573173523,0.44025149941444397,-0.015405924059450626,0.17489713430404663,0.4756803810596466,-0.030979052186012268,0.17326609790325165,0.5064389705657959,-0.03379621356725693,0.15277209877967834,0.523765504360199,0.005878064315766096,0.14612387120723724,0.47721385955810547,-0.018760519102215767,0.14800016582012177,0.4996839761734009,-0.028692837804555893,0.15357598662376404,0.5245106816291809,-0.030942799523472786,0.0,0.0,0.0,0.0,0.0,0.0,0.0,0.0,0.0,0.0,0.0,0.0,0.0,0.0,0.0,0.0,0.0,0.0,0.0,0.0,0.0,0.0,0.0,0.0,0.0,0.0,0.0,0.0,0.0,0.0,0.0,0.0,0.0,0.0,0.0,0.0,0.0,0.0,0.0,0.0,0.0,0.0,0.0,0.0,0.0,0.0,0.0,0.0,0.0,0.0,0.0,0.0,0.0,0.0,0.0,0.0,0.0,0.0,0.0,0.0,0.0,0.0,0.0,う
0.17080821096897125,0.6911063194274902,3.9433481902051426e-07,0.20626775920391083,0.6538982391357422,-0.030257532373070717,0.21835285425186157,0.5848965644836426,-0.03555859252810478,0.19334498047828674,0.532073438167572,-0.03922797366976738,0.1644584685564041,0.49513009190559387,-0.04055964574217796,0.2408190816640854,0.4964161217212677,0.005303075537085533,0.24730487167835236,0.428046852350235,-5.297002280713059e-05,0.2485516518354416,0.3858344554901123,-0.008428226225078106,0.249198317527771,0.34812605381011963,-0.016034506261348724,0.20964062213897705,0.48693031072616577,0.008904749527573586,0.21721746027469635,0.4110524356365204,0.000870627467520535,0.2218872606754303,0.3642759323120117,-0.01183934137225151,0.22693511843681335,0.3236197829246521,-0.020427847281098366,0.17855072021484375,0.5002472400665283,0.006974011659622192,0.17748117446899414,0.43946465849876404,-0.018086440861225128,0.17470796406269073,0.47525832056999207,-0.03287415951490402,0.1730010211467743,0.5062789916992188,-0.03518882021307945,0.15116429328918457,0.524781346321106,0.0027100706938654184,0.144539013504982,0.47739219665527344,-0.02191898040473461,0.14731666445732117,0.49961915612220764,-0.030950423330068588,0.15299871563911438,0.5245341658592224,-0.03246741369366646,0.0,0.0,0.0,0.0,0.0,0.0,0.0,0.0,0.0,0.0,0.0,0.0,0.0,0.0,0.0,0.0,0.0,0.0,0.0,0.0,0.0,0.0,0.0,0.0,0.0,0.0,0.0,0.0,0.0,0.0,0.0,0.0,0.0,0.0,0.0,0.0,0.0,0.0,0.0,0.0,0.0,0.0,0.0,0.0,0.0,0.0,0.0,0.0,0.0,0.0,0.0,0.0,0.0,0.0,0.0,0.0,0.0,0.0,0.0,0.0,0.0,0.0,0.0,う
0.17124462127685547,0.6921199560165405,3.802888954851369e-07,0.20684635639190674,0.6554321646690369,-0.030534422025084496,0.21848416328430176,0.5868011116981506,-0.035648368299007416,0.19408391416072845,0.5345567464828491,-0.03909539803862572,0.16640053689479828,0.49602651596069336,-0.04033776745200157,0.24104444682598114,0.4966593086719513,0.004547128453850746,0.24701741337776184,0.428084135055542,-0.0008589067729189992,0.2481812685728073,0.3854749798774719,-0.009378914721310139,0.2487725019454956,0.34728437662124634,-0.017127761617302895,0.2101280838251114,0.48692214488983154,0.008328183554112911,0.2179621160030365,0.41094329953193665,0.00037826201878488064,0.2224200963973999,0.36408376693725586,-0.012468703091144562,0.22766806185245514,0.3233639895915985,-0.021216029301285744,0.17915108799934387,0.5000972747802734,0.0066176000982522964,0.17852848768234253,0.4394659698009491,-0.018011752516031265,0.17542806267738342,0.47578364610671997,-0.03278360515832901,0.1738373190164566,0.5069202780723572,-0.03525158017873764,0.15186667442321777,0.5248400568962097,0.0025253617204725742,0.14473532140254974,0.47622114419937134,-0.021662676706910133,0.1474439948797226,0.4994359612464905,-0.030608072876930237,0.15357080101966858,0.5253114104270935,-0.03220061585307121,0.0,0.0,0.0,0.0,0.0,0.0,0.0,0.0,0.0,0.0,0.0,0.0,0.0,0.0,0.0,0.0,0.0,0.0,0.0,0.0,0.0,0.0,0.0,0.0,0.0,0.0,0.0,0.0,0.0,0.0,0.0,0.0,0.0,0.0,0.0,0.0,0.0,0.0,0.0,0.0,0.0,0.0,0.0,0.0,0.0,0.0,0.0,0.0,0.0,0.0,0.0,0.0,0.0,0.0,0.0,0.0,0.0,0.0,0.0,0.0,0.0,0.0,0.0,う
0.1705942451953888,0.6861702799797058,3.8379499756047153e-07,0.2071225941181183,0.6505656242370605,-0.030683277174830437,0.2177981436252594,0.5841684341430664,-0.03552795946598053,0.1922980546951294,0.5333728194236755,-0.03842870518565178,0.1642337590456009,0.49567699432373047,-0.03892502188682556,0.24084988236427307,0.495672345161438,0.005619845353066921,0.2477409541606903,0.42659932374954224,0.001440241001546383,0.24855992197990417,0.38494643568992615,-0.00575712276622653,0.2483750730752945,0.3476473093032837,-0.012429263442754745,0.21070806682109833,0.48503661155700684,0.010139822959899902,0.21866199374198914,0.40856778621673584,0.0030294309835880995,0.22347311675548553,0.3626667857170105,-0.008710605092346668,0.22835946083068848,0.32275596261024475,-0.016331342980265617,0.18017585575580597,0.49721965193748474,0.009089609608054161,0.1795310229063034,0.43839049339294434,-0.015402022749185562,0.1770630031824112,0.4778789281845093,-0.02980273775756359,0.17543357610702515,0.5097693204879761,-0.03160814940929413,0.15270772576332092,0.5207521915435791,0.005754946265369654,0.14599789679050446,0.47500649094581604,-0.018314434215426445,0.14803549647331238,0.4999425411224365,-0.027047352865338326,0.15271596610546112,0.5251784920692444,-0.028287092223763466,0.0,0.0,0.0,0.0,0.0,0.0,0.0,0.0,0.0,0.0,0.0,0.0,0.0,0.0,0.0,0.0,0.0,0.0,0.0,0.0,0.0,0.0,0.0,0.0,0.0,0.0,0.0,0.0,0.0,0.0,0.0,0.0,0.0,0.0,0.0,0.0,0.0,0.0,0.0,0.0,0.0,0.0,0.0,0.0,0.0,0.0,0.0,0.0,0.0,0.0,0.0,0.0,0.0,0.0,0.0,0.0,0.0,0.0,0.0,0.0,0.0,0.0,0.0,う
0.1721046268939972,0.6846125721931458,3.853785983665148e-07,0.20729075372219086,0.6514930725097656,-0.03320906311273575,0.21961623430252075,0.5873064398765564,-0.03977267071604729,0.19729048013687134,0.5335251688957214,-0.04397592693567276,0.17147353291511536,0.4919307231903076,-0.04569109529256821,0.24171984195709229,0.4981452524662018,0.0007878351607359946,0.2479405254125595,0.4282603859901428,-0.005283546634018421,0.2487250566482544,0.3853132128715515,-0.013558237813413143,0.24887625873088837,0.3471115231513977,-0.020850136876106262,0.21169935166835785,0.48809266090393066,0.0062182387337088585,0.21961799263954163,0.40979206562042236,-0.0025591268204152584,0.2244391292333603,0.36226487159729004,-0.015009172260761261,0.22974061965942383,0.3214859366416931,-0.023274684324860573,0.18079203367233276,0.5001385807991028,0.006098420824855566,0.18122687935829163,0.4385777711868286,-0.01962672919034958,0.17809489369392395,0.47675997018814087,-0.03384433686733246,0.17606976628303528,0.5090378522872925,-0.03564257174730301,0.15281102061271667,0.522579550743103,0.0035048460122197866,0.14799846708774567,0.4749547243118286,-0.02152029424905777,0.14913298189640045,0.49966007471084595,-0.030260274186730385,0.15233805775642395,0.5257086753845215,-0.03155478462576866,0.0,0.0,0.0,0.0,0.0,0.0,0.0,0.0,0.0,0.0,0.0,0.0,0.0,0.0,0.0,0.0,0.0,0.0,0.0,0.0,0.0,0.0,0.0,0.0,0.0,0.0,0.0,0.0,0.0,0.0,0.0,0.0,0.0,0.0,0.0,0.0,0.0,0.0,0.0,0.0,0.0,0.0,0.0,0.0,0.0,0.0,0.0,0.0,0.0,0.0,0.0,0.0,0.0,0.0,0.0,0.0,0.0,0.0,0.0,0.0,0.0,0.0,0.0,う
0.17227503657341003,0.6861460208892822,3.9953013697413553e-07,0.20638442039489746,0.6527677774429321,-0.034655895084142685,0.21814869344234467,0.5865110158920288,-0.041264086961746216,0.19548696279525757,0.5320528149604797,-0.04516881704330444,0.16890724003314972,0.49103593826293945,-0.04643630608916283,0.24229592084884644,0.49659526348114014,0.00229581817984581,0.24860283732414246,0.4272093176841736,-0.0026500029489398003,0.24974066019058228,0.38444405794143677,-0.010556194931268692,0.2500529885292053,0.34679681062698364,-0.017789408564567566,0.21180333197116852,0.48703938722610474,0.008378572762012482,0.2191992998123169,0.40913867950439453,0.000737591355573386,0.22384013235569,0.36190325021743774,-0.011906818486750126,0.2290658801794052,0.3209135830402374,-0.02035463973879814,0.1808345466852188,0.5001906156539917,0.008611544966697693,0.1806604415178299,0.4390435516834259,-0.017109008505940437,0.17692981660366058,0.47600847482681274,-0.03297431766986847,0.17441821098327637,0.5075072050094604,-0.035758860409259796,0.15314382314682007,0.5239639282226562,0.006320214830338955,0.1465114802122116,0.47590261697769165,-0.01948205567896366,0.14773833751678467,0.4995540678501129,-0.029589228332042694,0.1515703797340393,0.5248910188674927,-0.03173566609621048,0.0,0.0,0.0,0.0,0.0,0.0,0.0,0.0,0.0,0.0,0.0,0.0,0.0,0.0,0.0,0.0,0.0,0.0,0.0,0.0,0.0,0.0,0.0,0.0,0.0,0.0,0.0,0.0,0.0,0.0,0.0,0.0,0.0,0.0,0.0,0.0,0.0,0.0,0.0,0.0,0.0,0.0,0.0,0.0,0.0,0.0,0.0,0.0,0.0,0.0,0.0,0.0,0.0,0.0,0.0,0.0,0.0,0.0,0.0,0.0,0.0,0.0,0.0,う
0.17150713503360748,0.6885788440704346,3.9248476468856097e-07,0.2073492705821991,0.65439772605896,-0.032948412001132965,0.21867190301418304,0.5857165455818176,-0.03812137246131897,0.19508135318756104,0.5325900316238403,-0.0407588817179203,0.16765519976615906,0.49283722043037415,-0.04082045704126358,0.24188226461410522,0.4962274134159088,0.004618766251951456,0.2482098639011383,0.42697063088417053,0.0005310890846885741,0.24923184514045715,0.3847655653953552,-0.006910785101354122,0.24955786764621735,0.34676435589790344,-0.013989405706524849,0.21191398799419403,0.48552578687667847,0.010287504643201828,0.21954286098480225,0.4085715711116791,0.003355327993631363,0.22425112128257751,0.3616653382778168,-0.00892883911728859,0.2294716238975525,0.32074010372161865,-0.01717524789273739,0.18137586116790771,0.4981176257133484,0.010167268104851246,0.1805700957775116,0.43740731477737427,-0.014896713197231293,0.17640140652656555,0.47569453716278076,-0.030576879158616066,0.17396442592144012,0.5074272751808167,-0.033295273780822754,0.1543063223361969,0.5222746133804321,0.007627288345247507,0.1472349911928177,0.47611936926841736,-0.01772409863770008,0.14809399843215942,0.5005896091461182,-0.02792465314269066,0.15208137035369873,0.5256087779998779,-0.030199015513062477,0.0,0.0,0.0,0.0,0.0,0.0,0.0,0.0,0.0,0.0,0.0,0.0,0.0,0.0,0.0,0.0,0.0,0.0,0.0,0.0,0.0,0.0,0.0,0.0,0.0,0.0,0.0,0.0,0.0,0.0,0.0,0.0,0.0,0.0,0.0,0.0,0.0,0.0,0.0,0.0,0.0,0.0,0.0,0.0,0.0,0.0,0.0,0.0,0.0,0.0,0.0,0.0,0.0,0.0,0.0,0.0,0.0,0.0,0.0,0.0,0.0,0.0,0.0,う
0.17229150235652924,0.6878726482391357,3.7906977468082914e-07,0.20763586461544037,0.6521347761154175,-0.03068779967725277,0.21946606040000916,0.5856788754463196,-0.03600730374455452,0.1957792341709137,0.5324363708496094,-0.03944367170333862,0.16915668547153473,0.49159491062164307,-0.040447529405355453,0.24128751456737518,0.4965355396270752,0.003529377980157733,0.24782857298851013,0.4262726306915283,-0.0019054048461839557,0.24888277053833008,0.38304010033607483,-0.009978820569813251,0.24920202791690826,0.3449641466140747,-0.017274359241127968,0.2109491378068924,0.48638948798179626,0.007745186798274517,0.2186109721660614,0.40946003794670105,-0.0005179221625439823,0.2232487052679062,0.3617052435874939,-0.013229670003056526,0.2281970977783203,0.3206299841403961,-0.021824199706315994,0.1802951544523239,0.4988500475883484,0.006563891191035509,0.1790272444486618,0.4381085932254791,-0.018060166388750076,0.17730776965618134,0.4747232496738434,-0.03264406695961952,0.17638851702213287,0.50626540184021,-0.035079509019851685,0.15305525064468384,0.5222431421279907,0.003048012498766184,0.14650224149227142,0.475831001996994,-0.021016618236899376,0.14971697330474854,0.49936196208000183,-0.0300533939152956,0.1553521454334259,0.5246123671531677,-0.03182075917720795,0.0,0.0,0.0,0.0,0.0,0.0,0.0,0.0,0.0,0.0,0.0,0.0,0.0,0.0,0.0,0.0,0.0,0.0,0.0,0.0,0.0,0.0,0.0,0.0,0.0,0.0,0.0,0.0,0.0,0.0,0.0,0.0,0.0,0.0,0.0,0.0,0.0,0.0,0.0,0.0,0.0,0.0,0.0,0.0,0.0,0.0,0.0,0.0,0.0,0.0,0.0,0.0,0.0,0.0,0.0,0.0,0.0,0.0,0.0,0.0,0.0,0.0,0.0,う
0.17100882530212402,0.6870498657226562,3.9714052491035545e-07,0.2073071151971817,0.651297926902771,-0.030949771404266357,0.2185647338628769,0.584282636642456,-0.036148615181446075,0.19620594382286072,0.532860517501831,-0.03948334977030754,0.17055612802505493,0.49106115102767944,-0.04037884250283241,0.24054019153118134,0.4943234324455261,0.003968471195548773,0.2472042441368103,0.42575713992118835,-0.001499886973761022,0.2486039698123932,0.38338083028793335,-0.00939229503273964,0.24913622438907623,0.3459165096282959,-0.016366098076105118,0.21032270789146423,0.48430418968200684,0.00820206105709076,0.21839866042137146,0.40737563371658325,1.3097377632220741e-05,0.22304782271385193,0.360321044921875,-0.01237904466688633,0.22801968455314636,0.3207783102989197,-0.02043766900897026,0.17979282140731812,0.4970664083957672,0.006819994188845158,0.1783417910337448,0.43794670701026917,-0.01863599568605423,0.17531326413154602,0.47469431161880493,-0.03406893089413643,0.17398662865161896,0.5065127611160278,-0.03656628727912903,0.15266864001750946,0.5206341743469238,0.003132763784378767,0.14504562318325043,0.47455865144729614,-0.021873120218515396,0.1477372646331787,0.4975396394729614,-0.031771816313266754,0.15381431579589844,0.5229358673095703,-0.03381656855344772,0.0,0.0,0.0,0.0,0.0,0.0,0.0,0.0,0.0,0.0,0.0,0.0,0.0,0.0,0.0,0.0,0.0,0.0,0.0,0.0,0.0,0.0,0.0,0.0,0.0,0.0,0.0,0.0,0.0,0.0,0.0,0.0,0.0,0.0,0.0,0.0,0.0,0.0,0.0,0.0,0.0,0.0,0.0,0.0,0.0,0.0,0.0,0.0,0.0,0.0,0.0,0.0,0.0,0.0,0.0,0.0,0.0,0.0,0.0,0.0,0.0,0.0,0.0,う
0.17169445753097534,0.6887160539627075,3.884872228354652e-07,0.20816290378570557,0.6511991024017334,-0.03192697465419769,0.21971386671066284,0.5843141078948975,-0.03690703958272934,0.19649524986743927,0.5328307747840881,-0.03989728167653084,0.16982340812683105,0.4918721914291382,-0.040487587451934814,0.24170824885368347,0.4941481947898865,0.005794283002614975,0.24812038242816925,0.4253796637058258,0.0015867592301219702,0.24899128079414368,0.38340336084365845,-0.0061487434431910515,0.2493394911289215,0.34567493200302124,-0.01338980346918106,0.21159951388835907,0.48454371094703674,0.010581783019006252,0.2192474603652954,0.40733152627944946,0.003668378107249737,0.22373752295970917,0.36091986298561096,-0.009051675908267498,0.22880873084068298,0.3205365538597107,-0.01775006204843521,0.18108871579170227,0.49740466475486755,0.009530504234135151,0.18053722381591797,0.4376498758792877,-0.015509807504713535,0.17706552147865295,0.4746786057949066,-0.03212769702076912,0.17497116327285767,0.5056750178337097,-0.035604361444711685,0.15413063764572144,0.5210170149803162,0.006122563499957323,0.14758414030075073,0.473172128200531,-0.018847130239009857,0.14956238865852356,0.49726787209510803,-0.02930309996008873,0.15463028848171234,0.523349404335022,-0.03194517642259598,0.0,0.0,0.0,0.0,0.0,0.0,0.0,0.0,0.0,0.0,0.0,0.0,0.0,0.0,0.0,0.0,0.0,0.0,0.0,0.0,0.0,0.0,0.0,0.0,0.0,0.0,0.0,0.0,0.0,0.0,0.0,0.0,0.0,0.0,0.0,0.0,0.0,0.0,0.0,0.0,0.0,0.0,0.0,0.0,0.0,0.0,0.0,0.0,0.0,0.0,0.0,0.0,0.0,0.0,0.0,0.0,0.0,0.0,0.0,0.0,0.0,0.0,0.0,う
0.17127478122711182,0.688755214214325,4.008043390513194e-07,0.20681288838386536,0.6512612700462341,-0.032023388892412186,0.2193170040845871,0.5827184319496155,-0.03667144104838371,0.19507916271686554,0.5276436805725098,-0.038879651576280594,0.16642387211322784,0.48748451471328735,-0.03828446939587593,0.24236761033535004,0.4945645034313202,0.006649245508015156,0.24904055893421173,0.42321792244911194,0.00264189881272614,0.25025954842567444,0.3803017735481262,-0.004085291177034378,0.25018957257270813,0.34254634380340576,-0.009781071916222572,0.21210578083992004,0.4842519760131836,0.012632409110665321,0.22038531303405762,0.4060599207878113,0.006176459603011608,0.2248603105545044,0.3580113649368286,-0.003944001160562038,0.2288377434015274,0.3182981014251709,-0.009558272548019886,0.18234242498874664,0.4962623417377472,0.012713147327303886,0.1793740838766098,0.4394431710243225,-0.011091649532318115,0.17695197463035583,0.47737187147140503,-0.023931939154863358,0.17623551189899445,0.506634533405304,-0.023991836234927177,0.1557874232530594,0.5188136100769043,0.010318542830646038,0.15000632405281067,0.4728304147720337,-0.01211360190063715,0.15139555931091309,0.49872803688049316,-0.018727226182818413,0.15603476762771606,0.523774266242981,-0.01801750622689724,0.0,0.0,0.0,0.0,0.0,0.0,0.0,0.0,0.0,0.0,0.0,0.0,0.0,0.0,0.0,0.0,0.0,0.0,0.0,0.0,0.0,0.0,0.0,0.0,0.0,0.0,0.0,0.0,0.0,0.0,0.0,0.0,0.0,0.0,0.0,0.0,0.0,0.0,0.0,0.0,0.0,0.0,0.0,0.0,0.0,0.0,0.0,0.0,0.0,0.0,0.0,0.0,0.0,0.0,0.0,0.0,0.0,0.0,0.0,0.0,0.0,0.0,0.0,う
0.17458871006965637,0.694116473197937,3.9907024529384216e-07,0.21160246431827545,0.6584914922714233,-0.03195105120539665,0.2252855896949768,0.5886560678482056,-0.03713025152683258,0.1995355784893036,0.5336763858795166,-0.03994561731815338,0.17024818062782288,0.4949749708175659,-0.03992753475904465,0.24470627307891846,0.500926673412323,0.004466374404728413,0.25160712003707886,0.42809972167015076,-0.00018526596250012517,0.2527128756046295,0.38462477922439575,-0.007062046322971582,0.2530873417854309,0.3473721146583557,-0.012887571007013321,0.21465545892715454,0.490980863571167,0.00992023665457964,0.2227262705564499,0.41068798303604126,0.0026143924333155155,0.22799687087535858,0.3612382113933563,-0.008087899535894394,0.23294693231582642,0.3208087980747223,-0.014513515867292881,0.18465650081634521,0.5026841759681702,0.00964365340769291,0.1835620105266571,0.4427688717842102,-0.014638853259384632,0.18158991634845734,0.4819037616252899,-0.027482470497488976,0.18041907250881195,0.5140762329101562,-0.027848098427057266,0.15753048658370972,0.524125874042511,0.006931159645318985,0.1524820625782013,0.47723984718322754,-0.01556420885026455,0.15498632192611694,0.502101719379425,-0.022458601742982864,0.15978756546974182,0.5273930430412292,-0.022364474833011627,0.0,0.0,0.0,0.0,0.0,0.0,0.0,0.0,0.0,0.0,0.0,0.0,0.0,0.0,0.0,0.0,0.0,0.0,0.0,0.0,0.0,0.0,0.0,0.0,0.0,0.0,0.0,0.0,0.0,0.0,0.0,0.0,0.0,0.0,0.0,0.0,0.0,0.0,0.0,0.0,0.0,0.0,0.0,0.0,0.0,0.0,0.0,0.0,0.0,0.0,0.0,0.0,0.0,0.0,0.0,0.0,0.0,0.0,0.0,0.0,0.0,0.0,0.0,う
0.1733698546886444,0.6915229558944702,4.004784841526998e-07,0.2117735892534256,0.6561076045036316,-0.03157833218574524,0.22638040781021118,0.5880284309387207,-0.03698091581463814,0.20164945721626282,0.5334830284118652,-0.04016618803143501,0.17302840948104858,0.4949807822704315,-0.04064660146832466,0.24489091336727142,0.4990423619747162,0.004293347708880901,0.2516876459121704,0.4275142252445221,-0.0005865890998393297,0.2529129981994629,0.3848731219768524,-0.007634705398231745,0.25331053137779236,0.34785890579223633,-0.013651493936777115,0.21487225592136383,0.48916706442832947,0.009445506148040295,0.223347008228302,0.41042855381965637,0.002015733392909169,0.22857271134853363,0.36257004737854004,-0.0085439532995224,0.23317641019821167,0.3234432339668274,-0.014922318048775196,0.1850598007440567,0.5008748173713684,0.008873489685356617,0.18403346836566925,0.4408473074436188,-0.015360569581389427,0.18187206983566284,0.47840455174446106,-0.02817409485578537,0.1807073950767517,0.5097717642784119,-0.028683442622423172,0.15795470774173737,0.5224575996398926,0.005857445765286684,0.15309584140777588,0.4752061069011688,-0.01685095764696598,0.15576276183128357,0.4993753135204315,-0.02396966889500618,0.16085201501846313,0.52492755651474,-0.02403937093913555,0.0,0.0,0.0,0.0,0.0,0.0,0.0,0.0,0.0,0.0,0.0,0.0,0.0,0.0,0.0,0.0,0.0,0.0,0.0,0.0,0.0,0.0,0.0,0.0,0.0,0.0,0.0,0.0,0.0,0.0,0.0,0.0,0.0,0.0,0.0,0.0,0.0,0.0,0.0,0.0,0.0,0.0,0.0,0.0,0.0,0.0,0.0,0.0,0.0,0.0,0.0,0.0,0.0,0.0,0.0,0.0,0.0,0.0,0.0,0.0,0.0,0.0,0.0,う
0.17480529844760895,0.6925432682037354,3.8410425418078376e-07,0.21148793399333954,0.656731903553009,-0.03175147622823715,0.2254049926996231,0.5894731283187866,-0.03660469874739647,0.2023303061723709,0.5341315269470215,-0.03927560895681381,0.17540626227855682,0.4929696321487427,-0.03930550068616867,0.24596191942691803,0.4993501603603363,0.005264433566480875,0.2527218163013458,0.427977055311203,0.0007937080808915198,0.253653883934021,0.3850410282611847,-0.006447057705372572,0.25365501642227173,0.34753113985061646,-0.012904046103358269,0.21597017347812653,0.48922404646873474,0.010435733944177628,0.22435617446899414,0.41040724515914917,0.0031254482455551624,0.22927814722061157,0.3625074326992035,-0.008190003223717213,0.23414120078086853,0.32254502177238464,-0.015323451720178127,0.18534713983535767,0.5015820264816284,0.009906084276735783,0.1854766458272934,0.43974918127059937,-0.014840616844594479,0.18262460827827454,0.47937658429145813,-0.027862150222063065,0.18094609677791595,0.5116090774536133,-0.0285445898771286,0.15710721909999847,0.5248963832855225,0.006957988254725933,0.15303200483322144,0.47592344880104065,-0.017062949016690254,0.1545402854681015,0.5019491314888,-0.024545248597860336,0.15825457870960236,0.5283647775650024,-0.02473178505897522,0.0,0.0,0.0,0.0,0.0,0.0,0.0,0.0,0.0,0.0,0.0,0.0,0.0,0.0,0.0,0.0,0.0,0.0,0.0,0.0,0.0,0.0,0.0,0.0,0.0,0.0,0.0,0.0,0.0,0.0,0.0,0.0,0.0,0.0,0.0,0.0,0.0,0.0,0.0,0.0,0.0,0.0,0.0,0.0,0.0,0.0,0.0,0.0,0.0,0.0,0.0,0.0,0.0,0.0,0.0,0.0,0.0,0.0,0.0,0.0,0.0,0.0,0.0,う
0.16220524907112122,0.6757304668426514,3.148097960092855e-08,0.20877449214458466,0.6777691841125488,-0.027748527005314827,0.2590230107307434,0.6389832496643066,-0.038811471313238144,0.2782805860042572,0.5947315692901611,-0.05011329799890518,0.2510185241699219,0.578719437122345,-0.05998009443283081,0.24507257342338562,0.5153061747550964,-0.005117619875818491,0.2592618465423584,0.44348928332328796,-0.028139445930719376,0.2547076940536499,0.4396212100982666,-0.04993593320250511,0.24604324996471405,0.4748991131782532,-0.060890763998031616,0.21223019063472748,0.5032265186309814,-0.0027522211894392967,0.22515493631362915,0.4205060303211212,-0.025046799331903458,0.21709087491035461,0.4282475411891937,-0.04772920534014702,0.21139168739318848,0.46844106912612915,-0.05945852771401405,0.1825079321861267,0.5027886629104614,-0.004953048657625914,0.19098153710365295,0.43195563554763794,-0.02280367538332939,0.18780915439128876,0.43409401178359985,-0.04078255221247673,0.18425852060317993,0.4723566770553589,-0.049425896257162094,0.15128803253173828,0.5121011137962341,-0.01015297882258892,0.1606566458940506,0.45382535457611084,-0.02142603136599064,0.16306298971176147,0.44937312602996826,-0.03032323159277439,0.1640743613243103,0.4733259975910187,-0.03512338921427727,0.0,0.0,0.0,0.0,0.0,0.0,0.0,0.0,0.0,0.0,0.0,0.0,0.0,0.0,0.0,0.0,0.0,0.0,0.0,0.0,0.0,0.0,0.0,0.0,0.0,0.0,0.0,0.0,0.0,0.0,0.0,0.0,0.0,0.0,0.0,0.0,0.0,0.0,0.0,0.0,0.0,0.0,0.0,0.0,0.0,0.0,0.0,0.0,0.0,0.0,0.0,0.0,0.0,0.0,0.0,0.0,0.0,0.0,0.0,0.0,0.0,0.0,0.0,え
0.1617397665977478,0.6736134886741638,3.809220672224001e-08,0.20870958268642426,0.6751165390014648,-0.025429297238588333,0.2573382556438446,0.6382774710655212,-0.03620803356170654,0.2774401903152466,0.5963619947433472,-0.047629162669181824,0.25154271721839905,0.5780197381973267,-0.05798327922821045,0.24350333213806152,0.513810932636261,-0.004926898516714573,0.25772619247436523,0.4427632987499237,-0.028200605884194374,0.25586068630218506,0.4391123652458191,-0.05070286616683006,0.24840590357780457,0.47414466738700867,-0.062168724834918976,0.2107364684343338,0.5021494626998901,-0.003790508722886443,0.22379763424396515,0.42032861709594727,-0.025742778554558754,0.21848981082439423,0.4267846941947937,-0.049353763461112976,0.21319590508937836,0.465936541557312,-0.06235254928469658,0.18104130029678345,0.5021741986274719,-0.006918133236467838,0.18976271152496338,0.4320161044597626,-0.024478087201714516,0.18814492225646973,0.4326815903186798,-0.04353189840912819,0.1845984160900116,0.4696461260318756,-0.053469929844141006,0.14993417263031006,0.5125073790550232,-0.012756852433085442,0.1601347029209137,0.45584484934806824,-0.024135833606123924,0.1639343500137329,0.45006266236305237,-0.03377941623330116,0.16562201082706451,0.4720771610736847,-0.03942891210317612,0.0,0.0,0.0,0.0,0.0,0.0,0.0,0.0,0.0,0.0,0.0,0.0,0.0,0.0,0.0,0.0,0.0,0.0,0.0,0.0,0.0,0.0,0.0,0.0,0.0,0.0,0.0,0.0,0.0,0.0,0.0,0.0,0.0,0.0,0.0,0.0,0.0,0.0,0.0,0.0,0.0,0.0,0.0,0.0,0.0,0.0,0.0,0.0,0.0,0.0,0.0,0.0,0.0,0.0,0.0,0.0,0.0,0.0,0.0,0.0,0.0,0.0,0.0,え
0.16282197833061218,0.6749115586280823,3.780472468406515e-08,0.20897164940834045,0.6754900217056274,-0.025575844570994377,0.2566947638988495,0.6386734843254089,-0.03703342378139496,0.27605000138282776,0.59663987159729,-0.049117766320705414,0.25079455971717834,0.5774258375167847,-0.05994831398129463,0.24360576272010803,0.5147701501846313,-0.005896989721804857,0.2575031518936157,0.44237273931503296,-0.029618296772241592,0.2546897828578949,0.43978598713874817,-0.051847029477357864,0.2471754401922226,0.47570136189460754,-0.06284558027982712,0.21082818508148193,0.5034098625183105,-0.00478356285020709,0.2241203337907791,0.42002081871032715,-0.02700142189860344,0.21801051497459412,0.42764556407928467,-0.04939090833067894,0.21313010156154633,0.46700629591941833,-0.06102540343999863,0.18101273477077484,0.5033431649208069,-0.007957203313708305,0.18981210887432098,0.43162938952445984,-0.0253304410725832,0.18819525837898254,0.43356189131736755,-0.04235571622848511,0.18540650606155396,0.47056543827056885,-0.05059167370200157,0.14990758895874023,0.5134642124176025,-0.013944162055850029,0.1597704291343689,0.4560283422470093,-0.024821672588586807,0.16374118626117706,0.4506760537624359,-0.03292703628540039,0.16597993671894073,0.4724344313144684,-0.037168532609939575,0.0,0.0,0.0,0.0,0.0,0.0,0.0,0.0,0.0,0.0,0.0,0.0,0.0,0.0,0.0,0.0,0.0,0.0,0.0,0.0,0.0,0.0,0.0,0.0,0.0,0.0,0.0,0.0,0.0,0.0,0.0,0.0,0.0,0.0,0.0,0.0,0.0,0.0,0.0,0.0,0.0,0.0,0.0,0.0,0.0,0.0,0.0,0.0,0.0,0.0,0.0,0.0,0.0,0.0,0.0,0.0,0.0,0.0,0.0,0.0,0.0,0.0,0.0,え
0.16204433143138885,0.6750436425209045,3.061635567291887e-08,0.20830336213111877,0.6740806698799133,-0.024820217862725258,0.25445660948753357,0.6391798257827759,-0.03633957356214523,0.2727668285369873,0.5983394980430603,-0.04859105125069618,0.24878978729248047,0.5763555765151978,-0.05956771969795227,0.24246495962142944,0.5137286186218262,-0.005321014206856489,0.25673067569732666,0.4419481158256531,-0.02886708453297615,0.25343987345695496,0.43956202268600464,-0.05092505365610123,0.24556921422481537,0.4750865697860718,-0.06164083257317543,0.21012409031391144,0.5027390122413635,-0.004331057891249657,0.22323058545589447,0.42027807235717773,-0.02583564631640911,0.21739324927330017,0.427202045917511,-0.047778647392988205,0.21225203573703766,0.4660622477531433,-0.059119533747434616,0.1803821176290512,0.5029933452606201,-0.007547501474618912,0.18903090059757233,0.4319109618663788,-0.024625929072499275,0.18756654858589172,0.43321049213409424,-0.041182827204465866,0.1846962869167328,0.4695368707180023,-0.04898245260119438,0.14916230738162994,0.513495922088623,-0.013451922684907913,0.15823183953762054,0.4552503526210785,-0.024357296526432037,0.16221505403518677,0.44866788387298584,-0.03196389973163605,0.1644056737422943,0.4692886173725128,-0.035560429096221924,0.0,0.0,0.0,0.0,0.0,0.0,0.0,0.0,0.0,0.0,0.0,0.0,0.0,0.0,0.0,0.0,0.0,0.0,0.0,0.0,0.0,0.0,0.0,0.0,0.0,0.0,0.0,0.0,0.0,0.0,0.0,0.0,0.0,0.0,0.0,0.0,0.0,0.0,0.0,0.0,0.0,0.0,0.0,0.0,0.0,0.0,0.0,0.0,0.0,0.0,0.0,0.0,0.0,0.0,0.0,0.0,0.0,0.0,0.0,0.0,0.0,0.0,0.0,え
0.160897895693779,0.6731045246124268,3.630168876611606e-08,0.20713713765144348,0.6735477447509766,-0.026556123048067093,0.2540573179721832,0.6387829780578613,-0.03889736533164978,0.2728666365146637,0.5997878313064575,-0.05175868421792984,0.24886071681976318,0.5765800476074219,-0.06341265141963959,0.24158474802970886,0.5130346417427063,-0.006961561739444733,0.25633448362350464,0.44151538610458374,-0.031132511794567108,0.2530246376991272,0.4394281506538391,-0.05385095626115799,0.24523983895778656,0.47574177384376526,-0.06504266709089279,0.20911450684070587,0.5020108819007874,-0.00536483246833086,0.22201760113239288,0.4195239543914795,-0.027718251571059227,0.21579040586948395,0.4271754026412964,-0.051076970994472504,0.21118026971817017,0.4662746787071228,-0.06349482387304306,0.1795642077922821,0.5020983219146729,-0.008088882081210613,0.18820622563362122,0.43130967020988464,-0.025726385414600372,0.18658697605133057,0.43199360370635986,-0.04434776306152344,0.183973029255867,0.46886682510375977,-0.05372776836156845,0.14858315885066986,0.5126890540122986,-0.013576778583228588,0.15763381123542786,0.455719918012619,-0.024884579703211784,0.16152268648147583,0.4485861659049988,-0.03409549966454506,0.1640303134918213,0.46940839290618896,-0.03913557901978493,0.0,0.0,0.0,0.0,0.0,0.0,0.0,0.0,0.0,0.0,0.0,0.0,0.0,0.0,0.0,0.0,0.0,0.0,0.0,0.0,0.0,0.0,0.0,0.0,0.0,0.0,0.0,0.0,0.0,0.0,0.0,0.0,0.0,0.0,0.0,0.0,0.0,0.0,0.0,0.0,0.0,0.0,0.0,0.0,0.0,0.0,0.0,0.0,0.0,0.0,0.0,0.0,0.0,0.0,0.0,0.0,0.0,0.0,0.0,0.0,0.0,0.0,0.0,え
0.16031414270401,0.6737414598464966,6.349574732666952e-08,0.2060481458902359,0.674001157283783,-0.030377967283129692,0.25349175930023193,0.6393741369247437,-0.04474199563264847,0.2726758122444153,0.5999026894569397,-0.05901672691106796,0.24885593354701996,0.5753465890884399,-0.07188861072063446,0.24178288877010345,0.5140149593353271,-0.01035421434789896,0.25655636191368103,0.4422650933265686,-0.03554445132613182,0.25269463658332825,0.4401839077472687,-0.05883535370230675,0.24464364349842072,0.47699618339538574,-0.07041753083467484,0.20862366259098053,0.5022640228271484,-0.007197259925305843,0.22190919518470764,0.4192618131637573,-0.03062100149691105,0.2145124077796936,0.42663025856018066,-0.05484316498041153,0.20960277318954468,0.4654688835144043,-0.06789468973875046,0.17869839072227478,0.5020683407783508,-0.008677944540977478,0.1871449500322342,0.4314134418964386,-0.02723696641623974,0.18471136689186096,0.4321454167366028,-0.04706023633480072,0.18200232088565826,0.46965765953063965,-0.05729139968752861,0.14785274863243103,0.512580156326294,-0.013207187876105309,0.15642589330673218,0.45584675669670105,-0.02518879622220993,0.1600877046585083,0.449876993894577,-0.035453520715236664,0.1628130078315735,0.47239381074905396,-0.04137915372848511,0.0,0.0,0.0,0.0,0.0,0.0,0.0,0.0,0.0,0.0,0.0,0.0,0.0,0.0,0.0,0.0,0.0,0.0,0.0,0.0,0.0,0.0,0.0,0.0,0.0,0.0,0.0,0.0,0.0,0.0,0.0,0.0,0.0,0.0,0.0,0.0,0.0,0.0,0.0,0.0,0.0,0.0,0.0,0.0,0.0,0.0,0.0,0.0,0.0,0.0,0.0,0.0,0.0,0.0,0.0,0.0,0.0,0.0,0.0,0.0,0.0,0.0,0.0,え
0.15999992191791534,0.6739860773086548,4.592065394604106e-08,0.2059928923845291,0.6751980185508728,-0.028595618903636932,0.2537080943584442,0.6385493278503418,-0.0418020635843277,0.2723837196826935,0.5977104902267456,-0.05518163740634918,0.24743527173995972,0.5758338570594788,-0.06730370968580246,0.24134758114814758,0.513565182685852,-0.00917559303343296,0.2557012736797333,0.44143402576446533,-0.033999279141426086,0.2518588900566101,0.43946725130081177,-0.05701166018843651,0.24385832250118256,0.4760039150714874,-0.06856443732976913,0.20850089192390442,0.5024488568305969,-0.006986845284700394,0.22169837355613708,0.4184567332267761,-0.030664127320051193,0.21457384526729584,0.4261418282985687,-0.05487915128469467,0.2096196711063385,0.46572649478912354,-0.06781816482543945,0.17878076434135437,0.502750039100647,-0.009239084087312222,0.18675948679447174,0.4312436282634735,-0.028127849102020264,0.18487949669361115,0.4328557848930359,-0.047960855066776276,0.18277022242546082,0.47110921144485474,-0.05807279050350189,0.14780521392822266,0.513654351234436,-0.014375672675669193,0.15651655197143555,0.456636905670166,-0.02664574421942234,0.16075092554092407,0.45119062066078186,-0.036992259323596954,0.16416901350021362,0.4743456542491913,-0.04296443983912468,0.0,0.0,0.0,0.0,0.0,0.0,0.0,0.0,0.0,0.0,0.0,0.0,0.0,0.0,0.0,0.0,0.0,0.0,0.0,0.0,0.0,0.0,0.0,0.0,0.0,0.0,0.0,0.0,0.0,0.0,0.0,0.0,0.0,0.0,0.0,0.0,0.0,0.0,0.0,0.0,0.0,0.0,0.0,0.0,0.0,0.0,0.0,0.0,0.0,0.0,0.0,0.0,0.0,0.0,0.0,0.0,0.0,0.0,0.0,0.0,0.0,0.0,0.0,え
0.16034576296806335,0.6733872890472412,3.734518827513966e-08,0.2056843340396881,0.674321174621582,-0.028760384768247604,0.25289812684059143,0.6380100250244141,-0.041969750076532364,0.2716400623321533,0.5982009768486023,-0.055271442979574203,0.2479984015226364,0.5772790908813477,-0.06721970438957214,0.2408369779586792,0.5137458443641663,-0.009365936741232872,0.25531452894210815,0.4417846202850342,-0.03429423272609711,0.2507733106613159,0.4405437409877777,-0.05740766599774361,0.2425495982170105,0.47713541984558105,-0.06904228031635284,0.20789343118667603,0.5026155114173889,-0.007116794120520353,0.22127388417720795,0.4184949994087219,-0.031106263399124146,0.2134261578321457,0.42730048298835754,-0.055442266166210175,0.20800206065177917,0.46703994274139404,-0.06832906603813171,0.17784762382507324,0.5028589963912964,-0.009294111281633377,0.18584103882312775,0.4314357340335846,-0.028119586408138275,0.1830916553735733,0.4344136118888855,-0.04751692712306976,0.18050836026668549,0.4725416302680969,-0.057245440781116486,0.14703112840652466,0.513697624206543,-0.014382137916982174,0.1549711525440216,0.45613744854927063,-0.026189008727669716,0.15826842188835144,0.45154789090156555,-0.03583304211497307,0.16082170605659485,0.4746323525905609,-0.041304558515548706,0.0,0.0,0.0,0.0,0.0,0.0,0.0,0.0,0.0,0.0,0.0,0.0,0.0,0.0,0.0,0.0,0.0,0.0,0.0,0.0,0.0,0.0,0.0,0.0,0.0,0.0,0.0,0.0,0.0,0.0,0.0,0.0,0.0,0.0,0.0,0.0,0.0,0.0,0.0,0.0,0.0,0.0,0.0,0.0,0.0,0.0,0.0,0.0,0.0,0.0,0.0,0.0,0.0,0.0,0.0,0.0,0.0,0.0,0.0,0.0,0.0,0.0,0.0,え
0.1620102971792221,0.6761020421981812,4.175171497422525e-08,0.2072422057390213,0.675990879535675,-0.029779711738228798,0.2543303370475769,0.6388967633247375,-0.04358750954270363,0.27194830775260925,0.597816526889801,-0.057383641600608826,0.24646833539009094,0.5768699049949646,-0.06972827017307281,0.24202002584934235,0.513755202293396,-0.00926243793219328,0.2559351921081543,0.4427921175956726,-0.034296680241823196,0.25114914774894714,0.4414271116256714,-0.05758042261004448,0.24196098744869232,0.4774552583694458,-0.06922652572393417,0.20867671072483063,0.5025212168693542,-0.006626646965742111,0.22160100936889648,0.4187326729297638,-0.030276764184236526,0.21354584395885468,0.4271906614303589,-0.05422100052237511,0.20769719779491425,0.46638917922973633,-0.0667782798409462,0.17860622704029083,0.5028935670852661,-0.008587189018726349,0.18703807890415192,0.43144679069519043,-0.027136705815792084,0.18401208519935608,0.43412894010543823,-0.04598443582653999,0.18067622184753418,0.4718646705150604,-0.05523863807320595,0.1475311666727066,0.5140447616577148,-0.013603579252958298,0.1557217836380005,0.4553799629211426,-0.025095269083976746,0.15837669372558594,0.4498191475868225,-0.03423140570521355,0.16007459163665771,0.4719773232936859,-0.03925658389925957,0.0,0.0,0.0,0.0,0.0,0.0,0.0,0.0,0.0,0.0,0.0,0.0,0.0,0.0,0.0,0.0,0.0,0.0,0.0,0.0,0.0,0.0,0.0,0.0,0.0,0.0,0.0,0.0,0.0,0.0,0.0,0.0,0.0,0.0,0.0,0.0,0.0,0.0,0.0,0.0,0.0,0.0,0.0,0.0,0.0,0.0,0.0,0.0,0.0,0.0,0.0,0.0,0.0,0.0,0.0,0.0,0.0,0.0,0.0,0.0,0.0,0.0,0.0,え
0.16174161434173584,0.6773543357849121,3.042618601512004e-08,0.20861132442951202,0.6764075756072998,-0.026560431346297264,0.2551112771034241,0.6404553651809692,-0.0389656163752079,0.27398476004600525,0.6011260747909546,-0.05189299210906029,0.24916131794452667,0.5798959136009216,-0.06349634379148483,0.24264994263648987,0.5139778256416321,-0.007172199431806803,0.25420838594436646,0.4424615502357483,-0.031994473189115524,0.2506007254123688,0.4383571445941925,-0.054824765771627426,0.2443644106388092,0.4741286337375641,-0.06607266515493393,0.20949290692806244,0.5034107565879822,-0.005902484059333801,0.21971023082733154,0.4201919436454773,-0.029094018042087555,0.21258555352687836,0.426691472530365,-0.05151539295911789,0.20863212645053864,0.4660224914550781,-0.06291314214468002,0.17950159311294556,0.5054550170898438,-0.00909494049847126,0.18557631969451904,0.434516578912735,-0.027202853932976723,0.18288399279117584,0.4356873035430908,-0.04400557279586792,0.18125124275684357,0.47234684228897095,-0.0518680140376091,0.1490303874015808,0.5187946557998657,-0.015222038142383099,0.15604005753993988,0.4644252061843872,-0.0266440287232399,0.1588430106639862,0.45787954330444336,-0.03490700572729111,0.16152441501617432,0.47862228751182556,-0.03905792161822319,0.0,0.0,0.0,0.0,0.0,0.0,0.0,0.0,0.0,0.0,0.0,0.0,0.0,0.0,0.0,0.0,0.0,0.0,0.0,0.0,0.0,0.0,0.0,0.0,0.0,0.0,0.0,0.0,0.0,0.0,0.0,0.0,0.0,0.0,0.0,0.0,0.0,0.0,0.0,0.0,0.0,0.0,0.0,0.0,0.0,0.0,0.0,0.0,0.0,0.0,0.0,0.0,0.0,0.0,0.0,0.0,0.0,0.0,0.0,0.0,0.0,0.0,0.0,え
0.1647179126739502,0.6771208047866821,2.5121641655800886e-08,0.21077629923820496,0.6752973794937134,-0.023717567324638367,0.2574983239173889,0.6396046280860901,-0.034632354974746704,0.2755187153816223,0.6005568504333496,-0.0461493581533432,0.2508698105812073,0.5800940990447998,-0.05640728771686554,0.2448771893978119,0.5164700746536255,-0.00588306924328208,0.25618410110473633,0.4439122676849365,-0.029233014211058617,0.2536088824272156,0.4424304664134979,-0.050761669874191284,0.24867449700832367,0.47764918208122253,-0.06122979521751404,0.21189166605472565,0.5054954290390015,-0.0054618120193481445,0.22226642072200775,0.42185500264167786,-0.02749248780310154,0.2173108011484146,0.43022844195365906,-0.04876400902867317,0.2144739180803299,0.46983015537261963,-0.0593092106282711,0.18184027075767517,0.5070734620094299,-0.009077881462872028,0.18798451125621796,0.43533629179000854,-0.026235220953822136,0.18753615021705627,0.4382796287536621,-0.04195642098784447,0.18737120926380157,0.47417154908180237,-0.049037206918001175,0.15149633586406708,0.5193871259689331,-0.015319008380174637,0.15799415111541748,0.46318456530570984,-0.025917572900652885,0.16212309896945953,0.45737719535827637,-0.033058032393455505,0.16654373705387115,0.4766465425491333,-0.036283016204833984,0.0,0.0,0.0,0.0,0.0,0.0,0.0,0.0,0.0,0.0,0.0,0.0,0.0,0.0,0.0,0.0,0.0,0.0,0.0,0.0,0.0,0.0,0.0,0.0,0.0,0.0,0.0,0.0,0.0,0.0,0.0,0.0,0.0,0.0,0.0,0.0,0.0,0.0,0.0,0.0,0.0,0.0,0.0,0.0,0.0,0.0,0.0,0.0,0.0,0.0,0.0,0.0,0.0,0.0,0.0,0.0,0.0,0.0,0.0,0.0,0.0,0.0,0.0,え
0.16547584533691406,0.6781845688819885,4.406288667269109e-09,0.2131131887435913,0.678843080997467,-0.024423694238066673,0.2618032991886139,0.6393548846244812,-0.03418072685599327,0.279890775680542,0.5962135195732117,-0.04456084594130516,0.2522263824939728,0.5810086727142334,-0.05377732589840889,0.24769771099090576,0.5155312418937683,-0.003943077754229307,0.2599494755268097,0.44240835309028625,-0.02707529626786709,0.2553722858428955,0.44084858894348145,-0.04920578375458717,0.24781860411167145,0.47659438848495483,-0.06049007177352905,0.21426641941070557,0.5042539834976196,-0.003321966854855418,0.22514097392559052,0.4200688302516937,-0.025940431281924248,0.21894234418869019,0.42858439683914185,-0.04876403510570526,0.2148721069097519,0.46865177154541016,-0.06068580597639084,0.18394184112548828,0.5050930976867676,-0.00693490169942379,0.1908908635377884,0.4336344599723816,-0.024781130254268646,0.18961451947689056,0.43737635016441345,-0.04258634150028229,0.18837220966815948,0.47475379705429077,-0.05124835669994354,0.15272775292396545,0.5163918137550354,-0.013243395835161209,0.1608702838420868,0.45888611674308777,-0.02418411150574684,0.16403377056121826,0.4539470374584198,-0.032728247344493866,0.16702598333358765,0.47492071986198425,-0.037464313209056854,0.0,0.0,0.0,0.0,0.0,0.0,0.0,0.0,0.0,0.0,0.0,0.0,0.0,0.0,0.0,0.0,0.0,0.0,0.0,0.0,0.0,0.0,0.0,0.0,0.0,0.0,0.0,0.0,0.0,0.0,0.0,0.0,0.0,0.0,0.0,0.0,0.0,0.0,0.0,0.0,0.0,0.0,0.0,0.0,0.0,0.0,0.0,0.0,0.0,0.0,0.0,0.0,0.0,0.0,0.0,0.0,0.0,0.0,0.0,0.0,0.0,0.0,0.0,え
0.165461003780365,0.6777011156082153,1.6372686317822627e-08,0.213190495967865,0.677728533744812,-0.023983705788850784,0.26173636317253113,0.6397644281387329,-0.03377515450119972,0.27814584970474243,0.5965039730072021,-0.04409513995051384,0.25063902139663696,0.5798543691635132,-0.05302346125245094,0.24634289741516113,0.5158836841583252,-0.0042593106627464294,0.2598642408847809,0.44384199380874634,-0.02710747718811035,0.2555118799209595,0.4426078796386719,-0.0483727790415287,0.2477773129940033,0.4781404733657837,-0.05876026675105095,0.21339870989322662,0.5043061375617981,-0.0033837775699794292,0.22413353621959686,0.420960009098053,-0.0246781837195158,0.2188664823770523,0.42864903807640076,-0.045339275151491165,0.21508322656154633,0.4681706130504608,-0.055720310658216476,0.18355627357959747,0.5049563050270081,-0.0067107402719557285,0.18955497443675995,0.4336394667625427,-0.023555221036076546,0.18926693499088287,0.43734705448150635,-0.038725800812244415,0.18867184221744537,0.4740699529647827,-0.04554169997572899,0.15212449431419373,0.515922486782074,-0.012754407711327076,0.15984326601028442,0.45863890647888184,-0.023152342066168785,0.16385456919670105,0.4540283977985382,-0.029936842620372772,0.1673518270254135,0.47516894340515137,-0.03305382654070854,0.0,0.0,0.0,0.0,0.0,0.0,0.0,0.0,0.0,0.0,0.0,0.0,0.0,0.0,0.0,0.0,0.0,0.0,0.0,0.0,0.0,0.0,0.0,0.0,0.0,0.0,0.0,0.0,0.0,0.0,0.0,0.0,0.0,0.0,0.0,0.0,0.0,0.0,0.0,0.0,0.0,0.0,0.0,0.0,0.0,0.0,0.0,0.0,0.0,0.0,0.0,0.0,0.0,0.0,0.0,0.0,0.0,0.0,0.0,0.0,0.0,0.0,0.0,え
0.16509968042373657,0.6749024391174316,1.377615532760501e-08,0.2121427059173584,0.676906168460846,-0.026306528598070145,0.25997647643089294,0.6380354762077332,-0.037343524396419525,0.27574265003204346,0.5971227884292603,-0.04869413748383522,0.25018781423568726,0.5778226852416992,-0.05897507444024086,0.244612917304039,0.515156626701355,-0.008573965169489384,0.25771263241767883,0.44191038608551025,-0.032893482595682144,0.2536856532096863,0.44011354446411133,-0.05567260459065437,0.2463403046131134,0.47637999057769775,-0.06716547161340714,0.21195420622825623,0.5039529204368591,-0.007155394647270441,0.22299326956272125,0.42044562101364136,-0.030445978045463562,0.2166758030653,0.42686891555786133,-0.05439547449350357,0.21234409511089325,0.4675148129463196,-0.06735428422689438,0.18238021433353424,0.5040167570114136,-0.009913369081914425,0.18942490220069885,0.43281009793281555,-0.028465086594223976,0.18777990341186523,0.43348878622055054,-0.04816584289073944,0.18619351089000702,0.4714471995830536,-0.058302588760852814,0.1513698697090149,0.5144690871238708,-0.015354584902524948,0.15990129113197327,0.4569470286369324,-0.027658015489578247,0.16375777125358582,0.450938880443573,-0.03801089525222778,0.16696107387542725,0.4734176993370056,-0.04398879408836365,0.0,0.0,0.0,0.0,0.0,0.0,0.0,0.0,0.0,0.0,0.0,0.0,0.0,0.0,0.0,0.0,0.0,0.0,0.0,0.0,0.0,0.0,0.0,0.0,0.0,0.0,0.0,0.0,0.0,0.0,0.0,0.0,0.0,0.0,0.0,0.0,0.0,0.0,0.0,0.0,0.0,0.0,0.0,0.0,0.0,0.0,0.0,0.0,0.0,0.0,0.0,0.0,0.0,0.0,0.0,0.0,0.0,0.0,0.0,0.0,0.0,0.0,0.0,え
0.16235671937465668,0.6747941970825195,5.886985121605903e-08,0.20827530324459076,0.6766616702079773,-0.029008885845541954,0.25584036111831665,0.6398962736129761,-0.042431481182575226,0.2752859592437744,0.6003206968307495,-0.055951133370399475,0.25083795189857483,0.5785641074180603,-0.06844429671764374,0.24238136410713196,0.5147270560264587,-0.009624768048524857,0.25422021746635437,0.4409916400909424,-0.034458085894584656,0.25154444575309753,0.43663421273231506,-0.05811901390552521,0.24428975582122803,0.4725263714790344,-0.07014265656471252,0.20969080924987793,0.5037599205970764,-0.0071648526936769485,0.21985289454460144,0.4200017750263214,-0.030445044860243797,0.21487879753112793,0.42667198181152344,-0.05553225055336952,0.21162693202495575,0.466471791267395,-0.06951823830604553,0.18022438883781433,0.5038622617721558,-0.00915198028087616,0.18730933964252472,0.43216925859451294,-0.02802293747663498,0.1863541454076767,0.4319332540035248,-0.04932978004217148,0.18418152630329132,0.46994179487228394,-0.060790617018938065,0.14925020933151245,0.5143131613731384,-0.014003963209688663,0.15810370445251465,0.45666739344596863,-0.026996605098247528,0.16257762908935547,0.45086681842803955,-0.03857921063899994,0.16560497879981995,0.47401905059814453,-0.045570239424705505,0.0,0.0,0.0,0.0,0.0,0.0,0.0,0.0,0.0,0.0,0.0,0.0,0.0,0.0,0.0,0.0,0.0,0.0,0.0,0.0,0.0,0.0,0.0,0.0,0.0,0.0,0.0,0.0,0.0,0.0,0.0,0.0,0.0,0.0,0.0,0.0,0.0,0.0,0.0,0.0,0.0,0.0,0.0,0.0,0.0,0.0,0.0,0.0,0.0,0.0,0.0,0.0,0.0,0.0,0.0,0.0,0.0,0.0,0.0,0.0,0.0,0.0,0.0,え
0.16283874213695526,0.6758173704147339,8.005724794202251e-08,0.20814239978790283,0.6783503293991089,-0.0314127579331398,0.2546960413455963,0.641755223274231,-0.04639139398932457,0.27516013383865356,0.6027275323867798,-0.06128301844000816,0.2514566481113434,0.577923059463501,-0.07500904053449631,0.24286337196826935,0.5153970718383789,-0.011249839328229427,0.25492310523986816,0.4423465132713318,-0.03644803538918495,0.25211235880851746,0.4381142854690552,-0.059864092618227005,0.24520628154277802,0.4745113253593445,-0.07157479226589203,0.20984943211078644,0.5040941834449768,-0.008011957630515099,0.2209746390581131,0.4184457063674927,-0.03162287548184395,0.2148941457271576,0.42615556716918945,-0.056436728686094284,0.2116069793701172,0.46632760763168335,-0.06981376558542252,0.18022379279136658,0.5040187835693359,-0.00946033000946045,0.18797966837882996,0.43176400661468506,-0.02900746837258339,0.18623188138008118,0.4327792823314667,-0.05022449418902397,0.1837947517633438,0.4718111455440521,-0.061188068240880966,0.1491403877735138,0.5145853161811829,-0.013963846489787102,0.15851595997810364,0.45612096786499023,-0.02779398486018181,0.16219685971736908,0.4506744146347046,-0.03954930976033211,0.16424155235290527,0.47509634494781494,-0.04632919281721115,0.0,0.0,0.0,0.0,0.0,0.0,0.0,0.0,0.0,0.0,0.0,0.0,0.0,0.0,0.0,0.0,0.0,0.0,0.0,0.0,0.0,0.0,0.0,0.0,0.0,0.0,0.0,0.0,0.0,0.0,0.0,0.0,0.0,0.0,0.0,0.0,0.0,0.0,0.0,0.0,0.0,0.0,0.0,0.0,0.0,0.0,0.0,0.0,0.0,0.0,0.0,0.0,0.0,0.0,0.0,0.0,0.0,0.0,0.0,0.0,0.0,0.0,0.0,え
0.16337919235229492,0.6761433482170105,5.1299732461984604e-08,0.20971722900867462,0.6778292655944824,-0.029365375638008118,0.2562702000141144,0.6407718658447266,-0.043431591242551804,0.2757667005062103,0.6006434559822083,-0.05768902227282524,0.2507844567298889,0.5787282586097717,-0.07075798511505127,0.24279025197029114,0.5144891738891602,-0.010777228511869907,0.2538275420665741,0.44135716557502747,-0.03644717112183571,0.2516898810863495,0.4393771290779114,-0.05988630652427673,0.24499258399009705,0.4773128032684326,-0.07152846455574036,0.2090737372636795,0.5036814212799072,-0.00848584994673729,0.2192375659942627,0.4190777838230133,-0.032521817833185196,0.21358589828014374,0.42870259284973145,-0.05606744810938835,0.21041376888751984,0.4687533378601074,-0.06854375451803207,0.17900532484054565,0.5047177076339722,-0.010814999230206013,0.18512849509716034,0.43221357464790344,-0.02979593724012375,0.18373291194438934,0.4348382353782654,-0.04881025850772858,0.182155579328537,0.47290122509002686,-0.058433063328266144,0.14774003624916077,0.5163962841033936,-0.016183631494641304,0.15663018822669983,0.4586745798587799,-0.028479265049099922,0.16063958406448364,0.45312929153442383,-0.038629066199064255,0.16357629001140594,0.4757760465145111,-0.04456686973571777,0.0,0.0,0.0,0.0,0.0,0.0,0.0,0.0,0.0,0.0,0.0,0.0,0.0,0.0,0.0,0.0,0.0,0.0,0.0,0.0,0.0,0.0,0.0,0.0,0.0,0.0,0.0,0.0,0.0,0.0,0.0,0.0,0.0,0.0,0.0,0.0,0.0,0.0,0.0,0.0,0.0,0.0,0.0,0.0,0.0,0.0,0.0,0.0,0.0,0.0,0.0,0.0,0.0,0.0,0.0,0.0,0.0,0.0,0.0,0.0,0.0,0.0,0.0,え
0.16419769823551178,0.6754644513130188,4.735393943633426e-08,0.20965008437633514,0.676308810710907,-0.028347695246338844,0.255890429019928,0.6399828791618347,-0.04177182540297508,0.27416110038757324,0.5993294715881348,-0.05540160462260246,0.25022339820861816,0.5772847533226013,-0.06783371418714523,0.24308577179908752,0.5138456225395203,-0.0096060736104846,0.2545665502548218,0.4398568272590637,-0.03428530693054199,0.25227558612823486,0.4372580945491791,-0.05719145014882088,0.24571789801120758,0.47379982471466064,-0.06857943534851074,0.20987428724765778,0.5030262470245361,-0.007416536100208759,0.21987541019916534,0.41834303736686707,-0.030320117250084877,0.21464106440544128,0.4268271028995514,-0.05381882190704346,0.2116715908050537,0.46641460061073303,-0.0664883553981781,0.18005026876926422,0.5037148594856262,-0.00965799205005169,0.1864546686410904,0.43106359243392944,-0.028244709596037865,0.18544144928455353,0.43275290727615356,-0.0476948507130146,0.18390250205993652,0.47057044506073,-0.05767809972167015,0.14889802038669586,0.5148454904556274,-0.014754626899957657,0.15713989734649658,0.4560326039791107,-0.0272273700684309,0.16117079555988312,0.4501833915710449,-0.037454523146152496,0.16401337087154388,0.47289761900901794,-0.043294377624988556,0.0,0.0,0.0,0.0,0.0,0.0,0.0,0.0,0.0,0.0,0.0,0.0,0.0,0.0,0.0,0.0,0.0,0.0,0.0,0.0,0.0,0.0,0.0,0.0,0.0,0.0,0.0,0.0,0.0,0.0,0.0,0.0,0.0,0.0,0.0,0.0,0.0,0.0,0.0,0.0,0.0,0.0,0.0,0.0,0.0,0.0,0.0,0.0,0.0,0.0,0.0,0.0,0.0,0.0,0.0,0.0,0.0,0.0,0.0,0.0,0.0,0.0,0.0,え
0.1629447638988495,0.6773303747177124,5.5577498159209426e-08,0.2094024419784546,0.6779206395149231,-0.030453752726316452,0.2557251751422882,0.6416333913803101,-0.045263342559337616,0.2743859589099884,0.5996116399765015,-0.06018809229135513,0.24915507435798645,0.576454758644104,-0.07384154200553894,0.24279557168483734,0.5132675170898438,-0.00936262309551239,0.25453367829322815,0.440446138381958,-0.03381650894880295,0.2521861791610718,0.4388325810432434,-0.056759949773550034,0.2449522614479065,0.4754709005355835,-0.06832877546548843,0.2093939334154129,0.5025020241737366,-0.006316406652331352,0.22020548582077026,0.4177231192588806,-0.029295263811945915,0.21476320922374725,0.42923882603645325,-0.05311695486307144,0.21180804073810577,0.4682314991950989,-0.0658375695347786,0.17967501282691956,0.5027298331260681,-0.007909747771918774,0.18682526051998138,0.42961031198501587,-0.02587002143263817,0.18639124929904938,0.43315210938453674,-0.0451413169503212,0.18494004011154175,0.4713137149810791,-0.05504379794001579,0.14868628978729248,0.5136139392852783,-0.012616471387445927,0.15740981698036194,0.4550905227661133,-0.023823194205760956,0.161770299077034,0.4494582712650299,-0.033642567694187164,0.16464418172836304,0.471929132938385,-0.03944694623351097,0.0,0.0,0.0,0.0,0.0,0.0,0.0,0.0,0.0,0.0,0.0,0.0,0.0,0.0,0.0,0.0,0.0,0.0,0.0,0.0,0.0,0.0,0.0,0.0,0.0,0.0,0.0,0.0,0.0,0.0,0.0,0.0,0.0,0.0,0.0,0.0,0.0,0.0,0.0,0.0,0.0,0.0,0.0,0.0,0.0,0.0,0.0,0.0,0.0,0.0,0.0,0.0,0.0,0.0,0.0,0.0,0.0,0.0,0.0,0.0,0.0,0.0,0.0,え
0.1629020720720291,0.6792737245559692,5.492608678991928e-08,0.2087642252445221,0.6791436076164246,-0.03185894340276718,0.2552626430988312,0.6427841186523438,-0.04643332585692406,0.273304283618927,0.6022264957427979,-0.0606849379837513,0.24991905689239502,0.5756874084472656,-0.07346277683973312,0.24318034946918488,0.5158933401107788,-0.010018973611295223,0.25568363070487976,0.44491153955459595,-0.035314321517944336,0.2514283359050751,0.4408855438232422,-0.059205763041973114,0.24364596605300903,0.4758084714412689,-0.07135853171348572,0.2092592716217041,0.5039190649986267,-0.006282620131969452,0.22028063237667084,0.4203715920448303,-0.030065640807151794,0.21298131346702576,0.4267389476299286,-0.0555090606212616,0.2089046984910965,0.464888334274292,-0.06959693133831024,0.17902235686779022,0.504349946975708,-0.007387303747236729,0.1861131489276886,0.43362823128700256,-0.02643798477947712,0.18373176455497742,0.43388837575912476,-0.04793517664074898,0.181743323802948,0.471318781375885,-0.05938790366053581,0.1482236683368683,0.5164036750793457,-0.011627762578427792,0.1565559208393097,0.45890212059020996,-0.02418840490281582,0.15969642996788025,0.4520649015903473,-0.035660747438669205,0.16236084699630737,0.47432073950767517,-0.04261741414666176,0.0,0.0,0.0,0.0,0.0,0.0,0.0,0.0,0.0,0.0,0.0,0.0,0.0,0.0,0.0,0.0,0.0,0.0,0.0,0.0,0.0,0.0,0.0,0.0,0.0,0.0,0.0,0.0,0.0,0.0,0.0,0.0,0.0,0.0,0.0,0.0,0.0,0.0,0.0,0.0,0.0,0.0,0.0,0.0,0.0,0.0,0.0,0.0,0.0,0.0,0.0,0.0,0.0,0.0,0.0,0.0,0.0,0.0,0.0,0.0,0.0,0.0,0.0,え
0.16296634078025818,0.6775015592575073,5.939677194533033e-08,0.20942388474941254,0.6779053807258606,-0.028234370052814484,0.2566854953765869,0.64164137840271,-0.04183240979909897,0.2750762403011322,0.5998063087463379,-0.05565910413861275,0.24964210391044617,0.5792363882064819,-0.06805887073278427,0.24323712289333344,0.514887809753418,-0.00915001891553402,0.25610455870628357,0.44190606474876404,-0.03441718593239784,0.2536793351173401,0.4395958185195923,-0.05723275989294052,0.2466089129447937,0.47634902596473694,-0.06832868605852127,0.20921286940574646,0.5038533806800842,-0.007179361768066883,0.2204449474811554,0.41861310601234436,-0.03116570971906185,0.21508340537548065,0.4278664290904999,-0.05379098281264305,0.21150673925876617,0.46811461448669434,-0.06510400772094727,0.17900454998016357,0.5046592354774475,-0.009737128391861916,0.18582944571971893,0.431926965713501,-0.028423883020877838,0.18503622710704803,0.435448557138443,-0.04565110057592392,0.18378251791000366,0.4729730486869812,-0.05362987518310547,0.14783301949501038,0.5160636901855469,-0.015273100696504116,0.15637002885341644,0.4583342671394348,-0.026871049776673317,0.16062228381633759,0.4530036449432373,-0.035354066640138626,0.16391660273075104,0.4744105637073517,-0.03968549147248268,0.0,0.0,0.0,0.0,0.0,0.0,0.0,0.0,0.0,0.0,0.0,0.0,0.0,0.0,0.0,0.0,0.0,0.0,0.0,0.0,0.0,0.0,0.0,0.0,0.0,0.0,0.0,0.0,0.0,0.0,0.0,0.0,0.0,0.0,0.0,0.0,0.0,0.0,0.0,0.0,0.0,0.0,0.0,0.0,0.0,0.0,0.0,0.0,0.0,0.0,0.0,0.0,0.0,0.0,0.0,0.0,0.0,0.0,0.0,0.0,0.0,0.0,0.0,え
0.16272561252117157,0.6794185638427734,5.0016932817698034e-08,0.2099190503358841,0.6794315576553345,-0.02929147332906723,0.25729385018348694,0.6411170363426208,-0.04225469380617142,0.27583858370780945,0.5972098112106323,-0.05533840134739876,0.24927227199077606,0.5778757333755493,-0.06685683131217957,0.2436899095773697,0.5141756534576416,-0.006456857547163963,0.25546786189079285,0.4417820870876312,-0.030358873307704926,0.2526158392429352,0.44006332755088806,-0.0528433620929718,0.24542595446109772,0.4769153892993927,-0.06399885565042496,0.209929421544075,0.5027361512184143,-0.0035577251110225916,0.22043484449386597,0.4183941185474396,-0.025963665917515755,0.21463021636009216,0.42820966243743896,-0.04867507889866829,0.21119794249534607,0.4674031734466553,-0.0604136660695076,0.17978116869926453,0.5031455159187317,-0.005392327439039946,0.18654665350914001,0.43105608224868774,-0.023147903382778168,0.18544241786003113,0.43554678559303284,-0.040693189948797226,0.1838240623474121,0.4738513231277466,-0.049041397869586945,0.14848700165748596,0.5142707228660583,-0.01036845799535513,0.15698520839214325,0.45571476221084595,-0.021393954753875732,0.16066762804985046,0.4518589675426483,-0.029823146760463715,0.16323958337306976,0.47549939155578613,-0.03426286578178406,0.0,0.0,0.0,0.0,0.0,0.0,0.0,0.0,0.0,0.0,0.0,0.0,0.0,0.0,0.0,0.0,0.0,0.0,0.0,0.0,0.0,0.0,0.0,0.0,0.0,0.0,0.0,0.0,0.0,0.0,0.0,0.0,0.0,0.0,0.0,0.0,0.0,0.0,0.0,0.0,0.0,0.0,0.0,0.0,0.0,0.0,0.0,0.0,0.0,0.0,0.0,0.0,0.0,0.0,0.0,0.0,0.0,0.0,0.0,0.0,0.0,0.0,0.0,え
0.16326996684074402,0.6811999082565308,2.7230607102524118e-08,0.20960688591003418,0.6792510747909546,-0.028539322316646576,0.2567298412322998,0.6424440145492554,-0.04126729443669319,0.27413132786750793,0.5996370315551758,-0.05423185974359512,0.2491016387939453,0.5780553817749023,-0.06568408012390137,0.24405036866664886,0.5159603357315063,-0.0058889505453407764,0.25565144419670105,0.44508954882621765,-0.030095607042312622,0.2500941753387451,0.4413851201534271,-0.05302199348807335,0.24168330430984497,0.4761742949485779,-0.0644792690873146,0.21076759696006775,0.5039461255073547,-0.0036155448760837317,0.2219441533088684,0.4209291934967041,-0.026557475328445435,0.21326571702957153,0.42756354808807373,-0.04997299611568451,0.207430899143219,0.4665081799030304,-0.06202741712331772,0.18080651760101318,0.5044021010398865,-0.0059993676841259,0.18791891634464264,0.4339209198951721,-0.024263042956590652,0.18432430922985077,0.435505211353302,-0.042433854192495346,0.18117457628250122,0.4728983938694,-0.05096599459648132,0.1503380835056305,0.5161598324775696,-0.01143431942909956,0.15780086815357208,0.4570873975753784,-0.023055078461766243,0.16031765937805176,0.4514697194099426,-0.031728003174066544,0.16237947344779968,0.4741908609867096,-0.03604083135724068,0.0,0.0,0.0,0.0,0.0,0.0,0.0,0.0,0.0,0.0,0.0,0.0,0.0,0.0,0.0,0.0,0.0,0.0,0.0,0.0,0.0,0.0,0.0,0.0,0.0,0.0,0.0,0.0,0.0,0.0,0.0,0.0,0.0,0.0,0.0,0.0,0.0,0.0,0.0,0.0,0.0,0.0,0.0,0.0,0.0,0.0,0.0,0.0,0.0,0.0,0.0,0.0,0.0,0.0,0.0,0.0,0.0,0.0,0.0,0.0,0.0,0.0,0.0,え
0.16262519359588623,0.6758622527122498,-6.573397381970381e-09,0.2094612419605255,0.6759302020072937,-0.026185808703303337,0.2547537088394165,0.640964686870575,-0.03779304400086403,0.27392199635505676,0.6011742949485779,-0.05001936852931976,0.24998418986797333,0.5796957015991211,-0.06098856404423714,0.24339020252227783,0.5142499804496765,-0.005907445680350065,0.2567601501941681,0.44105398654937744,-0.02954166941344738,0.25047487020492554,0.440522700548172,-0.05136309564113617,0.24211715161800385,0.475653737783432,-0.062314167618751526,0.20999456942081451,0.5022179484367371,-0.004671052563935518,0.2224135845899582,0.41712942719459534,-0.0276932455599308,0.21269266307353973,0.42862194776535034,-0.05012858286499977,0.20742051303386688,0.46886691451072693,-0.06145835667848587,0.17990520596504211,0.5026221871376038,-0.007794123608618975,0.18710051476955414,0.43182316422462463,-0.02582716941833496,0.1828826665878296,0.4370917081832886,-0.043568048626184464,0.18068483471870422,0.4748177230358124,-0.051960866898298264,0.14907193183898926,0.5139036774635315,-0.013706734403967857,0.15673533082008362,0.45587965846061707,-0.024569671601057053,0.15869036316871643,0.45226210355758667,-0.03277084603905678,0.16108104586601257,0.4758136570453644,-0.037095848470926285,0.0,0.0,0.0,0.0,0.0,0.0,0.0,0.0,0.0,0.0,0.0,0.0,0.0,0.0,0.0,0.0,0.0,0.0,0.0,0.0,0.0,0.0,0.0,0.0,0.0,0.0,0.0,0.0,0.0,0.0,0.0,0.0,0.0,0.0,0.0,0.0,0.0,0.0,0.0,0.0,0.0,0.0,0.0,0.0,0.0,0.0,0.0,0.0,0.0,0.0,0.0,0.0,0.0,0.0,0.0,0.0,0.0,0.0,0.0,0.0,0.0,0.0,0.0,え
0.16357646882534027,0.676680326461792,7.963203429994792e-09,0.20945173501968384,0.6768175959587097,-0.02697952836751938,0.2553243339061737,0.64143967628479,-0.039614852517843246,0.27326536178588867,0.5993474125862122,-0.05268314853310585,0.24815616011619568,0.5770776867866516,-0.0644426941871643,0.24286258220672607,0.5142984390258789,-0.007527567446231842,0.2549288868904114,0.442106693983078,-0.03222455084323883,0.24992471933364868,0.43912968039512634,-0.05495746061205864,0.2421513944864273,0.4749129116535187,-0.06620163470506668,0.2096129059791565,0.5022076964378357,-0.006062720436602831,0.2215779572725296,0.4180707633495331,-0.029405580833554268,0.2129988819360733,0.4274226129055023,-0.0520886592566967,0.20781226456165314,0.4681318998336792,-0.06344147771596909,0.17964491248130798,0.5027518272399902,-0.00892290472984314,0.18787729740142822,0.43175503611564636,-0.02693398855626583,0.1841219663619995,0.4344925582408905,-0.0438973531126976,0.1811470091342926,0.47190606594085693,-0.05173664540052414,0.14921486377716064,0.5145549178123474,-0.014695362187922001,0.15606524050235748,0.45651453733444214,-0.026004038751125336,0.15820255875587463,0.45111754536628723,-0.033911582082509995,0.15996359288692474,0.4732172191143036,-0.03768005594611168,0.0,0.0,0.0,0.0,0.0,0.0,0.0,0.0,0.0,0.0,0.0,0.0,0.0,0.0,0.0,0.0,0.0,0.0,0.0,0.0,0.0,0.0,0.0,0.0,0.0,0.0,0.0,0.0,0.0,0.0,0.0,0.0,0.0,0.0,0.0,0.0,0.0,0.0,0.0,0.0,0.0,0.0,0.0,0.0,0.0,0.0,0.0,0.0,0.0,0.0,0.0,0.0,0.0,0.0,0.0,0.0,0.0,0.0,0.0,0.0,0.0,0.0,0.0,え
0.16204874217510223,0.6776371002197266,2.0337820316740363e-08,0.2081521600484848,0.6774407029151917,-0.031105652451515198,0.25428858399391174,0.6422594785690308,-0.045351672917604446,0.2726867198944092,0.6026490926742554,-0.059480566531419754,0.2501147985458374,0.5778577923774719,-0.07212116569280624,0.24220359325408936,0.5152595043182373,-0.008835858665406704,0.2534993290901184,0.44125017523765564,-0.03373932093381882,0.24811507761478424,0.43794432282447815,-0.05722349137067795,0.2403053641319275,0.4737052917480469,-0.06906244158744812,0.20878995954990387,0.503512978553772,-0.005392232444137335,0.21998532116413116,0.41880500316619873,-0.029602298513054848,0.2098313271999359,0.4292364716529846,-0.05480552092194557,0.20460104942321777,0.4694981575012207,-0.0679851770401001,0.17905162274837494,0.5032992959022522,-0.006666744593530893,0.18611493706703186,0.433073490858078,-0.025435365736484528,0.18147949874401093,0.435311496257782,-0.04617880657315254,0.17868416011333466,0.4736018776893616,-0.056645866483449936,0.1492544561624527,0.5142030715942383,-0.011079150252044201,0.15666428208351135,0.4562578797340393,-0.022731328383088112,0.1586122214794159,0.4508114457130432,-0.033069953322410583,0.16078846156597137,0.4742222726345062,-0.038953546434640884,0.0,0.0,0.0,0.0,0.0,0.0,0.0,0.0,0.0,0.0,0.0,0.0,0.0,0.0,0.0,0.0,0.0,0.0,0.0,0.0,0.0,0.0,0.0,0.0,0.0,0.0,0.0,0.0,0.0,0.0,0.0,0.0,0.0,0.0,0.0,0.0,0.0,0.0,0.0,0.0,0.0,0.0,0.0,0.0,0.0,0.0,0.0,0.0,0.0,0.0,0.0,0.0,0.0,0.0,0.0,0.0,0.0,0.0,0.0,0.0,0.0,0.0,0.0,え
0.1623372882604599,0.6775071024894714,1.1022421197992571e-08,0.20900855958461761,0.6791318655014038,-0.027626926079392433,0.2563566565513611,0.6402034163475037,-0.03990938141942024,0.27547547221183777,0.5989599227905273,-0.05277709662914276,0.25062131881713867,0.5804349780082703,-0.06465297192335129,0.2423582822084427,0.5144081115722656,-0.007298954762518406,0.25428348779678345,0.4396721124649048,-0.03137916326522827,0.25140923261642456,0.43670129776000977,-0.054256241768598557,0.24489712715148926,0.4728963375091553,-0.06599743664264679,0.2091752290725708,0.5041331052780151,-0.0058596571907401085,0.2210008203983307,0.4176635146141052,-0.029793398454785347,0.21322615444660187,0.42917314171791077,-0.054395806044340134,0.2089598923921585,0.47101569175720215,-0.06733991950750351,0.1795729398727417,0.504679262638092,-0.008750180713832378,0.18803609907627106,0.4302483797073364,-0.027400707826018333,0.18519282341003418,0.4338242709636688,-0.0474068745970726,0.18262653052806854,0.4737440049648285,-0.057526953518390656,0.14870572090148926,0.51566481590271,-0.01451551541686058,0.15757475793361664,0.4558311700820923,-0.0263419970870018,0.1605449616909027,0.450859934091568,-0.03653809428215027,0.1623961180448532,0.4755275845527649,-0.042493171989917755,0.0,0.0,0.0,0.0,0.0,0.0,0.0,0.0,0.0,0.0,0.0,0.0,0.0,0.0,0.0,0.0,0.0,0.0,0.0,0.0,0.0,0.0,0.0,0.0,0.0,0.0,0.0,0.0,0.0,0.0,0.0,0.0,0.0,0.0,0.0,0.0,0.0,0.0,0.0,0.0,0.0,0.0,0.0,0.0,0.0,0.0,0.0,0.0,0.0,0.0,0.0,0.0,0.0,0.0,0.0,0.0,0.0,0.0,0.0,0.0,0.0,0.0,0.0,え
0.16211292147636414,0.6780701279640198,-2.208145888360491e-09,0.20971758663654327,0.6815556287765503,-0.02936711721122265,0.2584005296230316,0.6404008865356445,-0.04155004397034645,0.2756156623363495,0.5964846611022949,-0.05376754328608513,0.24949491024017334,0.5791623592376709,-0.06470008194446564,0.24290041625499725,0.5154374241828918,-0.008052474819123745,0.2550366520881653,0.4396304190158844,-0.03220934420824051,0.25055646896362305,0.4384147524833679,-0.05525972321629524,0.24261260032653809,0.4752786457538605,-0.06719742715358734,0.20975786447525024,0.5044846534729004,-0.005395118147134781,0.22132179141044617,0.41707271337509155,-0.030347084626555443,0.21351100504398346,0.4304182827472687,-0.05565112456679344,0.20847435295581818,0.4740564525127411,-0.06873257458209991,0.18020471930503845,0.5040287971496582,-0.007149744313210249,0.1883973777294159,0.4290387034416199,-0.02657235413789749,0.18635596334934235,0.43472182750701904,-0.04706070199608803,0.18383198976516724,0.4757952392101288,-0.05720124766230583,0.14923419058322906,0.5136173367500305,-0.011875740252435207,0.15852326154708862,0.45342519879341125,-0.024059366434812546,0.16187922656536102,0.4508974552154541,-0.03448338434100151,0.16370315849781036,0.4769062399864197,-0.04052551090717316,0.0,0.0,0.0,0.0,0.0,0.0,0.0,0.0,0.0,0.0,0.0,0.0,0.0,0.0,0.0,0.0,0.0,0.0,0.0,0.0,0.0,0.0,0.0,0.0,0.0,0.0,0.0,0.0,0.0,0.0,0.0,0.0,0.0,0.0,0.0,0.0,0.0,0.0,0.0,0.0,0.0,0.0,0.0,0.0,0.0,0.0,0.0,0.0,0.0,0.0,0.0,0.0,0.0,0.0,0.0,0.0,0.0,0.0,0.0,0.0,0.0,0.0,0.0,え
0.16199442744255066,0.6811018586158752,9.747942897320172e-09,0.20829881727695465,0.6808559894561768,-0.028731144964694977,0.2571467459201813,0.6411581039428711,-0.04106849431991577,0.27536463737487793,0.598159670829773,-0.053608957678079605,0.25020962953567505,0.5803300142288208,-0.06485156714916229,0.24294762313365936,0.5159995555877686,-0.0073481351137161255,0.25446075201034546,0.4422997236251831,-0.03173881769180298,0.2504245638847351,0.4396747946739197,-0.05469672381877899,0.2428814023733139,0.4760323762893677,-0.06629043072462082,0.2093360722064972,0.5050206780433655,-0.005172764882445335,0.22097811102867126,0.41923773288726807,-0.029656432569026947,0.2125944197177887,0.4308997094631195,-0.05407696217298508,0.2072620987892151,0.4731173515319824,-0.06647556275129318,0.17930595576763153,0.5051469206809998,-0.007524949964135885,0.18707159161567688,0.43098828196525574,-0.026415422558784485,0.18419751524925232,0.4344261884689331,-0.046145085245370865,0.18144483864307404,0.47415900230407715,-0.055764924734830856,0.14814278483390808,0.5156653523445129,-0.01287926733493805,0.15644803643226624,0.45641225576400757,-0.024433044716715813,0.15960842370986938,0.4512088894844055,-0.03438534960150719,0.16198307275772095,0.4749266803264618,-0.04002431780099869,0.0,0.0,0.0,0.0,0.0,0.0,0.0,0.0,0.0,0.0,0.0,0.0,0.0,0.0,0.0,0.0,0.0,0.0,0.0,0.0,0.0,0.0,0.0,0.0,0.0,0.0,0.0,0.0,0.0,0.0,0.0,0.0,0.0,0.0,0.0,0.0,0.0,0.0,0.0,0.0,0.0,0.0,0.0,0.0,0.0,0.0,0.0,0.0,0.0,0.0,0.0,0.0,0.0,0.0,0.0,0.0,0.0,0.0,0.0,0.0,0.0,0.0,0.0,え
0.1609930396080017,0.6780573725700378,2.0963582869626407e-08,0.20681113004684448,0.680160641670227,-0.029661444947123528,0.25446784496307373,0.6428123712539673,-0.04370376840233803,0.274450421333313,0.6028885245323181,-0.057958051562309265,0.2508731186389923,0.5808361768722534,-0.07112593948841095,0.24256952106952667,0.5166704058647156,-0.011519081890583038,0.2555851340293884,0.4415958821773529,-0.03737565129995346,0.2522715926170349,0.4384545087814331,-0.061086855828762054,0.24511483311653137,0.4749046862125397,-0.073109932243824,0.2089109867811203,0.5053764581680298,-0.009576147422194481,0.22209763526916504,0.4175110459327698,-0.034822721034288406,0.21429665386676788,0.4287400245666504,-0.05986473336815834,0.20972537994384766,0.4703223705291748,-0.07301143556833267,0.17876479029655457,0.5054073929786682,-0.012029923498630524,0.18831045925617218,0.430962473154068,-0.031387537717819214,0.18577182292938232,0.4349818527698517,-0.05134879797697067,0.18324165046215057,0.4746308922767639,-0.0614599846303463,0.14755678176879883,0.5159693956375122,-0.01751701906323433,0.15660643577575684,0.45696091651916504,-0.029610363766551018,0.1600814163684845,0.4526882767677307,-0.03979216888546944,0.16243310272693634,0.4769221842288971,-0.04576728492975235,0.0,0.0,0.0,0.0,0.0,0.0,0.0,0.0,0.0,0.0,0.0,0.0,0.0,0.0,0.0,0.0,0.0,0.0,0.0,0.0,0.0,0.0,0.0,0.0,0.0,0.0,0.0,0.0,0.0,0.0,0.0,0.0,0.0,0.0,0.0,0.0,0.0,0.0,0.0,0.0,0.0,0.0,0.0,0.0,0.0,0.0,0.0,0.0,0.0,0.0,0.0,0.0,0.0,0.0,0.0,0.0,0.0,0.0,0.0,0.0,0.0,0.0,0.0,え
0.1609228253364563,0.6771216988563538,-2.4980004731389727e-09,0.2071729600429535,0.680439293384552,-0.029402466490864754,0.2551199495792389,0.6444271802902222,-0.04272289201617241,0.2727288603782654,0.6034395694732666,-0.05610783398151398,0.24770113825798035,0.5829872488975525,-0.06825410574674606,0.24230346083641052,0.5167588591575623,-0.010669958777725697,0.2553715407848358,0.44368410110473633,-0.03639997914433479,0.25009289383888245,0.44298869371414185,-0.05986800044775009,0.24177375435829163,0.4789484143257141,-0.07174332439899445,0.20851626992225647,0.5047761797904968,-0.008633843623101711,0.2218916416168213,0.4193120002746582,-0.034190256148576736,0.21251024305820465,0.43263500928878784,-0.05855999514460564,0.2071761190891266,0.47430697083473206,-0.07078482210636139,0.1779647171497345,0.5050501823425293,-0.011028086766600609,0.18668818473815918,0.4328746497631073,-0.030419977381825447,0.18297433853149414,0.43833106756210327,-0.049250390380620956,0.18034428358078003,0.4770512580871582,-0.058168668299913406,0.14696520566940308,0.5166531205177307,-0.01643482968211174,0.15584887564182281,0.45796293020248413,-0.027746547013521194,0.1582947075366974,0.45325028896331787,-0.036580994725227356,0.1601640284061432,0.4758318364620209,-0.041428495198488235,0.0,0.0,0.0,0.0,0.0,0.0,0.0,0.0,0.0,0.0,0.0,0.0,0.0,0.0,0.0,0.0,0.0,0.0,0.0,0.0,0.0,0.0,0.0,0.0,0.0,0.0,0.0,0.0,0.0,0.0,0.0,0.0,0.0,0.0,0.0,0.0,0.0,0.0,0.0,0.0,0.0,0.0,0.0,0.0,0.0,0.0,0.0,0.0,0.0,0.0,0.0,0.0,0.0,0.0,0.0,0.0,0.0,0.0,0.0,0.0,0.0,0.0,0.0,え
0.16135233640670776,0.6793563365936279,1.955889672444755e-08,0.2067762017250061,0.6824585795402527,-0.029773639515042305,0.25470107793807983,0.645738959312439,-0.04396345093846321,0.2739660143852234,0.6047674417495728,-0.058318138122558594,0.2486906349658966,0.5845972895622253,-0.07123798131942749,0.24264493584632874,0.5180156230926514,-0.011187732219696045,0.25476890802383423,0.44447267055511475,-0.037208423018455505,0.25150442123413086,0.4439307749271393,-0.060426924377679825,0.2434450387954712,0.48100608587265015,-0.07180313766002655,0.20931029319763184,0.5061441659927368,-0.009177815169095993,0.22205482423305511,0.419328510761261,-0.034327346831560135,0.21488583087921143,0.4326585531234741,-0.05740857124328613,0.20993518829345703,0.4747171103954315,-0.06855593621730804,0.17902277410030365,0.505869448184967,-0.011702650226652622,0.18801383674144745,0.431376576423645,-0.030703311786055565,0.18625511229038239,0.43815895915031433,-0.04749077185988426,0.1837470382452011,0.4776490032672882,-0.054858408868312836,0.14744353294372559,0.5161162614822388,-0.01742416061460972,0.15637990832328796,0.45636194944381714,-0.02876233495771885,0.15994298458099365,0.45316362380981445,-0.036621298640966415,0.16183863580226898,0.47715988755226135,-0.04045270010828972,0.0,0.0,0.0,0.0,0.0,0.0,0.0,0.0,0.0,0.0,0.0,0.0,0.0,0.0,0.0,0.0,0.0,0.0,0.0,0.0,0.0,0.0,0.0,0.0,0.0,0.0,0.0,0.0,0.0,0.0,0.0,0.0,0.0,0.0,0.0,0.0,0.0,0.0,0.0,0.0,0.0,0.0,0.0,0.0,0.0,0.0,0.0,0.0,0.0,0.0,0.0,0.0,0.0,0.0,0.0,0.0,0.0,0.0,0.0,0.0,0.0,0.0,0.0,え
0.16000638902187347,0.6768922209739685,1.967526586099666e-08,0.20474375784397125,0.6812613606452942,-0.029774822294712067,0.2527427077293396,0.6467728018760681,-0.04492310807108879,0.27300384640693665,0.6078024506568909,-0.06043127179145813,0.24863426387310028,0.5832425951957703,-0.07485802471637726,0.24281896650791168,0.5178512930870056,-0.013478866778314114,0.25485342741012573,0.44311729073524475,-0.04013985022902489,0.252321720123291,0.44062379002571106,-0.06348714232444763,0.2444407343864441,0.47801274061203003,-0.07467658072710037,0.20985569059848785,0.5060628652572632,-0.011735398322343826,0.2224707007408142,0.4187556803226471,-0.036384060978889465,0.21592287719249725,0.431532621383667,-0.05934727191925049,0.21136990189552307,0.4734938144683838,-0.07062987983226776,0.18011340498924255,0.5055489540100098,-0.014401033520698547,0.18917907774448395,0.43036574125289917,-0.03297897055745125,0.18783697485923767,0.4349350333213806,-0.050052460283041,0.18479467928409576,0.47455543279647827,-0.05788707733154297,0.14830656349658966,0.5152645707130432,-0.020236514508724213,0.15722446143627167,0.45490792393684387,-0.03197089210152626,0.16145573556423187,0.45060017704963684,-0.04048635810613632,0.1631956249475479,0.47510844469070435,-0.044745977967977524,0.0,0.0,0.0,0.0,0.0,0.0,0.0,0.0,0.0,0.0,0.0,0.0,0.0,0.0,0.0,0.0,0.0,0.0,0.0,0.0,0.0,0.0,0.0,0.0,0.0,0.0,0.0,0.0,0.0,0.0,0.0,0.0,0.0,0.0,0.0,0.0,0.0,0.0,0.0,0.0,0.0,0.0,0.0,0.0,0.0,0.0,0.0,0.0,0.0,0.0,0.0,0.0,0.0,0.0,0.0,0.0,0.0,0.0,0.0,0.0,0.0,0.0,0.0,え
0.16122345626354218,0.6803467869758606,-1.0758313351288962e-08,0.2061053216457367,0.6828028559684753,-0.02809252217411995,0.2539324462413788,0.6485567092895508,-0.04149636998772621,0.27217087149620056,0.6087373495101929,-0.05511704459786415,0.24823305010795593,0.586201548576355,-0.06750890612602234,0.24335339665412903,0.5188982486724854,-0.010957824997603893,0.25615790486335754,0.44586142897605896,-0.03675324097275734,0.2510310411453247,0.4445646405220032,-0.0596848763525486,0.24232453107833862,0.47978800535202026,-0.07095107436180115,0.20955519378185272,0.5068184733390808,-0.009693962521851063,0.22299419343471527,0.420005738735199,-0.03452622890472412,0.2142406404018402,0.4336957037448883,-0.05709310248494148,0.20846591889858246,0.4756927192211151,-0.06793630123138428,0.17907889187335968,0.5073114633560181,-0.012719889171421528,0.18768946826457977,0.43372273445129395,-0.031470686197280884,0.18423756957054138,0.4404430389404297,-0.04776839539408684,0.18104518949985504,0.47869759798049927,-0.054871004074811935,0.14754459261894226,0.5188085436820984,-0.01873474381864071,0.15599511563777924,0.4588010609149933,-0.029714148491621017,0.15858173370361328,0.4551617205142975,-0.03684607893228531,0.16003993153572083,0.47782835364341736,-0.040158987045288086,0.0,0.0,0.0,0.0,0.0,0.0,0.0,0.0,0.0,0.0,0.0,0.0,0.0,0.0,0.0,0.0,0.0,0.0,0.0,0.0,0.0,0.0,0.0,0.0,0.0,0.0,0.0,0.0,0.0,0.0,0.0,0.0,0.0,0.0,0.0,0.0,0.0,0.0,0.0,0.0,0.0,0.0,0.0,0.0,0.0,0.0,0.0,0.0,0.0,0.0,0.0,0.0,0.0,0.0,0.0,0.0,0.0,0.0,0.0,0.0,0.0,0.0,0.0,え
0.1608371138572693,0.6777112483978271,-1.857263676185994e-08,0.20571158826351166,0.6810910701751709,-0.029141785576939583,0.2525671720504761,0.6476869583129883,-0.043129660189151764,0.271636039018631,0.6088605523109436,-0.05731319636106491,0.24789026379585266,0.5842224955558777,-0.07026707381010056,0.2434270977973938,0.5189849138259888,-0.011629316955804825,0.2564375698566437,0.44453346729278564,-0.03729912266135216,0.25064510107040405,0.44456979632377625,-0.05996469035744667,0.24207864701747894,0.48029494285583496,-0.07108540087938309,0.20981666445732117,0.5064041614532471,-0.009699726477265358,0.22308628261089325,0.4190431833267212,-0.03461647778749466,0.2133248895406723,0.43521374464035034,-0.057183705270290375,0.20818625390529633,0.4770832657814026,-0.06793724745512009,0.17949999868869781,0.5055344700813293,-0.012141645886003971,0.1887224316596985,0.43096786737442017,-0.030950983986258507,0.18466389179229736,0.439563125371933,-0.04749520123004913,0.18153417110443115,0.47870442271232605,-0.05470636487007141,0.14820538461208344,0.5153331756591797,-0.01761871576309204,0.15666624903678894,0.4550369679927826,-0.028582703322172165,0.15854087471961975,0.45335081219673157,-0.03584492579102516,0.15965500473976135,0.47802382707595825,-0.039258960634469986,0.0,0.0,0.0,0.0,0.0,0.0,0.0,0.0,0.0,0.0,0.0,0.0,0.0,0.0,0.0,0.0,0.0,0.0,0.0,0.0,0.0,0.0,0.0,0.0,0.0,0.0,0.0,0.0,0.0,0.0,0.0,0.0,0.0,0.0,0.0,0.0,0.0,0.0,0.0,0.0,0.0,0.0,0.0,0.0,0.0,0.0,0.0,0.0,0.0,0.0,0.0,0.0,0.0,0.0,0.0,0.0,0.0,0.0,0.0,0.0,0.0,0.0,0.0,え
0.16191048920154572,0.6791797876358032,1.5948327103387783e-08,0.20698468387126923,0.6825027465820312,-0.03159882500767708,0.2541227340698242,0.6467203497886658,-0.04717316851019859,0.2734055519104004,0.6067058444023132,-0.06274116039276123,0.24748443067073822,0.5842453837394714,-0.0771295577287674,0.2434459626674652,0.5190619826316833,-0.014150352217257023,0.25396040081977844,0.4444643259048462,-0.040679920464754105,0.25135526061058044,0.4440549910068512,-0.06419848650693893,0.2444935292005539,0.48154670000076294,-0.07578538358211517,0.20988863706588745,0.5072892308235168,-0.011420931667089462,0.22154368460178375,0.41923749446868896,-0.03676621988415718,0.21458818018436432,0.4355381727218628,-0.060437534004449844,0.21095456182956696,0.4775744676589966,-0.07218549400568008,0.17985638976097107,0.5064886212348938,-0.013221696950495243,0.18807829916477203,0.43099090456962585,-0.03254212439060211,0.18627357482910156,0.43897169828414917,-0.050775229930877686,0.18370142579078674,0.47954416275024414,-0.059308577328920364,0.1482081264257431,0.5157617330551147,-0.018257232382893562,0.15617063641548157,0.4548783302307129,-0.030011972412467003,0.15937145054340363,0.4524720311164856,-0.03897329419851303,0.16084519028663635,0.4783444106578827,-0.04380640760064125,0.0,0.0,0.0,0.0,0.0,0.0,0.0,0.0,0.0,0.0,0.0,0.0,0.0,0.0,0.0,0.0,0.0,0.0,0.0,0.0,0.0,0.0,0.0,0.0,0.0,0.0,0.0,0.0,0.0,0.0,0.0,0.0,0.0,0.0,0.0,0.0,0.0,0.0,0.0,0.0,0.0,0.0,0.0,0.0,0.0,0.0,0.0,0.0,0.0,0.0,0.0,0.0,0.0,0.0,0.0,0.0,0.0,0.0,0.0,0.0,0.0,0.0,0.0,え
0.16039925813674927,0.6813807487487793,-1.478734135140769e-09,0.2063365876674652,0.6847552061080933,-0.02818974293768406,0.25584331154823303,0.647376298904419,-0.041223641484975815,0.27372145652770996,0.6040164232254028,-0.05452879145741463,0.24685944616794586,0.5850096344947815,-0.06657210737466812,0.2439749836921692,0.5182582139968872,-0.009946196340024471,0.25648626685142517,0.44469937682151794,-0.035439632833004,0.2521571218967438,0.4435291290283203,-0.058485303074121475,0.244254931807518,0.4802820384502411,-0.06993509083986282,0.20973919332027435,0.506574809551239,-0.008547473698854446,0.2217019498348236,0.4203305244445801,-0.032938722521066666,0.21444228291511536,0.4334946572780609,-0.05554313585162163,0.21014581620693207,0.4751502573490143,-0.06663010269403458,0.17908430099487305,0.5069106817245483,-0.01152635458856821,0.18768616020679474,0.4326067268848419,-0.03025258146226406,0.18517689406871796,0.4396366477012634,-0.04639982804656029,0.18260490894317627,0.4787620007991791,-0.05350012704730034,0.14700128138065338,0.5180942416191101,-0.017563970759510994,0.1557050198316574,0.45849356055259705,-0.02885073982179165,0.158360093832016,0.4550226330757141,-0.036123085767030716,0.15977774560451508,0.47787708044052124,-0.03953046724200249,0.0,0.0,0.0,0.0,0.0,0.0,0.0,0.0,0.0,0.0,0.0,0.0,0.0,0.0,0.0,0.0,0.0,0.0,0.0,0.0,0.0,0.0,0.0,0.0,0.0,0.0,0.0,0.0,0.0,0.0,0.0,0.0,0.0,0.0,0.0,0.0,0.0,0.0,0.0,0.0,0.0,0.0,0.0,0.0,0.0,0.0,0.0,0.0,0.0,0.0,0.0,0.0,0.0,0.0,0.0,0.0,0.0,0.0,0.0,0.0,0.0,0.0,0.0,え
0.1605663299560547,0.6789546012878418,-1.7797397333652043e-08,0.20695751905441284,0.6843410730361938,-0.02939273789525032,0.25650736689567566,0.6461665630340576,-0.04243643581867218,0.27405112981796265,0.6025062799453735,-0.05557946115732193,0.24659153819084167,0.5835710167884827,-0.06752439588308334,0.2446821928024292,0.5191974639892578,-0.01141606830060482,0.2565896511077881,0.4427316188812256,-0.036809083074331284,0.2517291009426117,0.4438655972480774,-0.05977153033018112,0.24385549128055573,0.48131927847862244,-0.07138414680957794,0.21032777428627014,0.5072968006134033,-0.009402133524417877,0.22231635451316833,0.4188380539417267,-0.03431924432516098,0.21423105895519257,0.4343796372413635,-0.057821858674287796,0.2101137787103653,0.4763507843017578,-0.06965332478284836,0.17985133826732635,0.5064609050750732,-0.011753362603485584,0.1885167956352234,0.43072617053985596,-0.031019514426589012,0.185702383518219,0.4395917057991028,-0.04878612980246544,0.18313875794410706,0.4799894690513611,-0.05707523599267006,0.14808723330497742,0.5158754587173462,-0.017178375273942947,0.15738517045974731,0.4550226926803589,-0.028755784034729004,0.1595129817724228,0.45374858379364014,-0.037098247557878494,0.16043804585933685,0.4791441857814789,-0.04160104691982269,0.0,0.0,0.0,0.0,0.0,0.0,0.0,0.0,0.0,0.0,0.0,0.0,0.0,0.0,0.0,0.0,0.0,0.0,0.0,0.0,0.0,0.0,0.0,0.0,0.0,0.0,0.0,0.0,0.0,0.0,0.0,0.0,0.0,0.0,0.0,0.0,0.0,0.0,0.0,0.0,0.0,0.0,0.0,0.0,0.0,0.0,0.0,0.0,0.0,0.0,0.0,0.0,0.0,0.0,0.0,0.0,0.0,0.0,0.0,0.0,0.0,0.0,0.0,え
0.16174758970737457,0.6801149249076843,3.7567474131527945e-10,0.20817510783672333,0.6841827034950256,-0.030628258362412453,0.25700584053993225,0.6461647152900696,-0.044172871857881546,0.2736065685749054,0.6030377745628357,-0.05752993002533913,0.24693341553211212,0.5833945870399475,-0.06953928619623184,0.24445804953575134,0.5189832448959351,-0.011761336587369442,0.2565014958381653,0.44260454177856445,-0.03722357749938965,0.25213080644607544,0.44341546297073364,-0.06035500392317772,0.24452926218509674,0.48100847005844116,-0.07202035188674927,0.21014171838760376,0.5069512128829956,-0.00892377458512783,0.22210796177387238,0.4191308617591858,-0.033935848623514175,0.2140170931816101,0.4349389672279358,-0.05772097408771515,0.21008272469043732,0.4771834909915924,-0.06967166066169739,0.17955903708934784,0.5060654282569885,-0.010575602762401104,0.18818402290344238,0.4305061399936676,-0.029957327991724014,0.1853790283203125,0.4393899738788605,-0.048178527504205704,0.18300628662109375,0.4801008105278015,-0.05669131129980087,0.1479600965976715,0.5155358910560608,-0.015363981947302818,0.1565944254398346,0.4551251530647278,-0.02705487795174122,0.15890826284885406,0.45447126030921936,-0.03568475320935249,0.16022619605064392,0.4806484282016754,-0.04029753804206848,0.0,0.0,0.0,0.0,0.0,0.0,0.0,0.0,0.0,0.0,0.0,0.0,0.0,0.0,0.0,0.0,0.0,0.0,0.0,0.0,0.0,0.0,0.0,0.0,0.0,0.0,0.0,0.0,0.0,0.0,0.0,0.0,0.0,0.0,0.0,0.0,0.0,0.0,0.0,0.0,0.0,0.0,0.0,0.0,0.0,0.0,0.0,0.0,0.0,0.0,0.0,0.0,0.0,0.0,0.0,0.0,0.0,0.0,0.0,0.0,0.0,0.0,0.0,え
0.16116076707839966,0.6787902116775513,2.6627319016370166e-08,0.20746074616909027,0.6846904754638672,-0.03314117714762688,0.25610652565956116,0.6489459276199341,-0.04897893965244293,0.2735442519187927,0.6071425080299377,-0.06447696685791016,0.24738065898418427,0.5824268460273743,-0.07885986566543579,0.24431189894676208,0.518954336643219,-0.014722968451678753,0.2556382715702057,0.4432225823402405,-0.041276562958955765,0.2531951367855072,0.44274771213531494,-0.06552562117576599,0.24605165421962738,0.4808290898799896,-0.07781276851892471,0.2100009322166443,0.5077259540557861,-0.011092325672507286,0.22158199548721313,0.41948041319847107,-0.0369601808488369,0.21534903347492218,0.4355223774909973,-0.06277493387460709,0.21238389611244202,0.47778838872909546,-0.07636772841215134,0.17961175739765167,0.5067808628082275,-0.01204088144004345,0.18852931261062622,0.4309725761413574,-0.03222987800836563,0.18707484006881714,0.438335120677948,-0.05320030823349953,0.1845131814479828,0.4796106815338135,-0.06382286548614502,0.14783963561058044,0.5160001516342163,-0.016181381419301033,0.15693742036819458,0.45525288581848145,-0.028974510729312897,0.1603793054819107,0.4532231092453003,-0.03984852880239487,0.16173674166202545,0.47953468561172485,-0.04626461863517761,0.0,0.0,0.0,0.0,0.0,0.0,0.0,0.0,0.0,0.0,0.0,0.0,0.0,0.0,0.0,0.0,0.0,0.0,0.0,0.0,0.0,0.0,0.0,0.0,0.0,0.0,0.0,0.0,0.0,0.0,0.0,0.0,0.0,0.0,0.0,0.0,0.0,0.0,0.0,0.0,0.0,0.0,0.0,0.0,0.0,0.0,0.0,0.0,0.0,0.0,0.0,0.0,0.0,0.0,0.0,0.0,0.0,0.0,0.0,0.0,0.0,0.0,0.0,え
0.16127918660640717,0.6796720027923584,3.552133875928121e-08,0.20714923739433289,0.6848665475845337,-0.03335074707865715,0.25555211305618286,0.6484869718551636,-0.04939202591776848,0.2733203172683716,0.6074796915054321,-0.06507626175880432,0.24774113297462463,0.5823605060577393,-0.07967845350503922,0.24351157248020172,0.518909752368927,-0.014636768959462643,0.2550661563873291,0.443267822265625,-0.04142186418175697,0.2529835104942322,0.4416924715042114,-0.06602491438388824,0.24609678983688354,0.47964173555374146,-0.0785926803946495,0.20913290977478027,0.5080119967460632,-0.011084004305303097,0.22093166410923004,0.41994744539260864,-0.03747627139091492,0.21444061398506165,0.43544521927833557,-0.06403755396604538,0.2113991379737854,0.4776678681373596,-0.07814115285873413,0.17874902486801147,0.5076586604118347,-0.012155354954302311,0.18764600157737732,0.4320112466812134,-0.03263641893863678,0.18598990142345428,0.4380309581756592,-0.05451406538486481,0.18337440490722656,0.4789732098579407,-0.0658479556441307,0.14724606275558472,0.5178403854370117,-0.016421370208263397,0.15653258562088013,0.45839911699295044,-0.029433870688080788,0.15982463955879211,0.4550282955169678,-0.04104834422469139,0.1611720472574234,0.48023083806037903,-0.0481254979968071,0.0,0.0,0.0,0.0,0.0,0.0,0.0,0.0,0.0,0.0,0.0,0.0,0.0,0.0,0.0,0.0,0.0,0.0,0.0,0.0,0.0,0.0,0.0,0.0,0.0,0.0,0.0,0.0,0.0,0.0,0.0,0.0,0.0,0.0,0.0,0.0,0.0,0.0,0.0,0.0,0.0,0.0,0.0,0.0,0.0,0.0,0.0,0.0,0.0,0.0,0.0,0.0,0.0,0.0,0.0,0.0,0.0,0.0,0.0,0.0,0.0,0.0,0.0,え
0.1619148701429367,0.6793006062507629,2.8863173184845436e-08,0.20846910774707794,0.6848365068435669,-0.03272738307714462,0.25746017694473267,0.6482114195823669,-0.04833870008587837,0.27383872866630554,0.6054767966270447,-0.06352206319570541,0.2476380169391632,0.5823006629943848,-0.07761987298727036,0.24423062801361084,0.5190699696540833,-0.014833098277449608,0.25621286034584045,0.44302231073379517,-0.041351884603500366,0.254020631313324,0.44226816296577454,-0.06562499701976776,0.24722149968147278,0.48032963275909424,-0.07805713266134262,0.20975163578987122,0.5081199407577515,-0.011343547143042088,0.22162267565727234,0.4201168417930603,-0.03720272704958916,0.21548540890216827,0.4351850748062134,-0.06315180659294128,0.21260066330432892,0.47711998224258423,-0.07710178941488266,0.17932575941085815,0.5075811743736267,-0.012381301261484623,0.18846625089645386,0.4317775070667267,-0.03260582312941551,0.18731021881103516,0.43785423040390015,-0.05404485762119293,0.1850433647632599,0.47866079211235046,-0.06526067107915878,0.14760509133338928,0.5172434449195862,-0.016544999554753304,0.1567898541688919,0.4579731225967407,-0.029490863904356956,0.16068881750106812,0.4553475081920624,-0.040933266282081604,0.1626010537147522,0.48070797324180603,-0.04797988384962082,0.0,0.0,0.0,0.0,0.0,0.0,0.0,0.0,0.0,0.0,0.0,0.0,0.0,0.0,0.0,0.0,0.0,0.0,0.0,0.0,0.0,0.0,0.0,0.0,0.0,0.0,0.0,0.0,0.0,0.0,0.0,0.0,0.0,0.0,0.0,0.0,0.0,0.0,0.0,0.0,0.0,0.0,0.0,0.0,0.0,0.0,0.0,0.0,0.0,0.0,0.0,0.0,0.0,0.0,0.0,0.0,0.0,0.0,0.0,0.0,0.0,0.0,0.0,え
0.1631004810333252,0.6788879036903381,5.007078840435497e-08,0.20816093683242798,0.6825833320617676,-0.03321392089128494,0.2542196810245514,0.6479321718215942,-0.05005359649658203,0.27266621589660645,0.6104051470756531,-0.06658881157636642,0.2496766746044159,0.5840578675270081,-0.08201400935649872,0.2435036599636078,0.5185061693191528,-0.016200067475438118,0.25325632095336914,0.4423428773880005,-0.04326082020998001,0.2530944347381592,0.44105690717697144,-0.06775606423616409,0.24774430692195892,0.4796353578567505,-0.07998046278953552,0.20937521755695343,0.507459819316864,-0.012622368521988392,0.2198743373155594,0.41906559467315674,-0.03815170004963875,0.21512794494628906,0.43482473492622375,-0.06351882964372635,0.21312415599822998,0.47650855779647827,-0.0769723430275917,0.17896856367588043,0.5069166421890259,-0.013613092713057995,0.18712273240089417,0.43099185824394226,-0.033129118382930756,0.18654903769493103,0.43802782893180847,-0.05324289947748184,0.18460112810134888,0.4784512519836426,-0.0635676383972168,0.14743337035179138,0.5167855620384216,-0.01786625385284424,0.15611913800239563,0.45713528990745544,-0.03020230308175087,0.1600770205259323,0.45498061180114746,-0.04050562158226967,0.1617189198732376,0.48071014881134033,-0.04659104719758034,0.0,0.0,0.0,0.0,0.0,0.0,0.0,0.0,0.0,0.0,0.0,0.0,0.0,0.0,0.0,0.0,0.0,0.0,0.0,0.0,0.0,0.0,0.0,0.0,0.0,0.0,0.0,0.0,0.0,0.0,0.0,0.0,0.0,0.0,0.0,0.0,0.0,0.0,0.0,0.0,0.0,0.0,0.0,0.0,0.0,0.0,0.0,0.0,0.0,0.0,0.0,0.0,0.0,0.0,0.0,0.0,0.0,0.0,0.0,0.0,0.0,0.0,0.0,え
0.1611640602350235,0.6781711578369141,5.5404171916961786e-08,0.20709623396396637,0.682337760925293,-0.03403155505657196,0.2542881965637207,0.6483556032180786,-0.0513160265982151,0.2733133137226105,0.6086569428443909,-0.06823688745498657,0.24901887774467468,0.58228999376297,-0.0841255784034729,0.24368789792060852,0.5191665291786194,-0.016202572733163834,0.2554350793361664,0.4434879720211029,-0.043269842863082886,0.2540972828865051,0.4410623610019684,-0.06789875030517578,0.2474571168422699,0.47852224111557007,-0.08041968941688538,0.20984064042568207,0.5078980922698975,-0.012356944382190704,0.2213180661201477,0.42024993896484375,-0.03810952976346016,0.21582216024398804,0.4344955086708069,-0.06412949413061142,0.21341362595558167,0.47531837224960327,-0.07828208804130554,0.17962631583213806,0.5071107745170593,-0.01315901055932045,0.18809905648231506,0.43203237652778625,-0.033014893531799316,0.18747051060199738,0.4374992251396179,-0.05441706255078316,0.18546324968338013,0.47795096039772034,-0.0658211037516594,0.14776410162448883,0.5166502594947815,-0.017265545204281807,0.15655118227005005,0.4574112296104431,-0.030021334066987038,0.16087543964385986,0.45422446727752686,-0.041513700038194656,0.16283079981803894,0.479747474193573,-0.04867051541805267,0.0,0.0,0.0,0.0,0.0,0.0,0.0,0.0,0.0,0.0,0.0,0.0,0.0,0.0,0.0,0.0,0.0,0.0,0.0,0.0,0.0,0.0,0.0,0.0,0.0,0.0,0.0,0.0,0.0,0.0,0.0,0.0,0.0,0.0,0.0,0.0,0.0,0.0,0.0,0.0,0.0,0.0,0.0,0.0,0.0,0.0,0.0,0.0,0.0,0.0,0.0,0.0,0.0,0.0,0.0,0.0,0.0,0.0,0.0,0.0,0.0,0.0,0.0,え
0.16221854090690613,0.6791408061981201,4.641485773504428e-08,0.20849263668060303,0.6835794448852539,-0.032431844621896744,0.2563127875328064,0.6479510068893433,-0.0480780303478241,0.2744083106517792,0.6063570380210876,-0.06349122524261475,0.24908234179019928,0.5836490988731384,-0.07770855724811554,0.24401439726352692,0.5191217660903931,-0.013335483148694038,0.25540685653686523,0.44413435459136963,-0.03913770243525505,0.25408875942230225,0.44221413135528564,-0.06249406188726425,0.2478782832622528,0.47931909561157227,-0.07416265457868576,0.21031571924686432,0.5075258016586304,-0.009849652647972107,0.2217239886522293,0.4197942316532135,-0.034786030650138855,0.21620316803455353,0.43480491638183594,-0.058650944381952286,0.21369214355945587,0.47660163044929504,-0.07075033336877823,0.18028010427951813,0.5068973898887634,-0.01099961157888174,0.18841302394866943,0.431093692779541,-0.03032500483095646,0.18777760863304138,0.4388975203037262,-0.04890048876404762,0.1861436516046524,0.4796311557292938,-0.05780592933297157,0.1483691930770874,0.5162568688392639,-0.015441196970641613,0.1573375016450882,0.4561504125595093,-0.027581587433815002,0.16137826442718506,0.45466893911361694,-0.03701450303196907,0.16333118081092834,0.48092687129974365,-0.0422280915081501,0.0,0.0,0.0,0.0,0.0,0.0,0.0,0.0,0.0,0.0,0.0,0.0,0.0,0.0,0.0,0.0,0.0,0.0,0.0,0.0,0.0,0.0,0.0,0.0,0.0,0.0,0.0,0.0,0.0,0.0,0.0,0.0,0.0,0.0,0.0,0.0,0.0,0.0,0.0,0.0,0.0,0.0,0.0,0.0,0.0,0.0,0.0,0.0,0.0,0.0,0.0,0.0,0.0,0.0,0.0,0.0,0.0,0.0,0.0,0.0,0.0,0.0,0.0,え
0.16283270716667175,0.6778185963630676,3.2163399055207265e-08,0.20843753218650818,0.6819222569465637,-0.03214878961443901,0.25574421882629395,0.6463444828987122,-0.04744241014122963,0.27253156900405884,0.6059743165969849,-0.06242715194821358,0.24750612676143646,0.5809163451194763,-0.07627025991678238,0.2429662048816681,0.5177336931228638,-0.013755979016423225,0.2551233470439911,0.4432215094566345,-0.03981287404894829,0.2532481551170349,0.4414588212966919,-0.06379871815443039,0.24673378467559814,0.47817263007164,-0.07595480978488922,0.2093118280172348,0.5060985088348389,-0.010366275906562805,0.22133193910121918,0.419483482837677,-0.03549301251769066,0.21514864265918732,0.4330061078071594,-0.06094759330153465,0.21149124205112457,0.47476547956466675,-0.07447832077741623,0.17937685549259186,0.5056235194206238,-0.011464627459645271,0.18794715404510498,0.4312160015106201,-0.03090279921889305,0.18657328188419342,0.4363001883029938,-0.05161329731345177,0.18407702445983887,0.47629883885383606,-0.06223349645733833,0.14816737174987793,0.5157458186149597,-0.015693867579102516,0.15637187659740448,0.4555734395980835,-0.028187720105051994,0.16010601818561554,0.45217829942703247,-0.038926269859075546,0.1619458943605423,0.47732704877853394,-0.045213423669338226,0.0,0.0,0.0,0.0,0.0,0.0,0.0,0.0,0.0,0.0,0.0,0.0,0.0,0.0,0.0,0.0,0.0,0.0,0.0,0.0,0.0,0.0,0.0,0.0,0.0,0.0,0.0,0.0,0.0,0.0,0.0,0.0,0.0,0.0,0.0,0.0,0.0,0.0,0.0,0.0,0.0,0.0,0.0,0.0,0.0,0.0,0.0,0.0,0.0,0.0,0.0,0.0,0.0,0.0,0.0,0.0,0.0,0.0,0.0,0.0,0.0,0.0,0.0,え
0.1620793342590332,0.679370641708374,3.9311988331292014e-08,0.20816205441951752,0.6829980611801147,-0.03315698355436325,0.2550390660762787,0.6474276781082153,-0.04909799247980118,0.2731109857559204,0.6062692403793335,-0.06478030979633331,0.24768933653831482,0.5806933641433716,-0.07931901514530182,0.24327249825000763,0.5188167095184326,-0.01306384801864624,0.25425249338150024,0.4448919892311096,-0.03879847750067711,0.25248903036117554,0.44275256991386414,-0.06284680217504501,0.24610070884227753,0.4797455370426178,-0.07505655288696289,0.20983661711215973,0.5072909593582153,-0.009134750813245773,0.22114495933055878,0.4207703471183777,-0.0338088758289814,0.21486158668994904,0.43457913398742676,-0.05946514382958412,0.21171049773693085,0.47553548216819763,-0.07316070795059204,0.18000608682632446,0.5058801770210266,-0.009832275100052357,0.18898414075374603,0.43155747652053833,-0.028864409774541855,0.18749724328517914,0.43678367137908936,-0.049821533262729645,0.184775710105896,0.4773126244544983,-0.06066957488656044,0.148756206035614,0.5148350596427917,-0.013798335567116737,0.1572791039943695,0.45478665828704834,-0.026017187163233757,0.16079513728618622,0.4516447186470032,-0.03688517212867737,0.162372887134552,0.4777246117591858,-0.04332033917307854,0.0,0.0,0.0,0.0,0.0,0.0,0.0,0.0,0.0,0.0,0.0,0.0,0.0,0.0,0.0,0.0,0.0,0.0,0.0,0.0,0.0,0.0,0.0,0.0,0.0,0.0,0.0,0.0,0.0,0.0,0.0,0.0,0.0,0.0,0.0,0.0,0.0,0.0,0.0,0.0,0.0,0.0,0.0,0.0,0.0,0.0,0.0,0.0,0.0,0.0,0.0,0.0,0.0,0.0,0.0,0.0,0.0,0.0,0.0,0.0,0.0,0.0,0.0,え
0.16130739450454712,0.6766861081123352,1.4826731842276786e-08,0.20728732645511627,0.679761528968811,-0.02948174439370632,0.2542438805103302,0.6445702314376831,-0.04438856244087219,0.27374953031539917,0.6035405993461609,-0.05968333035707474,0.24833811819553375,0.5813222527503967,-0.07398131489753723,0.24328014254570007,0.5173089504241943,-0.0125966127961874,0.25677424669265747,0.44190385937690735,-0.03830942511558533,0.2522840201854706,0.44102057814598083,-0.06085241958498955,0.24445286393165588,0.4775024950504303,-0.0720159262418747,0.20927007496356964,0.5062762498855591,-0.010868357494473457,0.2232382595539093,0.4184103310108185,-0.03595353290438652,0.21434949338436127,0.43459567427635193,-0.05884140729904175,0.2106335461139679,0.47628507018089294,-0.0699930191040039,0.17912112176418304,0.5063831210136414,-0.013479690998792648,0.18787513673305511,0.43096208572387695,-0.03245034068822861,0.18487444519996643,0.4381585419178009,-0.050091858953237534,0.18303892016410828,0.478012353181839,-0.05834176018834114,0.14783437550067902,0.5165920853614807,-0.019134266301989555,0.15622560679912567,0.4574652910232544,-0.03030194155871868,0.1594499945640564,0.4546504616737366,-0.038801152259111404,0.16191403567790985,0.47990497946739197,-0.04342641308903694,0.0,0.0,0.0,0.0,0.0,0.0,0.0,0.0,0.0,0.0,0.0,0.0,0.0,0.0,0.0,0.0,0.0,0.0,0.0,0.0,0.0,0.0,0.0,0.0,0.0,0.0,0.0,0.0,0.0,0.0,0.0,0.0,0.0,0.0,0.0,0.0,0.0,0.0,0.0,0.0,0.0,0.0,0.0,0.0,0.0,0.0,0.0,0.0,0.0,0.0,0.0,0.0,0.0,0.0,0.0,0.0,0.0,0.0,0.0,0.0,0.0,0.0,0.0,え
0.16136880218982697,0.6772496700286865,4.217312721266353e-09,0.20662933588027954,0.6808359622955322,-0.03072322905063629,0.2537168264389038,0.6464723348617554,-0.045763276517391205,0.2726684808731079,0.6061456799507141,-0.06081626936793327,0.2478826940059662,0.5808542966842651,-0.07464666664600372,0.24344144761562347,0.5176778435707092,-0.012725505977869034,0.255458265542984,0.4434325098991394,-0.03864843025803566,0.2521706223487854,0.44227707386016846,-0.0618777796626091,0.24464771151542664,0.47904813289642334,-0.07332867383956909,0.2101285606622696,0.5056530237197876,-0.01009424775838852,0.22215470671653748,0.417972207069397,-0.03477509692311287,0.2142285704612732,0.4340037405490875,-0.05810948833823204,0.20999448001384735,0.4763599634170532,-0.06969781965017319,0.18037503957748413,0.5048710107803345,-0.011905023828148842,0.18901920318603516,0.42964398860931396,-0.030733434483408928,0.18622642755508423,0.43763166666030884,-0.048472460359334946,0.18324895203113556,0.4781664311885834,-0.05675220489501953,0.1489676684141159,0.5143885612487793,-0.016855524852871895,0.1569727063179016,0.454102486371994,-0.028474055230617523,0.15971851348876953,0.4525614380836487,-0.036936819553375244,0.16082224249839783,0.47915512323379517,-0.04128734767436981,0.0,0.0,0.0,0.0,0.0,0.0,0.0,0.0,0.0,0.0,0.0,0.0,0.0,0.0,0.0,0.0,0.0,0.0,0.0,0.0,0.0,0.0,0.0,0.0,0.0,0.0,0.0,0.0,0.0,0.0,0.0,0.0,0.0,0.0,0.0,0.0,0.0,0.0,0.0,0.0,0.0,0.0,0.0,0.0,0.0,0.0,0.0,0.0,0.0,0.0,0.0,0.0,0.0,0.0,0.0,0.0,0.0,0.0,0.0,0.0,0.0,0.0,0.0,え
0.16174539923667908,0.6801477670669556,-1.7180726286092352e-10,0.2074810266494751,0.68220454454422,-0.031036654487252235,0.25484180450439453,0.6480791568756104,-0.04625428840517998,0.27231818437576294,0.6078717708587646,-0.06146831437945366,0.24769327044487,0.58389812707901,-0.07533060759305954,0.24437370896339417,0.5210312604904175,-0.012871510349214077,0.25727829337120056,0.44632595777511597,-0.039349112659692764,0.2512379288673401,0.44597628712654114,-0.06275248527526855,0.24288374185562134,0.48320457339286804,-0.07428082078695297,0.2109602391719818,0.5086985230445862,-0.01043538935482502,0.22470562160015106,0.41937458515167236,-0.03593462333083153,0.2145521342754364,0.43441709876060486,-0.059372685849666595,0.2097385674715042,0.4765077829360962,-0.0707303062081337,0.18084894120693207,0.5079236626625061,-0.012512076646089554,0.19023782014846802,0.43308770656585693,-0.031897224485874176,0.1865861415863037,0.44157588481903076,-0.049336668103933334,0.1840142011642456,0.48215845227241516,-0.05712699145078659,0.14951108396053314,0.5178007483482361,-0.01781119965016842,0.15825900435447693,0.4570106565952301,-0.029209813103079796,0.1610412299633026,0.4559553265571594,-0.03703266382217407,0.16286610066890717,0.4825228154659271,-0.04091450572013855,0.0,0.0,0.0,0.0,0.0,0.0,0.0,0.0,0.0,0.0,0.0,0.0,0.0,0.0,0.0,0.0,0.0,0.0,0.0,0.0,0.0,0.0,0.0,0.0,0.0,0.0,0.0,0.0,0.0,0.0,0.0,0.0,0.0,0.0,0.0,0.0,0.0,0.0,0.0,0.0,0.0,0.0,0.0,0.0,0.0,0.0,0.0,0.0,0.0,0.0,0.0,0.0,0.0,0.0,0.0,0.0,0.0,0.0,0.0,0.0,0.0,0.0,0.0,え
0.16130274534225464,0.6799249649047852,-1.4530409764290653e-08,0.20736829936504364,0.6818293333053589,-0.029749291017651558,0.2541443705558777,0.648493230342865,-0.04441182687878609,0.2715163230895996,0.6091213822364807,-0.059486567974090576,0.2476324439048767,0.5824258327484131,-0.07336799055337906,0.24471238255500793,0.5196731090545654,-0.010647730901837349,0.25646451115608215,0.44554752111434937,-0.03655717521905899,0.25193625688552856,0.4454897344112396,-0.0596810057759285,0.24432462453842163,0.4825151562690735,-0.07099124789237976,0.2114257663488388,0.5069481134414673,-0.008762764744460583,0.2252994179725647,0.4188266396522522,-0.033575575798749924,0.21536791324615479,0.4363834261894226,-0.05674749240279198,0.20986409485340118,0.47886383533477783,-0.06776753067970276,0.18133951723575592,0.5055676698684692,-0.01135509368032217,0.19106319546699524,0.4308742880821228,-0.030461449176073074,0.1869979202747345,0.4412428140640259,-0.047563325613737106,0.1831873208284378,0.4823712706565857,-0.05496976152062416,0.1498154103755951,0.5151204466819763,-0.01703638583421707,0.1584080010652542,0.4542364478111267,-0.02854492887854576,0.16044291853904724,0.45485198497772217,-0.035980477929115295,0.16099421679973602,0.4828437864780426,-0.03932877629995346,0.0,0.0,0.0,0.0,0.0,0.0,0.0,0.0,0.0,0.0,0.0,0.0,0.0,0.0,0.0,0.0,0.0,0.0,0.0,0.0,0.0,0.0,0.0,0.0,0.0,0.0,0.0,0.0,0.0,0.0,0.0,0.0,0.0,0.0,0.0,0.0,0.0,0.0,0.0,0.0,0.0,0.0,0.0,0.0,0.0,0.0,0.0,0.0,0.0,0.0,0.0,0.0,0.0,0.0,0.0,0.0,0.0,0.0,0.0,0.0,0.0,0.0,0.0,え
0.16257116198539734,0.6817870140075684,1.3929205344709317e-08,0.2082837074995041,0.6837152242660522,-0.0314871147274971,0.25530728697776794,0.6489325761795044,-0.04711941257119179,0.27218037843704224,0.6076533794403076,-0.06273745745420456,0.2466178834438324,0.5822106599807739,-0.07715556770563126,0.2443636804819107,0.5202101469039917,-0.013350737281143665,0.2559836804866791,0.4466794431209564,-0.04030826687812805,0.25167155265808105,0.4450787305831909,-0.06418881565332413,0.2443011999130249,0.482236385345459,-0.07592108845710754,0.21041104197502136,0.5084394216537476,-0.010828121565282345,0.2231817990541458,0.4196174442768097,-0.03653069958090782,0.21416161954402924,0.43368279933929443,-0.06032814830541611,0.2100234180688858,0.47505900263786316,-0.07194827497005463,0.18026603758335114,0.5083198547363281,-0.012888116762042046,0.1892482340335846,0.43356454372406006,-0.032637838274240494,0.1858307272195816,0.44009944796562195,-0.05055110529065132,0.18308183550834656,0.479766309261322,-0.05866459012031555,0.1487460732460022,0.5192806124687195,-0.01818876899778843,0.15750722587108612,0.45858335494995117,-0.030191384255886078,0.15988940000534058,0.4542566239833832,-0.03873099386692047,0.16112592816352844,0.47791406512260437,-0.04306155815720558,0.0,0.0,0.0,0.0,0.0,0.0,0.0,0.0,0.0,0.0,0.0,0.0,0.0,0.0,0.0,0.0,0.0,0.0,0.0,0.0,0.0,0.0,0.0,0.0,0.0,0.0,0.0,0.0,0.0,0.0,0.0,0.0,0.0,0.0,0.0,0.0,0.0,0.0,0.0,0.0,0.0,0.0,0.0,0.0,0.0,0.0,0.0,0.0,0.0,0.0,0.0,0.0,0.0,0.0,0.0,0.0,0.0,0.0,0.0,0.0,0.0,0.0,0.0,え
0.16224397718906403,0.6826751232147217,1.1138540756405746e-08,0.20752741396427155,0.6837911605834961,-0.03050382062792778,0.2533574402332306,0.6507901549339294,-0.046430304646492004,0.27264153957366943,0.6132906675338745,-0.06250572204589844,0.25001654028892517,0.5877864956855774,-0.07724153250455856,0.24427884817123413,0.5216198563575745,-0.013921533711254597,0.255859911441803,0.4471474587917328,-0.041142627596855164,0.25129711627960205,0.4472329020500183,-0.06474898010492325,0.24370644986629486,0.4849264919757843,-0.07606574892997742,0.21054749190807343,0.5094962120056152,-0.011824634857475758,0.22336111962795258,0.42100128531455994,-0.03723175451159477,0.21466436982154846,0.43507280945777893,-0.05994212627410889,0.21011914312839508,0.476426899433136,-0.07077832520008087,0.1802377998828888,0.509459376335144,-0.01430379506200552,0.18842852115631104,0.43438348174095154,-0.033300209790468216,0.18566344678401947,0.4411858022212982,-0.050050146877765656,0.1835719347000122,0.48014307022094727,-0.057472068816423416,0.14908888936042786,0.5204998850822449,-0.020028965547680855,0.1564166098833084,0.4605686068534851,-0.03125173598527908,0.1599317491054535,0.45685988664627075,-0.03908437117934227,0.16281627118587494,0.48040637373924255,-0.04291350021958351,0.0,0.0,0.0,0.0,0.0,0.0,0.0,0.0,0.0,0.0,0.0,0.0,0.0,0.0,0.0,0.0,0.0,0.0,0.0,0.0,0.0,0.0,0.0,0.0,0.0,0.0,0.0,0.0,0.0,0.0,0.0,0.0,0.0,0.0,0.0,0.0,0.0,0.0,0.0,0.0,0.0,0.0,0.0,0.0,0.0,0.0,0.0,0.0,0.0,0.0,0.0,0.0,0.0,0.0,0.0,0.0,0.0,0.0,0.0,0.0,0.0,0.0,0.0,え
0.161301389336586,0.6779491305351257,5.659753998799033e-09,0.20656180381774902,0.6804067492485046,-0.029215920716524124,0.2526310682296753,0.6460743546485901,-0.044110171496868134,0.27238452434539795,0.6074737906455994,-0.05933124199509621,0.24940304458141327,0.5829246044158936,-0.07339746505022049,0.24417871236801147,0.5179928541183472,-0.01281621865928173,0.25701168179512024,0.4435220956802368,-0.03911416232585907,0.25261959433555603,0.44322189688682556,-0.06226809322834015,0.24445740878582,0.4799758493900299,-0.07358547300100327,0.21087224781513214,0.5060158967971802,-0.011374710127711296,0.22453586757183075,0.4172589182853699,-0.03640458360314369,0.21639268100261688,0.43292343616485596,-0.0595586933195591,0.21160301566123962,0.4745696783065796,-0.0708213746547699,0.18054363131523132,0.505709171295166,-0.014219135977327824,0.18979935348033905,0.4309525489807129,-0.033158596605062485,0.18716783821582794,0.438816100358963,-0.05035363510251045,0.18414977192878723,0.47795549035072327,-0.05813403055071831,0.14913655817508698,0.5160578489303589,-0.020095648244023323,0.1579364538192749,0.45601558685302734,-0.031226983293890953,0.1614382416009903,0.4533897638320923,-0.038951147347688675,0.1630224734544754,0.4776654839515686,-0.042788900434970856,0.0,0.0,0.0,0.0,0.0,0.0,0.0,0.0,0.0,0.0,0.0,0.0,0.0,0.0,0.0,0.0,0.0,0.0,0.0,0.0,0.0,0.0,0.0,0.0,0.0,0.0,0.0,0.0,0.0,0.0,0.0,0.0,0.0,0.0,0.0,0.0,0.0,0.0,0.0,0.0,0.0,0.0,0.0,0.0,0.0,0.0,0.0,0.0,0.0,0.0,0.0,0.0,0.0,0.0,0.0,0.0,0.0,0.0,0.0,0.0,0.0,0.0,0.0,え
0.16285040974617004,0.6806204319000244,-2.0223156482757076e-08,0.20885056257247925,0.6820441484451294,-0.027271483093500137,0.2553209066390991,0.6467580199241638,-0.04032609239220619,0.27364200353622437,0.6064090132713318,-0.05396081879734993,0.24905499815940857,0.5826805233955383,-0.06649865210056305,0.24499168992042542,0.5196343064308167,-0.00974974688142538,0.2582775056362152,0.4456542134284973,-0.035146623849868774,0.2523238956928253,0.44560807943344116,-0.058039791882038116,0.243263378739357,0.48122528195381165,-0.06940984725952148,0.21143224835395813,0.5074368715286255,-0.008837263099849224,0.22465644776821136,0.4205121695995331,-0.03326557204127312,0.21577668190002441,0.4346940517425537,-0.05653413012623787,0.21049171686172485,0.4753600060939789,-0.06815910339355469,0.1808701902627945,0.5070937275886536,-0.012121089734137058,0.1897980123758316,0.433266282081604,-0.030610056594014168,0.18669342994689941,0.4408801794052124,-0.047923535108566284,0.18392395973205566,0.47996947169303894,-0.05592535808682442,0.14933273196220398,0.5178517699241638,-0.018299413844943047,0.15764352679252625,0.4578171670436859,-0.029100434854626656,0.16057395935058594,0.45441901683807373,-0.036799151450395584,0.16271115839481354,0.4780306816101074,-0.040717676281929016,0.0,0.0,0.0,0.0,0.0,0.0,0.0,0.0,0.0,0.0,0.0,0.0,0.0,0.0,0.0,0.0,0.0,0.0,0.0,0.0,0.0,0.0,0.0,0.0,0.0,0.0,0.0,0.0,0.0,0.0,0.0,0.0,0.0,0.0,0.0,0.0,0.0,0.0,0.0,0.0,0.0,0.0,0.0,0.0,0.0,0.0,0.0,0.0,0.0,0.0,0.0,0.0,0.0,0.0,0.0,0.0,0.0,0.0,0.0,0.0,0.0,0.0,0.0,え
0.16231635212898254,0.6830518841743469,-1.5960292643057983e-08,0.2087913602590561,0.6835412979125977,-0.026820749044418335,0.2562815546989441,0.6485185623168945,-0.039901793003082275,0.2742428183555603,0.6072604060173035,-0.053431712090969086,0.24971210956573486,0.584764838218689,-0.06565333157777786,0.24541312456130981,0.5221038460731506,-0.010573905892670155,0.25875651836395264,0.44818931818008423,-0.036568380892276764,0.2521083652973175,0.4470905363559723,-0.059305962175130844,0.2432776838541031,0.48291444778442383,-0.07031777501106262,0.21171441674232483,0.5097713470458984,-0.00983322411775589,0.2245655655860901,0.4225493371486664,-0.034106045961380005,0.21511425077915192,0.4333021640777588,-0.055622830986976624,0.20992136001586914,0.4735349118709564,-0.06591014564037323,0.18122220039367676,0.5099319815635681,-0.013375612907111645,0.1900719851255417,0.4355451464653015,-0.03172260522842407,0.18645037710666656,0.4402661919593811,-0.046838752925395966,0.18413448333740234,0.4776965379714966,-0.05327177047729492,0.14981037378311157,0.5212588906288147,-0.019910678267478943,0.1574471890926361,0.4625069797039032,-0.03090505860745907,0.16028086841106415,0.4570896625518799,-0.03761497139930725,0.16300800442695618,0.4782944321632385,-0.040505290031433105,0.0,0.0,0.0,0.0,0.0,0.0,0.0,0.0,0.0,0.0,0.0,0.0,0.0,0.0,0.0,0.0,0.0,0.0,0.0,0.0,0.0,0.0,0.0,0.0,0.0,0.0,0.0,0.0,0.0,0.0,0.0,0.0,0.0,0.0,0.0,0.0,0.0,0.0,0.0,0.0,0.0,0.0,0.0,0.0,0.0,0.0,0.0,0.0,0.0,0.0,0.0,0.0,0.0,0.0,0.0,0.0,0.0,0.0,0.0,0.0,0.0,0.0,0.0,え
0.1626441925764084,0.6782984733581543,-2.8732387580276963e-09,0.20897641777992249,0.6836546659469604,-0.02950850874185562,0.2563179135322571,0.6487151980400085,-0.04390609264373779,0.2762831151485443,0.6077718138694763,-0.058399707078933716,0.250339150428772,0.5836357474327087,-0.07178331166505814,0.24605776369571686,0.5206224322319031,-0.013266036286950111,0.25994858145713806,0.4460473656654358,-0.03970416635274887,0.2549165189266205,0.44584372639656067,-0.06302864104509354,0.24623367190361023,0.4819779098033905,-0.0746443122625351,0.212096706032753,0.5083599090576172,-0.011623763479292393,0.22583550214767456,0.4187277853488922,-0.03762054443359375,0.21780924499034882,0.4338175058364868,-0.06134428828954697,0.2132011204957962,0.476147323846817,-0.07299400866031647,0.18167515099048615,0.5078778266906738,-0.014269273728132248,0.19176845252513885,0.4319683313369751,-0.03411947935819626,0.1893504410982132,0.43855080008506775,-0.05219065025448799,0.18652132153511047,0.47752368450164795,-0.060531072318553925,0.15011537075042725,0.5179541707038879,-0.019915109500288963,0.1591024100780487,0.45719534158706665,-0.031932562589645386,0.16199766099452972,0.45235323905944824,-0.040729980915784836,0.16347315907478333,0.474478155374527,-0.04543251544237137,0.0,0.0,0.0,0.0,0.0,0.0,0.0,0.0,0.0,0.0,0.0,0.0,0.0,0.0,0.0,0.0,0.0,0.0,0.0,0.0,0.0,0.0,0.0,0.0,0.0,0.0,0.0,0.0,0.0,0.0,0.0,0.0,0.0,0.0,0.0,0.0,0.0,0.0,0.0,0.0,0.0,0.0,0.0,0.0,0.0,0.0,0.0,0.0,0.0,0.0,0.0,0.0,0.0,0.0,0.0,0.0,0.0,0.0,0.0,0.0,0.0,0.0,0.0,え
0.1643620729446411,0.67950040102005,2.2999291360292773e-09,0.20928910374641418,0.682634174823761,-0.0314139723777771,0.25405460596084595,0.6486685276031494,-0.04740261659026146,0.2735741138458252,0.6118003726005554,-0.06356517225503922,0.25159943103790283,0.5841705799102783,-0.07869140058755875,0.2463470846414566,0.5195264220237732,-0.014009074307978153,0.2579877972602844,0.4467388987541199,-0.040959522128105164,0.2544499933719635,0.44682982563972473,-0.06496485322713852,0.2462654709815979,0.4845493733882904,-0.07677489519119263,0.2125893533229828,0.5072874426841736,-0.01154325157403946,0.2249249368906021,0.4188847243785858,-0.036941684782505035,0.21669478714466095,0.4359399974346161,-0.06103542074561119,0.21225805580615997,0.4778478145599365,-0.07308881729841232,0.18240967392921448,0.5067099332809448,-0.0136233726516366,0.19127270579338074,0.43167078495025635,-0.0329924002289772,0.18843086063861847,0.4399770200252533,-0.05162263289093971,0.1853075474500656,0.48037397861480713,-0.060471050441265106,0.1509573608636856,0.5170726180076599,-0.01885993406176567,0.15924057364463806,0.4560043215751648,-0.030763868242502213,0.16205604374408722,0.4536990225315094,-0.03970619663596153,0.1633191853761673,0.4797837734222412,-0.04450215771794319,0.0,0.0,0.0,0.0,0.0,0.0,0.0,0.0,0.0,0.0,0.0,0.0,0.0,0.0,0.0,0.0,0.0,0.0,0.0,0.0,0.0,0.0,0.0,0.0,0.0,0.0,0.0,0.0,0.0,0.0,0.0,0.0,0.0,0.0,0.0,0.0,0.0,0.0,0.0,0.0,0.0,0.0,0.0,0.0,0.0,0.0,0.0,0.0,0.0,0.0,0.0,0.0,0.0,0.0,0.0,0.0,0.0,0.0,0.0,0.0,0.0,0.0,0.0,え
0.16316014528274536,0.6799429059028625,-2.7238467481538464e-08,0.2090122401714325,0.6828524470329285,-0.028153544291853905,0.25429567694664,0.6493698358535767,-0.04206503927707672,0.2737886607646942,0.6110801696777344,-0.05649718642234802,0.25016552209854126,0.5850962996482849,-0.06982051581144333,0.24609553813934326,0.5211860537528992,-0.011243133805692196,0.25841590762138367,0.44672608375549316,-0.036947473883628845,0.25336745381355286,0.448592871427536,-0.05964874476194382,0.2449837327003479,0.48523908853530884,-0.07077945023775101,0.21236233413219452,0.5087409615516663,-0.009784278459846973,0.22459684312343597,0.41995540261268616,-0.03430848568677902,0.21542303264141083,0.43762630224227905,-0.05672053247690201,0.21101532876491547,0.47906720638275146,-0.06760530918836594,0.18205411732196808,0.5073404312133789,-0.012629314325749874,0.19081827998161316,0.4315357208251953,-0.031137585639953613,0.18735994398593903,0.4416690468788147,-0.047566067427396774,0.18472443521022797,0.4814475476741791,-0.05487107113003731,0.15053875744342804,0.5164169073104858,-0.018426554277539253,0.15917159616947174,0.456228107213974,-0.029314888641238213,0.16176143288612366,0.45478373765945435,-0.03666134923696518,0.1635609269142151,0.4801158607006073,-0.040260083973407745,0.0,0.0,0.0,0.0,0.0,0.0,0.0,0.0,0.0,0.0,0.0,0.0,0.0,0.0,0.0,0.0,0.0,0.0,0.0,0.0,0.0,0.0,0.0,0.0,0.0,0.0,0.0,0.0,0.0,0.0,0.0,0.0,0.0,0.0,0.0,0.0,0.0,0.0,0.0,0.0,0.0,0.0,0.0,0.0,0.0,0.0,0.0,0.0,0.0,0.0,0.0,0.0,0.0,0.0,0.0,0.0,0.0,0.0,0.0,0.0,0.0,0.0,0.0,え
0.16429363191127777,0.6794743537902832,-9.889828511688847e-09,0.20919853448867798,0.6825373768806458,-0.029463516548275948,0.25461679697036743,0.6487388014793396,-0.04399882256984711,0.27406153082847595,0.6099089980125427,-0.058863572776317596,0.25088539719581604,0.5836192965507507,-0.07255563884973526,0.2465689778327942,0.5196640491485596,-0.011490295641124249,0.25868648290634155,0.445840984582901,-0.03721880167722702,0.2536500096321106,0.445981502532959,-0.0600593164563179,0.24517866969108582,0.4829457402229309,-0.07121455669403076,0.2127588987350464,0.5074875950813293,-0.009403903037309647,0.2244604229927063,0.4199370741844177,-0.03369370102882385,0.21571770310401917,0.43595951795578003,-0.0563434399664402,0.21179378032684326,0.4770694673061371,-0.06747853755950928,0.18256641924381256,0.5067642331123352,-0.011778542771935463,0.19082024693489075,0.43167388439178467,-0.030194297432899475,0.18752731382846832,0.44004952907562256,-0.047199081629514694,0.18522682785987854,0.47955989837646484,-0.05499777942895889,0.15104693174362183,0.516717791557312,-0.01722325198352337,0.15896598994731903,0.4566617012023926,-0.028221890330314636,0.1612720489501953,0.45416659116744995,-0.03611491993069649,0.16301430761814117,0.47912800312042236,-0.040131501853466034,0.0,0.0,0.0,0.0,0.0,0.0,0.0,0.0,0.0,0.0,0.0,0.0,0.0,0.0,0.0,0.0,0.0,0.0,0.0,0.0,0.0,0.0,0.0,0.0,0.0,0.0,0.0,0.0,0.0,0.0,0.0,0.0,0.0,0.0,0.0,0.0,0.0,0.0,0.0,0.0,0.0,0.0,0.0,0.0,0.0,0.0,0.0,0.0,0.0,0.0,0.0,0.0,0.0,0.0,0.0,0.0,0.0,0.0,0.0,0.0,0.0,0.0,0.0,え
0.16346216201782227,0.6797855496406555,-8.543545426675792e-09,0.20929187536239624,0.6840959191322327,-0.029676858335733414,0.25527670979499817,0.6502505540847778,-0.04478799179196358,0.27432501316070557,0.6127195954322815,-0.0602722130715847,0.25110578536987305,0.5860893726348877,-0.07475566118955612,0.24629049003124237,0.5208094716072083,-0.013404876925051212,0.2579077482223511,0.4463958144187927,-0.03987320885062218,0.25497880578041077,0.44705885648727417,-0.06313806772232056,0.24721822142601013,0.4850575923919678,-0.07442757487297058,0.21272888779640198,0.509138822555542,-0.011612479574978352,0.22421027719974518,0.4199029207229614,-0.036390312016010284,0.2169097512960434,0.4373563826084137,-0.05949034169316292,0.21306642889976501,0.47945699095726013,-0.07094208151102066,0.18282450735569,0.5084947347640991,-0.014197208918631077,0.19113877415657043,0.43215706944465637,-0.033356498926877975,0.18888993561267853,0.441414475440979,-0.05109970644116402,0.18609534204006195,0.48189666867256165,-0.059343528002500534,0.1513519138097763,0.5182638764381409,-0.01978481002151966,0.15984183549880981,0.45693278312683105,-0.031789593398571014,0.163117453455925,0.45544520020484924,-0.040362998843193054,0.16450628638267517,0.4819702208042145,-0.04482078179717064,0.0,0.0,0.0,0.0,0.0,0.0,0.0,0.0,0.0,0.0,0.0,0.0,0.0,0.0,0.0,0.0,0.0,0.0,0.0,0.0,0.0,0.0,0.0,0.0,0.0,0.0,0.0,0.0,0.0,0.0,0.0,0.0,0.0,0.0,0.0,0.0,0.0,0.0,0.0,0.0,0.0,0.0,0.0,0.0,0.0,0.0,0.0,0.0,0.0,0.0,0.0,0.0,0.0,0.0,0.0,0.0,0.0,0.0,0.0,0.0,0.0,0.0,0.0,え
0.16254952549934387,0.6788345575332642,8.851089638994836e-09,0.20832514762878418,0.6840115189552307,-0.031726837158203125,0.2558009624481201,0.6497687101364136,-0.04725387692451477,0.27502670884132385,0.6103394031524658,-0.06283995509147644,0.2508634030818939,0.5852475762367249,-0.07734627276659012,0.24646484851837158,0.5210784673690796,-0.013767650350928307,0.25833308696746826,0.4470379948616028,-0.04008672013878822,0.2541004419326782,0.4460919499397278,-0.06377620249986649,0.2458573877811432,0.48324769735336304,-0.07568362355232239,0.21330583095550537,0.5087828040122986,-0.011116963811218739,0.22667521238327026,0.4201100468635559,-0.03644225001335144,0.21803432703018188,0.43429526686668396,-0.06105412542819977,0.21300989389419556,0.47625428438186646,-0.07370544224977493,0.18360492587089539,0.5077890157699585,-0.01298069953918457,0.19280758500099182,0.4323574900627136,-0.032288409769535065,0.19022297859191895,0.4394649267196655,-0.05187215656042099,0.1871618777513504,0.480597585439682,-0.06155849248170853,0.15211357176303864,0.5172916650772095,-0.01805712655186653,0.1603330373764038,0.4562993347644806,-0.030048198997974396,0.1636102944612503,0.4541792869567871,-0.040009040385484695,0.16514542698860168,0.4814566373825073,-0.04577444866299629,0.0,0.0,0.0,0.0,0.0,0.0,0.0,0.0,0.0,0.0,0.0,0.0,0.0,0.0,0.0,0.0,0.0,0.0,0.0,0.0,0.0,0.0,0.0,0.0,0.0,0.0,0.0,0.0,0.0,0.0,0.0,0.0,0.0,0.0,0.0,0.0,0.0,0.0,0.0,0.0,0.0,0.0,0.0,0.0,0.0,0.0,0.0,0.0,0.0,0.0,0.0,0.0,0.0,0.0,0.0,0.0,0.0,0.0,0.0,0.0,0.0,0.0,0.0,え
0.16306555271148682,0.6809771060943604,2.6244213913173553e-08,0.20938459038734436,0.6830924153327942,-0.030001241713762283,0.2566267251968384,0.6481074094772339,-0.04474625363945961,0.27482232451438904,0.6074708700180054,-0.059735044836997986,0.250186026096344,0.5835840702056885,-0.0734243094921112,0.24614782631397247,0.5200421214103699,-0.012083789333701134,0.25844910740852356,0.4476970434188843,-0.03851883485913277,0.254423588514328,0.44603365659713745,-0.061736710369586945,0.24643436074256897,0.48277005553245544,-0.07300746440887451,0.21318566799163818,0.5074349045753479,-0.010291180573403835,0.22705453634262085,0.41915616393089294,-0.035060785710811615,0.21870870888233185,0.4305676221847534,-0.05747786909341812,0.21340812742710114,0.4723803400993347,-0.068221814930439,0.18335610628128052,0.5071598887443542,-0.013080026023089886,0.19224266707897186,0.43205198645591736,-0.03220200166106224,0.18997573852539062,0.4377595782279968,-0.048725876957178116,0.18733182549476624,0.47799891233444214,-0.055873531848192215,0.15130898356437683,0.5174610614776611,-0.019099727272987366,0.15974609553813934,0.4566817879676819,-0.031130876392126083,0.16352738440036774,0.45358237624168396,-0.03909220173954964,0.16564126312732697,0.4797874689102173,-0.04280566796660423,0.0,0.0,0.0,0.0,0.0,0.0,0.0,0.0,0.0,0.0,0.0,0.0,0.0,0.0,0.0,0.0,0.0,0.0,0.0,0.0,0.0,0.0,0.0,0.0,0.0,0.0,0.0,0.0,0.0,0.0,0.0,0.0,0.0,0.0,0.0,0.0,0.0,0.0,0.0,0.0,0.0,0.0,0.0,0.0,0.0,0.0,0.0,0.0,0.0,0.0,0.0,0.0,0.0,0.0,0.0,0.0,0.0,0.0,0.0,0.0,0.0,0.0,0.0,え
0.1637188196182251,0.6789445877075195,-9.493824615347535e-10,0.20843219757080078,0.6823768615722656,-0.03169139847159386,0.2535390853881836,0.6500108242034912,-0.04829991236329079,0.27336385846138,0.6131484508514404,-0.06507063657045364,0.25056740641593933,0.5855178236961365,-0.08073367923498154,0.2462080419063568,0.5200015306472778,-0.014655671082437038,0.2581872045993805,0.44767633080482483,-0.0414256826043129,0.2532328963279724,0.44859734177589417,-0.06463781744241714,0.2446782886981964,0.4857631027698517,-0.07600796222686768,0.212278813123703,0.5076925754547119,-0.012083915062248707,0.22502249479293823,0.41973286867141724,-0.037445325404405594,0.21524958312511444,0.437873899936676,-0.06024907901883125,0.21093061566352844,0.47887569665908813,-0.07128621637821198,0.18226438760757446,0.5068306922912598,-0.014101393520832062,0.19104807078838348,0.43201592564582825,-0.0331275500357151,0.18731413781642914,0.44159382581710815,-0.050304777920246124,0.184493288397789,0.48148036003112793,-0.05816931650042534,0.15087082982063293,0.5166695713996887,-0.019365062937140465,0.15898364782333374,0.45639848709106445,-0.030560025945305824,0.16134107112884521,0.4545705020427704,-0.03868824988603592,0.16284814476966858,0.4801632761955261,-0.04299912974238396,0.0,0.0,0.0,0.0,0.0,0.0,0.0,0.0,0.0,0.0,0.0,0.0,0.0,0.0,0.0,0.0,0.0,0.0,0.0,0.0,0.0,0.0,0.0,0.0,0.0,0.0,0.0,0.0,0.0,0.0,0.0,0.0,0.0,0.0,0.0,0.0,0.0,0.0,0.0,0.0,0.0,0.0,0.0,0.0,0.0,0.0,0.0,0.0,0.0,0.0,0.0,0.0,0.0,0.0,0.0,0.0,0.0,0.0,0.0,0.0,0.0,0.0,0.0,え
0.16313758492469788,0.6781514883041382,-5.1338679973866874e-09,0.20862632989883423,0.6824966669082642,-0.0308105256408453,0.253561407327652,0.6491300463676453,-0.04647858440876007,0.2740713953971863,0.6127944588661194,-0.06236797571182251,0.2519242763519287,0.5866058468818665,-0.07734375447034836,0.24560144543647766,0.5199469327926636,-0.014181864447891712,0.2581339478492737,0.44638726115226746,-0.04051637277007103,0.2535761594772339,0.44690415263175964,-0.06403149664402008,0.24521666765213013,0.48375558853149414,-0.0758521780371666,0.21183042228221893,0.5079304575920105,-0.011951673775911331,0.22517316043376923,0.419295072555542,-0.03735607862472534,0.2161063551902771,0.43643757700920105,-0.06166566535830498,0.21166056394577026,0.47817355394363403,-0.07411807030439377,0.18165215849876404,0.507182776927948,-0.014112228527665138,0.1909191608428955,0.43154993653297424,-0.03322530910372734,0.1878274530172348,0.44004809856414795,-0.05259106680750847,0.18513303995132446,0.4807833433151245,-0.06224718689918518,0.1501763015985489,0.5171412229537964,-0.019340796396136284,0.15849412977695465,0.4565630555152893,-0.030924979597330093,0.1614724099636078,0.4539870619773865,-0.04058348014950752,0.16332322359085083,0.4801751375198364,-0.04628783091902733,0.0,0.0,0.0,0.0,0.0,0.0,0.0,0.0,0.0,0.0,0.0,0.0,0.0,0.0,0.0,0.0,0.0,0.0,0.0,0.0,0.0,0.0,0.0,0.0,0.0,0.0,0.0,0.0,0.0,0.0,0.0,0.0,0.0,0.0,0.0,0.0,0.0,0.0,0.0,0.0,0.0,0.0,0.0,0.0,0.0,0.0,0.0,0.0,0.0,0.0,0.0,0.0,0.0,0.0,0.0,0.0,0.0,0.0,0.0,0.0,0.0,0.0,0.0,え
0.16384127736091614,0.6804301142692566,6.140757680128672e-09,0.20967228710651398,0.6836576461791992,-0.031768545508384705,0.25491800904273987,0.650455892086029,-0.04756338521838188,0.27401286363601685,0.6129075884819031,-0.06345831602811813,0.2510645389556885,0.5853849053382874,-0.07827690988779068,0.24682208895683289,0.5209056735038757,-0.013320953585207462,0.25819605588912964,0.44788235425949097,-0.03960910066962242,0.25421151518821716,0.44809019565582275,-0.06315376609563828,0.24603986740112305,0.4852561354637146,-0.07486223429441452,0.21355484426021576,0.508427083492279,-0.010505096055567265,0.2266642451286316,0.4196147918701172,-0.03515995666384697,0.21769289672374725,0.4362136721611023,-0.059009261429309845,0.21302957832813263,0.4777401089668274,-0.071160688996315,0.1837511509656906,0.507306694984436,-0.012328919023275375,0.19291390478610992,0.4315396249294281,-0.03133566677570343,0.1897478997707367,0.4400419294834137,-0.050415266305208206,0.18628919124603271,0.4811393916606903,-0.05973690375685692,0.1518021821975708,0.5169516205787659,-0.017334695905447006,0.16061025857925415,0.4555068612098694,-0.029160529375076294,0.1632261425256729,0.4541918635368347,-0.038597047328948975,0.16403314471244812,0.4823140799999237,-0.04395115748047829,0.0,0.0,0.0,0.0,0.0,0.0,0.0,0.0,0.0,0.0,0.0,0.0,0.0,0.0,0.0,0.0,0.0,0.0,0.0,0.0,0.0,0.0,0.0,0.0,0.0,0.0,0.0,0.0,0.0,0.0,0.0,0.0,0.0,0.0,0.0,0.0,0.0,0.0,0.0,0.0,0.0,0.0,0.0,0.0,0.0,0.0,0.0,0.0,0.0,0.0,0.0,0.0,0.0,0.0,0.0,0.0,0.0,0.0,0.0,0.0,0.0,0.0,0.0,え
0.16388818621635437,0.6805198192596436,1.844421149144182e-08,0.20932866632938385,0.6833224892616272,-0.03201023489236832,0.2548944652080536,0.6503580212593079,-0.0488443523645401,0.27369317412376404,0.6132835149765015,-0.06577742844820023,0.25084778666496277,0.5851605534553528,-0.0816066563129425,0.2468494474887848,0.5202785730361938,-0.015135219320654869,0.25802555680274963,0.4466944932937622,-0.04239451512694359,0.25499698519706726,0.44681066274642944,-0.06629283726215363,0.2472064197063446,0.4851909279823303,-0.077931247651577,0.21318930387496948,0.5086192488670349,-0.012550432235002518,0.2255154401063919,0.41927430033683777,-0.037832409143447876,0.21761254966259003,0.43674466013908386,-0.06124646216630936,0.2136548012495041,0.4785294830799103,-0.07287859171628952,0.183047816157341,0.5080803036689758,-0.014588030986487865,0.19161750376224518,0.4317265748977661,-0.03396490961313248,0.1892981082201004,0.44108328223228455,-0.05167008191347122,0.1863766759634018,0.48188912868499756,-0.05994664505124092,0.15090960264205933,0.5180763602256775,-0.019876988604664803,0.15942344069480896,0.45690345764160156,-0.031874723732471466,0.1626192033290863,0.45584002137184143,-0.04038890823721886,0.16372860968112946,0.4827699363231659,-0.04488753899931908,0.0,0.0,0.0,0.0,0.0,0.0,0.0,0.0,0.0,0.0,0.0,0.0,0.0,0.0,0.0,0.0,0.0,0.0,0.0,0.0,0.0,0.0,0.0,0.0,0.0,0.0,0.0,0.0,0.0,0.0,0.0,0.0,0.0,0.0,0.0,0.0,0.0,0.0,0.0,0.0,0.0,0.0,0.0,0.0,0.0,0.0,0.0,0.0,0.0,0.0,0.0,0.0,0.0,0.0,0.0,0.0,0.0,0.0,0.0,0.0,0.0,0.0,0.0,え
0.16209568083286285,0.6792768239974976,1.1248723730261645e-08,0.2075580507516861,0.6824386119842529,-0.033031173050403595,0.2548883557319641,0.649482011795044,-0.049222081899642944,0.27330613136291504,0.6101799011230469,-0.0651639774441719,0.24859027564525604,0.5851333141326904,-0.07990586757659912,0.2466890662908554,0.5198286771774292,-0.014184989966452122,0.25841742753982544,0.447790265083313,-0.04049740359187126,0.25374776124954224,0.44771629571914673,-0.06420440226793289,0.2458021640777588,0.48395803570747375,-0.07622985541820526,0.21286995708942413,0.5067431926727295,-0.010966937057673931,0.22649022936820984,0.41921770572662354,-0.03612302243709564,0.21670806407928467,0.43506571650505066,-0.0604754202067852,0.2117968648672104,0.4761653244495392,-0.0729343518614769,0.18251559138298035,0.5055418610572815,-0.012400595471262932,0.19234471023082733,0.4317481517791748,-0.031903330236673355,0.1882905811071396,0.43953394889831543,-0.05113734304904938,0.18449744582176208,0.4796505570411682,-0.06047462671995163,0.15072011947631836,0.5154348015785217,-0.017118792980909348,0.15953020751476288,0.4550744891166687,-0.02893134020268917,0.1613500565290451,0.45295894145965576,-0.038158100098371506,0.161705881357193,0.47903603315353394,-0.04334114491939545,0.0,0.0,0.0,0.0,0.0,0.0,0.0,0.0,0.0,0.0,0.0,0.0,0.0,0.0,0.0,0.0,0.0,0.0,0.0,0.0,0.0,0.0,0.0,0.0,0.0,0.0,0.0,0.0,0.0,0.0,0.0,0.0,0.0,0.0,0.0,0.0,0.0,0.0,0.0,0.0,0.0,0.0,0.0,0.0,0.0,0.0,0.0,0.0,0.0,0.0,0.0,0.0,0.0,0.0,0.0,0.0,0.0,0.0,0.0,0.0,0.0,0.0,0.0,え
0.16307693719863892,0.6779780983924866,2.5707723949608408e-08,0.20882220566272736,0.6818292140960693,-0.03324689716100693,0.2552203834056854,0.6489037871360779,-0.05022187903523445,0.27457907795906067,0.6107916235923767,-0.06703053414821625,0.25039464235305786,0.5850865840911865,-0.0827944353222847,0.24622318148612976,0.5186260342597961,-0.015746476128697395,0.2574104964733124,0.44658082723617554,-0.04285276681184769,0.2539125084877014,0.44601306319236755,-0.06719012558460236,0.24599547684192657,0.48320236802101135,-0.07950153946876526,0.21246936917304993,0.5066447257995605,-0.012661891058087349,0.22517035901546478,0.4189455509185791,-0.03838230296969414,0.21705138683319092,0.4346402585506439,-0.06318178027868271,0.21286436915397644,0.47633564472198486,-0.07609102874994278,0.18235309422016144,0.5063328742980957,-0.01420606579631567,0.19128350913524628,0.43203508853912354,-0.033853184431791306,0.1887679100036621,0.43909209966659546,-0.05344802513718605,0.18577274680137634,0.47950559854507446,-0.06324472278356552,0.15049588680267334,0.5168946385383606,-0.01906168833374977,0.15943937003612518,0.4559949040412903,-0.031122826039791107,0.16244687139987946,0.45272931456565857,-0.04092494398355484,0.16349118947982788,0.4786350429058075,-0.04668625071644783,0.0,0.0,0.0,0.0,0.0,0.0,0.0,0.0,0.0,0.0,0.0,0.0,0.0,0.0,0.0,0.0,0.0,0.0,0.0,0.0,0.0,0.0,0.0,0.0,0.0,0.0,0.0,0.0,0.0,0.0,0.0,0.0,0.0,0.0,0.0,0.0,0.0,0.0,0.0,0.0,0.0,0.0,0.0,0.0,0.0,0.0,0.0,0.0,0.0,0.0,0.0,0.0,0.0,0.0,0.0,0.0,0.0,0.0,0.0,0.0,0.0,0.0,0.0,え
0.1634988784790039,0.6791321635246277,1.743197941550534e-08,0.20920129120349884,0.6823010444641113,-0.032773371785879135,0.2550449073314667,0.6491163372993469,-0.04940181225538254,0.2735711634159088,0.6111828684806824,-0.06589799374341965,0.25010547041893005,0.5851477980613708,-0.08127371966838837,0.24595418572425842,0.5193772315979004,-0.015143400989472866,0.2580720782279968,0.4457375109195709,-0.04175586998462677,0.2533465325832367,0.44632214307785034,-0.06533575057983398,0.24516424536705017,0.48389148712158203,-0.07711131870746613,0.2117300033569336,0.5078555941581726,-0.01199042983353138,0.22439688444137573,0.41943395137786865,-0.0373581163585186,0.215261310338974,0.43612492084503174,-0.061330825090408325,0.2111741453409195,0.4775864779949188,-0.07356607913970947,0.1814672201871872,0.507736086845398,-0.013476010411977768,0.18962419033050537,0.43242350220680237,-0.03290119767189026,0.1865711659193039,0.4412691295146942,-0.051935531198978424,0.1842905730009079,0.4822881519794464,-0.06128234788775444,0.1498795449733734,0.5181953310966492,-0.018237175419926643,0.15815114974975586,0.45762601494789124,-0.030073266476392746,0.1610075831413269,0.4562796652317047,-0.03954952582716942,0.16288110613822937,0.4832991063594818,-0.04503823444247246,0.0,0.0,0.0,0.0,0.0,0.0,0.0,0.0,0.0,0.0,0.0,0.0,0.0,0.0,0.0,0.0,0.0,0.0,0.0,0.0,0.0,0.0,0.0,0.0,0.0,0.0,0.0,0.0,0.0,0.0,0.0,0.0,0.0,0.0,0.0,0.0,0.0,0.0,0.0,0.0,0.0,0.0,0.0,0.0,0.0,0.0,0.0,0.0,0.0,0.0,0.0,0.0,0.0,0.0,0.0,0.0,0.0,0.0,0.0,0.0,0.0,0.0,0.0,え
0.16380277276039124,0.6797113418579102,2.9781441313048163e-08,0.20900020003318787,0.6825885772705078,-0.033214081078767776,0.25384339690208435,0.6496587991714478,-0.05077783763408661,0.27374836802482605,0.6123377680778503,-0.06830788403749466,0.25061047077178955,0.5857264399528503,-0.08485399186611176,0.2458181232213974,0.5193850994110107,-0.01598474197089672,0.2568948268890381,0.4457773268222809,-0.0430065393447876,0.25343549251556396,0.44631677865982056,-0.06715746223926544,0.2457469254732132,0.4843153953552246,-0.07924403995275497,0.2118758112192154,0.5081406831741333,-0.012911811470985413,0.2243730127811432,0.41980111598968506,-0.0384422168135643,0.21589729189872742,0.43673887848854065,-0.06317855417728424,0.2120250016450882,0.47787976264953613,-0.07598802447319031,0.1815078854560852,0.5076074004173279,-0.014451268129050732,0.1905621588230133,0.4326907694339752,-0.03371381014585495,0.1879565417766571,0.4399969279766083,-0.05342167988419533,0.18521058559417725,0.48038163781166077,-0.06338099390268326,0.14995582401752472,0.5177115201950073,-0.019298050552606583,0.15848630666732788,0.45698362588882446,-0.03099198266863823,0.16195130348205566,0.4543464779853821,-0.04077457636594772,0.16381791234016418,0.48052018880844116,-0.04658057168126106,0.0,0.0,0.0,0.0,0.0,0.0,0.0,0.0,0.0,0.0,0.0,0.0,0.0,0.0,0.0,0.0,0.0,0.0,0.0,0.0,0.0,0.0,0.0,0.0,0.0,0.0,0.0,0.0,0.0,0.0,0.0,0.0,0.0,0.0,0.0,0.0,0.0,0.0,0.0,0.0,0.0,0.0,0.0,0.0,0.0,0.0,0.0,0.0,0.0,0.0,0.0,0.0,0.0,0.0,0.0,0.0,0.0,0.0,0.0,0.0,0.0,0.0,0.0,え
0.16271595656871796,0.6799575090408325,6.440548983022154e-09,0.20806777477264404,0.6835941672325134,-0.03139140456914902,0.2538387179374695,0.6495401859283447,-0.047526899725198746,0.27420806884765625,0.6118704676628113,-0.06389831006526947,0.24974757432937622,0.5871210098266602,-0.07932555675506592,0.2454613894224167,0.5203086733818054,-0.014327016659080982,0.2567931115627289,0.44574102759361267,-0.04108978062868118,0.25347572565078735,0.44690126180648804,-0.06479699909687042,0.24594223499298096,0.4843350648880005,-0.07659519463777542,0.21209396421909332,0.5087738037109375,-0.012185350060462952,0.2251417636871338,0.41954562067985535,-0.03830902650952339,0.21630440652370453,0.4379834234714508,-0.06260442733764648,0.21168528497219086,0.48060286045074463,-0.07461238652467728,0.18193520605564117,0.5081882476806641,-0.014561139978468418,0.191245898604393,0.4315950274467468,-0.03439069539308548,0.18841004371643066,0.4407367408275604,-0.05357597768306732,0.18531033396720886,0.48209017515182495,-0.06267943978309631,0.15002155303955078,0.5179015398025513,-0.02008844166994095,0.15856079757213593,0.45597708225250244,-0.03226301446557045,0.16167187690734863,0.45407629013061523,-0.04184173792600632,0.16324125230312347,0.4810468256473541,-0.04719029366970062,0.0,0.0,0.0,0.0,0.0,0.0,0.0,0.0,0.0,0.0,0.0,0.0,0.0,0.0,0.0,0.0,0.0,0.0,0.0,0.0,0.0,0.0,0.0,0.0,0.0,0.0,0.0,0.0,0.0,0.0,0.0,0.0,0.0,0.0,0.0,0.0,0.0,0.0,0.0,0.0,0.0,0.0,0.0,0.0,0.0,0.0,0.0,0.0,0.0,0.0,0.0,0.0,0.0,0.0,0.0,0.0,0.0,0.0,0.0,0.0,0.0,0.0,0.0,え
0.16254685819149017,0.6805253028869629,1.4827242544868113e-08,0.20811240375041962,0.6834080815315247,-0.032587189227342606,0.2544461488723755,0.6500088572502136,-0.049366068094968796,0.27382197976112366,0.6108419895172119,-0.06613075733184814,0.24951985478401184,0.5858889222145081,-0.08170166611671448,0.24556395411491394,0.5205475091934204,-0.01510566845536232,0.257482647895813,0.4470314383506775,-0.042184583842754364,0.2524091303348541,0.4475407004356384,-0.0656258687376976,0.24370034039020538,0.4856172800064087,-0.07701516151428223,0.21179014444351196,0.5084555745124817,-0.01224258728325367,0.225100576877594,0.41934916377067566,-0.037749819457530975,0.21501398086547852,0.4361797571182251,-0.060556814074516296,0.21015377342700958,0.47780513763427734,-0.07150520384311676,0.18177171051502228,0.5078123211860657,-0.014118751510977745,0.19060182571411133,0.43214935064315796,-0.03358585014939308,0.18681780993938446,0.44086983799934387,-0.05119973048567772,0.1837472915649414,0.48139697313308716,-0.059246283024549484,0.15001755952835083,0.5175825357437134,-0.019338220357894897,0.1587066352367401,0.45671361684799194,-0.030972059816122055,0.1610632687807083,0.4552385210990906,-0.03946249559521675,0.16225537657737732,0.48198264837265015,-0.04398706927895546,0.0,0.0,0.0,0.0,0.0,0.0,0.0,0.0,0.0,0.0,0.0,0.0,0.0,0.0,0.0,0.0,0.0,0.0,0.0,0.0,0.0,0.0,0.0,0.0,0.0,0.0,0.0,0.0,0.0,0.0,0.0,0.0,0.0,0.0,0.0,0.0,0.0,0.0,0.0,0.0,0.0,0.0,0.0,0.0,0.0,0.0,0.0,0.0,0.0,0.0,0.0,0.0,0.0,0.0,0.0,0.0,0.0,0.0,0.0,0.0,0.0,0.0,0.0,え
0.16235420107841492,0.6808415055274963,3.321507335840579e-08,0.20801697671413422,0.6824392080307007,-0.034287821501493454,0.25365543365478516,0.6507089734077454,-0.05261603742837906,0.27359557151794434,0.6110569834709167,-0.07080046087503433,0.2489413022994995,0.5836092233657837,-0.08765494078397751,0.24582713842391968,0.5201746821403503,-0.015740370377898216,0.25759246945381165,0.4467172622680664,-0.0427023209631443,0.25207605957984924,0.44652503728866577,-0.06552679091691971,0.24337391555309296,0.4843910038471222,-0.07638487219810486,0.21132464706897736,0.5078788995742798,-0.011967144906520844,0.22450625896453857,0.4194478988647461,-0.03706967085599899,0.21382170915603638,0.43866851925849915,-0.058751896023750305,0.21034187078475952,0.4792364537715912,-0.06871107220649719,0.18117105960845947,0.5070040225982666,-0.01311923936009407,0.19000190496444702,0.43172889947891235,-0.03202556446194649,0.1859128773212433,0.4419354796409607,-0.04825318977236748,0.18330320715904236,0.48242929577827454,-0.05530327558517456,0.1495603621006012,0.5167055726051331,-0.01781075820326805,0.1581612378358841,0.4564383924007416,-0.028592154383659363,0.16022975742816925,0.4555339515209198,-0.0360528826713562,0.1612418293952942,0.48277533054351807,-0.039779406040906906,0.0,0.0,0.0,0.0,0.0,0.0,0.0,0.0,0.0,0.0,0.0,0.0,0.0,0.0,0.0,0.0,0.0,0.0,0.0,0.0,0.0,0.0,0.0,0.0,0.0,0.0,0.0,0.0,0.0,0.0,0.0,0.0,0.0,0.0,0.0,0.0,0.0,0.0,0.0,0.0,0.0,0.0,0.0,0.0,0.0,0.0,0.0,0.0,0.0,0.0,0.0,0.0,0.0,0.0,0.0,0.0,0.0,0.0,0.0,0.0,0.0,0.0,0.0,え
0.1625383496284485,0.6786691546440125,1.1638439545436086e-08,0.2077045887708664,0.6812618374824524,-0.03292598947882652,0.25278547406196594,0.6502253413200378,-0.0504472441971302,0.2725425660610199,0.6137775182723999,-0.06796284765005112,0.2504206895828247,0.5853793621063232,-0.08434795588254929,0.24541021883487701,0.5199775099754333,-0.01570555754005909,0.2574777603149414,0.44548505544662476,-0.04273976385593414,0.252595454454422,0.44594693183898926,-0.06633473187685013,0.24433676898479462,0.48372361063957214,-0.07785729318857193,0.21113860607147217,0.5076801180839539,-0.012516401708126068,0.2236822247505188,0.4193534255027771,-0.03807050362229347,0.21393679082393646,0.4386625289916992,-0.06157730147242546,0.21055437624454498,0.47963112592697144,-0.07312899082899094,0.1806250959634781,0.5063474178314209,-0.0139810461550951,0.1900179088115692,0.4305340051651001,-0.03319086506962776,0.186163067817688,0.4403975009918213,-0.051212530583143234,0.18347354233264923,0.480767160654068,-0.05974288657307625,0.14907751977443695,0.5159575343132019,-0.018730660900473595,0.15728750824928284,0.45574215054512024,-0.03004777990281582,0.15922869741916656,0.45447999238967896,-0.038577862083911896,0.16028638184070587,0.48079609870910645,-0.04321630299091339,0.0,0.0,0.0,0.0,0.0,0.0,0.0,0.0,0.0,0.0,0.0,0.0,0.0,0.0,0.0,0.0,0.0,0.0,0.0,0.0,0.0,0.0,0.0,0.0,0.0,0.0,0.0,0.0,0.0,0.0,0.0,0.0,0.0,0.0,0.0,0.0,0.0,0.0,0.0,0.0,0.0,0.0,0.0,0.0,0.0,0.0,0.0,0.0,0.0,0.0,0.0,0.0,0.0,0.0,0.0,0.0,0.0,0.0,0.0,0.0,0.0,0.0,0.0,え
0.15980535745620728,0.6766172647476196,-6.8513124062974384e-09,0.20647449791431427,0.6805436611175537,-0.0309054683893919,0.2530730366706848,0.6484051942825317,-0.046655986458063126,0.26943349838256836,0.6084683537483215,-0.06244306266307831,0.24455523490905762,0.5815730094909668,-0.07701493054628372,0.24181866645812988,0.5186253786087036,-0.014964204281568527,0.2555147707462311,0.4440319836139679,-0.042030129581689835,0.24902144074440002,0.4447319209575653,-0.06516061723232269,0.2403339445590973,0.4823921322822571,-0.07629159837961197,0.20847199857234955,0.5068175196647644,-0.01246440690010786,0.22237205505371094,0.42001014947891235,-0.03864975646138191,0.21142490208148956,0.4359084367752075,-0.061511531472206116,0.2066039890050888,0.478520005941391,-0.07218718528747559,0.17880988121032715,0.5063334107398987,-0.014404674991965294,0.1868232935667038,0.4328746497631073,-0.03401638939976692,0.1827673465013504,0.44089895486831665,-0.05112114176154137,0.18119290471076965,0.4811747670173645,-0.058582521975040436,0.1480802297592163,0.5161590576171875,-0.019471054896712303,0.154513418674469,0.457283079624176,-0.03112899512052536,0.1573425978422165,0.4551514983177185,-0.039269305765628815,0.16058439016342163,0.4812343418598175,-0.0431688018143177,0.0,0.0,0.0,0.0,0.0,0.0,0.0,0.0,0.0,0.0,0.0,0.0,0.0,0.0,0.0,0.0,0.0,0.0,0.0,0.0,0.0,0.0,0.0,0.0,0.0,0.0,0.0,0.0,0.0,0.0,0.0,0.0,0.0,0.0,0.0,0.0,0.0,0.0,0.0,0.0,0.0,0.0,0.0,0.0,0.0,0.0,0.0,0.0,0.0,0.0,0.0,0.0,0.0,0.0,0.0,0.0,0.0,0.0,0.0,0.0,0.0,0.0,0.0,え
0.15894639492034912,0.6785238981246948,-8.595194000982076e-10,0.20698334276676178,0.6801799535751343,-0.028059648349881172,0.25456199049949646,0.6443796157836914,-0.04155566543340683,0.27087754011154175,0.6014085412025452,-0.0553305484354496,0.24310366809368134,0.5805573463439941,-0.06793531775474548,0.24096551537513733,0.5164507031440735,-0.011279049329459667,0.2532867193222046,0.4428354501724243,-0.03688858449459076,0.2487984299659729,0.44380030035972595,-0.059868622571229935,0.24118851125240326,0.4809514582157135,-0.07121427357196808,0.20823076367378235,0.504828691482544,-0.009741215035319328,0.21897830069065094,0.4177287817001343,-0.03382185846567154,0.21242114901542664,0.43134838342666626,-0.05594715476036072,0.2086857259273529,0.47376638650894165,-0.06687003374099731,0.17830543220043182,0.5046005845069885,-0.012438006699085236,0.18527530133724213,0.4299560487270355,-0.031208425760269165,0.18470105528831482,0.43877899646759033,-0.0472378209233284,0.1838279366493225,0.47963494062423706,-0.054269708693027496,0.14636021852493286,0.5146472454071045,-0.0181143656373024,0.1533484160900116,0.45479828119277954,-0.029945407062768936,0.1581169217824936,0.454537570476532,-0.03727788105607033,0.16157004237174988,0.48153144121170044,-0.04058573395013809,0.0,0.0,0.0,0.0,0.0,0.0,0.0,0.0,0.0,0.0,0.0,0.0,0.0,0.0,0.0,0.0,0.0,0.0,0.0,0.0,0.0,0.0,0.0,0.0,0.0,0.0,0.0,0.0,0.0,0.0,0.0,0.0,0.0,0.0,0.0,0.0,0.0,0.0,0.0,0.0,0.0,0.0,0.0,0.0,0.0,0.0,0.0,0.0,0.0,0.0,0.0,0.0,0.0,0.0,0.0,0.0,0.0,0.0,0.0,0.0,0.0,0.0,0.0,え
0.15887419879436493,0.6799041032791138,2.312097358014853e-08,0.20591197907924652,0.681191086769104,-0.029980162158608437,0.25300031900405884,0.6462147235870361,-0.044955041259527206,0.2703201174736023,0.6046046018600464,-0.060056980699300766,0.24330556392669678,0.5818232893943787,-0.07402443885803223,0.2401147186756134,0.5170640349388123,-0.012918674387037754,0.2526564598083496,0.4430100917816162,-0.039263613522052765,0.24885641038417816,0.4435441792011261,-0.06284235417842865,0.24126587808132172,0.4812558591365814,-0.07444097101688385,0.20705050230026245,0.5061354041099548,-0.01072298176586628,0.21779190003871918,0.4187304377555847,-0.035214051604270935,0.2109619379043579,0.4314573109149933,-0.05827736109495163,0.2070956528186798,0.47317445278167725,-0.06997255980968475,0.17710337042808533,0.5063114762306213,-0.012960311025381088,0.18339437246322632,0.4321323335170746,-0.03196489438414574,0.1825776994228363,0.4387769401073456,-0.04932982102036476,0.1815737932920456,0.4791388213634491,-0.05740853771567345,0.14541670680046082,0.516501784324646,-0.01832166500389576,0.15190869569778442,0.4566951394081116,-0.030253693461418152,0.15674233436584473,0.4543972313404083,-0.03858095780014992,0.1605345904827118,0.4803161323070526,-0.04278668016195297,0.0,0.0,0.0,0.0,0.0,0.0,0.0,0.0,0.0,0.0,0.0,0.0,0.0,0.0,0.0,0.0,0.0,0.0,0.0,0.0,0.0,0.0,0.0,0.0,0.0,0.0,0.0,0.0,0.0,0.0,0.0,0.0,0.0,0.0,0.0,0.0,0.0,0.0,0.0,0.0,0.0,0.0,0.0,0.0,0.0,0.0,0.0,0.0,0.0,0.0,0.0,0.0,0.0,0.0,0.0,0.0,0.0,0.0,0.0,0.0,0.0,0.0,0.0,え
0.15965764224529266,0.6774159073829651,1.1929659926579461e-08,0.2057286500930786,0.6825434565544128,-0.03157011419534683,0.25307604670524597,0.6459038853645325,-0.04719251021742821,0.27034813165664673,0.6055246591567993,-0.06271699070930481,0.24354791641235352,0.5846220850944519,-0.07714933902025223,0.24087142944335938,0.5180907845497131,-0.015022763051092625,0.2531188428401947,0.4426411986351013,-0.042218368500471115,0.2501852512359619,0.44478416442871094,-0.06666777282953262,0.2421567142009735,0.4834432303905487,-0.07893972098827362,0.20764325559139252,0.5072110891342163,-0.012682497501373291,0.22063133120536804,0.4164259433746338,-0.03927401080727577,0.21302495896816254,0.4328421354293823,-0.06454914808273315,0.20782749354839325,0.47635605931282043,-0.07732678949832916,0.1776377111673355,0.506780207157135,-0.014737737365067005,0.1870134472846985,0.42962828278541565,-0.035024940967559814,0.18474052846431732,0.4370799958705902,-0.054665420204401016,0.1813201904296875,0.47786450386047363,-0.06411030888557434,0.14623290300369263,0.5162394046783447,-0.019907133653759956,0.15439414978027344,0.45432406663894653,-0.032132260501384735,0.15786728262901306,0.4513070583343506,-0.04167921841144562,0.1593107283115387,0.476287841796875,-0.04709486663341522,0.0,0.0,0.0,0.0,0.0,0.0,0.0,0.0,0.0,0.0,0.0,0.0,0.0,0.0,0.0,0.0,0.0,0.0,0.0,0.0,0.0,0.0,0.0,0.0,0.0,0.0,0.0,0.0,0.0,0.0,0.0,0.0,0.0,0.0,0.0,0.0,0.0,0.0,0.0,0.0,0.0,0.0,0.0,0.0,0.0,0.0,0.0,0.0,0.0,0.0,0.0,0.0,0.0,0.0,0.0,0.0,0.0,0.0,0.0,0.0,0.0,0.0,0.0,え
0.15944692492485046,0.6755625009536743,5.8347318088181055e-09,0.2042745053768158,0.6797163486480713,-0.031911302357912064,0.2501857280731201,0.6484716534614563,-0.048598699271678925,0.2693086266517639,0.6131104826927185,-0.06512651592493057,0.24735099077224731,0.5868750214576721,-0.08043072372674942,0.2413121908903122,0.5189358592033386,-0.018104510381817818,0.25379735231399536,0.44495174288749695,-0.04617394879460335,0.24816641211509705,0.4450950026512146,-0.06994970887899399,0.23969347774982452,0.48269540071487427,-0.08134029060602188,0.2081705778837204,0.5065270662307739,-0.015617153607308865,0.22143805027008057,0.416759729385376,-0.0416669063270092,0.2111501693725586,0.42966386675834656,-0.06454040110111237,0.2057587057352066,0.4722108542919159,-0.07559986412525177,0.17827795445919037,0.5057618618011475,-0.01762167178094387,0.1867380440235138,0.430121511220932,-0.03751753270626068,0.1827208697795868,0.4356570243835449,-0.05508168041706085,0.18010514974594116,0.4754084646701813,-0.06307461112737656,0.14722122251987457,0.5150827765464783,-0.02283475175499916,0.15377357602119446,0.4539981782436371,-0.0352204367518425,0.15675470232963562,0.4506136178970337,-0.04385673254728317,0.15914492309093475,0.476413756608963,-0.04823338985443115,0.0,0.0,0.0,0.0,0.0,0.0,0.0,0.0,0.0,0.0,0.0,0.0,0.0,0.0,0.0,0.0,0.0,0.0,0.0,0.0,0.0,0.0,0.0,0.0,0.0,0.0,0.0,0.0,0.0,0.0,0.0,0.0,0.0,0.0,0.0,0.0,0.0,0.0,0.0,0.0,0.0,0.0,0.0,0.0,0.0,0.0,0.0,0.0,0.0,0.0,0.0,0.0,0.0,0.0,0.0,0.0,0.0,0.0,0.0,0.0,0.0,0.0,0.0,え
0.15890425443649292,0.6783672571182251,1.2010056948952297e-08,0.20510660111904144,0.6814669370651245,-0.029772398993372917,0.25220951437950134,0.6477512717247009,-0.04469665512442589,0.27252039313316345,0.6087427735328674,-0.05983966588973999,0.24774806201457977,0.5872055888175964,-0.07382161170244217,0.24199971556663513,0.5188586711883545,-0.012905358336865902,0.2527100443840027,0.44667935371398926,-0.03924168273806572,0.24938446283340454,0.4458579123020172,-0.06256687641143799,0.24239878356456757,0.4828872084617615,-0.07396546006202698,0.20976833999156952,0.5068455934524536,-0.011026285588741302,0.2218427211046219,0.41932281851768494,-0.035714954137802124,0.21432018280029297,0.4311693608760834,-0.0583372637629509,0.20952065289020538,0.47351717948913574,-0.06933484971523285,0.1804816722869873,0.5063971281051636,-0.013611424714326859,0.18842285871505737,0.4317362606525421,-0.03295420482754707,0.1868612915277481,0.4372216463088989,-0.05043945461511612,0.18477743864059448,0.47765985131263733,-0.058286551386117935,0.1494005173444748,0.5160717368125916,-0.01931731402873993,0.1563737690448761,0.4556477665901184,-0.032000184059143066,0.1609157919883728,0.4534519910812378,-0.04090399667620659,0.16412405669689178,0.4805082082748413,-0.04528212919831276,0.0,0.0,0.0,0.0,0.0,0.0,0.0,0.0,0.0,0.0,0.0,0.0,0.0,0.0,0.0,0.0,0.0,0.0,0.0,0.0,0.0,0.0,0.0,0.0,0.0,0.0,0.0,0.0,0.0,0.0,0.0,0.0,0.0,0.0,0.0,0.0,0.0,0.0,0.0,0.0,0.0,0.0,0.0,0.0,0.0,0.0,0.0,0.0,0.0,0.0,0.0,0.0,0.0,0.0,0.0,0.0,0.0,0.0,0.0,0.0,0.0,0.0,0.0,え
0.1591608077287674,0.6784389615058899,9.870763761909984e-09,0.20501384139060974,0.6808990240097046,-0.03190058842301369,0.2517019510269165,0.6475071310997009,-0.048097725957632065,0.2713530659675598,0.6093723177909851,-0.06420644372701645,0.24752084910869598,0.5830780863761902,-0.07921525835990906,0.24197174608707428,0.5189602375030518,-0.014795361086726189,0.2539728879928589,0.44441017508506775,-0.041664618998765945,0.24971039593219757,0.4450021982192993,-0.06563369184732437,0.2417212873697281,0.4822584390640259,-0.07751330733299255,0.20863641798496246,0.5073959827423096,-0.011916733346879482,0.22145283222198486,0.41819536685943604,-0.0381130650639534,0.2128550410270691,0.43447479605674744,-0.06308954954147339,0.20830778777599335,0.4769331216812134,-0.07563968747854233,0.17876167595386505,0.5064213275909424,-0.013515310361981392,0.18747888505458832,0.43087702989578247,-0.03313751891255379,0.18517641723155975,0.43724724650382996,-0.052951645106077194,0.18302544951438904,0.4771975576877594,-0.06262097507715225,0.14793038368225098,0.5158143043518066,-0.018250545486807823,0.15563499927520752,0.4551735520362854,-0.029816677793860435,0.15948385000228882,0.4510120153427124,-0.03958137705922127,0.16213493049144745,0.47546806931495667,-0.045178256928920746,0.0,0.0,0.0,0.0,0.0,0.0,0.0,0.0,0.0,0.0,0.0,0.0,0.0,0.0,0.0,0.0,0.0,0.0,0.0,0.0,0.0,0.0,0.0,0.0,0.0,0.0,0.0,0.0,0.0,0.0,0.0,0.0,0.0,0.0,0.0,0.0,0.0,0.0,0.0,0.0,0.0,0.0,0.0,0.0,0.0,0.0,0.0,0.0,0.0,0.0,0.0,0.0,0.0,0.0,0.0,0.0,0.0,0.0,0.0,0.0,0.0,0.0,0.0,え
0.16115808486938477,0.6769780516624451,1.594815302041752e-08,0.20652133226394653,0.6797641515731812,-0.030676770955324173,0.25160354375839233,0.6470036506652832,-0.046409353613853455,0.2707136571407318,0.609362006187439,-0.06211816892027855,0.24752674996852875,0.5846676230430603,-0.07676290720701218,0.24117642641067505,0.5176740288734436,-0.016056902706623077,0.2531338632106781,0.4442580044269562,-0.043263647705316544,0.249537855386734,0.44456765055656433,-0.06690114736557007,0.24221205711364746,0.48153287172317505,-0.07834361493587494,0.20794962346553802,0.5062401294708252,-0.013931629247963428,0.21976274251937866,0.41729849576950073,-0.03940572962164879,0.2119019478559494,0.4316675066947937,-0.062457021325826645,0.207702174782753,0.47385624051094055,-0.07379961013793945,0.17760024964809418,0.506510853767395,-0.01615787297487259,0.18569590151309967,0.43182528018951416,-0.0357523038983345,0.1832805871963501,0.4382883310317993,-0.05333947762846947,0.18107599020004272,0.47747546434402466,-0.06138084828853607,0.14610828459262848,0.5170835852622986,-0.021477703005075455,0.15346595644950867,0.4560808539390564,-0.03351065143942833,0.15711799263954163,0.4521527886390686,-0.04188346117734909,0.15953508019447327,0.4762120842933655,-0.046133048832416534,0.0,0.0,0.0,0.0,0.0,0.0,0.0,0.0,0.0,0.0,0.0,0.0,0.0,0.0,0.0,0.0,0.0,0.0,0.0,0.0,0.0,0.0,0.0,0.0,0.0,0.0,0.0,0.0,0.0,0.0,0.0,0.0,0.0,0.0,0.0,0.0,0.0,0.0,0.0,0.0,0.0,0.0,0.0,0.0,0.0,0.0,0.0,0.0,0.0,0.0,0.0,0.0,0.0,0.0,0.0,0.0,0.0,0.0,0.0,0.0,0.0,0.0,0.0,え
0.1612095832824707,0.6771743297576904,1.3005662324871992e-08,0.20640482008457184,0.6812291145324707,-0.03234696388244629,0.2520173192024231,0.6460669040679932,-0.0486212782561779,0.270816445350647,0.6076506972312927,-0.06470504403114319,0.2464876025915146,0.5843952894210815,-0.07978459447622299,0.24144400656223297,0.5193638801574707,-0.01697961613535881,0.25254181027412415,0.4456595182418823,-0.04478081315755844,0.24915993213653564,0.44642576575279236,-0.06946627795696259,0.24172945320606232,0.48409268260002136,-0.0818755254149437,0.20835226774215698,0.507742166519165,-0.01431620679795742,0.22132517397403717,0.4185129702091217,-0.04117712751030922,0.2129499316215515,0.4333435595035553,-0.0665169507265091,0.20806185901165009,0.4758715331554413,-0.07951442152261734,0.17820537090301514,0.5070640444755554,-0.016087422147393227,0.18735089898109436,0.4308159649372101,-0.03651248663663864,0.1848336011171341,0.43706345558166504,-0.05661023408174515,0.18208013474941254,0.47787436842918396,-0.06652320176362991,0.14674654603004456,0.5166667103767395,-0.021015765145421028,0.1534920483827591,0.45533308386802673,-0.033867061138153076,0.15679563581943512,0.4521791934967041,-0.04419025406241417,0.15886107087135315,0.47843509912490845,-0.050131287425756454,0.0,0.0,0.0,0.0,0.0,0.0,0.0,0.0,0.0,0.0,0.0,0.0,0.0,0.0,0.0,0.0,0.0,0.0,0.0,0.0,0.0,0.0,0.0,0.0,0.0,0.0,0.0,0.0,0.0,0.0,0.0,0.0,0.0,0.0,0.0,0.0,0.0,0.0,0.0,0.0,0.0,0.0,0.0,0.0,0.0,0.0,0.0,0.0,0.0,0.0,0.0,0.0,0.0,0.0,0.0,0.0,0.0,0.0,0.0,0.0,0.0,0.0,0.0,え
0.1605883091688156,0.6777729392051697,9.985543947266251e-09,0.2062210738658905,0.682382345199585,-0.031652770936489105,0.25216978788375854,0.6474565267562866,-0.04730145260691643,0.27142491936683655,0.609465479850769,-0.0628991350531578,0.24814800918102264,0.5844852924346924,-0.07743232697248459,0.24225865304470062,0.518961489200592,-0.015486023388803005,0.2539023458957672,0.4440091550350189,-0.0425146147608757,0.25045424699783325,0.4447040557861328,-0.06667359173297882,0.2428090125322342,0.4826733469963074,-0.07870609313249588,0.20896181464195251,0.5071083903312683,-0.013001934625208378,0.2215309739112854,0.41650745272636414,-0.03861472010612488,0.2140975445508957,0.431885302066803,-0.06339327245950699,0.2099691480398178,0.4745267629623413,-0.07616110146045685,0.1787792295217514,0.5061381459236145,-0.014951687306165695,0.18768185377120972,0.4295182228088379,-0.03470580652356148,0.18566486239433289,0.43670040369033813,-0.054506830871105194,0.1829613298177719,0.4775448441505432,-0.06432188302278519,0.14713430404663086,0.5154880881309509,-0.020020347088575363,0.15508100390434265,0.45358914136886597,-0.032513104379177094,0.15841934084892273,0.4516252279281616,-0.04231759533286095,0.15979015827178955,0.47891899943351746,-0.04789809137582779,0.0,0.0,0.0,0.0,0.0,0.0,0.0,0.0,0.0,0.0,0.0,0.0,0.0,0.0,0.0,0.0,0.0,0.0,0.0,0.0,0.0,0.0,0.0,0.0,0.0,0.0,0.0,0.0,0.0,0.0,0.0,0.0,0.0,0.0,0.0,0.0,0.0,0.0,0.0,0.0,0.0,0.0,0.0,0.0,0.0,0.0,0.0,0.0,0.0,0.0,0.0,0.0,0.0,0.0,0.0,0.0,0.0,0.0,0.0,0.0,0.0,0.0,0.0,え
0.15944570302963257,0.6795434355735779,1.0835941033349172e-08,0.20566284656524658,0.6820302605628967,-0.03002757951617241,0.25270378589630127,0.6480073928833008,-0.04507184773683548,0.2715965509414673,0.610699474811554,-0.06015961617231369,0.24917711317539215,0.5843719244003296,-0.07403024286031723,0.24246644973754883,0.5207986235618591,-0.014814869500696659,0.25634869933128357,0.4457906186580658,-0.04235319420695305,0.25056135654449463,0.44556140899658203,-0.06630731374025345,0.24183174967765808,0.48301419615745544,-0.07796072214841843,0.20903517305850983,0.5087207555770874,-0.013141496106982231,0.22246554493904114,0.4200252890586853,-0.03916290029883385,0.21328461170196533,0.43190860748291016,-0.06295166164636612,0.20818713307380676,0.47386446595191956,-0.07474710047245026,0.17865301668643951,0.5090285539627075,-0.0159051064401865,0.1867929846048355,0.43459877371788025,-0.03560153394937515,0.18368755280971527,0.43923065066337585,-0.05393233150243759,0.18169112503528595,0.4782803952693939,-0.06261815875768661,0.14730331301689148,0.5202657580375671,-0.021752264350652695,0.1540200114250183,0.46196886897087097,-0.033774878829717636,0.15707704424858093,0.45788389444351196,-0.04267832636833191,0.15971380472183228,0.48221880197525024,-0.04740791395306587,0.0,0.0,0.0,0.0,0.0,0.0,0.0,0.0,0.0,0.0,0.0,0.0,0.0,0.0,0.0,0.0,0.0,0.0,0.0,0.0,0.0,0.0,0.0,0.0,0.0,0.0,0.0,0.0,0.0,0.0,0.0,0.0,0.0,0.0,0.0,0.0,0.0,0.0,0.0,0.0,0.0,0.0,0.0,0.0,0.0,0.0,0.0,0.0,0.0,0.0,0.0,0.0,0.0,0.0,0.0,0.0,0.0,0.0,0.0,0.0,0.0,0.0,0.0,え
0.16098910570144653,0.6786866188049316,1.0510514236727886e-08,0.20629020035266876,0.6828323602676392,-0.03201309219002724,0.2526244819164276,0.647740364074707,-0.04792789742350578,0.27244648337364197,0.6094192862510681,-0.06370951980352402,0.24893544614315033,0.58473140001297,-0.07836498320102692,0.24341265857219696,0.5202785134315491,-0.016054807230830193,0.2567991018295288,0.4443935751914978,-0.04375647008419037,0.251024067401886,0.4452648460865021,-0.06809408217668533,0.2424359917640686,0.4831218719482422,-0.0803583636879921,0.20939135551452637,0.5084445476531982,-0.013664943166077137,0.22346776723861694,0.41810500621795654,-0.04053443670272827,0.2137632519006729,0.43302029371261597,-0.0654836967587471,0.2094193696975708,0.4747810959815979,-0.07825072109699249,0.17882733047008514,0.5082669854164124,-0.015816250815987587,0.18790319561958313,0.4324489235877991,-0.036311954259872437,0.1839616894721985,0.43941032886505127,-0.05596445873379707,0.18153858184814453,0.4794088900089264,-0.06565775722265244,0.1473836600780487,0.5188354849815369,-0.021166320890188217,0.15515287220478058,0.4590156078338623,-0.033579252660274506,0.15728425979614258,0.4555441737174988,-0.0434785857796669,0.15898609161376953,0.48015525937080383,-0.04931633919477463,0.0,0.0,0.0,0.0,0.0,0.0,0.0,0.0,0.0,0.0,0.0,0.0,0.0,0.0,0.0,0.0,0.0,0.0,0.0,0.0,0.0,0.0,0.0,0.0,0.0,0.0,0.0,0.0,0.0,0.0,0.0,0.0,0.0,0.0,0.0,0.0,0.0,0.0,0.0,0.0,0.0,0.0,0.0,0.0,0.0,0.0,0.0,0.0,0.0,0.0,0.0,0.0,0.0,0.0,0.0,0.0,0.0,0.0,0.0,0.0,0.0,0.0,0.0,え
0.16241227090358734,0.6794220209121704,-4.029752531664599e-09,0.20789724588394165,0.6828699111938477,-0.032863736152648926,0.25372573733329773,0.6476677656173706,-0.049369942396879196,0.27267998456954956,0.6097521185874939,-0.0657438412308693,0.24826322495937347,0.5833381414413452,-0.08099032938480377,0.24389734864234924,0.5207644701004028,-0.016616716980934143,0.2545226514339447,0.4449199438095093,-0.044272229075431824,0.24956084787845612,0.4465917646884918,-0.06866077333688736,0.2415648102760315,0.48516207933425903,-0.08083329349756241,0.2104821801185608,0.5096124410629272,-0.013725802302360535,0.2221577912569046,0.41855984926223755,-0.040404532104730606,0.21281646192073822,0.4363349676132202,-0.06548772007226944,0.20877429842948914,0.47940492630004883,-0.07822626829147339,0.1804342418909073,0.5089530348777771,-0.015413139015436172,0.18875767290592194,0.4310912489891052,-0.03578146547079086,0.1853157877922058,0.43942195177078247,-0.055743493139743805,0.1824631243944168,0.48094111680984497,-0.0655050054192543,0.14938531816005707,0.5183921456336975,-0.02032514475286007,0.15664614737033844,0.4562656283378601,-0.03282703831791878,0.159038245677948,0.45435523986816406,-0.04291076213121414,0.16023986041545868,0.48185455799102783,-0.04875362664461136,0.0,0.0,0.0,0.0,0.0,0.0,0.0,0.0,0.0,0.0,0.0,0.0,0.0,0.0,0.0,0.0,0.0,0.0,0.0,0.0,0.0,0.0,0.0,0.0,0.0,0.0,0.0,0.0,0.0,0.0,0.0,0.0,0.0,0.0,0.0,0.0,0.0,0.0,0.0,0.0,0.0,0.0,0.0,0.0,0.0,0.0,0.0,0.0,0.0,0.0,0.0,0.0,0.0,0.0,0.0,0.0,0.0,0.0,0.0,0.0,0.0,0.0,0.0,え
0.16191652417182922,0.6809825301170349,-5.429356964015142e-10,0.20711499452590942,0.6843968629837036,-0.03181527927517891,0.2536228895187378,0.6495171189308167,-0.048020996153354645,0.27237793803215027,0.6113149523735046,-0.06419762969017029,0.24819236993789673,0.5858212113380432,-0.07948426157236099,0.2433905005455017,0.5216176509857178,-0.016385827213525772,0.25520822405815125,0.44705238938331604,-0.0442851223051548,0.25019168853759766,0.4481494128704071,-0.06918156892061234,0.2417064756155014,0.4863155782222748,-0.08172930032014847,0.20946264266967773,0.5105957984924316,-0.014199390076100826,0.2221294790506363,0.41997820138931274,-0.04096345603466034,0.21310722827911377,0.4356709122657776,-0.06688401103019714,0.2086678296327591,0.47841954231262207,-0.0804164707660675,0.17925137281417847,0.5106043219566345,-0.016419891268014908,0.1881619542837143,0.4334094822406769,-0.03698640689253807,0.1849861741065979,0.4396268427371979,-0.05791255086660385,0.1822444200515747,0.48063045740127563,-0.06846267729997635,0.14830654859542847,0.5212087631225586,-0.02171032689511776,0.1551777720451355,0.4591783881187439,-0.03459881246089935,0.1583026945590973,0.4554891884326935,-0.045312199741601944,0.16054287552833557,0.481529176235199,-0.05163242667913437,0.0,0.0,0.0,0.0,0.0,0.0,0.0,0.0,0.0,0.0,0.0,0.0,0.0,0.0,0.0,0.0,0.0,0.0,0.0,0.0,0.0,0.0,0.0,0.0,0.0,0.0,0.0,0.0,0.0,0.0,0.0,0.0,0.0,0.0,0.0,0.0,0.0,0.0,0.0,0.0,0.0,0.0,0.0,0.0,0.0,0.0,0.0,0.0,0.0,0.0,0.0,0.0,0.0,0.0,0.0,0.0,0.0,0.0,0.0,0.0,0.0,0.0,0.0,え
0.1605997532606125,0.6791418790817261,3.7769787297747826e-08,0.20705687999725342,0.6825748085975647,-0.03212263807654381,0.253191202878952,0.6489661335945129,-0.049174681305885315,0.27244746685028076,0.6103655099868774,-0.06631746143102646,0.2479695975780487,0.5846277475357056,-0.08259197324514389,0.24285683035850525,0.519239604473114,-0.016375014558434486,0.25435736775398254,0.44525146484375,-0.04375419765710831,0.2516961991786957,0.44443047046661377,-0.06839156895875931,0.24445363879203796,0.48180902004241943,-0.08073727786540985,0.20956751704216003,0.5088158845901489,-0.014078198000788689,0.22180745005607605,0.4193142056465149,-0.04000420123338699,0.21531569957733154,0.43328356742858887,-0.0654563382267952,0.21152907609939575,0.47517669200897217,-0.07878933101892471,0.17938284575939178,0.5091434717178345,-0.016162937507033348,0.18850645422935486,0.43293115496635437,-0.03595516458153725,0.187453031539917,0.4378361105918884,-0.05614911764860153,0.18485142290592194,0.47808682918548584,-0.06635110080242157,0.14794869720935822,0.5198148488998413,-0.021426565945148468,0.15635636448860168,0.4581232964992523,-0.03381645306944847,0.1608651578426361,0.45316949486732483,-0.043993011116981506,0.1628703773021698,0.47797122597694397,-0.04990702122449875,0.0,0.0,0.0,0.0,0.0,0.0,0.0,0.0,0.0,0.0,0.0,0.0,0.0,0.0,0.0,0.0,0.0,0.0,0.0,0.0,0.0,0.0,0.0,0.0,0.0,0.0,0.0,0.0,0.0,0.0,0.0,0.0,0.0,0.0,0.0,0.0,0.0,0.0,0.0,0.0,0.0,0.0,0.0,0.0,0.0,0.0,0.0,0.0,0.0,0.0,0.0,0.0,0.0,0.0,0.0,0.0,0.0,0.0,0.0,0.0,0.0,0.0,0.0,え
0.161935955286026,0.6829173564910889,-1.5423479160503462e-09,0.20774494111537933,0.6857159733772278,-0.030651496723294258,0.2554170489311218,0.6503862142562866,-0.04557212069630623,0.27381542325019836,0.6105852723121643,-0.060399655252695084,0.2488376498222351,0.5863581895828247,-0.07400571554899216,0.2438480257987976,0.522604763507843,-0.014603380113840103,0.2552777826786041,0.44945093989372253,-0.042043592780828476,0.25032004714012146,0.4474908113479614,-0.06566186249256134,0.2418517768383026,0.4839508533477783,-0.07691825926303864,0.21090267598628998,0.5101648569107056,-0.01254294440150261,0.22343485057353973,0.4205758571624756,-0.03836352378129959,0.21473661065101624,0.4323459267616272,-0.061095450073480606,0.20929595828056335,0.4753479063510895,-0.07170531153678894,0.18130585551261902,0.5099846720695496,-0.015048613771796227,0.18976125121116638,0.4339338541030884,-0.03534780070185661,0.18691706657409668,0.43783673644065857,-0.0530451163649559,0.18380136787891388,0.4771992862224579,-0.060680318623781204,0.15015602111816406,0.5203566551208496,-0.020700497552752495,0.15798363089561462,0.4588940739631653,-0.033810753375291824,0.16110295057296753,0.45409050583839417,-0.04279102012515068,0.16261452436447144,0.4787866473197937,-0.04705671966075897,0.0,0.0,0.0,0.0,0.0,0.0,0.0,0.0,0.0,0.0,0.0,0.0,0.0,0.0,0.0,0.0,0.0,0.0,0.0,0.0,0.0,0.0,0.0,0.0,0.0,0.0,0.0,0.0,0.0,0.0,0.0,0.0,0.0,0.0,0.0,0.0,0.0,0.0,0.0,0.0,0.0,0.0,0.0,0.0,0.0,0.0,0.0,0.0,0.0,0.0,0.0,0.0,0.0,0.0,0.0,0.0,0.0,0.0,0.0,0.0,0.0,0.0,0.0,え
0.1621823012828827,0.6804634928703308,-1.2674982841076599e-08,0.207871675491333,0.6836718320846558,-0.03100435994565487,0.25589752197265625,0.6499293446540833,-0.046365007758140564,0.27376747131347656,0.6122387647628784,-0.06161031872034073,0.24993549287319183,0.5883790254592896,-0.07566892355680466,0.24543000757694244,0.5224171280860901,-0.015811821445822716,0.2574292719364166,0.4477502107620239,-0.04316302388906479,0.25050097703933716,0.44796836376190186,-0.06696348637342453,0.2414645552635193,0.48525530099868774,-0.07871991395950317,0.21213078498840332,0.5104320645332336,-0.013788106851279736,0.2252606749534607,0.4210492968559265,-0.03978830948472023,0.2145368605852127,0.4332488775253296,-0.06327978521585464,0.20861059427261353,0.47543832659721375,-0.07490938156843185,0.18219120800495148,0.5103645324707031,-0.01624428667128086,0.19065099954605103,0.4346641004085541,-0.03619372099637985,0.18656693398952484,0.44024795293807983,-0.054280441254377365,0.183827206492424,0.4800257682800293,-0.06268715858459473,0.15096837282180786,0.520791232585907,-0.021882854402065277,0.15870125591754913,0.45959797501564026,-0.034251462668180466,0.1609635204076767,0.45629578828811646,-0.04312685877084732,0.16256380081176758,0.4815908670425415,-0.04782980680465698,0.0,0.0,0.0,0.0,0.0,0.0,0.0,0.0,0.0,0.0,0.0,0.0,0.0,0.0,0.0,0.0,0.0,0.0,0.0,0.0,0.0,0.0,0.0,0.0,0.0,0.0,0.0,0.0,0.0,0.0,0.0,0.0,0.0,0.0,0.0,0.0,0.0,0.0,0.0,0.0,0.0,0.0,0.0,0.0,0.0,0.0,0.0,0.0,0.0,0.0,0.0,0.0,0.0,0.0,0.0,0.0,0.0,0.0,0.0,0.0,0.0,0.0,0.0,え
0.1642150580883026,0.6759361624717712,1.5086168758671192e-08,0.20883069932460785,0.6797001361846924,-0.030946215614676476,0.2550780773162842,0.6465106010437012,-0.047157853841781616,0.27461162209510803,0.6114441752433777,-0.06328006088733673,0.25246748328208923,0.5889772176742554,-0.07860938459634781,0.24482093751430511,0.5190790891647339,-0.01854828931391239,0.25723886489868164,0.4445483982563019,-0.04717104509472847,0.2525940537452698,0.4462684988975525,-0.07228049635887146,0.24506011605262756,0.48413658142089844,-0.08503659069538116,0.21038812398910522,0.5086805820465088,-0.017233140766620636,0.22337429225444794,0.4181385636329651,-0.04515770822763443,0.2152489572763443,0.4332556426525116,-0.07074487954378128,0.21145616471767426,0.4763544499874115,-0.08400029689073563,0.17952905595302582,0.5101119875907898,-0.020154451951384544,0.18728366494178772,0.4355891942977905,-0.04097403958439827,0.1847788691520691,0.441691517829895,-0.06086677312850952,0.18339666724205017,0.4807683229446411,-0.07083012908697128,0.14839360117912292,0.5221653580665588,-0.026160869747400284,0.1570793241262436,0.46302005648612976,-0.038294076919555664,0.16090190410614014,0.45916542410850525,-0.04802389070391655,0.16388754546642303,0.48218241333961487,-0.05395295470952988,0.0,0.0,0.0,0.0,0.0,0.0,0.0,0.0,0.0,0.0,0.0,0.0,0.0,0.0,0.0,0.0,0.0,0.0,0.0,0.0,0.0,0.0,0.0,0.0,0.0,0.0,0.0,0.0,0.0,0.0,0.0,0.0,0.0,0.0,0.0,0.0,0.0,0.0,0.0,0.0,0.0,0.0,0.0,0.0,0.0,0.0,0.0,0.0,0.0,0.0,0.0,0.0,0.0,0.0,0.0,0.0,0.0,0.0,0.0,0.0,0.0,0.0,0.0,え
0.16434113681316376,0.6790104508399963,1.6127648105879189e-09,0.20916113257408142,0.6820696592330933,-0.0330972820520401,0.25533899664878845,0.648992121219635,-0.050058893859386444,0.27524667978286743,0.6124659180641174,-0.06667456030845642,0.2525784969329834,0.5880206823348999,-0.08221802860498428,0.24619713425636292,0.522607147693634,-0.018016392365098,0.25746190547943115,0.4488416910171509,-0.04664119705557823,0.2520332634449005,0.4484756290912628,-0.07171029597520828,0.24319186806678772,0.4854322671890259,-0.0840793326497078,0.21283984184265137,0.5107749700546265,-0.015149797312915325,0.22523263096809387,0.4215819537639618,-0.04281441867351532,0.21495087444782257,0.43548253178596497,-0.06823740899562836,0.20926955342292786,0.47746187448501587,-0.08087875694036484,0.18258312344551086,0.5101873278617859,-0.016852278262376785,0.1917283535003662,0.4355113208293915,-0.03759925812482834,0.18757206201553345,0.4397319257259369,-0.05769391357898712,0.1842445731163025,0.4784155488014221,-0.0673258975148201,0.15188828110694885,0.520212709903717,-0.021825818344950676,0.15926006436347961,0.4597485661506653,-0.03430737555027008,0.1613762527704239,0.454074501991272,-0.04445579648017883,0.16280077397823334,0.47676676511764526,-0.0501813068985939,0.0,0.0,0.0,0.0,0.0,0.0,0.0,0.0,0.0,0.0,0.0,0.0,0.0,0.0,0.0,0.0,0.0,0.0,0.0,0.0,0.0,0.0,0.0,0.0,0.0,0.0,0.0,0.0,0.0,0.0,0.0,0.0,0.0,0.0,0.0,0.0,0.0,0.0,0.0,0.0,0.0,0.0,0.0,0.0,0.0,0.0,0.0,0.0,0.0,0.0,0.0,0.0,0.0,0.0,0.0,0.0,0.0,0.0,0.0,0.0,0.0,0.0,0.0,え
0.16435357928276062,0.6790435910224915,2.0524417720935162e-08,0.20959888398647308,0.6821237802505493,-0.031204214319586754,0.25558769702911377,0.6485068798065186,-0.04782165214419365,0.27595648169517517,0.6120095252990723,-0.06440002471208572,0.2537311315536499,0.5876112580299377,-0.07988788932561874,0.24607239663600922,0.52154141664505,-0.017343688756227493,0.2581891417503357,0.44727277755737305,-0.045944977551698685,0.25352907180786133,0.4473574757575989,-0.07044044882059097,0.24522623419761658,0.4858151972293854,-0.08224017918109894,0.2125803679227829,0.5102488398551941,-0.01540672779083252,0.22464331984519958,0.4201863706111908,-0.04229819029569626,0.21669891476631165,0.4338356852531433,-0.06580312550067902,0.21265381574630737,0.4762253761291504,-0.07719509303569794,0.18256601691246033,0.5106593370437622,-0.017974531278014183,0.19027990102767944,0.4347127676010132,-0.03820590674877167,0.18877150118350983,0.4404439330101013,-0.055939335376024246,0.18766462802886963,0.4798833131790161,-0.06404700130224228,0.1515304446220398,0.5215292572975159,-0.02376333437860012,0.15881836414337158,0.4618957042694092,-0.036136921495199203,0.1632038801908493,0.45784738659858704,-0.04499109461903572,0.16668030619621277,0.48190081119537354,-0.0496315062046051,0.0,0.0,0.0,0.0,0.0,0.0,0.0,0.0,0.0,0.0,0.0,0.0,0.0,0.0,0.0,0.0,0.0,0.0,0.0,0.0,0.0,0.0,0.0,0.0,0.0,0.0,0.0,0.0,0.0,0.0,0.0,0.0,0.0,0.0,0.0,0.0,0.0,0.0,0.0,0.0,0.0,0.0,0.0,0.0,0.0,0.0,0.0,0.0,0.0,0.0,0.0,0.0,0.0,0.0,0.0,0.0,0.0,0.0,0.0,0.0,0.0,0.0,0.0,え
0.16646847128868103,0.6762606501579285,1.445124553356436e-08,0.2123991698026657,0.6807786822319031,-0.03173471987247467,0.2585490643978119,0.6467767953872681,-0.048274751752614975,0.276753693819046,0.6094242334365845,-0.06459816545248032,0.25262007117271423,0.585965096950531,-0.07994788885116577,0.24672375619411469,0.5202828645706177,-0.01864752545952797,0.2589135766029358,0.44377923011779785,-0.04718753695487976,0.2538938820362091,0.4462774991989136,-0.0719333291053772,0.24533726274967194,0.48488959670066833,-0.08431398123502731,0.21242976188659668,0.5100538730621338,-0.016543257981538773,0.22507087886333466,0.4187949299812317,-0.044225335121154785,0.21682406961917877,0.43432673811912537,-0.06920735538005829,0.2128145843744278,0.4766642153263092,-0.08196152746677399,0.18195757269859314,0.5108369588851929,-0.018820367753505707,0.18961766362190247,0.4347114562988281,-0.03949125111103058,0.18776056170463562,0.44106554985046387,-0.05906834825873375,0.18667693436145782,0.48029541969299316,-0.06881426274776459,0.15094007551670074,0.5216668248176575,-0.02424168586730957,0.15923935174942017,0.4628329277038574,-0.03649463504552841,0.16365903615951538,0.4594099521636963,-0.04641931504011154,0.16724172234535217,0.4833220839500427,-0.05245329067111015,0.0,0.0,0.0,0.0,0.0,0.0,0.0,0.0,0.0,0.0,0.0,0.0,0.0,0.0,0.0,0.0,0.0,0.0,0.0,0.0,0.0,0.0,0.0,0.0,0.0,0.0,0.0,0.0,0.0,0.0,0.0,0.0,0.0,0.0,0.0,0.0,0.0,0.0,0.0,0.0,0.0,0.0,0.0,0.0,0.0,0.0,0.0,0.0,0.0,0.0,0.0,0.0,0.0,0.0,0.0,0.0,0.0,0.0,0.0,0.0,0.0,0.0,0.0,え
0.1641538441181183,0.6760169267654419,-8.931603012740652e-09,0.20927001535892487,0.6826656460762024,-0.02942025288939476,0.2591727674007416,0.6498516201972961,-0.044524382799863815,0.27884751558303833,0.6100917458534241,-0.05975828692317009,0.25130608677864075,0.5883282423019409,-0.07381684333086014,0.24878254532814026,0.5237160325050354,-0.015163348987698555,0.2607550323009491,0.4471035599708557,-0.04222267493605614,0.2578004002571106,0.4487263262271881,-0.06516217440366745,0.25037750601768494,0.48725372552871704,-0.07597117871046066,0.21663886308670044,0.5122211575508118,-0.013667345978319645,0.2292194962501526,0.4182937443256378,-0.039641302078962326,0.2234712690114975,0.4357798397541046,-0.062105268239974976,0.21970507502555847,0.48053330183029175,-0.0723104253411293,0.18789298832416534,0.5103040933609009,-0.01636701263487339,0.19742441177368164,0.43115243315696716,-0.03648759797215462,0.19705839455127716,0.4406771659851074,-0.05315474420785904,0.19474217295646667,0.48171553015708923,-0.06001455709338188,0.15721158683300018,0.5171928405761719,-0.022058086469769478,0.1647387593984604,0.45527181029319763,-0.03447389602661133,0.1689774990081787,0.45561739802360535,-0.04224370792508125,0.17038211226463318,0.48322880268096924,-0.04570620134472847,0.0,0.0,0.0,0.0,0.0,0.0,0.0,0.0,0.0,0.0,0.0,0.0,0.0,0.0,0.0,0.0,0.0,0.0,0.0,0.0,0.0,0.0,0.0,0.0,0.0,0.0,0.0,0.0,0.0,0.0,0.0,0.0,0.0,0.0,0.0,0.0,0.0,0.0,0.0,0.0,0.0,0.0,0.0,0.0,0.0,0.0,0.0,0.0,0.0,0.0,0.0,0.0,0.0,0.0,0.0,0.0,0.0,0.0,0.0,0.0,0.0,0.0,0.0,え
0.16472384333610535,0.6786021590232849,4.033406497683245e-08,0.21025896072387695,0.684648871421814,-0.03441863879561424,0.26036229729652405,0.6509953141212463,-0.051060013473033905,0.27891409397125244,0.6111618876457214,-0.06691737473011017,0.2536332607269287,0.5873261094093323,-0.0813032016158104,0.24947787821292877,0.5250182747840881,-0.017627878114581108,0.2623712122440338,0.44919243454933167,-0.04508150741457939,0.257480263710022,0.4475858509540558,-0.06867069751024246,0.2492550015449524,0.4858110249042511,-0.08014526963233948,0.21576645970344543,0.5125322341918945,-0.013677560724318027,0.22870579361915588,0.42093345522880554,-0.039558276534080505,0.220462366938591,0.4326569437980652,-0.06344082206487656,0.21696598827838898,0.474701464176178,-0.07545335590839386,0.18666532635688782,0.5113961100578308,-0.01450424361974001,0.19474537670612335,0.4357145130634308,-0.03525957465171814,0.19219323992729187,0.440713107585907,-0.05511863902211189,0.19024261832237244,0.48148903250694275,-0.06467650085687637,0.15631209313869476,0.5199044942855835,-0.018673202022910118,0.1638944000005722,0.459431916475296,-0.0320366807281971,0.1668539047241211,0.4573555886745453,-0.04259981960058212,0.16878746449947357,0.4852263331413269,-0.048565175384283066,0.0,0.0,0.0,0.0,0.0,0.0,0.0,0.0,0.0,0.0,0.0,0.0,0.0,0.0,0.0,0.0,0.0,0.0,0.0,0.0,0.0,0.0,0.0,0.0,0.0,0.0,0.0,0.0,0.0,0.0,0.0,0.0,0.0,0.0,0.0,0.0,0.0,0.0,0.0,0.0,0.0,0.0,0.0,0.0,0.0,0.0,0.0,0.0,0.0,0.0,0.0,0.0,0.0,0.0,0.0,0.0,0.0,0.0,0.0,0.0,0.0,0.0,0.0,え
0.1646556258201599,0.678715705871582,3.402491444148836e-08,0.2100599706172943,0.684330403804779,-0.03256392106413841,0.26088637113571167,0.6493165493011475,-0.04853369668126106,0.2797216773033142,0.6088824272155762,-0.06406917423009872,0.2543986141681671,0.5867140293121338,-0.07827441394329071,0.24885830283164978,0.5240312218666077,-0.017014194279909134,0.26102256774902344,0.44781437516212463,-0.04449715465307236,0.25840914249420166,0.44585120677948,-0.06815271824598312,0.25092384219169617,0.484023779630661,-0.07955582439899445,0.2156044840812683,0.5122116208076477,-0.013955586589872837,0.22765256464481354,0.4206390976905823,-0.04009988531470299,0.22210083901882172,0.4336813688278198,-0.06383877992630005,0.21901558339595795,0.4773446321487427,-0.07554344087839127,0.18666715919971466,0.5109383463859558,-0.015434997156262398,0.19482693076133728,0.4339257478713989,-0.03594337776303291,0.1946759670972824,0.43959054350852966,-0.05494734272360802,0.19310793280601501,0.4809935688972473,-0.06382106244564056,0.15576454997062683,0.5188367366790771,-0.02014331705868244,0.16382887959480286,0.4576488733291626,-0.033279899507761,0.16885419189929962,0.45504865050315857,-0.04337690398097038,0.17158721387386322,0.48240068554878235,-0.04885614290833473,0.0,0.0,0.0,0.0,0.0,0.0,0.0,0.0,0.0,0.0,0.0,0.0,0.0,0.0,0.0,0.0,0.0,0.0,0.0,0.0,0.0,0.0,0.0,0.0,0.0,0.0,0.0,0.0,0.0,0.0,0.0,0.0,0.0,0.0,0.0,0.0,0.0,0.0,0.0,0.0,0.0,0.0,0.0,0.0,0.0,0.0,0.0,0.0,0.0,0.0,0.0,0.0,0.0,0.0,0.0,0.0,0.0,0.0,0.0,0.0,0.0,0.0,0.0,え
0.16250257194042206,0.6791085004806519,1.4863340780379986e-08,0.2089206576347351,0.685052752494812,-0.03143896535038948,0.2602574825286865,0.649223804473877,-0.04603884369134903,0.2797778248786926,0.6079345941543579,-0.06037510558962822,0.253379225730896,0.587041974067688,-0.07352381944656372,0.24871855974197388,0.5237342119216919,-0.014277355745434761,0.2608737647533417,0.4492788314819336,-0.040804341435432434,0.2575186491012573,0.4470908045768738,-0.06436038017272949,0.24965952336788177,0.4839487671852112,-0.07610448449850082,0.21611173450946808,0.5120019912719727,-0.011547382920980453,0.22893112897872925,0.42201775312423706,-0.037302009761333466,0.22204358875751495,0.43401703238487244,-0.06168614327907562,0.2176927626132965,0.47680407762527466,-0.07414434105157852,0.1870594024658203,0.5109388828277588,-0.013322104699909687,0.1956978142261505,0.4348547160625458,-0.0337374247610569,0.19521185755729675,0.44039618968963623,-0.05368928983807564,0.19321811199188232,0.4821053147315979,-0.06334508210420609,0.15553805232048035,0.5191550254821777,-0.018203996121883392,0.16399838030338287,0.45781686902046204,-0.03147072345018387,0.1689211130142212,0.4560428261756897,-0.042208727449178696,0.17162615060806274,0.4844241142272949,-0.04836020618677139,0.0,0.0,0.0,0.0,0.0,0.0,0.0,0.0,0.0,0.0,0.0,0.0,0.0,0.0,0.0,0.0,0.0,0.0,0.0,0.0,0.0,0.0,0.0,0.0,0.0,0.0,0.0,0.0,0.0,0.0,0.0,0.0,0.0,0.0,0.0,0.0,0.0,0.0,0.0,0.0,0.0,0.0,0.0,0.0,0.0,0.0,0.0,0.0,0.0,0.0,0.0,0.0,0.0,0.0,0.0,0.0,0.0,0.0,0.0,0.0,0.0,0.0,0.0,え
0.17143651843070984,0.6673654913902283,2.7156932702609993e-08,0.22472096979618073,0.6335692405700684,0.011621074751019478,0.26132023334503174,0.5971003174781799,0.012107206508517265,0.2896410822868347,0.5704537630081177,0.004141602665185928,0.2885521948337555,0.5390248894691467,-0.003680409863591194,0.22787997126579285,0.5193274021148682,0.03234958276152611,0.25150343775749207,0.461711049079895,0.015812726691365242,0.2766178846359253,0.48279157280921936,-0.0026644424069672823,0.28734228014945984,0.5145121216773987,-0.012151353992521763,0.21580566465854645,0.514115571975708,0.01586061157286167,0.24534858763217926,0.450233519077301,-0.001810830202884972,0.2751873731613159,0.4761676490306854,-0.02044900692999363,0.28584930300712585,0.5134577751159668,-0.029584309086203575,0.20189189910888672,0.5123646855354309,-0.0032170244958251715,0.23252613842487335,0.4505411982536316,-0.017160288989543915,0.2650706171989441,0.47509780526161194,-0.027387144044041634,0.27809834480285645,0.5109811425209045,-0.030422087758779526,0.18967123329639435,0.517048716545105,-0.022451255470514297,0.21960589289665222,0.46701592206954956,-0.031136132776737213,0.2492062896490097,0.4770405888557434,-0.03463375195860863,0.2666923999786377,0.5012938380241394,-0.03499414026737213,0.0,0.0,0.0,0.0,0.0,0.0,0.0,0.0,0.0,0.0,0.0,0.0,0.0,0.0,0.0,0.0,0.0,0.0,0.0,0.0,0.0,0.0,0.0,0.0,0.0,0.0,0.0,0.0,0.0,0.0,0.0,0.0,0.0,0.0,0.0,0.0,0.0,0.0,0.0,0.0,0.0,0.0,0.0,0.0,0.0,0.0,0.0,0.0,0.0,0.0,0.0,0.0,0.0,0.0,0.0,0.0,0.0,0.0,0.0,0.0,0.0,0.0,0.0,お
0.16952702403068542,0.6680989265441895,4.801569275514339e-08,0.2234555333852768,0.6339548230171204,0.013222016394138336,0.2602161169052124,0.5976182818412781,0.014560042880475521,0.28901153802871704,0.5714869499206543,0.00691698445007205,0.2892460525035858,0.5384351015090942,-0.0005533910589292645,0.2260204404592514,0.5190752744674683,0.03793443739414215,0.2509734630584717,0.46307092905044556,0.02306997962296009,0.2761959433555603,0.4839901328086853,0.004766402766108513,0.2864874601364136,0.5150797963142395,-0.004904172383248806,0.21434815227985382,0.5132103562355042,0.02070763148367405,0.24538108706474304,0.4509618282318115,0.004568855743855238,0.27555540204048157,0.47620606422424316,-0.014574551023542881,0.28592273592948914,0.5135039687156677,-0.024305744096636772,0.2006971687078476,0.5104455947875977,0.0008202395983971655,0.23255041241645813,0.45020341873168945,-0.011515181511640549,0.2653534710407257,0.47466015815734863,-0.021808436140418053,0.27786141633987427,0.5103038549423218,-0.02525266446173191,0.18909594416618347,0.5142256617546082,-0.01921946182847023,0.22038213908672333,0.4650762975215912,-0.026556456461548805,0.24997478723526,0.4763067662715912,-0.02939816750586033,0.26692792773246765,0.5014680027961731,-0.029486436396837234,0.0,0.0,0.0,0.0,0.0,0.0,0.0,0.0,0.0,0.0,0.0,0.0,0.0,0.0,0.0,0.0,0.0,0.0,0.0,0.0,0.0,0.0,0.0,0.0,0.0,0.0,0.0,0.0,0.0,0.0,0.0,0.0,0.0,0.0,0.0,0.0,0.0,0.0,0.0,0.0,0.0,0.0,0.0,0.0,0.0,0.0,0.0,0.0,0.0,0.0,0.0,0.0,0.0,0.0,0.0,0.0,0.0,0.0,0.0,0.0,0.0,0.0,0.0,お
0.17147713899612427,0.6671007871627808,1.2177735264629064e-08,0.2240346521139145,0.635216474533081,0.011622128076851368,0.260492742061615,0.5979743599891663,0.012717729434370995,0.2891371548175812,0.5712211728096008,0.005376906134188175,0.2891101837158203,0.5395067930221558,-0.0016668406315147877,0.2285144329071045,0.5191113352775574,0.03446657955646515,0.25316810607910156,0.46335598826408386,0.01889309659600258,0.2774091064929962,0.48633405566215515,0.0006086578941904008,0.2863525450229645,0.51869797706604,-0.008930345065891743,0.2167966365814209,0.5133994221687317,0.018217012286186218,0.2467033416032791,0.4506663978099823,0.0013175352942198515,0.2759985625743866,0.4783867597579956,-0.01754518412053585,0.2854238748550415,0.5159900784492493,-0.0269311536103487,0.2030557245016098,0.5107854604721069,-0.0006899677682667971,0.23344255983829498,0.4487079977989197,-0.014091289602220058,0.2658948600292206,0.47430676221847534,-0.024708297103643417,0.2779953181743622,0.5106074213981628,-0.028144963085651398,0.19083821773529053,0.5143888592720032,-0.019753772765398026,0.22132757306098938,0.46519869565963745,-0.028284279629588127,0.25071337819099426,0.4774801731109619,-0.03192503750324249,0.26717352867126465,0.503042995929718,-0.032473355531692505,0.0,0.0,0.0,0.0,0.0,0.0,0.0,0.0,0.0,0.0,0.0,0.0,0.0,0.0,0.0,0.0,0.0,0.0,0.0,0.0,0.0,0.0,0.0,0.0,0.0,0.0,0.0,0.0,0.0,0.0,0.0,0.0,0.0,0.0,0.0,0.0,0.0,0.0,0.0,0.0,0.0,0.0,0.0,0.0,0.0,0.0,0.0,0.0,0.0,0.0,0.0,0.0,0.0,0.0,0.0,0.0,0.0,0.0,0.0,0.0,0.0,0.0,0.0,お
0.17161288857460022,0.6663563847541809,2.9408797175278778e-08,0.22401118278503418,0.634431004524231,0.01088215596973896,0.26043701171875,0.5976680517196655,0.011743925511837006,0.28895679116249084,0.5706502795219421,0.004225622396916151,0.28891944885253906,0.538216233253479,-0.0029482226818799973,0.2280036211013794,0.5208076238632202,0.03483516350388527,0.2514563798904419,0.46460074186325073,0.01928974688053131,0.2757943272590637,0.48627522587776184,0.0010747702326625586,0.2853092551231384,0.5183830261230469,-0.008304392918944359,0.21675749123096466,0.5146362781524658,0.019053412601351738,0.2452584207057953,0.45089423656463623,0.00216242135502398,0.274776816368103,0.47676822543144226,-0.01679554022848606,0.28499850630760193,0.514445960521698,-0.026176953688263893,0.2030814290046692,0.5112352967262268,0.00046511265099979937,0.23281805217266083,0.44930386543273926,-0.012854642234742641,0.2651848793029785,0.47381287813186646,-0.023702768608927727,0.27779391407966614,0.510169506072998,-0.027237389236688614,0.19072306156158447,0.5135875940322876,-0.018369371071457863,0.22025804221630096,0.46446365118026733,-0.026559868827462196,0.2496033012866974,0.47506386041641235,-0.03035624511539936,0.26683151721954346,0.49993664026260376,-0.03103860653936863,0.0,0.0,0.0,0.0,0.0,0.0,0.0,0.0,0.0,0.0,0.0,0.0,0.0,0.0,0.0,0.0,0.0,0.0,0.0,0.0,0.0,0.0,0.0,0.0,0.0,0.0,0.0,0.0,0.0,0.0,0.0,0.0,0.0,0.0,0.0,0.0,0.0,0.0,0.0,0.0,0.0,0.0,0.0,0.0,0.0,0.0,0.0,0.0,0.0,0.0,0.0,0.0,0.0,0.0,0.0,0.0,0.0,0.0,0.0,0.0,0.0,0.0,0.0,お
0.16955192387104034,0.6677066087722778,5.454943874383389e-08,0.22297245264053345,0.6339788436889648,0.012870886363089085,0.25868985056877136,0.5981079936027527,0.013944190926849842,0.2873557209968567,0.5723515152931213,0.006075798999518156,0.28896838426589966,0.5394919514656067,-0.001587157603353262,0.2249235361814499,0.519102931022644,0.03734711930155754,0.24956083297729492,0.4633035659790039,0.022167349234223366,0.27500420808792114,0.48429203033447266,0.0038271669764071703,0.28560248017311096,0.5161351561546326,-0.0057151117362082005,0.2133801281452179,0.5133236646652222,0.02026548609137535,0.24422919750213623,0.4503878653049469,0.003626918187364936,0.2745767831802368,0.476215660572052,-0.015588443726301193,0.2851536273956299,0.5147178769111633,-0.025110706686973572,0.19999706745147705,0.5105441808700562,0.0004960093065164983,0.2323097586631775,0.45026856660842896,-0.012565822340548038,0.2653088867664337,0.47537076473236084,-0.02317245677113533,0.2780058979988098,0.5121614336967468,-0.02649618126451969,0.18850336968898773,0.5143103003501892,-0.019384104758501053,0.22039586305618286,0.4657829701900482,-0.027315039187669754,0.25023412704467773,0.4773308336734772,-0.030457429587841034,0.2672610580921173,0.5031490325927734,-0.03052905574440956,0.0,0.0,0.0,0.0,0.0,0.0,0.0,0.0,0.0,0.0,0.0,0.0,0.0,0.0,0.0,0.0,0.0,0.0,0.0,0.0,0.0,0.0,0.0,0.0,0.0,0.0,0.0,0.0,0.0,0.0,0.0,0.0,0.0,0.0,0.0,0.0,0.0,0.0,0.0,0.0,0.0,0.0,0.0,0.0,0.0,0.0,0.0,0.0,0.0,0.0,0.0,0.0,0.0,0.0,0.0,0.0,0.0,0.0,0.0,0.0,0.0,0.0,0.0,お
0.17095938324928284,0.6672999262809753,2.3655855940774018e-08,0.2236216813325882,0.6348916888237,0.01196758821606636,0.26000702381134033,0.5979509949684143,0.0130471708253026,0.2882097363471985,0.5715728998184204,0.005604133475571871,0.28919151425361633,0.5391475558280945,-0.0015110591193661094,0.2285875678062439,0.5192386507987976,0.035622987896203995,0.25259530544281006,0.4626857042312622,0.02031782642006874,0.2770131230354309,0.4843836724758148,0.002101234393194318,0.2860569953918457,0.5163633823394775,-0.007381557021290064,0.216752827167511,0.5136313438415527,0.019186466932296753,0.2463349997997284,0.45081013441085815,0.0026870165020227432,0.27531173825263977,0.4774315357208252,-0.016027873381972313,0.28439635038375854,0.5147892236709595,-0.0253768153488636,0.20263075828552246,0.5109131336212158,4.1112838516710326e-05,0.2333444505929947,0.44909247756004333,-0.012861119583249092,0.2652673125267029,0.47372907400131226,-0.022959357127547264,0.27700552344322205,0.509528636932373,-0.026170875877141953,0.18994545936584473,0.5144453048706055,-0.019288182258605957,0.22087611258029938,0.46579495072364807,-0.027407415211200714,0.2498694360256195,0.4769848585128784,-0.03063267469406128,0.26584985852241516,0.5014805197715759,-0.030931832268834114,0.0,0.0,0.0,0.0,0.0,0.0,0.0,0.0,0.0,0.0,0.0,0.0,0.0,0.0,0.0,0.0,0.0,0.0,0.0,0.0,0.0,0.0,0.0,0.0,0.0,0.0,0.0,0.0,0.0,0.0,0.0,0.0,0.0,0.0,0.0,0.0,0.0,0.0,0.0,0.0,0.0,0.0,0.0,0.0,0.0,0.0,0.0,0.0,0.0,0.0,0.0,0.0,0.0,0.0,0.0,0.0,0.0,0.0,0.0,0.0,0.0,0.0,0.0,お
0.16924205422401428,0.666934609413147,2.2973512869839396e-08,0.2231549322605133,0.6342588663101196,0.013791082426905632,0.2593749165534973,0.59808349609375,0.01563110202550888,0.2879023253917694,0.5724201798439026,0.008358974941074848,0.2894394099712372,0.5396871566772461,0.0012520983582362533,0.22718581557273865,0.5190333127975464,0.03890608251094818,0.25203317403793335,0.46347576379776,0.02428760938346386,0.27644264698028564,0.48488765954971313,0.0060294377617537975,0.2855401635169983,0.5169180035591125,-0.0035747454967349768,0.21530546247959137,0.5128161907196045,0.021492986008524895,0.24607335031032562,0.45075443387031555,0.005457552149891853,0.275129497051239,0.4774356484413147,-0.013722739182412624,0.28419435024261475,0.5154972076416016,-0.02341981790959835,0.20150306820869446,0.509619951248169,0.001424121204763651,0.23340652883052826,0.44860512018203735,-0.010997411794960499,0.2651453912258148,0.4740210175514221,-0.021390970796346664,0.27641284465789795,0.5104900002479553,-0.02484355866909027,0.1896396279335022,0.5129204988479614,-0.0187254436314106,0.22093577682971954,0.4640909731388092,-0.026362448930740356,0.24996548891067505,0.47567084431648254,-0.0294675100594759,0.26613396406173706,0.500980019569397,-0.029705293476581573,0.0,0.0,0.0,0.0,0.0,0.0,0.0,0.0,0.0,0.0,0.0,0.0,0.0,0.0,0.0,0.0,0.0,0.0,0.0,0.0,0.0,0.0,0.0,0.0,0.0,0.0,0.0,0.0,0.0,0.0,0.0,0.0,0.0,0.0,0.0,0.0,0.0,0.0,0.0,0.0,0.0,0.0,0.0,0.0,0.0,0.0,0.0,0.0,0.0,0.0,0.0,0.0,0.0,0.0,0.0,0.0,0.0,0.0,0.0,0.0,0.0,0.0,0.0,お
0.16995804011821747,0.6681607961654663,4.3154162909786464e-08,0.22326986491680145,0.633899450302124,0.012884579598903656,0.2594563364982605,0.5975233912467957,0.014268716797232628,0.2878795266151428,0.5710997581481934,0.00679370341822505,0.28866931796073914,0.5380389094352722,-0.0003724783891811967,0.2248789370059967,0.5187647342681885,0.037744276225566864,0.2492879331111908,0.46249452233314514,0.022962791845202446,0.27458634972572327,0.4829138517379761,0.004970208276063204,0.285246342420578,0.514075517654419,-0.004424045328050852,0.21325847506523132,0.5131326913833618,0.020794907584786415,0.24415941536426544,0.45096996426582336,0.004298740066587925,0.2740556001663208,0.4771994948387146,-0.014473997056484222,0.28418296575546265,0.5151515007019043,-0.02370484359562397,0.1998825967311859,0.5103532075881958,0.0011264847125858068,0.232015460729599,0.44950562715530396,-0.011605279520154,0.264141321182251,0.4744536280632019,-0.021598301827907562,0.27634111046791077,0.5107795596122742,-0.024583231657743454,0.1884908229112625,0.513691246509552,-0.018726374953985214,0.21950820088386536,0.46443745493888855,-0.026370083913207054,0.24861954152584076,0.47437694668769836,-0.029304951429367065,0.2653762698173523,0.4984578788280487,-0.029308421537280083,0.0,0.0,0.0,0.0,0.0,0.0,0.0,0.0,0.0,0.0,0.0,0.0,0.0,0.0,0.0,0.0,0.0,0.0,0.0,0.0,0.0,0.0,0.0,0.0,0.0,0.0,0.0,0.0,0.0,0.0,0.0,0.0,0.0,0.0,0.0,0.0,0.0,0.0,0.0,0.0,0.0,0.0,0.0,0.0,0.0,0.0,0.0,0.0,0.0,0.0,0.0,0.0,0.0,0.0,0.0,0.0,0.0,0.0,0.0,0.0,0.0,0.0,0.0,お
0.17022982239723206,0.6675460934638977,3.416782590193179e-08,0.2221164107322693,0.6326420307159424,0.009680335409939289,0.25938719511032104,0.5944129228591919,0.009711334481835365,0.28821712732315063,0.5669897198677063,0.0017891174647957087,0.28785672783851624,0.5348175764083862,-0.0057776314206421375,0.22631745040416718,0.5173059701919556,0.031614430248737335,0.2497585117816925,0.4614088833332062,0.01508218515664339,0.2748798131942749,0.4830895960330963,-0.003515011863783002,0.28564491868019104,0.5146011114120483,-0.01326585654169321,0.2143077701330185,0.5118649005889893,0.016077863052487373,0.2432180494070053,0.44939446449279785,-0.0016880531329661608,0.2732253968715668,0.47541946172714233,-0.02057839371263981,0.28423812985420227,0.5121639966964722,-0.029946010559797287,0.20000983774662018,0.5101234912872314,-0.002225562697276473,0.22896715998649597,0.4483327567577362,-0.016199257224798203,0.26150768995285034,0.4719087481498718,-0.026501549407839775,0.27529093623161316,0.5068098306655884,-0.029726166278123856,0.18710987269878387,0.5148026347160339,-0.02089271880686283,0.21603314578533173,0.4656764268875122,-0.029855702072381973,0.24546876549720764,0.47507748007774353,-0.033599257469177246,0.26334643363952637,0.498261034488678,-0.0341927632689476,0.0,0.0,0.0,0.0,0.0,0.0,0.0,0.0,0.0,0.0,0.0,0.0,0.0,0.0,0.0,0.0,0.0,0.0,0.0,0.0,0.0,0.0,0.0,0.0,0.0,0.0,0.0,0.0,0.0,0.0,0.0,0.0,0.0,0.0,0.0,0.0,0.0,0.0,0.0,0.0,0.0,0.0,0.0,0.0,0.0,0.0,0.0,0.0,0.0,0.0,0.0,0.0,0.0,0.0,0.0,0.0,0.0,0.0,0.0,0.0,0.0,0.0,0.0,お
0.16828209161758423,0.6671584248542786,3.166277195987277e-08,0.2213282734155655,0.6321574449539185,0.011813150718808174,0.25820744037628174,0.5942071676254272,0.012819439172744751,0.28699028491973877,0.5669780969619751,0.005265621934086084,0.2878267765045166,0.5336226224899292,-0.002035509329289198,0.22427792847156525,0.5180584788322449,0.03471417352557182,0.24889710545539856,0.46264082193374634,0.01918129064142704,0.274260938167572,0.4842013120651245,0.0009152760030701756,0.2850114107131958,0.5154579877853394,-0.008767945691943169,0.21249060332775116,0.511913001537323,0.018086636438965797,0.24300198256969452,0.4493076205253601,0.00102530000731349,0.2734527289867401,0.47537529468536377,-0.01797877624630928,0.28460946679115295,0.512334406375885,-0.027509447187185287,0.19888605177402496,0.5094625353813171,-0.0012008403427898884,0.22923924028873444,0.4467790424823761,-0.01459786482155323,0.26236286759376526,0.4709594249725342,-0.025157077237963676,0.27607688307762146,0.5064246654510498,-0.02867475338280201,0.18733038008213043,0.5136537551879883,-0.020673738792538643,0.21767446398735046,0.46393367648124695,-0.02916642278432846,0.2477567046880722,0.47456324100494385,-0.03277033194899559,0.2657158374786377,0.4992436468601227,-0.03334828093647957,0.0,0.0,0.0,0.0,0.0,0.0,0.0,0.0,0.0,0.0,0.0,0.0,0.0,0.0,0.0,0.0,0.0,0.0,0.0,0.0,0.0,0.0,0.0,0.0,0.0,0.0,0.0,0.0,0.0,0.0,0.0,0.0,0.0,0.0,0.0,0.0,0.0,0.0,0.0,0.0,0.0,0.0,0.0,0.0,0.0,0.0,0.0,0.0,0.0,0.0,0.0,0.0,0.0,0.0,0.0,0.0,0.0,0.0,0.0,0.0,0.0,0.0,0.0,お
0.16749700903892517,0.6668081283569336,3.436755591224028e-08,0.2216041088104248,0.6319329738616943,0.0122536551207304,0.25811824202537537,0.5952461361885071,0.013565562665462494,0.2866811454296112,0.5686641335487366,0.0062494282610714436,0.28954896330833435,0.5336829423904419,-0.0008291598642244935,0.22603793442249298,0.5183267593383789,0.035864170640707016,0.24999232590198517,0.4627853035926819,0.02098938077688217,0.2745029628276825,0.48340627551078796,0.003080488881096244,0.28500810265541077,0.5136943459510803,-0.006439307704567909,0.21367260813713074,0.5121438503265381,0.01927807368338108,0.24310317635536194,0.44903114438056946,0.0029868129640817642,0.27275383472442627,0.47396865487098694,-0.016009097918868065,0.2837933897972107,0.5102395415306091,-0.02573946863412857,0.1993396282196045,0.5096202492713928,5.206265996093862e-05,0.22961100935935974,0.4477301239967346,-0.01296255737543106,0.2621471881866455,0.471385657787323,-0.023585889488458633,0.27562984824180603,0.5064277648925781,-0.027250511571764946,0.18714526295661926,0.5138393640518188,-0.01927502639591694,0.2180902510881424,0.4648659825325012,-0.027575191110372543,0.24783943593502045,0.47521352767944336,-0.031140072271227837,0.2655368745326996,0.49917057156562805,-0.031707488000392914,0.0,0.0,0.0,0.0,0.0,0.0,0.0,0.0,0.0,0.0,0.0,0.0,0.0,0.0,0.0,0.0,0.0,0.0,0.0,0.0,0.0,0.0,0.0,0.0,0.0,0.0,0.0,0.0,0.0,0.0,0.0,0.0,0.0,0.0,0.0,0.0,0.0,0.0,0.0,0.0,0.0,0.0,0.0,0.0,0.0,0.0,0.0,0.0,0.0,0.0,0.0,0.0,0.0,0.0,0.0,0.0,0.0,0.0,0.0,0.0,0.0,0.0,0.0,お
0.1669633686542511,0.667707622051239,3.411095761407523e-08,0.22067846357822418,0.6323276162147522,0.011626992374658585,0.25708621740341187,0.5950023531913757,0.012972344644367695,0.28542447090148926,0.5689749717712402,0.005786595866084099,0.29114264249801636,0.5340772867202759,-0.0011673937551677227,0.22517377138137817,0.5204468369483948,0.036018792539834976,0.25077301263809204,0.47067204117774963,0.020590493455529213,0.27466750144958496,0.49042701721191406,0.002325910609215498,0.28497761487960815,0.5202926397323608,-0.0072015272453427315,0.21335086226463318,0.5129750967025757,0.019829826429486275,0.24433499574661255,0.4534512758255005,0.0028491124976426363,0.27343684434890747,0.47734418511390686,-0.01646253652870655,0.2850581705570221,0.513867199420929,-0.02604917623102665,0.19934305548667908,0.5097376108169556,0.0008555283420719206,0.2300613969564438,0.44944560527801514,-0.012662330642342567,0.2622917890548706,0.4715076684951782,-0.023901382461190224,0.2768627107143402,0.5063444972038269,-0.02768467739224434,0.18709538877010345,0.5134153962135315,-0.01826643943786621,0.21724648773670197,0.4648017883300781,-0.026853036135435104,0.24732421338558197,0.4717913866043091,-0.031006183475255966,0.26700061559677124,0.4935920834541321,-0.03184065595269203,0.0,0.0,0.0,0.0,0.0,0.0,0.0,0.0,0.0,0.0,0.0,0.0,0.0,0.0,0.0,0.0,0.0,0.0,0.0,0.0,0.0,0.0,0.0,0.0,0.0,0.0,0.0,0.0,0.0,0.0,0.0,0.0,0.0,0.0,0.0,0.0,0.0,0.0,0.0,0.0,0.0,0.0,0.0,0.0,0.0,0.0,0.0,0.0,0.0,0.0,0.0,0.0,0.0,0.0,0.0,0.0,0.0,0.0,0.0,0.0,0.0,0.0,0.0,お
0.16807565093040466,0.6662515997886658,2.6152012111424483e-08,0.22121988236904144,0.6322614550590515,0.01162290945649147,0.2573889493942261,0.5949411392211914,0.012716390192508698,0.28570324182510376,0.5687019228935242,0.0052690282464027405,0.29085680842399597,0.5336220860481262,-0.0019805189222097397,0.2256622165441513,0.5212013125419617,0.034703370183706284,0.25185099244117737,0.47089287638664246,0.018820198252797127,0.27591949701309204,0.49159231781959534,0.0004671268106903881,0.28552767634391785,0.52183598279953,-0.008999831974506378,0.2137940675020218,0.5134326219558716,0.01832183636724949,0.24509140849113464,0.45299622416496277,0.0007160614477470517,0.2744784355163574,0.47842854261398315,-0.01857704669237137,0.285380095243454,0.5155846476554871,-0.028024842962622643,0.19980564713478088,0.5100014209747314,-0.00078516238136217,0.23073308169841766,0.4483482539653778,-0.015031800605356693,0.26324552297592163,0.4719996452331543,-0.026331612840294838,0.27713221311569214,0.507765531539917,-0.02999243140220642,0.1876743584871292,0.513522744178772,-0.01996234618127346,0.21835865080356598,0.46424299478530884,-0.02925419993698597,0.24898500740528107,0.4715571999549866,-0.03373214602470398,0.26847994327545166,0.4934466481208801,-0.034743037074804306,0.0,0.0,0.0,0.0,0.0,0.0,0.0,0.0,0.0,0.0,0.0,0.0,0.0,0.0,0.0,0.0,0.0,0.0,0.0,0.0,0.0,0.0,0.0,0.0,0.0,0.0,0.0,0.0,0.0,0.0,0.0,0.0,0.0,0.0,0.0,0.0,0.0,0.0,0.0,0.0,0.0,0.0,0.0,0.0,0.0,0.0,0.0,0.0,0.0,0.0,0.0,0.0,0.0,0.0,0.0,0.0,0.0,0.0,0.0,0.0,0.0,0.0,0.0,お
0.16897451877593994,0.665736973285675,2.4101895590433742e-08,0.2210855782032013,0.6320898532867432,0.011250591836869717,0.2572554051876068,0.5932129621505737,0.0126731526106596,0.28571903705596924,0.567439615726471,0.005760451313108206,0.29168015718460083,0.534950852394104,-0.0008096517412923276,0.22621624171733856,0.517160177230835,0.03442610800266266,0.2507673501968384,0.4675707519054413,0.018784690648317337,0.27491164207458496,0.4891394078731537,0.0008905015420168638,0.28589510917663574,0.5196792483329773,-0.008389344438910484,0.21401870250701904,0.5101994872093201,0.01862841099500656,0.24420350790023804,0.4526073634624481,0.0009144601644948125,0.273357629776001,0.4794819951057434,-0.01756417378783226,0.284995436668396,0.5165271759033203,-0.02619434893131256,0.20021593570709229,0.5076425075531006,6.615877646254376e-05,0.23109565675258636,0.44963502883911133,-0.014708558097481728,0.2636291980743408,0.474289208650589,-0.025300441309809685,0.27827736735343933,0.5100015997886658,-0.028103649616241455,0.18836946785449982,0.5123966932296753,-0.018615568056702614,0.21909943222999573,0.46595656871795654,-0.028543999418616295,0.24980854988098145,0.4741770923137665,-0.03295135870575905,0.26997697353363037,0.49548768997192383,-0.03353947028517723,0.0,0.0,0.0,0.0,0.0,0.0,0.0,0.0,0.0,0.0,0.0,0.0,0.0,0.0,0.0,0.0,0.0,0.0,0.0,0.0,0.0,0.0,0.0,0.0,0.0,0.0,0.0,0.0,0.0,0.0,0.0,0.0,0.0,0.0,0.0,0.0,0.0,0.0,0.0,0.0,0.0,0.0,0.0,0.0,0.0,0.0,0.0,0.0,0.0,0.0,0.0,0.0,0.0,0.0,0.0,0.0,0.0,0.0,0.0,0.0,0.0,0.0,0.0,お
0.1683644950389862,0.6626688241958618,4.6216548810207314e-08,0.22002379596233368,0.6289069652557373,0.010758280754089355,0.25668400526046753,0.5904114246368408,0.011531268246471882,0.28493812680244446,0.5639482140541077,0.004187182988971472,0.2916440963745117,0.5295017957687378,-0.0027114080730825663,0.2266126126050949,0.5123218894004822,0.032860592007637024,0.25174716114997864,0.4628649353981018,0.01704850047826767,0.2763286828994751,0.4851303994655609,-0.0006223442615009844,0.2873711585998535,0.5158423185348511,-0.009703798219561577,0.2140878140926361,0.5051749348640442,0.017126483842730522,0.24412649869918823,0.44655269384384155,7.739748252788559e-05,0.2736671268939972,0.47344040870666504,-0.017730655148625374,0.28523921966552734,0.5104941725730896,-0.026111507788300514,0.19996950030326843,0.5027032494544983,-0.001309158280491829,0.23106807470321655,0.4449855089187622,-0.01575596071779728,0.2633964419364929,0.47055038809776306,-0.02533630281686783,0.2776075303554535,0.5063762068748474,-0.02760016731917858,0.1878422498703003,0.5080316662788391,-0.019893618300557137,0.2187260389328003,0.4628128409385681,-0.029872983694076538,0.24963033199310303,0.47138863801956177,-0.03361690789461136,0.2696051001548767,0.4925728738307953,-0.03364702686667442,0.0,0.0,0.0,0.0,0.0,0.0,0.0,0.0,0.0,0.0,0.0,0.0,0.0,0.0,0.0,0.0,0.0,0.0,0.0,0.0,0.0,0.0,0.0,0.0,0.0,0.0,0.0,0.0,0.0,0.0,0.0,0.0,0.0,0.0,0.0,0.0,0.0,0.0,0.0,0.0,0.0,0.0,0.0,0.0,0.0,0.0,0.0,0.0,0.0,0.0,0.0,0.0,0.0,0.0,0.0,0.0,0.0,0.0,0.0,0.0,0.0,0.0,0.0,お
0.16856487095355988,0.664039134979248,4.5179138652429174e-08,0.22034262120723724,0.6291921138763428,0.010635003447532654,0.25620484352111816,0.5904530882835388,0.011634672060608864,0.2848399877548218,0.5639817118644714,0.004482773598283529,0.29298049211502075,0.5296675562858582,-0.002337266458198428,0.2263077199459076,0.5153878927230835,0.032613497227430344,0.25112462043762207,0.46620649099349976,0.016914403066039085,0.2754681706428528,0.4875240921974182,-0.0006923165637999773,0.28751036524772644,0.5168724060058594,-0.00997342448681593,0.21403518319129944,0.5085777640342712,0.016872188076376915,0.24407728016376495,0.4489332139492035,-0.0006713322945870459,0.273539662361145,0.47438549995422363,-0.018872663378715515,0.2863731384277344,0.5105312466621399,-0.02754376269876957,0.19988305866718292,0.5061748623847961,-0.0015668353298678994,0.2304488569498062,0.4468233287334442,-0.016443341970443726,0.26297616958618164,0.47095346450805664,-0.0267033688724041,0.27840790152549744,0.5060388445854187,-0.029514599591493607,0.187554270029068,0.5109564661979675,-0.020161407068371773,0.21851609647274017,0.4652906060218811,-0.030494434759020805,0.24948403239250183,0.4735634922981262,-0.03485987335443497,0.27020692825317383,0.4944911599159241,-0.035478755831718445,0.0,0.0,0.0,0.0,0.0,0.0,0.0,0.0,0.0,0.0,0.0,0.0,0.0,0.0,0.0,0.0,0.0,0.0,0.0,0.0,0.0,0.0,0.0,0.0,0.0,0.0,0.0,0.0,0.0,0.0,0.0,0.0,0.0,0.0,0.0,0.0,0.0,0.0,0.0,0.0,0.0,0.0,0.0,0.0,0.0,0.0,0.0,0.0,0.0,0.0,0.0,0.0,0.0,0.0,0.0,0.0,0.0,0.0,0.0,0.0,0.0,0.0,0.0,お
0.16680291295051575,0.6668417453765869,3.185793318039032e-08,0.2203039824962616,0.631346583366394,0.013387821614742279,0.25670549273490906,0.5923935174942017,0.014928841963410378,0.2854958772659302,0.5668914318084717,0.007604146841913462,0.2936592102050781,0.5338816046714783,0.0002486522716935724,0.22527365386486053,0.5213136672973633,0.034312859177589417,0.2522759437561035,0.471658319234848,0.018886782228946686,0.2776932120323181,0.4922192394733429,0.0011168638011440635,0.2897736728191376,0.521102786064148,-0.008346226066350937,0.21294644474983215,0.5136035084724426,0.016806038096547127,0.24537557363510132,0.4537084102630615,-0.0012404952431097627,0.275839239358902,0.47985851764678955,-0.020148705691099167,0.28833505511283875,0.5169480443000793,-0.02919926680624485,0.19906648993492126,0.5105949640274048,-0.0031000159215182066,0.23096564412117004,0.4484516382217407,-0.017808374017477036,0.26457276940345764,0.4724525809288025,-0.02854892425239086,0.27993881702423096,0.5078645348548889,-0.03177551552653313,0.1875332146883011,0.5150571465492249,-0.02289610356092453,0.21893908083438873,0.4660506248474121,-0.03291616588830948,0.25046998262405396,0.47351688146591187,-0.037318505346775055,0.2709290087223053,0.49497830867767334,-0.03813236579298973,0.0,0.0,0.0,0.0,0.0,0.0,0.0,0.0,0.0,0.0,0.0,0.0,0.0,0.0,0.0,0.0,0.0,0.0,0.0,0.0,0.0,0.0,0.0,0.0,0.0,0.0,0.0,0.0,0.0,0.0,0.0,0.0,0.0,0.0,0.0,0.0,0.0,0.0,0.0,0.0,0.0,0.0,0.0,0.0,0.0,0.0,0.0,0.0,0.0,0.0,0.0,0.0,0.0,0.0,0.0,0.0,0.0,0.0,0.0,0.0,0.0,0.0,0.0,お
0.16841012239456177,0.6640438437461853,5.095312616276715e-08,0.2211904376745224,0.6298927068710327,0.011761142872273922,0.2573438286781311,0.5911523103713989,0.013022261671721935,0.2856268286705017,0.5646068453788757,0.005794284865260124,0.29400187730789185,0.5292642116546631,-0.0011548183392733335,0.22625219821929932,0.5159403681755066,0.03425274044275284,0.2527066171169281,0.465881884098053,0.01916325092315674,0.2772182524204254,0.48767465353012085,0.0018551429966464639,0.2887251377105713,0.5171574950218201,-0.007280208636075258,0.2133810967206955,0.5085238218307495,0.01772906631231308,0.2449403554201126,0.4488046169281006,0.000579583749640733,0.27465152740478516,0.47592025995254517,-0.01767701469361782,0.2868053913116455,0.5129646062850952,-0.026407398283481598,0.1991744339466095,0.5060209631919861,-0.0014040784444659948,0.2318079173564911,0.4461514353752136,-0.016069836914539337,0.26468509435653687,0.4717509150505066,-0.02626158855855465,0.2792019844055176,0.507320761680603,-0.029052581638097763,0.1875736117362976,0.5114635825157166,-0.02054562233388424,0.2204996645450592,0.46476975083351135,-0.030768902972340584,0.2520560920238495,0.4736194610595703,-0.03483634069561958,0.27219706773757935,0.49492305517196655,-0.0352451354265213,0.0,0.0,0.0,0.0,0.0,0.0,0.0,0.0,0.0,0.0,0.0,0.0,0.0,0.0,0.0,0.0,0.0,0.0,0.0,0.0,0.0,0.0,0.0,0.0,0.0,0.0,0.0,0.0,0.0,0.0,0.0,0.0,0.0,0.0,0.0,0.0,0.0,0.0,0.0,0.0,0.0,0.0,0.0,0.0,0.0,0.0,0.0,0.0,0.0,0.0,0.0,0.0,0.0,0.0,0.0,0.0,0.0,0.0,0.0,0.0,0.0,0.0,0.0,お
0.1658247411251068,0.6655118465423584,5.5618730954165585e-08,0.22006233036518097,0.6309179067611694,0.01475431490689516,0.25591713190078735,0.5909647941589355,0.01704535260796547,0.2847563922405243,0.564567506313324,0.010189156979322433,0.29359298944473267,0.5304722785949707,0.0033091825898736715,0.2249072790145874,0.5150627493858337,0.03682836890220642,0.25249341130256653,0.4647197127342224,0.022359926253557205,0.2776932716369629,0.4863033890724182,0.0049179536290466785,0.2889348268508911,0.5155996680259705,-0.004590295720845461,0.21177397668361664,0.50847989320755,0.018631860613822937,0.24532762169837952,0.44781583547592163,0.0019118855707347393,0.27590733766555786,0.47445231676101685,-0.017060741782188416,0.2878837287425995,0.5113390684127808,-0.026558564975857735,0.19767144322395325,0.5068717002868652,-0.0018679173663258553,0.23144379258155823,0.44715920090675354,-0.01573103293776512,0.2650145888328552,0.4724174737930298,-0.02640386112034321,0.2795374095439911,0.5073456764221191,-0.02996298111975193,0.1864512711763382,0.5135317444801331,-0.02216028794646263,0.2204851657152176,0.46757587790489197,-0.03174032270908356,0.2522566318511963,0.4763090908527374,-0.035961173474788666,0.2723934054374695,0.4971734881401062,-0.0368669368326664,0.0,0.0,0.0,0.0,0.0,0.0,0.0,0.0,0.0,0.0,0.0,0.0,0.0,0.0,0.0,0.0,0.0,0.0,0.0,0.0,0.0,0.0,0.0,0.0,0.0,0.0,0.0,0.0,0.0,0.0,0.0,0.0,0.0,0.0,0.0,0.0,0.0,0.0,0.0,0.0,0.0,0.0,0.0,0.0,0.0,0.0,0.0,0.0,0.0,0.0,0.0,0.0,0.0,0.0,0.0,0.0,0.0,0.0,0.0,0.0,0.0,0.0,0.0,お
0.16696341335773468,0.6671375036239624,2.9593232753200027e-08,0.22025395929813385,0.6307905912399292,0.014131531119346619,0.25617551803588867,0.5910291075706482,0.016275489702820778,0.28441357612609863,0.5648764967918396,0.009532376192510128,0.2954663932323456,0.5317574739456177,0.00296424119733274,0.22528578341007233,0.5196561217308044,0.03501902148127556,0.25107860565185547,0.46929723024368286,0.02072594128549099,0.2772084176540375,0.48871633410453796,0.003931055311113596,0.29006320238113403,0.5157950520515442,-0.005209365393966436,0.21289601922035217,0.5123766660690308,0.01724637858569622,0.24530404806137085,0.4517113268375397,0.00032075378112494946,0.2764665484428406,0.47683876752853394,-0.01759052276611328,0.2892221510410309,0.512466549873352,-0.02632158435881138,0.1993333101272583,0.5096392631530762,-0.002845378825441003,0.2318151295185089,0.4490323066711426,-0.01699228771030903,0.26598507165908813,0.4729917347431183,-0.02727283351123333,0.28141048550605774,0.5075677633285522,-0.03052123263478279,0.18860718607902527,0.5140515565872192,-0.02278074435889721,0.22069841623306274,0.46736326813697815,-0.03263135626912117,0.2522951364517212,0.47674691677093506,-0.03673877194523811,0.2723309397697449,0.49892064929008484,-0.03750114515423775,0.0,0.0,0.0,0.0,0.0,0.0,0.0,0.0,0.0,0.0,0.0,0.0,0.0,0.0,0.0,0.0,0.0,0.0,0.0,0.0,0.0,0.0,0.0,0.0,0.0,0.0,0.0,0.0,0.0,0.0,0.0,0.0,0.0,0.0,0.0,0.0,0.0,0.0,0.0,0.0,0.0,0.0,0.0,0.0,0.0,0.0,0.0,0.0,0.0,0.0,0.0,0.0,0.0,0.0,0.0,0.0,0.0,0.0,0.0,0.0,0.0,0.0,0.0,お
0.16802415251731873,0.6649336218833923,4.908136830295007e-08,0.2204604595899582,0.6309676766395569,0.014140554703772068,0.2561587989330292,0.5907334685325623,0.016737643629312515,0.28465941548347473,0.5649758577346802,0.010424856096506119,0.29479673504829407,0.5321176648139954,0.004088889341801405,0.22523140907287598,0.5197553038597107,0.035417187958955765,0.2505114674568176,0.4683106243610382,0.02176048420369625,0.27710703015327454,0.4871443510055542,0.005520382430404425,0.2911246120929718,0.5142366290092468,-0.0033724168315529823,0.21296311914920807,0.512535810470581,0.017582766711711884,0.24402281641960144,0.4498952031135559,0.0010518792551010847,0.275668203830719,0.4750624895095825,-0.01675976626574993,0.28890377283096313,0.5113435983657837,-0.025428107008337975,0.19930577278137207,0.5097030401229858,-0.0025450398679822683,0.23174595832824707,0.44798165559768677,-0.016819560900330544,0.2658020853996277,0.4727534353733063,-0.02700122259557247,0.2807197868824005,0.5077594518661499,-0.03006206639111042,0.18854793906211853,0.5138964653015137,-0.02248070016503334,0.22096039354801178,0.46564820408821106,-0.03246767446398735,0.2523702085018158,0.4746611714363098,-0.036431360989809036,0.2715857923030853,0.4965682029724121,-0.03708025813102722,0.0,0.0,0.0,0.0,0.0,0.0,0.0,0.0,0.0,0.0,0.0,0.0,0.0,0.0,0.0,0.0,0.0,0.0,0.0,0.0,0.0,0.0,0.0,0.0,0.0,0.0,0.0,0.0,0.0,0.0,0.0,0.0,0.0,0.0,0.0,0.0,0.0,0.0,0.0,0.0,0.0,0.0,0.0,0.0,0.0,0.0,0.0,0.0,0.0,0.0,0.0,0.0,0.0,0.0,0.0,0.0,0.0,0.0,0.0,0.0,0.0,0.0,0.0,お
0.1671435534954071,0.6660711765289307,6.736627966574815e-08,0.21989646553993225,0.6317625045776367,0.01346073392778635,0.2559881806373596,0.5914023518562317,0.015832040458917618,0.2850475311279297,0.5648821592330933,0.00947167444974184,0.29541313648223877,0.530750036239624,0.003247619839385152,0.22512942552566528,0.5172034502029419,0.036324795335531235,0.25116539001464844,0.4672345817089081,0.022903578355908394,0.2773263156414032,0.48574894666671753,0.006402230355888605,0.29088056087493896,0.5121869444847107,-0.002786672906950116,0.21236376464366913,0.5106348395347595,0.01898147538304329,0.24421770870685577,0.4495842754840851,0.002626012312248349,0.27532199025154114,0.47410205006599426,-0.01564928889274597,0.28861141204833984,0.5095138549804688,-0.024684999138116837,0.19853083789348602,0.5085462331771851,-0.000747065816540271,0.23144350945949554,0.44845858216285706,-0.014917775988578796,0.26503971219062805,0.4729701280593872,-0.02534858137369156,0.2799675464630127,0.507411003112793,-0.02857316844165325,0.18778681755065918,0.5138961672782898,-0.020359352231025696,0.22159679234027863,0.4674447178840637,-0.030283991247415543,0.2525940537452698,0.4767269492149353,-0.034342750906944275,0.2716798186302185,0.49815988540649414,-0.03500084578990936,0.0,0.0,0.0,0.0,0.0,0.0,0.0,0.0,0.0,0.0,0.0,0.0,0.0,0.0,0.0,0.0,0.0,0.0,0.0,0.0,0.0,0.0,0.0,0.0,0.0,0.0,0.0,0.0,0.0,0.0,0.0,0.0,0.0,0.0,0.0,0.0,0.0,0.0,0.0,0.0,0.0,0.0,0.0,0.0,0.0,0.0,0.0,0.0,0.0,0.0,0.0,0.0,0.0,0.0,0.0,0.0,0.0,0.0,0.0,0.0,0.0,0.0,0.0,お
0.16595622897148132,0.6663923263549805,2.7324475126988546e-08,0.2190932184457779,0.6314379572868347,0.01407515536993742,0.25525519251823425,0.591487467288971,0.01639535464346409,0.28366732597351074,0.5660721063613892,0.00963817909359932,0.2965654730796814,0.5336196422576904,0.0029792319983243942,0.2259703278541565,0.5193734169006348,0.03622542321681976,0.2525228261947632,0.4708431661128998,0.02166592888534069,0.27820882201194763,0.490730345249176,0.004596297163516283,0.29065561294555664,0.5184915661811829,-0.004591052420437336,0.21391694247722626,0.5117740631103516,0.018389016389846802,0.24640902876853943,0.45222216844558716,0.0008081122650764883,0.2774602770805359,0.478922039270401,-0.01767670176923275,0.28997015953063965,0.5164631009101868,-0.026359885931015015,0.20059390366077423,0.5086409449577332,-0.0018827080493792892,0.23309054970741272,0.4479143023490906,-0.016939962282776833,0.2668468654155731,0.4734030067920685,-0.027564547955989838,0.28184694051742554,0.5094946622848511,-0.030487993732094765,0.18962602317333221,0.5128568410873413,-0.021980617195367813,0.22199633717536926,0.46610987186431885,-0.0325186550617218,0.2533128261566162,0.4757610857486725,-0.036904364824295044,0.2730146050453186,0.49843713641166687,-0.03749869391322136,0.0,0.0,0.0,0.0,0.0,0.0,0.0,0.0,0.0,0.0,0.0,0.0,0.0,0.0,0.0,0.0,0.0,0.0,0.0,0.0,0.0,0.0,0.0,0.0,0.0,0.0,0.0,0.0,0.0,0.0,0.0,0.0,0.0,0.0,0.0,0.0,0.0,0.0,0.0,0.0,0.0,0.0,0.0,0.0,0.0,0.0,0.0,0.0,0.0,0.0,0.0,0.0,0.0,0.0,0.0,0.0,0.0,0.0,0.0,0.0,0.0,0.0,0.0,お
0.16846728324890137,0.665466845035553,6.801232643738331e-08,0.22096720337867737,0.6319783926010132,0.012553668580949306,0.2569672763347626,0.5921787023544312,0.014362997375428677,0.28564876317977905,0.5651438236236572,0.007575967349112034,0.29427143931388855,0.5297622084617615,0.0009124474017880857,0.22560252249240875,0.5171962380409241,0.0346725657582283,0.25203388929367065,0.46578359603881836,0.020083755254745483,0.27789175510406494,0.4862983822822571,0.0030433414503932,0.2908177971839905,0.5147037506103516,-0.0061554498970508575,0.21299633383750916,0.5105092525482178,0.017645390704274178,0.24518568813800812,0.44847020506858826,0.000610325310844928,0.27635228633880615,0.4748607277870178,-0.017799530178308487,0.2895078957080841,0.5114131569862366,-0.026774009689688683,0.1992548406124115,0.508495569229126,-0.0018621848430484533,0.23204417526721954,0.44788089394569397,-0.01623915322124958,0.2657414376735687,0.473247766494751,-0.026609942317008972,0.2808855473995209,0.5083842873573303,-0.02971511147916317,0.18822655081748962,0.5139398574829102,-0.021371640264987946,0.22082765400409698,0.4665050804615021,-0.031278543174266815,0.2523658275604248,0.47447043657302856,-0.03549228981137276,0.27252739667892456,0.4950030446052551,-0.03627089038491249,0.0,0.0,0.0,0.0,0.0,0.0,0.0,0.0,0.0,0.0,0.0,0.0,0.0,0.0,0.0,0.0,0.0,0.0,0.0,0.0,0.0,0.0,0.0,0.0,0.0,0.0,0.0,0.0,0.0,0.0,0.0,0.0,0.0,0.0,0.0,0.0,0.0,0.0,0.0,0.0,0.0,0.0,0.0,0.0,0.0,0.0,0.0,0.0,0.0,0.0,0.0,0.0,0.0,0.0,0.0,0.0,0.0,0.0,0.0,0.0,0.0,0.0,0.0,お
0.165948748588562,0.6677449941635132,6.834093824181764e-08,0.21949438750743866,0.6322596073150635,0.013228342868387699,0.2556319832801819,0.5916150212287903,0.014639590866863728,0.28480687737464905,0.5650606751441956,0.007253555580973625,0.29469332098960876,0.5298608541488647,-0.0001069577265297994,0.22445189952850342,0.5156728029251099,0.034525223076343536,0.2518247365951538,0.46344903111457825,0.019283493980765343,0.2781638503074646,0.48504674434661865,0.00129880930762738,0.29078274965286255,0.5146101117134094,-0.008515743538737297,0.21154215931892395,0.5100041627883911,0.016845565289258957,0.2456243485212326,0.44851088523864746,-0.0004322413878981024,0.276821494102478,0.47531306743621826,-0.01974957436323166,0.2893064618110657,0.5120022892951965,-0.029565958306193352,0.19748404622077942,0.5091615915298462,-0.003186569083482027,0.23136259615421295,0.44870725274086,-0.017177022993564606,0.2652949094772339,0.47344183921813965,-0.02792479656636715,0.2801379859447479,0.5082035660743713,-0.031613145023584366,0.18608395755290985,0.5161257386207581,-0.023175016045570374,0.2197876125574112,0.4682135581970215,-0.03263535350561142,0.2515331208705902,0.4760214686393738,-0.0367257259786129,0.27144554257392883,0.4967580735683441,-0.037615928798913956,0.0,0.0,0.0,0.0,0.0,0.0,0.0,0.0,0.0,0.0,0.0,0.0,0.0,0.0,0.0,0.0,0.0,0.0,0.0,0.0,0.0,0.0,0.0,0.0,0.0,0.0,0.0,0.0,0.0,0.0,0.0,0.0,0.0,0.0,0.0,0.0,0.0,0.0,0.0,0.0,0.0,0.0,0.0,0.0,0.0,0.0,0.0,0.0,0.0,0.0,0.0,0.0,0.0,0.0,0.0,0.0,0.0,0.0,0.0,0.0,0.0,0.0,0.0,お
0.16514189541339874,0.6685381531715393,3.4654387803811915e-08,0.218544602394104,0.6322104930877686,0.013127258978784084,0.2552390992641449,0.5915393829345703,0.014438319019973278,0.2844075560569763,0.5653875470161438,0.006878920365124941,0.2957800328731537,0.5311442017555237,-0.0006312131881713867,0.22565817832946777,0.5212748050689697,0.03340941667556763,0.2523652911186218,0.469107985496521,0.017564598470926285,0.279227614402771,0.48902761936187744,-0.0004243463627062738,0.29184815287590027,0.5172182321548462,-0.010087798349559307,0.21334101259708405,0.5144009590148926,0.015590321272611618,0.2465088963508606,0.4518983066082001,-0.0029695474077016115,0.27812838554382324,0.47822192311286926,-0.022271107882261276,0.29007261991500854,0.5154187679290771,-0.03165990114212036,0.19925865530967712,0.5119357109069824,-0.004596361890435219,0.2322009801864624,0.44904014468193054,-0.019703418016433716,0.26639509201049805,0.47361892461776733,-0.03058873489499092,0.28088676929473877,0.5091129541397095,-0.0340079739689827,0.18741297721862793,0.516617476940155,-0.02469802461564541,0.22016692161560059,0.4683467745780945,-0.03496546670794487,0.2517383396625519,0.47630396485328674,-0.03939405083656311,0.2708790898323059,0.4976418912410736,-0.040354177355766296,0.0,0.0,0.0,0.0,0.0,0.0,0.0,0.0,0.0,0.0,0.0,0.0,0.0,0.0,0.0,0.0,0.0,0.0,0.0,0.0,0.0,0.0,0.0,0.0,0.0,0.0,0.0,0.0,0.0,0.0,0.0,0.0,0.0,0.0,0.0,0.0,0.0,0.0,0.0,0.0,0.0,0.0,0.0,0.0,0.0,0.0,0.0,0.0,0.0,0.0,0.0,0.0,0.0,0.0,0.0,0.0,0.0,0.0,0.0,0.0,0.0,0.0,0.0,お
0.1669233739376068,0.6677699685096741,3.415456362176883e-08,0.22017797827720642,0.6313303112983704,0.014649205841124058,0.25525614619255066,0.5915347933769226,0.017285797744989395,0.28335636854171753,0.5659061670303345,0.01075303927063942,0.2965867817401886,0.5331649780273438,0.004134777467697859,0.22615595161914825,0.5198792219161987,0.03690698370337486,0.2524870038032532,0.47122496366500854,0.02285837009549141,0.2783203125,0.4906294047832489,0.006031612865626812,0.2914292514324188,0.5171208381652832,-0.0032304658088833094,0.21374766528606415,0.5124630928039551,0.018649427220225334,0.24638822674751282,0.4521113336086273,0.0015888140769675374,0.2772807776927948,0.47840622067451477,-0.016897786408662796,0.28989294171333313,0.5146044492721558,-0.025902055203914642,0.19993165135383606,0.5097139477729797,-0.0019825161434710026,0.2322574257850647,0.44835108518600464,-0.016675669699907303,0.26609307527542114,0.47373056411743164,-0.027285639196634293,0.28118598461151123,0.5090252161026001,-0.030469631776213646,0.18857574462890625,0.5144355893135071,-0.022400807589292526,0.2209714949131012,0.46576833724975586,-0.03260335698723793,0.2524024248123169,0.47503310441970825,-0.03674383834004402,0.2720441222190857,0.4969351589679718,-0.03741394728422165,0.0,0.0,0.0,0.0,0.0,0.0,0.0,0.0,0.0,0.0,0.0,0.0,0.0,0.0,0.0,0.0,0.0,0.0,0.0,0.0,0.0,0.0,0.0,0.0,0.0,0.0,0.0,0.0,0.0,0.0,0.0,0.0,0.0,0.0,0.0,0.0,0.0,0.0,0.0,0.0,0.0,0.0,0.0,0.0,0.0,0.0,0.0,0.0,0.0,0.0,0.0,0.0,0.0,0.0,0.0,0.0,0.0,0.0,0.0,0.0,0.0,0.0,0.0,お
0.1657039225101471,0.6677552461624146,4.0159338965395364e-08,0.21939361095428467,0.6318267583847046,0.014143051579594612,0.25541451573371887,0.5923997163772583,0.016318416222929955,0.2839452922344208,0.5660030245780945,0.009562560357153416,0.2969362139701843,0.5318828821182251,0.0027854947838932276,0.22659383714199066,0.5208346843719482,0.03544596582651138,0.2528521418571472,0.471476286649704,0.021174250170588493,0.2789428234100342,0.4900285005569458,0.004365335684269667,0.29215842485427856,0.5161920785903931,-0.0048141516745090485,0.2140677273273468,0.5130883455276489,0.017532140016555786,0.24725015461444855,0.45260220766067505,0.0006667230627499521,0.27791619300842285,0.47754883766174316,-0.01748194731771946,0.2902696430683136,0.5132398009300232,-0.026355277746915817,0.1999882310628891,0.5102332234382629,-0.002711106790229678,0.23333461582660675,0.45059680938720703,-0.01690877228975296,0.2668379247188568,0.474861204624176,-0.027115104719996452,0.28177183866500854,0.5094431042671204,-0.03023410029709339,0.1882960945367813,0.5149351954460144,-0.022785509005188942,0.22077500820159912,0.4677973985671997,-0.03264070302248001,0.25205063819885254,0.4763747453689575,-0.03661378473043442,0.2718077003955841,0.4975702166557312,-0.03723359480500221,0.0,0.0,0.0,0.0,0.0,0.0,0.0,0.0,0.0,0.0,0.0,0.0,0.0,0.0,0.0,0.0,0.0,0.0,0.0,0.0,0.0,0.0,0.0,0.0,0.0,0.0,0.0,0.0,0.0,0.0,0.0,0.0,0.0,0.0,0.0,0.0,0.0,0.0,0.0,0.0,0.0,0.0,0.0,0.0,0.0,0.0,0.0,0.0,0.0,0.0,0.0,0.0,0.0,0.0,0.0,0.0,0.0,0.0,0.0,0.0,0.0,0.0,0.0,お
0.16784049570560455,0.6669249534606934,4.9174087024539404e-08,0.22056138515472412,0.6315823197364807,0.013422135263681412,0.255857914686203,0.5916802883148193,0.015255486592650414,0.2838823199272156,0.5659327507019043,0.008304456248879433,0.29621952772140503,0.5319878458976746,0.0013748153578490019,0.22706761956214905,0.5173956751823425,0.03452569246292114,0.25361523032188416,0.46799689531326294,0.019605223089456558,0.27921435236930847,0.4884735345840454,0.0023748893290758133,0.2917298972606659,0.516511082649231,-0.006900166627019644,0.2144211381673813,0.5108183026313782,0.016932349652051926,0.24639971554279327,0.4494597315788269,-0.0002888409362640232,0.2771240174770355,0.4756913185119629,-0.018778890371322632,0.28961652517318726,0.5122241973876953,-0.02779744565486908,0.20025303959846497,0.5089175701141357,-0.0030409086029976606,0.23220987617969513,0.44795888662338257,-0.01780264638364315,0.2659352719783783,0.4733505845069885,-0.028294993564486504,0.28088340163230896,0.5085424780845642,-0.03141144663095474,0.18844500184059143,0.5145823359489441,-0.022858139127492905,0.22095522284507751,0.4667571485042572,-0.03314350172877312,0.25229811668395996,0.47573763132095337,-0.03723879158496857,0.2717648148536682,0.49706074595451355,-0.03783225268125534,0.0,0.0,0.0,0.0,0.0,0.0,0.0,0.0,0.0,0.0,0.0,0.0,0.0,0.0,0.0,0.0,0.0,0.0,0.0,0.0,0.0,0.0,0.0,0.0,0.0,0.0,0.0,0.0,0.0,0.0,0.0,0.0,0.0,0.0,0.0,0.0,0.0,0.0,0.0,0.0,0.0,0.0,0.0,0.0,0.0,0.0,0.0,0.0,0.0,0.0,0.0,0.0,0.0,0.0,0.0,0.0,0.0,0.0,0.0,0.0,0.0,0.0,0.0,お
0.1658954620361328,0.6684415936470032,2.216062711113409e-08,0.21978895366191864,0.6320487260818481,0.016012322157621384,0.25507423281669617,0.5919920802116394,0.01885470189154148,0.282959520816803,0.566317617893219,0.012316654436290264,0.2968446612358093,0.5355541110038757,0.005724417977035046,0.22577491402626038,0.5212813019752502,0.03619998320937157,0.25269317626953125,0.4711206257343292,0.02159879356622696,0.27991434931755066,0.49145182967185974,0.004599173087626696,0.29321742057800293,0.5194035172462463,-0.0045889588072896,0.21353180706501007,0.5137487649917603,0.017222935333848,0.24752433598041534,0.4531850218772888,-2.2405349227483384e-05,0.2796114683151245,0.48018133640289307,-0.018011119216680527,0.2920117974281311,0.5172797441482544,-0.02668175846338272,0.19989456236362457,0.5108761787414551,-0.0039676339365541935,0.23358862102031708,0.4500879645347595,-0.018485916778445244,0.26798704266548157,0.47602808475494385,-0.028485985472798347,0.28271806240081787,0.5118736624717712,-0.03137318044900894,0.18854212760925293,0.5151678919792175,-0.024844154715538025,0.2211059033870697,0.467767596244812,-0.03501446172595024,0.2529408633708954,0.47746241092681885,-0.03891662880778313,0.2724871337413788,0.4999063313007355,-0.03942510858178139,0.0,0.0,0.0,0.0,0.0,0.0,0.0,0.0,0.0,0.0,0.0,0.0,0.0,0.0,0.0,0.0,0.0,0.0,0.0,0.0,0.0,0.0,0.0,0.0,0.0,0.0,0.0,0.0,0.0,0.0,0.0,0.0,0.0,0.0,0.0,0.0,0.0,0.0,0.0,0.0,0.0,0.0,0.0,0.0,0.0,0.0,0.0,0.0,0.0,0.0,0.0,0.0,0.0,0.0,0.0,0.0,0.0,0.0,0.0,0.0,0.0,0.0,0.0,お
0.1670863926410675,0.6672804355621338,5.1977075088416314e-08,0.2200031280517578,0.6325419545173645,0.012420779094099998,0.25588181614875793,0.5937545895576477,0.014382239431142807,0.2841253876686096,0.5671871900558472,0.0077362218871712685,0.2970917820930481,0.5322823524475098,0.0012883661547675729,0.22853219509124756,0.5228604674339294,0.03636087477207184,0.2535913586616516,0.4773620069026947,0.022837361320853233,0.27863872051239014,0.49394360184669495,0.006598114036023617,0.29176121950149536,0.5180242657661438,-0.002254042774438858,0.21645620465278625,0.5140953660011292,0.019679781049489975,0.2461412250995636,0.4539446532726288,0.003004675731062889,0.2766345739364624,0.47680458426475525,-0.01470466610044241,0.2905198335647583,0.5118318796157837,-0.02298162505030632,0.2021128088235855,0.5102311968803406,0.0003729619784280658,0.2324478179216385,0.449756383895874,-0.01478879526257515,0.2660171091556549,0.4737147390842438,-0.025120744481682777,0.2822118401527405,0.5087125897407532,-0.02778024785220623,0.1898859739303589,0.5139693021774292,-0.018841782584786415,0.2218133807182312,0.4675479531288147,-0.029771385714411736,0.2530059516429901,0.47680559754371643,-0.03408670052886009,0.2731301188468933,0.4987729787826538,-0.03455524519085884,0.0,0.0,0.0,0.0,0.0,0.0,0.0,0.0,0.0,0.0,0.0,0.0,0.0,0.0,0.0,0.0,0.0,0.0,0.0,0.0,0.0,0.0,0.0,0.0,0.0,0.0,0.0,0.0,0.0,0.0,0.0,0.0,0.0,0.0,0.0,0.0,0.0,0.0,0.0,0.0,0.0,0.0,0.0,0.0,0.0,0.0,0.0,0.0,0.0,0.0,0.0,0.0,0.0,0.0,0.0,0.0,0.0,0.0,0.0,0.0,0.0,0.0,0.0,お
0.1680210828781128,0.667214572429657,4.686892651761809e-08,0.22034992277622223,0.6340476274490356,0.013368828222155571,0.25625112652778625,0.5933172702789307,0.01595386117696762,0.28464940190315247,0.5669834017753601,0.009993345476686954,0.29553377628326416,0.5348589420318604,0.0040588099509477615,0.226652592420578,0.5216557383537292,0.034111883491277695,0.25276416540145874,0.4750232696533203,0.02010868489742279,0.27869632840156555,0.4935157001018524,0.003976690582931042,0.29228413105010986,0.5197873711585999,-0.004731941502541304,0.21443618834018707,0.51348876953125,0.016973601654171944,0.2459355592727661,0.4534708857536316,-0.00011840424122055992,0.2772320508956909,0.47791787981987,-0.017524903640151024,0.2910479009151459,0.5138861536979675,-0.025667250156402588,0.20068547129631042,0.5106140971183777,-0.002524552633985877,0.23312906920909882,0.4499860405921936,-0.01742745377123356,0.2674804925918579,0.4737834334373474,-0.027874473482370377,0.2839495539665222,0.5086634159088135,-0.030927248299121857,0.18946883082389832,0.5152785181999207,-0.021839985623955727,0.2215082198381424,0.46860969066619873,-0.032651327550411224,0.254087895154953,0.47480636835098267,-0.03773549571633339,0.27636414766311646,0.4940541684627533,-0.03905965015292168,0.0,0.0,0.0,0.0,0.0,0.0,0.0,0.0,0.0,0.0,0.0,0.0,0.0,0.0,0.0,0.0,0.0,0.0,0.0,0.0,0.0,0.0,0.0,0.0,0.0,0.0,0.0,0.0,0.0,0.0,0.0,0.0,0.0,0.0,0.0,0.0,0.0,0.0,0.0,0.0,0.0,0.0,0.0,0.0,0.0,0.0,0.0,0.0,0.0,0.0,0.0,0.0,0.0,0.0,0.0,0.0,0.0,0.0,0.0,0.0,0.0,0.0,0.0,お
0.16701474785804749,0.6681297421455383,5.906876765493507e-08,0.21973198652267456,0.6339235305786133,0.012235337868332863,0.2568458616733551,0.5947879552841187,0.013677587732672691,0.28571346402168274,0.5678804516792297,0.0067396447993814945,0.2968827784061432,0.5336241126060486,5.093326763017103e-05,0.22738422453403473,0.5229713320732117,0.033866968005895615,0.25389978289604187,0.4765810966491699,0.020079802721738815,0.2800920903682709,0.49425897002220154,0.003863697871565819,0.2935818135738373,0.518922746181488,-0.005107404198497534,0.21519096195697784,0.5149428844451904,0.017118126153945923,0.24702729284763336,0.45547178387641907,-2.7029714146920014e-06,0.27881303429603577,0.4799219071865082,-0.017637860029935837,0.2925877869129181,0.515652596950531,-0.02598707191646099,0.20139965415000916,0.5116186141967773,-0.0020492570474743843,0.23367193341255188,0.450603187084198,-0.017092425376176834,0.2683025300502777,0.47408854961395264,-0.02733333222568035,0.2846510112285614,0.5084161758422852,-0.030240941792726517,0.19019249081611633,0.5159705281257629,-0.021117504686117172,0.2237732708454132,0.47098201513290405,-0.03197417035698891,0.25577279925346375,0.4799003005027771,-0.03647609427571297,0.2759912610054016,0.501054584980011,-0.03729438781738281,0.0,0.0,0.0,0.0,0.0,0.0,0.0,0.0,0.0,0.0,0.0,0.0,0.0,0.0,0.0,0.0,0.0,0.0,0.0,0.0,0.0,0.0,0.0,0.0,0.0,0.0,0.0,0.0,0.0,0.0,0.0,0.0,0.0,0.0,0.0,0.0,0.0,0.0,0.0,0.0,0.0,0.0,0.0,0.0,0.0,0.0,0.0,0.0,0.0,0.0,0.0,0.0,0.0,0.0,0.0,0.0,0.0,0.0,0.0,0.0,0.0,0.0,0.0,お
0.16766834259033203,0.6678597927093506,6.473999292211374e-08,0.21994267404079437,0.6346306800842285,0.012097230181097984,0.2568902373313904,0.5949862003326416,0.013897032476961613,0.2856130003929138,0.5679327249526978,0.007326853461563587,0.29608964920043945,0.5330162644386292,0.0010376395657658577,0.22715725004673004,0.5227789878845215,0.03431374579668045,0.25295788049697876,0.47475171089172363,0.02064940147101879,0.27905571460723877,0.4928518831729889,0.004617325495928526,0.2932526171207428,0.5181049704551697,-0.0041669742204248905,0.21492040157318115,0.5145589709281921,0.017769722267985344,0.2460707724094391,0.4542568325996399,0.0010753991082310677,0.27770495414733887,0.47864004969596863,-0.016277918592095375,0.29236459732055664,0.5142251253128052,-0.024475008249282837,0.20106974244117737,0.5110816955566406,-0.0012635478051379323,0.2339768260717392,0.4510176479816437,-0.016236748546361923,0.26818665862083435,0.47542428970336914,-0.026278367266058922,0.2845947742462158,0.5101979374885559,-0.028975389897823334,0.1900530755519867,0.5149925351142883,-0.020228352397680283,0.22387456893920898,0.4701665937900543,-0.031079983338713646,0.25582295656204224,0.479646772146225,-0.03543241322040558,0.2763800323009491,0.5012221932411194,-0.036043573170900345,0.0,0.0,0.0,0.0,0.0,0.0,0.0,0.0,0.0,0.0,0.0,0.0,0.0,0.0,0.0,0.0,0.0,0.0,0.0,0.0,0.0,0.0,0.0,0.0,0.0,0.0,0.0,0.0,0.0,0.0,0.0,0.0,0.0,0.0,0.0,0.0,0.0,0.0,0.0,0.0,0.0,0.0,0.0,0.0,0.0,0.0,0.0,0.0,0.0,0.0,0.0,0.0,0.0,0.0,0.0,0.0,0.0,0.0,0.0,0.0,0.0,0.0,0.0,お
0.16732652485370636,0.6666325330734253,4.347018034422945e-08,0.22027647495269775,0.6341534852981567,0.014408642426133156,0.25635895133018494,0.5942120552062988,0.017173102125525475,0.28458359837532043,0.568105936050415,0.011002060025930405,0.2963702976703644,0.5356791019439697,0.004952043294906616,0.22751709818840027,0.5223125219345093,0.03575760871171951,0.25373736023902893,0.47516945004463196,0.022274816408753395,0.27999502420425415,0.49470165371894836,0.006479521282017231,0.2934495806694031,0.5206269025802612,-0.0021621964406222105,0.21565814316272736,0.5137821435928345,0.017863096669316292,0.24749745428562164,0.4536607265472412,0.0011165214236825705,0.27982595562934875,0.4802479147911072,-0.016178155317902565,0.29358282685279846,0.5172029137611389,-0.024260252714157104,0.20214195549488068,0.5102196931838989,-0.0023323961067944765,0.23519279062747955,0.45074546337127686,-0.017353808507323265,0.26995202898979187,0.4771399199962616,-0.027466628700494766,0.2856925129890442,0.5128045678138733,-0.030202915892004967,0.19117069244384766,0.514218270778656,-0.022253189235925674,0.22455407679080963,0.4695047438144684,-0.03317287564277649,0.2567311227321625,0.47973135113716125,-0.03762492910027504,0.2770303785800934,0.501646101474762,-0.03837825730443001,0.0,0.0,0.0,0.0,0.0,0.0,0.0,0.0,0.0,0.0,0.0,0.0,0.0,0.0,0.0,0.0,0.0,0.0,0.0,0.0,0.0,0.0,0.0,0.0,0.0,0.0,0.0,0.0,0.0,0.0,0.0,0.0,0.0,0.0,0.0,0.0,0.0,0.0,0.0,0.0,0.0,0.0,0.0,0.0,0.0,0.0,0.0,0.0,0.0,0.0,0.0,0.0,0.0,0.0,0.0,0.0,0.0,0.0,0.0,0.0,0.0,0.0,0.0,お
0.16780656576156616,0.6679928302764893,4.034013301179584e-08,0.22013498842716217,0.6342436075210571,0.012766408734023571,0.2565644383430481,0.5953178405761719,0.014333651401102543,0.2846835255622864,0.5689824819564819,0.007434747647494078,0.2968961298465729,0.5359393358230591,0.0008305252995342016,0.22853869199752808,0.5222963690757751,0.03345317766070366,0.2558169662952423,0.47652605175971985,0.01894299127161503,0.28116554021835327,0.4968491792678833,0.002458606380969286,0.29343631863594055,0.5237942337989807,-0.006313461810350418,0.2160942107439041,0.5140873193740845,0.016423121094703674,0.2487134486436844,0.4550071954727173,-0.0009509692317806184,0.28004956245422363,0.4811743497848511,-0.01829337887465954,0.2931276857852936,0.5182965397834778,-0.02619442343711853,0.20219330489635468,0.510872483253479,-0.0030032845679670572,0.23494170606136322,0.4501390755176544,-0.018199985846877098,0.26900115609169006,0.47510361671447754,-0.027964774519205093,0.2847405672073364,0.5105201005935669,-0.030329473316669464,0.1907082349061966,0.5153904557228088,-0.022297050803899765,0.22355917096138,0.4697147011756897,-0.03330713510513306,0.2553021013736725,0.4786929488182068,-0.03750362992286682,0.275582492351532,0.5001322627067566,-0.037871070206165314,0.0,0.0,0.0,0.0,0.0,0.0,0.0,0.0,0.0,0.0,0.0,0.0,0.0,0.0,0.0,0.0,0.0,0.0,0.0,0.0,0.0,0.0,0.0,0.0,0.0,0.0,0.0,0.0,0.0,0.0,0.0,0.0,0.0,0.0,0.0,0.0,0.0,0.0,0.0,0.0,0.0,0.0,0.0,0.0,0.0,0.0,0.0,0.0,0.0,0.0,0.0,0.0,0.0,0.0,0.0,0.0,0.0,0.0,0.0,0.0,0.0,0.0,0.0,お
0.1692454218864441,0.6669983863830566,5.8058866159171885e-08,0.22099752724170685,0.6348374485969543,0.011856741271913052,0.25678256154060364,0.5952593088150024,0.013697381131350994,0.285025417804718,0.5675085186958313,0.007327694911509752,0.2954169809818268,0.5331756472587585,0.0012832176871597767,0.22797708213329315,0.5220315456390381,0.03343121334910393,0.2537449598312378,0.47538772225379944,0.019703282043337822,0.2790863513946533,0.49288904666900635,0.003916469402611256,0.29238930344581604,0.5176594853401184,-0.004567374940961599,0.2156990021467209,0.5136740207672119,0.01724644936621189,0.2467927187681198,0.45406344532966614,0.0004068574635311961,0.27770766615867615,0.47833359241485596,-0.016400201246142387,0.2915119230747223,0.5138342976570129,-0.024030959233641624,0.2019410878419876,0.5103037357330322,-0.0014264938654378057,0.234317809343338,0.4503721296787262,-0.01655259169638157,0.2681643068790436,0.4744625389575958,-0.02635488100349903,0.2842417359352112,0.5092640519142151,-0.028705699369311333,0.19059887528419495,0.5144308805465698,-0.020002348348498344,0.2238597869873047,0.4694713354110718,-0.03097282350063324,0.25580742955207825,0.4774683713912964,-0.03543702885508537,0.27673017978668213,0.49765655398368835,-0.03601957485079765,0.0,0.0,0.0,0.0,0.0,0.0,0.0,0.0,0.0,0.0,0.0,0.0,0.0,0.0,0.0,0.0,0.0,0.0,0.0,0.0,0.0,0.0,0.0,0.0,0.0,0.0,0.0,0.0,0.0,0.0,0.0,0.0,0.0,0.0,0.0,0.0,0.0,0.0,0.0,0.0,0.0,0.0,0.0,0.0,0.0,0.0,0.0,0.0,0.0,0.0,0.0,0.0,0.0,0.0,0.0,0.0,0.0,0.0,0.0,0.0,0.0,0.0,0.0,お
0.16959017515182495,0.6665350794792175,7.240923594054038e-08,0.22125092148780823,0.633981466293335,0.011139250360429287,0.25733619928359985,0.5951933860778809,0.01253499835729599,0.28548720479011536,0.5681419968605042,0.005864246282726526,0.2951541841030121,0.533570408821106,-0.0004434545699041337,0.22758547961711884,0.5204538106918335,0.03261346369981766,0.25236815214157104,0.47218605875968933,0.018413858488202095,0.27815955877304077,0.48969048261642456,0.002234487794339657,0.2924599051475525,0.5147073864936829,-0.0066001941449940205,0.21498584747314453,0.5128380656242371,0.016597243025898933,0.24551688134670258,0.4530629813671112,-0.0007266354514285922,0.2770996689796448,0.47675490379333496,-0.018142856657505035,0.2921859622001648,0.5117824077606201,-0.026286082342267036,0.2010347545146942,0.5099733471870422,-0.0019390406087040901,0.2334621697664261,0.45179930329322815,-0.01728423684835434,0.26750829815864563,0.4751386344432831,-0.02734079584479332,0.2843898832798004,0.5090237855911255,-0.029943428933620453,0.1896132528781891,0.5145553350448608,-0.02049725502729416,0.22269223630428314,0.47115111351013184,-0.031454164534807205,0.25424686074256897,0.47814664244651794,-0.03605209290981293,0.2753642201423645,0.4968990683555603,-0.036805409938097,0.0,0.0,0.0,0.0,0.0,0.0,0.0,0.0,0.0,0.0,0.0,0.0,0.0,0.0,0.0,0.0,0.0,0.0,0.0,0.0,0.0,0.0,0.0,0.0,0.0,0.0,0.0,0.0,0.0,0.0,0.0,0.0,0.0,0.0,0.0,0.0,0.0,0.0,0.0,0.0,0.0,0.0,0.0,0.0,0.0,0.0,0.0,0.0,0.0,0.0,0.0,0.0,0.0,0.0,0.0,0.0,0.0,0.0,0.0,0.0,0.0,0.0,0.0,お
0.16766446828842163,0.6673490405082703,7.39068539701293e-08,0.2195330262184143,0.6345021724700928,0.011822973378002644,0.25625699758529663,0.5955417156219482,0.013756036758422852,0.2846215069293976,0.5682913661003113,0.007437608204782009,0.2948666214942932,0.5335477590560913,0.001488463836722076,0.22694861888885498,0.52044278383255,0.03527238965034485,0.2521313726902008,0.47441738843917847,0.02194269746541977,0.2780027985572815,0.49099835753440857,0.005949948914349079,0.2923314571380615,0.515091061592102,-0.0028544804081320763,0.21467140316963196,0.5123282074928284,0.01904969848692417,0.24577824771404266,0.45436733961105347,0.002273835940286517,0.27738073468208313,0.4777144193649292,-0.01526777632534504,0.292146772146225,0.5130103230476379,-0.023430319502949715,0.200951486825943,0.5088093876838684,0.00027050101198256016,0.23370689153671265,0.45194369554519653,-0.0144283976405859,0.26780596375465393,0.4751671552658081,-0.024517415091395378,0.28460729122161865,0.5091197490692139,-0.027152981609106064,0.18961969017982483,0.5127342343330383,-0.018541984260082245,0.22224876284599304,0.4696013927459717,-0.02893608622252941,0.2536970376968384,0.4765109419822693,-0.03336285799741745,0.27497047185897827,0.4952850639820099,-0.03398189693689346,0.0,0.0,0.0,0.0,0.0,0.0,0.0,0.0,0.0,0.0,0.0,0.0,0.0,0.0,0.0,0.0,0.0,0.0,0.0,0.0,0.0,0.0,0.0,0.0,0.0,0.0,0.0,0.0,0.0,0.0,0.0,0.0,0.0,0.0,0.0,0.0,0.0,0.0,0.0,0.0,0.0,0.0,0.0,0.0,0.0,0.0,0.0,0.0,0.0,0.0,0.0,0.0,0.0,0.0,0.0,0.0,0.0,0.0,0.0,0.0,0.0,0.0,0.0,お
0.16832686960697174,0.6664249300956726,7.399994927936859e-08,0.2189074605703354,0.6349377632141113,0.010590891353785992,0.25639498233795166,0.5953285098075867,0.011726545169949532,0.285420686006546,0.567908525466919,0.005111809819936752,0.29465168714523315,0.5332048535346985,-0.001021596253849566,0.2266044318675995,0.5194460153579712,0.031811077147722244,0.25374794006347656,0.47509080171585083,0.017757846042513847,0.279349148273468,0.49267297983169556,0.0018279015785083175,0.2930634021759033,0.5169702172279358,-0.006791688967496157,0.21397314965724945,0.5110183954238892,0.0161871500313282,0.24628354609012604,0.4532875418663025,-0.0009232551092281938,0.27782732248306274,0.4775577783584595,-0.01771944761276245,0.2925833761692047,0.5126494765281677,-0.025329748168587685,0.2001381516456604,0.5081572532653809,-0.001927832025103271,0.23336294293403625,0.4498532712459564,-0.017301347106695175,0.2674778699874878,0.47401857376098633,-0.02675861306488514,0.28437909483909607,0.5077810287475586,-0.028874598443508148,0.18892702460289001,0.5132420659065247,-0.02006985992193222,0.22243063151836395,0.4693700671195984,-0.031150255352258682,0.2540552616119385,0.4762252867221832,-0.03544363006949425,0.27536818385124207,0.4940923750400543,-0.03588934987783432,0.0,0.0,0.0,0.0,0.0,0.0,0.0,0.0,0.0,0.0,0.0,0.0,0.0,0.0,0.0,0.0,0.0,0.0,0.0,0.0,0.0,0.0,0.0,0.0,0.0,0.0,0.0,0.0,0.0,0.0,0.0,0.0,0.0,0.0,0.0,0.0,0.0,0.0,0.0,0.0,0.0,0.0,0.0,0.0,0.0,0.0,0.0,0.0,0.0,0.0,0.0,0.0,0.0,0.0,0.0,0.0,0.0,0.0,0.0,0.0,0.0,0.0,0.0,お
0.16826507449150085,0.665082573890686,6.597245771899907e-08,0.21904447674751282,0.6338830590248108,0.009991930797696114,0.2565976679325104,0.5948404669761658,0.010992620140314102,0.2852863073348999,0.567910373210907,0.004228964447975159,0.29457664489746094,0.5331735610961914,-0.002075845841318369,0.22824840247631073,0.5192435383796692,0.031678084284067154,0.2546437680721283,0.4733235836029053,0.017199568450450897,0.28021031618118286,0.49121782183647156,0.0009032852831296623,0.29380056262016296,0.5161575675010681,-0.007854470983147621,0.2155705690383911,0.5110090374946594,0.016309266909956932,0.24706333875656128,0.45292532444000244,-0.0012626026291400194,0.2780773341655731,0.4775369167327881,-0.018625814467668533,0.29233041405677795,0.5125701427459717,-0.02651781216263771,0.2014780044555664,0.5077729821205139,-0.0016390165546908975,0.23414267599582672,0.4505327343940735,-0.017232563346624374,0.26793795824050903,0.4749014675617218,-0.027096500620245934,0.28446632623672485,0.5086830258369446,-0.029396148398518562,0.18981578946113586,0.5121855139732361,-0.019701585173606873,0.22243736684322357,0.4685900807380676,-0.030714040622115135,0.25374293327331543,0.475755512714386,-0.035129182040691376,0.27478715777397156,0.4937746524810791,-0.035654183477163315,0.0,0.0,0.0,0.0,0.0,0.0,0.0,0.0,0.0,0.0,0.0,0.0,0.0,0.0,0.0,0.0,0.0,0.0,0.0,0.0,0.0,0.0,0.0,0.0,0.0,0.0,0.0,0.0,0.0,0.0,0.0,0.0,0.0,0.0,0.0,0.0,0.0,0.0,0.0,0.0,0.0,0.0,0.0,0.0,0.0,0.0,0.0,0.0,0.0,0.0,0.0,0.0,0.0,0.0,0.0,0.0,0.0,0.0,0.0,0.0,0.0,0.0,0.0,お
0.16845087707042694,0.6651731729507446,1.017239696921024e-07,0.21993423998355865,0.6332917809486389,0.010762237012386322,0.2569413185119629,0.5938777327537537,0.012170207686722279,0.28568336367607117,0.5667721629142761,0.005534803960472345,0.29524239897727966,0.5316988825798035,-0.0007875807350501418,0.22549186646938324,0.5201385021209717,0.03339652717113495,0.2513792812824249,0.47275736927986145,0.01962767355144024,0.278484046459198,0.4868544340133667,0.0035297474823892117,0.2943804860115051,0.5094162225723267,-0.005414592567831278,0.21337763965129852,0.5125932097434998,0.017468243837356567,0.24514108896255493,0.45276394486427307,-0.0006010802462697029,0.2778225839138031,0.4755464196205139,-0.01876770332455635,0.2941617965698242,0.5104429721832275,-0.02710122987627983,0.200045645236969,0.5094883441925049,-0.0009679261711426079,0.23349252343177795,0.45084133744239807,-0.01708066090941429,0.2685629725456238,0.47381240129470825,-0.027785412967205048,0.2862767279148102,0.5073173642158508,-0.0305336806923151,0.18944112956523895,0.5133654475212097,-0.019401835277676582,0.2237064689397812,0.46997857093811035,-0.030646223574876785,0.25561559200286865,0.4766545295715332,-0.035431358963251114,0.27696508169174194,0.4944087862968445,-0.03625082969665527,0.0,0.0,0.0,0.0,0.0,0.0,0.0,0.0,0.0,0.0,0.0,0.0,0.0,0.0,0.0,0.0,0.0,0.0,0.0,0.0,0.0,0.0,0.0,0.0,0.0,0.0,0.0,0.0,0.0,0.0,0.0,0.0,0.0,0.0,0.0,0.0,0.0,0.0,0.0,0.0,0.0,0.0,0.0,0.0,0.0,0.0,0.0,0.0,0.0,0.0,0.0,0.0,0.0,0.0,0.0,0.0,0.0,0.0,0.0,0.0,0.0,0.0,0.0,お
0.1679602861404419,0.6650341153144836,1.1538873678773598e-07,0.22027039527893066,0.6328482627868652,0.011380898766219616,0.2573910355567932,0.5935108661651611,0.012677502818405628,0.2854629158973694,0.5660973787307739,0.00590882170945406,0.29474321007728577,0.5296985507011414,-0.0005746286478824914,0.22555845975875854,0.5182747840881348,0.032825250178575516,0.25290289521217346,0.47162848711013794,0.01954152248799801,0.280121386051178,0.48735350370407104,0.0037047925870865583,0.29608821868896484,0.5098611116409302,-0.005363968200981617,0.21248996257781982,0.5105260014533997,0.016654348000884056,0.24574202299118042,0.4515535831451416,-0.00025802504387684166,0.2786528170108795,0.4744032621383667,-0.018106501549482346,0.29531553387641907,0.5080803632736206,-0.02679714374244213,0.19882574677467346,0.507901132106781,-0.001825227402150631,0.2334659993648529,0.4496959447860718,-0.016840914264321327,0.26938992738723755,0.4724171757698059,-0.027283240109682083,0.288143128156662,0.5051170587539673,-0.03050089254975319,0.18855048716068268,0.5133156776428223,-0.020238758996129036,0.22414782643318176,0.47144097089767456,-0.03123035654425621,0.2569981515407562,0.4788505434989929,-0.036077119410037994,0.27946117520332336,0.49691590666770935,-0.037196896970272064,0.0,0.0,0.0,0.0,0.0,0.0,0.0,0.0,0.0,0.0,0.0,0.0,0.0,0.0,0.0,0.0,0.0,0.0,0.0,0.0,0.0,0.0,0.0,0.0,0.0,0.0,0.0,0.0,0.0,0.0,0.0,0.0,0.0,0.0,0.0,0.0,0.0,0.0,0.0,0.0,0.0,0.0,0.0,0.0,0.0,0.0,0.0,0.0,0.0,0.0,0.0,0.0,0.0,0.0,0.0,0.0,0.0,0.0,0.0,0.0,0.0,0.0,0.0,お
0.16958804428577423,0.666388213634491,8.461810807602888e-08,0.22103959321975708,0.633968710899353,0.010453558526933193,0.2581229507923126,0.5939278602600098,0.010824335739016533,0.2866077423095703,0.5666776299476624,0.0032797709573060274,0.294047087430954,0.531266987323761,-0.004058574791997671,0.2261204570531845,0.5195315480232239,0.029308302327990532,0.2531866431236267,0.46990013122558594,0.014672714285552502,0.2807827889919281,0.4880155026912689,-0.001801821286790073,0.2960434556007385,0.5123639702796936,-0.011035364121198654,0.21368803083896637,0.5132662653923035,0.013187117874622345,0.2470918744802475,0.45380526781082153,-0.004944413900375366,0.28044748306274414,0.4790940582752228,-0.023046236485242844,0.29599806666374207,0.5142095685005188,-0.031778693199157715,0.20050355792045593,0.5117818117141724,-0.005171527154743671,0.23441073298454285,0.45106273889541626,-0.020251618698239326,0.27072277665138245,0.47349733114242554,-0.030504129827022552,0.2889385223388672,0.5063308477401733,-0.033645544201135635,0.19022342562675476,0.5181098580360413,-0.023595822975039482,0.22392724454402924,0.4723099172115326,-0.03422398492693901,0.2566015422344208,0.4784884452819824,-0.03882896900177002,0.27816319465637207,0.4969664216041565,-0.03990374878048897,0.0,0.0,0.0,0.0,0.0,0.0,0.0,0.0,0.0,0.0,0.0,0.0,0.0,0.0,0.0,0.0,0.0,0.0,0.0,0.0,0.0,0.0,0.0,0.0,0.0,0.0,0.0,0.0,0.0,0.0,0.0,0.0,0.0,0.0,0.0,0.0,0.0,0.0,0.0,0.0,0.0,0.0,0.0,0.0,0.0,0.0,0.0,0.0,0.0,0.0,0.0,0.0,0.0,0.0,0.0,0.0,0.0,0.0,0.0,0.0,0.0,0.0,0.0,お
0.16766667366027832,0.6650447845458984,1.0858281029868522e-07,0.22010694444179535,0.6327828168869019,0.013105499558150768,0.25748059153556824,0.5927316546440125,0.015382185578346252,0.28555750846862793,0.5648981928825378,0.009150052443146706,0.2942124009132385,0.528213381767273,0.0032543379347771406,0.22522975504398346,0.51655113697052,0.03732980415225029,0.2523866593837738,0.4683128297328949,0.0253963153809309,0.28042876720428467,0.483201265335083,0.009852212853729725,0.29624831676483154,0.5065555572509766,0.0009319683886133134,0.21293523907661438,0.5091615915298462,0.02036711759865284,0.24641747772693634,0.45105257630348206,0.004769883584231138,0.27983519434928894,0.4741189181804657,-0.012851026840507984,0.2952968180179596,0.5095641613006592,-0.0214769896119833,0.200099378824234,0.5062394142150879,0.001049450016580522,0.2354975789785385,0.44853973388671875,-0.012318273074924946,0.27161914110183716,0.4709606170654297,-0.022168654948472977,0.2889198958873749,0.5044386386871338,-0.025231238454580307,0.1908077895641327,0.5108713507652283,-0.018229618668556213,0.22656765580177307,0.4681103229522705,-0.027675669640302658,0.2590399980545044,0.4769999384880066,-0.031405847519636154,0.27974534034729004,0.497545063495636,-0.031855106353759766,0.0,0.0,0.0,0.0,0.0,0.0,0.0,0.0,0.0,0.0,0.0,0.0,0.0,0.0,0.0,0.0,0.0,0.0,0.0,0.0,0.0,0.0,0.0,0.0,0.0,0.0,0.0,0.0,0.0,0.0,0.0,0.0,0.0,0.0,0.0,0.0,0.0,0.0,0.0,0.0,0.0,0.0,0.0,0.0,0.0,0.0,0.0,0.0,0.0,0.0,0.0,0.0,0.0,0.0,0.0,0.0,0.0,0.0,0.0,0.0,0.0,0.0,0.0,お
0.1675291806459427,0.6675629615783691,1.0533356942232786e-07,0.21948418021202087,0.6344307065010071,0.011794952675700188,0.25741371512413025,0.5932695865631104,0.013308586552739143,0.28597143292427063,0.5648744106292725,0.006555541418492794,0.2948421239852905,0.5263363122940063,0.00011840533261420205,0.22475801408290863,0.5181334018707275,0.03535408899188042,0.2517837882041931,0.4689438045024872,0.02246744930744171,0.28022024035453796,0.483717679977417,0.006269206292927265,0.2966096103191376,0.5068945288658142,-0.0029906160198152065,0.21278703212738037,0.5111801028251648,0.01878020353615284,0.24634990096092224,0.4522264897823334,0.0023992157075554132,0.2798333764076233,0.4745706617832184,-0.015864882618188858,0.2958098351955414,0.509257435798645,-0.024891430512070656,0.19991952180862427,0.5087975263595581,-0.00019456374866422266,0.23474571108818054,0.44948187470436096,-0.013917332515120506,0.2709912061691284,0.47059163451194763,-0.024114705622196198,0.28900250792503357,0.5031088590621948,-0.02742765285074711,0.19038806855678558,0.5141551494598389,-0.01922810636460781,0.22570624947547913,0.4699166715145111,-0.028745539486408234,0.25857922434806824,0.4768085181713104,-0.03262411057949066,0.28005146980285645,0.4957144856452942,-0.033227384090423584,0.0,0.0,0.0,0.0,0.0,0.0,0.0,0.0,0.0,0.0,0.0,0.0,0.0,0.0,0.0,0.0,0.0,0.0,0.0,0.0,0.0,0.0,0.0,0.0,0.0,0.0,0.0,0.0,0.0,0.0,0.0,0.0,0.0,0.0,0.0,0.0,0.0,0.0,0.0,0.0,0.0,0.0,0.0,0.0,0.0,0.0,0.0,0.0,0.0,0.0,0.0,0.0,0.0,0.0,0.0,0.0,0.0,0.0,0.0,0.0,0.0,0.0,0.0,お
0.1686021238565445,0.6684878468513489,8.320290589836077e-08,0.22059768438339233,0.6359893083572388,0.013611799106001854,0.2572749853134155,0.5942427515983582,0.016469167545437813,0.285258948802948,0.5666678547859192,0.010791190899908543,0.29484495520591736,0.5314940810203552,0.005394480656832457,0.22582103312015533,0.5195000767707825,0.035576898604631424,0.2519666254520416,0.46927475929260254,0.022883033379912376,0.28006088733673096,0.48488688468933105,0.007390392478555441,0.29633840918540955,0.5095336437225342,-0.0012417155085131526,0.21366508305072784,0.5131051540374756,0.01831810548901558,0.2461288869380951,0.4533379077911377,0.0021022947039455175,0.27986767888069153,0.4762476980686188,-0.015243674628436565,0.2960956394672394,0.5112741589546204,-0.02353091910481453,0.2006729543209076,0.5113813281059265,-0.0012213645968586206,0.2352292835712433,0.4523298740386963,-0.015734484419226646,0.27144378423690796,0.474811315536499,-0.0260077603161335,0.28893011808395386,0.5081716179847717,-0.02905852347612381,0.19101648032665253,0.5167372226715088,-0.020549513399600983,0.22636106610298157,0.4722954034805298,-0.03108462505042553,0.2593584358692169,0.48038095235824585,-0.035391028970479965,0.2805837392807007,0.5002217292785645,-0.03607712313532829,0.0,0.0,0.0,0.0,0.0,0.0,0.0,0.0,0.0,0.0,0.0,0.0,0.0,0.0,0.0,0.0,0.0,0.0,0.0,0.0,0.0,0.0,0.0,0.0,0.0,0.0,0.0,0.0,0.0,0.0,0.0,0.0,0.0,0.0,0.0,0.0,0.0,0.0,0.0,0.0,0.0,0.0,0.0,0.0,0.0,0.0,0.0,0.0,0.0,0.0,0.0,0.0,0.0,0.0,0.0,0.0,0.0,0.0,0.0,0.0,0.0,0.0,0.0,お
0.1682923436164856,0.6679242849349976,5.8577803940806916e-08,0.22011646628379822,0.6362455487251282,0.013288917951285839,0.25687429308891296,0.5941522121429443,0.015815410763025284,0.28513103723526,0.5665802359580994,0.009889691136777401,0.2948664724826813,0.5328622460365295,0.00420520082116127,0.22617259621620178,0.5191596150398254,0.03388233482837677,0.25356101989746094,0.46998095512390137,0.020080270245671272,0.2810206115245819,0.4873894453048706,0.0041566756553947926,0.2955177128314972,0.5134604573249817,-0.004421359859406948,0.21388059854507446,0.5124911665916443,0.01673896610736847,0.24765074253082275,0.45307254791259766,-0.0002840250381268561,0.2808115780353546,0.4781590402126312,-0.01746220514178276,0.2954304814338684,0.5143134593963623,-0.025355512276291847,0.20087099075317383,0.5108898878097534,-0.002675214083865285,0.23573212325572968,0.4515835642814636,-0.017608260735869408,0.2716466784477234,0.4753968119621277,-0.02743082121014595,0.28837519884109497,0.5093781352043152,-0.029938381165266037,0.19084002077579498,0.5164900422096252,-0.021905237808823586,0.22549575567245483,0.47060099244117737,-0.032522089779376984,0.2582685649394989,0.47829949855804443,-0.03660636395215988,0.2792234718799591,0.4978060722351074,-0.037055354565382004,0.0,0.0,0.0,0.0,0.0,0.0,0.0,0.0,0.0,0.0,0.0,0.0,0.0,0.0,0.0,0.0,0.0,0.0,0.0,0.0,0.0,0.0,0.0,0.0,0.0,0.0,0.0,0.0,0.0,0.0,0.0,0.0,0.0,0.0,0.0,0.0,0.0,0.0,0.0,0.0,0.0,0.0,0.0,0.0,0.0,0.0,0.0,0.0,0.0,0.0,0.0,0.0,0.0,0.0,0.0,0.0,0.0,0.0,0.0,0.0,0.0,0.0,0.0,お
0.16858898103237152,0.6675921082496643,8.047695843060865e-08,0.22116301953792572,0.63399738073349,0.013663928024470806,0.2576567530632019,0.593333899974823,0.016067292541265488,0.28554731607437134,0.5663138031959534,0.009805254638195038,0.29525265097618103,0.5304660201072693,0.0037739849649369717,0.2257123589515686,0.5173696279525757,0.0363047756254673,0.2528891861438751,0.46952390670776367,0.02346549555659294,0.28037017583847046,0.4874365031719208,0.0074957325123250484,0.29546377062797546,0.5125211477279663,-0.0015863750595599413,0.21337367594242096,0.5104832649230957,0.018808450549840927,0.24715931713581085,0.45287400484085083,0.002462252276018262,0.280171275138855,0.47804728150367737,-0.015430960804224014,0.2952468693256378,0.5136280059814453,-0.024191586300730705,0.20035213232040405,0.5085394978523254,-0.000978200463578105,0.23558567464351654,0.4504816234111786,-0.015152291394770145,0.2714678645133972,0.47433173656463623,-0.02524135634303093,0.2886628210544586,0.50784832239151,-0.028326410800218582,0.19071921706199646,0.5145342350006104,-0.020613398402929306,0.22590439021587372,0.4704207181930542,-0.030769962817430496,0.25857463479042053,0.47857391834259033,-0.03481439873576164,0.27958858013153076,0.49814024567604065,-0.035449955612421036,0.0,0.0,0.0,0.0,0.0,0.0,0.0,0.0,0.0,0.0,0.0,0.0,0.0,0.0,0.0,0.0,0.0,0.0,0.0,0.0,0.0,0.0,0.0,0.0,0.0,0.0,0.0,0.0,0.0,0.0,0.0,0.0,0.0,0.0,0.0,0.0,0.0,0.0,0.0,0.0,0.0,0.0,0.0,0.0,0.0,0.0,0.0,0.0,0.0,0.0,0.0,0.0,0.0,0.0,0.0,0.0,0.0,0.0,0.0,0.0,0.0,0.0,0.0,お
0.16701476275920868,0.6688278913497925,8.728196831953028e-08,0.21989800035953522,0.6353880763053894,0.01418227143585682,0.25713983178138733,0.5942104458808899,0.016809901222586632,0.2854050397872925,0.5671917796134949,0.010691294446587563,0.2955346703529358,0.5312997698783875,0.004847102332860231,0.22497452795505524,0.5179877281188965,0.03756645321846008,0.25170618295669556,0.469748854637146,0.02541343867778778,0.2796081304550171,0.4861002564430237,0.009747430682182312,0.2952941358089447,0.5106552243232727,0.0008709251997061074,0.2126939743757248,0.5111286640167236,0.019923143088817596,0.24647344648838043,0.4532979428768158,0.004328994546085596,0.27987977862358093,0.4770050346851349,-0.013361455872654915,0.29517683386802673,0.5128105282783508,-0.022006668150424957,0.19993498921394348,0.5093053579330444,2.5763440135051496e-05,0.23547981679439545,0.4516317546367645,-0.013119888491928577,0.2715073227882385,0.47403573989868164,-0.022934626787900925,0.2886282503604889,0.507299542427063,-0.02597147971391678,0.19084113836288452,0.5155438780784607,-0.01973327249288559,0.22602736949920654,0.47095662355422974,-0.02874753437936306,0.25868067145347595,0.477821409702301,-0.03228507190942764,0.2797176241874695,0.4967958629131317,-0.032655019313097,0.0,0.0,0.0,0.0,0.0,0.0,0.0,0.0,0.0,0.0,0.0,0.0,0.0,0.0,0.0,0.0,0.0,0.0,0.0,0.0,0.0,0.0,0.0,0.0,0.0,0.0,0.0,0.0,0.0,0.0,0.0,0.0,0.0,0.0,0.0,0.0,0.0,0.0,0.0,0.0,0.0,0.0,0.0,0.0,0.0,0.0,0.0,0.0,0.0,0.0,0.0,0.0,0.0,0.0,0.0,0.0,0.0,0.0,0.0,0.0,0.0,0.0,0.0,お
0.16850127279758453,0.6668370366096497,7.433747128970936e-08,0.2204408496618271,0.6329568028450012,0.01219742652028799,0.25701385736465454,0.5920901298522949,0.013645896688103676,0.28503501415252686,0.5648243427276611,0.006663071922957897,0.2953909635543823,0.5298424959182739,-0.00016007614613045007,0.22536370158195496,0.5177085995674133,0.03267151489853859,0.25368279218673706,0.46780872344970703,0.01756809465587139,0.28178876638412476,0.4864059090614319,0.00056276103714481,0.2967158854007721,0.5134778618812561,-0.008658532984554768,0.21314676105976105,0.5112389326095581,0.015623793005943298,0.2479156106710434,0.45175793766975403,-0.0024165818467736244,0.28104332089424133,0.4780313968658447,-0.020681213587522507,0.29556840658187866,0.5146594047546387,-0.02940037101507187,0.19999481737613678,0.5096698999404907,-0.0038174001965671778,0.2354648858308792,0.45036911964416504,-0.019062591716647148,0.27115410566329956,0.47444480657577515,-0.02934405952692032,0.28794926404953003,0.5089499354362488,-0.03228413313627243,0.18929806351661682,0.5155193209648132,-0.023210052400827408,0.22349394857883453,0.470291405916214,-0.03380880877375603,0.2563370168209076,0.47706151008605957,-0.03818029165267944,0.2776183784008026,0.4960767328739166,-0.038970205932855606,0.0,0.0,0.0,0.0,0.0,0.0,0.0,0.0,0.0,0.0,0.0,0.0,0.0,0.0,0.0,0.0,0.0,0.0,0.0,0.0,0.0,0.0,0.0,0.0,0.0,0.0,0.0,0.0,0.0,0.0,0.0,0.0,0.0,0.0,0.0,0.0,0.0,0.0,0.0,0.0,0.0,0.0,0.0,0.0,0.0,0.0,0.0,0.0,0.0,0.0,0.0,0.0,0.0,0.0,0.0,0.0,0.0,0.0,0.0,0.0,0.0,0.0,0.0,お
0.16820281744003296,0.6667382717132568,7.275542657225742e-08,0.22030191123485565,0.6343550682067871,0.012616118416190147,0.25723356008529663,0.5931328535079956,0.014700274914503098,0.2851644456386566,0.565995454788208,0.008458061143755913,0.29447075724601746,0.5314792394638062,0.0023864873219281435,0.2260659784078598,0.5177793502807617,0.03281465917825699,0.2535606920719147,0.46836650371551514,0.018769776448607445,0.2811770737171173,0.4861166179180145,0.0026452892925590277,0.29649534821510315,0.5115430355072021,-0.006241726689040661,0.21332891285419464,0.5114315748214722,0.015988178551197052,0.2473304271697998,0.45274102687835693,-0.0010845662327483296,0.2800455093383789,0.47799408435821533,-0.018561964854598045,0.295322984457016,0.5133799314498901,-0.02691168710589409,0.20007595419883728,0.5102369785308838,-0.0031004538759589195,0.23509036004543304,0.4515325427055359,-0.017662039026618004,0.2709265947341919,0.47462594509124756,-0.027454905211925507,0.2886331081390381,0.508131206035614,-0.03024398908019066,0.1899997889995575,0.5164002776145935,-0.022108210250735283,0.22447293996810913,0.47140389680862427,-0.032363735139369965,0.257282555103302,0.4783930778503418,-0.036474838852882385,0.27900537848472595,0.49720630049705505,-0.03713493421673775,0.0,0.0,0.0,0.0,0.0,0.0,0.0,0.0,0.0,0.0,0.0,0.0,0.0,0.0,0.0,0.0,0.0,0.0,0.0,0.0,0.0,0.0,0.0,0.0,0.0,0.0,0.0,0.0,0.0,0.0,0.0,0.0,0.0,0.0,0.0,0.0,0.0,0.0,0.0,0.0,0.0,0.0,0.0,0.0,0.0,0.0,0.0,0.0,0.0,0.0,0.0,0.0,0.0,0.0,0.0,0.0,0.0,0.0,0.0,0.0,0.0,0.0,0.0,お
0.16799424588680267,0.6674613356590271,8.186115962871554e-08,0.22016721963882446,0.6344100832939148,0.012677262537181377,0.2572730481624603,0.593437671661377,0.014620868489146233,0.2857084274291992,0.5658776164054871,0.008124739862978458,0.2951362133026123,0.5293745994567871,0.00190483289770782,0.22541016340255737,0.5173520445823669,0.035083647817373276,0.2530530095100403,0.4692349135875702,0.021378161385655403,0.28088968992233276,0.4867745637893677,0.004817107692360878,0.29593223333358765,0.5122330188751221,-0.004441196098923683,0.21293796598911285,0.5103758573532104,0.01810847595334053,0.2474410980939865,0.4528961777687073,0.0012390881311148405,0.2803918123245239,0.477762371301651,-0.016801433637738228,0.29527032375335693,0.5132622122764587,-0.02557394653558731,0.1998063027858734,0.5083622336387634,-0.0012585582444444299,0.23571254312992096,0.4507576823234558,-0.015623257495462894,0.27138540148735046,0.47388747334480286,-0.025679655373096466,0.2884264588356018,0.507318377494812,-0.02869676612317562,0.18989700078964233,0.5142797827720642,-0.020583227276802063,0.22556674480438232,0.470849871635437,-0.030705830082297325,0.2583649456501007,0.4783223569393158,-0.034819573163986206,0.2796436548233032,0.49732089042663574,-0.03548410162329674,0.0,0.0,0.0,0.0,0.0,0.0,0.0,0.0,0.0,0.0,0.0,0.0,0.0,0.0,0.0,0.0,0.0,0.0,0.0,0.0,0.0,0.0,0.0,0.0,0.0,0.0,0.0,0.0,0.0,0.0,0.0,0.0,0.0,0.0,0.0,0.0,0.0,0.0,0.0,0.0,0.0,0.0,0.0,0.0,0.0,0.0,0.0,0.0,0.0,0.0,0.0,0.0,0.0,0.0,0.0,0.0,0.0,0.0,0.0,0.0,0.0,0.0,0.0,お
0.16685932874679565,0.6656128168106079,7.076716457277143e-08,0.21998701989650726,0.6330689191818237,0.014062303118407726,0.25709447264671326,0.5922558307647705,0.016530508175492287,0.2854437828063965,0.5655718445777893,0.01012533437460661,0.29466453194618225,0.5306401252746582,0.003873213892802596,0.22582069039344788,0.5160444974899292,0.03627702221274376,0.254178911447525,0.46735313534736633,0.02228747308254242,0.28193843364715576,0.485983282327652,0.005537472199648619,0.2964261472225189,0.5129451751708984,-0.0036931571085006,0.2134491354227066,0.5093905329704285,0.018307968974113464,0.24788281321525574,0.45091578364372253,0.0010385675122961402,0.2811020612716675,0.477117121219635,-0.01740756630897522,0.29561513662338257,0.5141488313674927,-0.02625119686126709,0.20032407343387604,0.5075812339782715,-0.001983477035537362,0.2358240932226181,0.44916099309921265,-0.016698122024536133,0.2717760503292084,0.4738521873950958,-0.02708074450492859,0.2882649302482605,0.5083442330360413,-0.030126793310046196,0.190328449010849,0.5132837891578674,-0.02211582660675049,0.22527822852134705,0.468565434217453,-0.03239556774497032,0.25798287987709045,0.4772871434688568,-0.03645849972963333,0.278687447309494,0.49774283170700073,-0.03700834512710571,0.0,0.0,0.0,0.0,0.0,0.0,0.0,0.0,0.0,0.0,0.0,0.0,0.0,0.0,0.0,0.0,0.0,0.0,0.0,0.0,0.0,0.0,0.0,0.0,0.0,0.0,0.0,0.0,0.0,0.0,0.0,0.0,0.0,0.0,0.0,0.0,0.0,0.0,0.0,0.0,0.0,0.0,0.0,0.0,0.0,0.0,0.0,0.0,0.0,0.0,0.0,0.0,0.0,0.0,0.0,0.0,0.0,0.0,0.0,0.0,0.0,0.0,0.0,お
0.16520868241786957,0.6663758754730225,8.490849268127931e-08,0.21864767372608185,0.6337997317314148,0.013852630741894245,0.2563084065914154,0.5932830572128296,0.01629936508834362,0.285124272108078,0.5663904547691345,0.01007771771401167,0.29478976130485535,0.5300589203834534,0.004091873299330473,0.22458644211292267,0.5177469253540039,0.0369478277862072,0.2533266544342041,0.47001931071281433,0.0242694690823555,0.2813500463962555,0.48712071776390076,0.008084979839622974,0.2965504229068756,0.5114145874977112,-0.0011892090551555157,0.21205206215381622,0.5104135274887085,0.019403571262955666,0.24753053486347198,0.4528711438179016,0.0034269688185304403,0.2807210683822632,0.47760748863220215,-0.014770539477467537,0.2955714166164398,0.512645423412323,-0.02389398217201233,0.199063241481781,0.5080487132072449,-0.0003994060098193586,0.23570731282234192,0.44980567693710327,-0.014021267183125019,0.27180400490760803,0.472981333732605,-0.024266516789793968,0.2886693775653839,0.5058045387268066,-0.02767730876803398,0.18981820344924927,0.5135603547096252,-0.02004747837781906,0.22645311057567596,0.46977347135543823,-0.029553910717368126,0.2593221068382263,0.47822651267051697,-0.03337704390287399,0.2800406813621521,0.4976949393749237,-0.0340224914252758,0.0,0.0,0.0,0.0,0.0,0.0,0.0,0.0,0.0,0.0,0.0,0.0,0.0,0.0,0.0,0.0,0.0,0.0,0.0,0.0,0.0,0.0,0.0,0.0,0.0,0.0,0.0,0.0,0.0,0.0,0.0,0.0,0.0,0.0,0.0,0.0,0.0,0.0,0.0,0.0,0.0,0.0,0.0,0.0,0.0,0.0,0.0,0.0,0.0,0.0,0.0,0.0,0.0,0.0,0.0,0.0,0.0,0.0,0.0,0.0,0.0,0.0,0.0,お
0.16700777411460876,0.6655629277229309,7.422700321058073e-08,0.21965965628623962,0.6328145265579224,0.013491548597812653,0.25619009137153625,0.5922225117683411,0.015597331337630749,0.2843199074268341,0.5653752684593201,0.009157711640000343,0.29441559314727783,0.5309969186782837,0.0029327827505767345,0.22449809312820435,0.5154827833175659,0.033933255821466446,0.25374364852905273,0.46772661805152893,0.019823109731078148,0.2813609540462494,0.48666325211524963,0.003440187545493245,0.29611384868621826,0.5131083130836487,-0.005596652626991272,0.21192973852157593,0.5088213682174683,0.016478445380926132,0.24794074892997742,0.4515904188156128,-0.0009420692222192883,0.2811933159828186,0.4783875644207001,-0.0187009759247303,0.296068012714386,0.5151631832122803,-0.027110468596220016,0.1990555077791214,0.5073817372322083,-0.0032084062695503235,0.23598790168762207,0.4493643641471863,-0.018053453415632248,0.27198928594589233,0.47406888008117676,-0.027982456609606743,0.2889884114265442,0.5084826350212097,-0.030768774449825287,0.18938663601875305,0.5136555433273315,-0.022745249792933464,0.22514355182647705,0.470011830329895,-0.03327510133385658,0.2580207884311676,0.47787898778915405,-0.03750734403729439,0.2793498933315277,0.4971640706062317,-0.03817015886306763,0.0,0.0,0.0,0.0,0.0,0.0,0.0,0.0,0.0,0.0,0.0,0.0,0.0,0.0,0.0,0.0,0.0,0.0,0.0,0.0,0.0,0.0,0.0,0.0,0.0,0.0,0.0,0.0,0.0,0.0,0.0,0.0,0.0,0.0,0.0,0.0,0.0,0.0,0.0,0.0,0.0,0.0,0.0,0.0,0.0,0.0,0.0,0.0,0.0,0.0,0.0,0.0,0.0,0.0,0.0,0.0,0.0,0.0,0.0,0.0,0.0,0.0,0.0,お
0.16551119089126587,0.6670581698417664,1.0694124341625866e-07,0.21852894127368927,0.6340159177780151,0.012678981758654118,0.2565652132034302,0.5932824015617371,0.014123214408755302,0.28562870621681213,0.5656307339668274,0.00710303895175457,0.294964998960495,0.5282282829284668,0.00031070836121216416,0.2232344001531601,0.5184963345527649,0.034889958798885345,0.25204282999038696,0.46972042322158813,0.021708132699131966,0.28094202280044556,0.4856104254722595,0.005386404227465391,0.2971460819244385,0.5087351202964783,-0.003992314916104078,0.21084286272525787,0.5112959146499634,0.017704777419567108,0.24681811034679413,0.45221608877182007,0.0010285357711836696,0.28075483441352844,0.47613024711608887,-0.01726888120174408,0.29629409313201904,0.5110392570495605,-0.02636205032467842,0.1981201022863388,0.5090677738189697,-0.001731327036395669,0.23534315824508667,0.4493328332901001,-0.015869293361902237,0.2719787359237671,0.47213542461395264,-0.025979911908507347,0.2894209027290344,0.5050225257873535,-0.029206475242972374,0.1892225295305252,0.514911949634552,-0.02108476497232914,0.22646793723106384,0.4708522856235504,-0.03097470849752426,0.26005104184150696,0.47899800539016724,-0.034867558628320694,0.2814357876777649,0.49823981523513794,-0.03548296540975571,0.0,0.0,0.0,0.0,0.0,0.0,0.0,0.0,0.0,0.0,0.0,0.0,0.0,0.0,0.0,0.0,0.0,0.0,0.0,0.0,0.0,0.0,0.0,0.0,0.0,0.0,0.0,0.0,0.0,0.0,0.0,0.0,0.0,0.0,0.0,0.0,0.0,0.0,0.0,0.0,0.0,0.0,0.0,0.0,0.0,0.0,0.0,0.0,0.0,0.0,0.0,0.0,0.0,0.0,0.0,0.0,0.0,0.0,0.0,0.0,0.0,0.0,0.0,お
0.16817046701908112,0.6649189591407776,7.508504040742991e-08,0.22036652266979218,0.6333248019218445,0.013454953208565712,0.25716546177864075,0.5924991369247437,0.015794914215803146,0.2853836715221405,0.5659542083740234,0.009691111743450165,0.29509061574935913,0.5319601893424988,0.003787409281358123,0.22571778297424316,0.5174515247344971,0.03454795852303505,0.2539946436882019,0.47021690011024475,0.02098121866583824,0.2814927399158478,0.4870412051677704,0.004802631679922342,0.29607582092285156,0.5119067430496216,-0.004171672742813826,0.21319898962974548,0.5103187561035156,0.017380468547344208,0.24796073138713837,0.45250290632247925,0.0005669842357747257,0.28114160895347595,0.47709858417510986,-0.017117111012339592,0.295976847410202,0.5123796463012695,-0.025649217888712883,0.19999994337558746,0.5079628229141235,-0.0020305903162807226,0.2357521504163742,0.45009395480155945,-0.016550196334719658,0.2716509699821472,0.4731786847114563,-0.02673450857400894,0.28853705525398254,0.5063501000404358,-0.029841946437954903,0.18995723128318787,0.5128425359725952,-0.021246695891022682,0.22541527450084686,0.46937045454978943,-0.0315319187939167,0.2582587003707886,0.4771336317062378,-0.03582112491130829,0.2795316278934479,0.49590855836868286,-0.036659251898527145,0.0,0.0,0.0,0.0,0.0,0.0,0.0,0.0,0.0,0.0,0.0,0.0,0.0,0.0,0.0,0.0,0.0,0.0,0.0,0.0,0.0,0.0,0.0,0.0,0.0,0.0,0.0,0.0,0.0,0.0,0.0,0.0,0.0,0.0,0.0,0.0,0.0,0.0,0.0,0.0,0.0,0.0,0.0,0.0,0.0,0.0,0.0,0.0,0.0,0.0,0.0,0.0,0.0,0.0,0.0,0.0,0.0,0.0,0.0,0.0,0.0,0.0,0.0,お
0.16790762543678284,0.6657429933547974,7.028476289860919e-08,0.21964246034622192,0.6346234083175659,0.01317171286791563,0.2563398778438568,0.593339204788208,0.015420571900904179,0.28433743119239807,0.5667940378189087,0.00939114484935999,0.29516810178756714,0.5331051349639893,0.0036370400339365005,0.2253430038690567,0.5176628828048706,0.03338170051574707,0.2539352774620056,0.4717558026313782,0.019910238683223724,0.2812584340572357,0.48877426981925964,0.0042823064140975475,0.2959951162338257,0.5124340057373047,-0.004334313794970512,0.21281619369983673,0.5101050138473511,0.01649596355855465,0.2479788362979889,0.45325183868408203,-0.00012519325537141412,0.2808663249015808,0.4784008264541626,-0.01691599376499653,0.2959865927696228,0.5128287672996521,-0.024792233482003212,0.19974441826343536,0.5077913403511047,-0.002614113735035062,0.2360295057296753,0.45026254653930664,-0.01729978434741497,0.2719615399837494,0.4739933907985687,-0.02695709653198719,0.2894780933856964,0.5066139698028564,-0.029595404863357544,0.18996211886405945,0.5130292177200317,-0.021502206102013588,0.22543765604496002,0.46963223814964294,-0.03206267207860947,0.25846993923187256,0.47735631465911865,-0.036282312124967575,0.2803723216056824,0.49542179703712463,-0.036944665014743805,0.0,0.0,0.0,0.0,0.0,0.0,0.0,0.0,0.0,0.0,0.0,0.0,0.0,0.0,0.0,0.0,0.0,0.0,0.0,0.0,0.0,0.0,0.0,0.0,0.0,0.0,0.0,0.0,0.0,0.0,0.0,0.0,0.0,0.0,0.0,0.0,0.0,0.0,0.0,0.0,0.0,0.0,0.0,0.0,0.0,0.0,0.0,0.0,0.0,0.0,0.0,0.0,0.0,0.0,0.0,0.0,0.0,0.0,0.0,0.0,0.0,0.0,0.0,お
0.1683679074048996,0.6656253933906555,6.850471834241034e-08,0.22057224810123444,0.6342077255249023,0.013143783435225487,0.2570927143096924,0.5938759446144104,0.015217386186122894,0.2848179340362549,0.5672902464866638,0.009006448090076447,0.29517853260040283,0.5329935550689697,0.0030991409439593554,0.22670042514801025,0.5192286968231201,0.03340235352516174,0.25418946146965027,0.4721873104572296,0.01999845914542675,0.28100961446762085,0.48886483907699585,0.004358131904155016,0.2953241467475891,0.5129544734954834,-0.004275661427527666,0.2140708565711975,0.5117745399475098,0.016376035287976265,0.24777022004127502,0.45317307114601135,-0.00046224912512116134,0.2804942727088928,0.47764334082603455,-0.017663748934864998,0.29539674520492554,0.5125539302825928,-0.025786632671952248,0.20063722133636475,0.5093317031860352,-0.0028561544604599476,0.2358832061290741,0.4505184590816498,-0.01779313199222088,0.27176138758659363,0.47379404306411743,-0.027862511575222015,0.2890876233577728,0.5065210461616516,-0.030779434368014336,0.19051815569400787,0.5144789218902588,-0.02181490883231163,0.2257876694202423,0.47137969732284546,-0.03259573504328728,0.25856804847717285,0.4785975217819214,-0.03701356425881386,0.27997156977653503,0.49635276198387146,-0.03784071281552315,0.0,0.0,0.0,0.0,0.0,0.0,0.0,0.0,0.0,0.0,0.0,0.0,0.0,0.0,0.0,0.0,0.0,0.0,0.0,0.0,0.0,0.0,0.0,0.0,0.0,0.0,0.0,0.0,0.0,0.0,0.0,0.0,0.0,0.0,0.0,0.0,0.0,0.0,0.0,0.0,0.0,0.0,0.0,0.0,0.0,0.0,0.0,0.0,0.0,0.0,0.0,0.0,0.0,0.0,0.0,0.0,0.0,0.0,0.0,0.0,0.0,0.0,0.0,お
0.1688603162765503,0.6658996343612671,6.782325101539755e-08,0.21999812126159668,0.6348286867141724,0.01169948186725378,0.25651469826698303,0.5939376354217529,0.013097530230879784,0.28445371985435486,0.5668724179267883,0.006574993021786213,0.29518261551856995,0.5330003499984741,0.0003516145225148648,0.22617097198963165,0.5191976428031921,0.031029099598526955,0.2541287839412689,0.4731791913509369,0.016756711527705193,0.280677855014801,0.4901268780231476,0.0006250838050618768,0.2945200204849243,0.5147029161453247,-0.008122004568576813,0.21349188685417175,0.5115693211555481,0.014885596930980682,0.24770614504814148,0.4537404477596283,-0.0023033148609101772,0.2802588939666748,0.47814610600471497,-0.01940728724002838,0.2948785722255707,0.5131999254226685,-0.027438828721642494,0.20018698275089264,0.5093591213226318,-0.0035010643769055605,0.23527540266513824,0.4508298635482788,-0.018304064869880676,0.2707979381084442,0.47347378730773926,-0.028133997693657875,0.28802764415740967,0.5064210891723633,-0.03092622384428978,0.1897009015083313,0.5148986577987671,-0.021782556548714638,0.22411829233169556,0.4712201952934265,-0.03243521600961685,0.2569595277309418,0.4774588942527771,-0.03695220127701759,0.27894100546836853,0.4949016273021698,-0.037854161113500595,0.0,0.0,0.0,0.0,0.0,0.0,0.0,0.0,0.0,0.0,0.0,0.0,0.0,0.0,0.0,0.0,0.0,0.0,0.0,0.0,0.0,0.0,0.0,0.0,0.0,0.0,0.0,0.0,0.0,0.0,0.0,0.0,0.0,0.0,0.0,0.0,0.0,0.0,0.0,0.0,0.0,0.0,0.0,0.0,0.0,0.0,0.0,0.0,0.0,0.0,0.0,0.0,0.0,0.0,0.0,0.0,0.0,0.0,0.0,0.0,0.0,0.0,0.0,お
0.1674799621105194,0.6658749580383301,8.697216458131152e-08,0.2195349782705307,0.6353100538253784,0.012222517281770706,0.2564364969730377,0.5939515233039856,0.014139753766357899,0.2847774624824524,0.5664598345756531,0.007933485321700573,0.2945757210254669,0.5305467844009399,0.001978216925635934,0.22528107464313507,0.5180058479309082,0.03276938572525978,0.25295290350914,0.4696395993232727,0.019289467483758926,0.28056788444519043,0.48613762855529785,0.0034281343687325716,0.2956521809101105,0.5105637907981873,-0.005335929337888956,0.21252121031284332,0.5109543204307556,0.01627584546804428,0.2469949722290039,0.4521567225456238,-0.0002552203368395567,0.28009849786758423,0.47639182209968567,-0.017556101083755493,0.29521042108535767,0.5113955140113831,-0.025845149531960487,0.1991150975227356,0.5090805888175964,-0.00245476677082479,0.23525094985961914,0.4512324929237366,-0.01675332337617874,0.27114060521125793,0.4743620753288269,-0.026632007211446762,0.28815507888793945,0.5072444081306458,-0.029546795412898064,0.18899114429950714,0.5148879885673523,-0.021066471934318542,0.2248275876045227,0.47109225392341614,-0.03123781830072403,0.25757116079330444,0.4790838956832886,-0.03525497391819954,0.2785799503326416,0.4981963336467743,-0.0358365997672081,0.0,0.0,0.0,0.0,0.0,0.0,0.0,0.0,0.0,0.0,0.0,0.0,0.0,0.0,0.0,0.0,0.0,0.0,0.0,0.0,0.0,0.0,0.0,0.0,0.0,0.0,0.0,0.0,0.0,0.0,0.0,0.0,0.0,0.0,0.0,0.0,0.0,0.0,0.0,0.0,0.0,0.0,0.0,0.0,0.0,0.0,0.0,0.0,0.0,0.0,0.0,0.0,0.0,0.0,0.0,0.0,0.0,0.0,0.0,0.0,0.0,0.0,0.0,お
0.16796469688415527,0.6671989560127258,9.797786049148272e-08,0.22038079798221588,0.6344655156135559,0.013178498484194279,0.25614097714424133,0.5934679508209229,0.015265734866261482,0.2840237319469452,0.5662047863006592,0.009028314612805843,0.2939724624156952,0.532278835773468,0.002927820198237896,0.22368420660495758,0.5185043811798096,0.03289669007062912,0.25139111280441284,0.471724271774292,0.01969616301357746,0.27912288904190063,0.48772263526916504,0.004169027786701918,0.2950488030910492,0.5107207894325256,-0.004666485823690891,0.21099251508712769,0.5116446018218994,0.015950486063957214,0.24576210975646973,0.45404839515686035,-0.0010898327454924583,0.2792655825614929,0.47844991087913513,-0.018363071605563164,0.2955116629600525,0.5132513642311096,-0.02657063491642475,0.19803670048713684,0.5100247859954834,-0.003105970798060298,0.23414500057697296,0.4523333013057709,-0.017977522686123848,0.2707211971282959,0.4753398299217224,-0.028122397139668465,0.2891426980495453,0.5084409713745117,-0.031157804653048515,0.1885732114315033,0.5163453817367554,-0.021917086094617844,0.22453057765960693,0.47410377860069275,-0.032711420208215714,0.25780707597732544,0.4818492531776428,-0.03739973157644272,0.28023985028266907,0.5005640387535095,-0.038438599556684494,0.0,0.0,0.0,0.0,0.0,0.0,0.0,0.0,0.0,0.0,0.0,0.0,0.0,0.0,0.0,0.0,0.0,0.0,0.0,0.0,0.0,0.0,0.0,0.0,0.0,0.0,0.0,0.0,0.0,0.0,0.0,0.0,0.0,0.0,0.0,0.0,0.0,0.0,0.0,0.0,0.0,0.0,0.0,0.0,0.0,0.0,0.0,0.0,0.0,0.0,0.0,0.0,0.0,0.0,0.0,0.0,0.0,0.0,0.0,0.0,0.0,0.0,0.0,お
0.16790786385536194,0.6670451760292053,6.381044670433766e-08,0.22039847075939178,0.6343078017234802,0.01393483392894268,0.2563939094543457,0.5937392711639404,0.016330232843756676,0.2838582396507263,0.5675017833709717,0.010249467566609383,0.2941267192363739,0.535574197769165,0.004406317137181759,0.225287064909935,0.5187779664993286,0.034097179770469666,0.2539833188056946,0.47361645102500916,0.02016294375061989,0.2806816101074219,0.4916587769985199,0.003942678216844797,0.2945886552333832,0.5168118476867676,-0.004965472035109997,0.2126905769109726,0.5110492706298828,0.016825370490550995,0.24790331721305847,0.45474767684936523,-0.00015600697952322662,0.28052598237991333,0.48018893599510193,-0.017394928261637688,0.2952665388584137,0.5157883763313293,-0.025514965876936913,0.19952905178070068,0.5087149739265442,-0.002659466350451112,0.23539401590824127,0.4505937993526459,-0.0172802172601223,0.2710764408111572,0.47389936447143555,-0.02717742882668972,0.28861531615257263,0.5072076916694641,-0.030026359483599663,0.189249187707901,0.514274537563324,-0.021898670122027397,0.22450251877307892,0.47194984555244446,-0.03245994821190834,0.257409930229187,0.47935205698013306,-0.03696709871292114,0.27956992387771606,0.4975968301296234,-0.03785025328397751,0.0,0.0,0.0,0.0,0.0,0.0,0.0,0.0,0.0,0.0,0.0,0.0,0.0,0.0,0.0,0.0,0.0,0.0,0.0,0.0,0.0,0.0,0.0,0.0,0.0,0.0,0.0,0.0,0.0,0.0,0.0,0.0,0.0,0.0,0.0,0.0,0.0,0.0,0.0,0.0,0.0,0.0,0.0,0.0,0.0,0.0,0.0,0.0,0.0,0.0,0.0,0.0,0.0,0.0,0.0,0.0,0.0,0.0,0.0,0.0,0.0,0.0,0.0,お
0.16621491312980652,0.6678375601768494,1.02824465386675e-07,0.2192583680152893,0.6344836950302124,0.013037013821303844,0.25614479184150696,0.5945061445236206,0.01475924625992775,0.285141259431839,0.5667020678520203,0.007939296774566174,0.29410549998283386,0.5302261114120483,0.0013530479045584798,0.2246038168668747,0.5203489065170288,0.036335770040750504,0.25251510739326477,0.47232720255851746,0.023518487811088562,0.28070130944252014,0.4878414273262024,0.007174419704824686,0.29625970125198364,0.5111992359161377,-0.0022239061072468758,0.21233409643173218,0.5127522349357605,0.019271232187747955,0.24682831764221191,0.45354050397872925,0.0028475369326770306,0.2802011966705322,0.47654932737350464,-0.015542715787887573,0.2954053580760956,0.511559247970581,-0.024664737284183502,0.1990891695022583,0.5094530582427979,-0.00010037363244919106,0.23478159308433533,0.4497699439525604,-0.013949782587587833,0.27107253670692444,0.4716036915779114,-0.02435692958533764,0.2886623442173004,0.504439651966095,-0.0278177373111248,0.1890372782945633,0.5138661861419678,-0.01937478967010975,0.22564880549907684,0.47121530771255493,-0.029201246798038483,0.25871607661247253,0.4798983335494995,-0.033369772136211395,0.2798691689968109,0.49996450543403625,-0.03415868058800697,0.0,0.0,0.0,0.0,0.0,0.0,0.0,0.0,0.0,0.0,0.0,0.0,0.0,0.0,0.0,0.0,0.0,0.0,0.0,0.0,0.0,0.0,0.0,0.0,0.0,0.0,0.0,0.0,0.0,0.0,0.0,0.0,0.0,0.0,0.0,0.0,0.0,0.0,0.0,0.0,0.0,0.0,0.0,0.0,0.0,0.0,0.0,0.0,0.0,0.0,0.0,0.0,0.0,0.0,0.0,0.0,0.0,0.0,0.0,0.0,0.0,0.0,0.0,お
0.16899868845939636,0.667487621307373,7.78070230467165e-08,0.22116951644420624,0.6340832114219666,0.011713603511452675,0.256756991147995,0.5929639339447021,0.0132553456351161,0.2845379412174225,0.5646859407424927,0.0066229477524757385,0.2945895195007324,0.5298293828964233,9.547375520924106e-05,0.22677920758724213,0.5205039381980896,0.031588248908519745,0.25396692752838135,0.47184640169143677,0.017100075259804726,0.28064265847206116,0.48841044306755066,0.0008222722681239247,0.2952863574028015,0.5128217935562134,-0.0081019913777709,0.21395723521709442,0.5134190320968628,0.015203756280243397,0.24698583781719208,0.452633798122406,-0.0026056307833641768,0.2793068289756775,0.47651565074920654,-0.02030077949166298,0.2944697141647339,0.5116338729858398,-0.02865556813776493,0.20001213252544403,0.5111832022666931,-0.0035257304552942514,0.23383714258670807,0.4503728151321411,-0.019030703231692314,0.2693925201892853,0.4728392958641052,-0.02945457398891449,0.2871919274330139,0.5064910650253296,-0.032482732087373734,0.18843232095241547,0.516136884689331,-0.02214992791414261,0.22270117700099945,0.4710700809955597,-0.03325492516160011,0.2553998827934265,0.47760045528411865,-0.038144294172525406,0.27725741267204285,0.4962257444858551,-0.03929357975721359,0.0,0.0,0.0,0.0,0.0,0.0,0.0,0.0,0.0,0.0,0.0,0.0,0.0,0.0,0.0,0.0,0.0,0.0,0.0,0.0,0.0,0.0,0.0,0.0,0.0,0.0,0.0,0.0,0.0,0.0,0.0,0.0,0.0,0.0,0.0,0.0,0.0,0.0,0.0,0.0,0.0,0.0,0.0,0.0,0.0,0.0,0.0,0.0,0.0,0.0,0.0,0.0,0.0,0.0,0.0,0.0,0.0,0.0,0.0,0.0,0.0,0.0,0.0,お
0.1667722761631012,0.6682804822921753,7.563257753417929e-08,0.21936991810798645,0.6349327564239502,0.0136503791436553,0.2562822103500366,0.5933186411857605,0.01601090095937252,0.28480759263038635,0.565888524055481,0.009867371059954166,0.2940906584262848,0.5318799614906311,0.003943746443837881,0.22400394082069397,0.5192705988883972,0.03453056141734123,0.25253644585609436,0.4710056781768799,0.020815759897232056,0.28052008152008057,0.48806238174438477,0.004611577372997999,0.29555994272232056,0.512937605381012,-0.0043540638871490955,0.2115429937839508,0.5123016238212585,0.017173325642943382,0.2466183453798294,0.45369526743888855,-1.6777205019025132e-05,0.28014758229255676,0.47871071100234985,-0.017700206488370895,0.29517146944999695,0.514360785484314,-0.02606821618974209,0.19825607538223267,0.5100456476211548,-0.002435260685160756,0.23442862927913666,0.4505787193775177,-0.017270952463150024,0.2706912159919739,0.4736612141132355,-0.027418382465839386,0.28788816928863525,0.5069357752799988,-0.030357031151652336,0.18801075220108032,0.5150579214096069,-0.02183384634554386,0.22385938465595245,0.47084683179855347,-0.032431114464998245,0.25680261850357056,0.478127658367157,-0.03685152903199196,0.27797967195510864,0.49670544266700745,-0.03766647353768349,0.0,0.0,0.0,0.0,0.0,0.0,0.0,0.0,0.0,0.0,0.0,0.0,0.0,0.0,0.0,0.0,0.0,0.0,0.0,0.0,0.0,0.0,0.0,0.0,0.0,0.0,0.0,0.0,0.0,0.0,0.0,0.0,0.0,0.0,0.0,0.0,0.0,0.0,0.0,0.0,0.0,0.0,0.0,0.0,0.0,0.0,0.0,0.0,0.0,0.0,0.0,0.0,0.0,0.0,0.0,0.0,0.0,0.0,0.0,0.0,0.0,0.0,0.0,お
0.16781342029571533,0.6678759455680847,6.928999596311769e-08,0.21988444030284882,0.6344462037086487,0.013510104268789291,0.25656241178512573,0.5931623578071594,0.01569010689854622,0.28463366627693176,0.566394567489624,0.009401197545230389,0.29399532079696655,0.5332058668136597,0.0033367217984050512,0.22478899359703064,0.5199146866798401,0.033355794847011566,0.2529721260070801,0.47026097774505615,0.019239189103245735,0.2807669937610626,0.48751917481422424,0.002945489715784788,0.2950388491153717,0.5134612917900085,-0.005879233591258526,0.21245594322681427,0.5130636096000671,0.016073724254965782,0.2470696121454239,0.4529750347137451,-0.0012392622884362936,0.28042954206466675,0.4779475927352905,-0.019054241478443146,0.2946351170539856,0.5138714909553528,-0.027516689151525497,0.19939810037612915,0.5110280513763428,-0.0033795246854424477,0.23502925038337708,0.4512101113796234,-0.018371399492025375,0.2707323729991913,0.47495388984680176,-0.02886020578444004,0.28668612241744995,0.5089544653892517,-0.03197018429636955,0.1894054114818573,0.516165018081665,-0.02254507504403591,0.22488746047019958,0.47151628136634827,-0.03303404897451401,0.2575514614582062,0.4793633222579956,-0.037479836493730545,0.27791619300842285,0.4987594783306122,-0.038341667503118515,0.0,0.0,0.0,0.0,0.0,0.0,0.0,0.0,0.0,0.0,0.0,0.0,0.0,0.0,0.0,0.0,0.0,0.0,0.0,0.0,0.0,0.0,0.0,0.0,0.0,0.0,0.0,0.0,0.0,0.0,0.0,0.0,0.0,0.0,0.0,0.0,0.0,0.0,0.0,0.0,0.0,0.0,0.0,0.0,0.0,0.0,0.0,0.0,0.0,0.0,0.0,0.0,0.0,0.0,0.0,0.0,0.0,0.0,0.0,0.0,0.0,0.0,0.0,お
0.16636517643928528,0.6680793166160583,5.812212222622293e-08,0.21877868473529816,0.6336055397987366,0.012965952977538109,0.255877822637558,0.5927862524986267,0.014634327031672001,0.28439924120903015,0.5655786991119385,0.007813611067831516,0.293437123298645,0.5319567918777466,0.001285417121835053,0.22426281869411469,0.5186723470687866,0.033398836851119995,0.2531673312187195,0.4706730246543884,0.01851756125688553,0.28092098236083984,0.48962560296058655,0.0015723726246505976,0.2950748801231384,0.5158584713935852,-0.0076695713214576244,0.21203382313251495,0.5116655230522156,0.016129886731505394,0.24728670716285706,0.45374971628189087,-0.0019482934148982167,0.2804204821586609,0.48029205203056335,-0.019997015595436096,0.294685959815979,0.5165359973907471,-0.028475448489189148,0.1988840103149414,0.509299635887146,-0.0034679437521845102,0.23430341482162476,0.4499831795692444,-0.01872066967189312,0.27002471685409546,0.4740601181983948,-0.02888742834329605,0.28675904870033264,0.5080438852310181,-0.03172001987695694,0.18826676905155182,0.51424640417099,-0.022976810112595558,0.22306254506111145,0.47008469700813293,-0.03364364802837372,0.25568467378616333,0.4775085747241974,-0.03812338039278984,0.2766565680503845,0.4963221251964569,-0.03895259648561478,0.0,0.0,0.0,0.0,0.0,0.0,0.0,0.0,0.0,0.0,0.0,0.0,0.0,0.0,0.0,0.0,0.0,0.0,0.0,0.0,0.0,0.0,0.0,0.0,0.0,0.0,0.0,0.0,0.0,0.0,0.0,0.0,0.0,0.0,0.0,0.0,0.0,0.0,0.0,0.0,0.0,0.0,0.0,0.0,0.0,0.0,0.0,0.0,0.0,0.0,0.0,0.0,0.0,0.0,0.0,0.0,0.0,0.0,0.0,0.0,0.0,0.0,0.0,お
0.16426609456539154,0.6673348546028137,4.131156572384498e-08,0.21839743852615356,0.6326749920845032,0.015186846256256104,0.25550949573516846,0.5926756858825684,0.017739219591021538,0.2841811180114746,0.5660585761070251,0.011200935579836369,0.293603777885437,0.5336214303970337,0.0046875933185219765,0.2248276174068451,0.5195014476776123,0.03568718582391739,0.2542407512664795,0.47213155031204224,0.020891865715384483,0.28180667757987976,0.49176886677742004,0.003683416871353984,0.29531869292259216,0.5187671780586243,-0.005738524720072746,0.21224099397659302,0.5118006467819214,0.017056001350283623,0.24814008176326752,0.45485034584999084,-0.0008695013239048421,0.2809706926345825,0.4817703366279602,-0.019403619691729546,0.2945065498352051,0.5183326005935669,-0.028289590030908585,0.1986967921257019,0.5091686844825745,-0.0037938719615340233,0.234241783618927,0.4508313238620758,-0.018665406852960587,0.26976627111434937,0.4752054512500763,-0.029124168679118156,0.28622597455978394,0.5092706084251404,-0.032328374683856964,0.1878039836883545,0.5141704082489014,-0.024433286860585213,0.22204817831516266,0.46975958347320557,-0.03486502915620804,0.25469639897346497,0.4765487313270569,-0.039501309394836426,0.2761077880859375,0.4950276017189026,-0.0405939482152462,0.0,0.0,0.0,0.0,0.0,0.0,0.0,0.0,0.0,0.0,0.0,0.0,0.0,0.0,0.0,0.0,0.0,0.0,0.0,0.0,0.0,0.0,0.0,0.0,0.0,0.0,0.0,0.0,0.0,0.0,0.0,0.0,0.0,0.0,0.0,0.0,0.0,0.0,0.0,0.0,0.0,0.0,0.0,0.0,0.0,0.0,0.0,0.0,0.0,0.0,0.0,0.0,0.0,0.0,0.0,0.0,0.0,0.0,0.0,0.0,0.0,0.0,0.0,お
0.16510823369026184,0.6672368049621582,6.045604550308781e-08,0.21886959671974182,0.6329039931297302,0.014778980053961277,0.2556400001049042,0.5921025276184082,0.016977155581116676,0.2840586304664612,0.5654996633529663,0.010215133428573608,0.29331743717193604,0.5319012999534607,0.003537383396178484,0.2236373871564865,0.5184701681137085,0.03524656221270561,0.2520788311958313,0.46944260597229004,0.02069188840687275,0.28018322587013245,0.48867982625961304,0.0035863963421434164,0.2945122718811035,0.5160366892814636,-0.005814588628709316,0.21088017523288727,0.5114113688468933,0.016931837424635887,0.2462507039308548,0.4527598023414612,-0.0008911806507967412,0.27997180819511414,0.47924166917800903,-0.019553326070308685,0.2941308617591858,0.5162802934646606,-0.02855674736201763,0.1974157691001892,0.5091832876205444,-0.0035404260270297527,0.23375985026359558,0.45036667585372925,-0.018331484869122505,0.2699066400527954,0.4746605157852173,-0.02892114967107773,0.2861238121986389,0.5090704560279846,-0.03221793472766876,0.18710185587406158,0.5146039128303528,-0.023752493783831596,0.22270703315734863,0.47065073251724243,-0.03399253636598587,0.25536471605300903,0.4780021905899048,-0.03844311833381653,0.27580535411834717,0.4969065487384796,-0.03940964490175247,0.0,0.0,0.0,0.0,0.0,0.0,0.0,0.0,0.0,0.0,0.0,0.0,0.0,0.0,0.0,0.0,0.0,0.0,0.0,0.0,0.0,0.0,0.0,0.0,0.0,0.0,0.0,0.0,0.0,0.0,0.0,0.0,0.0,0.0,0.0,0.0,0.0,0.0,0.0,0.0,0.0,0.0,0.0,0.0,0.0,0.0,0.0,0.0,0.0,0.0,0.0,0.0,0.0,0.0,0.0,0.0,0.0,0.0,0.0,0.0,0.0,0.0,0.0,お
0.16672727465629578,0.6671591401100159,7.549593306066527e-08,0.21956577897071838,0.6330636143684387,0.013218944892287254,0.2557629346847534,0.5927479267120361,0.014938554726541042,0.2840195894241333,0.5654075145721436,0.008001572452485561,0.29324033856391907,0.5307498574256897,0.00116046576295048,0.22410227358341217,0.5180692672729492,0.03362756595015526,0.2524566650390625,0.4694112241268158,0.01862572878599167,0.2800692319869995,0.48826974630355835,0.0015379305696114898,0.2944251298904419,0.5144699215888977,-0.007853620685636997,0.21157845854759216,0.5112483501434326,0.016114769503474236,0.24645370244979858,0.4522091746330261,-0.002106186468154192,0.2798774242401123,0.4784626066684723,-0.020706573501229286,0.294594943523407,0.5147900581359863,-0.029620317742228508,0.19816787540912628,0.5089653730392456,-0.0036907733883708715,0.23359373211860657,0.4503297209739685,-0.01915665902197361,0.26960504055023193,0.4747470021247864,-0.029829228296875954,0.2865871489048004,0.508826732635498,-0.03301554173231125,0.1874922215938568,0.5142474174499512,-0.023347223177552223,0.22243785858154297,0.4705824851989746,-0.03420674055814743,0.2551591992378235,0.47862207889556885,-0.03892934322357178,0.2762638032436371,0.4979829788208008,-0.039954736828804016,0.0,0.0,0.0,0.0,0.0,0.0,0.0,0.0,0.0,0.0,0.0,0.0,0.0,0.0,0.0,0.0,0.0,0.0,0.0,0.0,0.0,0.0,0.0,0.0,0.0,0.0,0.0,0.0,0.0,0.0,0.0,0.0,0.0,0.0,0.0,0.0,0.0,0.0,0.0,0.0,0.0,0.0,0.0,0.0,0.0,0.0,0.0,0.0,0.0,0.0,0.0,0.0,0.0,0.0,0.0,0.0,0.0,0.0,0.0,0.0,0.0,0.0,0.0,お
0.1645859181880951,0.6678604483604431,9.279440860154864e-08,0.21779850125312805,0.632927656173706,0.012533677741885185,0.25435811281204224,0.5924297571182251,0.014073144644498825,0.28258755803108215,0.564805269241333,0.007176067214459181,0.29232096672058105,0.5307495594024658,0.0005083513678982854,0.22181744873523712,0.5186939239501953,0.033136505633592606,0.2487245798110962,0.47039708495140076,0.018071986734867096,0.27685847878456116,0.48644593358039856,0.0010865177027881145,0.2927223742008209,0.5113011002540588,-0.008227691985666752,0.20939263701438904,0.5115343928337097,0.016153087839484215,0.2434612661600113,0.4525858759880066,-0.002370925387367606,0.2775016129016876,0.4759441912174225,-0.02077396959066391,0.2939891517162323,0.5112920999526978,-0.029351914301514626,0.1960962861776352,0.5087765455245972,-0.003200886305421591,0.23142457008361816,0.4511609673500061,-0.019017595797777176,0.26776814460754395,0.4728928506374359,-0.02986716479063034,0.2864770293235779,0.5058597922325134,-0.032978832721710205,0.18527525663375854,0.5134860873222351,-0.02246686816215515,0.22052079439163208,0.4721773862838745,-0.03365936130285263,0.2539052367210388,0.47831910848617554,-0.038871485739946365,0.27695193886756897,0.4959900975227356,-0.04003768414258957,0.0,0.0,0.0,0.0,0.0,0.0,0.0,0.0,0.0,0.0,0.0,0.0,0.0,0.0,0.0,0.0,0.0,0.0,0.0,0.0,0.0,0.0,0.0,0.0,0.0,0.0,0.0,0.0,0.0,0.0,0.0,0.0,0.0,0.0,0.0,0.0,0.0,0.0,0.0,0.0,0.0,0.0,0.0,0.0,0.0,0.0,0.0,0.0,0.0,0.0,0.0,0.0,0.0,0.0,0.0,0.0,0.0,0.0,0.0,0.0,0.0,0.0,0.0,お
0.16612929105758667,0.6678544878959656,7.651870959080043e-08,0.21827755868434906,0.6333613395690918,0.012030652724206448,0.2544717490673065,0.5920621156692505,0.013387936167418957,0.2824057340621948,0.5645212531089783,0.006564164999872446,0.29060760140419006,0.5318289995193481,0.00011333740258123726,0.22175060212612152,0.514824628829956,0.031103959307074547,0.24907465279102325,0.46475130319595337,0.015898197889328003,0.2770996689796448,0.48402515053749084,-0.0007177878869697452,0.2921246290206909,0.5112736225128174,-0.009780940599739552,0.20914007723331451,0.5084520578384399,0.014444105327129364,0.243249773979187,0.44999486207962036,-0.0036208699457347393,0.27721893787384033,0.4760143756866455,-0.02106117457151413,0.2928309440612793,0.5116484761238098,-0.029232848435640335,0.19620192050933838,0.5070520639419556,-0.00456608971580863,0.2312300056219101,0.4498198926448822,-0.020370841026306152,0.26767197251319885,0.4737551212310791,-0.030513055622577667,0.28588828444480896,0.5074427127838135,-0.03324805572628975,0.18602415919303894,0.5134065747261047,-0.023513102903962135,0.22065623104572296,0.4715457558631897,-0.03509988263249397,0.25399860739707947,0.4795396327972412,-0.040103282779455185,0.27648085355758667,0.4985964894294739,-0.04109851270914078,0.0,0.0,0.0,0.0,0.0,0.0,0.0,0.0,0.0,0.0,0.0,0.0,0.0,0.0,0.0,0.0,0.0,0.0,0.0,0.0,0.0,0.0,0.0,0.0,0.0,0.0,0.0,0.0,0.0,0.0,0.0,0.0,0.0,0.0,0.0,0.0,0.0,0.0,0.0,0.0,0.0,0.0,0.0,0.0,0.0,0.0,0.0,0.0,0.0,0.0,0.0,0.0,0.0,0.0,0.0,0.0,0.0,0.0,0.0,0.0,0.0,0.0,0.0,お
0.165298193693161,0.6696569323539734,7.696873893792144e-08,0.21846124529838562,0.6344329118728638,0.011768513359129429,0.2560091018676758,0.5942392349243164,0.012496018782258034,0.2846064567565918,0.5657116770744324,0.004921911284327507,0.29171741008758545,0.5295471549034119,-0.002334031043574214,0.22272977232933044,0.5206383466720581,0.032406505197286606,0.2510036528110504,0.4706302285194397,0.01753791980445385,0.2796737849712372,0.4877728819847107,0.0005578144919127226,0.294480562210083,0.5132713913917542,-0.008822236210107803,0.20959849655628204,0.5139272809028625,0.015685921534895897,0.24423514306545258,0.45390352606773376,-0.00235695275478065,0.27812913060188293,0.47830018401145935,-0.02065126597881317,0.2927824556827545,0.5134763717651367,-0.029532600194215775,0.19584494829177856,0.51151442527771,-0.0034223406109958887,0.23149652779102325,0.4511479139328003,-0.018560221418738365,0.2679448127746582,0.4734469950199127,-0.029048457741737366,0.28516051173210144,0.5066255927085876,-0.032317597419023514,0.18513216078281403,0.5166225433349609,-0.022527681663632393,0.2206447422504425,0.47271615266799927,-0.03328166529536247,0.2539133131504059,0.4800127148628235,-0.03815722465515137,0.27519485354423523,0.49937903881073,-0.03939291089773178,0.0,0.0,0.0,0.0,0.0,0.0,0.0,0.0,0.0,0.0,0.0,0.0,0.0,0.0,0.0,0.0,0.0,0.0,0.0,0.0,0.0,0.0,0.0,0.0,0.0,0.0,0.0,0.0,0.0,0.0,0.0,0.0,0.0,0.0,0.0,0.0,0.0,0.0,0.0,0.0,0.0,0.0,0.0,0.0,0.0,0.0,0.0,0.0,0.0,0.0,0.0,0.0,0.0,0.0,0.0,0.0,0.0,0.0,0.0,0.0,0.0,0.0,0.0,お
0.16744819283485413,0.6694823503494263,9.450490523477129e-08,0.2192682921886444,0.6352209448814392,0.010458607226610184,0.2557707130908966,0.5941464900970459,0.011487187817692757,0.283662348985672,0.5654894113540649,0.004564281553030014,0.2925550937652588,0.5294662714004517,-0.001878927694633603,0.223716601729393,0.5192487239837646,0.0316852405667305,0.25120851397514343,0.4686802625656128,0.016500502824783325,0.27913135290145874,0.48581671714782715,-0.0003512438852339983,0.29433849453926086,0.5118131637573242,-0.009451725520193577,0.21086052060127258,0.5123660564422607,0.0159250870347023,0.2441575527191162,0.45161545276641846,-0.002188195940107107,0.2775217592716217,0.47561025619506836,-0.02017560601234436,0.2933103144168854,0.510493278503418,-0.02863091602921486,0.19709444046020508,0.5098231434822083,-0.002416756236925721,0.2319217324256897,0.4506373107433319,-0.018454162403941154,0.26769575476646423,0.47355225682258606,-0.029032452031970024,0.285443514585495,0.5068858861923218,-0.03190008923411369,0.18593022227287292,0.5143314599990845,-0.02078661136329174,0.22122657299041748,0.47156789898872375,-0.03222954273223877,0.25412315130233765,0.4794920086860657,-0.03712379187345505,0.27583959698677063,0.49868011474609375,-0.03801997750997543,0.0,0.0,0.0,0.0,0.0,0.0,0.0,0.0,0.0,0.0,0.0,0.0,0.0,0.0,0.0,0.0,0.0,0.0,0.0,0.0,0.0,0.0,0.0,0.0,0.0,0.0,0.0,0.0,0.0,0.0,0.0,0.0,0.0,0.0,0.0,0.0,0.0,0.0,0.0,0.0,0.0,0.0,0.0,0.0,0.0,0.0,0.0,0.0,0.0,0.0,0.0,0.0,0.0,0.0,0.0,0.0,0.0,0.0,0.0,0.0,0.0,0.0,0.0,お
0.16715502738952637,0.6682044863700867,8.729401912432877e-08,0.21900297701358795,0.6343562602996826,0.010432587005198002,0.2554749548435211,0.5938221216201782,0.011057121679186821,0.2833465039730072,0.5662376880645752,0.0036857216618955135,0.291598916053772,0.530462920665741,-0.003294879337772727,0.2230503112077713,0.5181546211242676,0.030852165073156357,0.2514265477657318,0.4674564301967621,0.015016750432550907,0.27907595038414,0.4864473044872284,-0.0022947238758206367,0.2933827042579651,0.5138535499572754,-0.011637519113719463,0.21028095483779907,0.5116592645645142,0.014876226894557476,0.24456816911697388,0.45157569646835327,-0.003796028671786189,0.27778860926628113,0.47760191559791565,-0.022369978949427605,0.2927907705307007,0.5134581923484802,-0.031239373609423637,0.19670681655406952,0.5095493793487549,-0.0036359031219035387,0.23180121183395386,0.4512001574039459,-0.01984604261815548,0.2677362561225891,0.47532808780670166,-0.03073979914188385,0.28517454862594604,0.5092461705207825,-0.03390765190124512,0.1857166588306427,0.5147519111633301,-0.022174082696437836,0.22047275304794312,0.47210174798965454,-0.033758923411369324,0.25317710638046265,0.4805481731891632,-0.038865987211465836,0.2745053172111511,0.5001102089881897,-0.04001953452825546,0.0,0.0,0.0,0.0,0.0,0.0,0.0,0.0,0.0,0.0,0.0,0.0,0.0,0.0,0.0,0.0,0.0,0.0,0.0,0.0,0.0,0.0,0.0,0.0,0.0,0.0,0.0,0.0,0.0,0.0,0.0,0.0,0.0,0.0,0.0,0.0,0.0,0.0,0.0,0.0,0.0,0.0,0.0,0.0,0.0,0.0,0.0,0.0,0.0,0.0,0.0,0.0,0.0,0.0,0.0,0.0,0.0,0.0,0.0,0.0,0.0,0.0,0.0,お
0.16585186123847961,0.6680034399032593,9.221730579156429e-08,0.21779203414916992,0.6343091130256653,0.009129554033279419,0.2551161050796509,0.5939358472824097,0.008767453953623772,0.2839696705341339,0.5657454133033752,0.0006715432391501963,0.2922878563404083,0.5292787551879883,-0.00701738940551877,0.22262358665466309,0.5200907588005066,0.028483586385846138,0.25143471360206604,0.46867257356643677,0.011946973390877247,0.27984315156936646,0.4875323176383972,-0.005852275528013706,0.2946505844593048,0.5146343111991882,-0.01544442679733038,0.20988169312477112,0.5133004784584045,0.012921808287501335,0.24462862312793732,0.45227208733558655,-0.006340842228382826,0.278136283159256,0.47777292132377625,-0.025138942524790764,0.2930883765220642,0.5132781267166138,-0.034139178693294525,0.1959332525730133,0.5107903480529785,-0.0051721613854169846,0.2308468520641327,0.45032453536987305,-0.02151072584092617,0.266734778881073,0.47343894839286804,-0.03239348158240318,0.28400322794914246,0.506859540939331,-0.03561101481318474,0.18431884050369263,0.5153809785842896,-0.023405039682984352,0.2191251963376999,0.4715084135532379,-0.034866299480199814,0.25210630893707275,0.4790133833885193,-0.039889346808195114,0.2734118700027466,0.4981444180011749,-0.04103690758347511,0.0,0.0,0.0,0.0,0.0,0.0,0.0,0.0,0.0,0.0,0.0,0.0,0.0,0.0,0.0,0.0,0.0,0.0,0.0,0.0,0.0,0.0,0.0,0.0,0.0,0.0,0.0,0.0,0.0,0.0,0.0,0.0,0.0,0.0,0.0,0.0,0.0,0.0,0.0,0.0,0.0,0.0,0.0,0.0,0.0,0.0,0.0,0.0,0.0,0.0,0.0,0.0,0.0,0.0,0.0,0.0,0.0,0.0,0.0,0.0,0.0,0.0,0.0,お
0.1650281548500061,0.668955385684967,8.41665794837354e-08,0.21719492971897125,0.6345884799957275,0.008846810087561607,0.25419479608535767,0.5943783521652222,0.008675821125507355,0.2828062176704407,0.5659301280975342,0.0007653590873815119,0.2921682298183441,0.5292291641235352,-0.0067526549100875854,0.22235825657844543,0.5189100503921509,0.029352763667702675,0.24993640184402466,0.46828365325927734,0.013217628933489323,0.27804505825042725,0.48602280020713806,-0.00432197330519557,0.2931392192840576,0.5121423006057739,-0.01384227629750967,0.20951515436172485,0.5123503804206848,0.014081751927733421,0.2429743856191635,0.45210111141204834,-0.005135565996170044,0.2759001553058624,0.47723808884620667,-0.023954907432198524,0.29104480147361755,0.5125821828842163,-0.03291626647114754,0.19531993567943573,0.510000467300415,-0.003803785191848874,0.22910143435001373,0.4505704641342163,-0.020241906866431236,0.2648155987262726,0.47309666872024536,-0.031380683183670044,0.28284353017807007,0.5065674185752869,-0.03465808555483818,0.18309712409973145,0.514920711517334,-0.02188095822930336,0.21703723073005676,0.47103098034858704,-0.03357795998454094,0.2502771019935608,0.47739243507385254,-0.039015524089336395,0.2727203667163849,0.49600252509117126,-0.04033331200480461,0.0,0.0,0.0,0.0,0.0,0.0,0.0,0.0,0.0,0.0,0.0,0.0,0.0,0.0,0.0,0.0,0.0,0.0,0.0,0.0,0.0,0.0,0.0,0.0,0.0,0.0,0.0,0.0,0.0,0.0,0.0,0.0,0.0,0.0,0.0,0.0,0.0,0.0,0.0,0.0,0.0,0.0,0.0,0.0,0.0,0.0,0.0,0.0,0.0,0.0,0.0,0.0,0.0,0.0,0.0,0.0,0.0,0.0,0.0,0.0,0.0,0.0,0.0,お
0.16451287269592285,0.6682841181755066,9.349676588499278e-08,0.21769660711288452,0.6324143409729004,0.010729578323662281,0.25342437624931335,0.5927907228469849,0.01072364766150713,0.2817229926586151,0.5652812719345093,0.0023578712716698647,0.29203280806541443,0.5285871028900146,-0.005913910921663046,0.22191642224788666,0.5179353356361389,0.030368497595191002,0.24927838146686554,0.4671023190021515,0.0143270343542099,0.27755817770957947,0.48604315519332886,-0.0034004519693553448,0.29312431812286377,0.5124362707138062,-0.013317893259227276,0.20874521136283875,0.5116345286369324,0.013577348552644253,0.24243079125881195,0.4512764811515808,-0.005735673476010561,0.27599379420280457,0.4770618677139282,-0.025236614048480988,0.29161879420280457,0.5127965807914734,-0.03490998595952988,0.194137305021286,0.5095597505569458,-0.005659774877130985,0.22781234979629517,0.4500490725040436,-0.021957525983452797,0.2643083930015564,0.4733401834964752,-0.03343116492033005,0.28298255801200867,0.5071341395378113,-0.0372391901910305,0.18165387213230133,0.5152375102043152,-0.02495552971959114,0.21568351984024048,0.47109127044677734,-0.036634791642427444,0.24910788238048553,0.47779616713523865,-0.04218466952443123,0.271646112203598,0.4968806505203247,-0.04381563514471054,0.0,0.0,0.0,0.0,0.0,0.0,0.0,0.0,0.0,0.0,0.0,0.0,0.0,0.0,0.0,0.0,0.0,0.0,0.0,0.0,0.0,0.0,0.0,0.0,0.0,0.0,0.0,0.0,0.0,0.0,0.0,0.0,0.0,0.0,0.0,0.0,0.0,0.0,0.0,0.0,0.0,0.0,0.0,0.0,0.0,0.0,0.0,0.0,0.0,0.0,0.0,0.0,0.0,0.0,0.0,0.0,0.0,0.0,0.0,0.0,0.0,0.0,0.0,お
0.16493800282478333,0.6687319874763489,9.763829211806296e-08,0.21754002571105957,0.6342087388038635,0.009567261673510075,0.2541370689868927,0.5938363671302795,0.00967567041516304,0.2822072505950928,0.5653747916221619,0.0019150571897625923,0.2916981279850006,0.5276479125022888,-0.005516940262168646,0.22225293517112732,0.5183351635932922,0.029242631047964096,0.24980637431144714,0.46661069989204407,0.01349805761128664,0.27782467007637024,0.48459917306900024,-0.0037738869432359934,0.2929793894290924,0.5103696584701538,-0.013285240158438683,0.20865248143672943,0.5120636820793152,0.013460970483720303,0.24219676852226257,0.4505925476551056,-0.005304261110723019,0.27562665939331055,0.47588515281677246,-0.024141386151313782,0.29115018248558044,0.5106692314147949,-0.03335457667708397,0.193851038813591,0.5100432634353638,-0.00479857437312603,0.22819851338863373,0.45030438899993896,-0.02107923850417137,0.2644008994102478,0.473705530166626,-0.032222989946603775,0.28232520818710327,0.5070028305053711,-0.035678062587976456,0.18140362203121185,0.5154222846031189,-0.023135056719183922,0.216435045003891,0.47108155488967896,-0.0348372682929039,0.24956271052360535,0.47903260588645935,-0.04002656042575836,0.27113860845565796,0.4986496567726135,-0.041267216205596924,0.0,0.0,0.0,0.0,0.0,0.0,0.0,0.0,0.0,0.0,0.0,0.0,0.0,0.0,0.0,0.0,0.0,0.0,0.0,0.0,0.0,0.0,0.0,0.0,0.0,0.0,0.0,0.0,0.0,0.0,0.0,0.0,0.0,0.0,0.0,0.0,0.0,0.0,0.0,0.0,0.0,0.0,0.0,0.0,0.0,0.0,0.0,0.0,0.0,0.0,0.0,0.0,0.0,0.0,0.0,0.0,0.0,0.0,0.0,0.0,0.0,0.0,0.0,お
0.16350451111793518,0.6675902009010315,9.073828977079756e-08,0.2166753113269806,0.632311999797821,0.00980750285089016,0.2539135217666626,0.5918216109275818,0.009664229117333889,0.2825467586517334,0.5633443593978882,0.0015526945935562253,0.28995123505592346,0.5259191393852234,-0.006382954306900501,0.22153715789318085,0.5163297057151794,0.02883990667760372,0.24997474253177643,0.466408908367157,0.01263620425015688,0.2774488031864166,0.48608383536338806,-0.005016739945858717,0.29218271374702454,0.5125301480293274,-0.014771077781915665,0.2077738344669342,0.5099906921386719,0.012692417949438095,0.2424142062664032,0.450553297996521,-0.006381717044860125,0.275252103805542,0.4768158197402954,-0.025397518649697304,0.2904338240623474,0.5122549533843994,-0.03467956930398941,0.1929110884666443,0.5085877776145935,-0.005874444730579853,0.22761757671833038,0.44898682832717896,-0.021980568766593933,0.26324787735939026,0.4726160764694214,-0.03280855715274811,0.28117308020591736,0.505905032157898,-0.0361332893371582,0.1805334836244583,0.515198290348053,-0.024566661566495895,0.21497409045696259,0.4701569080352783,-0.03608226031064987,0.2479788362979889,0.47673821449279785,-0.0411522351205349,0.27013134956359863,0.495333731174469,-0.04236822575330734,0.0,0.0,0.0,0.0,0.0,0.0,0.0,0.0,0.0,0.0,0.0,0.0,0.0,0.0,0.0,0.0,0.0,0.0,0.0,0.0,0.0,0.0,0.0,0.0,0.0,0.0,0.0,0.0,0.0,0.0,0.0,0.0,0.0,0.0,0.0,0.0,0.0,0.0,0.0,0.0,0.0,0.0,0.0,0.0,0.0,0.0,0.0,0.0,0.0,0.0,0.0,0.0,0.0,0.0,0.0,0.0,0.0,0.0,0.0,0.0,0.0,0.0,0.0,お
0.16489186882972717,0.6691726446151733,1.0441252129567147e-07,0.21741797029972076,0.6331645250320435,0.007903818041086197,0.25416940450668335,0.5933128595352173,0.007327829487621784,0.2825542390346527,0.5639345645904541,-0.0008301674970425665,0.29131799936294556,0.5249353647232056,-0.008655344136059284,0.2240278273820877,0.5186882615089417,0.028542958199977875,0.25100770592689514,0.46752795577049255,0.012094281613826752,0.27766847610473633,0.4850026071071625,-0.005748407915234566,0.2924541234970093,0.5110337138175964,-0.015404606238007545,0.21029619872570038,0.5121002793312073,0.013660632073879242,0.2425491213798523,0.45097267627716064,-0.00562922703102231,0.27446067333221436,0.47528180480003357,-0.02484070509672165,0.28997525572776794,0.5103213787078857,-0.03405264765024185,0.19507445394992828,0.5103535652160645,-0.003872302360832691,0.22728917002677917,0.44939613342285156,-0.020391175523400307,0.2619171738624573,0.47180455923080444,-0.03146941214799881,0.27984821796417236,0.5052281618118286,-0.03467191755771637,0.1817484200000763,0.5162714719772339,-0.02165040746331215,0.21518337726593018,0.471260666847229,-0.033278938382864,0.24734389781951904,0.47700315713882446,-0.038348160684108734,0.26901787519454956,0.494914710521698,-0.03936348110437393,0.0,0.0,0.0,0.0,0.0,0.0,0.0,0.0,0.0,0.0,0.0,0.0,0.0,0.0,0.0,0.0,0.0,0.0,0.0,0.0,0.0,0.0,0.0,0.0,0.0,0.0,0.0,0.0,0.0,0.0,0.0,0.0,0.0,0.0,0.0,0.0,0.0,0.0,0.0,0.0,0.0,0.0,0.0,0.0,0.0,0.0,0.0,0.0,0.0,0.0,0.0,0.0,0.0,0.0,0.0,0.0,0.0,0.0,0.0,0.0,0.0,0.0,0.0,お
0.16602258384227753,0.670428991317749,8.397471873422546e-08,0.21906165778636932,0.6340795755386353,0.011021710000932217,0.2554776966571808,0.5937984585762024,0.0115559296682477,0.28369003534317017,0.5658475756645203,0.003963671158999205,0.2912398874759674,0.5301378965377808,-0.0035096886567771435,0.2230619639158249,0.5216537117958069,0.029999248683452606,0.25039127469062805,0.4715268909931183,0.014676155522465706,0.27796804904937744,0.4886365532875061,-0.0023630899377167225,0.2930199205875397,0.5137866139411926,-0.011851288378238678,0.2095976620912552,0.5151092410087585,0.013423264026641846,0.24236688017845154,0.45399942994117737,-0.005200778134167194,0.27574652433395386,0.4782280921936035,-0.023766204714775085,0.2913479506969452,0.5132839679718018,-0.03289400786161423,0.1947721391916275,0.5134479999542236,-0.0054948292672634125,0.22763459384441376,0.45119571685791016,-0.021270791068673134,0.2635125517845154,0.47289618849754333,-0.032250188291072845,0.2815883755683899,0.5058305859565735,-0.03590630367398262,0.18242135643959045,0.5191025137901306,-0.024408306926488876,0.2157147228717804,0.4733092486858368,-0.03582404926419258,0.2483471930027008,0.47907203435897827,-0.041136234998703,0.2698976993560791,0.4973941147327423,-0.04275817424058914,0.0,0.0,0.0,0.0,0.0,0.0,0.0,0.0,0.0,0.0,0.0,0.0,0.0,0.0,0.0,0.0,0.0,0.0,0.0,0.0,0.0,0.0,0.0,0.0,0.0,0.0,0.0,0.0,0.0,0.0,0.0,0.0,0.0,0.0,0.0,0.0,0.0,0.0,0.0,0.0,0.0,0.0,0.0,0.0,0.0,0.0,0.0,0.0,0.0,0.0,0.0,0.0,0.0,0.0,0.0,0.0,0.0,0.0,0.0,0.0,0.0,0.0,0.0,お
0.16534726321697235,0.6688761115074158,9.031081305010957e-08,0.21855731308460236,0.6332513093948364,0.009650778025388718,0.25471362471580505,0.5933756828308105,0.009650536812841892,0.28316617012023926,0.5647789239883423,0.0017806484829634428,0.29244619607925415,0.5282040238380432,-0.0059326146729290485,0.22440306842327118,0.5198721885681152,0.028253449127078056,0.2512081563472748,0.4679489731788635,0.012301166541874409,0.2785365879535675,0.485988050699234,-0.0049924966879189014,0.29352614283561707,0.5122172236442566,-0.014503372833132744,0.21070075035095215,0.5137857794761658,0.012424251064658165,0.24334648251533508,0.4511306881904602,-0.006410789676010609,0.27573856711387634,0.47562986612319946,-0.025209058076143265,0.2909124791622162,0.5104600191116333,-0.03441546857357025,0.19573280215263367,0.5123640894889832,-0.005809096619486809,0.22820325195789337,0.45043882727622986,-0.021978259086608887,0.2635000944137573,0.47269904613494873,-0.033164724707603455,0.2816567122936249,0.5058808922767639,-0.036741334944963455,0.18297646939754486,0.5183951258659363,-0.024095887318253517,0.21650366485118866,0.4729249179363251,-0.03569198027253151,0.24872314929962158,0.4791012704372406,-0.04105066508054733,0.2700507640838623,0.49763303995132446,-0.04254104942083359,0.0,0.0,0.0,0.0,0.0,0.0,0.0,0.0,0.0,0.0,0.0,0.0,0.0,0.0,0.0,0.0,0.0,0.0,0.0,0.0,0.0,0.0,0.0,0.0,0.0,0.0,0.0,0.0,0.0,0.0,0.0,0.0,0.0,0.0,0.0,0.0,0.0,0.0,0.0,0.0,0.0,0.0,0.0,0.0,0.0,0.0,0.0,0.0,0.0,0.0,0.0,0.0,0.0,0.0,0.0,0.0,0.0,0.0,0.0,0.0,0.0,0.0,0.0,お
0.16533343493938446,0.6679450273513794,9.465842509825961e-08,0.2181190401315689,0.6324740648269653,0.009473759680986404,0.2543196380138397,0.5929136872291565,0.009523267857730389,0.2820596992969513,0.5644378662109375,0.0017013236647471786,0.2917788326740265,0.5274331569671631,-0.005872142501175404,0.22365324199199677,0.5183308720588684,0.029276443645358086,0.25082075595855713,0.46796250343322754,0.013253048993647099,0.27790307998657227,0.48581361770629883,-0.0042922236025333405,0.29297512769699097,0.5117270946502686,-0.013903121463954449,0.20988154411315918,0.5115503668785095,0.013608407229185104,0.2433260977268219,0.4512735605239868,-0.005322616081684828,0.2753966450691223,0.4759570360183716,-0.024306900799274445,0.29085153341293335,0.5106715559959412,-0.03350973501801491,0.19514688849449158,0.5093866586685181,-0.004555440973490477,0.22885560989379883,0.45031070709228516,-0.02069990523159504,0.26375243067741394,0.4730149209499359,-0.031825799494981766,0.28189095854759216,0.5062165260314941,-0.035250503569841385,0.1827077865600586,0.515000581741333,-0.022863054648041725,0.2165258526802063,0.47119078040122986,-0.03434069827198982,0.24928143620491028,0.47748863697052,-0.03963866084814072,0.2718878388404846,0.49586954712867737,-0.04093756899237633,0.0,0.0,0.0,0.0,0.0,0.0,0.0,0.0,0.0,0.0,0.0,0.0,0.0,0.0,0.0,0.0,0.0,0.0,0.0,0.0,0.0,0.0,0.0,0.0,0.0,0.0,0.0,0.0,0.0,0.0,0.0,0.0,0.0,0.0,0.0,0.0,0.0,0.0,0.0,0.0,0.0,0.0,0.0,0.0,0.0,0.0,0.0,0.0,0.0,0.0,0.0,0.0,0.0,0.0,0.0,0.0,0.0,0.0,0.0,0.0,0.0,0.0,0.0,お
0.16715067625045776,0.6683515906333923,1.0356002633216121e-07,0.21773825585842133,0.63325035572052,0.006850427016615868,0.25450995564460754,0.5924745798110962,0.006151333451271057,0.2828138470649719,0.5625854134559631,-0.0018272404558956623,0.29108133912086487,0.5238065123558044,-0.00937170721590519,0.22373652458190918,0.5176718235015869,0.027423491701483727,0.24968042969703674,0.4666755497455597,0.011030429042875767,0.2769816815853119,0.4841207265853882,-0.006410014349967241,0.2923775613307953,0.5091904401779175,-0.01581898331642151,0.21068961918354034,0.5110790729522705,0.013273158110678196,0.2421228289604187,0.4497860372066498,-0.00584489805623889,0.27421581745147705,0.47440725564956665,-0.02430529147386551,0.2899000942707062,0.508877694606781,-0.032982081174850464,0.19586700201034546,0.508868396282196,-0.003626887919381261,0.22805865108966827,0.44867897033691406,-0.020299840718507767,0.2627207338809967,0.4717561900615692,-0.030847052112221718,0.2808188796043396,0.5052791237831116,-0.03355507552623749,0.1825452744960785,0.5141726732254028,-0.020871015265583992,0.21550169587135315,0.4695841073989868,-0.03268110752105713,0.24801678955554962,0.475845068693161,-0.03765423595905304,0.27021312713623047,0.49430593848228455,-0.03849928453564644,0.0,0.0,0.0,0.0,0.0,0.0,0.0,0.0,0.0,0.0,0.0,0.0,0.0,0.0,0.0,0.0,0.0,0.0,0.0,0.0,0.0,0.0,0.0,0.0,0.0,0.0,0.0,0.0,0.0,0.0,0.0,0.0,0.0,0.0,0.0,0.0,0.0,0.0,0.0,0.0,0.0,0.0,0.0,0.0,0.0,0.0,0.0,0.0,0.0,0.0,0.0,0.0,0.0,0.0,0.0,0.0,0.0,0.0,0.0,0.0,0.0,0.0,0.0,お
0.1630319356918335,0.6692038178443909,1.0657389992729804e-07,0.21504072844982147,0.6328606009483337,0.009077833965420723,0.25249403715133667,0.5914039015769958,0.008509065955877304,0.28165751695632935,0.562383234500885,0.00010783902689581737,0.2914368212223053,0.5254760384559631,-0.007909535430371761,0.21999695897102356,0.5162924528121948,0.028456637635827065,0.2484206110239029,0.463763952255249,0.011872995644807816,0.2774525284767151,0.4823117256164551,-0.0060294996947050095,0.2933681905269623,0.5089380145072937,-0.015887407585978508,0.20640385150909424,0.5100390911102295,0.012576168403029442,0.24157600104808807,0.4484112560749054,-0.006750738248229027,0.27559924125671387,0.4741053879261017,-0.02567652054131031,0.2913394570350647,0.5096262097358704,-0.03481854498386383,0.1921001374721527,0.5082868337631226,-0.005825680214911699,0.22738978266716003,0.4476087987422943,-0.02214759774506092,0.2635115087032318,0.4713618755340576,-0.03267606720328331,0.2814464569091797,0.5050153136253357,-0.03570844978094101,0.1804048717021942,0.5142006874084473,-0.02446034923195839,0.21556052565574646,0.46993473172187805,-0.03609154745936394,0.2482723891735077,0.47846758365631104,-0.04083491116762161,0.26925498247146606,0.4986698627471924,-0.041693512350320816,0.0,0.0,0.0,0.0,0.0,0.0,0.0,0.0,0.0,0.0,0.0,0.0,0.0,0.0,0.0,0.0,0.0,0.0,0.0,0.0,0.0,0.0,0.0,0.0,0.0,0.0,0.0,0.0,0.0,0.0,0.0,0.0,0.0,0.0,0.0,0.0,0.0,0.0,0.0,0.0,0.0,0.0,0.0,0.0,0.0,0.0,0.0,0.0,0.0,0.0,0.0,0.0,0.0,0.0,0.0,0.0,0.0,0.0,0.0,0.0,0.0,0.0,0.0,お
0.1646934449672699,0.6700727343559265,7.916329991530802e-08,0.21629707515239716,0.6335547566413879,0.009390956722199917,0.2525874376296997,0.5920006632804871,0.00978170707821846,0.280694842338562,0.5631356239318848,0.0023987996391952038,0.2904759347438812,0.5278728604316711,-0.0046776337549090385,0.2228308618068695,0.5171687602996826,0.02895822748541832,0.24931754171848297,0.46619707345962524,0.01274699904024601,0.2768177390098572,0.48439711332321167,-0.004549580160528421,0.2920236587524414,0.5103030800819397,-0.013820420950651169,0.20972976088523865,0.5109535455703735,0.013526292517781258,0.24257662892341614,0.4503154158592224,-0.0058777243830263615,0.274652361869812,0.4763985872268677,-0.024256305769085884,0.28951966762542725,0.5124568939208984,-0.03262247517704964,0.19518038630485535,0.5093218684196472,-0.004417947493493557,0.22755548357963562,0.4485880136489868,-0.021050291135907173,0.26244544982910156,0.4721764326095581,-0.03143920376896858,0.2803514897823334,0.5067278146743774,-0.03391026705503464,0.18225450813770294,0.515181839466095,-0.022507375106215477,0.21491558849811554,0.4697122275829315,-0.034294914454221725,0.247548907995224,0.475647509098053,-0.039201222360134125,0.2699495851993561,0.49421247839927673,-0.03991200029850006,0.0,0.0,0.0,0.0,0.0,0.0,0.0,0.0,0.0,0.0,0.0,0.0,0.0,0.0,0.0,0.0,0.0,0.0,0.0,0.0,0.0,0.0,0.0,0.0,0.0,0.0,0.0,0.0,0.0,0.0,0.0,0.0,0.0,0.0,0.0,0.0,0.0,0.0,0.0,0.0,0.0,0.0,0.0,0.0,0.0,0.0,0.0,0.0,0.0,0.0,0.0,0.0,0.0,0.0,0.0,0.0,0.0,0.0,0.0,0.0,0.0,0.0,0.0,お
0.16421307623386383,0.667937695980072,9.939506639966567e-08,0.21504415571689606,0.6333296298980713,0.0068548135459423065,0.25271692872047424,0.5922539234161377,0.006216580048203468,0.2812991142272949,0.5620802640914917,-0.0016218592645600438,0.28947553038597107,0.5233587026596069,-0.008762776851654053,0.22260873019695282,0.5159534811973572,0.027871521189808846,0.24888533353805542,0.46359801292419434,0.01156420074403286,0.2761155068874359,0.4812805652618408,-0.0057977247051894665,0.29107701778411865,0.5074295401573181,-0.015077086165547371,0.20919770002365112,0.5092297792434692,0.013850882649421692,0.24124756455421448,0.44781172275543213,-0.005095373373478651,0.2733881175518036,0.47247231006622314,-0.023329054936766624,0.2889227569103241,0.5077947974205017,-0.03176768496632576,0.1944517195224762,0.506846010684967,-0.0029593235813081264,0.2269154042005539,0.4467618465423584,-0.01914166659116745,0.2618979811668396,0.46899229288101196,-0.02947576716542244,0.2804141044616699,0.5024451017379761,-0.03214769437909126,0.18183261156082153,0.5119408965110779,-0.020188018679618835,0.21549206972122192,0.46875420212745667,-0.03166443482041359,0.24793468415737152,0.47510719299316406,-0.03658178448677063,0.27002793550491333,0.4936334490776062,-0.0373891182243824,0.0,0.0,0.0,0.0,0.0,0.0,0.0,0.0,0.0,0.0,0.0,0.0,0.0,0.0,0.0,0.0,0.0,0.0,0.0,0.0,0.0,0.0,0.0,0.0,0.0,0.0,0.0,0.0,0.0,0.0,0.0,0.0,0.0,0.0,0.0,0.0,0.0,0.0,0.0,0.0,0.0,0.0,0.0,0.0,0.0,0.0,0.0,0.0,0.0,0.0,0.0,0.0,0.0,0.0,0.0,0.0,0.0,0.0,0.0,0.0,0.0,0.0,0.0,お
0.16241881251335144,0.6698498129844666,7.901873999571762e-08,0.21433396637439728,0.6339842081069946,0.009872201830148697,0.25207626819610596,0.5924193263053894,0.009954633191227913,0.28084561228752136,0.564129114151001,0.0022144720423966646,0.2895750105381012,0.5278283953666687,-0.005038991570472717,0.2203051596879959,0.5160820484161377,0.029874086380004883,0.24777069687843323,0.46587786078453064,0.01407046802341938,0.275911808013916,0.4850010275840759,-0.0033514697570353746,0.29084300994873047,0.5115872025489807,-0.01296079158782959,0.2068982720375061,0.5095074772834778,0.01387904491275549,0.24079078435897827,0.4498082995414734,-0.004583328031003475,0.2739570438861847,0.47535333037376404,-0.022825634106993675,0.28885287046432495,0.5106613636016846,-0.03167115896940231,0.19223849475383759,0.5075618028640747,-0.004659346304833889,0.2268589287996292,0.44825100898742676,-0.020556125789880753,0.26246166229248047,0.47170406579971313,-0.03086836449801922,0.2799677550792694,0.5051559209823608,-0.033913083374500275,0.18018361926078796,0.513534665107727,-0.023345226421952248,0.2150088995695114,0.4705900251865387,-0.0349641889333725,0.24797412753105164,0.47855955362319946,-0.03983438014984131,0.2694608271121979,0.49778300523757935,-0.040871914476156235,0.0,0.0,0.0,0.0,0.0,0.0,0.0,0.0,0.0,0.0,0.0,0.0,0.0,0.0,0.0,0.0,0.0,0.0,0.0,0.0,0.0,0.0,0.0,0.0,0.0,0.0,0.0,0.0,0.0,0.0,0.0,0.0,0.0,0.0,0.0,0.0,0.0,0.0,0.0,0.0,0.0,0.0,0.0,0.0,0.0,0.0,0.0,0.0,0.0,0.0,0.0,0.0,0.0,0.0,0.0,0.0,0.0,0.0,0.0,0.0,0.0,0.0,0.0,お
0.1641901731491089,0.6692804098129272,1.052390601330444e-07,0.21495720744132996,0.6341810822486877,0.008058382198214531,0.25230973958969116,0.5935866236686707,0.00794560369104147,0.2812562584877014,0.5645642876625061,0.0002560749708209187,0.2901228666305542,0.5267501473426819,-0.0068440730683505535,0.22101497650146484,0.5192468166351318,0.030571509152650833,0.24743467569351196,0.4680090844631195,0.015124672092497349,0.27492964267730713,0.4841705560684204,-0.0020527245942503214,0.2901410162448883,0.5094563364982605,-0.011377722956240177,0.20806370675563812,0.5119002461433411,0.01588553749024868,0.23990172147750854,0.4496515095233917,-0.0024528251960873604,0.2726694941520691,0.4727385342121124,-0.020974723622202873,0.2886243462562561,0.507597029209137,-0.029797984287142754,0.19373951852321625,0.5088680386543274,-0.0015891805524006486,0.2268250584602356,0.44804826378822327,-0.017878437414765358,0.2621653079986572,0.470481276512146,-0.028808746486902237,0.2801973819732666,0.5042160749435425,-0.031880151480436325,0.18193115293979645,0.5131183862686157,-0.019304588437080383,0.2167549431324005,0.4695911109447479,-0.030900539830327034,0.24949854612350464,0.47738510370254517,-0.03592486307024956,0.2711448669433594,0.4969039559364319,-0.03689170628786087,0.0,0.0,0.0,0.0,0.0,0.0,0.0,0.0,0.0,0.0,0.0,0.0,0.0,0.0,0.0,0.0,0.0,0.0,0.0,0.0,0.0,0.0,0.0,0.0,0.0,0.0,0.0,0.0,0.0,0.0,0.0,0.0,0.0,0.0,0.0,0.0,0.0,0.0,0.0,0.0,0.0,0.0,0.0,0.0,0.0,0.0,0.0,0.0,0.0,0.0,0.0,0.0,0.0,0.0,0.0,0.0,0.0,0.0,0.0,0.0,0.0,0.0,0.0,お
0.16493827104568481,0.6679489612579346,9.232121556124184e-08,0.2161821871995926,0.632523238658905,0.008306501433253288,0.25325316190719604,0.5927548408508301,0.00781642459332943,0.28132614493370056,0.5646564960479736,-0.00023562260321341455,0.29044702649116516,0.52757728099823,-0.007704013027250767,0.22311089932918549,0.5183150768280029,0.029060492292046547,0.24997550249099731,0.46622177958488464,0.0124824782833457,0.277332067489624,0.48444727063179016,-0.005337240640074015,0.2917574644088745,0.511756420135498,-0.014848063699901104,0.20995961129665375,0.5113618969917297,0.01403791457414627,0.2421051263809204,0.44951486587524414,-0.005132966674864292,0.2745044231414795,0.47427991032600403,-0.023959962651133537,0.2893507778644562,0.5099296569824219,-0.03290887922048569,0.19524726271629333,0.5086193680763245,-0.0036965333856642246,0.2282121330499649,0.44794660806655884,-0.02031872235238552,0.2632068991661072,0.47088465094566345,-0.03128654137253761,0.280544251203537,0.5047147870063782,-0.03439222276210785,0.18280160427093506,0.5130883455276489,-0.021628903225064278,0.21726594865322113,0.47027936577796936,-0.033391356468200684,0.24956105649471283,0.47783249616622925,-0.03843248635530472,0.27035415172576904,0.4967048466205597,-0.03942928835749626,0.0,0.0,0.0,0.0,0.0,0.0,0.0,0.0,0.0,0.0,0.0,0.0,0.0,0.0,0.0,0.0,0.0,0.0,0.0,0.0,0.0,0.0,0.0,0.0,0.0,0.0,0.0,0.0,0.0,0.0,0.0,0.0,0.0,0.0,0.0,0.0,0.0,0.0,0.0,0.0,0.0,0.0,0.0,0.0,0.0,0.0,0.0,0.0,0.0,0.0,0.0,0.0,0.0,0.0,0.0,0.0,0.0,0.0,0.0,0.0,0.0,0.0,0.0,お
0.1654413789510727,0.668692946434021,9.640533704668997e-08,0.21719443798065186,0.6340194940567017,0.009416714310646057,0.25408613681793213,0.5933539867401123,0.009477948769927025,0.2820124924182892,0.5649335980415344,0.001788447960279882,0.29094600677490234,0.5285489559173584,-0.005545374471694231,0.22250215709209442,0.5170577168464661,0.028719650581479073,0.2500903606414795,0.46535879373550415,0.01247558742761612,0.27789801359176636,0.48405343294143677,-0.005148027092218399,0.2932063341140747,0.5114903450012207,-0.01469507347792387,0.2091568112373352,0.5109245181083679,0.013095127418637276,0.2433127611875534,0.4500710368156433,-0.0059375278651714325,0.27600395679473877,0.4754668176174164,-0.02474573440849781,0.29130277037620544,0.5113602876663208,-0.03374214097857475,0.1949346363544464,0.5093847513198853,-0.005005727056413889,0.22908036410808563,0.44873666763305664,-0.021065520122647285,0.26461657881736755,0.471353679895401,-0.03206586092710495,0.2825893461704254,0.5052769780158997,-0.035368502140045166,0.18304364383220673,0.5155153870582581,-0.023241257295012474,0.21749410033226013,0.4709382951259613,-0.034742146730422974,0.2507454454898834,0.47753167152404785,-0.0399850457906723,0.27315419912338257,0.4967694580554962,-0.041177406907081604,0.0,0.0,0.0,0.0,0.0,0.0,0.0,0.0,0.0,0.0,0.0,0.0,0.0,0.0,0.0,0.0,0.0,0.0,0.0,0.0,0.0,0.0,0.0,0.0,0.0,0.0,0.0,0.0,0.0,0.0,0.0,0.0,0.0,0.0,0.0,0.0,0.0,0.0,0.0,0.0,0.0,0.0,0.0,0.0,0.0,0.0,0.0,0.0,0.0,0.0,0.0,0.0,0.0,0.0,0.0,0.0,0.0,0.0,0.0,0.0,0.0,0.0,0.0,お
0.16629594564437866,0.6687425374984741,1.0609532807848154e-07,0.21711456775665283,0.6339347958564758,0.008150511421263218,0.25393012166023254,0.5937815308570862,0.007905641570687294,0.28193220496177673,0.5649116039276123,0.00030348164727911353,0.2912288010120392,0.5274500846862793,-0.006765271537005901,0.22287364304065704,0.5178844332695007,0.027997925877571106,0.24985915422439575,0.46673572063446045,0.011918744072318077,0.2773343622684479,0.4843091070652008,-0.0054138293489813805,0.29251065850257874,0.5108458399772644,-0.014748789370059967,0.20948201417922974,0.5112729072570801,0.013297867961227894,0.2428254932165146,0.45005980134010315,-0.005373652093112469,0.27527177333831787,0.4738534092903137,-0.023693425580859184,0.2907748818397522,0.5088952779769897,-0.03238510712981224,0.1951589733362198,0.5092290043830872,-0.003998831380158663,0.22920066118240356,0.4495859742164612,-0.01999296061694622,0.26455187797546387,0.471285343170166,-0.030765658244490623,0.2828037440776825,0.5046069025993347,-0.033925093710422516,0.1832251101732254,0.5148276686668396,-0.021528033539652824,0.21815170347690582,0.4721701741218567,-0.03296754136681557,0.2508220076560974,0.4792117476463318,-0.03803596273064613,0.27265530824661255,0.4983881115913391,-0.039090245962142944,0.0,0.0,0.0,0.0,0.0,0.0,0.0,0.0,0.0,0.0,0.0,0.0,0.0,0.0,0.0,0.0,0.0,0.0,0.0,0.0,0.0,0.0,0.0,0.0,0.0,0.0,0.0,0.0,0.0,0.0,0.0,0.0,0.0,0.0,0.0,0.0,0.0,0.0,0.0,0.0,0.0,0.0,0.0,0.0,0.0,0.0,0.0,0.0,0.0,0.0,0.0,0.0,0.0,0.0,0.0,0.0,0.0,0.0,0.0,0.0,0.0,0.0,0.0,お
0.16519960761070251,0.6696139574050903,1.0828176044697102e-07,0.21696731448173523,0.6352747678756714,0.007572542876005173,0.2548770308494568,0.5937719941139221,0.006759808864444494,0.28383147716522217,0.5641212463378906,-0.001438686391338706,0.2899930477142334,0.525227963924408,-0.00919818039983511,0.2225925475358963,0.5174896717071533,0.02770107612013817,0.24980494379997253,0.46501126885414124,0.011304700747132301,0.2774572968482971,0.48272231221199036,-0.006585093680769205,0.2924395501613617,0.510017454624176,-0.016273710876703262,0.2087901532649994,0.5113730430603027,0.012979275546967983,0.2418069988489151,0.45000776648521423,-0.005878477357327938,0.27437084913253784,0.47411563992500305,-0.024893291294574738,0.2898140847682953,0.5092792510986328,-0.0341847687959671,0.19372713565826416,0.5099025964736938,-0.0043547498062253,0.227344810962677,0.4487767517566681,-0.020290285348892212,0.2624661922454834,0.47070932388305664,-0.031172731891274452,0.28016114234924316,0.5038174390792847,-0.03456301614642143,0.18117915093898773,0.5160677433013916,-0.021972177550196648,0.21617662906646729,0.47132551670074463,-0.03319982439279556,0.2486138939857483,0.4775024950504303,-0.038085825741291046,0.2698853611946106,0.4957405626773834,-0.039180152118206024,0.0,0.0,0.0,0.0,0.0,0.0,0.0,0.0,0.0,0.0,0.0,0.0,0.0,0.0,0.0,0.0,0.0,0.0,0.0,0.0,0.0,0.0,0.0,0.0,0.0,0.0,0.0,0.0,0.0,0.0,0.0,0.0,0.0,0.0,0.0,0.0,0.0,0.0,0.0,0.0,0.0,0.0,0.0,0.0,0.0,0.0,0.0,0.0,0.0,0.0,0.0,0.0,0.0,0.0,0.0,0.0,0.0,0.0,0.0,0.0,0.0,0.0,0.0,お
0.1638810634613037,0.6693292260169983,1.0698417440835328e-07,0.2157336324453354,0.6349719762802124,0.007634107954800129,0.25430190563201904,0.5935036540031433,0.006867092102766037,0.2832428216934204,0.5636447668075562,-0.0014546902384608984,0.289686381816864,0.5235286951065063,-0.009303664788603783,0.2226729393005371,0.5178219079971313,0.029273293912410736,0.25068023800849915,0.4662857949733734,0.012888678349554539,0.2784254550933838,0.48455142974853516,-0.005162421613931656,0.29308608174324036,0.5110644698143005,-0.015058509074151516,0.20926690101623535,0.5108781456947327,0.01429914589971304,0.24290260672569275,0.4501810073852539,-0.004718681797385216,0.27526429295539856,0.4754177927970886,-0.023989830166101456,0.2900964021682739,0.5109125375747681,-0.03336155787110329,0.19437554478645325,0.5083329081535339,-0.0034184111282229424,0.22876980900764465,0.44830429553985596,-0.019431395456194878,0.26369571685791016,0.47167471051216125,-0.03012966923415661,0.280931293964386,0.5051544308662415,-0.03332929685711861,0.18184638023376465,0.5134729146957397,-0.0215054452419281,0.21733418107032776,0.47031068801879883,-0.03273024037480354,0.2495119273662567,0.4783630073070526,-0.03742729127407074,0.2700619697570801,0.49767276644706726,-0.038368914276361465,0.0,0.0,0.0,0.0,0.0,0.0,0.0,0.0,0.0,0.0,0.0,0.0,0.0,0.0,0.0,0.0,0.0,0.0,0.0,0.0,0.0,0.0,0.0,0.0,0.0,0.0,0.0,0.0,0.0,0.0,0.0,0.0,0.0,0.0,0.0,0.0,0.0,0.0,0.0,0.0,0.0,0.0,0.0,0.0,0.0,0.0,0.0,0.0,0.0,0.0,0.0,0.0,0.0,0.0,0.0,0.0,0.0,0.0,0.0,0.0,0.0,0.0,0.0,お
0.16238188743591309,0.6676332354545593,1.1349082029710189e-07,0.21509712934494019,0.6341798901557922,0.008576606400310993,0.25318825244903564,0.5935076475143433,0.008067971095442772,0.28252503275871277,0.5648418664932251,-0.00026804240769706666,0.2904311418533325,0.5255789756774902,-0.008341951295733452,0.22175893187522888,0.5178745985031128,0.03026128187775612,0.2513781487941742,0.46882426738739014,0.013596562668681145,0.2789244055747986,0.48642364144325256,-0.0050389268435537815,0.29319149255752563,0.5129716992378235,-0.015276145190000534,0.20846648514270782,0.5104978680610657,0.014616241678595543,0.24376507103443146,0.4504219889640808,-0.00511415209621191,0.27619898319244385,0.476004421710968,-0.02553938515484333,0.29092612862586975,0.5125045776367188,-0.03551280498504639,0.19354361295700073,0.5077676773071289,-0.003661220893263817,0.22854910790920258,0.4480706453323364,-0.020194193348288536,0.2635602355003357,0.4718412458896637,-0.03202175348997116,0.2806330621242523,0.5058863162994385,-0.03584964573383331,0.18071115016937256,0.5127175450325012,-0.02216068096458912,0.21629659831523895,0.4699665606021881,-0.03377678617835045,0.24842287600040436,0.47825518250465393,-0.03912612423300743,0.2692341208457947,0.49775853753089905,-0.040504567325115204,0.0,0.0,0.0,0.0,0.0,0.0,0.0,0.0,0.0,0.0,0.0,0.0,0.0,0.0,0.0,0.0,0.0,0.0,0.0,0.0,0.0,0.0,0.0,0.0,0.0,0.0,0.0,0.0,0.0,0.0,0.0,0.0,0.0,0.0,0.0,0.0,0.0,0.0,0.0,0.0,0.0,0.0,0.0,0.0,0.0,0.0,0.0,0.0,0.0,0.0,0.0,0.0,0.0,0.0,0.0,0.0,0.0,0.0,0.0,0.0,0.0,0.0,0.0,お
0.16451111435890198,0.6688987612724304,1.0279799766976794e-07,0.21610921621322632,0.6339659690856934,0.008175641298294067,0.25354790687561035,0.592652440071106,0.007315597962588072,0.2820630967617035,0.5643576383590698,-0.0011644389014691114,0.2903721034526825,0.5257044434547424,-0.009228849783539772,0.22194968163967133,0.5162918567657471,0.027847707271575928,0.25046539306640625,0.4661596417427063,0.010240128263831139,0.2776463031768799,0.48557430505752563,-0.008571036159992218,0.29159480333328247,0.5139787197113037,-0.018639277666807175,0.20828156173229218,0.5099934935569763,0.012356634251773357,0.24253924190998077,0.44912055134773254,-0.007829914800822735,0.27498799562454224,0.4751042127609253,-0.02777530997991562,0.2898578643798828,0.5118164420127869,-0.03734241798520088,0.19325146079063416,0.5084449052810669,-0.0057727196253836155,0.22736166417598724,0.4469532370567322,-0.022748298943042755,0.2627754807472229,0.47057247161865234,-0.034288935363292694,0.28048402070999146,0.5050032734870911,-0.03781425580382347,0.18056967854499817,0.5147429704666138,-0.024095291271805763,0.21567349135875702,0.4706992506980896,-0.03606284409761429,0.24834181368350983,0.47802942991256714,-0.04133407771587372,0.26976990699768066,0.4972365200519562,-0.04253704473376274,0.0,0.0,0.0,0.0,0.0,0.0,0.0,0.0,0.0,0.0,0.0,0.0,0.0,0.0,0.0,0.0,0.0,0.0,0.0,0.0,0.0,0.0,0.0,0.0,0.0,0.0,0.0,0.0,0.0,0.0,0.0,0.0,0.0,0.0,0.0,0.0,0.0,0.0,0.0,0.0,0.0,0.0,0.0,0.0,0.0,0.0,0.0,0.0,0.0,0.0,0.0,0.0,0.0,0.0,0.0,0.0,0.0,0.0,0.0,0.0,0.0,0.0,0.0,お
0.16323328018188477,0.6686211824417114,8.662988193464116e-08,0.21515417098999023,0.6338878870010376,0.00917695090174675,0.25259146094322205,0.5928220748901367,0.00891797710210085,0.2811431884765625,0.5652379989624023,0.000847078685183078,0.2904655933380127,0.5281866192817688,-0.006927398964762688,0.22277048230171204,0.5172014236450195,0.02950395829975605,0.2515217065811157,0.4690737724304199,0.012666591443121433,0.2779111862182617,0.48756837844848633,-0.005671463441103697,0.29141929745674133,0.5147714614868164,-0.015559167601168156,0.2093268781900406,0.5101335048675537,0.013634072616696358,0.2428731471300125,0.45015400648117065,-0.006001549772918224,0.2744918465614319,0.4757691025733948,-0.025735877454280853,0.28901398181915283,0.5121837854385376,-0.03520570322871208,0.19419273734092712,0.5080693364143372,-0.004801771137863398,0.22703324258327484,0.44677093625068665,-0.021523291245102882,0.26179951429367065,0.4703763723373413,-0.03301698714494705,0.27938276529312134,0.5045279860496521,-0.0365254245698452,0.18116794526576996,0.5139022469520569,-0.023342113941907883,0.21492430567741394,0.4693484604358673,-0.03516678139567375,0.24742944538593292,0.47592833638191223,-0.04042298346757889,0.2693972587585449,0.49434053897857666,-0.0416533388197422,0.0,0.0,0.0,0.0,0.0,0.0,0.0,0.0,0.0,0.0,0.0,0.0,0.0,0.0,0.0,0.0,0.0,0.0,0.0,0.0,0.0,0.0,0.0,0.0,0.0,0.0,0.0,0.0,0.0,0.0,0.0,0.0,0.0,0.0,0.0,0.0,0.0,0.0,0.0,0.0,0.0,0.0,0.0,0.0,0.0,0.0,0.0,0.0,0.0,0.0,0.0,0.0,0.0,0.0,0.0,0.0,0.0,0.0,0.0,0.0,0.0,0.0,0.0,お
0.16804632544517517,0.676970899105072,4.7254749802050355e-07,0.16083362698554993,0.5945932865142822,0.020468655973672867,0.17834588885307312,0.530877411365509,0.017708126455545425,0.20529982447624207,0.487529456615448,0.008068018592894077,0.23506104946136475,0.4675716459751129,-0.001148305949755013,0.17188389599323273,0.4923485219478607,-0.00813649408519268,0.19690944254398346,0.4113927185535431,-0.023005442693829536,0.20612476766109467,0.36008018255233765,-0.030521590262651443,0.2089916169643402,0.32043564319610596,-0.0348418764770031,0.19013434648513794,0.5075275897979736,-0.027421103790402412,0.25331294536590576,0.43263235688209534,-0.041876085102558136,0.28868335485458374,0.3885977268218994,-0.04742826148867607,0.31075355410575867,0.36015433073043823,-0.050754446536302567,0.21139678359031677,0.5340473651885986,-0.04371301829814911,0.27505597472190857,0.4754519462585449,-0.0525939017534256,0.2924887537956238,0.5031905174255371,-0.04045207425951958,0.2945082187652588,0.5314882397651672,-0.02914443053305149,0.23602715134620667,0.5641488432884216,-0.058983396738767624,0.28635165095329285,0.5188750624656677,-0.05852236598730087,0.302939772605896,0.5290407538414001,-0.04433365538716316,0.3081215023994446,0.5437138080596924,-0.03174062818288803,0.0,0.0,0.0,0.0,0.0,0.0,0.0,0.0,0.0,0.0,0.0,0.0,0.0,0.0,0.0,0.0,0.0,0.0,0.0,0.0,0.0,0.0,0.0,0.0,0.0,0.0,0.0,0.0,0.0,0.0,0.0,0.0,0.0,0.0,0.0,0.0,0.0,0.0,0.0,0.0,0.0,0.0,0.0,0.0,0.0,0.0,0.0,0.0,0.0,0.0,0.0,0.0,0.0,0.0,0.0,0.0,0.0,0.0,0.0,0.0,0.0,0.0,0.0,か
0.16873659193515778,0.6753655672073364,4.7504826738986594e-07,0.1613142192363739,0.5943455696105957,0.021000750362873077,0.17818152904510498,0.5309263467788696,0.018369639292359352,0.20570945739746094,0.48821836709976196,0.008625268004834652,0.23626595735549927,0.4697810709476471,-0.0008483721176162362,0.17196518182754517,0.4928806722164154,-0.008084723725914955,0.1965342015028,0.4119512736797333,-0.022661112248897552,0.20602402091026306,0.36076048016548157,-0.030227363109588623,0.20931509137153625,0.32112443447113037,-0.03483182191848755,0.19046153128147125,0.5078891515731812,-0.027739329263567924,0.25286921858787537,0.432381808757782,-0.04174894839525223,0.28834742307662964,0.38807517290115356,-0.047295548021793365,0.31061795353889465,0.35955360531806946,-0.050949472934007645,0.21181699633598328,0.5343109965324402,-0.04429167881608009,0.2756682336330414,0.4752216637134552,-0.05262492224574089,0.2924104332923889,0.5049306750297546,-0.03970682621002197,0.29355040192604065,0.5343441963195801,-0.02815079130232334,0.2362552285194397,0.5641316175460815,-0.05988992005586624,0.28737661242485046,0.5181742310523987,-0.05968134477734566,0.30356451869010925,0.5299330949783325,-0.045220162719488144,0.30793923139572144,0.5464364290237427,-0.032475728541612625,0.0,0.0,0.0,0.0,0.0,0.0,0.0,0.0,0.0,0.0,0.0,0.0,0.0,0.0,0.0,0.0,0.0,0.0,0.0,0.0,0.0,0.0,0.0,0.0,0.0,0.0,0.0,0.0,0.0,0.0,0.0,0.0,0.0,0.0,0.0,0.0,0.0,0.0,0.0,0.0,0.0,0.0,0.0,0.0,0.0,0.0,0.0,0.0,0.0,0.0,0.0,0.0,0.0,0.0,0.0,0.0,0.0,0.0,0.0,0.0,0.0,0.0,0.0,か
0.16863800585269928,0.673984706401825,4.80319840789889e-07,0.1607634723186493,0.5923914909362793,0.019104497507214546,0.17820005118846893,0.5285300016403198,0.015711281448602676,0.2059950828552246,0.48580241203308105,0.005668989382684231,0.23662322759628296,0.46691250801086426,-0.004071173723787069,0.17114968597888947,0.4916059970855713,-0.009647715836763382,0.19619616866111755,0.4114602208137512,-0.024707678705453873,0.20566287636756897,0.36067909002304077,-0.03237829729914665,0.2089996635913849,0.3211511969566345,-0.03675788268446922,0.18972957134246826,0.5066319108009338,-0.02846512384712696,0.2526267468929291,0.4321984052658081,-0.042617835104465485,0.2880497872829437,0.38860446214675903,-0.047855012118816376,0.3102799952030182,0.3600960075855255,-0.051013365387916565,0.21119101345539093,0.5330175757408142,-0.044431593269109726,0.27488404512405396,0.4758179187774658,-0.05356963351368904,0.29140251874923706,0.5039625763893127,-0.041728828102350235,0.29243743419647217,0.5322926640510559,-0.030580393970012665,0.2357414811849594,0.5627706050872803,-0.0594947375357151,0.28630495071411133,0.5172187089920044,-0.05965413525700569,0.3027309775352478,0.5274279713630676,-0.04581352695822716,0.30754008889198303,0.542266309261322,-0.03342112898826599,0.0,0.0,0.0,0.0,0.0,0.0,0.0,0.0,0.0,0.0,0.0,0.0,0.0,0.0,0.0,0.0,0.0,0.0,0.0,0.0,0.0,0.0,0.0,0.0,0.0,0.0,0.0,0.0,0.0,0.0,0.0,0.0,0.0,0.0,0.0,0.0,0.0,0.0,0.0,0.0,0.0,0.0,0.0,0.0,0.0,0.0,0.0,0.0,0.0,0.0,0.0,0.0,0.0,0.0,0.0,0.0,0.0,0.0,0.0,0.0,0.0,0.0,0.0,か
0.16738896071910858,0.6792486906051636,4.7658565449637535e-07,0.15985265374183655,0.5967817902565002,0.022658048197627068,0.1770608127117157,0.5330680012702942,0.020886575803160667,0.20403125882148743,0.490119069814682,0.011534151621162891,0.23408466577529907,0.47032198309898376,0.0024812165647745132,0.1711016297340393,0.4942246675491333,-0.005079710856080055,0.19652891159057617,0.4137429893016815,-0.019279304891824722,0.20636771619319916,0.3625462055206299,-0.026927271857857704,0.20970486104488373,0.32258152961730957,-0.031686969101428986,0.189714252948761,0.5084593296051025,-0.025503190234303474,0.25241023302078247,0.4331713020801544,-0.03929942473769188,0.2882537245750427,0.3878704309463501,-0.045502785593271255,0.31086623668670654,0.3591175675392151,-0.04963873699307442,0.21093952655792236,0.534843921661377,-0.042758531868457794,0.2757801413536072,0.4765191674232483,-0.05017475783824921,0.29376041889190674,0.5072357654571533,-0.037029609084129333,0.2953677177429199,0.537381112575531,-0.025398170575499535,0.2352927178144455,0.5648490190505981,-0.059029027819633484,0.2868274748325348,0.5179717540740967,-0.0582108199596405,0.3047248423099518,0.5297431945800781,-0.04345396161079407,0.3099285960197449,0.546867311000824,-0.030435295775532722,0.0,0.0,0.0,0.0,0.0,0.0,0.0,0.0,0.0,0.0,0.0,0.0,0.0,0.0,0.0,0.0,0.0,0.0,0.0,0.0,0.0,0.0,0.0,0.0,0.0,0.0,0.0,0.0,0.0,0.0,0.0,0.0,0.0,0.0,0.0,0.0,0.0,0.0,0.0,0.0,0.0,0.0,0.0,0.0,0.0,0.0,0.0,0.0,0.0,0.0,0.0,0.0,0.0,0.0,0.0,0.0,0.0,0.0,0.0,0.0,0.0,0.0,0.0,か
0.16816504299640656,0.6778544187545776,4.627651435384905e-07,0.16084320843219757,0.5937579870223999,0.022251347079873085,0.17851589620113373,0.5295587182044983,0.02025364339351654,0.20480795204639435,0.4843878149986267,0.010952199809253216,0.23383887112140656,0.4622616767883301,0.0018809451721608639,0.1711190938949585,0.49284085631370544,-0.006165989674627781,0.19615480303764343,0.41236642003059387,-0.020188556984066963,0.2056603878736496,0.3617343604564667,-0.027214037254452705,0.20879091322422028,0.32199764251708984,-0.031203430145978928,0.18914799392223358,0.5075631141662598,-0.026506491005420685,0.2527354657649994,0.43242955207824707,-0.03961616009473801,0.28816187381744385,0.38828450441360474,-0.04447131231427193,0.30990105867385864,0.3596556782722473,-0.04751379415392876,0.21036803722381592,0.5341745615005493,-0.043789684772491455,0.27447882294654846,0.47522610425949097,-0.05197291821241379,0.29282963275909424,0.5037268400192261,-0.039995238184928894,0.29520294070243835,0.5323489904403687,-0.029011357575654984,0.23499132692813873,0.5644604563713074,-0.059884149581193924,0.28567999601364136,0.5168142914772034,-0.05920704826712608,0.30270254611968994,0.5280478000640869,-0.044902488589286804,0.3079373836517334,0.5441022515296936,-0.032349277287721634,0.0,0.0,0.0,0.0,0.0,0.0,0.0,0.0,0.0,0.0,0.0,0.0,0.0,0.0,0.0,0.0,0.0,0.0,0.0,0.0,0.0,0.0,0.0,0.0,0.0,0.0,0.0,0.0,0.0,0.0,0.0,0.0,0.0,0.0,0.0,0.0,0.0,0.0,0.0,0.0,0.0,0.0,0.0,0.0,0.0,0.0,0.0,0.0,0.0,0.0,0.0,0.0,0.0,0.0,0.0,0.0,0.0,0.0,0.0,0.0,0.0,0.0,0.0,か
0.16801586747169495,0.6793056130409241,4.7210093612193305e-07,0.16001883149147034,0.5964303016662598,0.022321002557873726,0.1764988899230957,0.5323382616043091,0.020201455801725388,0.20283448696136475,0.4882194697856903,0.010861178860068321,0.23249788582324982,0.4667927324771881,0.001711591612547636,0.1706743836402893,0.4940793216228485,-0.007140567991882563,0.1961323618888855,0.4133549630641937,-0.021822933107614517,0.2057448774576187,0.36236926913261414,-0.02949293702840805,0.20874591171741486,0.32197946310043335,-0.03396105021238327,0.18853655457496643,0.5083972811698914,-0.02707187458872795,0.25250735878944397,0.43279218673706055,-0.040256232023239136,0.28856366872787476,0.38859260082244873,-0.045147355645895004,0.3109188377857208,0.35986965894699097,-0.048310358077287674,0.20990167558193207,0.5349118709564209,-0.04382019490003586,0.274192214012146,0.4758399724960327,-0.05106935650110245,0.2924152612686157,0.5043518543243408,-0.03820227086544037,0.2943985164165497,0.5333308577537537,-0.026841901242733,0.2343582957983017,0.5650681257247925,-0.05948019400238991,0.2857489585876465,0.5178869366645813,-0.058211490511894226,0.3029526472091675,0.5288040041923523,-0.04340618476271629,0.30805617570877075,0.5448774695396423,-0.03047492913901806,0.0,0.0,0.0,0.0,0.0,0.0,0.0,0.0,0.0,0.0,0.0,0.0,0.0,0.0,0.0,0.0,0.0,0.0,0.0,0.0,0.0,0.0,0.0,0.0,0.0,0.0,0.0,0.0,0.0,0.0,0.0,0.0,0.0,0.0,0.0,0.0,0.0,0.0,0.0,0.0,0.0,0.0,0.0,0.0,0.0,0.0,0.0,0.0,0.0,0.0,0.0,0.0,0.0,0.0,0.0,0.0,0.0,0.0,0.0,0.0,0.0,0.0,0.0,か
0.16708126664161682,0.6798186302185059,4.777547246703762e-07,0.15985187888145447,0.5974330306053162,0.021107520908117294,0.177141010761261,0.5331477522850037,0.01852092333137989,0.2041921317577362,0.4906126856803894,0.008828926831483841,0.23419511318206787,0.47073811292648315,-0.0006409238558262587,0.17085127532482147,0.49498072266578674,-0.007506224326789379,0.19627033174037933,0.41332319378852844,-0.02256261371076107,0.2056249976158142,0.3619805574417114,-0.030386941507458687,0.2083890587091446,0.32153910398483276,-0.034935113042593,0.18885652720928192,0.5087195038795471,-0.027096742764115334,0.25204911828041077,0.4324246048927307,-0.0406268946826458,0.288089394569397,0.3888009786605835,-0.04543724283576012,0.3105325400829315,0.36023426055908203,-0.048351891338825226,0.21013769507408142,0.5343966484069824,-0.043750811368227005,0.2742951512336731,0.474762499332428,-0.051862407475709915,0.2920898199081421,0.5031915307044983,-0.03923923894762993,0.2937459945678711,0.5320289134979248,-0.027726002037525177,0.23455274105072021,0.5642062425613403,-0.05944409221410751,0.2861950397491455,0.5180763006210327,-0.059000104665756226,0.3035357594490051,0.5283243656158447,-0.04468410834670067,0.3089200556278229,0.5433995127677917,-0.031924083828926086,0.0,0.0,0.0,0.0,0.0,0.0,0.0,0.0,0.0,0.0,0.0,0.0,0.0,0.0,0.0,0.0,0.0,0.0,0.0,0.0,0.0,0.0,0.0,0.0,0.0,0.0,0.0,0.0,0.0,0.0,0.0,0.0,0.0,0.0,0.0,0.0,0.0,0.0,0.0,0.0,0.0,0.0,0.0,0.0,0.0,0.0,0.0,0.0,0.0,0.0,0.0,0.0,0.0,0.0,0.0,0.0,0.0,0.0,0.0,0.0,0.0,0.0,0.0,か
0.16743920743465424,0.6795266270637512,4.727110365365661e-07,0.15934152901172638,0.5969411730766296,0.022984551265835762,0.17637531459331512,0.5328611135482788,0.021389326080679893,0.20358674228191376,0.4889155626296997,0.012519028037786484,0.23359628021717072,0.4680497646331787,0.003773402189835906,0.16984759271144867,0.4948735237121582,-0.006118712481111288,0.1959080696105957,0.4121171236038208,-0.019908437505364418,0.20537106692790985,0.3604883551597595,-0.026735100895166397,0.20824655890464783,0.32015931606292725,-0.030546508729457855,0.18854795396327972,0.509007453918457,-0.025906192138791084,0.2523135840892792,0.4315086007118225,-0.03796199709177017,0.2882612943649292,0.3874359726905823,-0.04171185567975044,0.31059524416923523,0.3589105010032654,-0.04401777684688568,0.21042674779891968,0.534955620765686,-0.0424921028316021,0.2741817235946655,0.47454777359962463,-0.04876834154129028,0.2911825180053711,0.5029985308647156,-0.03520355746150017,0.29236501455307007,0.5320842266082764,-0.02341563068330288,0.23499155044555664,0.564624011516571,-0.057983651757240295,0.2863248288631439,0.5169637203216553,-0.05573124811053276,0.3028791546821594,0.5275046825408936,-0.04044681414961815,0.30795031785964966,0.5432989597320557,-0.02722766436636448,0.0,0.0,0.0,0.0,0.0,0.0,0.0,0.0,0.0,0.0,0.0,0.0,0.0,0.0,0.0,0.0,0.0,0.0,0.0,0.0,0.0,0.0,0.0,0.0,0.0,0.0,0.0,0.0,0.0,0.0,0.0,0.0,0.0,0.0,0.0,0.0,0.0,0.0,0.0,0.0,0.0,0.0,0.0,0.0,0.0,0.0,0.0,0.0,0.0,0.0,0.0,0.0,0.0,0.0,0.0,0.0,0.0,0.0,0.0,0.0,0.0,0.0,0.0,か
0.16789399087429047,0.6780327558517456,4.791373271473276e-07,0.1604713797569275,0.5954276323318481,0.02053358033299446,0.1773393750190735,0.5310913920402527,0.017730604857206345,0.20435018837451935,0.48731058835983276,0.007946484722197056,0.2342398762702942,0.46653270721435547,-0.0015192367136478424,0.17007821798324585,0.4930422604084015,-0.007722126320004463,0.19588853418827057,0.41226208209991455,-0.022699791938066483,0.20569631457328796,0.3614075779914856,-0.030553221702575684,0.20870433747768402,0.3212580680847168,-0.03502241522073746,0.18802574276924133,0.5075530409812927,-0.027068857103586197,0.2516409754753113,0.43223536014556885,-0.0403740219771862,0.2878549098968506,0.388249933719635,-0.04509644955396652,0.31057995557785034,0.35930490493774414,-0.04803498461842537,0.20949973165988922,0.5336381196975708,-0.04357381910085678,0.27375832200050354,0.47533419728279114,-0.05158364772796631,0.29103896021842957,0.5033457279205322,-0.03925791755318642,0.2927490472793579,0.5319470167160034,-0.028030842542648315,0.234380841255188,0.5633827447891235,-0.05915096029639244,0.28584614396095276,0.5176371932029724,-0.05816027894616127,0.30245983600616455,0.5279778838157654,-0.043741658329963684,0.30768367648124695,0.5429970622062683,-0.031097540631890297,0.0,0.0,0.0,0.0,0.0,0.0,0.0,0.0,0.0,0.0,0.0,0.0,0.0,0.0,0.0,0.0,0.0,0.0,0.0,0.0,0.0,0.0,0.0,0.0,0.0,0.0,0.0,0.0,0.0,0.0,0.0,0.0,0.0,0.0,0.0,0.0,0.0,0.0,0.0,0.0,0.0,0.0,0.0,0.0,0.0,0.0,0.0,0.0,0.0,0.0,0.0,0.0,0.0,0.0,0.0,0.0,0.0,0.0,0.0,0.0,0.0,0.0,0.0,か
0.16658835113048553,0.6797109842300415,4.6977254442026606e-07,0.1591254472732544,0.5969451069831848,0.021502360701560974,0.17594723403453827,0.5324293971061707,0.019312528893351555,0.20276138186454773,0.48902449011802673,0.009978758171200752,0.23228298127651215,0.4678732752799988,0.0008327708346769214,0.16984239220619202,0.4940413236618042,-0.00685402937233448,0.1961039900779724,0.4128113090991974,-0.021431939676404,0.2059432864189148,0.3617560863494873,-0.02889612689614296,0.20896780490875244,0.3215848207473755,-0.033030349761247635,0.18834814429283142,0.5084815621376038,-0.026512280106544495,0.2524179518222809,0.43269526958465576,-0.03949425369501114,0.28825002908706665,0.3883397579193115,-0.04427177459001541,0.3105525076389313,0.3591289520263672,-0.04721633344888687,0.21014896035194397,0.5345695614814758,-0.043193843215703964,0.27384626865386963,0.4759649634361267,-0.05104542896151543,0.2914617955684662,0.5041585564613342,-0.03918534889817238,0.2935696542263031,0.5329533815383911,-0.02822168916463852,0.23489995300769806,0.5642905235290527,-0.05878186970949173,0.28528785705566406,0.5174576640129089,-0.057682763785123825,0.30199119448661804,0.5285260677337646,-0.04330039396882057,0.30730554461479187,0.5448037981987,-0.030613340437412262,0.0,0.0,0.0,0.0,0.0,0.0,0.0,0.0,0.0,0.0,0.0,0.0,0.0,0.0,0.0,0.0,0.0,0.0,0.0,0.0,0.0,0.0,0.0,0.0,0.0,0.0,0.0,0.0,0.0,0.0,0.0,0.0,0.0,0.0,0.0,0.0,0.0,0.0,0.0,0.0,0.0,0.0,0.0,0.0,0.0,0.0,0.0,0.0,0.0,0.0,0.0,0.0,0.0,0.0,0.0,0.0,0.0,0.0,0.0,0.0,0.0,0.0,0.0,か
0.167481929063797,0.6751253604888916,4.73296893233055e-07,0.16060972213745117,0.5918111801147461,0.019783830270171165,0.17770077288150787,0.5273820161819458,0.016574667766690254,0.20456117391586304,0.4832006096839905,0.0065882508642971516,0.23380552232265472,0.46205002069473267,-0.003125173971056938,0.16978703439235687,0.49207937717437744,-0.009356833063066006,0.19660821557044983,0.4113300144672394,-0.024065004661679268,0.20656520128250122,0.3612844944000244,-0.03126513957977295,0.20941688120365143,0.3214765787124634,-0.03520294651389122,0.18802109360694885,0.5075008869171143,-0.028510844334959984,0.252081036567688,0.43229609727859497,-0.04169686511158943,0.28761085867881775,0.3887006342411041,-0.046142905950546265,0.3095654845237732,0.3594694435596466,-0.04893156886100769,0.20980340242385864,0.5339267253875732,-0.04480121284723282,0.27321764826774597,0.475192129611969,-0.05361153185367584,0.29095694422721863,0.5038846731185913,-0.04234465956687927,0.2933121919631958,0.5329976677894592,-0.031744349747896194,0.23455172777175903,0.5635033249855042,-0.06006394326686859,0.28397509455680847,0.5165745615959167,-0.060253631323575974,0.30108869075775146,0.5275020003318787,-0.046869661659002304,0.30719637870788574,0.5435658097267151,-0.034907784312963486,0.0,0.0,0.0,0.0,0.0,0.0,0.0,0.0,0.0,0.0,0.0,0.0,0.0,0.0,0.0,0.0,0.0,0.0,0.0,0.0,0.0,0.0,0.0,0.0,0.0,0.0,0.0,0.0,0.0,0.0,0.0,0.0,0.0,0.0,0.0,0.0,0.0,0.0,0.0,0.0,0.0,0.0,0.0,0.0,0.0,0.0,0.0,0.0,0.0,0.0,0.0,0.0,0.0,0.0,0.0,0.0,0.0,0.0,0.0,0.0,0.0,0.0,0.0,か
0.1666010469198227,0.6764639019966125,4.552712766781042e-07,0.15907040238380432,0.5932474732398987,0.022583939135074615,0.1764010787010193,0.5284464359283447,0.021073995158076286,0.20220787823200226,0.4828350841999054,0.012404853478074074,0.23015958070755005,0.4600105583667755,0.003962622489780188,0.16964364051818848,0.4914097785949707,-0.0057311044074594975,0.1956952065229416,0.4114994406700134,-0.020208608359098434,0.20539619028568268,0.3612816333770752,-0.027906643226742744,0.208261638879776,0.3213171064853668,-0.03236917778849602,0.18766790628433228,0.5066384077072144,-0.025726381689310074,0.2509266138076782,0.43118321895599365,-0.03845406696200371,0.286545068025589,0.3869761824607849,-0.043286703526973724,0.3084562420845032,0.35737648606300354,-0.046564891934394836,0.20890887081623077,0.5330191254615784,-0.0426790788769722,0.2724016308784485,0.47188958525657654,-0.05042507126927376,0.29040682315826416,0.5001801252365112,-0.03828686848282814,0.29277634620666504,0.5290561318397522,-0.027368677780032158,0.23318146169185638,0.5629230737686157,-0.058462705463171005,0.2838437259197235,0.5153314471244812,-0.05783659964799881,0.30095863342285156,0.5259102582931519,-0.043872177600860596,0.30660200119018555,0.5412099957466125,-0.03159813582897186,0.0,0.0,0.0,0.0,0.0,0.0,0.0,0.0,0.0,0.0,0.0,0.0,0.0,0.0,0.0,0.0,0.0,0.0,0.0,0.0,0.0,0.0,0.0,0.0,0.0,0.0,0.0,0.0,0.0,0.0,0.0,0.0,0.0,0.0,0.0,0.0,0.0,0.0,0.0,0.0,0.0,0.0,0.0,0.0,0.0,0.0,0.0,0.0,0.0,0.0,0.0,0.0,0.0,0.0,0.0,0.0,0.0,0.0,0.0,0.0,0.0,0.0,0.0,か
0.16709160804748535,0.6760671734809875,4.5895717448729556e-07,0.15916095674037933,0.5935811400413513,0.0223062876611948,0.17674846947193146,0.5295177698135376,0.020544754341244698,0.20351684093475342,0.4854876399040222,0.011654186993837357,0.2334941029548645,0.46477317810058594,0.0029987585730850697,0.16986767947673798,0.4916102886199951,-0.006200978998094797,0.19543327391147614,0.4109181761741638,-0.020504377782344818,0.20507043600082397,0.3605833649635315,-0.028125910088419914,0.208066925406456,0.3202367424964905,-0.03263942897319794,0.1881321370601654,0.5065643787384033,-0.0258327629417181,0.2505997121334076,0.4303390681743622,-0.03807353600859642,0.2863347828388214,0.38642218708992004,-0.04261600598692894,0.3084776997566223,0.3573143482208252,-0.04586781933903694,0.20969951152801514,0.5329371094703674,-0.042363300919532776,0.2724155783653259,0.4717867076396942,-0.04928890988230705,0.2902052402496338,0.49991080164909363,-0.03661464899778366,0.2920245826244354,0.529047966003418,-0.025625141337513924,0.23394936323165894,0.562431812286377,-0.057848744094371796,0.28486111760139465,0.5156052708625793,-0.05667821317911148,0.30199140310287476,0.5266820788383484,-0.04240858182311058,0.3071892261505127,0.5423948764801025,-0.030036620795726776,0.0,0.0,0.0,0.0,0.0,0.0,0.0,0.0,0.0,0.0,0.0,0.0,0.0,0.0,0.0,0.0,0.0,0.0,0.0,0.0,0.0,0.0,0.0,0.0,0.0,0.0,0.0,0.0,0.0,0.0,0.0,0.0,0.0,0.0,0.0,0.0,0.0,0.0,0.0,0.0,0.0,0.0,0.0,0.0,0.0,0.0,0.0,0.0,0.0,0.0,0.0,0.0,0.0,0.0,0.0,0.0,0.0,0.0,0.0,0.0,0.0,0.0,0.0,か
0.16775543987751007,0.675578773021698,4.666313770940178e-07,0.1597008854150772,0.5934996008872986,0.02262820675969124,0.17631003260612488,0.530119001865387,0.0204896479845047,0.20281633734703064,0.48565661907196045,0.011135549284517765,0.2325102984905243,0.46440616250038147,0.002056950004771352,0.16959747672080994,0.4910231828689575,-0.007267115171998739,0.1960069239139557,0.41031503677368164,-0.021578863263130188,0.2058701515197754,0.3599463105201721,-0.029093140736222267,0.20865249633789062,0.3197270631790161,-0.03368888050317764,0.1876421570777893,0.5064651966094971,-0.027294473722577095,0.2507058084011078,0.43064022064208984,-0.04019312560558319,0.2868330478668213,0.386353075504303,-0.045053381472826004,0.30940937995910645,0.35718870162963867,-0.04861924424767494,0.209138885140419,0.5332661867141724,-0.04402746260166168,0.27266770601272583,0.4724670648574829,-0.05071153864264488,0.2902642488479614,0.500430166721344,-0.03719650208950043,0.29190748929977417,0.5293200612068176,-0.025860974565148354,0.2336517572402954,0.562986433506012,-0.05974690243601799,0.28452232480049133,0.5158756971359253,-0.058359209448099136,0.3017282783985138,0.5263217091560364,-0.0436132475733757,0.30699026584625244,0.5415952801704407,-0.030983800068497658,0.0,0.0,0.0,0.0,0.0,0.0,0.0,0.0,0.0,0.0,0.0,0.0,0.0,0.0,0.0,0.0,0.0,0.0,0.0,0.0,0.0,0.0,0.0,0.0,0.0,0.0,0.0,0.0,0.0,0.0,0.0,0.0,0.0,0.0,0.0,0.0,0.0,0.0,0.0,0.0,0.0,0.0,0.0,0.0,0.0,0.0,0.0,0.0,0.0,0.0,0.0,0.0,0.0,0.0,0.0,0.0,0.0,0.0,0.0,0.0,0.0,0.0,0.0,か
0.16786739230155945,0.6767762303352356,4.6267757625173545e-07,0.15940290689468384,0.5948621034622192,0.022184135392308235,0.17620635032653809,0.5305855870246887,0.020373104140162468,0.20330080389976501,0.4867255687713623,0.011441906914114952,0.23344264924526215,0.4658966064453125,0.0027796041686087847,0.16959482431411743,0.49267157912254333,-0.0067121293395757675,0.19596220552921295,0.4120229482650757,-0.021351080387830734,0.20553357899188995,0.3614150285720825,-0.029347054660320282,0.20825502276420593,0.32088202238082886,-0.0342402458190918,0.1874115914106369,0.5072652101516724,-0.026273123919963837,0.25015947222709656,0.4312829375267029,-0.03890667483210564,0.2861495018005371,0.38737720251083374,-0.04392938315868378,0.308722585439682,0.35804474353790283,-0.04769566282629967,0.2087152600288391,0.533301591873169,-0.042714811861515045,0.2728438675403595,0.47218945622444153,-0.049718644469976425,0.2904035449028015,0.5013368725776672,-0.0369722954928875,0.29210108518600464,0.5309252738952637,-0.02604469656944275,0.2331048995256424,0.5624796152114868,-0.05814388394355774,0.2845954895019531,0.5157815217971802,-0.05736180767416954,0.3018738627433777,0.5267695784568787,-0.04335456341505051,0.307284951210022,0.5422474145889282,-0.031166164204478264,0.0,0.0,0.0,0.0,0.0,0.0,0.0,0.0,0.0,0.0,0.0,0.0,0.0,0.0,0.0,0.0,0.0,0.0,0.0,0.0,0.0,0.0,0.0,0.0,0.0,0.0,0.0,0.0,0.0,0.0,0.0,0.0,0.0,0.0,0.0,0.0,0.0,0.0,0.0,0.0,0.0,0.0,0.0,0.0,0.0,0.0,0.0,0.0,0.0,0.0,0.0,0.0,0.0,0.0,0.0,0.0,0.0,0.0,0.0,0.0,0.0,0.0,0.0,か
0.16626517474651337,0.6767512559890747,4.6762204419792397e-07,0.15860171616077423,0.5944800972938538,0.02199319377541542,0.17579425871372223,0.530247688293457,0.02027151547372341,0.20353174209594727,0.48696017265319824,0.011264743283390999,0.23388387262821198,0.4669477641582489,0.002445053542032838,0.1690751165151596,0.491543710231781,-0.005034058354794979,0.19507542252540588,0.4108089208602905,-0.019082197919487953,0.20463351905345917,0.3601216673851013,-0.02670152857899666,0.20755180716514587,0.31981924176216125,-0.031304217875003815,0.18739363551139832,0.5060471296310425,-0.02476632036268711,0.24965575337409973,0.4303215742111206,-0.03707826882600784,0.2856335937976837,0.3868058919906616,-0.04194885492324829,0.30836185812950134,0.3579553961753845,-0.045369554311037064,0.20878413319587708,0.5320086479187012,-0.04157007858157158,0.27244147658348083,0.4722350835800171,-0.049143970012664795,0.28991687297821045,0.5016942620277405,-0.03702555224299431,0.2915825843811035,0.5313569903373718,-0.026185952126979828,0.2331562489271164,0.5614649057388306,-0.05733463913202286,0.2845342755317688,0.5150471925735474,-0.05697063356637955,0.30176952481269836,0.5263357162475586,-0.04312488064169884,0.3071623146533966,0.5422899127006531,-0.03089078702032566,0.0,0.0,0.0,0.0,0.0,0.0,0.0,0.0,0.0,0.0,0.0,0.0,0.0,0.0,0.0,0.0,0.0,0.0,0.0,0.0,0.0,0.0,0.0,0.0,0.0,0.0,0.0,0.0,0.0,0.0,0.0,0.0,0.0,0.0,0.0,0.0,0.0,0.0,0.0,0.0,0.0,0.0,0.0,0.0,0.0,0.0,0.0,0.0,0.0,0.0,0.0,0.0,0.0,0.0,0.0,0.0,0.0,0.0,0.0,0.0,0.0,0.0,0.0,か
0.16690266132354736,0.6759909987449646,4.5948513616167475e-07,0.1591465175151825,0.5925446152687073,0.02218201570212841,0.17574942111968994,0.5281878709793091,0.02043130435049534,0.20146682858467102,0.48287391662597656,0.011494840495288372,0.23022553324699402,0.46071794629096985,0.0028011128306388855,0.1692829728126526,0.489959180355072,-0.005589797627180815,0.194736048579216,0.41014593839645386,-0.01958337612450123,0.20431038737297058,0.3601793050765991,-0.026830360293388367,0.20717795193195343,0.3201464116573334,-0.030993465334177017,0.1869366466999054,0.5051261186599731,-0.0254144836217165,0.24990542232990265,0.430291086435318,-0.037892021238803864,0.2855834364891052,0.3860573470592499,-0.04270181059837341,0.30795514583587646,0.3568671941757202,-0.045968905091285706,0.20823261141777039,0.5316564440727234,-0.04225366190075874,0.271578311920166,0.4725632965564728,-0.05001041665673256,0.2908758521080017,0.4998258352279663,-0.03888462856411934,0.2946473956108093,0.5285432934761047,-0.02869420312345028,0.23269861936569214,0.5613797903060913,-0.05790022388100624,0.283426970243454,0.5159764289855957,-0.05717535689473152,0.3009166121482849,0.52643883228302,-0.04384216293692589,0.3070460259914398,0.5417185425758362,-0.032106317579746246,0.0,0.0,0.0,0.0,0.0,0.0,0.0,0.0,0.0,0.0,0.0,0.0,0.0,0.0,0.0,0.0,0.0,0.0,0.0,0.0,0.0,0.0,0.0,0.0,0.0,0.0,0.0,0.0,0.0,0.0,0.0,0.0,0.0,0.0,0.0,0.0,0.0,0.0,0.0,0.0,0.0,0.0,0.0,0.0,0.0,0.0,0.0,0.0,0.0,0.0,0.0,0.0,0.0,0.0,0.0,0.0,0.0,0.0,0.0,0.0,0.0,0.0,0.0,か
0.16680973768234253,0.6733765006065369,4.622498863682267e-07,0.15895511209964752,0.590749979019165,0.02211923897266388,0.1755550354719162,0.5268532037734985,0.020132621750235558,0.20171821117401123,0.48233598470687866,0.011032303795218468,0.23088772594928741,0.4612043499946594,0.0020887781865894794,0.1694476306438446,0.4893341064453125,-0.006741352379322052,0.19500227272510529,0.4093030095100403,-0.020828746259212494,0.20448514819145203,0.35929977893829346,-0.028040705248713493,0.20736223459243774,0.3194008469581604,-0.032236725091934204,0.18699873983860016,0.5044792890548706,-0.026489103212952614,0.24971789121627808,0.42909643054008484,-0.03895587846636772,0.28513821959495544,0.38496875762939453,-0.043659936636686325,0.3073788583278656,0.35589319467544556,-0.04701502248644829,0.2080231010913849,0.5308658480644226,-0.043157245963811874,0.27154073119163513,0.47150349617004395,-0.05084546282887459,0.2905092239379883,0.4991016089916229,-0.03946661949157715,0.29383397102355957,0.5281569361686707,-0.02926579676568508,0.2320263385772705,0.5604356527328491,-0.058652088046073914,0.28293201327323914,0.5147612690925598,-0.05829425901174545,0.3006983697414398,0.5253818035125732,-0.0450725257396698,0.306864470243454,0.5410400629043579,-0.0334431454539299,0.0,0.0,0.0,0.0,0.0,0.0,0.0,0.0,0.0,0.0,0.0,0.0,0.0,0.0,0.0,0.0,0.0,0.0,0.0,0.0,0.0,0.0,0.0,0.0,0.0,0.0,0.0,0.0,0.0,0.0,0.0,0.0,0.0,0.0,0.0,0.0,0.0,0.0,0.0,0.0,0.0,0.0,0.0,0.0,0.0,0.0,0.0,0.0,0.0,0.0,0.0,0.0,0.0,0.0,0.0,0.0,0.0,0.0,0.0,0.0,0.0,0.0,0.0,か
0.16702589392662048,0.6756976842880249,4.570732983211201e-07,0.15891560912132263,0.5935622453689575,0.022194448858499527,0.17533951997756958,0.5293427109718323,0.020360618829727173,0.20088613033294678,0.48474735021591187,0.0113604124635458,0.22969385981559753,0.462577760219574,0.0025751511566340923,0.16925875842571259,0.492432564496994,-0.0069202519953250885,0.19470341503620148,0.4112686514854431,-0.021482352167367935,0.20426151156425476,0.36032769083976746,-0.0291021466255188,0.20720912516117096,0.31990212202072144,-0.03354094177484512,0.18715009093284607,0.506987452507019,-0.026568545028567314,0.24985100328922272,0.4303579330444336,-0.03919649496674538,0.2857601046562195,0.3859444856643677,-0.04384968429803848,0.3081226944923401,0.3567976951599121,-0.04710286110639572,0.20849943161010742,0.5331100225448608,-0.04310247302055359,0.2719378173351288,0.47186291217803955,-0.05018076300621033,0.2898581624031067,0.5001782774925232,-0.03752496466040611,0.29190483689308167,0.5295924544334412,-0.026494808495044708,0.23271338641643524,0.5626772046089172,-0.05860054865479469,0.28361910581588745,0.5153763890266418,-0.05783822387456894,0.30132487416267395,0.5254771709442139,-0.043896693736314774,0.30719172954559326,0.5409191846847534,-0.031657520681619644,0.0,0.0,0.0,0.0,0.0,0.0,0.0,0.0,0.0,0.0,0.0,0.0,0.0,0.0,0.0,0.0,0.0,0.0,0.0,0.0,0.0,0.0,0.0,0.0,0.0,0.0,0.0,0.0,0.0,0.0,0.0,0.0,0.0,0.0,0.0,0.0,0.0,0.0,0.0,0.0,0.0,0.0,0.0,0.0,0.0,0.0,0.0,0.0,0.0,0.0,0.0,0.0,0.0,0.0,0.0,0.0,0.0,0.0,0.0,0.0,0.0,0.0,0.0,か
0.16695110499858856,0.6760399341583252,4.659484886815335e-07,0.1591140180826187,0.593737006187439,0.023123567923903465,0.17604747414588928,0.5292404890060425,0.02143079787492752,0.20245501399040222,0.4831373989582062,0.01222214289009571,0.23261405527591705,0.46231210231781006,0.0033013527281582355,0.1693648099899292,0.4910420775413513,-0.006004608701914549,0.1949964165687561,0.40945643186569214,-0.020090116187930107,0.20445814728736877,0.35860782861709595,-0.027524400502443314,0.20710283517837524,0.3184853494167328,-0.03226326033473015,0.18744723498821259,0.5056323409080505,-0.026439448818564415,0.25011715292930603,0.42967596650123596,-0.039799246937036514,0.28579774498939514,0.3857745826244354,-0.04523816704750061,0.30797508358955383,0.3573652505874634,-0.049182988703250885,0.20855817198753357,0.5321279168128967,-0.043570198118686676,0.2727018892765045,0.4711236357688904,-0.05073545500636101,0.2899584174156189,0.5019418597221375,-0.036929912865161896,0.2911287546157837,0.5321045517921448,-0.025274962186813354,0.23304662108421326,0.5619046092033386,-0.05969145894050598,0.28471100330352783,0.5148970484733582,-0.059001658111810684,0.30219194293022156,0.526216983795166,-0.044471029192209244,0.30753737688064575,0.5420935750007629,-0.03186935931444168,0.0,0.0,0.0,0.0,0.0,0.0,0.0,0.0,0.0,0.0,0.0,0.0,0.0,0.0,0.0,0.0,0.0,0.0,0.0,0.0,0.0,0.0,0.0,0.0,0.0,0.0,0.0,0.0,0.0,0.0,0.0,0.0,0.0,0.0,0.0,0.0,0.0,0.0,0.0,0.0,0.0,0.0,0.0,0.0,0.0,0.0,0.0,0.0,0.0,0.0,0.0,0.0,0.0,0.0,0.0,0.0,0.0,0.0,0.0,0.0,0.0,0.0,0.0,か
0.16573551297187805,0.6775524616241455,4.556145540846046e-07,0.1585768461227417,0.5945785045623779,0.023265372961759567,0.1761922687292099,0.5300136208534241,0.021854154765605927,0.20269034802913666,0.4849911034107208,0.012913430109620094,0.23191842436790466,0.4633692800998688,0.004173124674707651,0.16938695311546326,0.49084189534187317,-0.004475891590118408,0.19433367252349854,0.4101542532444,-0.018250247463583946,0.20387884974479675,0.35957133769989014,-0.025396350771188736,0.20698615908622742,0.31951385736465454,-0.029653266072273254,0.18753322958946228,0.504980206489563,-0.02480948157608509,0.24997399747371674,0.42923763394355774,-0.03722008690237999,0.2855735719203949,0.38553088903427124,-0.04191947728395462,0.30808302760124207,0.3573198616504669,-0.04512213170528412,0.20870910584926605,0.5310860276222229,-0.042046915739774704,0.27215683460235596,0.4718672037124634,-0.04895458742976189,0.28927505016326904,0.5009163022041321,-0.03621453046798706,0.2911745607852936,0.5301602482795715,-0.025061365216970444,0.23301352560520172,0.5612629652023315,-0.058182746171951294,0.2834417521953583,0.5151925683021545,-0.05693493410944939,0.30096516013145447,0.5251560807228088,-0.0428452342748642,0.30718162655830383,0.5398025512695312,-0.030551381409168243,0.0,0.0,0.0,0.0,0.0,0.0,0.0,0.0,0.0,0.0,0.0,0.0,0.0,0.0,0.0,0.0,0.0,0.0,0.0,0.0,0.0,0.0,0.0,0.0,0.0,0.0,0.0,0.0,0.0,0.0,0.0,0.0,0.0,0.0,0.0,0.0,0.0,0.0,0.0,0.0,0.0,0.0,0.0,0.0,0.0,0.0,0.0,0.0,0.0,0.0,0.0,0.0,0.0,0.0,0.0,0.0,0.0,0.0,0.0,0.0,0.0,0.0,0.0,か
0.1657252311706543,0.6732826232910156,4.526985151187546e-07,0.15905718505382538,0.5903654098510742,0.019825195893645287,0.1756947636604309,0.5245245695114136,0.017186379060149193,0.20165176689624786,0.4801815152168274,0.007864988408982754,0.23061180114746094,0.4586416482925415,-0.0011706113582476974,0.16931888461112976,0.4887850880622864,-0.007707349024713039,0.1944669783115387,0.4093722999095917,-0.022401778027415276,0.20375984907150269,0.35990867018699646,-0.029951632022857666,0.20668286085128784,0.3203510046005249,-0.03414716199040413,0.1872643381357193,0.5035877823829651,-0.026735112071037292,0.2488168179988861,0.42860713601112366,-0.03942345082759857,0.2837607264518738,0.38458481431007385,-0.04399622231721878,0.30586546659469604,0.355208158493042,-0.04693348705768585,0.20865187048912048,0.5296639204025269,-0.0430682972073555,0.2705818712711334,0.47047480940818787,-0.051923271268606186,0.2892296016216278,0.4974765181541443,-0.041763242334127426,0.2927752137184143,0.5263192653656006,-0.03193531185388565,0.23296324908733368,0.5596490502357483,-0.05834433436393738,0.28183451294898987,0.5133932828903198,-0.058784931898117065,0.2990703880786896,0.5237427949905396,-0.04619801789522171,0.3055168688297272,0.5397094488143921,-0.034835219383239746,0.0,0.0,0.0,0.0,0.0,0.0,0.0,0.0,0.0,0.0,0.0,0.0,0.0,0.0,0.0,0.0,0.0,0.0,0.0,0.0,0.0,0.0,0.0,0.0,0.0,0.0,0.0,0.0,0.0,0.0,0.0,0.0,0.0,0.0,0.0,0.0,0.0,0.0,0.0,0.0,0.0,0.0,0.0,0.0,0.0,0.0,0.0,0.0,0.0,0.0,0.0,0.0,0.0,0.0,0.0,0.0,0.0,0.0,0.0,0.0,0.0,0.0,0.0,か
0.16534607112407684,0.6750127673149109,4.480261281969433e-07,0.15867024660110474,0.5915806293487549,0.02318093553185463,0.175207257270813,0.5271189212799072,0.02161356434226036,0.1995822936296463,0.4804258942604065,0.0128317354246974,0.22718259692192078,0.4562129080295563,0.00409925589337945,0.16852661967277527,0.4900680184364319,-0.006379131227731705,0.19344821572303772,0.40899282693862915,-0.020693914964795113,0.20300333201885223,0.35862278938293457,-0.027904266491532326,0.20633158087730408,0.31871193647384644,-0.03178754448890686,0.18616883456707,0.5045052766799927,-0.02654557302594185,0.24920958280563354,0.4278150796890259,-0.03878767415881157,0.2844061255455017,0.3830622434616089,-0.043116357177495956,0.30603930354118347,0.35426899790763855,-0.045883145183324814,0.2076968401670456,0.5304782390594482,-0.04352686554193497,0.2706029415130615,0.47037792205810547,-0.050789229571819305,0.2896769642829895,0.49707674980163574,-0.0394488200545311,0.29340600967407227,0.5257393717765808,-0.02913486212491989,0.23244599997997284,0.5604065656661987,-0.05917109549045563,0.2820205092430115,0.5138276219367981,-0.057905279099941254,0.2996230125427246,0.5234553813934326,-0.044216644018888474,0.30626437067985535,0.5386216640472412,-0.03220129385590553,0.0,0.0,0.0,0.0,0.0,0.0,0.0,0.0,0.0,0.0,0.0,0.0,0.0,0.0,0.0,0.0,0.0,0.0,0.0,0.0,0.0,0.0,0.0,0.0,0.0,0.0,0.0,0.0,0.0,0.0,0.0,0.0,0.0,0.0,0.0,0.0,0.0,0.0,0.0,0.0,0.0,0.0,0.0,0.0,0.0,0.0,0.0,0.0,0.0,0.0,0.0,0.0,0.0,0.0,0.0,0.0,0.0,0.0,0.0,0.0,0.0,0.0,0.0,か
0.16622526943683624,0.6740267872810364,4.724203961359308e-07,0.15883459150791168,0.5913990139961243,0.02079715020954609,0.17622102797031403,0.5268664956092834,0.01803513430058956,0.2032669633626938,0.48192697763442993,0.008294996805489063,0.23324209451675415,0.4614192247390747,-0.0009447537013329566,0.1686895191669464,0.48950040340423584,-0.007737045641988516,0.19466476142406464,0.40868479013442993,-0.022501476109027863,0.20412196218967438,0.3581313490867615,-0.030147509649395943,0.20660433173179626,0.31853097677230835,-0.03467739373445511,0.18663610517978668,0.5042780041694641,-0.02721225470304489,0.24945400655269623,0.42905762791633606,-0.04092102870345116,0.2845836877822876,0.3845585584640503,-0.04638285934925079,0.30627739429473877,0.35526761412620544,-0.05006486549973488,0.2078837752342224,0.530380129814148,-0.043680962175130844,0.271720826625824,0.4714914560317993,-0.05162582919001579,0.2893766760826111,0.49961987137794495,-0.0391886942088604,0.29116004705429077,0.5282630324363708,-0.028124496340751648,0.23251523077487946,0.5598443150520325,-0.059252358973026276,0.28332242369651794,0.5146771669387817,-0.05867726728320122,0.300869882106781,0.5245193839073181,-0.04482290521264076,0.30665263533592224,0.5390000343322754,-0.032651737332344055,0.0,0.0,0.0,0.0,0.0,0.0,0.0,0.0,0.0,0.0,0.0,0.0,0.0,0.0,0.0,0.0,0.0,0.0,0.0,0.0,0.0,0.0,0.0,0.0,0.0,0.0,0.0,0.0,0.0,0.0,0.0,0.0,0.0,0.0,0.0,0.0,0.0,0.0,0.0,0.0,0.0,0.0,0.0,0.0,0.0,0.0,0.0,0.0,0.0,0.0,0.0,0.0,0.0,0.0,0.0,0.0,0.0,0.0,0.0,0.0,0.0,0.0,0.0,か
0.16604918241500854,0.673695981502533,4.7245822543118265e-07,0.15872642397880554,0.5922818183898926,0.02052432857453823,0.17523479461669922,0.5271837711334229,0.017668109387159348,0.20129181444644928,0.4809380769729614,0.007930664345622063,0.23006801307201385,0.4586038589477539,-0.0014506998704746366,0.16834774613380432,0.49006420373916626,-0.009007543325424194,0.19372732937335968,0.4087452292442322,-0.024004191160202026,0.20363742113113403,0.35809922218322754,-0.03157222270965576,0.20697659254074097,0.31849631667137146,-0.03592488914728165,0.18613916635513306,0.5047547817230225,-0.02827398106455803,0.2492002546787262,0.42852020263671875,-0.041941843926906586,0.2845401465892792,0.38431718945503235,-0.046984147280454636,0.3066016733646393,0.3556511402130127,-0.05024547874927521,0.20748934149742126,0.5307165384292603,-0.04451028257608414,0.2712976038455963,0.47074997425079346,-0.05270414054393768,0.28859588503837585,0.4992331266403198,-0.0402357243001461,0.2903405427932739,0.5285922884941101,-0.029003558680415154,0.23227527737617493,0.5601394176483154,-0.059824373573064804,0.28289636969566345,0.5145217180252075,-0.05973656103014946,0.30079200863838196,0.5234376192092896,-0.04619457200169563,0.3071574568748474,0.5374993085861206,-0.034095410257577896,0.0,0.0,0.0,0.0,0.0,0.0,0.0,0.0,0.0,0.0,0.0,0.0,0.0,0.0,0.0,0.0,0.0,0.0,0.0,0.0,0.0,0.0,0.0,0.0,0.0,0.0,0.0,0.0,0.0,0.0,0.0,0.0,0.0,0.0,0.0,0.0,0.0,0.0,0.0,0.0,0.0,0.0,0.0,0.0,0.0,0.0,0.0,0.0,0.0,0.0,0.0,0.0,0.0,0.0,0.0,0.0,0.0,0.0,0.0,0.0,0.0,0.0,0.0,か
0.16638459265232086,0.6730044484138489,4.7313156414929836e-07,0.15815463662147522,0.5908618569374084,0.022662434726953506,0.17493648827075958,0.5269522666931152,0.020555438473820686,0.20150300860404968,0.48200374841690063,0.011091429740190506,0.23186153173446655,0.4618668556213379,0.0018578015733510256,0.16836540400981903,0.48932385444641113,-0.0071351113729178905,0.19425863027572632,0.4088163375854492,-0.021591773256659508,0.2041202187538147,0.35826101899147034,-0.029102720320224762,0.2072906196117401,0.3186170160770416,-0.03372148424386978,0.18663562834262848,0.5040313005447388,-0.027314459905028343,0.24926048517227173,0.4281078577041626,-0.04086493328213692,0.28471118211746216,0.38330739736557007,-0.04616677761077881,0.30700236558914185,0.3544011116027832,-0.04988541081547737,0.20783118903636932,0.5305355787277222,-0.044186513870954514,0.2715829610824585,0.4707496166229248,-0.05120180919766426,0.28858065605163574,0.5000149011611938,-0.03742305561900139,0.2899198532104492,0.5294629335403442,-0.02569718100130558,0.2322191447019577,0.5606340765953064,-0.06008274480700493,0.28325551748275757,0.5142806172370911,-0.05892612412571907,0.3008144497871399,0.5242729783058167,-0.04423990473151207,0.3064584732055664,0.5393261313438416,-0.03151286020874977,0.0,0.0,0.0,0.0,0.0,0.0,0.0,0.0,0.0,0.0,0.0,0.0,0.0,0.0,0.0,0.0,0.0,0.0,0.0,0.0,0.0,0.0,0.0,0.0,0.0,0.0,0.0,0.0,0.0,0.0,0.0,0.0,0.0,0.0,0.0,0.0,0.0,0.0,0.0,0.0,0.0,0.0,0.0,0.0,0.0,0.0,0.0,0.0,0.0,0.0,0.0,0.0,0.0,0.0,0.0,0.0,0.0,0.0,0.0,0.0,0.0,0.0,0.0,か
0.16654101014137268,0.6722046732902527,4.731996625650936e-07,0.15888670086860657,0.590233325958252,0.02025701105594635,0.1763068437576294,0.5264127254486084,0.017087524756789207,0.20353034138679504,0.4828014671802521,0.007031455636024475,0.23477253317832947,0.46379879117012024,-0.002727068727836013,0.1690487414598465,0.48998600244522095,-0.009108959697186947,0.19450655579566956,0.4098304510116577,-0.024338318035006523,0.20402243733406067,0.35912662744522095,-0.032172542065382004,0.20707319676876068,0.3193283677101135,-0.03689325973391533,0.1875397264957428,0.5040613412857056,-0.028481990098953247,0.2495395392179489,0.42887675762176514,-0.04247774928808212,0.2848813533782959,0.38432449102401733,-0.047729842364788055,0.30730128288269043,0.3551744222640991,-0.05125227943062782,0.20875105261802673,0.529934823513031,-0.044867366552352905,0.2717800736427307,0.4708701968193054,-0.05320696160197258,0.28877782821655273,0.4989575147628784,-0.04070479795336723,0.2906244099140167,0.5278334617614746,-0.029554808512330055,0.2329961508512497,0.5598586797714233,-0.0603935532271862,0.28290265798568726,0.5152268409729004,-0.06042272970080376,0.3002852201461792,0.5238075256347656,-0.04689351096749306,0.30645498633384705,0.5376162528991699,-0.034915369004011154,0.0,0.0,0.0,0.0,0.0,0.0,0.0,0.0,0.0,0.0,0.0,0.0,0.0,0.0,0.0,0.0,0.0,0.0,0.0,0.0,0.0,0.0,0.0,0.0,0.0,0.0,0.0,0.0,0.0,0.0,0.0,0.0,0.0,0.0,0.0,0.0,0.0,0.0,0.0,0.0,0.0,0.0,0.0,0.0,0.0,0.0,0.0,0.0,0.0,0.0,0.0,0.0,0.0,0.0,0.0,0.0,0.0,0.0,0.0,0.0,0.0,0.0,0.0,か
0.16696082055568695,0.6717039942741394,4.637751942482282e-07,0.15887194871902466,0.589363694190979,0.02168305777013302,0.1751113384962082,0.5247291326522827,0.019405173137784004,0.19911350309848785,0.47693976759910583,0.009950290434062481,0.22621838748455048,0.4529343843460083,0.0007543002720922232,0.16820435225963593,0.4893389046192169,-0.007397700101137161,0.19316941499710083,0.407941609621048,-0.021890506148338318,0.2030264437198639,0.35700011253356934,-0.028889594599604607,0.20649321377277374,0.3175767660140991,-0.03271231800317764,0.186529740691185,0.5034512877464294,-0.027288390323519707,0.24937796592712402,0.4277988076210022,-0.04081791266798973,0.28435927629470825,0.3835359811782837,-0.045647259801626205,0.3060351610183716,0.3550347089767456,-0.04852534458041191,0.20783235132694244,0.5291266441345215,-0.04407675191760063,0.271535187959671,0.4709888994693756,-0.05246540904045105,0.28848960995674133,0.5000700950622559,-0.040001917630434036,0.2901124060153961,0.5291757583618164,-0.028549376875162125,0.23240427672863007,0.5589237809181213,-0.05974862724542618,0.2828482389450073,0.5131542682647705,-0.059448737651109695,0.30028003454208374,0.5234958529472351,-0.045324478298425674,0.3060649037361145,0.5388917922973633,-0.032712049782276154,0.0,0.0,0.0,0.0,0.0,0.0,0.0,0.0,0.0,0.0,0.0,0.0,0.0,0.0,0.0,0.0,0.0,0.0,0.0,0.0,0.0,0.0,0.0,0.0,0.0,0.0,0.0,0.0,0.0,0.0,0.0,0.0,0.0,0.0,0.0,0.0,0.0,0.0,0.0,0.0,0.0,0.0,0.0,0.0,0.0,0.0,0.0,0.0,0.0,0.0,0.0,0.0,0.0,0.0,0.0,0.0,0.0,0.0,0.0,0.0,0.0,0.0,0.0,か
0.1660187542438507,0.6705384850502014,4.704037621650059e-07,0.158235102891922,0.5878491401672363,0.01999865472316742,0.17479826509952545,0.5230603218078613,0.016858622431755066,0.2008792906999588,0.47854873538017273,0.006899490486830473,0.23041212558746338,0.45784592628479004,-0.00286959414370358,0.16831204295158386,0.48829466104507446,-0.009276226162910461,0.19365033507347107,0.4079076051712036,-0.02410365827381611,0.20337697863578796,0.3576465845108032,-0.031296469271183014,0.20671409368515015,0.3182135224342346,-0.03524836525321007,0.1864612102508545,0.5027287006378174,-0.028560034930706024,0.24919576942920685,0.42712637782096863,-0.04197036474943161,0.284379243850708,0.383115291595459,-0.04637753218412399,0.30636245012283325,0.35420092940330505,-0.04900108277797699,0.207913339138031,0.5287426710128784,-0.04493910074234009,0.271109014749527,0.46998047828674316,-0.05390377715229988,0.2886284589767456,0.4983617961406708,-0.04239202290773392,0.29066362977027893,0.5275543332099915,-0.03151699900627136,0.2322687953710556,0.5586850047111511,-0.060279328376054764,0.28215232491493225,0.5126248002052307,-0.06068519875407219,0.2995230257511139,0.5228114128112793,-0.04726719483733177,0.3055112063884735,0.5386350750923157,-0.035157762467861176,0.0,0.0,0.0,0.0,0.0,0.0,0.0,0.0,0.0,0.0,0.0,0.0,0.0,0.0,0.0,0.0,0.0,0.0,0.0,0.0,0.0,0.0,0.0,0.0,0.0,0.0,0.0,0.0,0.0,0.0,0.0,0.0,0.0,0.0,0.0,0.0,0.0,0.0,0.0,0.0,0.0,0.0,0.0,0.0,0.0,0.0,0.0,0.0,0.0,0.0,0.0,0.0,0.0,0.0,0.0,0.0,0.0,0.0,0.0,0.0,0.0,0.0,0.0,か
0.16474317014217377,0.6732099652290344,4.816328669221548e-07,0.15697598457336426,0.5911256074905396,0.02039291523396969,0.17473562061786652,0.5263534188270569,0.017458200454711914,0.2017781287431717,0.4815128445625305,0.007560098543763161,0.23260928690433502,0.4619036912918091,-0.0019747221376746893,0.1675354540348053,0.4892064929008484,-0.008160626515746117,0.19345778226852417,0.40909600257873535,-0.022986842319369316,0.20342595875263214,0.35865795612335205,-0.030613986775279045,0.20691336691379547,0.31931978464126587,-0.03528456389904022,0.18588706851005554,0.5035210251808167,-0.027702536433935165,0.24844017624855042,0.42821669578552246,-0.04166797921061516,0.2839115858078003,0.3838161826133728,-0.04727380722761154,0.30618172883987427,0.3545013666152954,-0.05103367939591408,0.20685702562332153,0.5296590328216553,-0.044265083968639374,0.27075105905532837,0.4700053334236145,-0.05293021723628044,0.2886664867401123,0.4991905689239502,-0.04055555909872055,0.29065221548080444,0.5286555290222168,-0.029359987005591393,0.23100051283836365,0.5596452951431274,-0.05992845445871353,0.2820243835449219,0.5152522921562195,-0.06045409291982651,0.3005109429359436,0.5241571068763733,-0.04714764282107353,0.30692481994628906,0.5378628373146057,-0.035206668078899384,0.0,0.0,0.0,0.0,0.0,0.0,0.0,0.0,0.0,0.0,0.0,0.0,0.0,0.0,0.0,0.0,0.0,0.0,0.0,0.0,0.0,0.0,0.0,0.0,0.0,0.0,0.0,0.0,0.0,0.0,0.0,0.0,0.0,0.0,0.0,0.0,0.0,0.0,0.0,0.0,0.0,0.0,0.0,0.0,0.0,0.0,0.0,0.0,0.0,0.0,0.0,0.0,0.0,0.0,0.0,0.0,0.0,0.0,0.0,0.0,0.0,0.0,0.0,か
0.16504763066768646,0.6696617603302002,4.6891315719221893e-07,0.15727192163467407,0.5880988240242004,0.017187096178531647,0.17401261627674103,0.5211818814277649,0.013085980899631977,0.19976969063282013,0.4739764332771301,0.0029806913807988167,0.2289731353521347,0.4519755244255066,-0.006626153364777565,0.16705819964408875,0.4885454475879669,-0.012987537309527397,0.191836416721344,0.4095774292945862,-0.029405785724520683,0.20131531357765198,0.35979244112968445,-0.03775476664304733,0.20477083325386047,0.32058244943618774,-0.042415961623191833,0.18484017252922058,0.5042194128036499,-0.031001444905996323,0.2468339204788208,0.42849695682525635,-0.04562471807003021,0.2816026210784912,0.38447239995002747,-0.05060987174510956,0.3035001754760742,0.3554168939590454,-0.05371594801545143,0.2059503197669983,0.5301352739334106,-0.04632153362035751,0.2693197727203369,0.4699738323688507,-0.056907422840595245,0.28708702325820923,0.4977734684944153,-0.04625397175550461,0.289694219827652,0.5269151329994202,-0.03577454388141632,0.23021367192268372,0.5595033168792725,-0.060773108154535294,0.28071165084838867,0.5138611793518066,-0.06254585832357407,0.29833778738975525,0.5229997038841248,-0.0503045879304409,0.3048839867115021,0.5374583601951599,-0.039016757160425186,0.0,0.0,0.0,0.0,0.0,0.0,0.0,0.0,0.0,0.0,0.0,0.0,0.0,0.0,0.0,0.0,0.0,0.0,0.0,0.0,0.0,0.0,0.0,0.0,0.0,0.0,0.0,0.0,0.0,0.0,0.0,0.0,0.0,0.0,0.0,0.0,0.0,0.0,0.0,0.0,0.0,0.0,0.0,0.0,0.0,0.0,0.0,0.0,0.0,0.0,0.0,0.0,0.0,0.0,0.0,0.0,0.0,0.0,0.0,0.0,0.0,0.0,0.0,か
0.16520781815052032,0.6717963814735413,4.829586259802454e-07,0.15660898387432098,0.5897918939590454,0.019549492746591568,0.17276155948638916,0.5239830613136292,0.01632761023938656,0.1982303112745285,0.4774434566497803,0.00644981674849987,0.2271123230457306,0.45549458265304565,-0.0029678160790354013,0.16707369685173035,0.48829466104507446,-0.010245377197861671,0.19273130595684052,0.4095952808856964,-0.02592218853533268,0.20197084546089172,0.3596261143684387,-0.03439487889409065,0.20459191501140594,0.3199494481086731,-0.03965701162815094,0.18422764539718628,0.5037186145782471,-0.029409518465399742,0.24721863865852356,0.42880862951278687,-0.043945375829935074,0.28247323632240295,0.38427048921585083,-0.049866098910570145,0.3047202527523041,0.3545073866844177,-0.05397956818342209,0.20481377840042114,0.5303643941879272,-0.045579951256513596,0.2696823477745056,0.47022825479507446,-0.05459998548030853,0.2871552109718323,0.5002598762512207,-0.04200362786650658,0.28862524032592773,0.5301570892333984,-0.030708497390151024,0.22895994782447815,0.5602132678031921,-0.060938041657209396,0.28082019090652466,0.5131060481071472,-0.062137145549058914,0.29902470111846924,0.5231804251670837,-0.04871741309762001,0.3052448630332947,0.538393497467041,-0.036584239453077316,0.0,0.0,0.0,0.0,0.0,0.0,0.0,0.0,0.0,0.0,0.0,0.0,0.0,0.0,0.0,0.0,0.0,0.0,0.0,0.0,0.0,0.0,0.0,0.0,0.0,0.0,0.0,0.0,0.0,0.0,0.0,0.0,0.0,0.0,0.0,0.0,0.0,0.0,0.0,0.0,0.0,0.0,0.0,0.0,0.0,0.0,0.0,0.0,0.0,0.0,0.0,0.0,0.0,0.0,0.0,0.0,0.0,0.0,0.0,0.0,0.0,0.0,0.0,か
0.16396509110927582,0.671419620513916,4.860143576479459e-07,0.1564982831478119,0.589012086391449,0.019229164347052574,0.1739506721496582,0.5235944986343384,0.015757258981466293,0.20106777548789978,0.4782073497772217,0.005597452633082867,0.23166485130786896,0.45877474546432495,-0.004086844157427549,0.16692474484443665,0.48809176683425903,-0.00989499967545271,0.19217978417873383,0.40876495838165283,-0.024987831711769104,0.20145884156227112,0.35854628682136536,-0.032943159341812134,0.2043161243200302,0.31905269622802734,-0.03791112080216408,0.1845998615026474,0.5033983588218689,-0.029107732698321342,0.24684928357601166,0.4290626347064972,-0.04369395226240158,0.28181302547454834,0.3846684396266937,-0.049750566482543945,0.304129958152771,0.35518109798431396,-0.05383648723363876,0.2052561342716217,0.5298820734024048,-0.04535096883773804,0.26957517862319946,0.47115808725357056,-0.054655395448207855,0.2865197956562042,0.501407265663147,-0.04241494461894035,0.28790581226348877,0.5310636758804321,-0.031220557168126106,0.22947680950164795,0.5598018765449524,-0.06079826131463051,0.2805160582065582,0.5141291618347168,-0.06193022057414055,0.29889437556266785,0.5234346389770508,-0.048709895461797714,0.30561742186546326,0.5376455783843994,-0.03675469383597374,0.0,0.0,0.0,0.0,0.0,0.0,0.0,0.0,0.0,0.0,0.0,0.0,0.0,0.0,0.0,0.0,0.0,0.0,0.0,0.0,0.0,0.0,0.0,0.0,0.0,0.0,0.0,0.0,0.0,0.0,0.0,0.0,0.0,0.0,0.0,0.0,0.0,0.0,0.0,0.0,0.0,0.0,0.0,0.0,0.0,0.0,0.0,0.0,0.0,0.0,0.0,0.0,0.0,0.0,0.0,0.0,0.0,0.0,0.0,0.0,0.0,0.0,0.0,か
0.16312755644321442,0.6702333688735962,4.890937361778924e-07,0.15460722148418427,0.5898601412773132,0.016430241987109184,0.17121712863445282,0.5223234295845032,0.01209214050322771,0.1973651647567749,0.47513866424560547,0.001744731911458075,0.22729745507240295,0.4538518190383911,-0.00795432273298502,0.16495975852012634,0.48788362741470337,-0.01235896348953247,0.1912146806716919,0.40872716903686523,-0.028416763991117477,0.20088300108909607,0.35843586921691895,-0.0363631434738636,0.20396625995635986,0.3195032477378845,-0.04091048240661621,0.18258723616600037,0.5035547018051147,-0.029986083507537842,0.24523119628429413,0.42916399240493774,-0.04481062293052673,0.2801611125469208,0.3851795792579651,-0.049971725791692734,0.30223050713539124,0.3552292585372925,-0.05324935540556908,0.20318765938282013,0.5293545126914978,-0.045068927109241486,0.26748865842819214,0.4694686532020569,-0.056039705872535706,0.28537237644195557,0.4985153079032898,-0.0451958030462265,0.28789061307907104,0.5283078551292419,-0.03449784964323044,0.22695954144001007,0.5585115551948547,-0.05938628315925598,0.27832555770874023,0.514151930809021,-0.062254324555397034,0.2976045608520508,0.5230384469032288,-0.050734762102365494,0.3052542209625244,0.536804735660553,-0.039736803621053696,0.0,0.0,0.0,0.0,0.0,0.0,0.0,0.0,0.0,0.0,0.0,0.0,0.0,0.0,0.0,0.0,0.0,0.0,0.0,0.0,0.0,0.0,0.0,0.0,0.0,0.0,0.0,0.0,0.0,0.0,0.0,0.0,0.0,0.0,0.0,0.0,0.0,0.0,0.0,0.0,0.0,0.0,0.0,0.0,0.0,0.0,0.0,0.0,0.0,0.0,0.0,0.0,0.0,0.0,0.0,0.0,0.0,0.0,0.0,0.0,0.0,0.0,0.0,か
0.16011065244674683,0.6730641722679138,4.748111450680881e-07,0.15277831256389618,0.5911873579025269,0.01759600080549717,0.17019350826740265,0.5237077474594116,0.01392724085599184,0.19734342396259308,0.4785144627094269,0.003973966930061579,0.22750887274742126,0.45722103118896484,-0.0054305968806147575,0.16257348656654358,0.48954999446868896,-0.010180245153605938,0.1884230524301529,0.4099757671356201,-0.0263887420296669,0.19830968976020813,0.3597787320613861,-0.03484497219324112,0.20204460620880127,0.32083046436309814,-0.0394662544131279,0.1805925965309143,0.5046237111091614,-0.028559256345033646,0.24355417490005493,0.42929866909980774,-0.04330204799771309,0.27854737639427185,0.3846691846847534,-0.049016959965229034,0.3004903793334961,0.35497963428497314,-0.05237054079771042,0.20196811854839325,0.5299032926559448,-0.04441464692354202,0.2670631408691406,0.47048747539520264,-0.055789168924093246,0.2853744924068451,0.4993296265602112,-0.046111684292554855,0.28830063343048096,0.5291079878807068,-0.035871684551239014,0.2266072928905487,0.5588952898979187,-0.059308554977178574,0.27764952182769775,0.5130391120910645,-0.06205938011407852,0.2960246503353119,0.5244478583335876,-0.05021706596016884,0.30320724844932556,0.5406662821769714,-0.03880250081419945,0.0,0.0,0.0,0.0,0.0,0.0,0.0,0.0,0.0,0.0,0.0,0.0,0.0,0.0,0.0,0.0,0.0,0.0,0.0,0.0,0.0,0.0,0.0,0.0,0.0,0.0,0.0,0.0,0.0,0.0,0.0,0.0,0.0,0.0,0.0,0.0,0.0,0.0,0.0,0.0,0.0,0.0,0.0,0.0,0.0,0.0,0.0,0.0,0.0,0.0,0.0,0.0,0.0,0.0,0.0,0.0,0.0,0.0,0.0,0.0,0.0,0.0,0.0,か
0.15844297409057617,0.669705331325531,4.779454343406542e-07,0.1507798135280609,0.5896607041358948,0.014534999616444111,0.16738295555114746,0.5201639533042908,0.009750192984938622,0.1928689181804657,0.4720076322555542,-0.0003286557912360877,0.2215411514043808,0.4491828382015228,-0.009822036139667034,0.16113294661045074,0.48781317472457886,-0.015074093826115131,0.18568244576454163,0.40844351053237915,-0.0317622646689415,0.195550337433815,0.35816559195518494,-0.04003997892141342,0.19982342422008514,0.3195182979106903,-0.04431266710162163,0.17896625399589539,0.5037281513214111,-0.03181134909391403,0.24195559322834015,0.42767229676246643,-0.0466931127011776,0.2761044502258301,0.3829863667488098,-0.051596615463495255,0.29710307717323303,0.3524973392486572,-0.05436650291085243,0.20017050206661224,0.529301106929779,-0.04613759368658066,0.2632581889629364,0.46915286779403687,-0.058332253247499466,0.28140899538993835,0.4949052631855011,-0.049762580543756485,0.28496256470680237,0.523556649684906,-0.04019492492079735,0.2244611531496048,0.5588880181312561,-0.05957725644111633,0.27350589632987976,0.5118615627288818,-0.0629153698682785,0.2916528284549713,0.5204204320907593,-0.05219375342130661,0.2996043860912323,0.534917414188385,-0.0416928194463253,0.0,0.0,0.0,0.0,0.0,0.0,0.0,0.0,0.0,0.0,0.0,0.0,0.0,0.0,0.0,0.0,0.0,0.0,0.0,0.0,0.0,0.0,0.0,0.0,0.0,0.0,0.0,0.0,0.0,0.0,0.0,0.0,0.0,0.0,0.0,0.0,0.0,0.0,0.0,0.0,0.0,0.0,0.0,0.0,0.0,0.0,0.0,0.0,0.0,0.0,0.0,0.0,0.0,0.0,0.0,0.0,0.0,0.0,0.0,0.0,0.0,0.0,0.0,か
0.15755201876163483,0.6746545433998108,4.6259251007541025e-07,0.14987125992774963,0.5906507968902588,0.02224835753440857,0.16692207753658295,0.5247204899787903,0.020275762304663658,0.19338566064834595,0.4794875383377075,0.011322246864438057,0.22318053245544434,0.4586328864097595,0.002497695852071047,0.16020992398262024,0.48827967047691345,-0.008200520649552345,0.1842634677886963,0.40807464718818665,-0.02342756651341915,0.1932418793439865,0.3573809266090393,-0.03147996589541435,0.19649603962898254,0.31743124127388,-0.0361601747572422,0.1773257851600647,0.5027718544006348,-0.02816864289343357,0.24059055745601654,0.4264662265777588,-0.04148746654391289,0.2751657962799072,0.38090065121650696,-0.04682039096951485,0.2965972125530243,0.3514103889465332,-0.050450678914785385,0.19823354482650757,0.5286129713058472,-0.04497728869318962,0.26255542039871216,0.46847808361053467,-0.053494181483983994,0.28272294998168945,0.49653860926628113,-0.042765140533447266,0.2872196435928345,0.5257385969161987,-0.03267252817749977,0.22263143956661224,0.5585728883743286,-0.06050540506839752,0.2737618684768677,0.5108490586280823,-0.060937073081731796,0.2927777171134949,0.5219445824623108,-0.04808400571346283,0.3005386292934418,0.538191020488739,-0.03639766573905945,0.0,0.0,0.0,0.0,0.0,0.0,0.0,0.0,0.0,0.0,0.0,0.0,0.0,0.0,0.0,0.0,0.0,0.0,0.0,0.0,0.0,0.0,0.0,0.0,0.0,0.0,0.0,0.0,0.0,0.0,0.0,0.0,0.0,0.0,0.0,0.0,0.0,0.0,0.0,0.0,0.0,0.0,0.0,0.0,0.0,0.0,0.0,0.0,0.0,0.0,0.0,0.0,0.0,0.0,0.0,0.0,0.0,0.0,0.0,0.0,0.0,0.0,0.0,か
0.1586858481168747,0.6719664931297302,4.776027253683424e-07,0.15298423171043396,0.590382993221283,0.015320032835006714,0.17040948569774628,0.5220946669578552,0.010678974911570549,0.1978939175605774,0.47700968384742737,0.000184256408829242,0.2277175486087799,0.4562520682811737,-0.00958116166293621,0.16188324987888336,0.4887146055698395,-0.012711471877992153,0.186141699552536,0.4082791805267334,-0.02925640530884266,0.19461983442306519,0.3577345907688141,-0.037738047540187836,0.1973114311695099,0.3182733356952667,-0.042451564222574234,0.17868757247924805,0.5047072768211365,-0.03035137616097927,0.24034368991851807,0.42905741930007935,-0.04554880037903786,0.27512118220329285,0.38474446535110474,-0.051089104264974594,0.29727602005004883,0.353707492351532,-0.054392583668231964,0.1991046667098999,0.5302643179893494,-0.04572286456823349,0.2640524208545685,0.4702177047729492,-0.0583958774805069,0.2824961841106415,0.49915966391563416,-0.04953695833683014,0.28549525141716003,0.5287158489227295,-0.03974821791052818,0.2231922447681427,0.5591050982475281,-0.0602959543466568,0.2750268280506134,0.5141754150390625,-0.06401869654655457,0.2931448221206665,0.5238966345787048,-0.05313411355018616,0.3000187277793884,0.5381249785423279,-0.04256762936711311,0.0,0.0,0.0,0.0,0.0,0.0,0.0,0.0,0.0,0.0,0.0,0.0,0.0,0.0,0.0,0.0,0.0,0.0,0.0,0.0,0.0,0.0,0.0,0.0,0.0,0.0,0.0,0.0,0.0,0.0,0.0,0.0,0.0,0.0,0.0,0.0,0.0,0.0,0.0,0.0,0.0,0.0,0.0,0.0,0.0,0.0,0.0,0.0,0.0,0.0,0.0,0.0,0.0,0.0,0.0,0.0,0.0,0.0,0.0,0.0,0.0,0.0,0.0,か
0.15736880898475647,0.6763275265693665,4.6411463472395553e-07,0.1520540714263916,0.5913853049278259,0.01856395974755287,0.17000094056129456,0.523680567741394,0.014846010133624077,0.1970866471529007,0.478450745344162,0.00452808290719986,0.22664617002010345,0.45648664236068726,-0.0054067159071564674,0.1611596792936325,0.4895235002040863,-0.009930211119353771,0.18671870231628418,0.4084312319755554,-0.02580380253493786,0.1958128958940506,0.3575684726238251,-0.03387037664651871,0.19894662499427795,0.31765246391296387,-0.0382772721350193,0.17850498855113983,0.5041376352310181,-0.029245121404528618,0.24156898260116577,0.42792192101478577,-0.043335892260074615,0.2764221727848053,0.383048415184021,-0.04832801595330238,0.29794415831565857,0.35322925448417664,-0.05126861110329628,0.19963663816452026,0.5297662615776062,-0.04603563994169235,0.2642364799976349,0.47029590606689453,-0.057022906839847565,0.28400734066963196,0.4978709816932678,-0.047787588089704514,0.2879481613636017,0.5273383259773254,-0.03803617134690285,0.22476017475128174,0.5596203804016113,-0.061763275414705276,0.2753928601741791,0.5122149586677551,-0.06392275542020798,0.29351872205734253,0.5231260061264038,-0.051972534507513046,0.30035680532455444,0.5394871234893799,-0.04072791710495949,0.0,0.0,0.0,0.0,0.0,0.0,0.0,0.0,0.0,0.0,0.0,0.0,0.0,0.0,0.0,0.0,0.0,0.0,0.0,0.0,0.0,0.0,0.0,0.0,0.0,0.0,0.0,0.0,0.0,0.0,0.0,0.0,0.0,0.0,0.0,0.0,0.0,0.0,0.0,0.0,0.0,0.0,0.0,0.0,0.0,0.0,0.0,0.0,0.0,0.0,0.0,0.0,0.0,0.0,0.0,0.0,0.0,0.0,0.0,0.0,0.0,0.0,0.0,か
0.15804237127304077,0.6743984222412109,4.6181025936675724e-07,0.15201348066329956,0.5892755389213562,0.020837977528572083,0.16985057294368744,0.5235074162483215,0.01813082955777645,0.19688305258750916,0.4793640375137329,0.008546179160475731,0.22656169533729553,0.4578098654747009,-0.0007677410612814128,0.16240805387496948,0.4872078597545624,-0.007541475351899862,0.18770243227481842,0.40716657042503357,-0.022233089432120323,0.1961386799812317,0.35699591040611267,-0.029963692650198936,0.19840943813323975,0.3172810673713684,-0.03440490737557411,0.17944571375846863,0.5020796060562134,-0.027252569794654846,0.2423059493303299,0.42698773741722107,-0.03985130414366722,0.27737486362457275,0.3825036585330963,-0.044493742287158966,0.29922720789909363,0.35270044207572937,-0.04763224348425865,0.2003551423549652,0.52849280834198,-0.04416773095726967,0.2643609941005707,0.46913906931877136,-0.05272126942873001,0.28393054008483887,0.49591413140296936,-0.04234149307012558,0.28756192326545715,0.5247930288314819,-0.03256329149007797,0.22483505308628082,0.5587106943130493,-0.05995660275220871,0.2756631076335907,0.5123595595359802,-0.060236986726522446,0.29369056224823,0.5220414996147156,-0.04743877798318863,0.3005068302154541,0.537169337272644,-0.03597414121031761,0.0,0.0,0.0,0.0,0.0,0.0,0.0,0.0,0.0,0.0,0.0,0.0,0.0,0.0,0.0,0.0,0.0,0.0,0.0,0.0,0.0,0.0,0.0,0.0,0.0,0.0,0.0,0.0,0.0,0.0,0.0,0.0,0.0,0.0,0.0,0.0,0.0,0.0,0.0,0.0,0.0,0.0,0.0,0.0,0.0,0.0,0.0,0.0,0.0,0.0,0.0,0.0,0.0,0.0,0.0,0.0,0.0,0.0,0.0,0.0,0.0,0.0,0.0,か
0.16031038761138916,0.6736898422241211,4.823830295208609e-07,0.15212726593017578,0.5908711552619934,0.018489321693778038,0.16916905343532562,0.5247712135314941,0.01507033221423626,0.19620783627033234,0.4800465404987335,0.005188215523958206,0.22667495906352997,0.45957499742507935,-0.004392180126160383,0.16237768530845642,0.4887361526489258,-0.010108374990522861,0.18711267411708832,0.40834254026412964,-0.025537358596920967,0.19612397253513336,0.35730230808258057,-0.03343517705798149,0.19923458993434906,0.31743520498275757,-0.038015756756067276,0.18039852380752563,0.5030967593193054,-0.02872360311448574,0.243014857172966,0.42760294675827026,-0.04262308403849602,0.27793148159980774,0.38291966915130615,-0.047921549528837204,0.3000234067440033,0.35321488976478577,-0.051316067576408386,0.20165129005908966,0.5287984013557434,-0.04467589408159256,0.26596876978874207,0.46954458951950073,-0.05452980846166611,0.2855403423309326,0.4973284900188446,-0.04437724128365517,0.28940826654434204,0.5263086557388306,-0.03437981382012367,0.2259310781955719,0.558375895023346,-0.05966686084866524,0.27670595049858093,0.5135635137557983,-0.0608859620988369,0.29464298486709595,0.5228265523910522,-0.0487443245947361,0.3013141453266144,0.5369811654090881,-0.03759989142417908,0.0,0.0,0.0,0.0,0.0,0.0,0.0,0.0,0.0,0.0,0.0,0.0,0.0,0.0,0.0,0.0,0.0,0.0,0.0,0.0,0.0,0.0,0.0,0.0,0.0,0.0,0.0,0.0,0.0,0.0,0.0,0.0,0.0,0.0,0.0,0.0,0.0,0.0,0.0,0.0,0.0,0.0,0.0,0.0,0.0,0.0,0.0,0.0,0.0,0.0,0.0,0.0,0.0,0.0,0.0,0.0,0.0,0.0,0.0,0.0,0.0,0.0,0.0,か
0.16007192432880402,0.6752074956893921,4.7333429620266543e-07,0.1518159806728363,0.591458261013031,0.02103440836071968,0.1686624437570572,0.5260686278343201,0.018483946099877357,0.19501352310180664,0.4803200662136078,0.008993067778646946,0.22436575591564178,0.4584599733352661,-0.00023724530183244497,0.16255013644695282,0.4892973303794861,-0.007945965975522995,0.1874009519815445,0.4077010452747345,-0.022581959143280983,0.19648481905460358,0.35667306184768677,-0.030007492750883102,0.19941067695617676,0.3168409466743469,-0.03430125117301941,0.18099024891853333,0.5038893818855286,-0.027404343709349632,0.2431434988975525,0.4272105097770691,-0.04051971063017845,0.27808302640914917,0.38200461864471436,-0.045395269989967346,0.30007562041282654,0.3525463342666626,-0.048606693744659424,0.20263491570949554,0.5299684405326843,-0.04388166591525078,0.2655736804008484,0.4693649709224701,-0.05169712007045746,0.2842293977737427,0.49710822105407715,-0.039799489080905914,0.28729957342147827,0.5262117385864258,-0.029085980728268623,0.2270544469356537,0.5598818063735962,-0.059362564235925674,0.2771046459674835,0.5138497948646545,-0.05898353084921837,0.2950397729873657,0.5227126479148865,-0.04565592482686043,0.30171045660972595,0.5369013547897339,-0.03379151597619057,0.0,0.0,0.0,0.0,0.0,0.0,0.0,0.0,0.0,0.0,0.0,0.0,0.0,0.0,0.0,0.0,0.0,0.0,0.0,0.0,0.0,0.0,0.0,0.0,0.0,0.0,0.0,0.0,0.0,0.0,0.0,0.0,0.0,0.0,0.0,0.0,0.0,0.0,0.0,0.0,0.0,0.0,0.0,0.0,0.0,0.0,0.0,0.0,0.0,0.0,0.0,0.0,0.0,0.0,0.0,0.0,0.0,0.0,0.0,0.0,0.0,0.0,0.0,か
0.16132381558418274,0.6732550859451294,4.724441566850146e-07,0.15283718705177307,0.5901498198509216,0.019371667876839638,0.16958214342594147,0.5246043801307678,0.015978744253516197,0.19636566936969757,0.47911980748176575,0.006006661802530289,0.22651225328445435,0.45802342891693115,-0.0037016775459051132,0.1629878133535385,0.4884538948535919,-0.01066996157169342,0.1878095269203186,0.4070468544960022,-0.02580961026251316,0.19686280190944672,0.35632795095443726,-0.033204060047864914,0.1997746229171753,0.31662482023239136,-0.0373329296708107,0.1808931678533554,0.5033276677131653,-0.029456542804837227,0.24308812618255615,0.4269193708896637,-0.043040283024311066,0.2781578302383423,0.38239145278930664,-0.04770709574222565,0.30052781105041504,0.35351836681365967,-0.05064806342124939,0.20221063494682312,0.5295196771621704,-0.045355670154094696,0.26544857025146484,0.4700204133987427,-0.0542631521821022,0.28439441323280334,0.4971950650215149,-0.04337506368756294,0.28798428177833557,0.5260010361671448,-0.033113520592451096,0.22645476460456848,0.5593442916870117,-0.06027018651366234,0.2766088545322418,0.5144127607345581,-0.06077604368329048,0.29499757289886475,0.5224164724349976,-0.048352863639593124,0.30236995220184326,0.5359175801277161,-0.03707548975944519,0.0,0.0,0.0,0.0,0.0,0.0,0.0,0.0,0.0,0.0,0.0,0.0,0.0,0.0,0.0,0.0,0.0,0.0,0.0,0.0,0.0,0.0,0.0,0.0,0.0,0.0,0.0,0.0,0.0,0.0,0.0,0.0,0.0,0.0,0.0,0.0,0.0,0.0,0.0,0.0,0.0,0.0,0.0,0.0,0.0,0.0,0.0,0.0,0.0,0.0,0.0,0.0,0.0,0.0,0.0,0.0,0.0,0.0,0.0,0.0,0.0,0.0,0.0,か
0.160221666097641,0.6744372844696045,4.7453843876610335e-07,0.15295150876045227,0.5901615619659424,0.020197853446006775,0.17054703831672668,0.5244774222373962,0.01718081161379814,0.1974969059228897,0.4790399968624115,0.007305344101041555,0.2268427312374115,0.4571356773376465,-0.002315596444532275,0.1626949906349182,0.4880477786064148,-0.008622911758720875,0.1880163848400116,0.4074161946773529,-0.023473236709833145,0.19687405228614807,0.35696208477020264,-0.030992520973086357,0.19952954351902008,0.3173289895057678,-0.03526729345321655,0.18014970421791077,0.5032076835632324,-0.02821991592645645,0.24366699159145355,0.4276891052722931,-0.0418894961476326,0.27870145440101624,0.383031964302063,-0.04711243882775307,0.3007233738899231,0.35354921221733093,-0.05039776861667633,0.20117813348770142,0.5296365022659302,-0.04497295245528221,0.2661532163619995,0.4701647460460663,-0.05445929989218712,0.28540122509002686,0.4979827404022217,-0.0439884290099144,0.2888906002044678,0.5267944931983948,-0.033847611397504807,0.22574558854103088,0.5596250891685486,-0.06062513217329979,0.2769976854324341,0.514116644859314,-0.061422884464263916,0.2951467037200928,0.523142397403717,-0.04884081706404686,0.3020756244659424,0.5370163321495056,-0.037409089505672455,0.0,0.0,0.0,0.0,0.0,0.0,0.0,0.0,0.0,0.0,0.0,0.0,0.0,0.0,0.0,0.0,0.0,0.0,0.0,0.0,0.0,0.0,0.0,0.0,0.0,0.0,0.0,0.0,0.0,0.0,0.0,0.0,0.0,0.0,0.0,0.0,0.0,0.0,0.0,0.0,0.0,0.0,0.0,0.0,0.0,0.0,0.0,0.0,0.0,0.0,0.0,0.0,0.0,0.0,0.0,0.0,0.0,0.0,0.0,0.0,0.0,0.0,0.0,か
0.1597287654876709,0.6760267019271851,4.720284607628855e-07,0.15159446001052856,0.5918850302696228,0.021506579592823982,0.16938021779060364,0.5270527601242065,0.019117604941129684,0.19663116335868835,0.4821080267429352,0.009562253952026367,0.2265692800283432,0.4604262709617615,0.00018317587091587484,0.16267791390419006,0.4891107976436615,-0.0067157684825360775,0.18794749677181244,0.4078291058540344,-0.02088615484535694,0.1969318389892578,0.35698798298835754,-0.027869267389178276,0.19968567788600922,0.31715530157089233,-0.03185509517788887,0.18090976774692535,0.5030879974365234,-0.02647806890308857,0.24347592890262604,0.426846444606781,-0.03931615501642227,0.27870798110961914,0.3822038769721985,-0.04401899874210358,0.3010977506637573,0.35327088832855225,-0.04705749452114105,0.20219358801841736,0.5290331840515137,-0.043297216296195984,0.265995591878891,0.46973326802253723,-0.05123668909072876,0.2851104438304901,0.4976063668727875,-0.03970657289028168,0.28869882225990295,0.5266624689102173,-0.029179269447922707,0.22648985683918,0.5590389370918274,-0.059052031487226486,0.2768765389919281,0.514851987361908,-0.05858581140637398,0.2953411936759949,0.5229889750480652,-0.04547969251871109,0.30268725752830505,0.5361647605895996,-0.033830586820840836,0.0,0.0,0.0,0.0,0.0,0.0,0.0,0.0,0.0,0.0,0.0,0.0,0.0,0.0,0.0,0.0,0.0,0.0,0.0,0.0,0.0,0.0,0.0,0.0,0.0,0.0,0.0,0.0,0.0,0.0,0.0,0.0,0.0,0.0,0.0,0.0,0.0,0.0,0.0,0.0,0.0,0.0,0.0,0.0,0.0,0.0,0.0,0.0,0.0,0.0,0.0,0.0,0.0,0.0,0.0,0.0,0.0,0.0,0.0,0.0,0.0,0.0,0.0,か
0.16289423406124115,0.6729106307029724,4.685876433541125e-07,0.15363824367523193,0.5892715454101562,0.021401312202215195,0.169300377368927,0.5246146321296692,0.01892905868589878,0.19502964615821838,0.47894158959388733,0.009575752541422844,0.22350330650806427,0.45629557967185974,0.00040826198528520763,0.16245558857917786,0.4872903525829315,-0.008763357065618038,0.1880997270345688,0.40587833523750305,-0.02286476083099842,0.19726276397705078,0.3555796444416046,-0.0297235157340765,0.1999318152666092,0.3160790205001831,-0.033509328961372375,0.18023642897605896,0.5028858780860901,-0.028242116793990135,0.2433030903339386,0.42689383029937744,-0.041249435395002365,0.2782432734966278,0.3821990489959717,-0.04594655707478523,0.30033665895462036,0.35319262742996216,-0.04906369745731354,0.20173709094524384,0.529611349105835,-0.04455920681357384,0.26566073298454285,0.4701510965824127,-0.05245554819703102,0.28458961844444275,0.49757120013237,-0.04111400991678238,0.28797808289527893,0.5265519618988037,-0.030842863023281097,0.22630679607391357,0.5594667792320251,-0.05970315262675285,0.27645307779312134,0.5129831433296204,-0.05929424613714218,0.29446229338645935,0.522136926651001,-0.04604695364832878,0.3013092875480652,0.5368000864982605,-0.03430449962615967,0.0,0.0,0.0,0.0,0.0,0.0,0.0,0.0,0.0,0.0,0.0,0.0,0.0,0.0,0.0,0.0,0.0,0.0,0.0,0.0,0.0,0.0,0.0,0.0,0.0,0.0,0.0,0.0,0.0,0.0,0.0,0.0,0.0,0.0,0.0,0.0,0.0,0.0,0.0,0.0,0.0,0.0,0.0,0.0,0.0,0.0,0.0,0.0,0.0,0.0,0.0,0.0,0.0,0.0,0.0,0.0,0.0,0.0,0.0,0.0,0.0,0.0,0.0,か
0.16034308075904846,0.67316734790802,4.7101994482545706e-07,0.15197324752807617,0.5907486081123352,0.01997062750160694,0.16882279515266418,0.5254298448562622,0.0171775221824646,0.19596025347709656,0.48132631182670593,0.007661520037800074,0.22570805251598358,0.4596634805202484,-0.0016130681615322828,0.16177359223365784,0.4879419505596161,-0.00874959584325552,0.18748421967029572,0.4066596031188965,-0.023569224402308464,0.19679376482963562,0.3562387526035309,-0.031062178313732147,0.19964753091335297,0.3162393569946289,-0.0353495292365551,0.1799372136592865,0.5027387142181396,-0.0276716947555542,0.24174518883228302,0.4255247712135315,-0.0406460203230381,0.2774779796600342,0.38101327419281006,-0.0452544130384922,0.3003159761428833,0.3516418933868408,-0.04834703356027603,0.20147515833377838,0.5289252996444702,-0.04376309737563133,0.26412248611450195,0.4667086601257324,-0.05246558040380478,0.2831876873970032,0.4933731257915497,-0.04149728640913963,0.2866681218147278,0.5226117968559265,-0.03126909211277962,0.22595542669296265,0.5585659146308899,-0.05882043018937111,0.27632325887680054,0.511653482913971,-0.05938619002699852,0.29472023248672485,0.5211167931556702,-0.04670976847410202,0.3015356659889221,0.5361989140510559,-0.03525134548544884,0.0,0.0,0.0,0.0,0.0,0.0,0.0,0.0,0.0,0.0,0.0,0.0,0.0,0.0,0.0,0.0,0.0,0.0,0.0,0.0,0.0,0.0,0.0,0.0,0.0,0.0,0.0,0.0,0.0,0.0,0.0,0.0,0.0,0.0,0.0,0.0,0.0,0.0,0.0,0.0,0.0,0.0,0.0,0.0,0.0,0.0,0.0,0.0,0.0,0.0,0.0,0.0,0.0,0.0,0.0,0.0,0.0,0.0,0.0,0.0,0.0,0.0,0.0,か
0.161440908908844,0.6705862283706665,4.782631890520861e-07,0.1528131663799286,0.5874590873718262,0.019231341779232025,0.16906441748142242,0.5213374495506287,0.01616545394062996,0.1951480507850647,0.4764331579208374,0.006736434996128082,0.224368155002594,0.45528849959373474,-0.0022995173931121826,0.16196337342262268,0.48509588837623596,-0.01005335059016943,0.1876535564661026,0.40462955832481384,-0.02517492137849331,0.1968746930360794,0.35464590787887573,-0.032817378640174866,0.1994899958372116,0.31531181931495667,-0.037179723381996155,0.1799708902835846,0.5006954669952393,-0.02857031300663948,0.24201151728630066,0.4245870113372803,-0.04220207408070564,0.2769513726234436,0.3797966241836548,-0.04728095605969429,0.2988438606262207,0.349453330039978,-0.05064529553055763,0.20148694515228271,0.5270476937294006,-0.04421793296933174,0.2633657157421112,0.46574580669403076,-0.05355736240744591,0.28247296810150146,0.4922178089618683,-0.043160390108823776,0.28622907400131226,0.5207744240760803,-0.033165864646434784,0.22582025825977325,0.5568975210189819,-0.05880773440003395,0.2753673493862152,0.5109691619873047,-0.05986613407731056,0.2934113144874573,0.5198087096214294,-0.04766065254807472,0.3001575171947479,0.5340152978897095,-0.03646384924650192,0.0,0.0,0.0,0.0,0.0,0.0,0.0,0.0,0.0,0.0,0.0,0.0,0.0,0.0,0.0,0.0,0.0,0.0,0.0,0.0,0.0,0.0,0.0,0.0,0.0,0.0,0.0,0.0,0.0,0.0,0.0,0.0,0.0,0.0,0.0,0.0,0.0,0.0,0.0,0.0,0.0,0.0,0.0,0.0,0.0,0.0,0.0,0.0,0.0,0.0,0.0,0.0,0.0,0.0,0.0,0.0,0.0,0.0,0.0,0.0,0.0,0.0,0.0,か
0.16079112887382507,0.6709590554237366,4.882529651695222e-07,0.15152962505817413,0.5897407531738281,0.020658312365412712,0.16736924648284912,0.524965763092041,0.017901914194226265,0.19409801065921783,0.48063230514526367,0.008226735517382622,0.22421137988567352,0.46000421047210693,-0.0011968279723078012,0.16186311841011047,0.4867207407951355,-0.009244394488632679,0.18735238909721375,0.4056013226509094,-0.024367401376366615,0.19646689295768738,0.3545991778373718,-0.03246358782052994,0.19910095632076263,0.31454187631607056,-0.03755112737417221,0.1800493597984314,0.5016049742698669,-0.028544435277581215,0.24241122603416443,0.4246896207332611,-0.04273711517453194,0.27806076407432556,0.3791937828063965,-0.04866763949394226,0.30103135108947754,0.34952160716056824,-0.05288698896765709,0.20131835341453552,0.5280936360359192,-0.04470004513859749,0.2652323246002197,0.4663902223110199,-0.05320369452238083,0.2825900912284851,0.4956507682800293,-0.04051477834582329,0.2844499945640564,0.5261112451553345,-0.029265008866786957,0.22573783993721008,0.5576799511909485,-0.05992857366800308,0.2771180272102356,0.5098923444747925,-0.06079484522342682,0.29533013701438904,0.5199676156044006,-0.04724722355604172,0.301575243473053,0.5356723070144653,-0.03503667563199997,0.0,0.0,0.0,0.0,0.0,0.0,0.0,0.0,0.0,0.0,0.0,0.0,0.0,0.0,0.0,0.0,0.0,0.0,0.0,0.0,0.0,0.0,0.0,0.0,0.0,0.0,0.0,0.0,0.0,0.0,0.0,0.0,0.0,0.0,0.0,0.0,0.0,0.0,0.0,0.0,0.0,0.0,0.0,0.0,0.0,0.0,0.0,0.0,0.0,0.0,0.0,0.0,0.0,0.0,0.0,0.0,0.0,0.0,0.0,0.0,0.0,0.0,0.0,か
0.16074588894844055,0.6721957325935364,5.035851131651725e-07,0.15184879302978516,0.5897691249847412,0.019705675542354584,0.1699674129486084,0.5254695415496826,0.015894325450062752,0.20001870393753052,0.4827447235584259,0.005249896086752415,0.2334798276424408,0.4662058353424072,-0.005048773717135191,0.16252192854881287,0.4877464771270752,-0.010456744581460953,0.18793800473213196,0.4059615135192871,-0.025824857875704765,0.19702580571174622,0.3545399308204651,-0.033709000796079636,0.19946074485778809,0.3145386576652527,-0.038730036467313766,0.18123246729373932,0.5024905204772949,-0.029814571142196655,0.24331404268741608,0.42531514167785645,-0.04505397379398346,0.2785692512989044,0.379896879196167,-0.05135682225227356,0.30089569091796875,0.3503114581108093,-0.055644433945417404,0.2021712362766266,0.5287982821464539,-0.04608029127120972,0.26554492115974426,0.46704453229904175,-0.05560407042503357,0.2835146486759186,0.4963732063770294,-0.04317168891429901,0.28596630692481995,0.5261349081993103,-0.03187531605362892,0.22655494511127472,0.5583858489990234,-0.06145700067281723,0.2772212624549866,0.51247638463974,-0.062428995966911316,0.29577237367630005,0.5212042331695557,-0.04912268742918968,0.3025219440460205,0.5347945094108582,-0.03717036545276642,0.0,0.0,0.0,0.0,0.0,0.0,0.0,0.0,0.0,0.0,0.0,0.0,0.0,0.0,0.0,0.0,0.0,0.0,0.0,0.0,0.0,0.0,0.0,0.0,0.0,0.0,0.0,0.0,0.0,0.0,0.0,0.0,0.0,0.0,0.0,0.0,0.0,0.0,0.0,0.0,0.0,0.0,0.0,0.0,0.0,0.0,0.0,0.0,0.0,0.0,0.0,0.0,0.0,0.0,0.0,0.0,0.0,0.0,0.0,0.0,0.0,0.0,0.0,か
0.16058632731437683,0.6727875471115112,4.848330945605994e-07,0.15217149257659912,0.5899074673652649,0.021045224741101265,0.1697341948747635,0.5257368087768555,0.017925679683685303,0.19788317382335663,0.4821895956993103,0.007744446862488985,0.22880128026008606,0.46165505051612854,-0.0022531093563884497,0.16161516308784485,0.4876430928707123,-0.008946763351559639,0.1871403157711029,0.405586838722229,-0.024094348773360252,0.19656123220920563,0.3544861376285553,-0.031988419592380524,0.19945061206817627,0.3139599561691284,-0.036791685968637466,0.17970143258571625,0.5021365284919739,-0.028651323169469833,0.24249988794326782,0.4246327877044678,-0.04226602241396904,0.278442919254303,0.37984827160835266,-0.04732967168092728,0.3011546730995178,0.35038161277770996,-0.0508815236389637,0.20120352506637573,0.5285010933876038,-0.04531538859009743,0.2648545205593109,0.46644189953804016,-0.05346370115876198,0.2832077145576477,0.49492886662483215,-0.04094496741890907,0.2857435345649719,0.5247789621353149,-0.02990407682955265,0.2260199338197708,0.5582132935523987,-0.06101269647479057,0.27662765979766846,0.5113226175308228,-0.06102542579174042,0.2952011525630951,0.5202015042304993,-0.04742003232240677,0.3019927740097046,0.5344106554985046,-0.0354069285094738,0.0,0.0,0.0,0.0,0.0,0.0,0.0,0.0,0.0,0.0,0.0,0.0,0.0,0.0,0.0,0.0,0.0,0.0,0.0,0.0,0.0,0.0,0.0,0.0,0.0,0.0,0.0,0.0,0.0,0.0,0.0,0.0,0.0,0.0,0.0,0.0,0.0,0.0,0.0,0.0,0.0,0.0,0.0,0.0,0.0,0.0,0.0,0.0,0.0,0.0,0.0,0.0,0.0,0.0,0.0,0.0,0.0,0.0,0.0,0.0,0.0,0.0,0.0,か
0.1617836356163025,0.6724779605865479,4.894923222309444e-07,0.15279322862625122,0.5897530913352966,0.021370142698287964,0.17019116878509521,0.5264109969139099,0.018451204523444176,0.19915951788425446,0.48294347524642944,0.008516703732311726,0.23064476251602173,0.4630906283855438,-0.0011369133135303855,0.16177843511104584,0.48842790722846985,-0.00885678082704544,0.18806859850883484,0.4054052531719208,-0.023604486137628555,0.1974996030330658,0.3541308641433716,-0.03116568550467491,0.20005834102630615,0.31353944540023804,-0.03579782694578171,0.17998012900352478,0.5031075477600098,-0.028421960771083832,0.24276578426361084,0.42478737235069275,-0.041925184428691864,0.2785820960998535,0.3798193037509918,-0.0470239594578743,0.3009936511516571,0.35030388832092285,-0.05068928748369217,0.20150069892406464,0.5292496085166931,-0.04480689391493797,0.2650275230407715,0.46636077761650085,-0.05238081142306328,0.2834060788154602,0.49489277601242065,-0.03931814804673195,0.28568771481513977,0.5247324109077454,-0.028063882142305374,0.22627834975719452,0.5583428144454956,-0.060231830924749374,0.27696919441223145,0.5111316442489624,-0.05965382233262062,0.2952987849712372,0.5204983353614807,-0.04562995582818985,0.3015568256378174,0.5349603295326233,-0.033397916704416275,0.0,0.0,0.0,0.0,0.0,0.0,0.0,0.0,0.0,0.0,0.0,0.0,0.0,0.0,0.0,0.0,0.0,0.0,0.0,0.0,0.0,0.0,0.0,0.0,0.0,0.0,0.0,0.0,0.0,0.0,0.0,0.0,0.0,0.0,0.0,0.0,0.0,0.0,0.0,0.0,0.0,0.0,0.0,0.0,0.0,0.0,0.0,0.0,0.0,0.0,0.0,0.0,0.0,0.0,0.0,0.0,0.0,0.0,0.0,0.0,0.0,0.0,0.0,か
0.16014888882637024,0.6744151711463928,4.886082933808211e-07,0.15196813642978668,0.5919288992881775,0.0201755091547966,0.16964459419250488,0.5265392065048218,0.01686619594693184,0.19784986972808838,0.4824150502681732,0.006771782413125038,0.22889220714569092,0.46168726682662964,-0.0030128471553325653,0.161051943898201,0.48865804076194763,-0.009909236803650856,0.18793825805187225,0.4058055281639099,-0.024883542209863663,0.19728443026542664,0.3549085259437561,-0.03234969079494476,0.19973129034042358,0.31470584869384766,-0.036751504987478256,0.17895494401454926,0.5031249523162842,-0.029133198782801628,0.24204233288764954,0.4255892336368561,-0.042571716010570526,0.27806514501571655,0.38077911734580994,-0.04733520373702049,0.30079516768455505,0.3511609137058258,-0.05063974857330322,0.2004271149635315,0.5291643738746643,-0.045353274792432785,0.2646300494670868,0.4674822688102722,-0.053442467004060745,0.2830893397331238,0.49524831771850586,-0.041095782071352005,0.2853509783744812,0.524523138999939,-0.03017614409327507,0.22506092488765717,0.5585358142852783,-0.0606759674847126,0.27625226974487305,0.511944591999054,-0.06071307137608528,0.2949746251106262,0.5204185247421265,-0.047320008277893066,0.30176177620887756,0.534388542175293,-0.03545410558581352,0.0,0.0,0.0,0.0,0.0,0.0,0.0,0.0,0.0,0.0,0.0,0.0,0.0,0.0,0.0,0.0,0.0,0.0,0.0,0.0,0.0,0.0,0.0,0.0,0.0,0.0,0.0,0.0,0.0,0.0,0.0,0.0,0.0,0.0,0.0,0.0,0.0,0.0,0.0,0.0,0.0,0.0,0.0,0.0,0.0,0.0,0.0,0.0,0.0,0.0,0.0,0.0,0.0,0.0,0.0,0.0,0.0,0.0,0.0,0.0,0.0,0.0,0.0,か
0.159016951918602,0.6714720129966736,4.7369215394610364e-07,0.15116474032402039,0.5882553458213806,0.01891350746154785,0.16851475834846497,0.5215033888816833,0.015575739555060863,0.19614407420158386,0.47702541947364807,0.005871372297406197,0.2270163744688034,0.4559518098831177,-0.003546135500073433,0.16104035079479218,0.48504388332366943,-0.009903963655233383,0.1868801862001419,0.4049924910068512,-0.024580202996730804,0.19565977156162262,0.35555189847946167,-0.03204166889190674,0.19846314191818237,0.3162328600883484,-0.0363985151052475,0.178902730345726,0.5003166794776917,-0.02838793955743313,0.24045737087726593,0.42515623569488525,-0.041053738445043564,0.27573099732398987,0.38071078062057495,-0.04558255895972252,0.2987856864929199,0.35086923837661743,-0.048944637179374695,0.2002553939819336,0.5266563296318054,-0.0441354438662529,0.26352667808532715,0.4673311710357666,-0.052667900919914246,0.28229206800460815,0.49391576647758484,-0.0422908291220665,0.2859227955341339,0.5231107473373413,-0.03279620409011841,0.22456824779510498,0.5565209984779358,-0.058968350291252136,0.2744469940662384,0.5120446681976318,-0.05980484560132027,0.2933182418346405,0.5192668437957764,-0.04807966947555542,0.3014759421348572,0.5320800542831421,-0.03755195811390877,0.0,0.0,0.0,0.0,0.0,0.0,0.0,0.0,0.0,0.0,0.0,0.0,0.0,0.0,0.0,0.0,0.0,0.0,0.0,0.0,0.0,0.0,0.0,0.0,0.0,0.0,0.0,0.0,0.0,0.0,0.0,0.0,0.0,0.0,0.0,0.0,0.0,0.0,0.0,0.0,0.0,0.0,0.0,0.0,0.0,0.0,0.0,0.0,0.0,0.0,0.0,0.0,0.0,0.0,0.0,0.0,0.0,0.0,0.0,0.0,0.0,0.0,0.0,か
0.15804563462734222,0.6724746227264404,4.848460548600997e-07,0.1496114432811737,0.5892616510391235,0.019671590998768806,0.1674608588218689,0.5226759314537048,0.016593407839536667,0.19596683979034424,0.4777310788631439,0.006886580027639866,0.22730475664138794,0.45764070749282837,-0.002570377429947257,0.16000446677207947,0.4865413308143616,-0.009328489191830158,0.18571271002292633,0.40583956241607666,-0.024317245930433273,0.19489344954490662,0.35520946979522705,-0.0321541354060173,0.19791920483112335,0.31504589319229126,-0.03688874468207359,0.17796353995800018,0.501550555229187,-0.02825487032532692,0.24044480919837952,0.4248662292957306,-0.04144428297877312,0.2760467529296875,0.38002926111221313,-0.04635528475046158,0.2986981272697449,0.34968817234039307,-0.04983148351311684,0.19917459785938263,0.5277021527290344,-0.04432941600680351,0.26298755407333374,0.4657823145389557,-0.053118735551834106,0.281507283449173,0.49415090680122375,-0.04168543592095375,0.2844124436378479,0.5237970352172852,-0.031204555183649063,0.22342392802238464,0.5572968125343323,-0.05946598947048187,0.27449914813041687,0.5114837288856506,-0.06034177169203758,0.2932393550872803,0.5197762846946716,-0.04780936241149902,0.30070048570632935,0.5332335233688354,-0.03649277985095978,0.0,0.0,0.0,0.0,0.0,0.0,0.0,0.0,0.0,0.0,0.0,0.0,0.0,0.0,0.0,0.0,0.0,0.0,0.0,0.0,0.0,0.0,0.0,0.0,0.0,0.0,0.0,0.0,0.0,0.0,0.0,0.0,0.0,0.0,0.0,0.0,0.0,0.0,0.0,0.0,0.0,0.0,0.0,0.0,0.0,0.0,0.0,0.0,0.0,0.0,0.0,0.0,0.0,0.0,0.0,0.0,0.0,0.0,0.0,0.0,0.0,0.0,0.0,か
0.1585971862077713,0.6730053424835205,4.6844670009704714e-07,0.1495317816734314,0.5895615220069885,0.02143184468150139,0.16596347093582153,0.5234994888305664,0.01895136572420597,0.19190965592861176,0.47806185483932495,0.009575466625392437,0.22134439647197723,0.45562076568603516,0.0003832836518995464,0.15992748737335205,0.48653045296669006,-0.008729771710932255,0.18513323366641998,0.40609443187713623,-0.024210387840867043,0.19403547048568726,0.35569047927856445,-0.03271259367465973,0.19660449028015137,0.3151695132255554,-0.03783196955919266,0.1770031601190567,0.5013882517814636,-0.028431102633476257,0.2399718463420868,0.42437395453453064,-0.04170758277177811,0.27572157979011536,0.37890779972076416,-0.04685908928513527,0.2981310486793518,0.34874385595321655,-0.050585418939590454,0.19807614386081696,0.5280131101608276,-0.0450768917798996,0.2621172368526459,0.46530282497406006,-0.053174249827861786,0.28156501054763794,0.4928080439567566,-0.04137676581740379,0.2849667966365814,0.5223356485366821,-0.030888168141245842,0.22263087332248688,0.5581249594688416,-0.060654472559690475,0.2738763093948364,0.5095932483673096,-0.06078561022877693,0.2923962473869324,0.5186594128608704,-0.0474148653447628,0.29942530393600464,0.5334225296974182,-0.03556670621037483,0.0,0.0,0.0,0.0,0.0,0.0,0.0,0.0,0.0,0.0,0.0,0.0,0.0,0.0,0.0,0.0,0.0,0.0,0.0,0.0,0.0,0.0,0.0,0.0,0.0,0.0,0.0,0.0,0.0,0.0,0.0,0.0,0.0,0.0,0.0,0.0,0.0,0.0,0.0,0.0,0.0,0.0,0.0,0.0,0.0,0.0,0.0,0.0,0.0,0.0,0.0,0.0,0.0,0.0,0.0,0.0,0.0,0.0,0.0,0.0,0.0,0.0,0.0,か
0.1583268791437149,0.6702231168746948,4.85497309909988e-07,0.14939191937446594,0.5881736874580383,0.01941164769232273,0.16565226018428802,0.5224665403366089,0.016048595309257507,0.19150444865226746,0.4775608777999878,0.006002792622894049,0.2211436927318573,0.4563849866390228,-0.003756321035325527,0.16030222177505493,0.4872714579105377,-0.01048320159316063,0.18553581833839417,0.4061589241027832,-0.02635326236486435,0.19452430307865143,0.35500746965408325,-0.03453371673822403,0.19714848697185516,0.3146815299987793,-0.03935731574892998,0.1779164969921112,0.5014602541923523,-0.029392696917057037,0.24029238522052765,0.4238838851451874,-0.04353220760822296,0.27585798501968384,0.3783741593360901,-0.04871022328734398,0.29843980073928833,0.34819144010543823,-0.05214882642030716,0.1989734172821045,0.5270898342132568,-0.04541761800646782,0.2624346613883972,0.4652597904205322,-0.05487573891878128,0.28118693828582764,0.49385079741477966,-0.04324526712298393,0.28431278467178345,0.5239937901496887,-0.03235671669244766,0.22318699955940247,0.5563536882400513,-0.06051678583025932,0.2744845449924469,0.5100096464157104,-0.06206679716706276,0.2934587001800537,0.5195640325546265,-0.04933718219399452,0.3005988597869873,0.5346373319625854,-0.03759395703673363,0.0,0.0,0.0,0.0,0.0,0.0,0.0,0.0,0.0,0.0,0.0,0.0,0.0,0.0,0.0,0.0,0.0,0.0,0.0,0.0,0.0,0.0,0.0,0.0,0.0,0.0,0.0,0.0,0.0,0.0,0.0,0.0,0.0,0.0,0.0,0.0,0.0,0.0,0.0,0.0,0.0,0.0,0.0,0.0,0.0,0.0,0.0,0.0,0.0,0.0,0.0,0.0,0.0,0.0,0.0,0.0,0.0,0.0,0.0,0.0,0.0,0.0,0.0,か
0.15836921334266663,0.673513650894165,4.6936673925301875e-07,0.14951841533184052,0.5903018712997437,0.023562783375382423,0.16677673161029816,0.5254697203636169,0.021898822858929634,0.19301198422908783,0.47905319929122925,0.012840354815125465,0.2227708399295807,0.45739081501960754,0.004065102431923151,0.15999861061573029,0.48769211769104004,-0.0064636352472007275,0.1852547973394394,0.40701013803482056,-0.02130163460969925,0.1949433535337448,0.3561219274997711,-0.029347553849220276,0.1981302946805954,0.31610602140426636,-0.034397948533296585,0.17772436141967773,0.502649188041687,-0.026912160217761993,0.24035753309726715,0.4255431890487671,-0.04057350754737854,0.276075154542923,0.3800458312034607,-0.04637036472558975,0.29824399948120117,0.35037147998809814,-0.0505811907351017,0.19866055250167847,0.5290716290473938,-0.04399840533733368,0.26257088780403137,0.4661017060279846,-0.05111377686262131,0.2814762592315674,0.49431273341178894,-0.03780662268400192,0.2843173146247864,0.5234147310256958,-0.02649146318435669,0.22307850420475006,0.5586737394332886,-0.05996168032288551,0.2742496728897095,0.5116761326789856,-0.058965422213077545,0.29283908009529114,0.5207621455192566,-0.04484891891479492,0.29953956604003906,0.5346214771270752,-0.03259778395295143,0.0,0.0,0.0,0.0,0.0,0.0,0.0,0.0,0.0,0.0,0.0,0.0,0.0,0.0,0.0,0.0,0.0,0.0,0.0,0.0,0.0,0.0,0.0,0.0,0.0,0.0,0.0,0.0,0.0,0.0,0.0,0.0,0.0,0.0,0.0,0.0,0.0,0.0,0.0,0.0,0.0,0.0,0.0,0.0,0.0,0.0,0.0,0.0,0.0,0.0,0.0,0.0,0.0,0.0,0.0,0.0,0.0,0.0,0.0,0.0,0.0,0.0,0.0,か
0.1580793857574463,0.6716851592063904,4.757113742925867e-07,0.14840427041053772,0.5892437100410461,0.021053481847047806,0.16573557257652283,0.5243539214134216,0.018625201657414436,0.1924370676279068,0.47904250025749207,0.009320825338363647,0.22291046380996704,0.4581697881221771,0.0002820734225679189,0.1596325933933258,0.4876268804073334,-0.008105654269456863,0.18530035018920898,0.40718743205070496,-0.023180602118372917,0.1941651850938797,0.35665667057037354,-0.031299564987421036,0.1967884600162506,0.31633877754211426,-0.03634254261851311,0.17731986939907074,0.5019612312316895,-0.027316302061080933,0.23938560485839844,0.42560502886772156,-0.040951427072286606,0.2746875286102295,0.38061681389808655,-0.04660865664482117,0.29719609022140503,0.350948303937912,-0.05071694776415825,0.19810383021831512,0.5278360247612,-0.04347318410873413,0.26157817244529724,0.4661789536476135,-0.05173773691058159,0.2808837294578552,0.4941224157810211,-0.03998285531997681,0.28469547629356384,0.5235373377799988,-0.02952198125422001,0.22202934324741364,0.5569882392883301,-0.05860750004649162,0.2728566527366638,0.5113882422447205,-0.05893039330840111,0.2915431261062622,0.5203310251235962,-0.04613896831870079,0.2989334464073181,0.5341222882270813,-0.034747179597616196,0.0,0.0,0.0,0.0,0.0,0.0,0.0,0.0,0.0,0.0,0.0,0.0,0.0,0.0,0.0,0.0,0.0,0.0,0.0,0.0,0.0,0.0,0.0,0.0,0.0,0.0,0.0,0.0,0.0,0.0,0.0,0.0,0.0,0.0,0.0,0.0,0.0,0.0,0.0,0.0,0.0,0.0,0.0,0.0,0.0,0.0,0.0,0.0,0.0,0.0,0.0,0.0,0.0,0.0,0.0,0.0,0.0,0.0,0.0,0.0,0.0,0.0,0.0,か
0.15800204873085022,0.6723864078521729,4.757766305374389e-07,0.14938096702098846,0.5904406309127808,0.020862407982349396,0.16604852676391602,0.525123655796051,0.018407218158245087,0.19151222705841064,0.4788176417350769,0.00900338776409626,0.2205570787191391,0.4563315510749817,-3.102251866948791e-05,0.15910057723522186,0.4874236583709717,-0.007902218028903008,0.18487931787967682,0.40697380900382996,-0.0232973862439394,0.19430935382843018,0.3567425012588501,-0.03144103288650513,0.19707351922988892,0.3169472813606262,-0.03626669570803642,0.17578694224357605,0.5021335482597351,-0.02733045071363449,0.2384975403547287,0.42586106061935425,-0.041394397616386414,0.27389198541641235,0.3808690011501312,-0.04710642993450165,0.29607969522476196,0.3511093258857727,-0.05095277726650238,0.19641518592834473,0.5280610918998718,-0.043837111443281174,0.2611885666847229,0.4664919078350067,-0.05296412482857704,0.2811923027038574,0.4942462742328644,-0.041752833873033524,0.28505003452301025,0.5234332084655762,-0.03127983957529068,0.22055867314338684,0.5572142601013184,-0.05929142236709595,0.2729131877422333,0.5123001337051392,-0.06018991768360138,0.2918843626976013,0.5212600231170654,-0.047699347138404846,0.29900768399238586,0.5348567366600037,-0.03632218763232231,0.0,0.0,0.0,0.0,0.0,0.0,0.0,0.0,0.0,0.0,0.0,0.0,0.0,0.0,0.0,0.0,0.0,0.0,0.0,0.0,0.0,0.0,0.0,0.0,0.0,0.0,0.0,0.0,0.0,0.0,0.0,0.0,0.0,0.0,0.0,0.0,0.0,0.0,0.0,0.0,0.0,0.0,0.0,0.0,0.0,0.0,0.0,0.0,0.0,0.0,0.0,0.0,0.0,0.0,0.0,0.0,0.0,0.0,0.0,0.0,0.0,0.0,0.0,か
0.15820322930812836,0.6750664710998535,4.737493952688965e-07,0.1491103619337082,0.5910170078277588,0.023297259584069252,0.1661398708820343,0.5261678695678711,0.02153078466653824,0.19230467081069946,0.4797048568725586,0.012392990291118622,0.22216057777404785,0.4576093852519989,0.003459353931248188,0.15856890380382538,0.4877486526966095,-0.005608509760349989,0.1844235211610794,0.4073134958744049,-0.019563734531402588,0.1935693919658661,0.3572043776512146,-0.02699972875416279,0.19617070257663727,0.31727004051208496,-0.03155889734625816,0.17596381902694702,0.5024444460868835,-0.02595638670027256,0.23907232284545898,0.42646604776382446,-0.038426097482442856,0.27447524666786194,0.3813292384147644,-0.04345071315765381,0.2966698110103607,0.35149574279785156,-0.047195110470056534,0.19700439274311066,0.528887927532196,-0.04308604449033737,0.2612972557544708,0.4675259590148926,-0.04985429346561432,0.28063735365867615,0.49525463581085205,-0.037356290966272354,0.2839829921722412,0.524524986743927,-0.026698876172304153,0.22157974541187286,0.5586690306663513,-0.05908434838056564,0.27296915650367737,0.5121597647666931,-0.05797537788748741,0.2914351224899292,0.5211106538772583,-0.044249482452869415,0.2983956038951874,0.5349187850952148,-0.03237350657582283,0.0,0.0,0.0,0.0,0.0,0.0,0.0,0.0,0.0,0.0,0.0,0.0,0.0,0.0,0.0,0.0,0.0,0.0,0.0,0.0,0.0,0.0,0.0,0.0,0.0,0.0,0.0,0.0,0.0,0.0,0.0,0.0,0.0,0.0,0.0,0.0,0.0,0.0,0.0,0.0,0.0,0.0,0.0,0.0,0.0,0.0,0.0,0.0,0.0,0.0,0.0,0.0,0.0,0.0,0.0,0.0,0.0,0.0,0.0,0.0,0.0,0.0,0.0,か
0.15748240053653717,0.6737840175628662,4.869028202847403e-07,0.14934247732162476,0.5911345481872559,0.020163826644420624,0.16708824038505554,0.5259593725204468,0.016818607226014137,0.19490736722946167,0.4812214970588684,0.0065535008907318115,0.2258080542087555,0.4606344699859619,-0.0033981502056121826,0.15883934497833252,0.4889455735683441,-0.009526757523417473,0.1848793476819992,0.4071669578552246,-0.024634066969156265,0.1939597874879837,0.3564966917037964,-0.03234820440411568,0.1963808536529541,0.31649529933929443,-0.036948516964912415,0.17658372223377228,0.5033165812492371,-0.028984321281313896,0.23950138688087463,0.4266393780708313,-0.04308465123176575,0.2749873995780945,0.38159430027008057,-0.0486421212553978,0.29746371507644653,0.3521292805671692,-0.05241923779249191,0.19775640964508057,0.5291574001312256,-0.04542428255081177,0.2622891664505005,0.4687318503856659,-0.05416290834546089,0.2804259657859802,0.4976346790790558,-0.04215027391910553,0.2827754318714142,0.5270376205444336,-0.031266432255506516,0.22226214408874512,0.5581316351890564,-0.060955390334129333,0.2732323408126831,0.5118615627288818,-0.061341334134340286,0.29137858748435974,0.5213554501533508,-0.04806279018521309,0.29803431034088135,0.5356555581092834,-0.03622254729270935,0.0,0.0,0.0,0.0,0.0,0.0,0.0,0.0,0.0,0.0,0.0,0.0,0.0,0.0,0.0,0.0,0.0,0.0,0.0,0.0,0.0,0.0,0.0,0.0,0.0,0.0,0.0,0.0,0.0,0.0,0.0,0.0,0.0,0.0,0.0,0.0,0.0,0.0,0.0,0.0,0.0,0.0,0.0,0.0,0.0,0.0,0.0,0.0,0.0,0.0,0.0,0.0,0.0,0.0,0.0,0.0,0.0,0.0,0.0,0.0,0.0,0.0,0.0,か
0.1582859754562378,0.6723411083221436,4.789618515133043e-07,0.1500193029642105,0.5899412035942078,0.01915525645017624,0.1677795797586441,0.5247758626937866,0.015645241364836693,0.19615650177001953,0.4801059067249298,0.005454682745039463,0.22789736092090607,0.46080175042152405,-0.004300503060221672,0.15948843955993652,0.4884214401245117,-0.009808513335883617,0.1849600076675415,0.40753889083862305,-0.02513420395553112,0.19456391036510468,0.3573058843612671,-0.033039387315511703,0.19756025075912476,0.31768712401390076,-0.037832874804735184,0.17778140306472778,0.5030143857002258,-0.028874414041638374,0.23942378163337708,0.42666688561439514,-0.04346441105008125,0.27443626523017883,0.38212090730667114,-0.049301523715257645,0.29632583260536194,0.3525116443634033,-0.053144317120313644,0.19919432699680328,0.5287521481513977,-0.045082077383995056,0.2623721957206726,0.4676198661327362,-0.0546683743596077,0.28085190057754517,0.4960574805736542,-0.0433226004242897,0.28371718525886536,0.5247660279273987,-0.03268393501639366,0.2237430363893509,0.5578538775444031,-0.060410026460886,0.27372658252716064,0.5130051374435425,-0.06129864230751991,0.2917479872703552,0.521608829498291,-0.0487077534198761,0.2985391616821289,0.5346906185150146,-0.0373421385884285,0.0,0.0,0.0,0.0,0.0,0.0,0.0,0.0,0.0,0.0,0.0,0.0,0.0,0.0,0.0,0.0,0.0,0.0,0.0,0.0,0.0,0.0,0.0,0.0,0.0,0.0,0.0,0.0,0.0,0.0,0.0,0.0,0.0,0.0,0.0,0.0,0.0,0.0,0.0,0.0,0.0,0.0,0.0,0.0,0.0,0.0,0.0,0.0,0.0,0.0,0.0,0.0,0.0,0.0,0.0,0.0,0.0,0.0,0.0,0.0,0.0,0.0,0.0,か
0.1566837728023529,0.676384687423706,4.907601578452159e-07,0.14917609095573425,0.5942778587341309,0.021222304552793503,0.16924338042736053,0.5294456481933594,0.018336903303861618,0.20013990998268127,0.4861146807670593,0.008125745691359043,0.23344610631465912,0.46783730387687683,-0.0017700493335723877,0.1595292091369629,0.4908062815666199,-0.006878269370645285,0.18504980206489563,0.4081970751285553,-0.021536514163017273,0.19444052875041962,0.3572498559951782,-0.02937149628996849,0.19708223640918732,0.31700366735458374,-0.034398388117551804,0.17763644456863403,0.5047445893287659,-0.027103904634714127,0.23987898230552673,0.42716771364212036,-0.0413132980465889,0.27564066648483276,0.3818066120147705,-0.047543950378894806,0.29807305335998535,0.352088063955307,-0.05186151713132858,0.19838449358940125,0.5305792689323425,-0.04434451460838318,0.26286372542381287,0.46796295046806335,-0.05321100354194641,0.2814185321331024,0.49821269512176514,-0.040856681764125824,0.28379926085472107,0.528478741645813,-0.02969243936240673,0.22275400161743164,0.5598359107971191,-0.06065158173441887,0.2744644284248352,0.5137264132499695,-0.061120226979255676,0.29308298230171204,0.523503839969635,-0.04772408306598663,0.2995706796646118,0.5377412438392639,-0.035826634615659714,0.0,0.0,0.0,0.0,0.0,0.0,0.0,0.0,0.0,0.0,0.0,0.0,0.0,0.0,0.0,0.0,0.0,0.0,0.0,0.0,0.0,0.0,0.0,0.0,0.0,0.0,0.0,0.0,0.0,0.0,0.0,0.0,0.0,0.0,0.0,0.0,0.0,0.0,0.0,0.0,0.0,0.0,0.0,0.0,0.0,0.0,0.0,0.0,0.0,0.0,0.0,0.0,0.0,0.0,0.0,0.0,0.0,0.0,0.0,0.0,0.0,0.0,0.0,か
0.15705321729183197,0.6741731762886047,4.6515677354364016e-07,0.15012958645820618,0.590022623538971,0.02116885408759117,0.16829562187194824,0.5247663855552673,0.018999695777893066,0.196005716919899,0.47971874475479126,0.009642641060054302,0.22617878019809723,0.4582054018974304,0.0006479672156274319,0.1598539650440216,0.48766377568244934,-0.006108460016548634,0.18577207624912262,0.40651991963386536,-0.020119285210967064,0.19520016014575958,0.35640427470207214,-0.027268994599580765,0.19782617688179016,0.3164963722229004,-0.031393423676490784,0.17759504914283752,0.502561092376709,-0.025924764573574066,0.2401767075061798,0.42625218629837036,-0.0386926606297493,0.27512121200561523,0.38132432103157043,-0.04389612004160881,0.2968815565109253,0.3519863784313202,-0.0473790317773819,0.19916406273841858,0.5287896990776062,-0.04289804771542549,0.2631191611289978,0.46873247623443604,-0.05115395039319992,0.28232449293136597,0.497007817029953,-0.04034693166613579,0.28544333577156067,0.5260233879089355,-0.030211182311177254,0.22396285831928253,0.5579373240470886,-0.05882255360484123,0.2745586037635803,0.511981725692749,-0.05848556384444237,0.2925984859466553,0.5219781994819641,-0.04557010158896446,0.29909491539001465,0.5369505286216736,-0.03407924994826317,0.0,0.0,0.0,0.0,0.0,0.0,0.0,0.0,0.0,0.0,0.0,0.0,0.0,0.0,0.0,0.0,0.0,0.0,0.0,0.0,0.0,0.0,0.0,0.0,0.0,0.0,0.0,0.0,0.0,0.0,0.0,0.0,0.0,0.0,0.0,0.0,0.0,0.0,0.0,0.0,0.0,0.0,0.0,0.0,0.0,0.0,0.0,0.0,0.0,0.0,0.0,0.0,0.0,0.0,0.0,0.0,0.0,0.0,0.0,0.0,0.0,0.0,0.0,か
0.15852846205234528,0.6766822934150696,4.68426549105061e-07,0.15144599974155426,0.5918134450912476,0.02260436862707138,0.17087377607822418,0.527117133140564,0.020597729831933975,0.200542613863945,0.48235005140304565,0.011238228529691696,0.23188531398773193,0.4619465470314026,0.0021760461386293173,0.16112318634986877,0.4871453046798706,-0.006156048737466335,0.18639889359474182,0.4056158661842346,-0.020115111023187637,0.19523775577545166,0.35524508357048035,-0.02747705765068531,0.1973988115787506,0.3153120279312134,-0.03194587677717209,0.1781897097826004,0.5025544166564941,-0.026528790593147278,0.24080808460712433,0.42585164308547974,-0.03963739797472954,0.2761775553226471,0.3814048767089844,-0.04514429718255997,0.2987145185470581,0.3534846603870392,-0.0489703044295311,0.19905537366867065,0.5293876528739929,-0.04378877952694893,0.2632644772529602,0.46828678250312805,-0.051480770111083984,0.28279173374176025,0.4957515001296997,-0.04004024714231491,0.28649190068244934,0.5245059132575989,-0.029796935617923737,0.22384005784988403,0.5589064955711365,-0.05991411209106445,0.27438127994537354,0.5124568343162537,-0.05878064036369324,0.2928503751754761,0.5209966897964478,-0.04536224901676178,0.30015331506729126,0.5345492362976074,-0.0337209552526474,0.0,0.0,0.0,0.0,0.0,0.0,0.0,0.0,0.0,0.0,0.0,0.0,0.0,0.0,0.0,0.0,0.0,0.0,0.0,0.0,0.0,0.0,0.0,0.0,0.0,0.0,0.0,0.0,0.0,0.0,0.0,0.0,0.0,0.0,0.0,0.0,0.0,0.0,0.0,0.0,0.0,0.0,0.0,0.0,0.0,0.0,0.0,0.0,0.0,0.0,0.0,0.0,0.0,0.0,0.0,0.0,0.0,0.0,0.0,0.0,0.0,0.0,0.0,か
0.15839964151382446,0.6784647703170776,4.6085835947451415e-07,0.15152618288993835,0.5936291217803955,0.02435963600873947,0.16983330249786377,0.5280711054801941,0.02329619787633419,0.1980004608631134,0.4818975031375885,0.014455664902925491,0.22786840796470642,0.4600153863430023,0.005777489393949509,0.16110040247440338,0.4874979555606842,-0.0037371120415627956,0.18592384457588196,0.40537917613983154,-0.016887977719306946,0.1950029730796814,0.35481637716293335,-0.023749032989144325,0.19762077927589417,0.3144899010658264,-0.02793930284678936,0.17829599976539612,0.5022514462471008,-0.02470628172159195,0.24133826792240143,0.4246096611022949,-0.03665931150317192,0.2769637405872345,0.38069844245910645,-0.04151461273431778,0.29954540729522705,0.3528982996940613,-0.044936783611774445,0.19906795024871826,0.5288203358650208,-0.04245828464627266,0.26353490352630615,0.46720725297927856,-0.0491425059735775,0.2825877070426941,0.49593585729599,-0.03700234740972519,0.2856593132019043,0.5251272916793823,-0.026433460414409637,0.22365309298038483,0.5585418939590454,-0.05898405984044075,0.2749696671962738,0.5119948387145996,-0.05738889425992966,0.29341235756874084,0.5214216113090515,-0.04360152408480644,0.3005618155002594,0.5355252027511597,-0.031680408865213394,0.0,0.0,0.0,0.0,0.0,0.0,0.0,0.0,0.0,0.0,0.0,0.0,0.0,0.0,0.0,0.0,0.0,0.0,0.0,0.0,0.0,0.0,0.0,0.0,0.0,0.0,0.0,0.0,0.0,0.0,0.0,0.0,0.0,0.0,0.0,0.0,0.0,0.0,0.0,0.0,0.0,0.0,0.0,0.0,0.0,0.0,0.0,0.0,0.0,0.0,0.0,0.0,0.0,0.0,0.0,0.0,0.0,0.0,0.0,0.0,0.0,0.0,0.0,か
0.15644913911819458,0.6798586845397949,4.617848787802359e-07,0.1504870057106018,0.5959499478340149,0.024793893098831177,0.17015725374221802,0.5302562117576599,0.02404746599495411,0.20104347169399261,0.4856944680213928,0.015466599725186825,0.23302389681339264,0.4657948613166809,0.0068776230327785015,0.16127753257751465,0.4873962700366974,-0.0032436156179755926,0.18635843694210052,0.4049633741378784,-0.015614992007613182,0.1955447942018509,0.35433533787727356,-0.022114522755146027,0.19836145639419556,0.3140149712562561,-0.026233932003378868,0.1784551739692688,0.5027148127555847,-0.024199020117521286,0.2413443624973297,0.4256201982498169,-0.035503435879945755,0.27714085578918457,0.3816150426864624,-0.04048626124858856,0.3000439703464508,0.35391300916671753,-0.044286929070949554,0.19883133471012115,0.5298094153404236,-0.04186311364173889,0.2636736035346985,0.46950751543045044,-0.048173703253269196,0.2831321954727173,0.49705934524536133,-0.036819517612457275,0.2864212989807129,0.5259407758712769,-0.026983655989170074,0.2229059487581253,0.559700608253479,-0.058193717151880264,0.27442291378974915,0.5138596296310425,-0.05633721873164177,0.29357415437698364,0.5222644209861755,-0.04302511364221573,0.30118605494499207,0.5358970761299133,-0.03165215998888016,0.0,0.0,0.0,0.0,0.0,0.0,0.0,0.0,0.0,0.0,0.0,0.0,0.0,0.0,0.0,0.0,0.0,0.0,0.0,0.0,0.0,0.0,0.0,0.0,0.0,0.0,0.0,0.0,0.0,0.0,0.0,0.0,0.0,0.0,0.0,0.0,0.0,0.0,0.0,0.0,0.0,0.0,0.0,0.0,0.0,0.0,0.0,0.0,0.0,0.0,0.0,0.0,0.0,0.0,0.0,0.0,0.0,0.0,0.0,0.0,0.0,0.0,0.0,か
0.15652403235435486,0.6745626926422119,4.6264102593340795e-07,0.15019690990447998,0.5898372530937195,0.019546926021575928,0.1686297506093979,0.5227697491645813,0.016254354268312454,0.19695934653282166,0.4770124554634094,0.006354179698973894,0.22785352170467377,0.4562271535396576,-0.003107807831838727,0.16016145050525665,0.48527711629867554,-0.009178318083286285,0.18515095114707947,0.40449997782707214,-0.023622481152415276,0.19412411749362946,0.3550666570663452,-0.030898364260792732,0.19689945876598358,0.31579524278640747,-0.035098668187856674,0.17744839191436768,0.5012602210044861,-0.028259018436074257,0.2392495721578598,0.42523691058158875,-0.04117584228515625,0.27481701970100403,0.3819161057472229,-0.04579160735011101,0.29784655570983887,0.35393184423446655,-0.04884805902838707,0.19829462468624115,0.5281152129173279,-0.044535376131534576,0.26180821657180786,0.4686101973056793,-0.05333954095840454,0.2808130979537964,0.49566975235939026,-0.04302721098065376,0.28434669971466064,0.5246436595916748,-0.03330862894654274,0.22262521088123322,0.5583855509757996,-0.059830859303474426,0.2727540135383606,0.5140483379364014,-0.060355108231306076,0.2917848527431488,0.5218813419342041,-0.04833023622632027,0.2999330759048462,0.5351481437683105,-0.03747645765542984,0.0,0.0,0.0,0.0,0.0,0.0,0.0,0.0,0.0,0.0,0.0,0.0,0.0,0.0,0.0,0.0,0.0,0.0,0.0,0.0,0.0,0.0,0.0,0.0,0.0,0.0,0.0,0.0,0.0,0.0,0.0,0.0,0.0,0.0,0.0,0.0,0.0,0.0,0.0,0.0,0.0,0.0,0.0,0.0,0.0,0.0,0.0,0.0,0.0,0.0,0.0,0.0,0.0,0.0,0.0,0.0,0.0,0.0,0.0,0.0,0.0,0.0,0.0,か
0.1564134806394577,0.6744681000709534,4.629322916116507e-07,0.1497921496629715,0.5909296274185181,0.02036448009312153,0.16832438111305237,0.5247606039047241,0.017371103167533875,0.19729693233966827,0.4794948995113373,0.007577736862003803,0.2286015897989273,0.4590545892715454,-0.0018560823518782854,0.15972767770290375,0.4851529002189636,-0.008999842219054699,0.18528302013874054,0.4053093194961548,-0.024071574211120605,0.19438302516937256,0.35588547587394714,-0.032147523015737534,0.19716617465019226,0.31616872549057007,-0.03703809902071953,0.17598369717597961,0.5013747215270996,-0.02850431390106678,0.23878854513168335,0.42518243193626404,-0.042164579033851624,0.2745736241340637,0.3815515637397766,-0.047655895352363586,0.2976071834564209,0.3531946539878845,-0.05152765288949013,0.19638146460056305,0.5284582376480103,-0.045117683708667755,0.26115915179252625,0.4670388996601105,-0.05456602945923805,0.2811417877674103,0.4945809245109558,-0.04440619796514511,0.28524142503738403,0.5240590572357178,-0.03477514535188675,0.22069022059440613,0.5584015846252441,-0.06063415855169296,0.27214837074279785,0.5129550695419312,-0.06156926974654198,0.29143938422203064,0.5218128561973572,-0.049582138657569885,0.29928484559059143,0.5357446670532227,-0.03876197710633278,0.0,0.0,0.0,0.0,0.0,0.0,0.0,0.0,0.0,0.0,0.0,0.0,0.0,0.0,0.0,0.0,0.0,0.0,0.0,0.0,0.0,0.0,0.0,0.0,0.0,0.0,0.0,0.0,0.0,0.0,0.0,0.0,0.0,0.0,0.0,0.0,0.0,0.0,0.0,0.0,0.0,0.0,0.0,0.0,0.0,0.0,0.0,0.0,0.0,0.0,0.0,0.0,0.0,0.0,0.0,0.0,0.0,0.0,0.0,0.0,0.0,0.0,0.0,か
0.15636563301086426,0.6763294339179993,4.766252175159025e-07,0.14885129034519196,0.592329740524292,0.021272167563438416,0.16679494082927704,0.5256062746047974,0.01858827844262123,0.19499193131923676,0.4795819818973541,0.008835078217089176,0.2256219983100891,0.45870864391326904,-0.0006683535757474601,0.15894116461277008,0.48676982522010803,-0.008366208523511887,0.18475359678268433,0.4056931138038635,-0.02285115234553814,0.19398841261863708,0.35559430718421936,-0.030193891376256943,0.19664564728736877,0.31578004360198975,-0.034617748111486435,0.17585822939872742,0.5023325085639954,-0.028142744675278664,0.2393389791250229,0.4254743456840515,-0.04146101325750351,0.2753390073776245,0.38162779808044434,-0.04659010469913483,0.29847127199172974,0.3528629541397095,-0.05008380115032196,0.1962832808494568,0.5291368365287781,-0.044844262301921844,0.26112139225006104,0.46766966581344604,-0.05360954999923706,0.28017476201057434,0.4962567687034607,-0.04239349439740181,0.28341981768608093,0.525732159614563,-0.032028961926698685,0.22045612335205078,0.558932363986969,-0.06042970344424248,0.27195772528648376,0.5131054520606995,-0.0611138753592968,0.2915477752685547,0.5219835042953491,-0.04860148951411247,0.29973140358924866,0.5357455015182495,-0.03725055605173111,0.0,0.0,0.0,0.0,0.0,0.0,0.0,0.0,0.0,0.0,0.0,0.0,0.0,0.0,0.0,0.0,0.0,0.0,0.0,0.0,0.0,0.0,0.0,0.0,0.0,0.0,0.0,0.0,0.0,0.0,0.0,0.0,0.0,0.0,0.0,0.0,0.0,0.0,0.0,0.0,0.0,0.0,0.0,0.0,0.0,0.0,0.0,0.0,0.0,0.0,0.0,0.0,0.0,0.0,0.0,0.0,0.0,0.0,0.0,0.0,0.0,0.0,0.0,か
0.1554708182811737,0.673305094242096,4.723207496226678e-07,0.14878320693969727,0.5900843739509583,0.020089076831936836,0.16729429364204407,0.5234966278076172,0.016794439405202866,0.19582128524780273,0.4774290919303894,0.006752915680408478,0.22694504261016846,0.4567859470844269,-0.003069819649681449,0.15914687514305115,0.48536157608032227,-0.010877108201384544,0.18448521196842194,0.40455615520477295,-0.025994399562478065,0.1937618851661682,0.3548932671546936,-0.03363281860947609,0.19679999351501465,0.3149681091308594,-0.03829484432935715,0.17588630318641663,0.5012292265892029,-0.03024384006857872,0.23849187791347504,0.42409512400627136,-0.0440366193652153,0.27456504106521606,0.380521297454834,-0.04924659803509712,0.2979455888271332,0.3522847890853882,-0.052947405725717545,0.19629570841789246,0.5282970070838928,-0.04656752571463585,0.26042160391807556,0.46641281247138977,-0.05600252002477646,0.27993538975715637,0.49481087923049927,-0.04531035199761391,0.28365594148635864,0.5248154401779175,-0.03534049168229103,0.22043128311634064,0.5580581426620483,-0.06183219701051712,0.27121421694755554,0.5120993852615356,-0.0632174015045166,0.2910774052143097,0.5212040543556213,-0.05133585259318352,0.2994944751262665,0.5357829928398132,-0.04049934446811676,0.0,0.0,0.0,0.0,0.0,0.0,0.0,0.0,0.0,0.0,0.0,0.0,0.0,0.0,0.0,0.0,0.0,0.0,0.0,0.0,0.0,0.0,0.0,0.0,0.0,0.0,0.0,0.0,0.0,0.0,0.0,0.0,0.0,0.0,0.0,0.0,0.0,0.0,0.0,0.0,0.0,0.0,0.0,0.0,0.0,0.0,0.0,0.0,0.0,0.0,0.0,0.0,0.0,0.0,0.0,0.0,0.0,0.0,0.0,0.0,0.0,0.0,0.0,か
0.15639370679855347,0.6751912832260132,4.6492837668665743e-07,0.14984595775604248,0.5916723012924194,0.022199399769306183,0.16827629506587982,0.5253386497497559,0.019960207864642143,0.19630476832389832,0.47887369990348816,0.01060884352773428,0.226675346493721,0.45707467198371887,0.0014947799500077963,0.15883906185626984,0.4856864809989929,-0.008243510499596596,0.18419654667377472,0.4048581123352051,-0.023325392976403236,0.19345615804195404,0.3551425337791443,-0.03153697028756142,0.19652274250984192,0.31491339206695557,-0.03663836792111397,0.17513692378997803,0.5017174482345581,-0.028574254363775253,0.23805014789104462,0.42454349994659424,-0.042269524186849594,0.2739894986152649,0.3797811269760132,-0.04806326702237129,0.29697683453559875,0.35051488876342773,-0.05228717625141144,0.19543448090553284,0.5289047360420227,-0.045770928263664246,0.2602125406265259,0.4661381244659424,-0.05466322973370552,0.2804388999938965,0.4943889081478119,-0.043776120990514755,0.2844434678554535,0.5240453481674194,-0.033809129148721695,0.21968579292297363,0.5589053630828857,-0.061780549585819244,0.2712160050868988,0.5117966532707214,-0.06254177540540695,0.29069268703460693,0.5209096074104309,-0.05018386244773865,0.2984941601753235,0.535087525844574,-0.03910643979907036,0.0,0.0,0.0,0.0,0.0,0.0,0.0,0.0,0.0,0.0,0.0,0.0,0.0,0.0,0.0,0.0,0.0,0.0,0.0,0.0,0.0,0.0,0.0,0.0,0.0,0.0,0.0,0.0,0.0,0.0,0.0,0.0,0.0,0.0,0.0,0.0,0.0,0.0,0.0,0.0,0.0,0.0,0.0,0.0,0.0,0.0,0.0,0.0,0.0,0.0,0.0,0.0,0.0,0.0,0.0,0.0,0.0,0.0,0.0,0.0,0.0,0.0,0.0,か
0.1558329463005066,0.6758701801300049,4.828932560485555e-07,0.14803071320056915,0.5928613543510437,0.02099703438580036,0.16651304066181183,0.526435136795044,0.018269576132297516,0.1962871551513672,0.4809306859970093,0.00858429167419672,0.22835057973861694,0.46083205938339233,-0.0010005793301388621,0.15720804035663605,0.485909640789032,-0.008806336671113968,0.18281196057796478,0.404527485370636,-0.022610332816839218,0.19224347174167633,0.3544137477874756,-0.029351960867643356,0.19570627808570862,0.3145160675048828,-0.03336574509739876,0.173744335770607,0.5018110275268555,-0.028530633077025414,0.23730885982513428,0.42453157901763916,-0.041556842625141144,0.27326393127441406,0.38078761100769043,-0.04642435163259506,0.2967905104160309,0.3521074652671814,-0.049699340015649796,0.19417668879032135,0.5287612080574036,-0.045199453830718994,0.2599223852157593,0.4679301381111145,-0.05481797456741333,0.2792752683162689,0.49633780121803284,-0.044613149017095566,0.2828369140625,0.5263619422912598,-0.03465951606631279,0.2183792144060135,0.5585639476776123,-0.060640301555395126,0.27041003108024597,0.5124832391738892,-0.06208212301135063,0.2908811867237091,0.5203400254249573,-0.05026589706540108,0.29980218410491943,0.5336020588874817,-0.039335984736680984,0.0,0.0,0.0,0.0,0.0,0.0,0.0,0.0,0.0,0.0,0.0,0.0,0.0,0.0,0.0,0.0,0.0,0.0,0.0,0.0,0.0,0.0,0.0,0.0,0.0,0.0,0.0,0.0,0.0,0.0,0.0,0.0,0.0,0.0,0.0,0.0,0.0,0.0,0.0,0.0,0.0,0.0,0.0,0.0,0.0,0.0,0.0,0.0,0.0,0.0,0.0,0.0,0.0,0.0,0.0,0.0,0.0,0.0,0.0,0.0,0.0,0.0,0.0,か
0.1532021462917328,0.6754727959632874,4.622274047960673e-07,0.1463627815246582,0.5910786390304565,0.019561123102903366,0.16386844217777252,0.5229785442352295,0.016591394320130348,0.19099760055541992,0.47610050439834595,0.007082106079906225,0.22029618918895721,0.4526442885398865,-0.00224162801168859,0.15590786933898926,0.4855996072292328,-0.009934771806001663,0.1807626634836197,0.4059530198574066,-0.024959702044725418,0.1895645558834076,0.3564196825027466,-0.03260026127099991,0.19254517555236816,0.31693190336227417,-0.036753229796886444,0.17220951616764069,0.5018638968467712,-0.02920818328857422,0.23583318293094635,0.42531707882881165,-0.042599163949489594,0.27103155851364136,0.38042524456977844,-0.04752569645643234,0.2935018241405487,0.3504314720630646,-0.05060436576604843,0.19286096096038818,0.5288021564483643,-0.045709118247032166,0.25816503167152405,0.4678950905799866,-0.056411463767290115,0.278357595205307,0.4951734244823456,-0.04772844538092613,0.2829921245574951,0.5246412754058838,-0.038503434509038925,0.21730419993400574,0.5589393377304077,-0.06094789132475853,0.2681124806404114,0.5100601315498352,-0.06312752515077591,0.28742462396621704,0.5190303921699524,-0.051670290529727936,0.29617059230804443,0.5340418815612793,-0.0408330075442791,0.0,0.0,0.0,0.0,0.0,0.0,0.0,0.0,0.0,0.0,0.0,0.0,0.0,0.0,0.0,0.0,0.0,0.0,0.0,0.0,0.0,0.0,0.0,0.0,0.0,0.0,0.0,0.0,0.0,0.0,0.0,0.0,0.0,0.0,0.0,0.0,0.0,0.0,0.0,0.0,0.0,0.0,0.0,0.0,0.0,0.0,0.0,0.0,0.0,0.0,0.0,0.0,0.0,0.0,0.0,0.0,0.0,0.0,0.0,0.0,0.0,0.0,0.0,か
0.15187838673591614,0.6761388778686523,4.6485240545734996e-07,0.14457589387893677,0.5931984186172485,0.01924128457903862,0.16203279793262482,0.5247610211372375,0.016395125538110733,0.18808721005916595,0.4773547649383545,0.007135888561606407,0.2162574976682663,0.45281022787094116,-0.0017726437654346228,0.15431198477745056,0.4867037534713745,-0.010419758036732674,0.17913635075092316,0.4061077833175659,-0.026295704767107964,0.18785174190998077,0.35589534044265747,-0.03440903127193451,0.1904960572719574,0.31602588295936584,-0.03890446573495865,0.17046143114566803,0.5026232004165649,-0.029401568695902824,0.23355339467525482,0.42475655674934387,-0.04371170699596405,0.2688561677932739,0.3796081840991974,-0.048986293375492096,0.2911317050457001,0.3495953679084778,-0.05230211466550827,0.19116735458374023,0.5290890336036682,-0.04570890963077545,0.25615108013153076,0.4656952917575836,-0.05724253132939339,0.27772241830825806,0.4921009838581085,-0.048803821206092834,0.2834046483039856,0.5212753415107727,-0.039640672504901886,0.21549728512763977,0.5588675737380981,-0.06077060475945473,0.2672536373138428,0.511040210723877,-0.06391799449920654,0.28748446702957153,0.5188391208648682,-0.053405653685331345,0.2965102791786194,0.5322261452674866,-0.043166689574718475,0.0,0.0,0.0,0.0,0.0,0.0,0.0,0.0,0.0,0.0,0.0,0.0,0.0,0.0,0.0,0.0,0.0,0.0,0.0,0.0,0.0,0.0,0.0,0.0,0.0,0.0,0.0,0.0,0.0,0.0,0.0,0.0,0.0,0.0,0.0,0.0,0.0,0.0,0.0,0.0,0.0,0.0,0.0,0.0,0.0,0.0,0.0,0.0,0.0,0.0,0.0,0.0,0.0,0.0,0.0,0.0,0.0,0.0,0.0,0.0,0.0,0.0,0.0,か
0.15069028735160828,0.6714285612106323,4.868043674832734e-07,0.14307357370853424,0.5910460948944092,0.01420593447983265,0.16055108606815338,0.5215722918510437,0.00943298451602459,0.188141331076622,0.4742172062397003,-0.0007371723768301308,0.21865659952163696,0.45204484462738037,-0.010112724266946316,0.1519515961408615,0.48571959137916565,-0.014476444572210312,0.17659318447113037,0.40539824962615967,-0.030859867110848427,0.1854478120803833,0.355737566947937,-0.03925125300884247,0.18835042417049408,0.31656163930892944,-0.044124502688646317,0.1689622551202774,0.5015645027160645,-0.031067969277501106,0.2300359606742859,0.4242591857910156,-0.04637036472558975,0.26521962881088257,0.3795185387134552,-0.05241284891963005,0.2880415618419647,0.3491162061691284,-0.05639713630080223,0.18976733088493347,0.5274025201797485,-0.04532099887728691,0.25358355045318604,0.46513938903808594,-0.05793498829007149,0.27506569027900696,0.49192219972610474,-0.050228022038936615,0.2808911204338074,0.5217654705047607,-0.041463885456323624,0.213974267244339,0.5559355616569519,-0.058809779584407806,0.2637222707271576,0.5107734203338623,-0.06307046860456467,0.28491532802581787,0.5169773697853088,-0.05397934466600418,0.2951880693435669,0.529301106929779,-0.04477262496948242,0.0,0.0,0.0,0.0,0.0,0.0,0.0,0.0,0.0,0.0,0.0,0.0,0.0,0.0,0.0,0.0,0.0,0.0,0.0,0.0,0.0,0.0,0.0,0.0,0.0,0.0,0.0,0.0,0.0,0.0,0.0,0.0,0.0,0.0,0.0,0.0,0.0,0.0,0.0,0.0,0.0,0.0,0.0,0.0,0.0,0.0,0.0,0.0,0.0,0.0,0.0,0.0,0.0,0.0,0.0,0.0,0.0,0.0,0.0,0.0,0.0,0.0,0.0,か
0.14891180396080017,0.6701974868774414,4.803483761861571e-07,0.14107398688793182,0.5881761312484741,0.01672847755253315,0.15894493460655212,0.5198330879211426,0.01297846157103777,0.1877504587173462,0.47449439764022827,0.0033097323030233383,0.2182721346616745,0.45346206426620483,-0.005904641468077898,0.15068139135837555,0.48359623551368713,-0.01262163370847702,0.17478416860103607,0.4036828875541687,-0.028460897505283356,0.18351371586322784,0.3542044758796692,-0.036451905965805054,0.18611161410808563,0.3147038519382477,-0.040962204337120056,0.16716383397579193,0.49972930550575256,-0.03039969876408577,0.22916309535503387,0.42205333709716797,-0.0455460324883461,0.2636822760105133,0.37608206272125244,-0.05169693008065224,0.2855226397514343,0.34578678011894226,-0.055498141795396805,0.18781468272209167,0.5260229110717773,-0.04557492211461067,0.25152653455734253,0.4640253484249115,-0.05801353231072426,0.274502694606781,0.4908929169178009,-0.050636205822229385,0.2814067602157593,0.5208960771560669,-0.04186607524752617,0.21174804866313934,0.5546733140945435,-0.05965481325984001,0.2619796097278595,0.5069851875305176,-0.06343068182468414,0.2828904390335083,0.5157597064971924,-0.05357712507247925,0.2925510108470917,0.5306309461593628,-0.04369708523154259,0.0,0.0,0.0,0.0,0.0,0.0,0.0,0.0,0.0,0.0,0.0,0.0,0.0,0.0,0.0,0.0,0.0,0.0,0.0,0.0,0.0,0.0,0.0,0.0,0.0,0.0,0.0,0.0,0.0,0.0,0.0,0.0,0.0,0.0,0.0,0.0,0.0,0.0,0.0,0.0,0.0,0.0,0.0,0.0,0.0,0.0,0.0,0.0,0.0,0.0,0.0,0.0,0.0,0.0,0.0,0.0,0.0,0.0,0.0,0.0,0.0,0.0,0.0,か
0.14890894293785095,0.6708589792251587,4.784965881299286e-07,0.14056211709976196,0.5891925692558289,0.016395580023527145,0.15818654000759125,0.5203311443328857,0.012630405835807323,0.1863725781440735,0.47477585077285767,0.002866107504814863,0.21728970110416412,0.45366567373275757,-0.006430148612707853,0.1485559046268463,0.48414281010627747,-0.011754010803997517,0.17419929802417755,0.4044276475906372,-0.028472689911723137,0.18317638337612152,0.35490065813064575,-0.037416551262140274,0.18571865558624268,0.3151588439941406,-0.04248378798365593,0.1647621989250183,0.49952518939971924,-0.029572147876024246,0.22735880315303802,0.42155763506889343,-0.04443398490548134,0.2625373601913452,0.37622833251953125,-0.05043501779437065,0.28450629115104675,0.34509581327438354,-0.054178670048713684,0.18553008139133453,0.5250421166419983,-0.0450756810605526,0.2503793239593506,0.4618658721446991,-0.057985708117485046,0.2741679847240448,0.48983874917030334,-0.05082741752266884,0.28131526708602905,0.520168662071228,-0.04203011840581894,0.21005018055438995,0.553559422492981,-0.059537798166275024,0.2617641091346741,0.5059425234794617,-0.06388697773218155,0.28275370597839355,0.5159956812858582,-0.05415427312254906,0.29216089844703674,0.5315205454826355,-0.04421784728765488,0.0,0.0,0.0,0.0,0.0,0.0,0.0,0.0,0.0,0.0,0.0,0.0,0.0,0.0,0.0,0.0,0.0,0.0,0.0,0.0,0.0,0.0,0.0,0.0,0.0,0.0,0.0,0.0,0.0,0.0,0.0,0.0,0.0,0.0,0.0,0.0,0.0,0.0,0.0,0.0,0.0,0.0,0.0,0.0,0.0,0.0,0.0,0.0,0.0,0.0,0.0,0.0,0.0,0.0,0.0,0.0,0.0,0.0,0.0,0.0,0.0,0.0,0.0,か
0.1467893421649933,0.669594407081604,4.849180186283775e-07,0.13940204679965973,0.5880869626998901,0.01643546111881733,0.15688209235668182,0.5193937420845032,0.012479087337851524,0.18429259955883026,0.47193729877471924,0.002674481365829706,0.21391361951828003,0.4483315348625183,-0.0065536764450371265,0.14721143245697021,0.48403188586235046,-0.012976090423762798,0.17250652611255646,0.4026479721069336,-0.028721308335661888,0.1810683310031891,0.3531351685523987,-0.036327704787254333,0.18322929739952087,0.3136756122112274,-0.04057803004980087,0.16397294402122498,0.49932679533958435,-0.030940134078264236,0.22555971145629883,0.4203895926475525,-0.046133581548929214,0.26076942682266235,0.3747458755970001,-0.0518757663667202,0.2830584943294525,0.3441736698150635,-0.05537296459078789,0.1850067377090454,0.5248110294342041,-0.046366188675165176,0.24883529543876648,0.4606872797012329,-0.05944233015179634,0.27224016189575195,0.48782405257225037,-0.05180666223168373,0.2791917622089386,0.5177956819534302,-0.04280023276805878,0.2096775770187378,0.5530516505241394,-0.06072200462222099,0.2605528235435486,0.5058766603469849,-0.06506460160017014,0.2814103364944458,0.5140175223350525,-0.055356621742248535,0.2906491458415985,0.5276249647140503,-0.04560495913028717,0.0,0.0,0.0,0.0,0.0,0.0,0.0,0.0,0.0,0.0,0.0,0.0,0.0,0.0,0.0,0.0,0.0,0.0,0.0,0.0,0.0,0.0,0.0,0.0,0.0,0.0,0.0,0.0,0.0,0.0,0.0,0.0,0.0,0.0,0.0,0.0,0.0,0.0,0.0,0.0,0.0,0.0,0.0,0.0,0.0,0.0,0.0,0.0,0.0,0.0,0.0,0.0,0.0,0.0,0.0,0.0,0.0,0.0,0.0,0.0,0.0,0.0,0.0,か
0.14715547859668732,0.6673012375831604,4.914407440992363e-07,0.13900677859783173,0.5867849588394165,0.016171563416719437,0.15588980913162231,0.5194823741912842,0.01195555366575718,0.18370971083641052,0.4745733439922333,0.0018123831832781434,0.2143850028514862,0.4530891180038452,-0.007931148633360863,0.14694413542747498,0.4824660122394562,-0.013610783964395523,0.17155393958091736,0.4017009735107422,-0.029766155406832695,0.18003106117248535,0.3525473475456238,-0.03794271498918533,0.18189476430416107,0.3127889633178711,-0.042727891355752945,0.1636456400156021,0.4977109730243683,-0.03146727383136749,0.22544418275356293,0.4193015396595001,-0.046921227127313614,0.2607190012931824,0.3732357621192932,-0.05329171568155289,0.28312304615974426,0.3428632915019989,-0.057356469333171844,0.1844787895679474,0.5235832333564758,-0.046735964715480804,0.248182475566864,0.4610273838043213,-0.05961405113339424,0.27156102657318115,0.48781800270080566,-0.052006397396326065,0.278516948223114,0.5177776217460632,-0.04315095394849777,0.208580881357193,0.5519258975982666,-0.060978155583143234,0.2595953047275543,0.5050135850906372,-0.06549995392560959,0.28087306022644043,0.514146089553833,-0.055656030774116516,0.2903127670288086,0.5291818976402283,-0.045764267444610596,0.0,0.0,0.0,0.0,0.0,0.0,0.0,0.0,0.0,0.0,0.0,0.0,0.0,0.0,0.0,0.0,0.0,0.0,0.0,0.0,0.0,0.0,0.0,0.0,0.0,0.0,0.0,0.0,0.0,0.0,0.0,0.0,0.0,0.0,0.0,0.0,0.0,0.0,0.0,0.0,0.0,0.0,0.0,0.0,0.0,0.0,0.0,0.0,0.0,0.0,0.0,0.0,0.0,0.0,0.0,0.0,0.0,0.0,0.0,0.0,0.0,0.0,0.0,か
0.148032546043396,0.6695302724838257,4.843008696298057e-07,0.1396150290966034,0.5884909629821777,0.019487086683511734,0.15646004676818848,0.5226395726203918,0.016380980610847473,0.18420937657356262,0.47719264030456543,0.006679330952465534,0.2146553248167038,0.45466348528862,-0.0027447000611573458,0.1471061408519745,0.48380526900291443,-0.010872431099414825,0.1720420867204666,0.4010210931301117,-0.026065897196531296,0.18060697615146637,0.3513779640197754,-0.03355589881539345,0.1822340488433838,0.3113175928592682,-0.037882883101701736,0.16354964673519135,0.49886345863342285,-0.029997335746884346,0.226117342710495,0.41947776079177856,-0.04449575021862984,0.26162639260292053,0.373496949672699,-0.05040264129638672,0.28414463996887207,0.3436451554298401,-0.0542307123541832,0.18432499468326569,0.5245065093040466,-0.046202387660741806,0.24899370968341827,0.46140018105506897,-0.057448867708444595,0.2722625136375427,0.48906874656677246,-0.04871753975749016,0.2789449691772461,0.5191729664802551,-0.039431799203157425,0.20849086344242096,0.5523769855499268,-0.061174362897872925,0.26036396622657776,0.5053775310516357,-0.06419415026903152,0.2817317545413971,0.5149240493774414,-0.053328584879636765,0.29096806049346924,0.5300828218460083,-0.042829401791095734,0.0,0.0,0.0,0.0,0.0,0.0,0.0,0.0,0.0,0.0,0.0,0.0,0.0,0.0,0.0,0.0,0.0,0.0,0.0,0.0,0.0,0.0,0.0,0.0,0.0,0.0,0.0,0.0,0.0,0.0,0.0,0.0,0.0,0.0,0.0,0.0,0.0,0.0,0.0,0.0,0.0,0.0,0.0,0.0,0.0,0.0,0.0,0.0,0.0,0.0,0.0,0.0,0.0,0.0,0.0,0.0,0.0,0.0,0.0,0.0,0.0,0.0,0.0,か
0.1474289894104004,0.6713190078735352,4.886915689894522e-07,0.13963603973388672,0.5896399021148682,0.019318604841828346,0.15827244520187378,0.5237763524055481,0.01613762602210045,0.1878243237733841,0.47971025109291077,0.006295754108577967,0.21938030421733856,0.45884379744529724,-0.0031651293393224478,0.14812886714935303,0.484687864780426,-0.009864645078778267,0.1732652187347412,0.4025879502296448,-0.02528921328485012,0.1817162185907364,0.35276901721954346,-0.03332115337252617,0.18354427814483643,0.3123028576374054,-0.03823402151465416,0.1644553244113922,0.49921151995658875,-0.02908230572938919,0.22681570053100586,0.4209635257720947,-0.04432832449674606,0.26238712668418884,0.3753925561904907,-0.051190439611673355,0.2851393222808838,0.34496694803237915,-0.055638134479522705,0.18469563126564026,0.5248401165008545,-0.045441314578056335,0.24983450770378113,0.46253272891044617,-0.05723036825656891,0.27224957942962646,0.49064844846725464,-0.048496730625629425,0.27811098098754883,0.5200774073600769,-0.03908413276076317,0.20876544713974,0.553048849105835,-0.060655053704977036,0.2610299587249756,0.5079943537712097,-0.06385034322738647,0.28219544887542725,0.5166666507720947,-0.05318504199385643,0.29156386852264404,0.5299479961395264,-0.042853906750679016,0.0,0.0,0.0,0.0,0.0,0.0,0.0,0.0,0.0,0.0,0.0,0.0,0.0,0.0,0.0,0.0,0.0,0.0,0.0,0.0,0.0,0.0,0.0,0.0,0.0,0.0,0.0,0.0,0.0,0.0,0.0,0.0,0.0,0.0,0.0,0.0,0.0,0.0,0.0,0.0,0.0,0.0,0.0,0.0,0.0,0.0,0.0,0.0,0.0,0.0,0.0,0.0,0.0,0.0,0.0,0.0,0.0,0.0,0.0,0.0,0.0,0.0,0.0,か
0.14759638905525208,0.6717116832733154,4.794919163941813e-07,0.13963112235069275,0.5898876786231995,0.021127598360180855,0.157980278134346,0.5240814685821533,0.018619060516357422,0.1865345686674118,0.4788576364517212,0.009221486747264862,0.21749019622802734,0.4567514955997467,0.00013726809993386269,0.14795821905136108,0.4845069646835327,-0.009011642076075077,0.17304396629333496,0.40196824073791504,-0.023708010092377663,0.18117207288742065,0.3518555164337158,-0.031136253848671913,0.18298839032649994,0.31178778409957886,-0.03569025546312332,0.1643286794424057,0.4987630844116211,-0.028691595420241356,0.226182222366333,0.4205586612224579,-0.04301662743091583,0.26180192828178406,0.3750944137573242,-0.04904385283589363,0.28508543968200684,0.3459235429763794,-0.05320430546998978,0.18472202122211456,0.524499237537384,-0.04525480419397354,0.2503013610839844,0.46266818046569824,-0.05534468963742256,0.27185818552970886,0.49063190817832947,-0.04519094154238701,0.2773347795009613,0.520628035068512,-0.035359881818294525,0.20904581248760223,0.5533015727996826,-0.06061315909028053,0.2615392804145813,0.5076271295547485,-0.06260403245687485,0.28257817029953003,0.5157328248023987,-0.05104842036962509,0.2920532822608948,0.5289239883422852,-0.040307220071554184,0.0,0.0,0.0,0.0,0.0,0.0,0.0,0.0,0.0,0.0,0.0,0.0,0.0,0.0,0.0,0.0,0.0,0.0,0.0,0.0,0.0,0.0,0.0,0.0,0.0,0.0,0.0,0.0,0.0,0.0,0.0,0.0,0.0,0.0,0.0,0.0,0.0,0.0,0.0,0.0,0.0,0.0,0.0,0.0,0.0,0.0,0.0,0.0,0.0,0.0,0.0,0.0,0.0,0.0,0.0,0.0,0.0,0.0,0.0,0.0,0.0,0.0,0.0,か
0.14590518176555634,0.6699970960617065,4.885125122200407e-07,0.13777345418930054,0.5882835388183594,0.016872303560376167,0.15575042366981506,0.5195266008377075,0.012849674560129642,0.18478363752365112,0.47347044944763184,0.0029328055679798126,0.21637636423110962,0.45146653056144714,-0.006565308663994074,0.14639067649841309,0.4832251965999603,-0.012938518077135086,0.17222654819488525,0.40151888132095337,-0.028213495388627052,0.18063198029994965,0.35191962122917175,-0.03569919243454933,0.18275249004364014,0.312066912651062,-0.040078647434711456,0.163200244307518,0.49834543466567993,-0.030765490606427193,0.22534023225307465,0.42024073004722595,-0.045114967972040176,0.2608286142349243,0.3752100467681885,-0.050575342029333115,0.2840520143508911,0.3449486494064331,-0.054192665964365005,0.1841253638267517,0.5240777730941772,-0.045890044420957565,0.2489120215177536,0.46162572503089905,-0.0575333833694458,0.2700473666191101,0.48823967576026917,-0.049114130437374115,0.27549758553504944,0.5178210735321045,-0.040054406970739365,0.20850230753421783,0.5525567531585693,-0.06000230833888054,0.2597872018814087,0.5063719749450684,-0.06360365450382233,0.2807523012161255,0.5132195949554443,-0.05361722782254219,0.2905268967151642,0.5257526636123657,-0.04382746294140816,0.0,0.0,0.0,0.0,0.0,0.0,0.0,0.0,0.0,0.0,0.0,0.0,0.0,0.0,0.0,0.0,0.0,0.0,0.0,0.0,0.0,0.0,0.0,0.0,0.0,0.0,0.0,0.0,0.0,0.0,0.0,0.0,0.0,0.0,0.0,0.0,0.0,0.0,0.0,0.0,0.0,0.0,0.0,0.0,0.0,0.0,0.0,0.0,0.0,0.0,0.0,0.0,0.0,0.0,0.0,0.0,0.0,0.0,0.0,0.0,0.0,0.0,0.0,か
0.1474675089120865,0.667708158493042,4.877868491348636e-07,0.1400699019432068,0.585978627204895,0.01881934329867363,0.1566738337278366,0.5198504328727722,0.015205261297523975,0.18378573656082153,0.47432243824005127,0.005087662022560835,0.21384106576442719,0.45210176706314087,-0.004648536443710327,0.14699062705039978,0.482200026512146,-0.011898155324161053,0.1721942126750946,0.40002670884132385,-0.027468960732221603,0.1807878315448761,0.3503740429878235,-0.0351422093808651,0.18262925744056702,0.31039589643478394,-0.039564717561006546,0.16306200623512268,0.4971589148044586,-0.030766353011131287,0.22623386979103088,0.4190981686115265,-0.04568183049559593,0.26215529441833496,0.3740983009338379,-0.05162107199430466,0.28522399067878723,0.34494322538375854,-0.05534249171614647,0.18368859589099884,0.5231233239173889,-0.04669076204299927,0.24901719391345978,0.4620220959186554,-0.05802131071686745,0.27061161398887634,0.4900507926940918,-0.0488007627427578,0.2758704721927643,0.519904375076294,-0.039108894765377045,0.20812857151031494,0.5517409443855286,-0.061487577855587006,0.2600487470626831,0.506330668926239,-0.06436361372470856,0.28106340765953064,0.5152358412742615,-0.05319413170218468,0.29037031531333923,0.5296791791915894,-0.04243513569235802,0.0,0.0,0.0,0.0,0.0,0.0,0.0,0.0,0.0,0.0,0.0,0.0,0.0,0.0,0.0,0.0,0.0,0.0,0.0,0.0,0.0,0.0,0.0,0.0,0.0,0.0,0.0,0.0,0.0,0.0,0.0,0.0,0.0,0.0,0.0,0.0,0.0,0.0,0.0,0.0,0.0,0.0,0.0,0.0,0.0,0.0,0.0,0.0,0.0,0.0,0.0,0.0,0.0,0.0,0.0,0.0,0.0,0.0,0.0,0.0,0.0,0.0,0.0,か
0.1465945988893509,0.6666821241378784,4.913919156024349e-07,0.1379130780696869,0.586018979549408,0.019769208505749702,0.1543293297290802,0.5201603174209595,0.016804903745651245,0.18227477371692657,0.47428104281425476,0.007200988475233316,0.21317467093467712,0.4523499608039856,-0.0020914773922413588,0.14605547487735748,0.48288506269454956,-0.011196671053767204,0.17225845158100128,0.40044105052948,-0.02615508623421192,0.18104103207588196,0.3507964313030243,-0.033508434891700745,0.18289877474308014,0.31067952513694763,-0.03813497722148895,0.16333359479904175,0.4972747564315796,-0.030472401529550552,0.22546300292015076,0.41835737228393555,-0.045696813613176346,0.2613082528114319,0.37265706062316895,-0.05228087678551674,0.28433847427368164,0.34362971782684326,-0.05680406093597412,0.18437592685222626,0.5228338241577148,-0.04658549651503563,0.24962276220321655,0.4596046209335327,-0.05796052888035774,0.27120885252952576,0.48913633823394775,-0.0481802262365818,0.2764328718185425,0.5200541615486145,-0.03835475444793701,0.20869798958301544,0.5509433746337891,-0.0614924356341362,0.26126474142074585,0.5043950080871582,-0.06510607898235321,0.28230997920036316,0.5146412253379822,-0.05405079573392868,0.2909969687461853,0.5301096439361572,-0.04340410605072975,0.0,0.0,0.0,0.0,0.0,0.0,0.0,0.0,0.0,0.0,0.0,0.0,0.0,0.0,0.0,0.0,0.0,0.0,0.0,0.0,0.0,0.0,0.0,0.0,0.0,0.0,0.0,0.0,0.0,0.0,0.0,0.0,0.0,0.0,0.0,0.0,0.0,0.0,0.0,0.0,0.0,0.0,0.0,0.0,0.0,0.0,0.0,0.0,0.0,0.0,0.0,0.0,0.0,0.0,0.0,0.0,0.0,0.0,0.0,0.0,0.0,0.0,0.0,か
0.14611054956912994,0.6647852659225464,4.962936372976401e-07,0.137061208486557,0.584988534450531,0.017212074249982834,0.1529775708913803,0.5181595087051392,0.013168900273740292,0.18014252185821533,0.4719005227088928,0.0029744261410087347,0.21000364422798157,0.44884681701660156,-0.007020093034952879,0.14552190899848938,0.4830913841724396,-0.014229396358132362,0.1714469939470291,0.40070047974586487,-0.030284801498055458,0.1800450086593628,0.3504384160041809,-0.037864286452531815,0.18213996291160583,0.3102293610572815,-0.04236891493201256,0.1631026417016983,0.4972124993801117,-0.032603487372398376,0.2249504178762436,0.417813241481781,-0.04838435724377632,0.26058632135391235,0.37182778120040894,-0.05422132462263107,0.28356704115867615,0.341972291469574,-0.05794321373105049,0.18431799113750458,0.5226964950561523,-0.048166319727897644,0.24928215146064758,0.4595111012458801,-0.06119255721569061,0.2709677219390869,0.48871999979019165,-0.052003148943185806,0.276628315448761,0.5198434591293335,-0.04210302606225014,0.20863039791584015,0.5514543056488037,-0.0626235082745552,0.260578989982605,0.5043280720710754,-0.06771010160446167,0.2812187373638153,0.5140812397003174,-0.057306818664073944,0.28995874524116516,0.5296506881713867,-0.04691628739237785,0.0,0.0,0.0,0.0,0.0,0.0,0.0,0.0,0.0,0.0,0.0,0.0,0.0,0.0,0.0,0.0,0.0,0.0,0.0,0.0,0.0,0.0,0.0,0.0,0.0,0.0,0.0,0.0,0.0,0.0,0.0,0.0,0.0,0.0,0.0,0.0,0.0,0.0,0.0,0.0,0.0,0.0,0.0,0.0,0.0,0.0,0.0,0.0,0.0,0.0,0.0,0.0,0.0,0.0,0.0,0.0,0.0,0.0,0.0,0.0,0.0,0.0,0.0,か
0.1471986323595047,0.665326714515686,4.940583835377765e-07,0.13750578463077545,0.5846355557441711,0.018603703007102013,0.15423452854156494,0.5182369351387024,0.014911294914782047,0.1818973869085312,0.4720093607902527,0.004758879542350769,0.2130468636751175,0.4500948190689087,-0.005002252291887999,0.1463044136762619,0.48285529017448425,-0.012369112111628056,0.17229227721691132,0.4009193480014801,-0.028135016560554504,0.18070173263549805,0.351101815700531,-0.035961586982011795,0.18226052820682526,0.3108472228050232,-0.040933337062597275,0.16337816417217255,0.49688029289245605,-0.031449854373931885,0.22510114312171936,0.41845211386680603,-0.04759299010038376,0.26058676838874817,0.37164750695228577,-0.05455942451953888,0.2833513617515564,0.3409687578678131,-0.0593797005712986,0.18374377489089966,0.5224189162254333,-0.04750847443938255,0.2486504316329956,0.4589754045009613,-0.05966273695230484,0.27059364318847656,0.4888154864311218,-0.049753859639167786,0.2762783169746399,0.5195972323417664,-0.039809443056583405,0.2076212614774704,0.5507500171661377,-0.06249619647860527,0.2599790692329407,0.5043330192565918,-0.06676159054040909,0.28077808022499084,0.5147987604141235,-0.055937014520168304,0.28936105966567993,0.5298283696174622,-0.045495763421058655,0.0,0.0,0.0,0.0,0.0,0.0,0.0,0.0,0.0,0.0,0.0,0.0,0.0,0.0,0.0,0.0,0.0,0.0,0.0,0.0,0.0,0.0,0.0,0.0,0.0,0.0,0.0,0.0,0.0,0.0,0.0,0.0,0.0,0.0,0.0,0.0,0.0,0.0,0.0,0.0,0.0,0.0,0.0,0.0,0.0,0.0,0.0,0.0,0.0,0.0,0.0,0.0,0.0,0.0,0.0,0.0,0.0,0.0,0.0,0.0,0.0,0.0,0.0,か
0.14699219167232513,0.6612176895141602,5.047826334703132e-07,0.13755649328231812,0.5814682841300964,0.015105786733329296,0.1530672311782837,0.515383243560791,0.010114501230418682,0.18063274025917053,0.4702567756175995,-0.0004179335373919457,0.21109138429164886,0.44842126965522766,-0.010512015782296658,0.14531047642230988,0.4815530478954315,-0.016616996377706528,0.17166468501091003,0.39970511198043823,-0.03322301805019379,0.18016523122787476,0.34985432028770447,-0.04107647389173508,0.18180446326732635,0.3099440932273865,-0.045651115477085114,0.16333787143230438,0.49617642164230347,-0.03384098783135414,0.2248292714357376,0.41719532012939453,-0.04997742176055908,0.26025068759918213,0.3708415925502777,-0.055857084691524506,0.28291773796081543,0.34045517444610596,-0.059595733880996704,0.1848708689212799,0.5214663743972778,-0.04837903007864952,0.24878087639808655,0.4584183096885681,-0.061521969735622406,0.27089405059814453,0.4864240288734436,-0.052650563418865204,0.2771022319793701,0.5169804096221924,-0.04299810156226158,0.20928193628787994,0.5495888590812683,-0.06197625398635864,0.2602272927761078,0.5037800073623657,-0.06692531704902649,0.280466765165329,0.5126348733901978,-0.056803252547979355,0.28901469707489014,0.5272403359413147,-0.046698614954948425,0.0,0.0,0.0,0.0,0.0,0.0,0.0,0.0,0.0,0.0,0.0,0.0,0.0,0.0,0.0,0.0,0.0,0.0,0.0,0.0,0.0,0.0,0.0,0.0,0.0,0.0,0.0,0.0,0.0,0.0,0.0,0.0,0.0,0.0,0.0,0.0,0.0,0.0,0.0,0.0,0.0,0.0,0.0,0.0,0.0,0.0,0.0,0.0,0.0,0.0,0.0,0.0,0.0,0.0,0.0,0.0,0.0,0.0,0.0,0.0,0.0,0.0,0.0,か
0.14761632680892944,0.6617292761802673,5.121054300616379e-07,0.1386878490447998,0.5826441645622253,0.016401097178459167,0.15461647510528564,0.5172044038772583,0.011496063321828842,0.182321235537529,0.4717782735824585,0.0005054650246165693,0.21340955793857574,0.45038893818855286,-0.009883093647658825,0.14573882520198822,0.48273539543151855,-0.015392876230180264,0.17120705544948578,0.39995983242988586,-0.03229978680610657,0.17974263429641724,0.3497861623764038,-0.04073561728000641,0.18124935030937195,0.30942094326019287,-0.04594038426876068,0.16286659240722656,0.4969104826450348,-0.033717505633831024,0.22482246160507202,0.417344331741333,-0.051046863198280334,0.26026755571365356,0.37032201886177063,-0.058319345116615295,0.2828700840473175,0.3396070599555969,-0.06298986822366714,0.18370065093040466,0.5221359133720398,-0.049143966287374496,0.24902111291885376,0.45856496691703796,-0.0624714121222496,0.26978445053100586,0.48938941955566406,-0.05229382961988449,0.2742249369621277,0.5207921266555786,-0.04167109355330467,0.20819906890392303,0.5499807000160217,-0.06369873136281967,0.26068148016929626,0.5035087466239929,-0.06896573305130005,0.2813050150871277,0.5137985944747925,-0.05805202201008797,0.2895132005214691,0.5288780927658081,-0.047159064561128616,0.0,0.0,0.0,0.0,0.0,0.0,0.0,0.0,0.0,0.0,0.0,0.0,0.0,0.0,0.0,0.0,0.0,0.0,0.0,0.0,0.0,0.0,0.0,0.0,0.0,0.0,0.0,0.0,0.0,0.0,0.0,0.0,0.0,0.0,0.0,0.0,0.0,0.0,0.0,0.0,0.0,0.0,0.0,0.0,0.0,0.0,0.0,0.0,0.0,0.0,0.0,0.0,0.0,0.0,0.0,0.0,0.0,0.0,0.0,0.0,0.0,0.0,0.0,か
0.14639899134635925,0.6652058959007263,5.134926936989359e-07,0.13838961720466614,0.58463454246521,0.017032936215400696,0.15555214881896973,0.5184288024902344,0.012425431050360203,0.183430477976799,0.4729812443256378,0.0013841289328411222,0.21448470652103424,0.45149827003479004,-0.00916501134634018,0.14627593755722046,0.4836536943912506,-0.012817593291401863,0.17182765901088715,0.40131455659866333,-0.029381252825260162,0.18057501316070557,0.3505576252937317,-0.03774186596274376,0.18250125646591187,0.30995434522628784,-0.04289451241493225,0.1633480191230774,0.49736088514328003,-0.031606294214725494,0.2261577844619751,0.41846829652786255,-0.04840359836816788,0.2615947127342224,0.37185484170913696,-0.05556730180978775,0.28389066457748413,0.3410181701183319,-0.060059886425733566,0.18402917683124542,0.5224180817604065,-0.04761768504977226,0.24965479969978333,0.4592670202255249,-0.060635268688201904,0.27003970742225647,0.4908351004123688,-0.05032912269234657,0.2740543484687805,0.5223491191864014,-0.03949965164065361,0.20856404304504395,0.5505424737930298,-0.06275048851966858,0.26104432344436646,0.5037151575088501,-0.06744945794343948,0.2814439833164215,0.5143485069274902,-0.05608716979622841,0.28948482871055603,0.5296801328659058,-0.04485857114195824,0.0,0.0,0.0,0.0,0.0,0.0,0.0,0.0,0.0,0.0,0.0,0.0,0.0,0.0,0.0,0.0,0.0,0.0,0.0,0.0,0.0,0.0,0.0,0.0,0.0,0.0,0.0,0.0,0.0,0.0,0.0,0.0,0.0,0.0,0.0,0.0,0.0,0.0,0.0,0.0,0.0,0.0,0.0,0.0,0.0,0.0,0.0,0.0,0.0,0.0,0.0,0.0,0.0,0.0,0.0,0.0,0.0,0.0,0.0,0.0,0.0,0.0,0.0,か
0.14690466225147247,0.6631828546524048,5.132780529493175e-07,0.13728055357933044,0.5833538174629211,0.01699250005185604,0.15341928601264954,0.5175285339355469,0.012677411548793316,0.18091797828674316,0.47256436944007874,0.0022041667252779007,0.21193133294582367,0.4515703320503235,-0.007837118580937386,0.1456845998764038,0.482440710067749,-0.013910476118326187,0.17200985550880432,0.40034249424934387,-0.03006140887737274,0.18060727417469025,0.34957635402679443,-0.0379573293030262,0.18222332000732422,0.3089905381202698,-0.04283617064356804,0.1637219786643982,0.49614885449409485,-0.0322011336684227,0.22566618025302887,0.4174290895462036,-0.04821073263883591,0.261350154876709,0.3705254793167114,-0.0547451414167881,0.2841710150241852,0.34018218517303467,-0.05908376723527908,0.18490926921367645,0.5212639570236206,-0.04762444272637367,0.24999836087226868,0.4588920474052429,-0.05962512642145157,0.27136266231536865,0.48787829279899597,-0.049495626240968704,0.2762984037399292,0.518358588218689,-0.039254337549209595,0.209126815199852,0.5492120981216431,-0.062143970280885696,0.2615741491317749,0.503826916217804,-0.06606630235910416,0.2818071246147156,0.5134390592575073,-0.05488385632634163,0.2894367277622223,0.5282825827598572,-0.044099967926740646,0.0,0.0,0.0,0.0,0.0,0.0,0.0,0.0,0.0,0.0,0.0,0.0,0.0,0.0,0.0,0.0,0.0,0.0,0.0,0.0,0.0,0.0,0.0,0.0,0.0,0.0,0.0,0.0,0.0,0.0,0.0,0.0,0.0,0.0,0.0,0.0,0.0,0.0,0.0,0.0,0.0,0.0,0.0,0.0,0.0,0.0,0.0,0.0,0.0,0.0,0.0,0.0,0.0,0.0,0.0,0.0,0.0,0.0,0.0,0.0,0.0,0.0,0.0,か
0.1482020914554596,0.6656587719917297,5.00903468036995e-07,0.13912928104400635,0.5847052931785583,0.017933698371052742,0.1560349017381668,0.5184348821640015,0.013991479761898518,0.18427467346191406,0.4726021885871887,0.003624036442488432,0.21510039269924164,0.450554758310318,-0.006318014580756426,0.1461782306432724,0.48153555393218994,-0.011835371144115925,0.17248137295246124,0.398931622505188,-0.027327945455908775,0.18088260293006897,0.3490549921989441,-0.03482943773269653,0.18214371800422668,0.30919569730758667,-0.03916431590914726,0.16343702375888824,0.4958209693431854,-0.030427785590291023,0.2267954796552658,0.4176165461540222,-0.045900728553533554,0.2622779309749603,0.3713706135749817,-0.052300047129392624,0.28498518466949463,0.34089213609695435,-0.056236013770103455,0.18449081480503082,0.5212337374687195,-0.04615382105112076,0.2503993511199951,0.4605473279953003,-0.05804450064897537,0.2711041569709778,0.49008145928382874,-0.04848353937268257,0.2757248878479004,0.5204183459281921,-0.03836648166179657,0.20902608335018158,0.5495661497116089,-0.060849644243717194,0.2612721025943756,0.5050795674324036,-0.0642298012971878,0.2816109359264374,0.5144383907318115,-0.052984192967414856,0.2903308868408203,0.5285643339157104,-0.0420587882399559,0.0,0.0,0.0,0.0,0.0,0.0,0.0,0.0,0.0,0.0,0.0,0.0,0.0,0.0,0.0,0.0,0.0,0.0,0.0,0.0,0.0,0.0,0.0,0.0,0.0,0.0,0.0,0.0,0.0,0.0,0.0,0.0,0.0,0.0,0.0,0.0,0.0,0.0,0.0,0.0,0.0,0.0,0.0,0.0,0.0,0.0,0.0,0.0,0.0,0.0,0.0,0.0,0.0,0.0,0.0,0.0,0.0,0.0,0.0,0.0,0.0,0.0,0.0,か
0.14508186280727386,0.6675344705581665,5.081297445030941e-07,0.13885775208473206,0.5873905420303345,0.01760210655629635,0.1604834496974945,0.5240886807441711,0.013162107206881046,0.1955527663230896,0.4845368266105652,0.0021997152362018824,0.2319258749485016,0.468701034784317,-0.008590945042669773,0.14655087888240814,0.4856623113155365,-0.011574115604162216,0.17264187335968018,0.4019719362258911,-0.02635856904089451,0.18074654042720795,0.3509194850921631,-0.03339805454015732,0.18260321021080017,0.3096962571144104,-0.03779525309801102,0.16526645421981812,0.49754640460014343,-0.030400078743696213,0.22636747360229492,0.41796547174453735,-0.044671617448329926,0.2616887092590332,0.37188994884490967,-0.050214845687150955,0.2844417095184326,0.3416328430175781,-0.05394560098648071,0.186282217502594,0.5218602418899536,-0.046503420919179916,0.2509089410305023,0.46002864837646484,-0.058278102427721024,0.27110785245895386,0.490507036447525,-0.04873528331518173,0.2757008671760559,0.522030770778656,-0.03875388205051422,0.21077612042427063,0.5503020882606506,-0.06161583960056305,0.2622801661491394,0.5048050284385681,-0.0649443045258522,0.2821445167064667,0.5145791172981262,-0.05366731062531471,0.29053130745887756,0.5298207998275757,-0.042991362512111664,0.0,0.0,0.0,0.0,0.0,0.0,0.0,0.0,0.0,0.0,0.0,0.0,0.0,0.0,0.0,0.0,0.0,0.0,0.0,0.0,0.0,0.0,0.0,0.0,0.0,0.0,0.0,0.0,0.0,0.0,0.0,0.0,0.0,0.0,0.0,0.0,0.0,0.0,0.0,0.0,0.0,0.0,0.0,0.0,0.0,0.0,0.0,0.0,0.0,0.0,0.0,0.0,0.0,0.0,0.0,0.0,0.0,0.0,0.0,0.0,0.0,0.0,0.0,か
0.14776617288589478,0.6662430763244629,4.947941647515108e-07,0.13940879702568054,0.5843198299407959,0.018780946731567383,0.15654078125953674,0.5183029770851135,0.015065645799040794,0.1840638816356659,0.47236204147338867,0.004641279578208923,0.21474598348140717,0.4503932595252991,-0.005404743365943432,0.14678777754306793,0.48161691427230835,-0.010653824545443058,0.17298488318920135,0.40010419487953186,-0.025789765641093254,0.1813177764415741,0.3501107096672058,-0.03315223753452301,0.18282774090766907,0.309922993183136,-0.03764369338750839,0.16426102817058563,0.49526941776275635,-0.030047213658690453,0.2267959713935852,0.4179525375366211,-0.04557767137885094,0.2621162235736847,0.37213975191116333,-0.05209023877978325,0.28455886244773865,0.34182247519493103,-0.05619512125849724,0.18496498465538025,0.5206314921379089,-0.04653553664684296,0.25048163533210754,0.46049466729164124,-0.05865412950515747,0.2714731991291046,0.4909430742263794,-0.04889978468418121,0.2761269509792328,0.5214123725891113,-0.038689665496349335,0.2093932330608368,0.5495755076408386,-0.061936378479003906,0.2612617611885071,0.5046523213386536,-0.06561939418315887,0.2815532386302948,0.5144106149673462,-0.05428435653448105,0.28993070125579834,0.52884840965271,-0.04334481805562973,0.0,0.0,0.0,0.0,0.0,0.0,0.0,0.0,0.0,0.0,0.0,0.0,0.0,0.0,0.0,0.0,0.0,0.0,0.0,0.0,0.0,0.0,0.0,0.0,0.0,0.0,0.0,0.0,0.0,0.0,0.0,0.0,0.0,0.0,0.0,0.0,0.0,0.0,0.0,0.0,0.0,0.0,0.0,0.0,0.0,0.0,0.0,0.0,0.0,0.0,0.0,0.0,0.0,0.0,0.0,0.0,0.0,0.0,0.0,0.0,0.0,0.0,0.0,か
0.14719557762145996,0.6660871505737305,5.136587333254283e-07,0.1395791918039322,0.5858321785926819,0.01606879197061062,0.15852543711662292,0.5215092897415161,0.010770302265882492,0.1897677481174469,0.4798709452152252,-0.0007486983085982502,0.2239256352186203,0.4624062776565552,-0.01185548584908247,0.14710283279418945,0.48481231927871704,-0.013923346064984798,0.17289452254772186,0.4019179046154022,-0.030058203265070915,0.18096548318862915,0.3508197069168091,-0.037917930632829666,0.18233852088451385,0.3100656270980835,-0.04270148277282715,0.16532385349273682,0.4977039396762848,-0.032148171216249466,0.2270461469888687,0.4189148247241974,-0.048089154064655304,0.2623268663883209,0.37269535660743713,-0.05450451001524925,0.28494441509246826,0.34260624647140503,-0.058610908687114716,0.18611733615398407,0.522396981716156,-0.04770035296678543,0.2509364187717438,0.4612119495868683,-0.06016785651445389,0.27165448665618896,0.4906567633152008,-0.05056652054190636,0.27660277485847473,0.5209895968437195,-0.04043932631611824,0.21053682267665863,0.5506213307380676,-0.062409281730651855,0.2616364061832428,0.5059740543365479,-0.06613292545080185,0.282126784324646,0.5139514207839966,-0.05507361888885498,0.2912200689315796,0.527160108089447,-0.044434238225221634,0.0,0.0,0.0,0.0,0.0,0.0,0.0,0.0,0.0,0.0,0.0,0.0,0.0,0.0,0.0,0.0,0.0,0.0,0.0,0.0,0.0,0.0,0.0,0.0,0.0,0.0,0.0,0.0,0.0,0.0,0.0,0.0,0.0,0.0,0.0,0.0,0.0,0.0,0.0,0.0,0.0,0.0,0.0,0.0,0.0,0.0,0.0,0.0,0.0,0.0,0.0,0.0,0.0,0.0,0.0,0.0,0.0,0.0,0.0,0.0,0.0,0.0,0.0,か
0.14748692512512207,0.6662516593933105,5.224550250204629e-07,0.13994860649108887,0.5858882665634155,0.01734221912920475,0.15835534036159515,0.5219442844390869,0.012538734823465347,0.18934549391269684,0.47958216071128845,0.0011711770202964544,0.2227068990468979,0.46089839935302734,-0.009738561697304249,0.14731425046920776,0.4839775562286377,-0.012384851463139057,0.17346122860908508,0.40109676122665405,-0.0281179528683424,0.18165038526058197,0.3503074049949646,-0.035918522626161575,0.18303272128105164,0.309933602809906,-0.04077611491084099,0.16451135277748108,0.49757564067840576,-0.03135241940617561,0.22710095345973969,0.4195334017276764,-0.047863639891147614,0.2624882161617279,0.37298691272735596,-0.05513196066021919,0.2851300835609436,0.3428928256034851,-0.05978872999548912,0.1850610226392746,0.5229058265686035,-0.047483474016189575,0.25149980187416077,0.46273767948150635,-0.060029804706573486,0.272283673286438,0.49323564767837524,-0.050043314695358276,0.27643850445747375,0.5239765048027039,-0.03958522155880928,0.2097020447254181,0.5511539578437805,-0.06269586831331253,0.2625941336154938,0.5050186514854431,-0.0665808916091919,0.2831101417541504,0.5151492357254028,-0.054948244243860245,0.2909281551837921,0.5301377773284912,-0.043731439858675,0.0,0.0,0.0,0.0,0.0,0.0,0.0,0.0,0.0,0.0,0.0,0.0,0.0,0.0,0.0,0.0,0.0,0.0,0.0,0.0,0.0,0.0,0.0,0.0,0.0,0.0,0.0,0.0,0.0,0.0,0.0,0.0,0.0,0.0,0.0,0.0,0.0,0.0,0.0,0.0,0.0,0.0,0.0,0.0,0.0,0.0,0.0,0.0,0.0,0.0,0.0,0.0,0.0,0.0,0.0,0.0,0.0,0.0,0.0,0.0,0.0,0.0,0.0,か
0.14623799920082092,0.667506754398346,5.017515718463983e-07,0.1387791484594345,0.5858680605888367,0.018682394176721573,0.15764498710632324,0.521415650844574,0.014706715941429138,0.18816260993480682,0.47855985164642334,0.003966504707932472,0.22144094109535217,0.45987668633461,-0.006448354572057724,0.14679062366485596,0.48435309529304504,-0.0105148795992136,0.1724117547273636,0.4026228189468384,-0.02592509239912033,0.18103553354740143,0.3525102138519287,-0.03373924642801285,0.1830262392759323,0.3119373321533203,-0.03867611661553383,0.16441041231155396,0.4970255196094513,-0.02998584322631359,0.2267664074897766,0.4190589487552643,-0.0455440916121006,0.26238957047462463,0.3729553818702698,-0.05247287452220917,0.28512805700302124,0.34292173385620117,-0.05700066313147545,0.18499311804771423,0.5219255685806274,-0.04659142717719078,0.2508242428302765,0.46110403537750244,-0.058340199291706085,0.27243685722351074,0.49129432439804077,-0.04858653247356415,0.277644544839859,0.5219712853431702,-0.03847266733646393,0.20951642096042633,0.5504632592201233,-0.062182411551475525,0.26136940717697144,0.5057773590087891,-0.06535497307777405,0.28225988149642944,0.5150514245033264,-0.05396230146288872,0.29104503989219666,0.5291470289230347,-0.043102823197841644,0.0,0.0,0.0,0.0,0.0,0.0,0.0,0.0,0.0,0.0,0.0,0.0,0.0,0.0,0.0,0.0,0.0,0.0,0.0,0.0,0.0,0.0,0.0,0.0,0.0,0.0,0.0,0.0,0.0,0.0,0.0,0.0,0.0,0.0,0.0,0.0,0.0,0.0,0.0,0.0,0.0,0.0,0.0,0.0,0.0,0.0,0.0,0.0,0.0,0.0,0.0,0.0,0.0,0.0,0.0,0.0,0.0,0.0,0.0,0.0,0.0,0.0,0.0,か
0.14701710641384125,0.6673016548156738,5.13091606535454e-07,0.13883742690086365,0.5869143009185791,0.019036846235394478,0.1570935994386673,0.5232057571411133,0.015176844783127308,0.1869775354862213,0.48013627529144287,0.004652603529393673,0.21893836557865143,0.46039795875549316,-0.005559408105909824,0.14720208942890167,0.4855574071407318,-0.01175008900463581,0.17311666905879974,0.4026435911655426,-0.027330182492733,0.18074896931648254,0.351574182510376,-0.035346996039152145,0.18153095245361328,0.3105168342590332,-0.040476322174072266,0.1649092435836792,0.4984373152256012,-0.030864806845784187,0.22733090817928314,0.41973283886909485,-0.04642697423696518,0.2624228596687317,0.37230512499809265,-0.053508199751377106,0.2850135266780853,0.34215274453163147,-0.058402061462402344,0.1856536716222763,0.5235093235969543,-0.04685453698039055,0.2510223686695099,0.46186143159866333,-0.057275909930467606,0.27117618918418884,0.492084264755249,-0.04605980962514877,0.27542734146118164,0.5231797099113464,-0.035427700728178024,0.21002192795276642,0.5518108606338501,-0.06193114072084427,0.26165175437927246,0.5054614543914795,-0.0644415020942688,0.2822567820549011,0.51446533203125,-0.0522923581302166,0.29093778133392334,0.5286701917648315,-0.04097934439778328,0.0,0.0,0.0,0.0,0.0,0.0,0.0,0.0,0.0,0.0,0.0,0.0,0.0,0.0,0.0,0.0,0.0,0.0,0.0,0.0,0.0,0.0,0.0,0.0,0.0,0.0,0.0,0.0,0.0,0.0,0.0,0.0,0.0,0.0,0.0,0.0,0.0,0.0,0.0,0.0,0.0,0.0,0.0,0.0,0.0,0.0,0.0,0.0,0.0,0.0,0.0,0.0,0.0,0.0,0.0,0.0,0.0,0.0,0.0,0.0,0.0,0.0,0.0,か
