0.0,0.0,0.0,0.0,0.0,0.0,0.0,0.0,0.0,0.0,0.0,0.0,0.0,0.0,0.0,0.0,0.0,0.0,0.0,0.0,0.0,0.0,0.0,0.0,0.0,0.0,0.0,0.0,0.0,0.0,0.0,0.0,0.0,0.0,0.0,0.0,0.0,0.0,0.0,0.0,0.0,0.0,0.0,0.0,0.0,0.0,0.0,0.0,0.0,0.0,0.0,0.0,0.0,0.0,0.0,0.0,0.0,0.0,0.0,0.0,0.0,0.0,0.0,0.8422955274581909,1.0040408372879028,4.4073107119402266e-07,0.7622454166412354,0.9945922493934631,-0.04359069839119911,0.6849766969680786,0.9180542826652527,-0.07636862248182297,0.6576827168464661,0.8200485706329346,-0.11286157369613647,0.708854079246521,0.7773116827011108,-0.14412108063697815,0.7263672947883606,0.6723645925521851,-0.029620729386806488,0.7270992994308472,0.5326113700866699,-0.09259533882141113,0.729595422744751,0.4962090849876404,-0.13745060563087463,0.7353816628456116,0.5409048795700073,-0.16110362112522125,0.8007739782333374,0.6704964637756348,-0.04488549754023552,0.8009651303291321,0.5028609037399292,-0.11874528229236603,0.7941740155220032,0.49579161405563354,-0.16170042753219604,0.7933823466300964,0.550656259059906,-0.17658936977386475,0.8684680461883545,0.710639476776123,-0.06763061136007309,0.8798514008522034,0.5913581848144531,-0.1386617124080658,0.8642652630805969,0.7061036229133606,-0.13810384273529053,0.8444852828979492,0.8059806227684021,-0.11783353239297867,0.9326027631759644,0.7735793590545654,-0.09434577077627182,0.9265899658203125,0.7232118248939514,-0.14692652225494385,0.9098186492919922,0.8024288415908813,-0.1423112004995346,0.8906795978546143,0.8670936822891235,-0.12452831864356995,अ
0.0,0.0,0.0,0.0,0.0,0.0,0.0,0.0,0.0,0.0,0.0,0.0,0.0,0.0,0.0,0.0,0.0,0.0,0.0,0.0,0.0,0.0,0.0,0.0,0.0,0.0,0.0,0.0,0.0,0.0,0.0,0.0,0.0,0.0,0.0,0.0,0.0,0.0,0.0,0.0,0.0,0.0,0.0,0.0,0.0,0.0,0.0,0.0,0.0,0.0,0.0,0.0,0.0,0.0,0.0,0.0,0.0,0.0,0.0,0.0,0.0,0.0,0.0,0.870270311832428,0.9904178977012634,3.3918001918209484e-07,0.776820719242096,0.9690293073654175,-0.03673986718058586,0.6951897740364075,0.862869143486023,-0.0646250769495964,0.6713454127311707,0.7479901909828186,-0.09878736734390259,0.7316458821296692,0.7298791408538818,-0.126399964094162,0.7343649864196777,0.6194969415664673,-0.012680374085903168,0.7334555387496948,0.4748072028160095,-0.07447473704814911,0.7338874340057373,0.4379349946975708,-0.12092038244009018,0.7333499193191528,0.4838255047798157,-0.14667053520679474,0.8086817264556885,0.6151348352432251,-0.03238363936543465,0.8059566020965576,0.43885472416877747,-0.10414488613605499,0.7965805530548096,0.4225255846977234,-0.14826557040214539,0.7941073179244995,0.47816479206085205,-0.16476114094257355,0.8768762350082397,0.6566734313964844,-0.06028392165899277,0.8845840096473694,0.530926525592804,-0.12301427125930786,0.8727149367332458,0.6434662342071533,-0.11735644191503525,0.860579252243042,0.7403656840324402,-0.09555383771657944,0.9469425082206726,0.7218438386917114,-0.09329566359519958,0.9339249134063721,0.6670919060707092,-0.13494251668453217,0.9144428968429565,0.7418694496154785,-0.12701885402202606,0.8973109126091003,0.8013225197792053,-0.10934077203273773,अ
0.0,0.0,0.0,0.0,0.0,0.0,0.0,0.0,0.0,0.0,0.0,0.0,0.0,0.0,0.0,0.0,0.0,0.0,0.0,0.0,0.0,0.0,0.0,0.0,0.0,0.0,0.0,0.0,0.0,0.0,0.0,0.0,0.0,0.0,0.0,0.0,0.0,0.0,0.0,0.0,0.0,0.0,0.0,0.0,0.0,0.0,0.0,0.0,0.0,0.0,0.0,0.0,0.0,0.0,0.0,0.0,0.0,0.0,0.0,0.0,0.0,0.0,0.0,0.8812221884727478,0.9885199069976807,3.329502646920446e-07,0.7842870354652405,0.9601097106933594,-0.03799745440483093,0.7033746838569641,0.8523030281066895,-0.06558254361152649,0.6816905736923218,0.7378732562065125,-0.09942492842674255,0.7417784929275513,0.7165929079055786,-0.12667100131511688,0.742214560508728,0.6046931743621826,-0.010433699004352093,0.7430182695388794,0.4653208255767822,-0.07142159342765808,0.743065595626831,0.4252200126647949,-0.12060543149709702,0.744351327419281,0.4681601822376251,-0.1498633474111557,0.8175779581069946,0.6030016541481018,-0.029449747875332832,0.8149766325950623,0.4342207908630371,-0.10068482160568237,0.8054706454277039,0.4100317060947418,-0.15022724866867065,0.8031933307647705,0.455497145652771,-0.17328912019729614,0.8857470154762268,0.6465251445770264,-0.05667015165090561,0.8945920467376709,0.5204961895942688,-0.11701734364032745,0.8828508853912354,0.625022292137146,-0.11520300805568695,0.8712643384933472,0.7182326316833496,-0.09877685457468033,0.9570432901382446,0.7141852378845215,-0.08952364325523376,0.948430061340332,0.6595487594604492,-0.1295979768037796,0.9294372200965881,0.7266457676887512,-0.12456446141004562,0.9120559692382812,0.7818222641944885,-0.11080411076545715,अ
0.0,0.0,0.0,0.0,0.0,0.0,0.0,0.0,0.0,0.0,0.0,0.0,0.0,0.0,0.0,0.0,0.0,0.0,0.0,0.0,0.0,0.0,0.0,0.0,0.0,0.0,0.0,0.0,0.0,0.0,0.0,0.0,0.0,0.0,0.0,0.0,0.0,0.0,0.0,0.0,0.0,0.0,0.0,0.0,0.0,0.0,0.0,0.0,0.0,0.0,0.0,0.0,0.0,0.0,0.0,0.0,0.0,0.0,0.0,0.0,0.0,0.0,0.0,0.882857620716095,0.9792822599411011,3.8132759527798044e-07,0.7896958589553833,0.9555889368057251,-0.03828809782862663,0.71100252866745,0.8454064726829529,-0.06611219793558121,0.6910356879234314,0.7336209416389465,-0.10031972080469131,0.7437965273857117,0.7098503112792969,-0.12825940549373627,0.7471898198127747,0.5972903370857239,-0.0109291672706604,0.7475662231445312,0.45857852697372437,-0.0740273967385292,0.7484166026115417,0.4154324531555176,-0.12339846789836884,0.7501703500747681,0.4580252170562744,-0.15114618837833405,0.8215711712837219,0.594330906867981,-0.030846236273646355,0.8192379474639893,0.41767430305480957,-0.10748716443777084,0.8115580677986145,0.3981320559978485,-0.15704792737960815,0.8114388585090637,0.4560343623161316,-0.1761416345834732,0.8887649178504944,0.6368680596351624,-0.05900036543607712,0.8990766406059265,0.5113109946250916,-0.12482494860887527,0.8881037831306458,0.6260589957237244,-0.12097498774528503,0.8767752647399902,0.7252494096755981,-0.09953883290290833,0.9576135873794556,0.7035737633705139,-0.09248922020196915,0.9534313082695007,0.6480695605278015,-0.1354546993970871,0.9384792447090149,0.7218546271324158,-0.12757627665996552,0.9249572157859802,0.7795314788818359,-0.10946362465620041,अ
0.0,0.0,0.0,0.0,0.0,0.0,0.0,0.0,0.0,0.0,0.0,0.0,0.0,0.0,0.0,0.0,0.0,0.0,0.0,0.0,0.0,0.0,0.0,0.0,0.0,0.0,0.0,0.0,0.0,0.0,0.0,0.0,0.0,0.0,0.0,0.0,0.0,0.0,0.0,0.0,0.0,0.0,0.0,0.0,0.0,0.0,0.0,0.0,0.0,0.0,0.0,0.0,0.0,0.0,0.0,0.0,0.0,0.0,0.0,0.0,0.0,0.0,0.0,0.885762631893158,0.9813477993011475,3.4756595823637326e-07,0.7918322682380676,0.9536433219909668,-0.03567805141210556,0.7135807871818542,0.8421512842178345,-0.06192689761519432,0.6910691857337952,0.7311739921569824,-0.09498244524002075,0.7442445755004883,0.707503616809845,-0.12156905978918076,0.7520924806594849,0.5966495275497437,-0.007944473996758461,0.7548874616622925,0.455293744802475,-0.06877251714468002,0.7575449347496033,0.4155614674091339,-0.11651133745908737,0.7574379444122314,0.4585210680961609,-0.14360129833221436,0.8264157772064209,0.5948200225830078,-0.028379034250974655,0.8279415965080261,0.4195139408111572,-0.10108234733343124,0.8196398615837097,0.39654505252838135,-0.14831160008907318,0.8158428072929382,0.44683581590652466,-0.16781552135944366,0.8927894830703735,0.6383048892021179,-0.056877076625823975,0.9029603600502014,0.5061129927635193,-0.11942332237958908,0.8917584419250488,0.624152421951294,-0.11211558431386948,0.8791874051094055,0.7247294783592224,-0.0898635983467102,0.9609878659248352,0.7060117721557617,-0.09074011445045471,0.9541863203048706,0.6439672708511353,-0.13181504607200623,0.9384282231330872,0.7226769924163818,-0.12131226807832718,0.9241976141929626,0.7845220565795898,-0.102192223072052,अ
0.0,0.0,0.0,0.0,0.0,0.0,0.0,0.0,0.0,0.0,0.0,0.0,0.0,0.0,0.0,0.0,0.0,0.0,0.0,0.0,0.0,0.0,0.0,0.0,0.0,0.0,0.0,0.0,0.0,0.0,0.0,0.0,0.0,0.0,0.0,0.0,0.0,0.0,0.0,0.0,0.0,0.0,0.0,0.0,0.0,0.0,0.0,0.0,0.0,0.0,0.0,0.0,0.0,0.0,0.0,0.0,0.0,0.0,0.0,0.0,0.0,0.0,0.0,0.8874709010124207,0.9877684116363525,4.062362108925299e-07,0.790713906288147,0.9609864950180054,-0.03728272020816803,0.711319625377655,0.8389042019844055,-0.06172998622059822,0.6974866390228271,0.7243375778198242,-0.09359918534755707,0.7596911787986755,0.7123334407806396,-0.11939014494419098,0.7540662288665771,0.6011858582496643,-0.0038689840584993362,0.754679262638092,0.4663018584251404,-0.06341985613107681,0.7585570216178894,0.41871458292007446,-0.11135824769735336,0.761631429195404,0.4538035988807678,-0.1399867683649063,0.8273569345474243,0.5963292121887207,-0.02293902263045311,0.8277562856674194,0.43097689747810364,-0.09910731017589569,0.8207883834838867,0.3998541831970215,-0.1512724608182907,0.8204167485237122,0.4439733624458313,-0.17399489879608154,0.8918287754058838,0.6365309953689575,-0.05044063925743103,0.9048463702201843,0.5109978914260864,-0.1152522936463356,0.8920210599899292,0.6300348043441772,-0.11213226616382599,0.87813800573349,0.7325770258903503,-0.09176232665777206,0.9599590301513672,0.6987943053245544,-0.08360304683446884,0.9527790546417236,0.6476439833641052,-0.126118466258049,0.9345821738243103,0.7209987640380859,-0.12054263055324554,0.916613757610321,0.7795557975769043,-0.1046987920999527,अ
0.0,0.0,0.0,0.0,0.0,0.0,0.0,0.0,0.0,0.0,0.0,0.0,0.0,0.0,0.0,0.0,0.0,0.0,0.0,0.0,0.0,0.0,0.0,0.0,0.0,0.0,0.0,0.0,0.0,0.0,0.0,0.0,0.0,0.0,0.0,0.0,0.0,0.0,0.0,0.0,0.0,0.0,0.0,0.0,0.0,0.0,0.0,0.0,0.0,0.0,0.0,0.0,0.0,0.0,0.0,0.0,0.0,0.0,0.0,0.0,0.0,0.0,0.0,0.8956576585769653,0.9861865043640137,4.376809670247894e-07,0.8016501069068909,0.9612702131271362,-0.04370291903614998,0.7237675189971924,0.8450192213058472,-0.0717926025390625,0.7013766765594482,0.73051518201828,-0.10545556992292404,0.7585754990577698,0.7102591395378113,-0.13271991908550262,0.7640200257301331,0.6053539514541626,-0.014212571084499359,0.7663115859031677,0.4677659869194031,-0.07894875109195709,0.7698749303817749,0.42024916410446167,-0.12952084839344025,0.7722630500793457,0.4585643410682678,-0.1583012491464615,0.8381091952323914,0.6002441644668579,-0.030144859105348587,0.8406977653503418,0.4340066909790039,-0.10928815603256226,0.8333850502967834,0.40466031432151794,-0.16274257004261017,0.8321574926376343,0.45370832085609436,-0.1852731704711914,0.9034225344657898,0.6395163536071777,-0.05464327335357666,0.920321524143219,0.5182516574859619,-0.1242460384964943,0.9071969985961914,0.634626567363739,-0.12559008598327637,0.8930366635322571,0.739060640335083,-0.10713057965040207,0.9715945720672607,0.7014977931976318,-0.08467742055654526,0.9694995284080505,0.6615616083145142,-0.13398389518260956,0.9536592960357666,0.742148220539093,-0.1327352374792099,0.9379122257232666,0.8068565130233765,-0.11828474700450897,अ
0.0,0.0,0.0,0.0,0.0,0.0,0.0,0.0,0.0,0.0,0.0,0.0,0.0,0.0,0.0,0.0,0.0,0.0,0.0,0.0,0.0,0.0,0.0,0.0,0.0,0.0,0.0,0.0,0.0,0.0,0.0,0.0,0.0,0.0,0.0,0.0,0.0,0.0,0.0,0.0,0.0,0.0,0.0,0.0,0.0,0.0,0.0,0.0,0.0,0.0,0.0,0.0,0.0,0.0,0.0,0.0,0.0,0.0,0.0,0.0,0.0,0.0,0.0,0.9095891714096069,0.9767386317253113,3.272193112024979e-07,0.8186733722686768,0.9649006128311157,-0.04510417580604553,0.7329930067062378,0.8530346155166626,-0.0710538923740387,0.7097784280776978,0.7345858216285706,-0.1018562987446785,0.7671028971672058,0.7050015330314636,-0.12592998147010803,0.7712010741233826,0.6004586815834045,-0.01225635502487421,0.7702969312667847,0.4581524133682251,-0.07608165591955185,0.7740898728370667,0.4160131812095642,-0.12294995784759521,0.7801250219345093,0.46268224716186523,-0.14703747630119324,0.8462032675743103,0.5932021737098694,-0.02542237751185894,0.8475745916366577,0.4163728356361389,-0.10565755516290665,0.8378767967224121,0.4062897861003876,-0.1542474329471588,0.8380104303359985,0.4775334596633911,-0.1684921830892563,0.9122021794319153,0.6288644075393677,-0.04775362089276314,0.9254389405250549,0.5214189291000366,-0.11853653192520142,0.9147364497184753,0.6379245519638062,-0.11886705458164215,0.9067416787147522,0.7404598593711853,-0.09600144624710083,0.9801604747772217,0.6874955892562866,-0.07548847794532776,0.9730173349380493,0.6498874425888062,-0.12348099797964096,0.9609643816947937,0.7286229133605957,-0.12088140845298767,0.9524706602096558,0.7910698652267456,-0.10328696668148041,अ
0.0,0.0,0.0,0.0,0.0,0.0,0.0,0.0,0.0,0.0,0.0,0.0,0.0,0.0,0.0,0.0,0.0,0.0,0.0,0.0,0.0,0.0,0.0,0.0,0.0,0.0,0.0,0.0,0.0,0.0,0.0,0.0,0.0,0.0,0.0,0.0,0.0,0.0,0.0,0.0,0.0,0.0,0.0,0.0,0.0,0.0,0.0,0.0,0.0,0.0,0.0,0.0,0.0,0.0,0.0,0.0,0.0,0.0,0.0,0.0,0.0,0.0,0.0,0.9171992540359497,0.9808369874954224,3.2585069220658625e-07,0.8235539793968201,0.9680197238922119,-0.04483556002378464,0.7361213564872742,0.853647768497467,-0.07004905492067337,0.7140717506408691,0.7358598709106445,-0.10079289227724075,0.7800527811050415,0.7112884521484375,-0.12523221969604492,0.7733074426651001,0.6042047142982483,-0.008493212051689625,0.7764471769332886,0.46083346009254456,-0.06973889470100403,0.7787526845932007,0.41628772020339966,-0.11556804925203323,0.7813932299613953,0.4613986015319824,-0.1395612359046936,0.8475489020347595,0.596822202205658,-0.020952606573700905,0.8500910997390747,0.4237755835056305,-0.09992759674787521,0.8405274152755737,0.4096699059009552,-0.14925554394721985,0.8391850590705872,0.4820285737514496,-0.16471527516841888,0.9114519953727722,0.6310149431228638,-0.04260800778865814,0.9274605512619019,0.5253992676734924,-0.11163313686847687,0.9147090911865234,0.6439945697784424,-0.1115463450551033,0.904485285282135,0.7498870491981506,-0.08885087817907333,0.9776138663291931,0.6883906126022339,-0.06986557692289352,0.9682483673095703,0.6515613198280334,-0.11611441522836685,0.9549016356468201,0.7333762049674988,-0.11315096914768219,0.9460245966911316,0.8001222014427185,-0.09586159884929657,अ
0.0,0.0,0.0,0.0,0.0,0.0,0.0,0.0,0.0,0.0,0.0,0.0,0.0,0.0,0.0,0.0,0.0,0.0,0.0,0.0,0.0,0.0,0.0,0.0,0.0,0.0,0.0,0.0,0.0,0.0,0.0,0.0,0.0,0.0,0.0,0.0,0.0,0.0,0.0,0.0,0.0,0.0,0.0,0.0,0.0,0.0,0.0,0.0,0.0,0.0,0.0,0.0,0.0,0.0,0.0,0.0,0.0,0.0,0.0,0.0,0.0,0.0,0.0,0.9107397794723511,0.982670783996582,3.662368044388131e-07,0.8192586302757263,0.9642001390457153,-0.04310433939099312,0.7385519742965698,0.8525218367576599,-0.06777697801589966,0.7174901962280273,0.7341042757034302,-0.09773372113704681,0.7744801640510559,0.7146456241607666,-0.12175958603620529,0.7765609622001648,0.6054944396018982,-0.013003249652683735,0.7804392576217651,0.46730998158454895,-0.07551588863134384,0.784978985786438,0.42388617992401123,-0.1223965436220169,0.7907422184944153,0.46508049964904785,-0.14746716618537903,0.8481505513191223,0.5987029671669006,-0.027923129498958588,0.8519301414489746,0.42020726203918457,-0.10740446299314499,0.8434167504310608,0.41022592782974243,-0.15695591270923615,0.8461285829544067,0.48247748613357544,-0.1728358119726181,0.9116795063018799,0.635877251625061,-0.05108527094125748,0.9367151856422424,0.5245851278305054,-0.11945366114377975,0.9207539558410645,0.6428278684616089,-0.11996921896934509,0.9060415029525757,0.7469841241836548,-0.09843554347753525,0.9774900674819946,0.6974173784255981,-0.07968728244304657,0.977168083190918,0.6636930108070374,-0.12409945577383041,0.961603045463562,0.7405977249145508,-0.1207880899310112,0.9485471844673157,0.8014317750930786,-0.10393475741147995,अ
0.0,0.0,0.0,0.0,0.0,0.0,0.0,0.0,0.0,0.0,0.0,0.0,0.0,0.0,0.0,0.0,0.0,0.0,0.0,0.0,0.0,0.0,0.0,0.0,0.0,0.0,0.0,0.0,0.0,0.0,0.0,0.0,0.0,0.0,0.0,0.0,0.0,0.0,0.0,0.0,0.0,0.0,0.0,0.0,0.0,0.0,0.0,0.0,0.0,0.0,0.0,0.0,0.0,0.0,0.0,0.0,0.0,0.0,0.0,0.0,0.0,0.0,0.0,0.9189280867576599,0.9818106293678284,3.910628549874673e-07,0.8254080414772034,0.9671738743782043,-0.047427769750356674,0.7428382635116577,0.8528540134429932,-0.07269538938999176,0.7210087776184082,0.7322123050689697,-0.10289657860994339,0.7810799479484558,0.7069375514984131,-0.1270340383052826,0.7805919051170349,0.6044800877571106,-0.01063639298081398,0.7848281860351562,0.4706317186355591,-0.068412646651268,0.7905656695365906,0.41926372051239014,-0.11308200657367706,0.7982280254364014,0.4443376660346985,-0.1386537253856659,0.8539655208587646,0.597699761390686,-0.021596992388367653,0.8575296998023987,0.43091487884521484,-0.1005430594086647,0.8473155498504639,0.41160333156585693,-0.15178532898426056,0.847355842590332,0.4698949456214905,-0.17000912129878998,0.9179627895355225,0.6308157444000244,-0.041262999176979065,0.9367214441299438,0.5186980962753296,-0.11256835609674454,0.9218025803565979,0.6368619799613953,-0.11558843404054642,0.9106085300445557,0.7442212104797363,-0.09476131945848465,0.9854682683944702,0.6864973306655884,-0.0664958506822586,0.980059027671814,0.6405112743377686,-0.11645682901144028,0.9669110774993896,0.7138821482658386,-0.11702169477939606,0.9573695063591003,0.778889536857605,-0.10179901123046875,अ
0.0,0.0,0.0,0.0,0.0,0.0,0.0,0.0,0.0,0.0,0.0,0.0,0.0,0.0,0.0,0.0,0.0,0.0,0.0,0.0,0.0,0.0,0.0,0.0,0.0,0.0,0.0,0.0,0.0,0.0,0.0,0.0,0.0,0.0,0.0,0.0,0.0,0.0,0.0,0.0,0.0,0.0,0.0,0.0,0.0,0.0,0.0,0.0,0.0,0.0,0.0,0.0,0.0,0.0,0.0,0.0,0.0,0.0,0.0,0.0,0.0,0.0,0.0,0.9262692332267761,0.9617108106613159,3.9447130006919906e-07,0.8341771364212036,0.9554147720336914,-0.047134943306446075,0.7499502897262573,0.8578929305076599,-0.07283935695886612,0.7242404222488403,0.7404154539108276,-0.10302554070949554,0.7750719785690308,0.7026123404502869,-0.12676633894443512,0.7838270664215088,0.6009587049484253,-0.010358177125453949,0.7849856615066528,0.46485358476638794,-0.06951190531253815,0.7888568043708801,0.41867324709892273,-0.11285912245512009,0.7939697504043579,0.45418086647987366,-0.13446888327598572,0.8544095754623413,0.5900286436080933,-0.019747857004404068,0.8579283356666565,0.4163419008255005,-0.09503302723169327,0.8485389351844788,0.39999058842658997,-0.14141088724136353,0.8494110703468323,0.46484696865081787,-0.15488241612911224,0.9150121808052063,0.6184738278388977,-0.03817242756485939,0.9341671466827393,0.5216036438941956,-0.10777713358402252,0.9204013347625732,0.6425138115882874,-0.10985849052667618,0.9115442633628845,0.7507875561714172,-0.0871366336941719,0.9792486429214478,0.6698930263519287,-0.06180408224463463,0.9721741676330566,0.6381574273109436,-0.10832030326128006,0.9623315930366516,0.7157855033874512,-0.10625766962766647,0.957334041595459,0.7798770070075989,-0.08843342214822769,अ
0.0,0.0,0.0,0.0,0.0,0.0,0.0,0.0,0.0,0.0,0.0,0.0,0.0,0.0,0.0,0.0,0.0,0.0,0.0,0.0,0.0,0.0,0.0,0.0,0.0,0.0,0.0,0.0,0.0,0.0,0.0,0.0,0.0,0.0,0.0,0.0,0.0,0.0,0.0,0.0,0.0,0.0,0.0,0.0,0.0,0.0,0.0,0.0,0.0,0.0,0.0,0.0,0.0,0.0,0.0,0.0,0.0,0.0,0.0,0.0,0.0,0.0,0.0,0.9211726784706116,0.9811122417449951,4.4407090626918944e-07,0.8253634572029114,0.9601317644119263,-0.04495924338698387,0.744230329990387,0.8416137099266052,-0.06855667382478714,0.727003812789917,0.7184323668479919,-0.09780442714691162,0.7906790971755981,0.7052978873252869,-0.12124338001012802,0.7833670973777771,0.5961987376213074,-0.0047453781589865685,0.7890381217002869,0.4638403058052063,-0.060545243322849274,0.7971985936164856,0.4123097062110901,-0.10493618994951248,0.8046265840530396,0.4411723017692566,-0.1300799548625946,0.8554441928863525,0.5892394185066223,-0.016500819474458694,0.8629382848739624,0.4202207624912262,-0.09321317821741104,0.8561241030693054,0.3991404175758362,-0.14511974155902863,0.8577715754508972,0.4639366865158081,-0.16345767676830292,0.9178754091262817,0.6237047910690308,-0.036650776863098145,0.9391665458679199,0.5144487619400024,-0.1033477783203125,0.9271470308303833,0.6318457126617432,-0.10510018467903137,0.9173882603645325,0.7404153347015381,-0.0834292322397232,0.9835071563720703,0.6821539998054504,-0.062490686774253845,0.9792032837867737,0.6375035047531128,-0.10538516193628311,0.9689469337463379,0.707699716091156,-0.10239571332931519,0.961988627910614,0.7707513570785522,-0.0852227509021759,अ
0.0,0.0,0.0,0.0,0.0,0.0,0.0,0.0,0.0,0.0,0.0,0.0,0.0,0.0,0.0,0.0,0.0,0.0,0.0,0.0,0.0,0.0,0.0,0.0,0.0,0.0,0.0,0.0,0.0,0.0,0.0,0.0,0.0,0.0,0.0,0.0,0.0,0.0,0.0,0.0,0.0,0.0,0.0,0.0,0.0,0.0,0.0,0.0,0.0,0.0,0.0,0.0,0.0,0.0,0.0,0.0,0.0,0.0,0.0,0.0,0.0,0.0,0.0,0.9123207330703735,0.9726907014846802,4.301187743749324e-07,0.8252665400505066,0.955242395401001,-0.04815411567687988,0.749091625213623,0.8464797735214233,-0.0743844136595726,0.7313297390937805,0.7344716191291809,-0.10468900203704834,0.7791019678115845,0.6987661123275757,-0.12942779064178467,0.7839115858078003,0.6020705103874207,-0.013541539199650288,0.7866743206977844,0.47365105152130127,-0.07076425850391388,0.7934197187423706,0.42180877923965454,-0.11440742015838623,0.8021386861801147,0.4443953037261963,-0.13840340077877045,0.8551839590072632,0.5957809686660767,-0.024099426344037056,0.8588577508926392,0.42853838205337524,-0.1004847064614296,0.8532459735870361,0.4062312841415405,-0.14962947368621826,0.8549293279647827,0.46076303720474243,-0.16644582152366638,0.9155293703079224,0.6281720995903015,-0.04339737445116043,0.9376093745231628,0.5191731452941895,-0.11695951223373413,0.9255467057228088,0.6359788775444031,-0.12258675694465637,0.9157167077064514,0.7440853118896484,-0.10294321179389954,0.9777793884277344,0.6835444569587708,-0.06762916594743729,0.9747282862663269,0.635460615158081,-0.11976572871208191,0.9629442095756531,0.7128980159759521,-0.12034209072589874,0.9539344906806946,0.7817186117172241,-0.10493586957454681,अ
0.0,0.0,0.0,0.0,0.0,0.0,0.0,0.0,0.0,0.0,0.0,0.0,0.0,0.0,0.0,0.0,0.0,0.0,0.0,0.0,0.0,0.0,0.0,0.0,0.0,0.0,0.0,0.0,0.0,0.0,0.0,0.0,0.0,0.0,0.0,0.0,0.0,0.0,0.0,0.0,0.0,0.0,0.0,0.0,0.0,0.0,0.0,0.0,0.0,0.0,0.0,0.0,0.0,0.0,0.0,0.0,0.0,0.0,0.0,0.0,0.0,0.0,0.0,0.920489490032196,0.9645922183990479,3.934666210625437e-07,0.8308039903640747,0.9533851742744446,-0.04400847852230072,0.7500386834144592,0.8429899215698242,-0.0663890689611435,0.732003927230835,0.7223774790763855,-0.09390789270401001,0.7869887351989746,0.6853035688400269,-0.11548735201358795,0.785816490650177,0.594353973865509,-0.003947803750634193,0.7882705330848694,0.46217983961105347,-0.06153011694550514,0.7958149909973145,0.41191744804382324,-0.10481168329715729,0.8024365901947021,0.441568523645401,-0.12677434086799622,0.8571496605873108,0.5836980938911438,-0.01554031390696764,0.8608759641647339,0.41059380769729614,-0.0919540524482727,0.8544434905052185,0.39309120178222656,-0.13923640549182892,0.8545045852661133,0.4561758041381836,-0.1522095501422882,0.9187809228897095,0.6125264167785645,-0.03612104803323746,0.9403890371322632,0.5124715566635132,-0.10811638832092285,0.9279384016990662,0.636788547039032,-0.11000163853168488,0.9160360097885132,0.7460312247276306,-0.08576437085866928,0.9824180603027344,0.6649057865142822,-0.06157311797142029,0.9802181720733643,0.6237741112709045,-0.10908438265323639,0.968654990196228,0.7050198316574097,-0.1051027700304985,0.9586440920829773,0.7726372480392456,-0.08537188917398453,अ
0.0,0.0,0.0,0.0,0.0,0.0,0.0,0.0,0.0,0.0,0.0,0.0,0.0,0.0,0.0,0.0,0.0,0.0,0.0,0.0,0.0,0.0,0.0,0.0,0.0,0.0,0.0,0.0,0.0,0.0,0.0,0.0,0.0,0.0,0.0,0.0,0.0,0.0,0.0,0.0,0.0,0.0,0.0,0.0,0.0,0.0,0.0,0.0,0.0,0.0,0.0,0.0,0.0,0.0,0.0,0.0,0.0,0.0,0.0,0.0,0.0,0.0,0.0,0.9257273077964783,0.9583283066749573,4.0299892134498805e-07,0.8332200050354004,0.9439723491668701,-0.04261745512485504,0.7523769736289978,0.8223780393600464,-0.0618923045694828,0.7355293035507202,0.7008441686630249,-0.08667828142642975,0.788255512714386,0.6793974041938782,-0.10620559751987457,0.7872242331504822,0.5830286145210266,-0.0014600108843296766,0.7891565561294556,0.45092999935150146,-0.05298110842704773,0.7978166341781616,0.39929068088531494,-0.09285125136375427,0.8070539236068726,0.4210870563983917,-0.11499317735433578,0.8572342395782471,0.5724143385887146,-0.012201313860714436,0.8618772029876709,0.40969645977020264,-0.0832972303032875,0.8581979274749756,0.3832276463508606,-0.13007919490337372,0.8628315329551697,0.4330160617828369,-0.14604529738426208,0.9181646108627319,0.6004953980445862,-0.03145764023065567,0.9404504299163818,0.493769109249115,-0.09992635250091553,0.9293216466903687,0.6188042163848877,-0.10323992371559143,0.9205945730209351,0.732286274433136,-0.08233831822872162,0.9823374152183533,0.650904655456543,-0.05568641424179077,0.9790857434272766,0.6154218316078186,-0.10506480932235718,0.9691343903541565,0.6963974237442017,-0.10594995319843292,0.9630262851715088,0.765852153301239,-0.09066517651081085,अ
0.0,0.0,0.0,0.0,0.0,0.0,0.0,0.0,0.0,0.0,0.0,0.0,0.0,0.0,0.0,0.0,0.0,0.0,0.0,0.0,0.0,0.0,0.0,0.0,0.0,0.0,0.0,0.0,0.0,0.0,0.0,0.0,0.0,0.0,0.0,0.0,0.0,0.0,0.0,0.0,0.0,0.0,0.0,0.0,0.0,0.0,0.0,0.0,0.0,0.0,0.0,0.0,0.0,0.0,0.0,0.0,0.0,0.0,0.0,0.0,0.0,0.0,0.0,0.925949215888977,0.9545304179191589,3.9847523680691666e-07,0.8309481739997864,0.9321962594985962,-0.04071382060647011,0.7526406645774841,0.8094916939735413,-0.06109437346458435,0.7380762696266174,0.6864355802536011,-0.08721917122602463,0.7999089360237122,0.6765371561050415,-0.10844994336366653,0.7887830138206482,0.5794676542282104,-0.001313647604547441,0.788836658000946,0.44732558727264404,-0.05086733400821686,0.7945296764373779,0.397568017244339,-0.08859600126743317,0.8006868958473206,0.42306965589523315,-0.1102212518453598,0.8614158034324646,0.5662599205970764,-0.015048939734697342,0.8631234765052795,0.3929973840713501,-0.08561711758375168,0.8564210534095764,0.3766515552997589,-0.13039788603782654,0.8592169284820557,0.44277527928352356,-0.1439990997314453,0.9244257807731628,0.5972246527671814,-0.036751922219991684,0.9350448846817017,0.4873981475830078,-0.10285013169050217,0.9257680177688599,0.6055624485015869,-0.10199999809265137,0.9216043949127197,0.709820568561554,-0.0787336453795433,0.990450382232666,0.6529428958892822,-0.06332357227802277,0.9799572825431824,0.6011881828308105,-0.10935710370540619,0.9707451462745667,0.6843683123588562,-0.10507610440254211,0.9682433605194092,0.7553163170814514,-0.08690130710601807,अ
0.0,0.0,0.0,0.0,0.0,0.0,0.0,0.0,0.0,0.0,0.0,0.0,0.0,0.0,0.0,0.0,0.0,0.0,0.0,0.0,0.0,0.0,0.0,0.0,0.0,0.0,0.0,0.0,0.0,0.0,0.0,0.0,0.0,0.0,0.0,0.0,0.0,0.0,0.0,0.0,0.0,0.0,0.0,0.0,0.0,0.0,0.0,0.0,0.0,0.0,0.0,0.0,0.0,0.0,0.0,0.0,0.0,0.0,0.0,0.0,0.0,0.0,0.0,0.9286782741546631,0.942896842956543,4.2861975657615403e-07,0.8354194164276123,0.924201488494873,-0.038320302963256836,0.7540090084075928,0.7999753355979919,-0.05586645007133484,0.7406570315361023,0.6753495335578918,-0.07957083731889725,0.8056853413581848,0.6565906405448914,-0.09827671945095062,0.7900168299674988,0.5722626447677612,0.0073509919457137585,0.7874844074249268,0.43591123819351196,-0.03609422221779823,0.7963072061538696,0.3828977346420288,-0.06972181051969528,0.8054989576339722,0.40098318457603455,-0.08907931298017502,0.8590869903564453,0.5575536489486694,-0.0043541546911001205,0.861045777797699,0.3902357220649719,-0.06801929324865341,0.8576146960258484,0.3616170585155487,-0.1103798970580101,0.8624671101570129,0.41188275814056396,-0.12466178834438324,0.918394148349762,0.5827965140342712,-0.024390721693634987,0.9328957200050354,0.46918046474456787,-0.089926578104496,0.9240982532501221,0.5870943665504456,-0.09363660961389542,0.9198484420776367,0.6957618594169617,-0.07390090823173523,0.9811567068099976,0.6298918128013611,-0.048523321747779846,0.9693741202354431,0.5748974680900574,-0.09739918261766434,0.9611234664916992,0.6613279581069946,-0.09724719822406769,0.9591225385665894,0.7381961345672607,-0.08192621916532516,अ
0.0,0.0,0.0,0.0,0.0,0.0,0.0,0.0,0.0,0.0,0.0,0.0,0.0,0.0,0.0,0.0,0.0,0.0,0.0,0.0,0.0,0.0,0.0,0.0,0.0,0.0,0.0,0.0,0.0,0.0,0.0,0.0,0.0,0.0,0.0,0.0,0.0,0.0,0.0,0.0,0.0,0.0,0.0,0.0,0.0,0.0,0.0,0.0,0.0,0.0,0.0,0.0,0.0,0.0,0.0,0.0,0.0,0.0,0.0,0.0,0.0,0.0,0.0,0.932498037815094,0.9430697560310364,4.566813345263654e-07,0.840831458568573,0.9173170328140259,-0.04398247227072716,0.762367308139801,0.8027255535125732,-0.06699705123901367,0.7434170246124268,0.6853369474411011,-0.09501312673091888,0.7970288395881653,0.6499272584915161,-0.11758172512054443,0.7958428263664246,0.5680806040763855,-0.0038741796743124723,0.7963505387306213,0.43702828884124756,-0.0576934777200222,0.805947482585907,0.3789064288139343,-0.0999319925904274,0.8172703385353088,0.39718884229660034,-0.12280849367380142,0.8691340684890747,0.5600320100784302,-0.01385073084384203,0.8696288466453552,0.3931906223297119,-0.08703634142875671,0.8661583662033081,0.36399465799331665,-0.13524602353572845,0.8700778484344482,0.41881662607192993,-0.15109895169734955,0.9327073693275452,0.5877429246902466,-0.03221643343567848,0.9484854936599731,0.479652464389801,-0.1020847037434578,0.9381846189498901,0.5965787768363953,-0.10606319457292557,0.9310195446014404,0.7093469500541687,-0.08447179943323135,0.9986426830291748,0.6381229162216187,-0.055262453854084015,0.9934463500976562,0.5881682634353638,-0.1031649112701416,0.9831953644752502,0.6684536933898926,-0.10057808458805084,0.9769340753555298,0.7429518103599548,-0.08226481080055237,अ
0.0,0.0,0.0,0.0,0.0,0.0,0.0,0.0,0.0,0.0,0.0,0.0,0.0,0.0,0.0,0.0,0.0,0.0,0.0,0.0,0.0,0.0,0.0,0.0,0.0,0.0,0.0,0.0,0.0,0.0,0.0,0.0,0.0,0.0,0.0,0.0,0.0,0.0,0.0,0.0,0.0,0.0,0.0,0.0,0.0,0.0,0.0,0.0,0.0,0.0,0.0,0.0,0.0,0.0,0.0,0.0,0.0,0.0,0.0,0.0,0.0,0.0,0.0,0.939581573009491,0.9358313679695129,4.2787266352206643e-07,0.843159556388855,0.9112553596496582,-0.039093777537345886,0.7657699584960938,0.7942155599594116,-0.0591418519616127,0.7475385665893555,0.6717840433120728,-0.0859198346734047,0.8071146011352539,0.6544665098190308,-0.1076262965798378,0.8006747364997864,0.5622172355651855,0.008181042037904263,0.8014101982116699,0.43032029271125793,-0.04078080505132675,0.8143093585968018,0.3781451880931854,-0.07988237589597702,0.8275704979896545,0.4003179967403412,-0.1008521020412445,0.8704874515533447,0.5509089231491089,-0.0027656264137476683,0.8694803714752197,0.380058228969574,-0.07317832857370377,0.8705605864524841,0.3616963326931,-0.12028772383928299,0.8794598579406738,0.42624127864837646,-0.13441388309001923,0.9317263960838318,0.5735116600990295,-0.02184899151325226,0.9469616413116455,0.46609920263290405,-0.0882011130452156,0.9391258955001831,0.5845160484313965,-0.09161367267370224,0.9328843951225281,0.6971181631088257,-0.06869689375162125,0.9970088601112366,0.6176987290382385,-0.04537669196724892,0.994353175163269,0.5551764369010925,-0.08775090426206589,0.9885110259056091,0.6309188008308411,-0.08326701819896698,0.9839842915534973,0.7055397033691406,-0.06366869062185287,अ
0.0,0.0,0.0,0.0,0.0,0.0,0.0,0.0,0.0,0.0,0.0,0.0,0.0,0.0,0.0,0.0,0.0,0.0,0.0,0.0,0.0,0.0,0.0,0.0,0.0,0.0,0.0,0.0,0.0,0.0,0.0,0.0,0.0,0.0,0.0,0.0,0.0,0.0,0.0,0.0,0.0,0.0,0.0,0.0,0.0,0.0,0.0,0.0,0.0,0.0,0.0,0.0,0.0,0.0,0.0,0.0,0.0,0.0,0.0,0.0,0.0,0.0,0.0,0.939146876335144,0.9342462420463562,4.369291843886458e-07,0.8453913927078247,0.9086408615112305,-0.04018200933933258,0.7684808373451233,0.7872780561447144,-0.05909939855337143,0.7545702457427979,0.6610557436943054,-0.08381171524524689,0.8175719976425171,0.6454068422317505,-0.10336047410964966,0.8057567477226257,0.5568980574607849,0.007096514105796814,0.8060049414634705,0.4247185289859772,-0.03818438574671745,0.8198599815368652,0.37411510944366455,-0.07517194002866745,0.8327077627182007,0.39503276348114014,-0.09523598849773407,0.8749098181724548,0.5456438660621643,-0.0010081686777994037,0.8748607039451599,0.37976929545402527,-0.0640273466706276,0.8761298656463623,0.3531002402305603,-0.10798633843660355,0.8842107653617859,0.4059942662715912,-0.12279319763183594,0.9353365302085876,0.5689804553985596,-0.017359057441353798,0.9519697427749634,0.46132224798202515,-0.07972248643636703,0.9439368844032288,0.5775082111358643,-0.08468201011419296,0.9367825388908386,0.6905952095985413,-0.0646471306681633,1.0000457763671875,0.6133667826652527,-0.0380421057343483,0.9961205720901489,0.547003984451294,-0.08006302267313004,0.9911148548126221,0.6235724091529846,-0.07735299319028854,0.9867274761199951,0.7018914222717285,-0.059927601367235184,अ
0.0,0.0,0.0,0.0,0.0,0.0,0.0,0.0,0.0,0.0,0.0,0.0,0.0,0.0,0.0,0.0,0.0,0.0,0.0,0.0,0.0,0.0,0.0,0.0,0.0,0.0,0.0,0.0,0.0,0.0,0.0,0.0,0.0,0.0,0.0,0.0,0.0,0.0,0.0,0.0,0.0,0.0,0.0,0.0,0.0,0.0,0.0,0.0,0.0,0.0,0.0,0.0,0.0,0.0,0.0,0.0,0.0,0.0,0.0,0.0,0.0,0.0,0.0,0.9437187314033508,0.9323627948760986,4.209750272821111e-07,0.8460589051246643,0.9072884321212769,-0.03789050132036209,0.7681865692138672,0.779308021068573,-0.05508357286453247,0.760594367980957,0.6522256135940552,-0.07852409780025482,0.8277173042297363,0.6443002223968506,-0.09718721359968185,0.8065260648727417,0.559036374092102,0.007399240508675575,0.8060197830200195,0.4262210726737976,-0.03836781159043312,0.8180794715881348,0.3739601969718933,-0.07540497183799744,0.8292197585105896,0.3974906802177429,-0.09517202526330948,0.8769534826278687,0.5468042492866516,-0.002147056395187974,0.8805218935012817,0.3762025833129883,-0.06780833005905151,0.8777141571044922,0.3535904586315155,-0.11206140369176865,0.8805772662162781,0.41853058338165283,-0.12509284913539886,0.9381422400474548,0.5685907602310181,-0.01955687254667282,0.9522553086280823,0.4591238498687744,-0.08170149475336075,0.9443411827087402,0.5712159872055054,-0.0858539268374443,0.9380496144294739,0.6843390464782715,-0.06434609740972519,1.0038386583328247,0.6109325289726257,-0.041270334273576736,0.9988090395927429,0.5387420654296875,-0.08123372495174408,0.9924401044845581,0.6140740513801575,-0.07691098004579544,0.9868615865707397,0.6939768195152283,-0.058177005499601364,अ
0.0,0.0,0.0,0.0,0.0,0.0,0.0,0.0,0.0,0.0,0.0,0.0,0.0,0.0,0.0,0.0,0.0,0.0,0.0,0.0,0.0,0.0,0.0,0.0,0.0,0.0,0.0,0.0,0.0,0.0,0.0,0.0,0.0,0.0,0.0,0.0,0.0,0.0,0.0,0.0,0.0,0.0,0.0,0.0,0.0,0.0,0.0,0.0,0.0,0.0,0.0,0.0,0.0,0.0,0.0,0.0,0.0,0.0,0.0,0.0,0.0,0.0,0.0,0.9424645304679871,0.9255199432373047,4.3526759441192553e-07,0.8470632433891296,0.8992403745651245,-0.04012272134423256,0.7692845463752747,0.7801497578620911,-0.06129053235054016,0.7602248787879944,0.6559504866600037,-0.0883677750825882,0.8262999653816223,0.6382014155387878,-0.11021604388952255,0.8085594177246094,0.5538597702980042,0.0009458111017011106,0.80803382396698,0.4206197261810303,-0.05152544751763344,0.8207105994224548,0.36950933933258057,-0.09265216439962387,0.8338323831558228,0.39697885513305664,-0.11412851512432098,0.8816536068916321,0.5414467453956604,-0.009157607331871986,0.8792539834976196,0.370626300573349,-0.07978542149066925,0.8780233263969421,0.34672224521636963,-0.12600691616535187,0.8845666646957397,0.40995001792907715,-0.14007727801799774,0.9458543658256531,0.5632066130638123,-0.02740674652159214,0.9589681029319763,0.4569692015647888,-0.09471910446882248,0.9510133266448975,0.5738872289657593,-0.09837503731250763,0.9442574381828308,0.6886764764785767,-0.0757659450173378,1.0145823955535889,0.6064188480377197,-0.05000002682209015,1.0119438171386719,0.5433075428009033,-0.0941462516784668,1.003574252128601,0.6212199330329895,-0.08995357155799866,0.9945257902145386,0.6995773315429688,-0.07045815140008926,अ
0.0,0.0,0.0,0.0,0.0,0.0,0.0,0.0,0.0,0.0,0.0,0.0,0.0,0.0,0.0,0.0,0.0,0.0,0.0,0.0,0.0,0.0,0.0,0.0,0.0,0.0,0.0,0.0,0.0,0.0,0.0,0.0,0.0,0.0,0.0,0.0,0.0,0.0,0.0,0.0,0.0,0.0,0.0,0.0,0.0,0.0,0.0,0.0,0.0,0.0,0.0,0.0,0.0,0.0,0.0,0.0,0.0,0.0,0.0,0.0,0.0,0.0,0.0,0.9365687370300293,0.9245842695236206,4.105170887669374e-07,0.8446692228317261,0.8984376192092896,-0.04195548593997955,0.768492579460144,0.7744956016540527,-0.06074664741754532,0.7619614601135254,0.6467961668968201,-0.08481770008802414,0.8328168392181396,0.6346372365951538,-0.10411597788333893,0.8076788187026978,0.5625643730163574,-0.0018376740626990795,0.8059895038604736,0.4285213351249695,-0.04928413778543472,0.8175503015518188,0.3788466453552246,-0.0841878354549408,0.8296048045158386,0.4021574854850769,-0.10295579582452774,0.8792681097984314,0.5434187054634094,-0.010555814020335674,0.8790607452392578,0.3696024715900421,-0.07870855182409286,0.8762722015380859,0.34609541296958923,-0.12197395414113998,0.8818244934082031,0.4093940258026123,-0.13450783491134644,0.9423064589500427,0.5638040900230408,-0.02718370407819748,0.9543436765670776,0.45897096395492554,-0.09477707743644714,0.9478640556335449,0.5752553939819336,-0.09917928278446198,0.9445887207984924,0.6859580874443054,-0.07746553421020508,1.0096739530563354,0.6078848242759705,-0.048206545412540436,1.0071876049041748,0.5444386601448059,-0.09681541472673416,0.9998418688774109,0.6257259845733643,-0.09678790718317032,0.994951605796814,0.7068469524383545,-0.080421581864357,अ
0.0,0.0,0.0,0.0,0.0,0.0,0.0,0.0,0.0,0.0,0.0,0.0,0.0,0.0,0.0,0.0,0.0,0.0,0.0,0.0,0.0,0.0,0.0,0.0,0.0,0.0,0.0,0.0,0.0,0.0,0.0,0.0,0.0,0.0,0.0,0.0,0.0,0.0,0.0,0.0,0.0,0.0,0.0,0.0,0.0,0.0,0.0,0.0,0.0,0.0,0.0,0.0,0.0,0.0,0.0,0.0,0.0,0.0,0.0,0.0,0.0,0.0,0.0,0.9392182230949402,0.9237914085388184,4.986272870155517e-07,0.8491063117980957,0.9011492729187012,-0.0432991087436676,0.7706010937690735,0.7790716886520386,-0.06427406519651413,0.7625117897987366,0.653523325920105,-0.09048470854759216,0.8329455852508545,0.6354359984397888,-0.11177480965852737,0.810055673122406,0.5626300573348999,-0.0011804708046838641,0.8077712655067444,0.4243640601634979,-0.05005726218223572,0.8193454146385193,0.36960697174072266,-0.08573009073734283,0.8326233625411987,0.3930199444293976,-0.10325931012630463,0.8833370804786682,0.5448055863380432,-0.008717059157788754,0.8799099326133728,0.37372589111328125,-0.07708532363176346,0.8771414160728455,0.3423922657966614,-0.1195642501115799,0.8850381374359131,0.40271925926208496,-0.13059362769126892,0.947128415107727,0.5644962191581726,-0.024847986176609993,0.959346354007721,0.46470052003860474,-0.09489230811595917,0.95187908411026,0.5812171697616577,-0.10100007802248001,0.9483236074447632,0.6973821520805359,-0.07876241207122803,1.0140131711959839,0.6053265929222107,-0.04504474252462387,1.012439250946045,0.5450238585472107,-0.0953831747174263,1.0051416158676147,0.6284337043762207,-0.09518495947122574,0.9996153712272644,0.7133046388626099,-0.07725120335817337,अ
0.0,0.0,0.0,0.0,0.0,0.0,0.0,0.0,0.0,0.0,0.0,0.0,0.0,0.0,0.0,0.0,0.0,0.0,0.0,0.0,0.0,0.0,0.0,0.0,0.0,0.0,0.0,0.0,0.0,0.0,0.0,0.0,0.0,0.0,0.0,0.0,0.0,0.0,0.0,0.0,0.0,0.0,0.0,0.0,0.0,0.0,0.0,0.0,0.0,0.0,0.0,0.0,0.0,0.0,0.0,0.0,0.0,0.0,0.0,0.0,0.0,0.0,0.0,0.9425424933433533,0.9223204851150513,4.2359482677056803e-07,0.8483718037605286,0.8932852745056152,-0.03940294682979584,0.7722633481025696,0.7747460007667542,-0.058156486600637436,0.7618017792701721,0.648755669593811,-0.08320807665586472,0.829844057559967,0.6378009915351868,-0.10316396504640579,0.8118988871574402,0.5600820183753967,0.0026033888570964336,0.8055661916732788,0.4294115900993347,-0.045264869928359985,0.8161887526512146,0.37825101613998413,-0.08070221543312073,0.8295164704322815,0.4001767635345459,-0.09903334081172943,0.8843485713005066,0.539790689945221,-0.006881869398057461,0.8839157223701477,0.3742225170135498,-0.07437822222709656,0.8818263411521912,0.34597688913345337,-0.11713964492082596,0.8890954256057739,0.40456169843673706,-0.12911653518676758,0.947774350643158,0.5586034059524536,-0.024338779971003532,0.9604302644729614,0.46072113513946533,-0.09109383076429367,0.9529722929000854,0.5796296000480652,-0.0938333123922348,0.9503861665725708,0.6944547295570374,-0.07019989937543869,1.0153132677078247,0.6021502017974854,-0.04619376361370087,1.016656517982483,0.5439013838768005,-0.09266738593578339,1.008756399154663,0.6243677735328674,-0.09051025658845901,1.003366470336914,0.7062026262283325,-0.07193305343389511,अ
0.0,0.0,0.0,0.0,0.0,0.0,0.0,0.0,0.0,0.0,0.0,0.0,0.0,0.0,0.0,0.0,0.0,0.0,0.0,0.0,0.0,0.0,0.0,0.0,0.0,0.0,0.0,0.0,0.0,0.0,0.0,0.0,0.0,0.0,0.0,0.0,0.0,0.0,0.0,0.0,0.0,0.0,0.0,0.0,0.0,0.0,0.0,0.0,0.0,0.0,0.0,0.0,0.0,0.0,0.0,0.0,0.0,0.0,0.0,0.0,0.0,0.0,0.0,0.9382166862487793,0.9255512952804565,4.0390494859821047e-07,0.846635103225708,0.8958258628845215,-0.03908475115895271,0.7740619778633118,0.7757197618484497,-0.05818359926342964,0.7670484781265259,0.6584135293960571,-0.0830095186829567,0.8264775276184082,0.6335663795471191,-0.10348615795373917,0.8130685091018677,0.5634270310401917,0.0010718394769355655,0.8109162449836731,0.43090274930000305,-0.046896591782569885,0.8216404318809509,0.37593311071395874,-0.08284179121255875,0.8338793516159058,0.39341068267822266,-0.10112449526786804,0.879936933517456,0.5482379198074341,-0.008676493540406227,0.8795920610427856,0.372308611869812,-0.0760226845741272,0.8780648112297058,0.34587419033050537,-0.11858882009983063,0.8839511871337891,0.4066351056098938,-0.12995778024196625,0.9389383792877197,0.5693426132202148,-0.026490505784749985,0.9514563083648682,0.4658207893371582,-0.09313667565584183,0.9440951347351074,0.5721182823181152,-0.10068981349468231,0.9394382238388062,0.6785756349563599,-0.0812145248055458,1.0014793872833252,0.6139540076255798,-0.0483403280377388,0.9991051554679871,0.5442034006118774,-0.09426011145114899,0.9913867115974426,0.6181671023368835,-0.09393990784883499,0.9852827787399292,0.6971585750579834,-0.07783042639493942,अ
0.0,0.0,0.0,0.0,0.0,0.0,0.0,0.0,0.0,0.0,0.0,0.0,0.0,0.0,0.0,0.0,0.0,0.0,0.0,0.0,0.0,0.0,0.0,0.0,0.0,0.0,0.0,0.0,0.0,0.0,0.0,0.0,0.0,0.0,0.0,0.0,0.0,0.0,0.0,0.0,0.0,0.0,0.0,0.0,0.0,0.0,0.0,0.0,0.0,0.0,0.0,0.0,0.0,0.0,0.0,0.0,0.0,0.0,0.0,0.0,0.0,0.0,0.0,0.9525616765022278,0.9429843425750732,4.606445997978881e-07,0.8527837991714478,0.9185467958450317,-0.04118356853723526,0.7741571068763733,0.7903704047203064,-0.060021597892045975,0.7650214433670044,0.6583052277565002,-0.08465559035539627,0.8302386403083801,0.6531648635864258,-0.10370007902383804,0.8100560307502747,0.5716235637664795,0.0034257564693689346,0.8021788001060486,0.4414111077785492,-0.045285969972610474,0.814967155456543,0.38917091488838196,-0.08349694311618805,0.8305754661560059,0.41317319869995117,-0.10492255538702011,0.8833790421485901,0.5538817644119263,-0.005564253311604261,0.8816492557525635,0.38679301738739014,-0.07578302919864655,0.8805869817733765,0.3585277795791626,-0.12291523814201355,0.8889862298965454,0.416340172290802,-0.13866198062896729,0.9466065168380737,0.5757250189781189,-0.022732770070433617,0.9629870057106018,0.46381473541259766,-0.08824300765991211,0.9553012847900391,0.5805270671844482,-0.09166505187749863,0.9507849812507629,0.696582019329071,-0.07013782113790512,1.0157709121704102,0.620796263217926,-0.044764723628759384,1.0162135362625122,0.5673195719718933,-0.09039680659770966,1.0098485946655273,0.6427229046821594,-0.09065724909305573,1.0047519207000732,0.7196056246757507,-0.07489538192749023,अ
0.0,0.0,0.0,0.0,0.0,0.0,0.0,0.0,0.0,0.0,0.0,0.0,0.0,0.0,0.0,0.0,0.0,0.0,0.0,0.0,0.0,0.0,0.0,0.0,0.0,0.0,0.0,0.0,0.0,0.0,0.0,0.0,0.0,0.0,0.0,0.0,0.0,0.0,0.0,0.0,0.0,0.0,0.0,0.0,0.0,0.0,0.0,0.0,0.0,0.0,0.0,0.0,0.0,0.0,0.0,0.0,0.0,0.0,0.0,0.0,0.0,0.0,0.0,0.935068666934967,0.9331366419792175,4.891481353297422e-07,0.8434794545173645,0.8994390964508057,-0.04292607679963112,0.7699427604675293,0.7752049565315247,-0.06352905929088593,0.7649503946304321,0.6542486548423767,-0.08919191360473633,0.8334224820137024,0.6439574956893921,-0.11024895310401917,0.8115322589874268,0.5628472566604614,-0.0057024224661290646,0.8074113726615906,0.4348352253437042,-0.05574033781886101,0.8172446489334106,0.3823733329772949,-0.09338606148958206,0.8307280540466309,0.400757372379303,-0.1137627586722374,0.8845685124397278,0.5469599366188049,-0.014431443065404892,0.8874420523643494,0.3819027543067932,-0.08419928699731827,0.8837156295776367,0.34931549429893494,-0.1292264312505722,0.8887800574302673,0.4022590219974518,-0.14316622912883759,0.9487615823745728,0.5707475543022156,-0.031155098229646683,0.9641839265823364,0.47381591796875,-0.09937882423400879,0.9531860947608948,0.589180588722229,-0.10622431337833405,0.9463661909103394,0.7023621201515198,-0.086061492562294,1.0149285793304443,0.6192376017570496,-0.05239894986152649,1.016917109489441,0.5691642165184021,-0.10041122883558273,1.0053049325942993,0.6449834108352661,-0.10166198760271072,0.9967808723449707,0.7222009301185608,-0.0862417072057724,अ
0.0,0.0,0.0,0.0,0.0,0.0,0.0,0.0,0.0,0.0,0.0,0.0,0.0,0.0,0.0,0.0,0.0,0.0,0.0,0.0,0.0,0.0,0.0,0.0,0.0,0.0,0.0,0.0,0.0,0.0,0.0,0.0,0.0,0.0,0.0,0.0,0.0,0.0,0.0,0.0,0.0,0.0,0.0,0.0,0.0,0.0,0.0,0.0,0.0,0.0,0.0,0.0,0.0,0.0,0.0,0.0,0.0,0.0,0.0,0.0,0.0,0.0,0.0,0.9466299414634705,0.9307240843772888,4.2002417899311695e-07,0.8530014753341675,0.9038221836090088,-0.044134847819805145,0.7740713953971863,0.7785229682922363,-0.06582949310541153,0.7601229548454285,0.6495909094810486,-0.092622771859169,0.8254375457763672,0.6426658630371094,-0.113893523812294,0.8112775683403015,0.5530775785446167,-0.0034189466387033463,0.8111124634742737,0.4187566936016083,-0.05870368704199791,0.8250147700309753,0.3689427673816681,-0.10104672610759735,0.8392165899276733,0.40075546503067017,-0.12297751009464264,0.8852232098579407,0.5422191619873047,-0.01192602887749672,0.8887359499931335,0.37089425325393677,-0.08761128038167953,0.8857342004776001,0.3497634828090668,-0.13596107065677643,0.8883907794952393,0.41936779022216797,-0.14950020611286163,0.9498851895332336,0.5669814944267273,-0.028758153319358826,0.9625407457351685,0.4697376489639282,-0.09737769514322281,0.951777458190918,0.5866321921348572,-0.10050466656684875,0.943925678730011,0.699977457523346,-0.0766541138291359,1.0172154903411865,0.61459881067276,-0.05068399757146835,1.0123860836029053,0.5660765767097473,-0.09431389719247818,1.0014179944992065,0.6432701349258423,-0.09056708961725235,0.9928829669952393,0.7176460027694702,-0.07117177546024323,अ
0.0,0.0,0.0,0.0,0.0,0.0,0.0,0.0,0.0,0.0,0.0,0.0,0.0,0.0,0.0,0.0,0.0,0.0,0.0,0.0,0.0,0.0,0.0,0.0,0.0,0.0,0.0,0.0,0.0,0.0,0.0,0.0,0.0,0.0,0.0,0.0,0.0,0.0,0.0,0.0,0.0,0.0,0.0,0.0,0.0,0.0,0.0,0.0,0.0,0.0,0.0,0.0,0.0,0.0,0.0,0.0,0.0,0.0,0.0,0.0,0.0,0.0,0.0,0.9388566613197327,0.9304282665252686,3.408329689591483e-07,0.8521825075149536,0.9066506624221802,-0.044320911169052124,0.7768970727920532,0.7842352390289307,-0.06697823107242584,0.7664008140563965,0.6593021750450134,-0.0948607549071312,0.8304693698883057,0.636239230632782,-0.11770804971456528,0.8134887218475342,0.569302499294281,-0.011645084246993065,0.8114111423492432,0.43070822954177856,-0.07140811532735825,0.8230181932449341,0.38263165950775146,-0.11412399262189865,0.8367863893508911,0.41950932145118713,-0.13493038713932037,0.8896706104278564,0.5529076457023621,-0.021126603707671165,0.8871084451675415,0.37055808305740356,-0.10137449949979782,0.8807278871536255,0.35934215784072876,-0.14880651235580444,0.8853833079338074,0.4410379230976105,-0.16006141901016235,0.9575743079185486,0.5751169323921204,-0.03869305178523064,0.9669667482376099,0.4711149334907532,-0.11175662279129028,0.9557498693466187,0.5901825428009033,-0.11387065798044205,0.9509374499320984,0.7013846635818481,-0.0884699895977974,1.0288829803466797,0.6211873888969421,-0.06097925081849098,1.0263525247573853,0.5651755332946777,-0.10952015221118927,1.0171051025390625,0.6418133974075317,-0.1068161204457283,1.0134586095809937,0.7131381630897522,-0.0872834324836731,अ
0.0,0.0,0.0,0.0,0.0,0.0,0.0,0.0,0.0,0.0,0.0,0.0,0.0,0.0,0.0,0.0,0.0,0.0,0.0,0.0,0.0,0.0,0.0,0.0,0.0,0.0,0.0,0.0,0.0,0.0,0.0,0.0,0.0,0.0,0.0,0.0,0.0,0.0,0.0,0.0,0.0,0.0,0.0,0.0,0.0,0.0,0.0,0.0,0.0,0.0,0.0,0.0,0.0,0.0,0.0,0.0,0.0,0.0,0.0,0.0,0.0,0.0,0.0,0.9477285146713257,0.939911961555481,4.991398441234196e-07,0.8527891039848328,0.9132893085479736,-0.04630344733595848,0.7746182084083557,0.7897405028343201,-0.06918195635080338,0.7612287998199463,0.6606475710868835,-0.09798703342676163,0.8307642936706543,0.6470418572425842,-0.12148192524909973,0.8117417693138123,0.568736732006073,-0.0004954401520080864,0.8039591312408447,0.43833646178245544,-0.0549449697136879,0.8185147047042847,0.38240694999694824,-0.0970449149608612,0.8376798033714294,0.4037427306175232,-0.11954654008150101,0.889048159122467,0.5516058206558228,-0.008288788609206676,0.8843506574630737,0.3845798969268799,-0.08401157706975937,0.8823322653770447,0.35464152693748474,-0.13285236060619354,0.8916284441947937,0.4123082160949707,-0.14780159294605255,0.9568328857421875,0.5723609328269958,-0.025105547159910202,0.9652711153030396,0.467372864484787,-0.09624826908111572,0.9545409679412842,0.589982807636261,-0.09826747328042984,0.9502081871032715,0.7071671485900879,-0.07308106869459152,1.028924822807312,0.6167676448822021,-0.04714394360780716,1.0246942043304443,0.5577055811882019,-0.09390409290790558,1.0142598152160645,0.6368885636329651,-0.09018625319004059,1.0073442459106445,0.7148931622505188,-0.07024139165878296,अ
0.0,0.0,0.0,0.0,0.0,0.0,0.0,0.0,0.0,0.0,0.0,0.0,0.0,0.0,0.0,0.0,0.0,0.0,0.0,0.0,0.0,0.0,0.0,0.0,0.0,0.0,0.0,0.0,0.0,0.0,0.0,0.0,0.0,0.0,0.0,0.0,0.0,0.0,0.0,0.0,0.0,0.0,0.0,0.0,0.0,0.0,0.0,0.0,0.0,0.0,0.0,0.0,0.0,0.0,0.0,0.0,0.0,0.0,0.0,0.0,0.0,0.0,0.0,0.9376868009567261,0.9399517178535461,4.711583301286737e-07,0.8437685370445251,0.9064271450042725,-0.04462732374668121,0.7702235579490662,0.77684485912323,-0.06650032848119736,0.7618513703346252,0.6478542685508728,-0.09430300444364548,0.8296716213226318,0.6429305076599121,-0.11681019514799118,0.8127703666687012,0.5586286783218384,-0.0003495662531349808,0.808824896812439,0.42999330163002014,-0.05473959818482399,0.8206260800361633,0.37419968843460083,-0.09845823794603348,0.8343729972839355,0.40091031789779663,-0.1226513683795929,0.8883212804794312,0.548428475856781,-0.009370620362460613,0.8899127840995789,0.3812566101551056,-0.08641690015792847,0.8870248794555664,0.35440492630004883,-0.1392119824886322,0.8926339149475098,0.4209057688713074,-0.15724873542785645,0.9536396265029907,0.5758150815963745,-0.026801930740475655,0.9710884690284729,0.4679589867591858,-0.09548789262771606,0.9579242467880249,0.580617368221283,-0.10064595937728882,0.9483539462089539,0.693402886390686,-0.07917806506156921,1.0228614807128906,0.62574303150177,-0.04943995177745819,1.023851990699768,0.5669511556625366,-0.09353995323181152,1.01215660572052,0.635313093662262,-0.09202803671360016,1.0025792121887207,0.7054769396781921,-0.0748840868473053,अ
0.0,0.0,0.0,0.0,0.0,0.0,0.0,0.0,0.0,0.0,0.0,0.0,0.0,0.0,0.0,0.0,0.0,0.0,0.0,0.0,0.0,0.0,0.0,0.0,0.0,0.0,0.0,0.0,0.0,0.0,0.0,0.0,0.0,0.0,0.0,0.0,0.0,0.0,0.0,0.0,0.0,0.0,0.0,0.0,0.0,0.0,0.0,0.0,0.0,0.0,0.0,0.0,0.0,0.0,0.0,0.0,0.0,0.0,0.0,0.0,0.0,0.0,0.0,0.937825083732605,0.9336870908737183,4.300133298329456e-07,0.8437913656234741,0.9075641632080078,-0.042833443731069565,0.768673837184906,0.7831722497940063,-0.06531648337841034,0.7625012397766113,0.6544381976127625,-0.0935053750872612,0.8289292454719543,0.6432128548622131,-0.1165776252746582,0.8085011839866638,0.5634189248085022,-0.00301628396846354,0.8077623844146729,0.4270714819431305,-0.05911000072956085,0.8197793364524841,0.37520545721054077,-0.10176213085651398,0.8323153853416443,0.4102025032043457,-0.12302841991186142,0.8833256363868713,0.550654411315918,-0.011886533349752426,0.8858475089073181,0.37872910499572754,-0.0871068686246872,0.8846743702888489,0.3520618975162506,-0.1350013017654419,0.8890588283538818,0.4223984479904175,-0.1487850844860077,0.9479429125785828,0.5738895535469055,-0.029260562732815742,0.9646722078323364,0.47268980741500854,-0.09822063893079758,0.9542027115821838,0.5871054530143738,-0.10185185819864273,0.9438637495040894,0.700217604637146,-0.07865475863218307,1.0160993337631226,0.6197527647018433,-0.05135299265384674,1.016620397567749,0.5589609742164612,-0.09559262543916702,1.005448818206787,0.6376874446868896,-0.0915045514702797,0.993888258934021,0.7163956761360168,-0.07205421477556229,अ
0.0,0.0,0.0,0.0,0.0,0.0,0.0,0.0,0.0,0.0,0.0,0.0,0.0,0.0,0.0,0.0,0.0,0.0,0.0,0.0,0.0,0.0,0.0,0.0,0.0,0.0,0.0,0.0,0.0,0.0,0.0,0.0,0.0,0.0,0.0,0.0,0.0,0.0,0.0,0.0,0.0,0.0,0.0,0.0,0.0,0.0,0.0,0.0,0.0,0.0,0.0,0.0,0.0,0.0,0.0,0.0,0.0,0.0,0.0,0.0,0.0,0.0,0.0,0.9343236088752747,0.9310957193374634,3.814048454842123e-07,0.8450903296470642,0.9057505130767822,-0.04184088110923767,0.769800066947937,0.7860829830169678,-0.0640551820397377,0.7631007432937622,0.6623192429542542,-0.0917603150010109,0.82398521900177,0.6360611915588379,-0.11459492892026901,0.8074476718902588,0.5669533610343933,-0.008331741206347942,0.8067023754119873,0.4266735315322876,-0.06511226296424866,0.8185016512870789,0.37831053137779236,-0.10659722238779068,0.830982506275177,0.4157649576663971,-0.12619651854038239,0.8831511735916138,0.553494930267334,-0.01783003658056259,0.8831562399864197,0.3754112124443054,-0.09157098829746246,0.8806626796722412,0.35454678535461426,-0.13726568222045898,0.8868325352668762,0.42705726623535156,-0.14948303997516632,0.9493869543075562,0.5762879848480225,-0.035344045609235764,0.9650548696517944,0.47229868173599243,-0.10446019470691681,0.9539633393287659,0.5874661803245544,-0.10846100002527237,0.9459197521209717,0.7003369927406311,-0.08561760187149048,1.0180224180221558,0.6219303011894226,-0.05711037293076515,1.0196518898010254,0.561115562915802,-0.10265074670314789,1.0114595890045166,0.6365437507629395,-0.09925726056098938,1.0052075386047363,0.7113828063011169,-0.07995842397212982,अ
0.0,0.0,0.0,0.0,0.0,0.0,0.0,0.0,0.0,0.0,0.0,0.0,0.0,0.0,0.0,0.0,0.0,0.0,0.0,0.0,0.0,0.0,0.0,0.0,0.0,0.0,0.0,0.0,0.0,0.0,0.0,0.0,0.0,0.0,0.0,0.0,0.0,0.0,0.0,0.0,0.0,0.0,0.0,0.0,0.0,0.0,0.0,0.0,0.0,0.0,0.0,0.0,0.0,0.0,0.0,0.0,0.0,0.0,0.0,0.0,0.0,0.0,0.0,0.9311315417289734,0.9356797933578491,4.538492817118822e-07,0.8423792123794556,0.9091298580169678,-0.047365013509988785,0.7696908116340637,0.7867559194564819,-0.07201734930276871,0.7571923136711121,0.6593992710113525,-0.1020038053393364,0.8212572336196899,0.6474894881248474,-0.12640726566314697,0.8052776455879211,0.5612917542457581,-0.006130099296569824,0.803447961807251,0.42977285385131836,-0.06376424431800842,0.8186872005462646,0.37962037324905396,-0.1076875552535057,0.8354040384292603,0.4082750082015991,-0.13054679334163666,0.8791448473930359,0.5474923253059387,-0.014049844816327095,0.8794434666633606,0.37889572978019714,-0.09202229231595993,0.879989504814148,0.35918256640434265,-0.14109168946743011,0.8883633613586426,0.42619189620018005,-0.15532760322093964,0.9439846277236938,0.5701292157173157,-0.03087008371949196,0.9600623846054077,0.47239813208580017,-0.10281920433044434,0.9490275979042053,0.5951774716377258,-0.10528615862131119,0.939842939376831,0.7097417116165161,-0.08018717169761658,1.011806607246399,0.6151508092880249,-0.05300422012805939,1.0143959522247314,0.554301381111145,-0.09827283769845963,1.0020872354507446,0.6321470737457275,-0.09355471283197403,0.9896072149276733,0.7089993357658386,-0.07320483773946762,अ
0.0,0.0,0.0,0.0,0.0,0.0,0.0,0.0,0.0,0.0,0.0,0.0,0.0,0.0,0.0,0.0,0.0,0.0,0.0,0.0,0.0,0.0,0.0,0.0,0.0,0.0,0.0,0.0,0.0,0.0,0.0,0.0,0.0,0.0,0.0,0.0,0.0,0.0,0.0,0.0,0.0,0.0,0.0,0.0,0.0,0.0,0.0,0.0,0.0,0.0,0.0,0.0,0.0,0.0,0.0,0.0,0.0,0.0,0.0,0.0,0.0,0.0,0.0,0.9415103793144226,0.9289054870605469,3.3535499710524164e-07,0.8487350940704346,0.9097357392311096,-0.04295575991272926,0.7683902978897095,0.7913848161697388,-0.06454923748970032,0.7541553974151611,0.6654961705207825,-0.09171202778816223,0.8200961351394653,0.6466719508171082,-0.11313793808221817,0.8054097294807434,0.5640820264816284,0.003435736522078514,0.8077306151390076,0.4249957203865051,-0.049875903874635696,0.8160684108734131,0.37897443771362305,-0.08901135623455048,0.8223113417625427,0.41986963152885437,-0.1064465269446373,0.8764832615852356,0.5519082546234131,-0.003281711833551526,0.8841625452041626,0.37688207626342773,-0.07579615712165833,0.8789979815483093,0.36373239755630493,-0.11916831880807877,0.8767263889312744,0.44503629207611084,-0.1279091238975525,0.9361988306045532,0.572554349899292,-0.01933724246919155,0.9492292404174805,0.48357126116752625,-0.08718524873256683,0.9393041133880615,0.5926541090011597,-0.09152916073799133,0.9310764670372009,0.7003743648529053,-0.06736726313829422,0.9995682835578918,0.6136659979820251,-0.039914365857839584,0.9965761303901672,0.5490289926528931,-0.08115909993648529,0.9889233708381653,0.6256208419799805,-0.07630614936351776,0.9809377193450928,0.7055040001869202,-0.055916618555784225,अ
0.0,0.0,0.0,0.0,0.0,0.0,0.0,0.0,0.0,0.0,0.0,0.0,0.0,0.0,0.0,0.0,0.0,0.0,0.0,0.0,0.0,0.0,0.0,0.0,0.0,0.0,0.0,0.0,0.0,0.0,0.0,0.0,0.0,0.0,0.0,0.0,0.0,0.0,0.0,0.0,0.0,0.0,0.0,0.0,0.0,0.0,0.0,0.0,0.0,0.0,0.0,0.0,0.0,0.0,0.0,0.0,0.0,0.0,0.0,0.0,0.0,0.0,0.0,0.9426214694976807,0.9468361139297485,5.144006536283996e-07,0.8468831777572632,0.9198328256607056,-0.04237300530076027,0.7706921696662903,0.7943164110183716,-0.06331145763397217,0.7587799429893494,0.6635420918464661,-0.0900721400976181,0.8265942931175232,0.6561582088470459,-0.11152909696102142,0.8087023496627808,0.5749077200889587,0.00043506917427293956,0.8024212121963501,0.44596707820892334,-0.04946757107973099,0.8125713467597961,0.39295053482055664,-0.08836632966995239,0.8252882361412048,0.414015531539917,-0.10995820164680481,0.8818567395210266,0.5587059855461121,-0.008841531351208687,0.8839253187179565,0.39884400367736816,-0.07762996852397919,0.8796125650405884,0.3605445921421051,-0.12405666708946228,0.8844172358512878,0.4063783288002014,-0.14049528539180756,0.9452681541442871,0.5828686952590942,-0.026597701013088226,0.9612864255905151,0.48171353340148926,-0.09293605387210846,0.9496962428092957,0.5973785519599915,-0.09656503051519394,0.9422940015792847,0.7093152403831482,-0.07522771507501602,1.012380599975586,0.6305469870567322,-0.049149274826049805,1.0110671520233154,0.5711289048194885,-0.0935443714261055,0.9996560215950012,0.6468544006347656,-0.09109819680452347,0.9902132749557495,0.7228954434394836,-0.07389219850301743,अ
0.0,0.0,0.0,0.0,0.0,0.0,0.0,0.0,0.0,0.0,0.0,0.0,0.0,0.0,0.0,0.0,0.0,0.0,0.0,0.0,0.0,0.0,0.0,0.0,0.0,0.0,0.0,0.0,0.0,0.0,0.0,0.0,0.0,0.0,0.0,0.0,0.0,0.0,0.0,0.0,0.0,0.0,0.0,0.0,0.0,0.0,0.0,0.0,0.0,0.0,0.0,0.0,0.0,0.0,0.0,0.0,0.0,0.0,0.0,0.0,0.0,0.0,0.0,0.9521363377571106,0.9484182596206665,5.785512371403456e-07,0.8505924940109253,0.9256607294082642,-0.04838043078780174,0.7721890807151794,0.8008984327316284,-0.06992309540510178,0.7575861215591431,0.6705962419509888,-0.09690717607736588,0.8249338865280151,0.6607831716537476,-0.11833551526069641,0.8059772849082947,0.5831915736198425,0.0038511466700583696,0.7994056344032288,0.45873457193374634,-0.04748956859111786,0.812694787979126,0.39966338872909546,-0.08819012343883514,0.8293946981430054,0.4124037027359009,-0.11114487051963806,0.8769758939743042,0.5647658705711365,-0.0022408354561775923,0.8794667720794678,0.4050707221031189,-0.07869226485490799,0.8788369297981262,0.3684689700603485,-0.13071905076503754,0.8870269060134888,0.4178362488746643,-0.14850200712680817,0.9382713437080383,0.5836965441703796,-0.017709998413920403,0.9564176797866821,0.4829602539539337,-0.09222209453582764,0.9474300146102905,0.6044908165931702,-0.10023780912160873,0.9414829015731812,0.7217319011688232,-0.07855559140443802,1.0049912929534912,0.6252087950706482,-0.03825467824935913,1.0052845478057861,0.5688825845718384,-0.09016433358192444,0.9971665143966675,0.649092972278595,-0.09248048067092896,0.9899052977561951,0.730505108833313,-0.07628032565116882,अ
0.0,0.0,0.0,0.0,0.0,0.0,0.0,0.0,0.0,0.0,0.0,0.0,0.0,0.0,0.0,0.0,0.0,0.0,0.0,0.0,0.0,0.0,0.0,0.0,0.0,0.0,0.0,0.0,0.0,0.0,0.0,0.0,0.0,0.0,0.0,0.0,0.0,0.0,0.0,0.0,0.0,0.0,0.0,0.0,0.0,0.0,0.0,0.0,0.0,0.0,0.0,0.0,0.0,0.0,0.0,0.0,0.0,0.0,0.0,0.0,0.0,0.0,0.0,0.9477994441986084,0.9631479978561401,5.050772529102687e-07,0.8480356931686401,0.9428383111953735,-0.04493577033281326,0.7696524262428284,0.8120827674865723,-0.06540378928184509,0.7598305344581604,0.6834852695465088,-0.09142164885997772,0.8272899985313416,0.6797459125518799,-0.11231892555952072,0.8064089417457581,0.5920690298080444,-0.0004272388177923858,0.8046857714653015,0.4629526436328888,-0.051948949694633484,0.8160685300827026,0.4101039171218872,-0.09234758466482162,0.8293212652206421,0.4328228235244751,-0.11462502926588058,0.879842221736908,0.5794050693511963,-0.008249524049460888,0.8849998116493225,0.418862521648407,-0.08069857209920883,0.8792508840560913,0.38736432790756226,-0.12879320979118347,0.882432758808136,0.4413306415081024,-0.1446455419063568,0.943548321723938,0.6046026349067688,-0.024948513135313988,0.9587833881378174,0.5047962069511414,-0.09195596724748611,0.9453558921813965,0.619750440120697,-0.09652652591466904,0.9373962879180908,0.7309778928756714,-0.07500258833169937,1.0107221603393555,0.6513122320175171,-0.04689932242035866,1.0092452764511108,0.5949875116348267,-0.09094832837581635,0.9977211356163025,0.6667296886444092,-0.08979137241840363,0.9885963201522827,0.7389414310455322,-0.07311800122261047,अ
0.0,0.0,0.0,0.0,0.0,0.0,0.0,0.0,0.0,0.0,0.0,0.0,0.0,0.0,0.0,0.0,0.0,0.0,0.0,0.0,0.0,0.0,0.0,0.0,0.0,0.0,0.0,0.0,0.0,0.0,0.0,0.0,0.0,0.0,0.0,0.0,0.0,0.0,0.0,0.0,0.0,0.0,0.0,0.0,0.0,0.0,0.0,0.0,0.0,0.0,0.0,0.0,0.0,0.0,0.0,0.0,0.0,0.0,0.0,0.0,0.0,0.0,0.0,0.9373130798339844,0.974524974822998,4.6330612235578883e-07,0.8455296158790588,0.9531274437904358,-0.047361332923173904,0.7721511125564575,0.8344119787216187,-0.07119869440793991,0.7576733827590942,0.7136766314506531,-0.09938494861125946,0.8107819557189941,0.6921705007553101,-0.12283839285373688,0.8047361373901367,0.611811101436615,-0.012899372726678848,0.8042859435081482,0.48411649465560913,-0.07006976753473282,0.8156470656394958,0.43304261565208435,-0.11311313509941101,0.8290286660194397,0.4526606798171997,-0.13642026484012604,0.8755131959915161,0.6018843054771423,-0.021315809339284897,0.8791369795799255,0.434590220451355,-0.09957896918058395,0.8765069842338562,0.4131685793399811,-0.14903362095355988,0.8827945590019226,0.47117340564727783,-0.1644214540719986,0.9385251402854919,0.6281936168670654,-0.037960514426231384,0.9595022797584534,0.5265285968780518,-0.11049261689186096,0.9465916156768799,0.6419275403022766,-0.11656620353460312,0.9373000860214233,0.7491454482078552,-0.09543315321207047,1.0037647485733032,0.6775127053260803,-0.05952944979071617,1.0093979835510254,0.6328249573707581,-0.10809598118066788,1.0002530813217163,0.700523853302002,-0.10895515233278275,0.9936249852180481,0.7619222402572632,-0.09311329573392868,अ
0.8266619443893433,0.8584929704666138,8.043014076974941e-07,0.8628251552581787,0.8321716785430908,-0.05389685928821564,0.8929966688156128,0.7774247527122498,-0.08914810419082642,0.9050137996673584,0.724543035030365,-0.11942140012979507,0.9111099243164062,0.6867621541023254,-0.15216299891471863,0.8504746556282043,0.645628035068512,-0.06733923405408859,0.8524760007858276,0.5718183517456055,-0.10813764482736588,0.8481662273406982,0.5220407247543335,-0.14149750769138336,0.8446235060691833,0.4804234802722931,-0.16547340154647827,0.8221527338027954,0.6503745317459106,-0.0652424693107605,0.8309776782989502,0.5741279721260071,-0.10388513654470444,0.8353815078735352,0.5263262391090393,-0.13556130230426788,0.8408703804016113,0.48941606283187866,-0.15869225561618805,0.7945743203163147,0.6859690546989441,-0.06751032918691635,0.800261378288269,0.6201609373092651,-0.11018891632556915,0.8048948645591736,0.6078597903251648,-0.13397879898548126,0.8088601231575012,0.6024357080459595,-0.14859731495380402,0.7669474482536316,0.7447132468223572,-0.07319886982440948,0.7509592175483704,0.7218894362449646,-0.11422336101531982,0.7641656994819641,0.7293314933776855,-0.1293158382177353,0.7840427160263062,0.7473187446594238,-0.13686208426952362,0.9351458549499512,0.9931933879852295,3.666449401862337e-07,0.8447227478027344,0.9831211566925049,-0.04869220033288002,0.7651447653770447,0.8588213324546814,-0.07145664095878601,0.7471458315849304,0.7321093678474426,-0.09861735999584198,0.8079295754432678,0.7240311503410339,-0.11990832537412643,0.7981306910514832,0.6365039944648743,-0.008439158089458942,0.7950067520141602,0.5038294792175293,-0.06717691570520401,0.8057387471199036,0.46395036578178406,-0.11101314425468445,0.8207918405532837,0.5084350109100342,-0.13380037248134613,0.8670119643211365,0.6247161030769348,-0.015071660280227661,0.8711317777633667,0.4626784324645996,-0.0948558822274208,0.8686333298683167,0.4522860050201416,-0.1461736559867859,0.8770175576210022,0.5269861221313477,-0.16219040751457214,0.9260870814323425,0.6514818668365479,-0.03069719858467579,0.9452676773071289,0.5558876991271973,-0.09996303915977478,0.9351097345352173,0.6727272868156433,-0.103363536298275,0.9275460243225098,0.779036819934845,-0.08145095407962799,0.9897733926773071,0.6975839138031006,-0.05191655829548836,0.988238513469696,0.6616804599761963,-0.09693822264671326,0.9814547300338745,0.7362037301063538,-0.09661848098039627,0.9766377210617065,0.8006956577301025,-0.08064579218626022,अ
0.0,0.0,0.0,0.0,0.0,0.0,0.0,0.0,0.0,0.0,0.0,0.0,0.0,0.0,0.0,0.0,0.0,0.0,0.0,0.0,0.0,0.0,0.0,0.0,0.0,0.0,0.0,0.0,0.0,0.0,0.0,0.0,0.0,0.0,0.0,0.0,0.0,0.0,0.0,0.0,0.0,0.0,0.0,0.0,0.0,0.0,0.0,0.0,0.0,0.0,0.0,0.0,0.0,0.0,0.0,0.0,0.0,0.0,0.0,0.0,0.0,0.0,0.0,0.9228144884109497,1.0011451244354248,3.728002297975763e-07,0.8349249958992004,0.9818274974822998,-0.04634150117635727,0.7638126611709595,0.8636853694915771,-0.07044672966003418,0.7495455741882324,0.7394629716873169,-0.09905878454446793,0.8065752387046814,0.7307789325714111,-0.12231484800577164,0.7982921004295349,0.6421511769294739,-0.010742206126451492,0.798392117023468,0.5133281350135803,-0.06680511683225632,0.808862566947937,0.47415995597839355,-0.11055503040552139,0.821841835975647,0.5085678696632385,-0.1360725313425064,0.8678397536277771,0.6350127458572388,-0.020552294328808784,0.8688951134681702,0.47782886028289795,-0.0959533154964447,0.8646236658096313,0.461239755153656,-0.14587511122226715,0.8698753118515015,0.5201257467269897,-0.16520538926124573,0.9291602969169617,0.6672153472900391,-0.03882507234811783,0.9420731663703918,0.5608497858047485,-0.1071605384349823,0.9312732219696045,0.671537458896637,-0.11093160510063171,0.92319655418396,0.7731956839561462,-0.09262394905090332,0.99491286277771,0.7189797163009644,-0.06247454881668091,0.9886478781700134,0.6738789677619934,-0.11107649654150009,0.9758341908454895,0.7476219534873962,-0.11244451254606247,0.9656124114990234,0.8136447668075562,-0.09945115447044373,अ
0.0,0.0,0.0,0.0,0.0,0.0,0.0,0.0,0.0,0.0,0.0,0.0,0.0,0.0,0.0,0.0,0.0,0.0,0.0,0.0,0.0,0.0,0.0,0.0,0.0,0.0,0.0,0.0,0.0,0.0,0.0,0.0,0.0,0.0,0.0,0.0,0.0,0.0,0.0,0.0,0.0,0.0,0.0,0.0,0.0,0.0,0.0,0.0,0.0,0.0,0.0,0.0,0.0,0.0,0.0,0.0,0.0,0.0,0.0,0.0,0.0,0.0,0.0,0.9217003583908081,0.9893702268600464,3.997002409050765e-07,0.8361758589744568,0.9743313193321228,-0.04352587088942528,0.7610357999801636,0.8599441647529602,-0.06636015325784683,0.7512689232826233,0.7427061796188354,-0.09375093877315521,0.8135606050491333,0.7296724915504456,-0.11612316966056824,0.7959668636322021,0.6434218287467957,-0.014442269690334797,0.7962896823883057,0.5159526467323303,-0.0705748200416565,0.8051455616950989,0.47272956371307373,-0.11120577901601791,0.8149964809417725,0.5078051090240479,-0.1323562115430832,0.8657726645469666,0.6322543621063232,-0.025158511474728584,0.8713459968566895,0.46544337272644043,-0.10239294171333313,0.8677960634231567,0.4595481753349304,-0.14915837347507477,0.8728363513946533,0.5401878952980042,-0.161642387509346,0.9254668951034546,0.6600053906440735,-0.04328984394669533,0.9488227367401123,0.5648815631866455,-0.11060427874326706,0.9367916584014893,0.6813001036643982,-0.11230407655239105,0.9252291917800903,0.7872195243835449,-0.08962395787239075,0.9876073002815247,0.7088595628738403,-0.06636104732751846,0.9910659193992615,0.6773169040679932,-0.10993772745132446,0.9798575639724731,0.7543335556983948,-0.10737169533967972,0.9696928262710571,0.8207809925079346,-0.08988093584775925,अ
0.0,0.0,0.0,0.0,0.0,0.0,0.0,0.0,0.0,0.0,0.0,0.0,0.0,0.0,0.0,0.0,0.0,0.0,0.0,0.0,0.0,0.0,0.0,0.0,0.0,0.0,0.0,0.0,0.0,0.0,0.0,0.0,0.0,0.0,0.0,0.0,0.0,0.0,0.0,0.0,0.0,0.0,0.0,0.0,0.0,0.0,0.0,0.0,0.0,0.0,0.0,0.0,0.0,0.0,0.0,0.0,0.0,0.0,0.0,0.0,0.0,0.0,0.0,0.9335452914237976,0.9877257347106934,4.3504934410520946e-07,0.8475327491760254,0.9790824055671692,-0.04691611975431442,0.7712157368659973,0.8739119172096252,-0.07151197642087936,0.7519243359565735,0.7552322149276733,-0.1001540869474411,0.8038849830627441,0.7243289947509766,-0.12320883572101593,0.8000349998474121,0.6468941569328308,-0.013528844341635704,0.7967342734336853,0.5259812474250793,-0.07107961177825928,0.80307936668396,0.4777465760707855,-0.11487965285778046,0.8157355189323425,0.5034177899360657,-0.13969482481479645,0.8685970902442932,0.6343691945075989,-0.02332283928990364,0.8676617741584778,0.4793046712875366,-0.10230537503957748,0.8624923825263977,0.4580966532230377,-0.15387600660324097,0.8700885772705078,0.5173757076263428,-0.17224186658859253,0.9289087057113647,0.662093997001648,-0.04133598133921623,0.9438906908035278,0.5641275644302368,-0.11424949765205383,0.9336957335472107,0.678371012210846,-0.12082793563604355,0.9282715916633606,0.7840518951416016,-0.1021539643406868,0.9928136467933655,0.7105145454406738,-0.06433518975973129,0.9877752065658569,0.6831592321395874,-0.11739879101514816,0.9745163321495056,0.7575721740722656,-0.12192095071077347,0.9649913907051086,0.8214008808135986,-0.1092500239610672,अ
0.0,0.0,0.0,0.0,0.0,0.0,0.0,0.0,0.0,0.0,0.0,0.0,0.0,0.0,0.0,0.0,0.0,0.0,0.0,0.0,0.0,0.0,0.0,0.0,0.0,0.0,0.0,0.0,0.0,0.0,0.0,0.0,0.0,0.0,0.0,0.0,0.0,0.0,0.0,0.0,0.0,0.0,0.0,0.0,0.0,0.0,0.0,0.0,0.0,0.0,0.0,0.0,0.0,0.0,0.0,0.0,0.0,0.0,0.0,0.0,0.0,0.0,0.0,0.9315410852432251,0.9969183206558228,4.362276797564846e-07,0.8398261070251465,0.9829456806182861,-0.04570745304226875,0.7670377492904663,0.8646270036697388,-0.06727968156337738,0.7509258985519409,0.7438117265701294,-0.09370014071464539,0.8082149624824524,0.7336616516113281,-0.11434899270534515,0.7976752519607544,0.6450395584106445,-0.003750771516934037,0.7985514998435974,0.5201712250709534,-0.05814444646239281,0.8100223541259766,0.4754294753074646,-0.1008879616856575,0.8229519128799438,0.506546139717102,-0.12482807040214539,0.8658391833305359,0.6354924440383911,-0.0123981898650527,0.8712772130966187,0.4800211191177368,-0.08841362595558167,0.868131697177887,0.46341603994369507,-0.1397843211889267,0.8736107349395752,0.5251100063323975,-0.15784476697444916,0.925573468208313,0.6637367010116577,-0.029619688168168068,0.9484818577766418,0.560478687286377,-0.09776890277862549,0.9368529915809631,0.670424222946167,-0.10442236810922623,0.9262286424636841,0.7736691832542419,-0.08592228591442108,0.989530086517334,0.7119700312614441,-0.0520993135869503,0.9919180274009705,0.6730554103851318,-0.09934204071760178,0.9843133687973022,0.7353386878967285,-0.10284439474344254,0.9772546291351318,0.7915951013565063,-0.08985298126935959,अ
0.0,0.0,0.0,0.0,0.0,0.0,0.0,0.0,0.0,0.0,0.0,0.0,0.0,0.0,0.0,0.0,0.0,0.0,0.0,0.0,0.0,0.0,0.0,0.0,0.0,0.0,0.0,0.0,0.0,0.0,0.0,0.0,0.0,0.0,0.0,0.0,0.0,0.0,0.0,0.0,0.0,0.0,0.0,0.0,0.0,0.0,0.0,0.0,0.0,0.0,0.0,0.0,0.0,0.0,0.0,0.0,0.0,0.0,0.0,0.0,0.0,0.0,0.0,0.9358042478561401,0.9782974720001221,4.080764313130203e-07,0.848227322101593,0.97447669506073,-0.04225384071469307,0.7687897682189941,0.8653968572616577,-0.06174980849027634,0.7546106576919556,0.7435178160667419,-0.08570916205644608,0.8112326860427856,0.7221617102622986,-0.10460904985666275,0.8003799319267273,0.6389653086662292,-0.004327862989157438,0.8002706170082092,0.5161890387535095,-0.053891390562057495,0.8105365037918091,0.46922898292541504,-0.09154970198869705,0.8233270645141602,0.49291548132896423,-0.11185874044895172,0.8672394752502441,0.6233306527137756,-0.012986593879759312,0.8687199354171753,0.46883323788642883,-0.0809193104505539,0.8668495416641235,0.44768446683883667,-0.12429402768611908,0.8747870326042175,0.5049130320549011,-0.1376330703496933,0.9251304268836975,0.6454423069953918,-0.02966402843594551,0.9455070495605469,0.5574334859848022,-0.09517266601324081,0.9344654679298401,0.675035297870636,-0.09845242649316788,0.9258909821510315,0.7823561429977417,-0.07778557389974594,0.9863207340240479,0.689031720161438,-0.05097697302699089,0.9833770394325256,0.663700520992279,-0.09746233373880386,0.9744929075241089,0.7448344826698303,-0.0972200408577919,0.9676615595817566,0.8136436939239502,-0.08136601746082306,अ
0.0,0.0,0.0,0.0,0.0,0.0,0.0,0.0,0.0,0.0,0.0,0.0,0.0,0.0,0.0,0.0,0.0,0.0,0.0,0.0,0.0,0.0,0.0,0.0,0.0,0.0,0.0,0.0,0.0,0.0,0.0,0.0,0.0,0.0,0.0,0.0,0.0,0.0,0.0,0.0,0.0,0.0,0.0,0.0,0.0,0.0,0.0,0.0,0.0,0.0,0.0,0.0,0.0,0.0,0.0,0.0,0.0,0.0,0.0,0.0,0.0,0.0,0.0,0.9399467706680298,0.974979043006897,3.6546617820931715e-07,0.8520560264587402,0.9685415029525757,-0.04591316357254982,0.7754338979721069,0.8640369772911072,-0.06925655156373978,0.7565958499908447,0.741887092590332,-0.09659148007631302,0.8093091249465942,0.7173599600791931,-0.1183163970708847,0.8034233450889587,0.6338673830032349,-0.00889506097882986,0.8051096200942993,0.5066648721694946,-0.06434354186058044,0.8157539367675781,0.4638107419013977,-0.10596336424350739,0.8285778164863586,0.4971010088920593,-0.12733711302280426,0.8689932823181152,0.6211056709289551,-0.01684657484292984,0.8730011582374573,0.4589131474494934,-0.09046107530593872,0.8709853291511536,0.4505290985107422,-0.1364932507276535,0.8785028457641602,0.5219702124595642,-0.14970558881759644,0.9266469478607178,0.6448386907577515,-0.033148232847452164,0.9498933553695679,0.5530967712402344,-0.09936688095331192,0.9386224746704102,0.6672309637069702,-0.10201657563447952,0.9288561344146729,0.7710940837860107,-0.08022799342870712,0.9874340891838074,0.6906628012657166,-0.0545840747654438,0.9860918521881104,0.6547167897224426,-0.09666110575199127,0.9773216843605042,0.7294061779975891,-0.09366606175899506,0.9699128866195679,0.7947602272033691,-0.07620181888341904,अ
0.0,0.0,0.0,0.0,0.0,0.0,0.0,0.0,0.0,0.0,0.0,0.0,0.0,0.0,0.0,0.0,0.0,0.0,0.0,0.0,0.0,0.0,0.0,0.0,0.0,0.0,0.0,0.0,0.0,0.0,0.0,0.0,0.0,0.0,0.0,0.0,0.0,0.0,0.0,0.0,0.0,0.0,0.0,0.0,0.0,0.0,0.0,0.0,0.0,0.0,0.0,0.0,0.0,0.0,0.0,0.0,0.0,0.0,0.0,0.0,0.0,0.0,0.0,0.9289752244949341,0.9794416427612305,4.7081229581635853e-07,0.8430594801902771,0.9728577733039856,-0.04918645694851875,0.7655400037765503,0.8577378988265991,-0.07255608588457108,0.7557360529899597,0.7350679636001587,-0.09938500821590424,0.8216478824615479,0.728999674320221,-0.12060516327619553,0.8018684387207031,0.6329914331436157,-0.014863807708024979,0.8055023550987244,0.5077794790267944,-0.07136253267526627,0.8146305680274963,0.4676344692707062,-0.1134784072637558,0.826260507106781,0.5042387843132019,-0.13588932156562805,0.8694407939910889,0.6203315258026123,-0.02160411886870861,0.8779870867729187,0.4607078433036804,-0.0982905924320221,0.875332772731781,0.44745755195617676,-0.1473928689956665,0.8833977580070496,0.5174634456634521,-0.1626945585012436,0.9269930720329285,0.6483964920043945,-0.03658334165811539,0.9576328992843628,0.5626184344291687,-0.10408255457878113,0.9447396397590637,0.6786284446716309,-0.10922425985336304,0.9306405186653137,0.7860050201416016,-0.08896851539611816,0.9868863821029663,0.6978850364685059,-0.057059966027736664,0.9927285313606262,0.6771888136863708,-0.10081025213003159,0.9831335544586182,0.7482417821884155,-0.10157569497823715,0.972208559513092,0.8105518817901611,-0.08671263605356216,अ
0.0,0.0,0.0,0.0,0.0,0.0,0.0,0.0,0.0,0.0,0.0,0.0,0.0,0.0,0.0,0.0,0.0,0.0,0.0,0.0,0.0,0.0,0.0,0.0,0.0,0.0,0.0,0.0,0.0,0.0,0.0,0.0,0.0,0.0,0.0,0.0,0.0,0.0,0.0,0.0,0.0,0.0,0.0,0.0,0.0,0.0,0.0,0.0,0.0,0.0,0.0,0.0,0.0,0.0,0.0,0.0,0.0,0.0,0.0,0.0,0.0,0.0,0.0,0.9495388269424438,0.9856582880020142,3.888254980211059e-07,0.858832836151123,0.9821169376373291,-0.04630041494965553,0.7778260707855225,0.8759665489196777,-0.06886833161115646,0.7526043057441711,0.7503119111061096,-0.09595378488302231,0.8091404438018799,0.7326294183731079,-0.11726086586713791,0.8030203580856323,0.644847571849823,-0.00493394723162055,0.8046395778656006,0.5146368741989136,-0.05898997560143471,0.8154653906822205,0.4733651578426361,-0.09911882877349854,0.828550398349762,0.5079616904258728,-0.11969920247793198,0.8707729578018188,0.6335800290107727,-0.011783076450228691,0.8750753402709961,0.47284892201423645,-0.08572890609502792,0.8720430135726929,0.460798054933548,-0.13172540068626404,0.8789638876914978,0.5276610851287842,-0.1448066085577011,0.9300389289855957,0.6581922769546509,-0.02746753580868244,0.9460103511810303,0.5704798102378845,-0.09465480595827103,0.936233401298523,0.6850464940071106,-0.09731253981590271,0.92941814661026,0.7872650027275085,-0.07461867481470108,0.9926854372024536,0.7011979222297668,-0.04822886735200882,0.9881320595741272,0.6619624495506287,-0.09147331863641739,0.9804599285125732,0.7349488735198975,-0.08932160586118698,0.9745237827301025,0.7988045811653137,-0.07196737080812454,अ
0.0,0.0,0.0,0.0,0.0,0.0,0.0,0.0,0.0,0.0,0.0,0.0,0.0,0.0,0.0,0.0,0.0,0.0,0.0,0.0,0.0,0.0,0.0,0.0,0.0,0.0,0.0,0.0,0.0,0.0,0.0,0.0,0.0,0.0,0.0,0.0,0.0,0.0,0.0,0.0,0.0,0.0,0.0,0.0,0.0,0.0,0.0,0.0,0.0,0.0,0.0,0.0,0.0,0.0,0.0,0.0,0.0,0.0,0.0,0.0,0.0,0.0,0.0,0.9445461630821228,0.998435914516449,5.107357310407679e-07,0.8508641719818115,0.98443204164505,-0.04947371035814285,0.7745366096496582,0.8817708492279053,-0.07539507746696472,0.7552215456962585,0.7611027956008911,-0.10483630001544952,0.8144353032112122,0.7406126856803894,-0.1287240982055664,0.8047671914100647,0.6560804843902588,-0.013559647835791111,0.8056680560112,0.534342885017395,-0.06819842755794525,0.815244197845459,0.4838936924934387,-0.11015202850103378,0.8275906443595886,0.5011730194091797,-0.13436712324619293,0.8734341263771057,0.64529949426651,-0.020112169906497,0.87527996301651,0.4913814663887024,-0.09713388234376907,0.8715704083442688,0.470437228679657,-0.1468658596277237,0.8789964318275452,0.5258591175079346,-0.16406017541885376,0.9348728656768799,0.671631395816803,-0.034822169691324234,0.9543792605400085,0.5724393129348755,-0.10539891570806503,0.9436643719673157,0.683600902557373,-0.11154811084270477,0.9358914494514465,0.7883089184761047,-0.09170655906200409,1.000385046005249,0.7190580368041992,-0.054708294570446014,1.0020313262939453,0.6778979301452637,-0.10373903810977936,0.9953250885009766,0.7389997839927673,-0.10701172798871994,0.9897677302360535,0.7959115505218506,-0.09325823187828064,अ
0.0,0.0,0.0,0.0,0.0,0.0,0.0,0.0,0.0,0.0,0.0,0.0,0.0,0.0,0.0,0.0,0.0,0.0,0.0,0.0,0.0,0.0,0.0,0.0,0.0,0.0,0.0,0.0,0.0,0.0,0.0,0.0,0.0,0.0,0.0,0.0,0.0,0.0,0.0,0.0,0.0,0.0,0.0,0.0,0.0,0.0,0.0,0.0,0.0,0.0,0.0,0.0,0.0,0.0,0.0,0.0,0.0,0.0,0.0,0.0,0.0,0.0,0.0,0.925358772277832,1.0055326223373413,4.0529835132474545e-07,0.844091534614563,0.9935728311538696,-0.05016329139471054,0.7716242671012878,0.9039367437362671,-0.07998630404472351,0.7563026547431946,0.7929360866546631,-0.11240825802087784,0.8105266690254211,0.7526111602783203,-0.13976982235908508,0.8026699423789978,0.6815820932388306,-0.027837548404932022,0.8009214997291565,0.5550109148025513,-0.0887003242969513,0.8091841340065002,0.5115181803703308,-0.13115856051445007,0.8216400742530823,0.5409027338027954,-0.1523064821958542,0.872895359992981,0.6641592979431152,-0.03475617617368698,0.8716834783554077,0.49880945682525635,-0.1122332215309143,0.8678662180900574,0.48868876695632935,-0.15710273385047913,0.8745747804641724,0.5529087781906128,-0.16940604150295258,0.9357647895812988,0.6858966946601868,-0.04951821267604828,0.9527119398117065,0.5892661213874817,-0.12346325814723969,0.9427238702774048,0.7017415165901184,-0.1276330053806305,0.9367271065711975,0.8039662837982178,-0.10546404123306274,1.000623106956482,0.7315839529037476,-0.06877640634775162,1.004188060760498,0.681793212890625,-0.11922615766525269,0.9973060488700867,0.7484191060066223,-0.11861401051282883,0.993004560470581,0.808925986289978,-0.10150053352117538,अ
0.0,0.0,0.0,0.0,0.0,0.0,0.0,0.0,0.0,0.0,0.0,0.0,0.0,0.0,0.0,0.0,0.0,0.0,0.0,0.0,0.0,0.0,0.0,0.0,0.0,0.0,0.0,0.0,0.0,0.0,0.0,0.0,0.0,0.0,0.0,0.0,0.0,0.0,0.0,0.0,0.0,0.0,0.0,0.0,0.0,0.0,0.0,0.0,0.0,0.0,0.0,0.0,0.0,0.0,0.0,0.0,0.0,0.0,0.0,0.0,0.0,0.0,0.0,0.9379743337631226,1.0310643911361694,3.7793614637848805e-07,0.8497666120529175,1.0121216773986816,-0.044901493936777115,0.7764820456504822,0.9192459583282471,-0.07255472242832184,0.7549765706062317,0.8087834119796753,-0.10468591749668121,0.8143672943115234,0.7790825963020325,-0.1314733624458313,0.8051837682723999,0.701576292514801,-0.014145934954285622,0.803618311882019,0.5719106793403625,-0.07503717392683029,0.8117220997810364,0.533406674861908,-0.11986971646547318,0.8235683441162109,0.5734179019927979,-0.14249278604984283,0.8756781220436096,0.6889358162879944,-0.022773265838623047,0.8748579025268555,0.5299235582351685,-0.09900712966918945,0.8725484013557434,0.5208185911178589,-0.14573603868484497,0.8774642944335938,0.5887354612350464,-0.15994705259799957,0.9390763640403748,0.7145929932594299,-0.03960243985056877,0.954622209072113,0.6215658783912659,-0.10847418010234833,0.9435428977012634,0.7325008511543274,-0.11044086515903473,0.9330646395683289,0.8354959487915039,-0.08827026188373566,1.0061250925064087,0.7623653411865234,-0.061064429581165314,1.009336233139038,0.7246107459068298,-0.10468358546495438,1.001234769821167,0.7944487929344177,-0.10074013471603394,0.9928874969482422,0.8579480648040771,-0.082427017390728,अ
0.0,0.0,0.0,0.0,0.0,0.0,0.0,0.0,0.0,0.0,0.0,0.0,0.0,0.0,0.0,0.0,0.0,0.0,0.0,0.0,0.0,0.0,0.0,0.0,0.0,0.0,0.0,0.0,0.0,0.0,0.0,0.0,0.0,0.0,0.0,0.0,0.0,0.0,0.0,0.0,0.0,0.0,0.0,0.0,0.0,0.0,0.0,0.0,0.0,0.0,0.0,0.0,0.0,0.0,0.0,0.0,0.0,0.0,0.0,0.0,0.0,0.0,0.0,0.9280423521995544,1.0228068828582764,3.6495279687187576e-07,0.8442567586898804,1.0040652751922607,-0.0460905022919178,0.7750793099403381,0.9159715175628662,-0.07473603636026382,0.7580655813217163,0.8051944971084595,-0.10622886568307877,0.8101121187210083,0.771708071231842,-0.1317451149225235,0.8046658039093018,0.7003464698791504,-0.021121252328157425,0.7993582487106323,0.5723300576210022,-0.08135133981704712,0.8088904023170471,0.5304341316223145,-0.12425306439399719,0.8224382400512695,0.5682390332221985,-0.14550915360450745,0.8750885128974915,0.686423122882843,-0.029918018728494644,0.8676320910453796,0.5234749913215637,-0.10500957071781158,0.8688981533050537,0.5159398913383484,-0.14973701536655426,0.8777498006820679,0.5869646668434143,-0.16254857182502747,0.9369055032730103,0.7120632529258728,-0.046417236328125,0.952974259853363,0.618291974067688,-0.11621633917093277,0.9464504718780518,0.7272244691848755,-0.1185944601893425,0.9399247765541077,0.8290830850601196,-0.09716681391000748,1.002323865890503,0.761378824710846,-0.0674889013171196,1.0016380548477173,0.7313243746757507,-0.11616695672273636,0.9910472631454468,0.8049125671386719,-0.11511056125164032,0.9815464019775391,0.8710203170776367,-0.09859026968479156,अ
0.0,0.0,0.0,0.0,0.0,0.0,0.0,0.0,0.0,0.0,0.0,0.0,0.0,0.0,0.0,0.0,0.0,0.0,0.0,0.0,0.0,0.0,0.0,0.0,0.0,0.0,0.0,0.0,0.0,0.0,0.0,0.0,0.0,0.0,0.0,0.0,0.0,0.0,0.0,0.0,0.0,0.0,0.0,0.0,0.0,0.0,0.0,0.0,0.0,0.0,0.0,0.0,0.0,0.0,0.0,0.0,0.0,0.0,0.0,0.0,0.0,0.0,0.0,0.9460866451263428,1.0284090042114258,4.981793040315097e-07,0.8553771376609802,1.017223596572876,-0.050321802496910095,0.7790372371673584,0.9305044412612915,-0.08096985518932343,0.7568625807762146,0.8157728910446167,-0.11443541944026947,0.8147037625312805,0.7763867378234863,-0.14162537455558777,0.8026441335678101,0.7123034596443176,-0.024702444672584534,0.7986620664596558,0.5887627601623535,-0.08696813136339188,0.8084142804145813,0.5409325957298279,-0.13238628208637238,0.8232961297035217,0.568505585193634,-0.1562899947166443,0.8738543391227722,0.6955490112304688,-0.03142133355140686,0.8696442246437073,0.5357060432434082,-0.11303486675024033,0.8678295612335205,0.5218735933303833,-0.16298092901706696,0.8767713904380798,0.5869286060333252,-0.1785229593515396,0.9377440214157104,0.7163729071617126,-0.04565346613526344,0.9540119171142578,0.6215030550956726,-0.1185661032795906,0.9467661380767822,0.7362437844276428,-0.11985710263252258,0.9404619336128235,0.8413952589035034,-0.09594287723302841,1.005321741104126,0.7590911984443665,-0.06496506184339523,1.0113861560821533,0.7228789329528809,-0.11426974833011627,1.0100233554840088,0.7914027571678162,-0.11244015395641327,1.007388949394226,0.8522229194641113,-0.09394204616546631,अ
0.0,0.0,0.0,0.0,0.0,0.0,0.0,0.0,0.0,0.0,0.0,0.0,0.0,0.0,0.0,0.0,0.0,0.0,0.0,0.0,0.0,0.0,0.0,0.0,0.0,0.0,0.0,0.0,0.0,0.0,0.0,0.0,0.0,0.0,0.0,0.0,0.0,0.0,0.0,0.0,0.0,0.0,0.0,0.0,0.0,0.0,0.0,0.0,0.0,0.0,0.0,0.0,0.0,0.0,0.0,0.0,0.0,0.0,0.0,0.0,0.0,0.0,0.0,0.919310450553894,1.0462555885314941,3.982222267495672e-07,0.8384149074554443,1.0262564420700073,-0.0492284782230854,0.7757285833358765,0.9413622617721558,-0.07948384433984756,0.7626711130142212,0.8419142961502075,-0.11258259415626526,0.8121650218963623,0.795169472694397,-0.13962890207767487,0.804173469543457,0.7360181212425232,-0.023497072979807854,0.802642822265625,0.6065130233764648,-0.08543422073125839,0.8096355199813843,0.5645557641983032,-0.12879782915115356,0.8204190731048584,0.602131724357605,-0.14932465553283691,0.8681548237800598,0.721118152141571,-0.029776418581604958,0.8685908913612366,0.5577430725097656,-0.10711231082677841,0.866206705570221,0.5461606979370117,-0.1532375067472458,0.8692699074745178,0.6128964424133301,-0.16590352356433868,0.9244732856750488,0.7441923022270203,-0.044060755521059036,0.9462953805923462,0.6524361371994019,-0.11418536305427551,0.9398823976516724,0.7594943046569824,-0.1180245578289032,0.9320310354232788,0.8589110970497131,-0.0971217155456543,0.984310507774353,0.7923994064331055,-0.06319034844636917,0.9891947507858276,0.7741679549217224,-0.10970214754343033,0.9809834957122803,0.8431957364082336,-0.10934552550315857,0.9723237752914429,0.9011166095733643,-0.09336856752634048,अ
0.0,0.0,0.0,0.0,0.0,0.0,0.0,0.0,0.0,0.0,0.0,0.0,0.0,0.0,0.0,0.0,0.0,0.0,0.0,0.0,0.0,0.0,0.0,0.0,0.0,0.0,0.0,0.0,0.0,0.0,0.0,0.0,0.0,0.0,0.0,0.0,0.0,0.0,0.0,0.0,0.0,0.0,0.0,0.0,0.0,0.0,0.0,0.0,0.0,0.0,0.0,0.0,0.0,0.0,0.0,0.0,0.0,0.0,0.0,0.0,0.0,0.0,0.0,0.8997255563735962,1.0486547946929932,3.0202821221791964e-07,0.8270649909973145,1.0289297103881836,-0.03685925155878067,0.7687793374061584,0.9399510622024536,-0.05932123586535454,0.7639062404632568,0.845211386680603,-0.08657577633857727,0.8225555419921875,0.8144223690032959,-0.10903702676296234,0.8024731278419495,0.7426499724388123,-0.012617506086826324,0.8029351234436035,0.6186968088150024,-0.07102999091148376,0.8142526745796204,0.5765141844749451,-0.11099740117788315,0.8232865929603577,0.617485523223877,-0.12912526726722717,0.8674458861351013,0.7295271158218384,-0.024233119562268257,0.8655421137809753,0.5714207887649536,-0.0981011912226677,0.871757447719574,0.5681470036506653,-0.14026574790477753,0.877055287361145,0.6451384425163269,-0.1495506912469864,0.925388514995575,0.7564622759819031,-0.04287031292915344,0.9514394998550415,0.6728367805480957,-0.10882438719272614,0.9481821656227112,0.7842479348182678,-0.1085343286395073,0.9351458549499512,0.8795808553695679,-0.08556162565946579,0.9836053252220154,0.8079227209091187,-0.06542733311653137,0.9973800182342529,0.795336902141571,-0.10852667689323425,0.9848623275756836,0.8730888366699219,-0.10521282255649567,0.9668717384338379,0.9345206022262573,-0.0878235325217247,अ
0.0,0.0,0.0,0.0,0.0,0.0,0.0,0.0,0.0,0.0,0.0,0.0,0.0,0.0,0.0,0.0,0.0,0.0,0.0,0.0,0.0,0.0,0.0,0.0,0.0,0.0,0.0,0.0,0.0,0.0,0.0,0.0,0.0,0.0,0.0,0.0,0.0,0.0,0.0,0.0,0.0,0.0,0.0,0.0,0.0,0.0,0.0,0.0,0.0,0.0,0.0,0.0,0.0,0.0,0.0,0.0,0.0,0.0,0.0,0.0,0.0,0.0,0.0,0.8843752145767212,1.0601462125778198,2.6743774128590303e-07,0.8187204599380493,1.0369751453399658,-0.03604333475232124,0.7714006900787354,0.9562979936599731,-0.06127156689763069,0.7711164355278015,0.8693454265594482,-0.09187974780797958,0.8197356462478638,0.8320568203926086,-0.11658485233783722,0.8029133081436157,0.7521593570709229,-0.009593309834599495,0.8066298365592957,0.623897910118103,-0.06621354073286057,0.8181940913200378,0.5902470946311951,-0.1051110252737999,0.8244516849517822,0.6354672908782959,-0.12304899096488953,0.8663188219070435,0.7430078983306885,-0.022547325119376183,0.8608502149581909,0.5895594358444214,-0.0898258164525032,0.8680189251899719,0.5786463022232056,-0.12866248190402985,0.8723383545875549,0.6366034150123596,-0.13960345089435577,0.9211282134056091,0.7749636769294739,-0.04346957802772522,0.9475343227386475,0.6839452385902405,-0.10852740705013275,0.9458892345428467,0.7856914401054382,-0.11083561182022095,0.9326538443565369,0.873798668384552,-0.09248188138008118,0.9774704575538635,0.8318521976470947,-0.06817566603422165,0.9960089921951294,0.8139839768409729,-0.11555036157369614,0.9823217391967773,0.8818981051445007,-0.1169009655714035,0.9586812853813171,0.9383854866027832,-0.10406879335641861,अ
0.0,0.0,0.0,0.0,0.0,0.0,0.0,0.0,0.0,0.0,0.0,0.0,0.0,0.0,0.0,0.0,0.0,0.0,0.0,0.0,0.0,0.0,0.0,0.0,0.0,0.0,0.0,0.0,0.0,0.0,0.0,0.0,0.0,0.0,0.0,0.0,0.0,0.0,0.0,0.0,0.0,0.0,0.0,0.0,0.0,0.0,0.0,0.0,0.0,0.0,0.0,0.0,0.0,0.0,0.0,0.0,0.0,0.0,0.0,0.0,0.0,0.0,0.0,0.8998767733573914,1.0890247821807861,2.7073750175077294e-07,0.8314395546913147,1.0677008628845215,-0.03811122104525566,0.7730039358139038,0.9738136529922485,-0.06068508327007294,0.7667841911315918,0.876884400844574,-0.08805551379919052,0.8269603848457336,0.8387307524681091,-0.10956455767154694,0.8047855496406555,0.7804216742515564,-0.010100269690155983,0.8047378063201904,0.6534557938575745,-0.06503383815288544,0.8120904564857483,0.6099728941917419,-0.10296910256147385,0.8175503015518188,0.6449264287948608,-0.12061797082424164,0.8675618767738342,0.7651999592781067,-0.02011418156325817,0.8612211346626282,0.6119047403335571,-0.0869344100356102,0.8617684841156006,0.5935089588165283,-0.12624037265777588,0.8642596006393433,0.6492362022399902,-0.13687735795974731,0.9246224164962769,0.7910078763961792,-0.037874896079301834,0.943975567817688,0.7000291347503662,-0.10017690807580948,0.9404774308204651,0.8020238876342773,-0.10088739544153214,0.9314204454421997,0.8935151100158691,-0.08066628128290176,0.9840894341468811,0.8424544334411621,-0.059833116829395294,0.9903345108032227,0.8175746202468872,-0.10262677073478699,0.9801631569862366,0.8845925331115723,-0.10154199600219727,0.9666403532028198,0.9414948225021362,-0.08676391839981079,अ
0.0,0.0,0.0,0.0,0.0,0.0,0.0,0.0,0.0,0.0,0.0,0.0,0.0,0.0,0.0,0.0,0.0,0.0,0.0,0.0,0.0,0.0,0.0,0.0,0.0,0.0,0.0,0.0,0.0,0.0,0.0,0.0,0.0,0.0,0.0,0.0,0.0,0.0,0.0,0.0,0.0,0.0,0.0,0.0,0.0,0.0,0.0,0.0,0.0,0.0,0.0,0.0,0.0,0.0,0.0,0.0,0.0,0.0,0.0,0.0,0.0,0.0,0.0,0.8936812877655029,1.0768784284591675,1.4774715850762732e-07,0.8267369270324707,1.0609509944915771,-0.03255544230341911,0.7730006575584412,0.9684960246086121,-0.050708234310150146,0.7741281986236572,0.8780834674835205,-0.07318905740976334,0.8225089907646179,0.8457241058349609,-0.09122007340192795,0.8026093244552612,0.7768153548240662,-0.009568650275468826,0.8042782545089722,0.6477662324905396,-0.05769963935017586,0.8143814206123352,0.6143089532852173,-0.08964508026838303,0.819014847278595,0.6542728543281555,-0.1032458022236824,0.8652889132499695,0.7615927457809448,-0.01984846591949463,0.8636972904205322,0.6075590252876282,-0.078379325568676,0.867538332939148,0.5974439978599548,-0.11134583503007889,0.8695760369300842,0.6582257747650146,-0.11846087872982025,0.919316291809082,0.7839399576187134,-0.03702206164598465,0.9447262287139893,0.6974809169769287,-0.09703851491212845,0.9451533555984497,0.7965447306632996,-0.10029707103967667,0.9383357167243958,0.8877850770950317,-0.08243365585803986,0.9748272895812988,0.8304584622383118,-0.05722697079181671,0.9864100217819214,0.806644082069397,-0.1023138016462326,0.9793176651000977,0.8789456486701965,-0.10366341471672058,0.9673877954483032,0.9410076141357422,-0.09063709527254105,अ
0.0,0.0,0.0,0.0,0.0,0.0,0.0,0.0,0.0,0.0,0.0,0.0,0.0,0.0,0.0,0.0,0.0,0.0,0.0,0.0,0.0,0.0,0.0,0.0,0.0,0.0,0.0,0.0,0.0,0.0,0.0,0.0,0.0,0.0,0.0,0.0,0.0,0.0,0.0,0.0,0.0,0.0,0.0,0.0,0.0,0.0,0.0,0.0,0.0,0.0,0.0,0.0,0.0,0.0,0.0,0.0,0.0,0.0,0.0,0.0,0.0,0.0,0.0,0.9083805680274963,1.0669134855270386,2.2210416261714272e-07,0.8347901701927185,1.056339979171753,-0.03812556713819504,0.7762312293052673,0.970641016960144,-0.05986298993229866,0.773693323135376,0.8767966032028198,-0.08469738066196442,0.8210729360580444,0.8352254033088684,-0.10462399572134018,0.8031025528907776,0.7735368013381958,-0.013131803832948208,0.8022527694702148,0.6476281881332397,-0.06516384333372116,0.8142489194869995,0.6091400384902954,-0.09975388646125793,0.8224665522575378,0.6477813720703125,-0.1140337586402893,0.8665526509284973,0.7554624080657959,-0.021107962355017662,0.859366238117218,0.5999264717102051,-0.08400530368089676,0.8651042580604553,0.5926972031593323,-0.11870277673006058,0.8702173233032227,0.6599820852279663,-0.12510371208190918,0.9217433333396912,0.7753376960754395,-0.03645101934671402,0.9461646676063538,0.6915780305862427,-0.10136387497186661,0.9470818042755127,0.7948079109191895,-0.1038510873913765,0.9401920437812805,0.8888106942176819,-0.08317999541759491,0.9796872138977051,0.8205482363700867,-0.054918013513088226,0.989281952381134,0.7929729223251343,-0.10235759615898132,0.9834185242652893,0.8697999715805054,-0.10119795799255371,0.9716368913650513,0.9355652332305908,-0.0847214013338089,अ
0.0,0.0,0.0,0.0,0.0,0.0,0.0,0.0,0.0,0.0,0.0,0.0,0.0,0.0,0.0,0.0,0.0,0.0,0.0,0.0,0.0,0.0,0.0,0.0,0.0,0.0,0.0,0.0,0.0,0.0,0.0,0.0,0.0,0.0,0.0,0.0,0.0,0.0,0.0,0.0,0.0,0.0,0.0,0.0,0.0,0.0,0.0,0.0,0.0,0.0,0.0,0.0,0.0,0.0,0.0,0.0,0.0,0.0,0.0,0.0,0.0,0.0,0.0,0.8985734581947327,1.0696535110473633,3.32876993525133e-07,0.8230213522911072,1.0463744401931763,-0.03712554648518562,0.7698970437049866,0.9475977420806885,-0.059473369270563126,0.7734464406967163,0.8528235554695129,-0.08677913248538971,0.8284163475036621,0.8282414674758911,-0.10983987152576447,0.8050235509872437,0.7583227157592773,-0.010007946752011776,0.8039367198944092,0.6425411105155945,-0.06793683767318726,0.8149756193161011,0.6009267568588257,-0.10964168608188629,0.8276010751724243,0.6389070749282837,-0.12960129976272583,0.8694140315055847,0.745441734790802,-0.02198326773941517,0.8650141954421997,0.5960713028907776,-0.0964369848370552,0.8706234693527222,0.5924168825149536,-0.14041262865066528,0.8791356086730957,0.6678763031959534,-0.15099060535430908,0.9264911413192749,0.7713358998298645,-0.04109437018632889,0.9501566290855408,0.6854609847068787,-0.10770699381828308,0.947629451751709,0.7976102828979492,-0.10781437903642654,0.9368209838867188,0.8953486084938049,-0.08483798801898956,0.984210193157196,0.8221108913421631,-0.06433238834142685,1.000011682510376,0.8069057464599609,-0.10770516842603683,0.9888744950294495,0.8857157230377197,-0.10372703522443771,0.9737646579742432,0.9491740465164185,-0.08558797836303711,अ
0.0,0.0,0.0,0.0,0.0,0.0,0.0,0.0,0.0,0.0,0.0,0.0,0.0,0.0,0.0,0.0,0.0,0.0,0.0,0.0,0.0,0.0,0.0,0.0,0.0,0.0,0.0,0.0,0.0,0.0,0.0,0.0,0.0,0.0,0.0,0.0,0.0,0.0,0.0,0.0,0.0,0.0,0.0,0.0,0.0,0.0,0.0,0.0,0.0,0.0,0.0,0.0,0.0,0.0,0.0,0.0,0.0,0.0,0.0,0.0,0.0,0.0,0.0,0.9126375913619995,1.0669677257537842,3.9045986000019184e-07,0.8307939171791077,1.0406458377838135,-0.03798798844218254,0.7781667113304138,0.9454660415649414,-0.05894577130675316,0.7827560305595398,0.8541431427001953,-0.08474556356668472,0.8291659355163574,0.8355638980865479,-0.10617151111364365,0.8059147596359253,0.7577382922172546,-0.0011710248654708266,0.7994619607925415,0.6531739234924316,-0.050989095121622086,0.8109193444252014,0.6073824167251587,-0.08889007568359375,0.8272846937179565,0.6329644918441772,-0.10780838131904602,0.8728491067886353,0.7415962815284729,-0.010591608472168446,0.8655323386192322,0.5984325408935547,-0.0786333978176117,0.8688750267028809,0.5861802697181702,-0.12230068445205688,0.87748122215271,0.6491924524307251,-0.1339537650346756,0.9329519867897034,0.76172935962677,-0.027371807023882866,0.9504901170730591,0.6808636784553528,-0.09263233095407486,0.9487663507461548,0.7868239283561707,-0.0980011448264122,0.9415528178215027,0.8865094184875488,-0.07755627483129501,0.995360255241394,0.8059433102607727,-0.04786394163966179,1.00692880153656,0.7722014784812927,-0.09098326414823532,0.999695360660553,0.8411414623260498,-0.08855301141738892,0.9885110855102539,0.9065312743186951,-0.07085490226745605,अ
0.0,0.0,0.0,0.0,0.0,0.0,0.0,0.0,0.0,0.0,0.0,0.0,0.0,0.0,0.0,0.0,0.0,0.0,0.0,0.0,0.0,0.0,0.0,0.0,0.0,0.0,0.0,0.0,0.0,0.0,0.0,0.0,0.0,0.0,0.0,0.0,0.0,0.0,0.0,0.0,0.0,0.0,0.0,0.0,0.0,0.0,0.0,0.0,0.0,0.0,0.0,0.0,0.0,0.0,0.0,0.0,0.0,0.0,0.0,0.0,0.0,0.0,0.0,0.9310131669044495,1.0497022867202759,3.7091953686285706e-07,0.8457047939300537,1.0257200002670288,-0.041132792830467224,0.7818435430526733,0.9448542594909668,-0.06590728461742401,0.779028594493866,0.841968297958374,-0.09405077993869781,0.8428658246994019,0.8204880356788635,-0.11611031740903854,0.8092009425163269,0.7453087568283081,-0.007514201104640961,0.8061009645462036,0.6278277635574341,-0.06220162287354469,0.8194438219070435,0.5856765508651733,-0.10232105851173401,0.8350045084953308,0.6220294237136841,-0.12205386906862259,0.8761847615242004,0.7269763350486755,-0.015007656067609787,0.8687080144882202,0.5792078375816345,-0.08461388945579529,0.8742630481719971,0.5695966482162476,-0.12736164033412933,0.883983850479126,0.6349387168884277,-0.1392975002527237,0.9349398612976074,0.746807336807251,-0.03023957647383213,0.9514850974082947,0.666583776473999,-0.09536927193403244,0.9491032361984253,0.7700201869010925,-0.09732481092214584,0.9431302547454834,0.8669154644012451,-0.0757061243057251,0.9979388117790222,0.7915911078453064,-0.04976198077201843,1.000698447227478,0.7596996426582336,-0.093595951795578,0.9940158128738403,0.8320133686065674,-0.09032859653234482,0.9848723411560059,0.8980077505111694,-0.07243319600820541,अ
0.0,0.0,0.0,0.0,0.0,0.0,0.0,0.0,0.0,0.0,0.0,0.0,0.0,0.0,0.0,0.0,0.0,0.0,0.0,0.0,0.0,0.0,0.0,0.0,0.0,0.0,0.0,0.0,0.0,0.0,0.0,0.0,0.0,0.0,0.0,0.0,0.0,0.0,0.0,0.0,0.0,0.0,0.0,0.0,0.0,0.0,0.0,0.0,0.0,0.0,0.0,0.0,0.0,0.0,0.0,0.0,0.0,0.0,0.0,0.0,0.0,0.0,0.0,0.9206169843673706,1.0551297664642334,4.349022333371977e-07,0.8438965678215027,1.028730869293213,-0.04130113869905472,0.7836686372756958,0.9444559812545776,-0.06695058196783066,0.7824079990386963,0.8445914387702942,-0.09609458595514297,0.8429129123687744,0.811082124710083,-0.11996340751647949,0.8108060359954834,0.751304566860199,-0.017874090000987053,0.8089157938957214,0.6324833035469055,-0.07656853646039963,0.8219689726829529,0.5890921950340271,-0.11907742917537689,0.8383933305740356,0.6219853162765503,-0.13981790840625763,0.8735421299934387,0.7341830730438232,-0.026851139962673187,0.8660085201263428,0.5777778029441833,-0.09968633949756622,0.8718966245651245,0.5660169124603271,-0.1439565122127533,0.8841958045959473,0.6303028464317322,-0.15638858079910278,0.9303995966911316,0.7550477385520935,-0.04270908236503601,0.9520609378814697,0.6672724485397339,-0.10802140831947327,0.9484387040138245,0.7755438089370728,-0.10903698951005936,0.939794659614563,0.8733680844306946,-0.08693807572126389,0.9893925189971924,0.800413966178894,-0.06294865906238556,0.9995547533035278,0.7723166346549988,-0.1043085977435112,0.9912188053131104,0.8426585793495178,-0.09934291243553162,0.9798619747161865,0.9026244878768921,-0.0806947648525238,अ
0.0,0.0,0.0,0.0,0.0,0.0,0.0,0.0,0.0,0.0,0.0,0.0,0.0,0.0,0.0,0.0,0.0,0.0,0.0,0.0,0.0,0.0,0.0,0.0,0.0,0.0,0.0,0.0,0.0,0.0,0.0,0.0,0.0,0.0,0.0,0.0,0.0,0.0,0.0,0.0,0.0,0.0,0.0,0.0,0.0,0.0,0.0,0.0,0.0,0.0,0.0,0.0,0.0,0.0,0.0,0.0,0.0,0.0,0.0,0.0,0.0,0.0,0.0,0.9285879731178284,1.0514051914215088,3.5078355153927987e-07,0.8531190156936646,1.0289912223815918,-0.04119415208697319,0.7900002598762512,0.9473500847816467,-0.06677868962287903,0.7823644876480103,0.853461742401123,-0.09604039043188095,0.8384512066841125,0.8124188184738159,-0.11966461688280106,0.8128591775894165,0.7500314712524414,-0.01838601753115654,0.8097897171974182,0.6268881559371948,-0.07961966842412949,0.8214765787124634,0.5880458950996399,-0.12303178012371063,0.8362464904785156,0.6325977444648743,-0.14270882308483124,0.8777426481246948,0.7330800294876099,-0.026729129254817963,0.8701964020729065,0.5744065642356873,-0.10066190361976624,0.8738085031509399,0.5694535970687866,-0.14462319016456604,0.8829388618469238,0.6450886130332947,-0.15558238327503204,0.9370890855789185,0.7537599802017212,-0.04230571910738945,0.9560827612876892,0.6702591180801392,-0.10766458511352539,0.9516571164131165,0.7760182619094849,-0.1102653443813324,0.9415929913520813,0.8752617835998535,-0.08887079358100891,0.9988291263580322,0.7988560199737549,-0.062119219452142715,1.0066102743148804,0.7773633003234863,-0.10310407727956772,0.9978911876678467,0.8444821834564209,-0.09948267787694931,0.9850898385047913,0.9041757583618164,-0.08155060559511185,अ
0.0,0.0,0.0,0.0,0.0,0.0,0.0,0.0,0.0,0.0,0.0,0.0,0.0,0.0,0.0,0.0,0.0,0.0,0.0,0.0,0.0,0.0,0.0,0.0,0.0,0.0,0.0,0.0,0.0,0.0,0.0,0.0,0.0,0.0,0.0,0.0,0.0,0.0,0.0,0.0,0.0,0.0,0.0,0.0,0.0,0.0,0.0,0.0,0.0,0.0,0.0,0.0,0.0,0.0,0.0,0.0,0.0,0.0,0.0,0.0,0.0,0.0,0.0,0.9310980439186096,1.0382024049758911,3.925553642147861e-07,0.8518129587173462,1.0235286951065063,-0.04677718132734299,0.7853615880012512,0.9408965110778809,-0.07572434097528458,0.779153048992157,0.8390377759933472,-0.10691838711500168,0.8391650915145874,0.8106598258018494,-0.1327802985906601,0.8103439211845398,0.7409818172454834,-0.021144364029169083,0.8074254393577576,0.6181649565696716,-0.07780763506889343,0.8180032968521118,0.5811335444450378,-0.11689812690019608,0.8340515494346619,0.6223956942558289,-0.13425609469413757,0.8765217065811157,0.7217426896095276,-0.025560608133673668,0.8680411577224731,0.5696165561676025,-0.09534908831119537,0.8694826364517212,0.5578336715698242,-0.13546425104141235,0.8804536461830139,0.6272927522659302,-0.14453481137752533,0.9357160329818726,0.739371657371521,-0.03776535391807556,0.9468454122543335,0.6644905805587769,-0.10307585448026657,0.9457055330276489,0.770423948764801,-0.10577788949012756,0.9433848261833191,0.8695810437202454,-0.08379614353179932,0.9976323246955872,0.7795079946517944,-0.05428924039006233,0.9956875443458557,0.7482851147651672,-0.0974753201007843,0.9915794134140015,0.8270920515060425,-0.09390997141599655,0.9872549772262573,0.8984615802764893,-0.07542344927787781,अ
0.0,0.0,0.0,0.0,0.0,0.0,0.0,0.0,0.0,0.0,0.0,0.0,0.0,0.0,0.0,0.0,0.0,0.0,0.0,0.0,0.0,0.0,0.0,0.0,0.0,0.0,0.0,0.0,0.0,0.0,0.0,0.0,0.0,0.0,0.0,0.0,0.0,0.0,0.0,0.0,0.0,0.0,0.0,0.0,0.0,0.0,0.0,0.0,0.0,0.0,0.0,0.0,0.0,0.0,0.0,0.0,0.0,0.0,0.0,0.0,0.0,0.0,0.0,0.925523042678833,1.0487555265426636,4.243264584147255e-07,0.8496533632278442,1.0287750959396362,-0.04439650475978851,0.7846042513847351,0.9404330253601074,-0.07261613756418228,0.7786250114440918,0.8393476009368896,-0.10388264060020447,0.839658796787262,0.8086108565330505,-0.12984217703342438,0.8122814297676086,0.7440088987350464,-0.022102175280451775,0.8089945912361145,0.6257556676864624,-0.08241275697946548,0.8202345967292786,0.582721471786499,-0.1252926141023636,0.8366215229034424,0.6186701059341431,-0.14583177864551544,0.8806365132331848,0.7253881692886353,-0.029864778742194176,0.8693103194236755,0.5713121891021729,-0.10557078570127487,0.8730746507644653,0.5640757083892822,-0.14972977340221405,0.8856674432754517,0.6371686458587646,-0.16066285967826843,0.943282961845398,0.7440391778945923,-0.044738225638866425,0.9557805061340332,0.6608232259750366,-0.11296803504228592,0.9524980187416077,0.7759236693382263,-0.11212573200464249,0.9457181692123413,0.879612147808075,-0.08731170743703842,1.008522868156433,0.7860877513885498,-0.06404703855514526,1.0112199783325195,0.7576127648353577,-0.10781489312648773,1.0027192831039429,0.8384076356887817,-0.10137452185153961,0.9929395914077759,0.9070178866386414,-0.08057726919651031,अ
0.0,0.0,0.0,0.0,0.0,0.0,0.0,0.0,0.0,0.0,0.0,0.0,0.0,0.0,0.0,0.0,0.0,0.0,0.0,0.0,0.0,0.0,0.0,0.0,0.0,0.0,0.0,0.0,0.0,0.0,0.0,0.0,0.0,0.0,0.0,0.0,0.0,0.0,0.0,0.0,0.0,0.0,0.0,0.0,0.0,0.0,0.0,0.0,0.0,0.0,0.0,0.0,0.0,0.0,0.0,0.0,0.0,0.0,0.0,0.0,0.0,0.0,0.0,0.9293752908706665,1.0586216449737549,3.501328649235802e-07,0.8530436754226685,1.033098816871643,-0.040657948702573776,0.7918366193771362,0.9518402218818665,-0.06527550518512726,0.7787213325500488,0.850562334060669,-0.09334936738014221,0.8248036503791809,0.8055436015129089,-0.11575400829315186,0.8135597109794617,0.7551714777946472,-0.011853513307869434,0.8090054392814636,0.6348010301589966,-0.06740550696849823,0.8197683691978455,0.5868558883666992,-0.10720092058181763,0.8332198858261108,0.6203749775886536,-0.12561650574207306,0.877444326877594,0.7379923462867737,-0.02017817832529545,0.8693997859954834,0.5791645050048828,-0.08968012779951096,0.8749306201934814,0.5674221515655518,-0.1316390484571457,0.8836874961853027,0.6366592645645142,-0.1422790288925171,0.9344401955604553,0.7586409449577332,-0.035724323242902756,0.9558819532394409,0.667375385761261,-0.10043920576572418,0.9550145864486694,0.7679194808006287,-0.10239755362272263,0.9477501511573792,0.8648655414581299,-0.08106211572885513,0.9949755668640137,0.8058342933654785,-0.05528133362531662,1.0044974088668823,0.7707227468490601,-0.09753800928592682,0.9976576566696167,0.8403744697570801,-0.09329697489738464,0.9857734441757202,0.9053091406822205,-0.07505238801240921,अ
0.0,0.0,0.0,0.0,0.0,0.0,0.0,0.0,0.0,0.0,0.0,0.0,0.0,0.0,0.0,0.0,0.0,0.0,0.0,0.0,0.0,0.0,0.0,0.0,0.0,0.0,0.0,0.0,0.0,0.0,0.0,0.0,0.0,0.0,0.0,0.0,0.0,0.0,0.0,0.0,0.0,0.0,0.0,0.0,0.0,0.0,0.0,0.0,0.0,0.0,0.0,0.0,0.0,0.0,0.0,0.0,0.0,0.0,0.0,0.0,0.0,0.0,0.0,0.9422657489776611,1.0475322008132935,4.443537306997314e-07,0.860130250453949,1.0284900665283203,-0.042800422757864,0.7931294441223145,0.9481791257858276,-0.07124335318803787,0.7802940011024475,0.8489378690719604,-0.10360240936279297,0.8399785161018372,0.8135420680046082,-0.13063408434391022,0.8185402154922485,0.7479007244110107,-0.016880959272384644,0.8126629590988159,0.6297011375427246,-0.07491966336965561,0.8220105767250061,0.5864508152008057,-0.1166485920548439,0.8386616110801697,0.6205139756202698,-0.13659486174583435,0.884685754776001,0.7300078868865967,-0.02468169294297695,0.8773422837257385,0.5786374807357788,-0.09800030291080475,0.8777226805686951,0.5650243163108826,-0.14186042547225952,0.887538731098175,0.631428599357605,-0.1531563699245453,0.946361780166626,0.74845290184021,-0.039747100323438644,0.9614210724830627,0.6657208800315857,-0.1049760952591896,0.9581143856048584,0.7762896418571472,-0.10530535876750946,0.9521842002868652,0.8789196610450745,-0.08161532878875732,1.0119166374206543,0.7894309163093567,-0.05921429768204689,1.017714023590088,0.7580524682998657,-0.09987608343362808,1.008565902709961,0.8327605128288269,-0.09411519765853882,0.997075080871582,0.9003345370292664,-0.0741858258843422,अ
0.0,0.0,0.0,0.0,0.0,0.0,0.0,0.0,0.0,0.0,0.0,0.0,0.0,0.0,0.0,0.0,0.0,0.0,0.0,0.0,0.0,0.0,0.0,0.0,0.0,0.0,0.0,0.0,0.0,0.0,0.0,0.0,0.0,0.0,0.0,0.0,0.0,0.0,0.0,0.0,0.0,0.0,0.0,0.0,0.0,0.0,0.0,0.0,0.0,0.0,0.0,0.0,0.0,0.0,0.0,0.0,0.0,0.0,0.0,0.0,0.0,0.0,0.0,0.9187458157539368,1.0571057796478271,3.5548126220419363e-07,0.8469980955123901,1.0317888259887695,-0.03894379362463951,0.7886008620262146,0.9461676478385925,-0.06314022839069366,0.7842679023742676,0.8542966246604919,-0.09132160991430283,0.8363597393035889,0.8110483288764954,-0.11408017575740814,0.8144730925559998,0.752201497554779,-0.012248214334249496,0.8134904503822327,0.6300614476203918,-0.06754820793867111,0.8230984807014465,0.5904527306556702,-0.10693289339542389,0.8348252773284912,0.6295852661132812,-0.12481554597616196,0.8793810606002808,0.738222062587738,-0.021382030099630356,0.8760831356048584,0.5844827890396118,-0.08829554915428162,0.8771435618400574,0.5682342052459717,-0.1288883090019226,0.8813062310218811,0.6294597387313843,-0.13963176310062408,0.9373598098754883,0.7619712948799133,-0.038013942539691925,0.9593061804771423,0.6755107641220093,-0.10062151402235031,0.9552538394927979,0.7757896780967712,-0.10331983864307404,0.9467617869377136,0.8710778951644897,-0.08335251361131668,0.9963535666465759,0.8104100227355957,-0.05853767320513725,1.0034406185150146,0.7833137512207031,-0.09930643439292908,0.9925558567047119,0.8493569493293762,-0.09592632949352264,0.9798855781555176,0.9081321358680725,-0.07900405675172806,अ
0.0,0.0,0.0,0.0,0.0,0.0,0.0,0.0,0.0,0.0,0.0,0.0,0.0,0.0,0.0,0.0,0.0,0.0,0.0,0.0,0.0,0.0,0.0,0.0,0.0,0.0,0.0,0.0,0.0,0.0,0.0,0.0,0.0,0.0,0.0,0.0,0.0,0.0,0.0,0.0,0.0,0.0,0.0,0.0,0.0,0.0,0.0,0.0,0.0,0.0,0.0,0.0,0.0,0.0,0.0,0.0,0.0,0.0,0.0,0.0,0.0,0.0,0.0,0.9192448258399963,1.057729959487915,3.19135779136559e-07,0.8451269865036011,1.033676266670227,-0.039628006517887115,0.7852036952972412,0.9465735554695129,-0.06261741369962692,0.7812522649765015,0.8465425372123718,-0.08928105980157852,0.8358369469642639,0.8072364330291748,-0.11121542751789093,0.8138835430145264,0.7527639269828796,-0.011043955571949482,0.810554027557373,0.6350808143615723,-0.06617505848407745,0.8219442367553711,0.5880473852157593,-0.10585125535726547,0.8361632227897644,0.622810423374176,-0.1241006851196289,0.8802011609077454,0.73490309715271,-0.019114594906568527,0.8741896748542786,0.578007161617279,-0.088153176009655,0.8788120150566101,0.568829357624054,-0.129039004445076,0.8866511583328247,0.6428447961807251,-0.13811032474040985,0.939761757850647,0.75523841381073,-0.03443683311343193,0.9570719599723816,0.6668813824653625,-0.09849308431148529,0.9540720582008362,0.7690863609313965,-0.09946132451295853,0.9475415945053101,0.8666653037071228,-0.07674553245306015,1.002403974533081,0.8019534945487976,-0.05362493917346001,1.0075323581695557,0.764738917350769,-0.0945599228143692,0.9996767044067383,0.8336674571037292,-0.08904699236154556,0.9902371168136597,0.8968915939331055,-0.06967119872570038,अ
0.0,0.0,0.0,0.0,0.0,0.0,0.0,0.0,0.0,0.0,0.0,0.0,0.0,0.0,0.0,0.0,0.0,0.0,0.0,0.0,0.0,0.0,0.0,0.0,0.0,0.0,0.0,0.0,0.0,0.0,0.0,0.0,0.0,0.0,0.0,0.0,0.0,0.0,0.0,0.0,0.0,0.0,0.0,0.0,0.0,0.0,0.0,0.0,0.0,0.0,0.0,0.0,0.0,0.0,0.0,0.0,0.0,0.0,0.0,0.0,0.0,0.0,0.0,0.9395633339881897,1.0425046682357788,4.3531809978958336e-07,0.8570953011512756,1.0237067937850952,-0.04478348419070244,0.7886860966682434,0.9439432621002197,-0.07201942056417465,0.7765112519264221,0.8415696620941162,-0.10175451636314392,0.8350751996040344,0.8091797828674316,-0.12540633976459503,0.8116633296012878,0.7417418360710144,-0.01750820130109787,0.8091053366661072,0.6241044998168945,-0.07411801815032959,0.8195062875747681,0.5815305709838867,-0.11512485146522522,0.8347598910331726,0.612369179725647,-0.135323166847229,0.8754459023475647,0.7278536558151245,-0.023854147642850876,0.8723639845848083,0.5842519998550415,-0.09385235607624054,0.8743398785591125,0.5642853379249573,-0.13649605214595795,0.8821046948432922,0.6158139109611511,-0.14939837157726288,0.9321871399879456,0.7496339678764343,-0.037857577204704285,0.9510408043861389,0.6722373366355896,-0.1031830906867981,0.9464965462684631,0.7795111536979675,-0.10412714630365372,0.9393425583839417,0.8768709897994995,-0.08248818665742874,0.9902744293212891,0.7935670018196106,-0.056468866765499115,0.9926431775093079,0.7714589834213257,-0.09978245943784714,0.9845867156982422,0.8459906578063965,-0.09602712094783783,0.9752972722053528,0.9092166423797607,-0.07827883213758469,अ
0.0,0.0,0.0,0.0,0.0,0.0,0.0,0.0,0.0,0.0,0.0,0.0,0.0,0.0,0.0,0.0,0.0,0.0,0.0,0.0,0.0,0.0,0.0,0.0,0.0,0.0,0.0,0.0,0.0,0.0,0.0,0.0,0.0,0.0,0.0,0.0,0.0,0.0,0.0,0.0,0.0,0.0,0.0,0.0,0.0,0.0,0.0,0.0,0.0,0.0,0.0,0.0,0.0,0.0,0.0,0.0,0.0,0.0,0.0,0.0,0.0,0.0,0.0,0.9172300696372986,1.0568562746047974,3.511214288209885e-07,0.8371964693069458,1.0330020189285278,-0.0391952246427536,0.7782862186431885,0.9430108070373535,-0.06261055916547775,0.7765065431594849,0.84508216381073,-0.08965420722961426,0.8317373394966125,0.8172245025634766,-0.11168991774320602,0.8097143769264221,0.7458638548851013,-0.012181183323264122,0.8089437484741211,0.6277776956558228,-0.06716641783714294,0.8208972811698914,0.5866715908050537,-0.10721463710069656,0.8346755504608154,0.6228920817375183,-0.12692700326442719,0.8749383091926575,0.7347873449325562,-0.021765215322375298,0.8700171709060669,0.584409236907959,-0.09127489477396011,0.8754964470863342,0.5784898996353149,-0.13408461213111877,0.8852145671844482,0.6448856592178345,-0.14601992070674896,0.9328596591949463,0.7622365355491638,-0.038350339978933334,0.955114483833313,0.6736151576042175,-0.1032433807849884,0.9480343461036682,0.7791115045547485,-0.1069057434797287,0.936869204044342,0.8748824000358582,-0.08741320669651031,0.9928616285324097,0.8144547343254089,-0.05872558057308197,0.9984786510467529,0.7953410148620605,-0.10326354950666428,0.9846541881561279,0.866039514541626,-0.10246838629245758,0.9683783054351807,0.9260127544403076,-0.0868968814611435,अ
0.0,0.0,0.0,0.0,0.0,0.0,0.0,0.0,0.0,0.0,0.0,0.0,0.0,0.0,0.0,0.0,0.0,0.0,0.0,0.0,0.0,0.0,0.0,0.0,0.0,0.0,0.0,0.0,0.0,0.0,0.0,0.0,0.0,0.0,0.0,0.0,0.0,0.0,0.0,0.0,0.0,0.0,0.0,0.0,0.0,0.0,0.0,0.0,0.0,0.0,0.0,0.0,0.0,0.0,0.0,0.0,0.0,0.0,0.0,0.0,0.0,0.0,0.0,0.9170362949371338,1.0457247495651245,3.3203806992787577e-07,0.8367711305618286,1.0157630443572998,-0.03782545030117035,0.776800274848938,0.9421887993812561,-0.061416104435920715,0.769528865814209,0.8438120484352112,-0.08884137123823166,0.8305109739303589,0.8116808533668518,-0.10980184376239777,0.8083524107933044,0.744388222694397,-0.006245785858482122,0.8072713017463684,0.6256643533706665,-0.060853805392980576,0.8189814686775208,0.5859647989273071,-0.10016205906867981,0.8323959708213806,0.6228111386299133,-0.11975287646055222,0.8731337189674377,0.7318837642669678,-0.016833053901791573,0.8698630928993225,0.5797959566116333,-0.08679047971963882,0.8740009665489197,0.5798488259315491,-0.1284761130809784,0.8812896013259888,0.650242269039154,-0.13985198736190796,0.9276618361473083,0.759684145450592,-0.03459883853793144,0.9503709673881531,0.6745809316635132,-0.09653735160827637,0.9442591667175293,0.7801365256309509,-0.0917631983757019,0.9348334074020386,0.8697673082351685,-0.06741870939731598,0.9848823547363281,0.8126146197319031,-0.05677851289510727,0.9891836643218994,0.7856853008270264,-0.09603919833898544,0.9796117544174194,0.8566287159919739,-0.08779025077819824,0.9687485694885254,0.9122138023376465,-0.0677284225821495,अ
0.0,0.0,0.0,0.0,0.0,0.0,0.0,0.0,0.0,0.0,0.0,0.0,0.0,0.0,0.0,0.0,0.0,0.0,0.0,0.0,0.0,0.0,0.0,0.0,0.0,0.0,0.0,0.0,0.0,0.0,0.0,0.0,0.0,0.0,0.0,0.0,0.0,0.0,0.0,0.0,0.0,0.0,0.0,0.0,0.0,0.0,0.0,0.0,0.0,0.0,0.0,0.0,0.0,0.0,0.0,0.0,0.0,0.0,0.0,0.0,0.0,0.0,0.0,0.9218623042106628,1.0474287271499634,3.3262546139667393e-07,0.839988112449646,1.024421215057373,-0.03958358243107796,0.7769725918769836,0.9430877566337585,-0.06352400779724121,0.7737781405448914,0.8439424633979797,-0.090827077627182,0.8347291946411133,0.8138899207115173,-0.1124105453491211,0.808132529258728,0.7441872358322144,-0.01256103627383709,0.8050278425216675,0.626328706741333,-0.06968428194522858,0.8175398111343384,0.5847536325454712,-0.1109965443611145,0.8318734169006348,0.6223108768463135,-0.13125737011432648,0.8729773163795471,0.7311872243881226,-0.022019846364855766,0.8695606589317322,0.5794280171394348,-0.09417293965816498,0.8744809031486511,0.5779227018356323,-0.13728298246860504,0.881828248500824,0.6491541862487793,-0.14862224459648132,0.9298909902572632,0.756749153137207,-0.038540128618478775,0.95057213306427,0.6740727424621582,-0.10353595018386841,0.9440816640853882,0.7825102806091309,-0.10289904475212097,0.9332795739173889,0.8760565519332886,-0.07998278737068176,0.9890357851982117,0.807987630367279,-0.059212636202573776,0.9918054938316345,0.7835904359817505,-0.10106877237558365,0.9798440933227539,0.8565876483917236,-0.0955844521522522,0.9662621021270752,0.9157507419586182,-0.07666640728712082,अ
0.0,0.0,0.0,0.0,0.0,0.0,0.0,0.0,0.0,0.0,0.0,0.0,0.0,0.0,0.0,0.0,0.0,0.0,0.0,0.0,0.0,0.0,0.0,0.0,0.0,0.0,0.0,0.0,0.0,0.0,0.0,0.0,0.0,0.0,0.0,0.0,0.0,0.0,0.0,0.0,0.0,0.0,0.0,0.0,0.0,0.0,0.0,0.0,0.0,0.0,0.0,0.0,0.0,0.0,0.0,0.0,0.0,0.0,0.0,0.0,0.0,0.0,0.0,0.9263089895248413,1.0450986623764038,2.3966751427906274e-07,0.8488679528236389,1.0311594009399414,-0.03420552611351013,0.7830478549003601,0.9525933265686035,-0.05460912734270096,0.7697715163230896,0.8565009236335754,-0.07943516224622726,0.8269767761230469,0.816353976726532,-0.09831814467906952,0.8096425533294678,0.7523633241653442,-0.0062350062653422356,0.8087180852890015,0.6270492672920227,-0.059194281697273254,0.8188641667366028,0.5870917439460754,-0.0946650579571724,0.8265690207481384,0.627612292766571,-0.11008670181035995,0.8734103441238403,0.7377479672431946,-0.01676703430712223,0.8690950870513916,0.578179121017456,-0.08279626071453094,0.8718804121017456,0.5755099654197693,-0.11871714890003204,0.8747273683547974,0.6494592428207397,-0.12502756714820862,0.9301275610923767,0.7623364925384521,-0.0344567745923996,0.9485337138175964,0.6789643168449402,-0.0932208001613617,0.9465830326080322,0.7838824391365051,-0.08750490844249725,0.9394729733467102,0.8731476664543152,-0.06242024898529053,0.989753782749176,0.811661958694458,-0.05605880916118622,0.994825005531311,0.7865568995475769,-0.0931987315416336,0.9869935512542725,0.8572052121162415,-0.08542075008153915,0.97698974609375,0.9130066633224487,-0.06583753973245621,अ
0.0,0.0,0.0,0.0,0.0,0.0,0.0,0.0,0.0,0.0,0.0,0.0,0.0,0.0,0.0,0.0,0.0,0.0,0.0,0.0,0.0,0.0,0.0,0.0,0.0,0.0,0.0,0.0,0.0,0.0,0.0,0.0,0.0,0.0,0.0,0.0,0.0,0.0,0.0,0.0,0.0,0.0,0.0,0.0,0.0,0.0,0.0,0.0,0.0,0.0,0.0,0.0,0.0,0.0,0.0,0.0,0.0,0.0,0.0,0.0,0.0,0.0,0.0,0.9331760406494141,1.0543237924575806,3.4566568274385645e-07,0.8496246933937073,1.0319511890411377,-0.036851976066827774,0.7830984592437744,0.9463806748390198,-0.05853796377778053,0.7738027572631836,0.8401533961296082,-0.0846211239695549,0.8330609798431396,0.808671772480011,-0.10506026446819305,0.8111087083816528,0.7472649216651917,-0.006080597173422575,0.8056653738021851,0.6267865896224976,-0.06058751046657562,0.8173341155052185,0.5846076607704163,-0.10176999866962433,0.8315920829772949,0.6214352250099182,-0.12228258699178696,0.8759143352508545,0.7351819276809692,-0.015990473330020905,0.8708333969116211,0.5840762853622437,-0.08463946729898453,0.87535160779953,0.5738646984100342,-0.12877820432186127,0.883128821849823,0.6416999101638794,-0.1421184241771698,0.9334827065467834,0.7597536444664001,-0.03287548944354057,0.9517874717712402,0.6740587949752808,-0.09462857991456985,0.9467532634735107,0.7815208435058594,-0.09466928988695145,0.9374517798423767,0.8804279565811157,-0.07289635390043259,0.9933446645736694,0.8078574538230896,-0.05391300469636917,0.9948322772979736,0.7787853479385376,-0.09307689964771271,0.9857258796691895,0.8512605428695679,-0.08711118251085281,0.9749544262886047,0.9140263199806213,-0.0682714655995369,अ
0.0,0.0,0.0,0.0,0.0,0.0,0.0,0.0,0.0,0.0,0.0,0.0,0.0,0.0,0.0,0.0,0.0,0.0,0.0,0.0,0.0,0.0,0.0,0.0,0.0,0.0,0.0,0.0,0.0,0.0,0.0,0.0,0.0,0.0,0.0,0.0,0.0,0.0,0.0,0.0,0.0,0.0,0.0,0.0,0.0,0.0,0.0,0.0,0.0,0.0,0.0,0.0,0.0,0.0,0.0,0.0,0.0,0.0,0.0,0.0,0.0,0.0,0.0,0.9323824644088745,1.045790672302246,3.7427815868795733e-07,0.8521410822868347,1.0258458852767944,-0.043414268642663956,0.785178542137146,0.952826976776123,-0.07118579000234604,0.7667801380157471,0.8533861041069031,-0.1015426442027092,0.82219398021698,0.8108536601066589,-0.1264733225107193,0.8130201697349548,0.7418274283409119,-0.017331739887595177,0.8122614622116089,0.6299083232879639,-0.0690266340970993,0.820042610168457,0.5880438685417175,-0.10636238008737564,0.8300775289535522,0.6080390214920044,-0.1256125271320343,0.8769116997718811,0.7295912504196167,-0.025077827274799347,0.8713618516921997,0.5836817026138306,-0.09103263914585114,0.8691679835319519,0.5726523399353027,-0.12962956726551056,0.8733736872673035,0.6253833770751953,-0.13988935947418213,0.9368064999580383,0.7537003755569458,-0.03991064801812172,0.9501345157623291,0.6750527620315552,-0.10373329371213913,0.9453837871551514,0.7831284403800964,-0.10320672392845154,0.9390448331832886,0.8770674467086792,-0.08053763210773468,0.9978786706924438,0.8012475371360779,-0.058838989585638046,0.9976037740707397,0.7628807425498962,-0.10157451778650284,0.9889345169067383,0.837742269039154,-0.09552018344402313,0.9803258180618286,0.9026000499725342,-0.07608383893966675,अ
0.0,0.0,0.0,0.0,0.0,0.0,0.0,0.0,0.0,0.0,0.0,0.0,0.0,0.0,0.0,0.0,0.0,0.0,0.0,0.0,0.0,0.0,0.0,0.0,0.0,0.0,0.0,0.0,0.0,0.0,0.0,0.0,0.0,0.0,0.0,0.0,0.0,0.0,0.0,0.0,0.0,0.0,0.0,0.0,0.0,0.0,0.0,0.0,0.0,0.0,0.0,0.0,0.0,0.0,0.0,0.0,0.0,0.0,0.0,0.0,0.0,0.0,0.0,0.9405390620231628,1.0456634759902954,3.862470236981608e-07,0.8564572930335999,1.031419038772583,-0.04244565591216087,0.7856854200363159,0.9521117210388184,-0.06861098110675812,0.7696687579154968,0.8458048105239868,-0.09783561527729034,0.8289074301719666,0.8051402568817139,-0.12125469744205475,0.8094844818115234,0.7488335967063904,-0.01593220978975296,0.8084830641746521,0.6276863813400269,-0.0726584643125534,0.8193681836128235,0.5827775597572327,-0.11263522505760193,0.8331721425056458,0.6129781007766724,-0.13205678761005402,0.8738259673118591,0.7314593195915222,-0.02374567836523056,0.8702630996704102,0.5782109498977661,-0.09517417848110199,0.8734874725341797,0.5696869492530823,-0.13672542572021484,0.8817878365516663,0.6350122690200806,-0.1469811350107193,0.9311308264732361,0.7514241337776184,-0.038764189928770065,0.9494015574455261,0.6700262427330017,-0.10471531748771667,0.945042073726654,0.7794694900512695,-0.10354495048522949,0.9382269382476807,0.8763537406921387,-0.0796630010008812,0.9914254546165466,0.7954274415969849,-0.05808263272047043,0.9925114512443542,0.7760397791862488,-0.10254672169685364,0.984849750995636,0.8523200154304504,-0.09818338602781296,0.976076066493988,0.9162375330924988,-0.07904486358165741,अ
0.0,0.0,0.0,0.0,0.0,0.0,0.0,0.0,0.0,0.0,0.0,0.0,0.0,0.0,0.0,0.0,0.0,0.0,0.0,0.0,0.0,0.0,0.0,0.0,0.0,0.0,0.0,0.0,0.0,0.0,0.0,0.0,0.0,0.0,0.0,0.0,0.0,0.0,0.0,0.0,0.0,0.0,0.0,0.0,0.0,0.0,0.0,0.0,0.0,0.0,0.0,0.0,0.0,0.0,0.0,0.0,0.0,0.0,0.0,0.0,0.0,0.0,0.0,0.9154024720191956,1.0538535118103027,3.492590963105613e-07,0.8373690843582153,1.0297728776931763,-0.036376193165779114,0.7785402536392212,0.944098949432373,-0.05876072123646736,0.777726948261261,0.8449105024337769,-0.0852992832660675,0.8346233367919922,0.8117005228996277,-0.10700849443674088,0.8122109770774841,0.7497098445892334,-0.012097525410354137,0.8114259839057922,0.6342262625694275,-0.06585510820150375,0.820509135723114,0.5904350280761719,-0.10508517920970917,0.8317301273345947,0.6187843680381775,-0.12491299211978912,0.8782263398170471,0.7364040613174438,-0.023290900513529778,0.8727434873580933,0.5887869596481323,-0.09167903661727905,0.875192403793335,0.5761052370071411,-0.13327699899673462,0.8828750848770142,0.6350196003913879,-0.14518220722675323,0.9380242824554443,0.7620949149131775,-0.04098346456885338,0.9547846913337708,0.6752746105194092,-0.10640764981508255,0.9495189189910889,0.7863122820854187,-0.10655160993337631,0.9420871734619141,0.8836185932159424,-0.08432206511497498,0.9996575117111206,0.8127403855323792,-0.06223925203084946,1.0046347379684448,0.7853423953056335,-0.10766661167144775,0.9937760233879089,0.859155535697937,-0.10368939489126205,0.9828093647956848,0.9207990169525146,-0.08530296385288239,अ
0.0,0.0,0.0,0.0,0.0,0.0,0.0,0.0,0.0,0.0,0.0,0.0,0.0,0.0,0.0,0.0,0.0,0.0,0.0,0.0,0.0,0.0,0.0,0.0,0.0,0.0,0.0,0.0,0.0,0.0,0.0,0.0,0.0,0.0,0.0,0.0,0.0,0.0,0.0,0.0,0.0,0.0,0.0,0.0,0.0,0.0,0.0,0.0,0.0,0.0,0.0,0.0,0.0,0.0,0.0,0.0,0.0,0.0,0.0,0.0,0.0,0.0,0.0,0.9401925802230835,1.0387117862701416,4.4660262688012153e-07,0.8596223592758179,1.0243921279907227,-0.04503003507852554,0.7882709503173828,0.9455536603927612,-0.07450281083583832,0.7707788944244385,0.8417367339134216,-0.10681957751512527,0.8333606719970703,0.8055720329284668,-0.13331390917301178,0.8156315088272095,0.7417863607406616,-0.0226536076515913,0.8104511499404907,0.6209204792976379,-0.08060756325721741,0.8207672834396362,0.5805015563964844,-0.12175978720188141,0.8349059224128723,0.6121819615364075,-0.14212371408939362,0.8822214007377625,0.7273312211036682,-0.03041868470609188,0.8733938932418823,0.5761975646018982,-0.10280466824769974,0.8742372393608093,0.5609962940216064,-0.14542704820632935,0.8832563161849976,0.6214079260826111,-0.1575796902179718,0.9427883625030518,0.749854564666748,-0.04544030874967575,0.9529286623001099,0.6697815656661987,-0.1124124675989151,0.9472788572311401,0.7799892425537109,-0.11134228855371475,0.9402269124984741,0.879765510559082,-0.08768618851900101,1.0047264099121094,0.792983889579773,-0.06494498252868652,1.0042791366577148,0.7589930891990662,-0.1096656322479248,0.9953101277351379,0.8364899158477783,-0.10376263409852982,0.9846675992012024,0.9053924083709717,-0.08397404104471207,अ
0.0,0.0,0.0,0.0,0.0,0.0,0.0,0.0,0.0,0.0,0.0,0.0,0.0,0.0,0.0,0.0,0.0,0.0,0.0,0.0,0.0,0.0,0.0,0.0,0.0,0.0,0.0,0.0,0.0,0.0,0.0,0.0,0.0,0.0,0.0,0.0,0.0,0.0,0.0,0.0,0.0,0.0,0.0,0.0,0.0,0.0,0.0,0.0,0.0,0.0,0.0,0.0,0.0,0.0,0.0,0.0,0.0,0.0,0.0,0.0,0.0,0.0,0.0,0.9324796199798584,1.0477041006088257,3.705204392190353e-07,0.8532514572143555,1.0288896560668945,-0.039873745292425156,0.7860687971115112,0.9474191069602966,-0.06546825915575027,0.7713518738746643,0.8461914658546448,-0.09474842250347137,0.8284658193588257,0.8070451021194458,-0.11817865818738937,0.812599778175354,0.742831826210022,-0.013622024096548557,0.8097336888313293,0.622869610786438,-0.06997576355934143,0.8188672661781311,0.5814075469970703,-0.11023688316345215,0.8325463533401489,0.6195902824401855,-0.1294209510087967,0.8799893260002136,0.7316274046897888,-0.022874433547258377,0.8729389905929565,0.5801695585250854,-0.09303802996873856,0.8741059303283691,0.5682455897331238,-0.1350715458393097,0.881783127784729,0.6337714195251465,-0.1463167369365692,0.9406107068061829,0.7575874924659729,-0.03926229476928711,0.9529584646224976,0.674514651298523,-0.10331379622220993,0.9468375444412231,0.7815633416175842,-0.10216503590345383,0.9389245510101318,0.8790268898010254,-0.07909311354160309,1.003933310508728,0.805806040763855,-0.05967395380139351,1.0029373168945312,0.7789216637611389,-0.10150740295648575,0.9917154312133789,0.8532165288925171,-0.0953320786356926,0.9799320101737976,0.9171317219734192,-0.07575342059135437,अ
0.0,0.0,0.0,0.0,0.0,0.0,0.0,0.0,0.0,0.0,0.0,0.0,0.0,0.0,0.0,0.0,0.0,0.0,0.0,0.0,0.0,0.0,0.0,0.0,0.0,0.0,0.0,0.0,0.0,0.0,0.0,0.0,0.0,0.0,0.0,0.0,0.0,0.0,0.0,0.0,0.0,0.0,0.0,0.0,0.0,0.0,0.0,0.0,0.0,0.0,0.0,0.0,0.0,0.0,0.0,0.0,0.0,0.0,0.0,0.0,0.0,0.0,0.0,0.9180879592895508,1.0602680444717407,3.5657191688187595e-07,0.8422835469245911,1.032383918762207,-0.034625131636857986,0.784583330154419,0.9480739235877991,-0.0573292002081871,0.7755030393600464,0.8470993041992188,-0.08463601768016815,0.8247332572937012,0.8159939646720886,-0.10637766867876053,0.8094179630279541,0.7456763982772827,-0.004116408992558718,0.806938648223877,0.6297226548194885,-0.05718109756708145,0.8188270330429077,0.5876376628875732,-0.09590975195169449,0.8340054154396057,0.6222544312477112,-0.11438370496034622,0.8757727146148682,0.7324011921882629,-0.016106437891721725,0.8696821331977844,0.578377366065979,-0.08298469334840775,0.8739529848098755,0.5706484317779541,-0.12249249219894409,0.8839980363845825,0.638288676738739,-0.131692036986351,0.935938835144043,0.7572680711746216,-0.03509695455431938,0.9518771767616272,0.6726197600364685,-0.09659183025360107,0.9457045793533325,0.7834326028823853,-0.09320500493049622,0.9381776452064514,0.880744218826294,-0.06863235682249069,0.9989451766014099,0.8074413537979126,-0.05790826678276062,1.00050950050354,0.7768726348876953,-0.09685874730348587,0.9903061389923096,0.8511765003204346,-0.08811194449663162,0.9809845089912415,0.9135528206825256,-0.06686372309923172,अ
0.0,0.0,0.0,0.0,0.0,0.0,0.0,0.0,0.0,0.0,0.0,0.0,0.0,0.0,0.0,0.0,0.0,0.0,0.0,0.0,0.0,0.0,0.0,0.0,0.0,0.0,0.0,0.0,0.0,0.0,0.0,0.0,0.0,0.0,0.0,0.0,0.0,0.0,0.0,0.0,0.0,0.0,0.0,0.0,0.0,0.0,0.0,0.0,0.0,0.0,0.0,0.0,0.0,0.0,0.0,0.0,0.0,0.0,0.0,0.0,0.0,0.0,0.0,0.9086769819259644,1.0553597211837769,2.6978102596331155e-07,0.8315215110778809,1.0285208225250244,-0.03391135111451149,0.7720314860343933,0.9365044832229614,-0.054110266268253326,0.7707800269126892,0.8425575494766235,-0.07936232537031174,0.8284878134727478,0.8145616054534912,-0.10004660487174988,0.8092117309570312,0.743267834186554,-0.009621743112802505,0.8091767430305481,0.6191772222518921,-0.06485182791948318,0.8191413879394531,0.5826284885406494,-0.10287307947874069,0.8304636478424072,0.6277687549591064,-0.12033051252365112,0.8740798830986023,0.7327398061752319,-0.02186419628560543,0.8762210607528687,0.5740605592727661,-0.09252665936946869,0.8779456615447998,0.569379448890686,-0.13319231569766998,0.8823807835578918,0.6452395915985107,-0.14259983599185944,0.931333601474762,0.7602497339248657,-0.040955714881420135,0.9522203207015991,0.6741504669189453,-0.10410591959953308,0.9448409080505371,0.7832229733467102,-0.10381001979112625,0.9340838193893433,0.8783931732177734,-0.08198447525501251,0.989611029624939,0.8119344711303711,-0.06377699971199036,0.9963389039039612,0.7941813468933105,-0.10564523935317993,0.9834957122802734,0.8691368103027344,-0.10226481407880783,0.9711326956748962,0.9288035035133362,-0.08552323281764984,अ
0.0,0.0,0.0,0.0,0.0,0.0,0.0,0.0,0.0,0.0,0.0,0.0,0.0,0.0,0.0,0.0,0.0,0.0,0.0,0.0,0.0,0.0,0.0,0.0,0.0,0.0,0.0,0.0,0.0,0.0,0.0,0.0,0.0,0.0,0.0,0.0,0.0,0.0,0.0,0.0,0.0,0.0,0.0,0.0,0.0,0.0,0.0,0.0,0.0,0.0,0.0,0.0,0.0,0.0,0.0,0.0,0.0,0.0,0.0,0.0,0.0,0.0,0.0,0.912969708442688,1.0574805736541748,2.543360153595131e-07,0.8381360173225403,1.0334205627441406,-0.030737580731511116,0.7742444276809692,0.9421600103378296,-0.04913589358329773,0.7674004435539246,0.846976101398468,-0.07362350821495056,0.8328513503074646,0.8181794285774231,-0.09309762716293335,0.8095827102661133,0.7472877502441406,-0.0037430396769195795,0.8125255107879639,0.6237759590148926,-0.056283220648765564,0.8223714232444763,0.5848695039749146,-0.09233413636684418,0.8289940357208252,0.6272761821746826,-0.10895216464996338,0.8734635710716248,0.7371447086334229,-0.01712087169289589,0.8752079606056213,0.5806281566619873,-0.08280663192272186,0.8761429786682129,0.574196994304657,-0.12010356783866882,0.8784365057945251,0.6468667984008789,-0.12830094993114471,0.9318253993988037,0.7686329483985901,-0.03735285997390747,0.9517960548400879,0.6805314421653748,-0.09295836091041565,0.9445897936820984,0.7866953611373901,-0.08741536736488342,0.9327237606048584,0.8778862953186035,-0.06372576206922531,0.9907832741737366,0.8255019187927246,-0.06163767725229263,0.9972028136253357,0.8018093705177307,-0.09496533870697021,0.9843701720237732,0.8702386021614075,-0.08726875483989716,0.9704858660697937,0.9256888628005981,-0.0689895749092102,अ
0.0,0.0,0.0,0.0,0.0,0.0,0.0,0.0,0.0,0.0,0.0,0.0,0.0,0.0,0.0,0.0,0.0,0.0,0.0,0.0,0.0,0.0,0.0,0.0,0.0,0.0,0.0,0.0,0.0,0.0,0.0,0.0,0.0,0.0,0.0,0.0,0.0,0.0,0.0,0.0,0.0,0.0,0.0,0.0,0.0,0.0,0.0,0.0,0.0,0.0,0.0,0.0,0.0,0.0,0.0,0.0,0.0,0.0,0.0,0.0,0.0,0.0,0.0,0.918450653553009,1.04275381565094,2.6163459665440314e-07,0.8434732556343079,1.0249797105789185,-0.041977349668741226,0.7774180769920349,0.9495495557785034,-0.0685071125626564,0.7633113861083984,0.8554376363754272,-0.09846506267786026,0.826554536819458,0.8158766031265259,-0.12162484973669052,0.8077187538146973,0.7469116449356079,-0.012261143885552883,0.8124380111694336,0.6189388036727905,-0.07065516710281372,0.8204548954963684,0.5829102993011475,-0.10918410122394562,0.8220773935317993,0.6286885738372803,-0.12534327805042267,0.8722182512283325,0.7353798747062683,-0.01988041214644909,0.8738803863525391,0.5756348967552185,-0.08991768956184387,0.8754244446754456,0.5760691165924072,-0.12712208926677704,0.8731643557548523,0.652862548828125,-0.1331477165222168,0.9290415048599243,0.7608184218406677,-0.03571547567844391,0.9516107439994812,0.682725191116333,-0.09970664978027344,0.9471589922904968,0.7914563417434692,-0.09495411813259125,0.9360843896865845,0.882980465888977,-0.0685235857963562,0.9866461753845215,0.8106845021247864,-0.05592481419444084,0.9932849407196045,0.7842978835105896,-0.09602882713079453,0.9862653017044067,0.8601411581039429,-0.08777124434709549,0.9755990505218506,0.9201350212097168,-0.06651082634925842,अ
0.0,0.0,0.0,0.0,0.0,0.0,0.0,0.0,0.0,0.0,0.0,0.0,0.0,0.0,0.0,0.0,0.0,0.0,0.0,0.0,0.0,0.0,0.0,0.0,0.0,0.0,0.0,0.0,0.0,0.0,0.0,0.0,0.0,0.0,0.0,0.0,0.0,0.0,0.0,0.0,0.0,0.0,0.0,0.0,0.0,0.0,0.0,0.0,0.0,0.0,0.0,0.0,0.0,0.0,0.0,0.0,0.0,0.0,0.0,0.0,0.0,0.0,0.0,0.9052519798278809,1.0473657846450806,3.2484987855241343e-07,0.8312948346138,1.0259599685668945,-0.03639018535614014,0.7718384861946106,0.9405765533447266,-0.059377361088991165,0.7703278064727783,0.8492057919502258,-0.08691776543855667,0.8350208401679993,0.8229820728302002,-0.10933966189622879,0.8075579404830933,0.7509117722511292,-0.0174243226647377,0.8113490343093872,0.6261671781539917,-0.07495331764221191,0.8228205442428589,0.587999701499939,-0.11352993547916412,0.8309391736984253,0.6310718655586243,-0.1308286339044571,0.8727872967720032,0.739345908164978,-0.02919154055416584,0.870476245880127,0.5855916142463684,-0.09876900166273117,0.8750918507575989,0.5828304886817932,-0.13754616677761078,0.8798949718475342,0.6567492485046387,-0.1462414562702179,0.9303733706474304,0.7692528963088989,-0.047701168805360794,0.9560839533805847,0.6935505270957947,-0.10765651613473892,0.9503544569015503,0.7989345788955688,-0.10427495837211609,0.9342978596687317,0.8882781267166138,-0.08120791614055634,0.986072838306427,0.8234554529190063,-0.07042983919382095,0.9999145865440369,0.8107563853263855,-0.10689330101013184,0.9871882200241089,0.8827390074729919,-0.09974562376737595,0.9678148627281189,0.9395240545272827,-0.08112727105617523,अ
0.0,0.0,0.0,0.0,0.0,0.0,0.0,0.0,0.0,0.0,0.0,0.0,0.0,0.0,0.0,0.0,0.0,0.0,0.0,0.0,0.0,0.0,0.0,0.0,0.0,0.0,0.0,0.0,0.0,0.0,0.0,0.0,0.0,0.0,0.0,0.0,0.0,0.0,0.0,0.0,0.0,0.0,0.0,0.0,0.0,0.0,0.0,0.0,0.0,0.0,0.0,0.0,0.0,0.0,0.0,0.0,0.0,0.0,0.0,0.0,0.0,0.0,0.0,0.8960973024368286,1.0375516414642334,3.554344800704712e-07,0.8279597759246826,1.0213751792907715,-0.040519263595342636,0.7733936905860901,0.9404246807098389,-0.06709380447864532,0.7665226459503174,0.8553211092948914,-0.09739667922258377,0.8210434913635254,0.8227543234825134,-0.12265743315219879,0.8079788088798523,0.7463406920433044,-0.023030679672956467,0.8094738721847534,0.6271184086799622,-0.08432625234127045,0.8212969303131104,0.5901272296905518,-0.12538069486618042,0.8316978812217712,0.6315509080886841,-0.14392100274562836,0.8737457990646362,0.7352729439735413,-0.03403225913643837,0.8695136904716492,0.5805507302284241,-0.10975240170955658,0.8751124143600464,0.5839564800262451,-0.150420144200325,0.8816112875938416,0.6646363735198975,-0.1581542193889618,0.9310477375984192,0.7662622928619385,-0.05203576758503914,0.9577816724777222,0.6906681060791016,-0.12002937495708466,0.9512211084365845,0.8002843856811523,-0.11826088279485703,0.9353954792022705,0.8937079310417175,-0.09398742765188217,0.9867746233940125,0.8206830024719238,-0.07405094802379608,1.005411982536316,0.8141505718231201,-0.11848005652427673,0.9927308559417725,0.8894405364990234,-0.1137472465634346,0.9724767208099365,0.9485832452774048,-0.09496280550956726,अ
0.0,0.0,0.0,0.0,0.0,0.0,0.0,0.0,0.0,0.0,0.0,0.0,0.0,0.0,0.0,0.0,0.0,0.0,0.0,0.0,0.0,0.0,0.0,0.0,0.0,0.0,0.0,0.0,0.0,0.0,0.0,0.0,0.0,0.0,0.0,0.0,0.0,0.0,0.0,0.0,0.0,0.0,0.0,0.0,0.0,0.0,0.0,0.0,0.0,0.0,0.0,0.0,0.0,0.0,0.0,0.0,0.0,0.0,0.0,0.0,0.0,0.0,0.0,0.8956001400947571,1.03752863407135,2.73137942485846e-07,0.8288809061050415,1.01866614818573,-0.03619953989982605,0.7716699838638306,0.9386544227600098,-0.05949269235134125,0.7673057317733765,0.8478391170501709,-0.08662070333957672,0.824142336845398,0.8135538101196289,-0.10872243344783783,0.8067843317985535,0.743064820766449,-0.019109714776277542,0.8090789318084717,0.6164306402206421,-0.07607533037662506,0.81949782371521,0.5831578969955444,-0.11377246677875519,0.82501220703125,0.6302756071090698,-0.12996459007263184,0.8703173398971558,0.7320525050163269,-0.030000368133187294,0.871765673160553,0.578050434589386,-0.09768253564834595,0.8766072988510132,0.5741358995437622,-0.13512957096099854,0.8783774375915527,0.6462805271148682,-0.14311467111110687,0.9243472814559937,0.7609515190124512,-0.04756546393036842,0.9560499787330627,0.6857402920722961,-0.1103496104478836,0.9508494138717651,0.7884626984596252,-0.11070778220891953,0.9345529079437256,0.8776757121086121,-0.089813232421875,0.9762960076332092,0.8135108947753906,-0.06874065101146698,0.9930644035339355,0.805273711681366,-0.11128895729780197,0.9799551963806152,0.8779757022857666,-0.10859236121177673,0.9581965804100037,0.9363176822662354,-0.09230879694223404,अ
0.0,0.0,0.0,0.0,0.0,0.0,0.0,0.0,0.0,0.0,0.0,0.0,0.0,0.0,0.0,0.0,0.0,0.0,0.0,0.0,0.0,0.0,0.0,0.0,0.0,0.0,0.0,0.0,0.0,0.0,0.0,0.0,0.0,0.0,0.0,0.0,0.0,0.0,0.0,0.0,0.0,0.0,0.0,0.0,0.0,0.0,0.0,0.0,0.0,0.0,0.0,0.0,0.0,0.0,0.0,0.0,0.0,0.0,0.0,0.0,0.0,0.0,0.0,0.8978980183601379,1.039825201034546,2.777383087959606e-07,0.8268023729324341,1.0160913467407227,-0.03364551067352295,0.7698562145233154,0.9409501552581787,-0.05349484831094742,0.7659910917282104,0.8501085638999939,-0.07784223556518555,0.8291328549385071,0.8198272585868835,-0.09649192541837692,0.8060166239738464,0.7436407804489136,-0.003799537429586053,0.8084061145782471,0.6212450265884399,-0.0553109310567379,0.81883704662323,0.5823743343353271,-0.09014454483985901,0.8260616660118103,0.6233277320861816,-0.10453037917613983,0.8680832386016846,0.7352667450904846,-0.012926779687404633,0.8714370131492615,0.5853824615478516,-0.07594403624534607,0.8755562901496887,0.5811653137207031,-0.11118067800998688,0.8777755498886108,0.651196300983429,-0.11772523075342178,0.920526921749115,0.7624779939651489,-0.02942081168293953,0.9497389197349548,0.6972476243972778,-0.08460870385169983,0.9433696866035461,0.795269787311554,-0.0816875472664833,0.9291636347770691,0.8802717924118042,-0.05874257534742355,0.9722156524658203,0.8114019632339478,-0.049906887114048004,0.9873294830322266,0.7882804274559021,-0.08163627237081528,0.9774276614189148,0.8561797738075256,-0.07345613092184067,0.9619137644767761,0.9120134115219116,-0.05431877821683884,अ
0.0,0.0,0.0,0.0,0.0,0.0,0.0,0.0,0.0,0.0,0.0,0.0,0.0,0.0,0.0,0.0,0.0,0.0,0.0,0.0,0.0,0.0,0.0,0.0,0.0,0.0,0.0,0.0,0.0,0.0,0.0,0.0,0.0,0.0,0.0,0.0,0.0,0.0,0.0,0.0,0.0,0.0,0.0,0.0,0.0,0.0,0.0,0.0,0.0,0.0,0.0,0.0,0.0,0.0,0.0,0.0,0.0,0.0,0.0,0.0,0.0,0.0,0.0,0.9121361970901489,1.0377954244613647,3.871282956424693e-07,0.8371236324310303,1.0212475061416626,-0.04096469283103943,0.7771821022033691,0.9424864053726196,-0.06609673798084259,0.7735881805419922,0.8520789742469788,-0.09447570145130157,0.8296166658401489,0.8115846514701843,-0.11772365123033524,0.8084580898284912,0.7464283108711243,-0.016016962006688118,0.8072921633720398,0.633590579032898,-0.07223691791296005,0.8193999528884888,0.5888837575912476,-0.111729197204113,0.8338479399681091,0.6216865181922913,-0.12995471060276031,0.8720439672470093,0.7329677939414978,-0.02368316426873207,0.8701657056808472,0.5855554342269897,-0.09413976222276688,0.8750023245811462,0.5754209160804749,-0.13617251813411713,0.8824570775032043,0.642549991607666,-0.14653676748275757,0.9274263381958008,0.7553659677505493,-0.038380615413188934,0.9534063935279846,0.6810868382453918,-0.10385023802518845,0.9479873180389404,0.7851690649986267,-0.10638000071048737,0.9368061423301697,0.8800455331802368,-0.08502565324306488,0.9840134978294373,0.8011887669563293,-0.05696885660290718,0.994738757610321,0.7883885502815247,-0.10020788758993149,0.9859826564788818,0.8604393601417542,-0.097837895154953,0.9724980592727661,0.9206725358963013,-0.08054535835981369,अ
0.0,0.0,0.0,0.0,0.0,0.0,0.0,0.0,0.0,0.0,0.0,0.0,0.0,0.0,0.0,0.0,0.0,0.0,0.0,0.0,0.0,0.0,0.0,0.0,0.0,0.0,0.0,0.0,0.0,0.0,0.0,0.0,0.0,0.0,0.0,0.0,0.0,0.0,0.0,0.0,0.0,0.0,0.0,0.0,0.0,0.0,0.0,0.0,0.0,0.0,0.0,0.0,0.0,0.0,0.0,0.0,0.0,0.0,0.0,0.0,0.0,0.0,0.0,0.9218552708625793,1.0385076999664307,3.641657997377479e-07,0.8434156775474548,1.02273428440094,-0.040368955582380295,0.7791985273361206,0.9437891244888306,-0.06657427549362183,0.7723087072372437,0.8443156480789185,-0.09575068950653076,0.8290032744407654,0.8072702288627625,-0.11999430507421494,0.8099294304847717,0.7445605993270874,-0.020504267886281013,0.8085225224494934,0.6280117630958557,-0.07686477154493332,0.817450225353241,0.5860337018966675,-0.11568505316972733,0.8280735015869141,0.618947446346283,-0.13382446765899658,0.8748539686203003,0.7299346923828125,-0.029945356771349907,0.8716078400611877,0.578842282295227,-0.09948661178350449,0.8736421465873718,0.5708736777305603,-0.13846398890018463,0.8799492120742798,0.6392793655395508,-0.14708414673805237,0.9326416254043579,0.7536957263946533,-0.04613345116376877,0.9514150023460388,0.67745041847229,-0.1112530529499054,0.9446979761123657,0.7863889336585999,-0.11000224947929382,0.935095489025116,0.8820643424987793,-0.0865212231874466,0.9910755157470703,0.8016644716262817,-0.06621592491865158,0.9950788021087646,0.7815183997154236,-0.11008843034505844,0.9836279153823853,0.8603076338768005,-0.10474541783332825,0.9709940552711487,0.9252729415893555,-0.08537516742944717,अ
0.0,0.0,0.0,0.0,0.0,0.0,0.0,0.0,0.0,0.0,0.0,0.0,0.0,0.0,0.0,0.0,0.0,0.0,0.0,0.0,0.0,0.0,0.0,0.0,0.0,0.0,0.0,0.0,0.0,0.0,0.0,0.0,0.0,0.0,0.0,0.0,0.0,0.0,0.0,0.0,0.0,0.0,0.0,0.0,0.0,0.0,0.0,0.0,0.0,0.0,0.0,0.0,0.0,0.0,0.0,0.0,0.0,0.0,0.0,0.0,0.0,0.0,0.0,0.934632420539856,1.0392714738845825,4.346079833794647e-07,0.8568449020385742,1.025894045829773,-0.04563503339886665,0.789469838142395,0.9511580467224121,-0.0731990709900856,0.7697122693061829,0.8524283170700073,-0.10295393317937851,0.8247631788253784,0.8064630031585693,-0.12749092280864716,0.8138512372970581,0.7511720657348633,-0.01993800327181816,0.8127536773681641,0.6388720870018005,-0.0729430541396141,0.8206798434257507,0.5931611657142639,-0.1096719354391098,0.8321763277053833,0.6106507182121277,-0.12743650376796722,0.8761757016181946,0.7332943081855774,-0.025376610457897186,0.871698260307312,0.5889323949813843,-0.09397334605455399,0.8732991814613342,0.5703615546226501,-0.1335786134004593,0.881168007850647,0.6217454075813293,-0.14298607409000397,0.933037519454956,0.750515341758728,-0.03811521455645561,0.9501157402992249,0.6826318502426147,-0.105742909014225,0.9477488994598389,0.7884644269943237,-0.10927601158618927,0.9422754645347595,0.8853485584259033,-0.08757719397544861,0.9914053678512573,0.7901748418807983,-0.05484163388609886,0.9954207539558411,0.7716810703277588,-0.10081414878368378,0.9884046316146851,0.847105860710144,-0.09910116344690323,0.9788026809692383,0.9138192534446716,-0.08163288980722427,अ
0.0,0.0,0.0,0.0,0.0,0.0,0.0,0.0,0.0,0.0,0.0,0.0,0.0,0.0,0.0,0.0,0.0,0.0,0.0,0.0,0.0,0.0,0.0,0.0,0.0,0.0,0.0,0.0,0.0,0.0,0.0,0.0,0.0,0.0,0.0,0.0,0.0,0.0,0.0,0.0,0.0,0.0,0.0,0.0,0.0,0.0,0.0,0.0,0.0,0.0,0.0,0.0,0.0,0.0,0.0,0.0,0.0,0.0,0.0,0.0,0.0,0.0,0.0,0.9337432980537415,1.0362097024917603,3.531789047883649e-07,0.854555070400238,1.0249366760253906,-0.0381273478269577,0.7860496044158936,0.9394166469573975,-0.06049179658293724,0.7829558849334717,0.83416748046875,-0.08611521124839783,0.838381826877594,0.7995586395263672,-0.10612888634204865,0.8118315935134888,0.7397220730781555,-0.011983368545770645,0.8098568320274353,0.6132449507713318,-0.06510243564844131,0.825253427028656,0.5745763182640076,-0.1016405001282692,0.8394579887390137,0.6130025386810303,-0.11755168437957764,0.8770394325256348,0.7232412099838257,-0.01964266411960125,0.8703706860542297,0.570375919342041,-0.08278443664312363,0.8766870498657227,0.557561993598938,-0.11857456713914871,0.8845405578613281,0.6187549829483032,-0.12595230340957642,0.9360085129737854,0.7426488399505615,-0.03469293937087059,0.9514631628990173,0.6683459877967834,-0.09690627455711365,0.9490116834640503,0.7785281538963318,-0.09686824679374695,0.9421929717063904,0.8758082985877991,-0.07423754036426544,0.9971165657043457,0.7855113744735718,-0.05342777818441391,0.9993568658828735,0.7603501081466675,-0.09645429253578186,0.9926488995552063,0.8387664556503296,-0.0918872207403183,0.9836426973342896,0.9038301706314087,-0.07297542691230774,अ
0.0,0.0,0.0,0.0,0.0,0.0,0.0,0.0,0.0,0.0,0.0,0.0,0.0,0.0,0.0,0.0,0.0,0.0,0.0,0.0,0.0,0.0,0.0,0.0,0.0,0.0,0.0,0.0,0.0,0.0,0.0,0.0,0.0,0.0,0.0,0.0,0.0,0.0,0.0,0.0,0.0,0.0,0.0,0.0,0.0,0.0,0.0,0.0,0.0,0.0,0.0,0.0,0.0,0.0,0.0,0.0,0.0,0.0,0.0,0.0,0.0,0.0,0.0,0.9314403533935547,1.0325506925582886,5.238370590632258e-07,0.8490497469902039,1.0099222660064697,-0.04266471043229103,0.7876054644584656,0.933348536491394,-0.06856263428926468,0.7785554528236389,0.8298017382621765,-0.0976242870092392,0.8350386023521423,0.8028311729431152,-0.12108515202999115,0.8138304352760315,0.7354163527488708,-0.014455361291766167,0.8101969957351685,0.6255560517311096,-0.06427285075187683,0.8219982981681824,0.578642725944519,-0.1009148508310318,0.8354495763778687,0.5897336006164551,-0.1212867945432663,0.8762904405593872,0.7183781862258911,-0.021888740360736847,0.8745182156562805,0.5823958516120911,-0.09038733690977097,0.8782485723495483,0.5590832829475403,-0.1328018754720688,0.8871369361877441,0.5997880101203918,-0.14693723618984222,0.9321539402008057,0.7392421364784241,-0.03620282560586929,0.9516384601593018,0.6616187691688538,-0.1022890955209732,0.9479513764381409,0.7725499272346497,-0.10381848365068436,0.9418118000030518,0.8717333674430847,-0.08236011862754822,0.9903054237365723,0.7829300165176392,-0.054770831018686295,0.9985394477844238,0.7538213133811951,-0.10016698390245438,0.9903564453125,0.8271958827972412,-0.09785802662372589,0.9791837930679321,0.8919780254364014,-0.08092131465673447,अ
0.0,0.0,0.0,0.0,0.0,0.0,0.0,0.0,0.0,0.0,0.0,0.0,0.0,0.0,0.0,0.0,0.0,0.0,0.0,0.0,0.0,0.0,0.0,0.0,0.0,0.0,0.0,0.0,0.0,0.0,0.0,0.0,0.0,0.0,0.0,0.0,0.0,0.0,0.0,0.0,0.0,0.0,0.0,0.0,0.0,0.0,0.0,0.0,0.0,0.0,0.0,0.0,0.0,0.0,0.0,0.0,0.0,0.0,0.0,0.0,0.0,0.0,0.0,0.9410703778266907,1.0294495820999146,4.0738314055488445e-07,0.8584530353546143,1.0176893472671509,-0.040264878422021866,0.7875137329101562,0.9329848885536194,-0.06419292092323303,0.7740098834037781,0.8243054747581482,-0.09150218218564987,0.8355550765991211,0.7969776391983032,-0.11346028745174408,0.8139954805374146,0.7324011921882629,-0.01429973915219307,0.811026930809021,0.6109606027603149,-0.06854858994483948,0.8223214745521545,0.5691197514533997,-0.10776025056838989,0.8364720344543457,0.6046390533447266,-0.12677249312400818,0.8787557482719421,0.7208065390586853,-0.02226138859987259,0.8722409605979919,0.5728631019592285,-0.09070573002099991,0.8749010562896729,0.5560346841812134,-0.13234929740428925,0.8837770223617554,0.6167397499084473,-0.14435523748397827,0.9364267587661743,0.7444502711296082,-0.03737880662083626,0.9508001804351807,0.6734091639518738,-0.10045173019170761,0.9455775618553162,0.774760901927948,-0.10202839225530624,0.9373913407325745,0.8672153949737549,-0.08123010396957397,0.9956815242767334,0.7878039479255676,-0.05658650025725365,0.9959123730659485,0.7611629366874695,-0.09725174307823181,0.986400842666626,0.8333374857902527,-0.09268421679735184,0.9741470217704773,0.896513044834137,-0.07499952614307404,अ
0.0,0.0,0.0,0.0,0.0,0.0,0.0,0.0,0.0,0.0,0.0,0.0,0.0,0.0,0.0,0.0,0.0,0.0,0.0,0.0,0.0,0.0,0.0,0.0,0.0,0.0,0.0,0.0,0.0,0.0,0.0,0.0,0.0,0.0,0.0,0.0,0.0,0.0,0.0,0.0,0.0,0.0,0.0,0.0,0.0,0.0,0.0,0.0,0.0,0.0,0.0,0.0,0.0,0.0,0.0,0.0,0.0,0.0,0.0,0.0,0.0,0.0,0.0,0.9345791935920715,1.0247087478637695,4.4197443571647455e-07,0.8566765189170837,1.0087100267410278,-0.043162405490875244,0.7940981388092041,0.9319513440132141,-0.07026319950819016,0.7786155343055725,0.8307996988296509,-0.1006411612033844,0.8302448391914368,0.7964723110198975,-0.12547338008880615,0.8150599598884583,0.7244327068328857,-0.015837429091334343,0.8150161504745483,0.6056510806083679,-0.07385408133268356,0.8276113867759705,0.566998302936554,-0.11599142104387283,0.8435161709785461,0.6020970940589905,-0.13653291761875153,0.8795996904373169,0.7120405435562134,-0.023697901517152786,0.8769977688789368,0.5649626851081848,-0.09736637026071548,0.880744993686676,0.5581342577934265,-0.14145204424858093,0.891093909740448,0.6222258806228638,-0.1537705510854721,0.9385079145431519,0.7343601584434509,-0.03892112523317337,0.9579856395721436,0.6593942642211914,-0.10752896219491959,0.951276421546936,0.7703100442886353,-0.10985603928565979,0.9410778880119324,0.8686416149139404,-0.08764368295669556,0.9988892674446106,0.7763810753822327,-0.05808833986520767,1.005479097366333,0.7497639656066895,-0.1020440086722374,0.9969130158424377,0.824762225151062,-0.09718610346317291,0.984585702419281,0.8879812955856323,-0.07786472141742706,अ
0.0,0.0,0.0,0.0,0.0,0.0,0.0,0.0,0.0,0.0,0.0,0.0,0.0,0.0,0.0,0.0,0.0,0.0,0.0,0.0,0.0,0.0,0.0,0.0,0.0,0.0,0.0,0.0,0.0,0.0,0.0,0.0,0.0,0.0,0.0,0.0,0.0,0.0,0.0,0.0,0.0,0.0,0.0,0.0,0.0,0.0,0.0,0.0,0.0,0.0,0.0,0.0,0.0,0.0,0.0,0.0,0.0,0.0,0.0,0.0,0.0,0.0,0.0,0.9430368542671204,1.0305293798446655,4.769676706928294e-07,0.8609845042228699,1.0108829736709595,-0.04231399670243263,0.7949077486991882,0.9274389743804932,-0.06788760423660278,0.7813175916671753,0.8152442574501038,-0.09660644084215164,0.8408582210540771,0.784868597984314,-0.11920716613531113,0.8167491555213928,0.7262067794799805,-0.016280392184853554,0.8133432865142822,0.605681836605072,-0.071426622569561,0.8251689076423645,0.5629856586456299,-0.11112642288208008,0.8390480875968933,0.593026340007782,-0.13131047785282135,0.8837541341781616,0.7115997076034546,-0.024297738447785378,0.8814902901649475,0.561344563961029,-0.0962500050663948,0.882878839969635,0.5487005114555359,-0.13942423462867737,0.8906817436218262,0.6101012229919434,-0.15202048420906067,0.9451593160629272,0.7340331077575684,-0.03916176036000252,0.9594906568527222,0.65313720703125,-0.10422040522098541,0.952478289604187,0.7632522583007812,-0.10316243767738342,0.9440123438835144,0.8620442748069763,-0.07972528040409088,1.0085365772247314,0.7780091166496277,-0.0583779439330101,1.012084722518921,0.7439336776733398,-0.09994926303625107,1.0017346143722534,0.8180301189422607,-0.09322580695152283,0.9896418452262878,0.8826623558998108,-0.073199063539505,अ
0.0,0.0,0.0,0.0,0.0,0.0,0.0,0.0,0.0,0.0,0.0,0.0,0.0,0.0,0.0,0.0,0.0,0.0,0.0,0.0,0.0,0.0,0.0,0.0,0.0,0.0,0.0,0.0,0.0,0.0,0.0,0.0,0.0,0.0,0.0,0.0,0.0,0.0,0.0,0.0,0.0,0.0,0.0,0.0,0.0,0.0,0.0,0.0,0.0,0.0,0.0,0.0,0.0,0.0,0.0,0.0,0.0,0.0,0.0,0.0,0.0,0.0,0.0,0.9461883306503296,1.033395767211914,3.931681362701056e-07,0.8644919991493225,1.013290524482727,-0.0413355715572834,0.7966291308403015,0.9265526533126831,-0.06694482266902924,0.783207893371582,0.8167036771774292,-0.09574484825134277,0.8380561470985413,0.7804314494132996,-0.118881456553936,0.8203192949295044,0.727563738822937,-0.01698930375277996,0.8148342370986938,0.6060472726821899,-0.07361427694559097,0.8248334527015686,0.5630737543106079,-0.11478906124830246,0.8390868902206421,0.5950716733932495,-0.13492245972156525,0.8867384195327759,0.7128449082374573,-0.02530447021126747,0.8792994618415833,0.5532546639442444,-0.09716611355543137,0.8793244957923889,0.5448591709136963,-0.1399763822555542,0.8879367113113403,0.6120940446853638,-0.15110374987125397,0.947623074054718,0.7329434156417847,-0.04034930467605591,0.9579525589942932,0.6429017782211304,-0.10544561594724655,0.9516711235046387,0.7522080540657043,-0.10360053181648254,0.9477249979972839,0.8519151210784912,-0.07885841280221939,1.0118640661239624,0.7751785516738892,-0.05953707545995712,1.0086601972579956,0.7290284633636475,-0.09984532743692398,1.00270414352417,0.8001545071601868,-0.09122994542121887,0.9994548559188843,0.8632286787033081,-0.0694824755191803,अ
0.0,0.0,0.0,0.0,0.0,0.0,0.0,0.0,0.0,0.0,0.0,0.0,0.0,0.0,0.0,0.0,0.0,0.0,0.0,0.0,0.0,0.0,0.0,0.0,0.0,0.0,0.0,0.0,0.0,0.0,0.0,0.0,0.0,0.0,0.0,0.0,0.0,0.0,0.0,0.0,0.0,0.0,0.0,0.0,0.0,0.0,0.0,0.0,0.0,0.0,0.0,0.0,0.0,0.0,0.0,0.0,0.0,0.0,0.0,0.0,0.0,0.0,0.0,0.8993030190467834,1.039595603942871,-6.525494882225757e-07,0.8321421146392822,1.0162410736083984,-0.03264962509274483,0.7686315774917603,0.9323512315750122,-0.05675889924168587,0.7745667099952698,0.8393933176994324,-0.08417006582021713,0.8334012627601624,0.811648428440094,-0.10221312940120697,0.8123378157615662,0.7556304931640625,-0.020857948809862137,0.8109471201896667,0.6211426258087158,-0.08218815177679062,0.8160988688468933,0.6097120046615601,-0.10222101211547852,0.8155979514122009,0.6477774977684021,-0.10143653303384781,0.8689393401145935,0.767850935459137,-0.022253049537539482,0.8773144483566284,0.759691596031189,-0.08183370530605316,0.8734121322631836,0.8762091398239136,-0.06808764487504959,0.8597369194030762,0.8845430016517639,-0.04042232036590576,0.9225603342056274,0.7912009358406067,-0.03492892533540726,0.9302272796630859,0.8039510846138,-0.0909113958477974,0.912921130657196,0.8994530439376831,-0.057151082903146744,0.8990758657455444,0.8955845832824707,-0.018186211585998535,0.9754453897476196,0.8206791877746582,-0.05213746055960655,0.9793263077735901,0.837352454662323,-0.08135964721441269,0.9576523900032043,0.9089844226837158,-0.058788690716028214,0.9421645998954773,0.9165830612182617,-0.03041507862508297,इ
0.0,0.0,0.0,0.0,0.0,0.0,0.0,0.0,0.0,0.0,0.0,0.0,0.0,0.0,0.0,0.0,0.0,0.0,0.0,0.0,0.0,0.0,0.0,0.0,0.0,0.0,0.0,0.0,0.0,0.0,0.0,0.0,0.0,0.0,0.0,0.0,0.0,0.0,0.0,0.0,0.0,0.0,0.0,0.0,0.0,0.0,0.0,0.0,0.0,0.0,0.0,0.0,0.0,0.0,0.0,0.0,0.0,0.0,0.0,0.0,0.0,0.0,0.0,0.9066149592399597,1.0446751117706299,-6.118757482909132e-07,0.8364909887313843,1.0204017162322998,-0.031965237110853195,0.7699291706085205,0.9292557239532471,-0.05440767854452133,0.7718027234077454,0.8353085517883301,-0.08143696188926697,0.82973712682724,0.8179435729980469,-0.1003110408782959,0.813888669013977,0.756825864315033,-0.013340025208890438,0.8110674023628235,0.6258737444877625,-0.06873652338981628,0.8150050640106201,0.6133390665054321,-0.08525726944208145,0.813161313533783,0.6494030952453613,-0.08320274204015732,0.8697509169578552,0.768558919429779,-0.016339128836989403,0.8785255551338196,0.762553334236145,-0.07313019782304764,0.8763769268989563,0.8767748475074768,-0.06235208734869957,0.8609021306037903,0.8854312896728516,-0.03669680282473564,0.9246912598609924,0.7928192615509033,-0.030178042128682137,0.9326348304748535,0.8067840337753296,-0.08371171355247498,0.9188798666000366,0.9048711657524109,-0.053167130798101425,0.902726411819458,0.9028676152229309,-0.016396956518292427,0.9789790511131287,0.8235385417938232,-0.04851209372282028,0.9824717044830322,0.838056206703186,-0.0750383734703064,0.9649403095245361,0.9138805866241455,-0.05266081541776657,0.9505358934402466,0.9245873689651489,-0.024841608479619026,इ
0.0,0.0,0.0,0.0,0.0,0.0,0.0,0.0,0.0,0.0,0.0,0.0,0.0,0.0,0.0,0.0,0.0,0.0,0.0,0.0,0.0,0.0,0.0,0.0,0.0,0.0,0.0,0.0,0.0,0.0,0.0,0.0,0.0,0.0,0.0,0.0,0.0,0.0,0.0,0.0,0.0,0.0,0.0,0.0,0.0,0.0,0.0,0.0,0.0,0.0,0.0,0.0,0.0,0.0,0.0,0.0,0.0,0.0,0.0,0.0,0.0,0.0,0.0,0.9136060476303101,1.0423195362091064,-6.025940137988073e-07,0.8464959263801575,1.0262030363082886,-0.033598966896533966,0.7744608521461487,0.9396361112594604,-0.05988650023937225,0.772425651550293,0.8312847018241882,-0.09063879400491714,0.8268623352050781,0.8052198886871338,-0.11208931356668472,0.8147703409194946,0.7546471357345581,-0.017190495505928993,0.811480700969696,0.6235224008560181,-0.07654044777154922,0.8163705468177795,0.6105846166610718,-0.09455699473619461,0.8153401017189026,0.6452494859695435,-0.09361635893583298,0.8727228045463562,0.7672983407974243,-0.02121327817440033,0.8821886777877808,0.7565649151802063,-0.08431030809879303,0.8817851543426514,0.87554532289505,-0.07265718281269073,0.8652052283287048,0.883106529712677,-0.045550473034381866,0.9285856485366821,0.7908546924591064,-0.03644649684429169,0.9370314478874207,0.800738513469696,-0.0955776795744896,0.9247756004333496,0.903752326965332,-0.05896312743425369,0.9073699116706848,0.9015052914619446,-0.01734033413231373,0.9848284721374512,0.8194102644920349,-0.056466277688741684,0.9877398014068604,0.8326234817504883,-0.08670809119939804,0.971940279006958,0.9115856885910034,-0.06174085661768913,0.9567515254020691,0.9214984178543091,-0.031485676765441895,इ
0.0,0.0,0.0,0.0,0.0,0.0,0.0,0.0,0.0,0.0,0.0,0.0,0.0,0.0,0.0,0.0,0.0,0.0,0.0,0.0,0.0,0.0,0.0,0.0,0.0,0.0,0.0,0.0,0.0,0.0,0.0,0.0,0.0,0.0,0.0,0.0,0.0,0.0,0.0,0.0,0.0,0.0,0.0,0.0,0.0,0.0,0.0,0.0,0.0,0.0,0.0,0.0,0.0,0.0,0.0,0.0,0.0,0.0,0.0,0.0,0.0,0.0,0.0,0.9060596823692322,1.027377963066101,-5.881719857825374e-07,0.8369094133377075,1.0068426132202148,-0.03005482628941536,0.7701095342636108,0.9256858825683594,-0.05452869459986687,0.7707309126853943,0.8229936957359314,-0.08341851830482483,0.8270217776298523,0.7995010614395142,-0.10423785448074341,0.8128504157066345,0.7467713356018066,-0.015499807894229889,0.8143216967582703,0.616649866104126,-0.07083623111248016,0.8168562054634094,0.5980685949325562,-0.08832157403230667,0.8135700821876526,0.631637454032898,-0.08794423192739487,0.8679640889167786,0.757595419883728,-0.019798757508397102,0.8747619390487671,0.7501482963562012,-0.07865855097770691,0.8734378814697266,0.8627331852912903,-0.06760910898447037,0.8583507537841797,0.8738844394683838,-0.04222014173865318,0.9191645383834839,0.7782941460609436,-0.034406498074531555,0.9250181317329407,0.7932392954826355,-0.0883958712220192,0.9126941561698914,0.8886542320251465,-0.05469484627246857,0.8977377414703369,0.8876067996025085,-0.01639854907989502,0.9707210659980774,0.8052532076835632,-0.05366363376379013,0.9744246602058411,0.8255074620246887,-0.08200525492429733,0.956976592540741,0.8994774222373962,-0.0597279891371727,0.9408059120178223,0.9087139368057251,-0.03203189745545387,इ
0.0,0.0,0.0,0.0,0.0,0.0,0.0,0.0,0.0,0.0,0.0,0.0,0.0,0.0,0.0,0.0,0.0,0.0,0.0,0.0,0.0,0.0,0.0,0.0,0.0,0.0,0.0,0.0,0.0,0.0,0.0,0.0,0.0,0.0,0.0,0.0,0.0,0.0,0.0,0.0,0.0,0.0,0.0,0.0,0.0,0.0,0.0,0.0,0.0,0.0,0.0,0.0,0.0,0.0,0.0,0.0,0.0,0.0,0.0,0.0,0.0,0.0,0.0,0.9132668972015381,1.034767746925354,-5.823667379445396e-07,0.8456428050994873,1.0171033143997192,-0.030783796682953835,0.774135947227478,0.928001880645752,-0.0525740347802639,0.770776629447937,0.8254289031028748,-0.0792732760310173,0.8289808034896851,0.8055766224861145,-0.09793346375226974,0.8109442591667175,0.7486765384674072,-0.011259633116424084,0.8105235695838928,0.6150405406951904,-0.06605540961027145,0.8152827024459839,0.6011761426925659,-0.08265914767980576,0.8176126480102539,0.6389985680580139,-0.08099400252103806,0.8669776320457458,0.7575234174728394,-0.015538888983428478,0.8718500137329102,0.7473524808883667,-0.0743141919374466,0.872800350189209,0.8601276874542236,-0.06364887952804565,0.8624913096427917,0.8749018907546997,-0.03708060458302498,0.920647382736206,0.7792233824729919,-0.030635427683591843,0.924264132976532,0.7943627834320068,-0.08414395898580551,0.9139306545257568,0.8922374844551086,-0.05131613463163376,0.9021703004837036,0.893202006816864,-0.012193618342280388,0.9745749235153198,0.8070237040519714,-0.05051510035991669,0.973569929599762,0.8243353962898254,-0.076897531747818,0.9586741924285889,0.8988965153694153,-0.05383007973432541,0.9474132061004639,0.9102484583854675,-0.024931369349360466,इ
0.0,0.0,0.0,0.0,0.0,0.0,0.0,0.0,0.0,0.0,0.0,0.0,0.0,0.0,0.0,0.0,0.0,0.0,0.0,0.0,0.0,0.0,0.0,0.0,0.0,0.0,0.0,0.0,0.0,0.0,0.0,0.0,0.0,0.0,0.0,0.0,0.0,0.0,0.0,0.0,0.0,0.0,0.0,0.0,0.0,0.0,0.0,0.0,0.0,0.0,0.0,0.0,0.0,0.0,0.0,0.0,0.0,0.0,0.0,0.0,0.0,0.0,0.0,0.9223519563674927,1.0256662368774414,-5.442485075946024e-07,0.8433512449264526,1.003790020942688,-0.03212621062994003,0.7762619853019714,0.9261967539787292,-0.05747735872864723,0.7709429264068604,0.8221558332443237,-0.08760301023721695,0.8246886134147644,0.8005776405334473,-0.10997680574655533,0.8130304217338562,0.7442517280578613,-0.011470826342701912,0.8136382102966309,0.6148495674133301,-0.06583584100008011,0.815775990486145,0.596229076385498,-0.08386007696390152,0.8159371614456177,0.6279891729354858,-0.08381502330303192,0.8693123459815979,0.7583006620407104,-0.015601180493831635,0.8759676814079285,0.7468744516372681,-0.0728183463215828,0.8745169639587402,0.8589320182800293,-0.06342532485723495,0.8605985045433044,0.8695486783981323,-0.03914497420191765,0.9236882925033569,0.7803674340248108,-0.030285362154245377,0.9307498335838318,0.7874586582183838,-0.08326951414346695,0.9171319603919983,0.885847806930542,-0.05211532115936279,0.9010637402534485,0.8875123858451843,-0.015214313752949238,0.9774296283721924,0.8088194131851196,-0.04973526671528816,0.983022928237915,0.8170320987701416,-0.07609520852565765,0.964328408241272,0.893074631690979,-0.052572380751371384,0.9475194811820984,0.9093027114868164,-0.02390720695257187,इ
0.0,0.0,0.0,0.0,0.0,0.0,0.0,0.0,0.0,0.0,0.0,0.0,0.0,0.0,0.0,0.0,0.0,0.0,0.0,0.0,0.0,0.0,0.0,0.0,0.0,0.0,0.0,0.0,0.0,0.0,0.0,0.0,0.0,0.0,0.0,0.0,0.0,0.0,0.0,0.0,0.0,0.0,0.0,0.0,0.0,0.0,0.0,0.0,0.0,0.0,0.0,0.0,0.0,0.0,0.0,0.0,0.0,0.0,0.0,0.0,0.0,0.0,0.0,0.926259458065033,1.0250921249389648,-5.524658490685397e-07,0.85060715675354,1.0108808279037476,-0.03034670278429985,0.7763389348983765,0.9191579222679138,-0.05191383510828018,0.7720921635627747,0.8096615672111511,-0.0786643996834755,0.8258734941482544,0.788849413394928,-0.0989757850766182,0.8141968846321106,0.7413843870162964,-0.006780500058084726,0.814522922039032,0.6147279143333435,-0.058109600096940994,0.814664900302887,0.587351381778717,-0.0770246833562851,0.816193699836731,0.6177255511283875,-0.07895993441343307,0.8736673593521118,0.7472466230392456,-0.012384011410176754,0.8768298625946045,0.7414416074752808,-0.06979141384363174,0.8762703537940979,0.8566880822181702,-0.06117487698793411,0.8660233616828918,0.8799977898597717,-0.036705806851387024,0.9296153783798218,0.7671318054199219,-0.02855820022523403,0.9323977828025818,0.7803218364715576,-0.08182714134454727,0.9214959740638733,0.8829115629196167,-0.04749239236116409,0.9094482660293579,0.8927222490310669,-0.007708081044256687,0.9863731861114502,0.7932695746421814,-0.04949064552783966,0.9823969006538391,0.8071860074996948,-0.07550962269306183,0.9692339301109314,0.8874073624610901,-0.04900215566158295,0.9596827626228333,0.9047600030899048,-0.018066391348838806,इ
0.0,0.0,0.0,0.0,0.0,0.0,0.0,0.0,0.0,0.0,0.0,0.0,0.0,0.0,0.0,0.0,0.0,0.0,0.0,0.0,0.0,0.0,0.0,0.0,0.0,0.0,0.0,0.0,0.0,0.0,0.0,0.0,0.0,0.0,0.0,0.0,0.0,0.0,0.0,0.0,0.0,0.0,0.0,0.0,0.0,0.0,0.0,0.0,0.0,0.0,0.0,0.0,0.0,0.0,0.0,0.0,0.0,0.0,0.0,0.0,0.0,0.0,0.0,0.9215016961097717,1.0272786617279053,-5.864129093424708e-07,0.8502340912818909,1.0185381174087524,-0.030611025169491768,0.7732329964637756,0.921386182308197,-0.052601296454668045,0.7712439894676208,0.8045012354850769,-0.08073323965072632,0.8309543132781982,0.7914955615997314,-0.10132617503404617,0.8136182427406311,0.7394518852233887,-0.007720405701547861,0.8091577887535095,0.610549807548523,-0.06184149160981178,0.812996506690979,0.5890302658081055,-0.07881159335374832,0.8160277009010315,0.6204965114593506,-0.07889723777770996,0.8733604550361633,0.7453491687774658,-0.01439876388758421,0.8740019798278809,0.7374971508979797,-0.07499421387910843,0.8735768795013428,0.856700599193573,-0.06413470208644867,0.8614494204521179,0.8724295496940613,-0.03765680268406868,0.9286460280418396,0.766506552696228,-0.03229251503944397,0.9319451451301575,0.7758460640907288,-0.08781654387712479,0.9202054738998413,0.8823555111885071,-0.049528129398822784,0.905836820602417,0.8873946070671082,-0.007059911731630564,0.985264778137207,0.7940534353256226,-0.055423881858587265,0.984714150428772,0.8054293394088745,-0.08271104842424393,0.9691042900085449,0.8878259658813477,-0.05595514923334122,0.9562079310417175,0.9031176567077637,-0.02487930655479431,इ
0.0,0.0,0.0,0.0,0.0,0.0,0.0,0.0,0.0,0.0,0.0,0.0,0.0,0.0,0.0,0.0,0.0,0.0,0.0,0.0,0.0,0.0,0.0,0.0,0.0,0.0,0.0,0.0,0.0,0.0,0.0,0.0,0.0,0.0,0.0,0.0,0.0,0.0,0.0,0.0,0.0,0.0,0.0,0.0,0.0,0.0,0.0,0.0,0.0,0.0,0.0,0.0,0.0,0.0,0.0,0.0,0.0,0.0,0.0,0.0,0.0,0.0,0.0,0.919075608253479,1.0278511047363281,-6.573496307282767e-07,0.8457402586936951,1.0194692611694336,-0.025990214198827744,0.7718166708946228,0.9323685765266418,-0.045731209218502045,0.7740057706832886,0.813448429107666,-0.07115192711353302,0.8270463347434998,0.7895874381065369,-0.08793142437934875,0.8135183453559875,0.7405499219894409,-0.003762562060728669,0.8099967837333679,0.6168739199638367,-0.06226222589612007,0.8143314719200134,0.5934136509895325,-0.08479881286621094,0.8173500299453735,0.6199665069580078,-0.08840673416852951,0.8735584616661072,0.7499856352806091,-0.011068013496696949,0.8732256293296814,0.7394486665725708,-0.07517378777265549,0.8738411664962769,0.8633551597595215,-0.06522282212972641,0.8597304821014404,0.8795897960662842,-0.03959859162569046,0.9263232350349426,0.7721752524375916,-0.029599132016301155,0.9280126094818115,0.7714135050773621,-0.09109079092741013,0.9162277579307556,0.8825051188468933,-0.05078274756669998,0.9035839438438416,0.8899262547492981,-0.00591430626809597,0.9812842607498169,0.7982221841812134,-0.05234873294830322,0.979609489440918,0.7968043088912964,-0.08333178609609604,0.964846670627594,0.8840830326080322,-0.05346211791038513,0.9549945592880249,0.9017302989959717,-0.019492845982313156,इ
0.0,0.0,0.0,0.0,0.0,0.0,0.0,0.0,0.0,0.0,0.0,0.0,0.0,0.0,0.0,0.0,0.0,0.0,0.0,0.0,0.0,0.0,0.0,0.0,0.0,0.0,0.0,0.0,0.0,0.0,0.0,0.0,0.0,0.0,0.0,0.0,0.0,0.0,0.0,0.0,0.0,0.0,0.0,0.0,0.0,0.0,0.0,0.0,0.0,0.0,0.0,0.0,0.0,0.0,0.0,0.0,0.0,0.0,0.0,0.0,0.0,0.0,0.0,0.9130340218544006,1.0207993984222412,-5.07739798649709e-07,0.8441773056983948,1.00443434715271,-0.03823684900999069,0.7727535367012024,0.9215309619903564,-0.06695152819156647,0.7687185406684875,0.8156274557113647,-0.09906429052352905,0.8227174282073975,0.7937855124473572,-0.12331615388393402,0.8112194538116455,0.7327743768692017,-0.023979516699910164,0.8172369599342346,0.6005110144615173,-0.08274409919977188,0.8170633912086487,0.5804617404937744,-0.10095547884702682,0.8146514296531677,0.6154822111129761,-0.09980855137109756,0.8718603849411011,0.7455792427062988,-0.02661634422838688,0.8756875991821289,0.7360051870346069,-0.08776938170194626,0.8717789053916931,0.849812924861908,-0.0755690485239029,0.8608108758926392,0.8618530035018921,-0.047813307493925095,0.9274922609329224,0.769904375076294,-0.04048971086740494,0.9314661622047424,0.7829123735427856,-0.0976295992732048,0.917425274848938,0.8807706236839294,-0.06323884427547455,0.9045859575271606,0.8816754221916199,-0.0227341391146183,0.9828374981880188,0.7990356087684631,-0.059588588774204254,0.982637882232666,0.815081775188446,-0.08896096795797348,0.9655947685241699,0.8921021819114685,-0.06415995210409164,0.9527322053909302,0.9060523509979248,-0.033546946942806244,इ
0.0,0.0,0.0,0.0,0.0,0.0,0.0,0.0,0.0,0.0,0.0,0.0,0.0,0.0,0.0,0.0,0.0,0.0,0.0,0.0,0.0,0.0,0.0,0.0,0.0,0.0,0.0,0.0,0.0,0.0,0.0,0.0,0.0,0.0,0.0,0.0,0.0,0.0,0.0,0.0,0.0,0.0,0.0,0.0,0.0,0.0,0.0,0.0,0.0,0.0,0.0,0.0,0.0,0.0,0.0,0.0,0.0,0.0,0.0,0.0,0.0,0.0,0.0,0.9160367846488953,1.0288543701171875,-6.332388124974386e-07,0.8417371511459351,1.0094695091247559,-0.028924010694026947,0.7719442844390869,0.9188231825828552,-0.0495690256357193,0.7767066955566406,0.8098561763763428,-0.07481518387794495,0.8350344300270081,0.7922909259796143,-0.09075550734996796,0.8128472566604614,0.7363906502723694,-0.00815308652818203,0.813256561756134,0.6062884330749512,-0.06620636582374573,0.8166312575340271,0.5887538194656372,-0.08534907549619675,0.814814567565918,0.6214755177497864,-0.08565396815538406,0.8708823323249817,0.7492519617080688,-0.01348753459751606,0.8704659342765808,0.7342149019241333,-0.07492413371801376,0.8705170750617981,0.8524411916732788,-0.06318420171737671,0.8596672415733337,0.8648660182952881,-0.03642003983259201,0.9229421019554138,0.772162139415741,-0.03019964136183262,0.9232368469238281,0.7731168270111084,-0.08648739755153656,0.9113578796386719,0.877162516117096,-0.04747313633561134,0.9016526937484741,0.8793740272521973,-0.0045449575409293175,0.976349949836731,0.8007156252861023,-0.05186575651168823,0.9737915396690369,0.8058447241783142,-0.0799519345164299,0.9565809369087219,0.8852747082710266,-0.053248029202222824,0.9466641545295715,0.8989977240562439,-0.021931005641818047,इ
0.0,0.0,0.0,0.0,0.0,0.0,0.0,0.0,0.0,0.0,0.0,0.0,0.0,0.0,0.0,0.0,0.0,0.0,0.0,0.0,0.0,0.0,0.0,0.0,0.0,0.0,0.0,0.0,0.0,0.0,0.0,0.0,0.0,0.0,0.0,0.0,0.0,0.0,0.0,0.0,0.0,0.0,0.0,0.0,0.0,0.0,0.0,0.0,0.0,0.0,0.0,0.0,0.0,0.0,0.0,0.0,0.0,0.0,0.0,0.0,0.0,0.0,0.0,0.9229187965393066,1.0230703353881836,-5.44638282917731e-07,0.8483801484107971,1.006556749343872,-0.03127829730510712,0.7749444246292114,0.9176665544509888,-0.05592697113752365,0.7711537480354309,0.8101682066917419,-0.08628218621015549,0.8272202014923096,0.7924443483352661,-0.10911033302545547,0.8164522051811218,0.734035074710846,-0.009983077645301819,0.8143666982650757,0.603261411190033,-0.06482399255037308,0.81984943151474,0.5811387896537781,-0.08407769352197647,0.8233353495597839,0.6122273206710815,-0.08563698083162308,0.8759429454803467,0.7439737915992737,-0.016251979395747185,0.8775835633277893,0.7360835075378418,-0.07626503705978394,0.8765869140625,0.8518108129501343,-0.06666745990514755,0.8653146624565125,0.8688364624977112,-0.04176747053861618,0.9313586354255676,0.7679165005683899,-0.03345593065023422,0.9328687787055969,0.776216447353363,-0.08708952367305756,0.9207221269607544,0.8779476881027222,-0.05065995082259178,0.907577633857727,0.8832122683525085,-0.010396262630820274,0.9879333972930908,0.7990531325340271,-0.0558374747633934,0.9859716892242432,0.809821367263794,-0.08055220544338226,0.9703105688095093,0.8877989053726196,-0.053194694221019745,0.9581297039985657,0.902108907699585,-0.022397946566343307,इ
0.0,0.0,0.0,0.0,0.0,0.0,0.0,0.0,0.0,0.0,0.0,0.0,0.0,0.0,0.0,0.0,0.0,0.0,0.0,0.0,0.0,0.0,0.0,0.0,0.0,0.0,0.0,0.0,0.0,0.0,0.0,0.0,0.0,0.0,0.0,0.0,0.0,0.0,0.0,0.0,0.0,0.0,0.0,0.0,0.0,0.0,0.0,0.0,0.0,0.0,0.0,0.0,0.0,0.0,0.0,0.0,0.0,0.0,0.0,0.0,0.0,0.0,0.0,0.923643946647644,1.0173146724700928,-5.307102810547804e-07,0.8492903113365173,0.9986875057220459,-0.03741539269685745,0.78031986951828,0.9139614701271057,-0.06466855108737946,0.777550220489502,0.8060015439987183,-0.0968756377696991,0.8342914581298828,0.7894572615623474,-0.12174930423498154,0.8198806047439575,0.7232690453529358,-0.012784338556230068,0.8236968517303467,0.5951652526855469,-0.06918633729219437,0.8259540796279907,0.5782933831214905,-0.08758311718702316,0.8244460225105286,0.6078242063522339,-0.08708377927541733,0.8753982186317444,0.7414649128913879,-0.015831926837563515,0.8891097903251648,0.7327389121055603,-0.07456426322460175,0.8875381350517273,0.8455832600593567,-0.06584438681602478,0.8683024048805237,0.8485446572303772,-0.041269201785326004,0.9294862747192383,0.7675125598907471,-0.03035365603864193,0.9424343109130859,0.7728399634361267,-0.0868259072303772,0.9301114082336426,0.873283863067627,-0.05849429592490196,0.9084410667419434,0.8739145994186401,-0.022355617955327034,0.9818102717399597,0.7988516688346863,-0.049935560673475266,0.990298867225647,0.8030577301979065,-0.07901210337877274,0.9752857685089111,0.880267322063446,-0.05698833987116814,0.9578315019607544,0.8978158235549927,-0.0286380797624588,इ
0.0,0.0,0.0,0.0,0.0,0.0,0.0,0.0,0.0,0.0,0.0,0.0,0.0,0.0,0.0,0.0,0.0,0.0,0.0,0.0,0.0,0.0,0.0,0.0,0.0,0.0,0.0,0.0,0.0,0.0,0.0,0.0,0.0,0.0,0.0,0.0,0.0,0.0,0.0,0.0,0.0,0.0,0.0,0.0,0.0,0.0,0.0,0.0,0.0,0.0,0.0,0.0,0.0,0.0,0.0,0.0,0.0,0.0,0.0,0.0,0.0,0.0,0.0,0.923978865146637,1.0076541900634766,-5.319733418218675e-07,0.8489276766777039,0.9848014116287231,-0.03342525660991669,0.7791339159011841,0.887372612953186,-0.05598613992333412,0.7795892357826233,0.7860015034675598,-0.08348515629768372,0.8315287232398987,0.7775313258171082,-0.10509343445301056,0.8230870962142944,0.7115548849105835,-0.01496026013046503,0.8277583718299866,0.5774825811386108,-0.07029595971107483,0.8283602595329285,0.559720516204834,-0.0896812155842781,0.8281149864196777,0.5968773365020752,-0.08984299749135971,0.8823457360267639,0.7259232401847839,-0.018848426640033722,0.888730525970459,0.713633120059967,-0.0758562982082367,0.8820462822914124,0.8250250220298767,-0.06704337894916534,0.8712345957756042,0.842365026473999,-0.04215316101908684,0.9387896656990051,0.7534893155097961,-0.033537693321704865,0.9433035850524902,0.7639391422271729,-0.08748719841241837,0.9267529249191284,0.8631641864776611,-0.060252491384744644,0.9138997793197632,0.8675240874290466,-0.024506086483597755,0.9943358898162842,0.7866601347923279,-0.052685242146253586,0.9932076930999756,0.7965571880340576,-0.07819240540266037,0.9739547967910767,0.8716071248054504,-0.054958540946245193,0.9619528651237488,0.8870143890380859,-0.026237385347485542,इ
0.0,0.0,0.0,0.0,0.0,0.0,0.0,0.0,0.0,0.0,0.0,0.0,0.0,0.0,0.0,0.0,0.0,0.0,0.0,0.0,0.0,0.0,0.0,0.0,0.0,0.0,0.0,0.0,0.0,0.0,0.0,0.0,0.0,0.0,0.0,0.0,0.0,0.0,0.0,0.0,0.0,0.0,0.0,0.0,0.0,0.0,0.0,0.0,0.0,0.0,0.0,0.0,0.0,0.0,0.0,0.0,0.0,0.0,0.0,0.0,0.0,0.0,0.0,0.9299846887588501,1.0000296831130981,-6.006517878631712e-07,0.8532973527908325,0.9778757095336914,-0.029718579724431038,0.7806168794631958,0.8748460412025452,-0.04838484898209572,0.7846533060073853,0.7744362950325012,-0.07251696288585663,0.837967038154602,0.7675073742866516,-0.09139662981033325,0.8247383832931519,0.6982463002204895,-0.009505136869847775,0.8310952186584473,0.5643983483314514,-0.062168437987565994,0.8298220634460449,0.5467597842216492,-0.08143799751996994,0.8289103507995605,0.5807607173919678,-0.08246053755283356,0.8842839002609253,0.7084977030754089,-0.015066975727677345,0.8850652575492859,0.6982340216636658,-0.06937392801046371,0.8770186305046082,0.8109551072120667,-0.062013234943151474,0.8666795492172241,0.8297142386436462,-0.03885483741760254,0.9409850835800171,0.7334949970245361,-0.031108340248465538,0.9406590461730957,0.7477144598960876,-0.0814187079668045,0.9250124096870422,0.8498491048812866,-0.055524684488773346,0.9141949415206909,0.854682445526123,-0.021790407598018646,0.9959649443626404,0.764827311038971,-0.05154016241431236,0.9898396134376526,0.7808356881141663,-0.07355179637670517,0.971653938293457,0.8583470582962036,-0.05018443986773491,0.963379979133606,0.8719714283943176,-0.022301726043224335,इ
0.0,0.0,0.0,0.0,0.0,0.0,0.0,0.0,0.0,0.0,0.0,0.0,0.0,0.0,0.0,0.0,0.0,0.0,0.0,0.0,0.0,0.0,0.0,0.0,0.0,0.0,0.0,0.0,0.0,0.0,0.0,0.0,0.0,0.0,0.0,0.0,0.0,0.0,0.0,0.0,0.0,0.0,0.0,0.0,0.0,0.0,0.0,0.0,0.0,0.0,0.0,0.0,0.0,0.0,0.0,0.0,0.0,0.0,0.0,0.0,0.0,0.0,0.0,0.9362527132034302,0.9974747896194458,-5.316275064615184e-07,0.8594697713851929,0.9798685908317566,-0.033472638577222824,0.7834770083427429,0.8797545433044434,-0.055829841643571854,0.779485285282135,0.768388032913208,-0.0828482061624527,0.8352939486503601,0.7572365403175354,-0.10275186598300934,0.8227097392082214,0.6989138722419739,-0.011860950849950314,0.8244115114212036,0.5634608268737793,-0.06625950336456299,0.8292449712753296,0.5411359071731567,-0.08450746536254883,0.8308248519897461,0.5745159387588501,-0.08470597863197327,0.8808280825614929,0.7130194902420044,-0.01588391326367855,0.8908347487449646,0.6964542865753174,-0.07477623969316483,0.8868945837020874,0.8075627684593201,-0.06663911789655685,0.8718664646148682,0.8226242661476135,-0.042227596044540405,0.9363479614257812,0.7379136681556702,-0.030791500583291054,0.9453933835029602,0.7474687099456787,-0.08605381101369858,0.9315596222877502,0.8468454480171204,-0.057005949318408966,0.9147501587867737,0.8481091856956482,-0.020598039031028748,0.9918254017829895,0.7683815956115723,-0.05039595440030098,0.9934574365615845,0.7849679589271545,-0.07782043516635895,0.9773569107055664,0.8623689413070679,-0.05573093518614769,0.9619889259338379,0.8743104338645935,-0.02807789482176304,इ
0.0,0.0,0.0,0.0,0.0,0.0,0.0,0.0,0.0,0.0,0.0,0.0,0.0,0.0,0.0,0.0,0.0,0.0,0.0,0.0,0.0,0.0,0.0,0.0,0.0,0.0,0.0,0.0,0.0,0.0,0.0,0.0,0.0,0.0,0.0,0.0,0.0,0.0,0.0,0.0,0.0,0.0,0.0,0.0,0.0,0.0,0.0,0.0,0.0,0.0,0.0,0.0,0.0,0.0,0.0,0.0,0.0,0.0,0.0,0.0,0.0,0.0,0.0,0.9230989813804626,0.9992231130599976,-5.612915288111253e-07,0.8486899137496948,0.9773786067962646,-0.035124849528074265,0.7771291136741638,0.882740318775177,-0.05941357836127281,0.7755968570709229,0.7764965891838074,-0.08883799612522125,0.8259755373001099,0.7590618133544922,-0.11164708435535431,0.8180878758430481,0.6981610655784607,-0.012586941942572594,0.8225051164627075,0.5628328323364258,-0.07000972330570221,0.824785053730011,0.5477209091186523,-0.09084250032901764,0.8260300755500793,0.5816249847412109,-0.09164596349000931,0.8767257928848267,0.7147166132926941,-0.016977207735180855,0.885952353477478,0.7010264992713928,-0.07459406554698944,0.8816013336181641,0.8146780133247375,-0.06591910868883133,0.8673325181007385,0.821194589138031,-0.041101954877376556,0.9332109689712524,0.739743173122406,-0.0329827181994915,0.940005898475647,0.7476972341537476,-0.08691579848527908,0.9257067441940308,0.8471372127532959,-0.05974159017205238,0.9100998044013977,0.8448692560195923,-0.02487148717045784,0.988334059715271,0.7703355550765991,-0.05402664840221405,0.9899126291275024,0.782668948173523,-0.07884574681520462,0.9721628427505493,0.8582712411880493,-0.0555671863257885,0.958292543888092,0.8703286051750183,-0.027164094150066376,इ
0.0,0.0,0.0,0.0,0.0,0.0,0.0,0.0,0.0,0.0,0.0,0.0,0.0,0.0,0.0,0.0,0.0,0.0,0.0,0.0,0.0,0.0,0.0,0.0,0.0,0.0,0.0,0.0,0.0,0.0,0.0,0.0,0.0,0.0,0.0,0.0,0.0,0.0,0.0,0.0,0.0,0.0,0.0,0.0,0.0,0.0,0.0,0.0,0.0,0.0,0.0,0.0,0.0,0.0,0.0,0.0,0.0,0.0,0.0,0.0,0.0,0.0,0.0,0.921505331993103,0.9940582513809204,-5.934758178227639e-07,0.8461480736732483,0.9781445264816284,-0.030803970992565155,0.7711119055747986,0.8746883869171143,-0.048531029373407364,0.7695757150650024,0.7648236155509949,-0.07131528854370117,0.8184456825256348,0.7526578903198242,-0.0880890041589737,0.8099391460418701,0.6948340535163879,-0.0055441358126699924,0.8151689171791077,0.5621325969696045,-0.05901480093598366,0.8141089081764221,0.5418222546577454,-0.07968571782112122,0.8153045177459717,0.5663927793502808,-0.08200544118881226,0.8675246238708496,0.7084932923316956,-0.010992947034537792,0.8737568259239197,0.6905961632728577,-0.06749321520328522,0.8679491281509399,0.8042213916778564,-0.061289165169000626,0.8574313521385193,0.8129163384437561,-0.038521286100149155,0.9222491979598999,0.730826735496521,-0.02754436619579792,0.926005482673645,0.7363905906677246,-0.07979477941989899,0.9118984937667847,0.8389691114425659,-0.05402760952711105,0.9013059735298157,0.8370427489280701,-0.020378539338707924,0.9763085246086121,0.7578631043434143,-0.04883844777941704,0.9726924300193787,0.767958402633667,-0.07212017476558685,0.9569558501243591,0.8438035249710083,-0.04983534663915634,0.9493369460105896,0.8539025783538818,-0.022804154083132744,इ
0.0,0.0,0.0,0.0,0.0,0.0,0.0,0.0,0.0,0.0,0.0,0.0,0.0,0.0,0.0,0.0,0.0,0.0,0.0,0.0,0.0,0.0,0.0,0.0,0.0,0.0,0.0,0.0,0.0,0.0,0.0,0.0,0.0,0.0,0.0,0.0,0.0,0.0,0.0,0.0,0.0,0.0,0.0,0.0,0.0,0.0,0.0,0.0,0.0,0.0,0.0,0.0,0.0,0.0,0.0,0.0,0.0,0.0,0.0,0.0,0.0,0.0,0.0,0.9314910769462585,0.9800559282302856,-6.207783940226363e-07,0.8469880223274231,0.9664640426635742,-0.02555556409060955,0.7646399140357971,0.8521190285682678,-0.037291623651981354,0.765197217464447,0.7399515509605408,-0.055642951279878616,0.8226021528244019,0.7355567216873169,-0.06844501197338104,0.8067418932914734,0.6783126592636108,0.0026719188317656517,0.8069608807563782,0.5439363121986389,-0.04508074000477791,0.8044077157974243,0.5236877799034119,-0.06271342188119888,0.8048064708709717,0.5487917065620422,-0.06464459747076035,0.8627899885177612,0.684058666229248,-0.003494546515867114,0.8638949990272522,0.673941969871521,-0.05611788108944893,0.8636098504066467,0.7848755717277527,-0.050834961235523224,0.8574949502944946,0.7977364659309387,-0.03003237396478653,0.9182393550872803,0.7034654021263123,-0.02021213248372078,0.91779625415802,0.7169027924537659,-0.0687965527176857,0.9080719947814941,0.8212185502052307,-0.04471013695001602,0.8997639417648315,0.8227951526641846,-0.013194985687732697,0.9733307361602783,0.7274728417396545,-0.041350431740283966,0.9664067625999451,0.7448936700820923,-0.06308381259441376,0.9523360729217529,0.821260392665863,-0.04352981969714165,0.9465512037277222,0.8315795660018921,-0.01922728680074215,इ
0.0,0.0,0.0,0.0,0.0,0.0,0.0,0.0,0.0,0.0,0.0,0.0,0.0,0.0,0.0,0.0,0.0,0.0,0.0,0.0,0.0,0.0,0.0,0.0,0.0,0.0,0.0,0.0,0.0,0.0,0.0,0.0,0.0,0.0,0.0,0.0,0.0,0.0,0.0,0.0,0.0,0.0,0.0,0.0,0.0,0.0,0.0,0.0,0.0,0.0,0.0,0.0,0.0,0.0,0.0,0.0,0.0,0.0,0.0,0.0,0.0,0.0,0.0,0.9373726844787598,0.9614911675453186,-7.11161931121751e-07,0.8553767800331116,0.9528544545173645,-0.02773972600698471,0.7700278162956238,0.8474132418632507,-0.03779925778508186,0.7641968131065369,0.736044704914093,-0.05302783101797104,0.8147703409194946,0.7073160409927368,-0.06126726046204567,0.8052875995635986,0.6677879095077515,0.00045689372927881777,0.8094432950019836,0.5230270624160767,-0.05243835598230362,0.804601788520813,0.5114830732345581,-0.0699310302734375,0.8037217855453491,0.5404598712921143,-0.06882838904857635,0.8636119365692139,0.6769860982894897,-0.003640898270532489,0.8649548888206482,0.65761798620224,-0.05829702690243721,0.8630465269088745,0.7755098938941956,-0.049630098044872284,0.8535398840904236,0.7803710699081421,-0.025108598172664642,0.9196018576622009,0.6940252780914307,-0.01948125660419464,0.9217054843902588,0.6974465847015381,-0.0719081461429596,0.9101373553276062,0.8081688284873962,-0.04904454946517944,0.8979357481002808,0.8052297830581665,-0.016967760398983955,0.9757483005523682,0.7144250869750977,-0.03941408917307854,0.9707890748977661,0.727885365486145,-0.061976052820682526,0.9571840167045593,0.8065983653068542,-0.04224707931280136,0.9493427872657776,0.8141618967056274,-0.017203716561198235,इ
0.0,0.0,0.0,0.0,0.0,0.0,0.0,0.0,0.0,0.0,0.0,0.0,0.0,0.0,0.0,0.0,0.0,0.0,0.0,0.0,0.0,0.0,0.0,0.0,0.0,0.0,0.0,0.0,0.0,0.0,0.0,0.0,0.0,0.0,0.0,0.0,0.0,0.0,0.0,0.0,0.0,0.0,0.0,0.0,0.0,0.0,0.0,0.0,0.0,0.0,0.0,0.0,0.0,0.0,0.0,0.0,0.0,0.0,0.0,0.0,0.0,0.0,0.0,0.9375861883163452,0.956275224685669,-7.256314233927696e-07,0.8535960912704468,0.946313738822937,-0.0273897685110569,0.768596351146698,0.8307908773422241,-0.03437499701976776,0.7693953514099121,0.7161539196968079,-0.04658926650881767,0.8252400755882263,0.7022441029548645,-0.05225712060928345,0.8055119514465332,0.6564539074897766,0.00640150997787714,0.8074907064437866,0.5162714719772339,-0.043879467993974686,0.804707407951355,0.5033162236213684,-0.06119870766997337,0.8061705231666565,0.5299952030181885,-0.060773447155952454,0.8623471260070801,0.6675172448158264,0.002711072564125061,0.8690012693405151,0.6457406878471375,-0.050164442509412766,0.8661245703697205,0.7614129185676575,-0.04286760091781616,0.852312445640564,0.7668077349662781,-0.01946353353559971,0.9165846109390259,0.6845096945762634,-0.012899179011583328,0.9224341511726379,0.6838374137878418,-0.06453023105859756,0.9110414385795593,0.7927295565605164,-0.04453253000974655,0.8962182998657227,0.7904047966003418,-0.014544081874191761,0.9715035557746887,0.703909695148468,-0.032663438469171524,0.9696615934371948,0.7111471891403198,-0.056564539670944214,0.9567563533782959,0.7893791198730469,-0.0395035520195961,0.9473967552185059,0.7984097599983215,-0.0163737665861845,इ
0.0,0.0,0.0,0.0,0.0,0.0,0.0,0.0,0.0,0.0,0.0,0.0,0.0,0.0,0.0,0.0,0.0,0.0,0.0,0.0,0.0,0.0,0.0,0.0,0.0,0.0,0.0,0.0,0.0,0.0,0.0,0.0,0.0,0.0,0.0,0.0,0.0,0.0,0.0,0.0,0.0,0.0,0.0,0.0,0.0,0.0,0.0,0.0,0.0,0.0,0.0,0.0,0.0,0.0,0.0,0.0,0.0,0.0,0.0,0.0,0.0,0.0,0.0,0.9406557083129883,0.9410973787307739,-6.472067752838484e-07,0.8514357209205627,0.931127667427063,-0.02696419693529606,0.7630414962768555,0.8134748935699463,-0.03385004773736,0.7622283697128296,0.6957053542137146,-0.04617190361022949,0.8217846751213074,0.6816904544830322,-0.0529031902551651,0.8056188225746155,0.6479291915893555,0.00669717974960804,0.8059998750686646,0.507882833480835,-0.039999280124902725,0.8002650737762451,0.4898006319999695,-0.057026490569114685,0.798495888710022,0.5105399489402771,-0.058068156242370605,0.864496111869812,0.6591098308563232,0.0023322636261582375,0.8686258792877197,0.6290530562400818,-0.04918966442346573,0.8683798909187317,0.743600606918335,-0.04351871460676193,0.8562425971031189,0.7577250599861145,-0.022024137899279594,0.9206883907318115,0.676122784614563,-0.01320287398993969,0.9233056306838989,0.6637758612632751,-0.06362676620483398,0.9155995845794678,0.7758644223213196,-0.04277646169066429,0.9023769497871399,0.783572793006897,-0.012409082613885403,0.9763294458389282,0.697901725769043,-0.03270665183663368,0.9707318544387817,0.6905845999717712,-0.053990934044122696,0.9608871936798096,0.7709916234016418,-0.0336003452539444,0.9545166492462158,0.7881879806518555,-0.008791763335466385,इ
0.0,0.0,0.0,0.0,0.0,0.0,0.0,0.0,0.0,0.0,0.0,0.0,0.0,0.0,0.0,0.0,0.0,0.0,0.0,0.0,0.0,0.0,0.0,0.0,0.0,0.0,0.0,0.0,0.0,0.0,0.0,0.0,0.0,0.0,0.0,0.0,0.0,0.0,0.0,0.0,0.0,0.0,0.0,0.0,0.0,0.0,0.0,0.0,0.0,0.0,0.0,0.0,0.0,0.0,0.0,0.0,0.0,0.0,0.0,0.0,0.0,0.0,0.0,0.9443683624267578,0.9342883825302124,-7.033194719952007e-07,0.8565475940704346,0.9313769340515137,-0.02458319254219532,0.7610270977020264,0.8125414848327637,-0.028262466192245483,0.7543002963066101,0.6888688802719116,-0.03794484958052635,0.812994658946991,0.6709416508674622,-0.040812768042087555,0.8021796345710754,0.6494117975234985,0.011939644813537598,0.7999220490455627,0.5059542655944824,-0.036866579204797745,0.7943718433380127,0.49080920219421387,-0.052767857909202576,0.7922866940498352,0.5100239515304565,-0.052241597324609756,0.8610145449638367,0.6600176095962524,0.00626866240054369,0.8519894480705261,0.6215260028839111,-0.047978855669498444,0.8592227101325989,0.7426312565803528,-0.03918245807290077,0.8510926365852356,0.7543755769729614,-0.013798068277537823,0.9177501201629639,0.6731489896774292,-0.011256693862378597,0.9109969139099121,0.6520358920097351,-0.06354890018701553,0.9109481573104858,0.7711081504821777,-0.036811042577028275,0.9022061824798584,0.7777857184410095,-0.0013062860816717148,0.9747777581214905,0.6886385083198547,-0.032885875552892685,0.9622105360031128,0.676399290561676,-0.05420511215925217,0.9579802751541138,0.7602567672729492,-0.03067108802497387,0.9568445086479187,0.774982750415802,-0.0032294797711074352,इ
0.0,0.0,0.0,0.0,0.0,0.0,0.0,0.0,0.0,0.0,0.0,0.0,0.0,0.0,0.0,0.0,0.0,0.0,0.0,0.0,0.0,0.0,0.0,0.0,0.0,0.0,0.0,0.0,0.0,0.0,0.0,0.0,0.0,0.0,0.0,0.0,0.0,0.0,0.0,0.0,0.0,0.0,0.0,0.0,0.0,0.0,0.0,0.0,0.0,0.0,0.0,0.0,0.0,0.0,0.0,0.0,0.0,0.0,0.0,0.0,0.0,0.0,0.0,0.9406847953796387,0.9346145987510681,-6.363553666233202e-07,0.8468332290649414,0.9194695353507996,-0.025529196485877037,0.7571165561676025,0.8041822910308838,-0.030458612367510796,0.7552993893623352,0.6872902512550354,-0.040923114866018295,0.8177157044410706,0.6777750849723816,-0.04550822824239731,0.7989169955253601,0.6431843042373657,0.013328086584806442,0.7973726391792297,0.5080178380012512,-0.03168720752000809,0.7944996953010559,0.4883579611778259,-0.048226211220026016,0.7946907877922058,0.5015817284584045,-0.049650806933641434,0.8598224520683289,0.6535330414772034,0.008160723373293877,0.8579189777374268,0.618490993976593,-0.043153367936611176,0.8589423298835754,0.7353713512420654,-0.03858617693185806,0.8475589752197266,0.7502883672714233,-0.017224757000803947,0.9180504679679871,0.6683104038238525,-0.008274302817881107,0.9171459674835205,0.6510478258132935,-0.057532861828804016,0.9108669757843018,0.7638804316520691,-0.03735562786459923,0.8987253904342651,0.7697882056236267,-0.007067939732223749,0.9761526584625244,0.6886007785797119,-0.028739389032125473,0.9679416418075562,0.6798961162567139,-0.047207389026880264,0.9582486152648926,0.7582229375839233,-0.026266522705554962,0.953606367111206,0.7733155488967896,-0.0014042642433196306,इ
0.0,0.0,0.0,0.0,0.0,0.0,0.0,0.0,0.0,0.0,0.0,0.0,0.0,0.0,0.0,0.0,0.0,0.0,0.0,0.0,0.0,0.0,0.0,0.0,0.0,0.0,0.0,0.0,0.0,0.0,0.0,0.0,0.0,0.0,0.0,0.0,0.0,0.0,0.0,0.0,0.0,0.0,0.0,0.0,0.0,0.0,0.0,0.0,0.0,0.0,0.0,0.0,0.0,0.0,0.0,0.0,0.0,0.0,0.0,0.0,0.0,0.0,0.0,0.9392402768135071,0.9266061186790466,-6.61839237636741e-07,0.8507593274116516,0.9197352528572083,-0.025613803416490555,0.7558701038360596,0.8008349537849426,-0.03187956288456917,0.7516124248504639,0.6774922013282776,-0.04371509328484535,0.8126962184906006,0.666206955909729,-0.04922664910554886,0.7984087467193604,0.6386001706123352,0.007256781216710806,0.7942025065422058,0.5029803514480591,-0.04208933562040329,0.787350058555603,0.48061221837997437,-0.059710849076509476,0.7874404788017273,0.4983939528465271,-0.061358507722616196,0.8606141209602356,0.6451960206031799,0.0011985870078206062,0.8592175245285034,0.6139542460441589,-0.05489983409643173,0.8617117404937744,0.7329103350639343,-0.04811418801546097,0.8515355587005615,0.7473382949829102,-0.02474900148808956,0.9183899760246277,0.6585099101066589,-0.0163549967110157,0.9166345596313477,0.6471136212348938,-0.06816746294498444,0.9118928909301758,0.7624219655990601,-0.04129401966929436,0.9008325934410095,0.7677469253540039,-0.006740225479006767,0.9782525300979614,0.673226535320282,-0.038305554538965225,0.9677695035934448,0.6754159331321716,-0.06024862825870514,0.959823489189148,0.7588226795196533,-0.03812948614358902,0.9552319645881653,0.7714004516601562,-0.012150153517723083,इ
0.0,0.0,0.0,0.0,0.0,0.0,0.0,0.0,0.0,0.0,0.0,0.0,0.0,0.0,0.0,0.0,0.0,0.0,0.0,0.0,0.0,0.0,0.0,0.0,0.0,0.0,0.0,0.0,0.0,0.0,0.0,0.0,0.0,0.0,0.0,0.0,0.0,0.0,0.0,0.0,0.0,0.0,0.0,0.0,0.0,0.0,0.0,0.0,0.0,0.0,0.0,0.0,0.0,0.0,0.0,0.0,0.0,0.0,0.0,0.0,0.0,0.0,0.0,0.9318366050720215,0.9115814566612244,-6.668871037618374e-07,0.8447485566139221,0.9010018706321716,-0.02217988856136799,0.7539023160934448,0.7845742702484131,-0.028734181076288223,0.7528024315834045,0.6687135100364685,-0.04127011075615883,0.814034640789032,0.6556491255760193,-0.0484890341758728,0.7994670867919922,0.624212384223938,0.004984140396118164,0.7968816757202148,0.4841017723083496,-0.04360947757959366,0.790302038192749,0.46640145778656006,-0.061852745711803436,0.7893307209014893,0.48815077543258667,-0.06382875889539719,0.8588973879814148,0.6360484957695007,-0.0019028361421078444,0.8545782566070557,0.6015689373016357,-0.05698901414871216,0.856227457523346,0.7177000045776367,-0.05222643166780472,0.8495805859565735,0.7332306504249573,-0.03083694726228714,0.9145245552062988,0.650908887386322,-0.0191392470151186,0.9083003401756287,0.6348596811294556,-0.07161325961351395,0.902899444103241,0.7494006156921387,-0.04836486279964447,0.896154522895813,0.758016049861908,-0.015903662890195847,0.9709251523017883,0.6675061583518982,-0.03983330354094505,0.9562055468559265,0.6571516990661621,-0.06334486603736877,0.9475328326225281,0.7394562363624573,-0.042274780571460724,0.9461178779602051,0.7560873627662659,-0.01665428839623928,इ
0.0,0.0,0.0,0.0,0.0,0.0,0.0,0.0,0.0,0.0,0.0,0.0,0.0,0.0,0.0,0.0,0.0,0.0,0.0,0.0,0.0,0.0,0.0,0.0,0.0,0.0,0.0,0.0,0.0,0.0,0.0,0.0,0.0,0.0,0.0,0.0,0.0,0.0,0.0,0.0,0.0,0.0,0.0,0.0,0.0,0.0,0.0,0.0,0.0,0.0,0.0,0.0,0.0,0.0,0.0,0.0,0.0,0.0,0.0,0.0,0.0,0.0,0.0,0.9370148181915283,0.9008421301841736,-6.338386242532579e-07,0.8471857309341431,0.8940659761428833,-0.02292812429368496,0.7547170519828796,0.777888298034668,-0.030184902250766754,0.7535110116004944,0.6571821570396423,-0.043460965156555176,0.8162488341331482,0.6471278667449951,-0.0517563670873642,0.8024001121520996,0.6208899021148682,0.006703642662614584,0.7999811768531799,0.48736095428466797,-0.040054213255643845,0.7939956784248352,0.4628087878227234,-0.05913112312555313,0.7932115197181702,0.47533002495765686,-0.06338543444871902,0.8629934787750244,0.6324465870857239,-0.0007692630169913173,0.8575526475906372,0.5951634645462036,-0.05664860084652901,0.8579995036125183,0.7111509442329407,-0.05372718349099159,0.8504793047904968,0.7318999767303467,-0.03412250801920891,0.9190880060195923,0.6473308205604553,-0.018449362367391586,0.9134807586669922,0.6255453824996948,-0.07122642546892166,0.9071367979049683,0.7397814393043518,-0.04688569903373718,0.8996646404266357,0.7521224021911621,-0.014286873862147331,0.9770750999450684,0.6635823249816895,-0.03979891538619995,0.9626660346984863,0.649254560470581,-0.06337081640958786,0.9533835053443909,0.7334327101707458,-0.041178490966558456,0.9510083198547363,0.7532848119735718,-0.01543030608445406,इ
0.0,0.0,0.0,0.0,0.0,0.0,0.0,0.0,0.0,0.0,0.0,0.0,0.0,0.0,0.0,0.0,0.0,0.0,0.0,0.0,0.0,0.0,0.0,0.0,0.0,0.0,0.0,0.0,0.0,0.0,0.0,0.0,0.0,0.0,0.0,0.0,0.0,0.0,0.0,0.0,0.0,0.0,0.0,0.0,0.0,0.0,0.0,0.0,0.0,0.0,0.0,0.0,0.0,0.0,0.0,0.0,0.0,0.0,0.0,0.0,0.0,0.0,0.0,0.9299066066741943,0.8881303668022156,-5.850645266036736e-07,0.8455500602722168,0.8817651867866516,-0.02256477251648903,0.7555522918701172,0.7708104848861694,-0.03250393271446228,0.7505086660385132,0.6552255153656006,-0.04877624660730362,0.8105435371398926,0.6456881165504456,-0.06016088277101517,0.7988269329071045,0.6096384525299072,0.0036605459172278643,0.794053852558136,0.4777379035949707,-0.04264834523200989,0.7921654582023621,0.4535571038722992,-0.05967587232589722,0.7952250242233276,0.47105181217193604,-0.06228573992848396,0.8570711016654968,0.618254542350769,-0.004319476895034313,0.8512781262397766,0.5868030190467834,-0.0584498755633831,0.8521795272827148,0.7021530270576477,-0.052743565291166306,0.8455265164375305,0.7205337882041931,-0.03155669569969177,0.9124155640602112,0.6351678967475891,-0.02223101258277893,0.9074153900146484,0.6228150129318237,-0.07419412583112717,0.9016547799110413,0.7348859906196594,-0.04738861694931984,0.8950605392456055,0.7436115145683289,-0.013365459628403187,0.9696305990219116,0.6550115346908569,-0.04366125538945198,0.9567273855209351,0.6479360461235046,-0.06746158748865128,0.9479554295539856,0.7304388284683228,-0.04426250234246254,0.9457588195800781,0.7476984262466431,-0.017635630443692207,इ
0.0,0.0,0.0,0.0,0.0,0.0,0.0,0.0,0.0,0.0,0.0,0.0,0.0,0.0,0.0,0.0,0.0,0.0,0.0,0.0,0.0,0.0,0.0,0.0,0.0,0.0,0.0,0.0,0.0,0.0,0.0,0.0,0.0,0.0,0.0,0.0,0.0,0.0,0.0,0.0,0.0,0.0,0.0,0.0,0.0,0.0,0.0,0.0,0.0,0.0,0.0,0.0,0.0,0.0,0.0,0.0,0.0,0.0,0.0,0.0,0.0,0.0,0.0,0.9355067610740662,0.8839147686958313,-6.57757880162535e-07,0.8507506251335144,0.8908145427703857,-0.024669641628861427,0.7555532455444336,0.7766597867012024,-0.031957995146512985,0.7469050884246826,0.6484547853469849,-0.04495583102107048,0.8048987984657288,0.6383260488510132,-0.05075255408883095,0.7971909046173096,0.6116909384727478,0.009126121178269386,0.7947718501091003,0.4811396598815918,-0.04399695619940758,0.7896410226821899,0.4602574408054352,-0.065033920109272,0.7902984023094177,0.47475528717041016,-0.06934843212366104,0.8571395874023438,0.6220412254333496,0.0017902225954458117,0.8497301340103149,0.5831254124641418,-0.059595514088869095,0.8511365652084351,0.7075039148330688,-0.05387327820062637,0.84220290184021,0.7216576337814331,-0.03054356761276722,0.9109492897987366,0.6368691325187683,-0.017378054559230804,0.9088296890258789,0.6153900027275085,-0.07590162754058838,0.9027301669120789,0.7362231016159058,-0.04558270424604416,0.8940377831459045,0.7422438263893127,-0.007323259487748146,0.9685855507850647,0.6486650705337524,-0.04058419167995453,0.9584832787513733,0.6425436735153198,-0.0670481026172638,0.951219379901886,0.7319048643112183,-0.0424283929169178,0.9481591582298279,0.7469488978385925,-0.014008787460625172,इ
0.0,0.0,0.0,0.0,0.0,0.0,0.0,0.0,0.0,0.0,0.0,0.0,0.0,0.0,0.0,0.0,0.0,0.0,0.0,0.0,0.0,0.0,0.0,0.0,0.0,0.0,0.0,0.0,0.0,0.0,0.0,0.0,0.0,0.0,0.0,0.0,0.0,0.0,0.0,0.0,0.0,0.0,0.0,0.0,0.0,0.0,0.0,0.0,0.0,0.0,0.0,0.0,0.0,0.0,0.0,0.0,0.0,0.0,0.0,0.0,0.0,0.0,0.0,0.9399054050445557,0.889365553855896,-6.347904104586632e-07,0.8572132587432861,0.9014394283294678,-0.028665907680988312,0.7565070390701294,0.7823872566223145,-0.03643231838941574,0.7435582280158997,0.6498460173606873,-0.04914584010839462,0.8025820851325989,0.6393856406211853,-0.054479341953992844,0.7963100075721741,0.6203316450119019,0.006010113283991814,0.7935543060302734,0.4842444956302643,-0.047382041811943054,0.7878133058547974,0.4653003215789795,-0.06648203730583191,0.7893549799919128,0.4798828959465027,-0.0690782368183136,0.8572061657905579,0.6273413300514221,0.0004922658554278314,0.8493450284004211,0.5824165344238281,-0.06203532963991165,0.8505471348762512,0.7096138000488281,-0.053995147347450256,0.8432637453079224,0.722517728805542,-0.027929529547691345,0.9122328162193298,0.639757513999939,-0.017418725416064262,0.9101040959358215,0.6158129572868347,-0.07656405121088028,0.9051414728164673,0.7392802834510803,-0.04438291862607002,0.8978971242904663,0.7448127269744873,-0.004325249698013067,0.9701700210571289,0.648848295211792,-0.03981882706284523,0.9576184749603271,0.6437037587165833,-0.06791658699512482,0.9521020650863647,0.7341820597648621,-0.04381602257490158,0.9515189528465271,0.7480701208114624,-0.015292330645024776,इ
0.0,0.0,0.0,0.0,0.0,0.0,0.0,0.0,0.0,0.0,0.0,0.0,0.0,0.0,0.0,0.0,0.0,0.0,0.0,0.0,0.0,0.0,0.0,0.0,0.0,0.0,0.0,0.0,0.0,0.0,0.0,0.0,0.0,0.0,0.0,0.0,0.0,0.0,0.0,0.0,0.0,0.0,0.0,0.0,0.0,0.0,0.0,0.0,0.0,0.0,0.0,0.0,0.0,0.0,0.0,0.0,0.0,0.0,0.0,0.0,0.0,0.0,0.0,0.9382749795913696,0.8928176164627075,-6.572824418071832e-07,0.8540678024291992,0.9046593904495239,-0.029729638248682022,0.7522202134132385,0.7815447449684143,-0.037237249314785004,0.7343511581420898,0.6455880403518677,-0.04997231438755989,0.7887382507324219,0.6376672387123108,-0.0553225502371788,0.7956017255783081,0.6191472411155701,0.008865640498697758,0.7973618507385254,0.4799432158470154,-0.04560989513993263,0.7899970412254333,0.4683408737182617,-0.06301110982894897,0.7933149933815002,0.4847521185874939,-0.06268469989299774,0.8584355115890503,0.628605842590332,0.004255355801433325,0.8532001376152039,0.5844959020614624,-0.057507582008838654,0.8492193222045898,0.7155936360359192,-0.0468607172369957,0.8423594236373901,0.7239097356796265,-0.01760094054043293,0.9141936898231506,0.6430948376655579,-0.013636631891131401,0.9137213826179504,0.6208184361457825,-0.07345498353242874,0.9039880633354187,0.7452017068862915,-0.04388297349214554,0.8963640332221985,0.7451876997947693,-0.004403278231620789,0.9724557399749756,0.6519150137901306,-0.035761963576078415,0.9600332975387573,0.6476770639419556,-0.06138816103339195,0.9522947669029236,0.7366492748260498,-0.03740553930401802,0.9531422257423401,0.747381865978241,-0.008874512277543545,इ
0.0,0.0,0.0,0.0,0.0,0.0,0.0,0.0,0.0,0.0,0.0,0.0,0.0,0.0,0.0,0.0,0.0,0.0,0.0,0.0,0.0,0.0,0.0,0.0,0.0,0.0,0.0,0.0,0.0,0.0,0.0,0.0,0.0,0.0,0.0,0.0,0.0,0.0,0.0,0.0,0.0,0.0,0.0,0.0,0.0,0.0,0.0,0.0,0.0,0.0,0.0,0.0,0.0,0.0,0.0,0.0,0.0,0.0,0.0,0.0,0.0,0.0,0.0,0.9435428977012634,0.8935406804084778,-6.862496206849755e-07,0.8579603433609009,0.9040164947509766,-0.029501590877771378,0.7554499506950378,0.7848680019378662,-0.03755247965455055,0.7355282306671143,0.6475414037704468,-0.05115986242890358,0.7873090505599976,0.6333923935890198,-0.05656136944890022,0.7984776496887207,0.6158192157745361,0.011452223174273968,0.7990935444831848,0.48024529218673706,-0.04617050662636757,0.7935973405838013,0.46730515360832214,-0.06480345129966736,0.7970123887062073,0.48445796966552734,-0.06371243298053741,0.8614075779914856,0.6275878548622131,0.007233643904328346,0.8600028157234192,0.5848960280418396,-0.05457213521003723,0.8575192093849182,0.7161337733268738,-0.04150436073541641,0.84487384557724,0.7195362448692322,-0.010107659734785557,0.9179818630218506,0.6424082517623901,-0.010995234362781048,0.920461893081665,0.6184849739074707,-0.07205953449010849,0.9121415615081787,0.742220401763916,-0.04011537879705429,0.8997484445571899,0.7419322729110718,0.0015570499235764146,0.976621687412262,0.6524240374565125,-0.0334516204893589,0.9702752232551575,0.6439939141273499,-0.06111312657594681,0.962643563747406,0.7338651418685913,-0.03632427379488945,0.9581316113471985,0.7486810088157654,-0.0061261714436113834,इ
0.0,0.0,0.0,0.0,0.0,0.0,0.0,0.0,0.0,0.0,0.0,0.0,0.0,0.0,0.0,0.0,0.0,0.0,0.0,0.0,0.0,0.0,0.0,0.0,0.0,0.0,0.0,0.0,0.0,0.0,0.0,0.0,0.0,0.0,0.0,0.0,0.0,0.0,0.0,0.0,0.0,0.0,0.0,0.0,0.0,0.0,0.0,0.0,0.0,0.0,0.0,0.0,0.0,0.0,0.0,0.0,0.0,0.0,0.0,0.0,0.0,0.0,0.0,0.9529265761375427,0.8969544768333435,-6.520978104163078e-07,0.86849445104599,0.9103235006332397,-0.029878893867135048,0.7652267813682556,0.7901222109794617,-0.03689292073249817,0.7402992248535156,0.6485985517501831,-0.048879899084568024,0.7862284183502197,0.6325132250785828,-0.05282822996377945,0.803236186504364,0.6228893995285034,0.013038172386586666,0.8046151399612427,0.48970678448677063,-0.043178532272577286,0.7993712425231934,0.46974241733551025,-0.062044497579336166,0.803399384021759,0.4797419309616089,-0.06228075549006462,0.8665803670883179,0.633263111114502,0.008492338471114635,0.8661286234855652,0.5852509140968323,-0.054274991154670715,0.8628010153770447,0.7168668508529663,-0.0433344729244709,0.847958505153656,0.7228713631629944,-0.01340683177113533,0.9230176210403442,0.647369384765625,-0.009870031848549843,0.9273954033851624,0.6208862662315369,-0.07250888645648956,0.9198362827301025,0.7470017671585083,-0.04139409586787224,0.9059452414512634,0.7467907667160034,-0.00021069396461825818,0.9815369248390198,0.6556793451309204,-0.032312069088220596,0.9742305874824524,0.6501350402832031,-0.06105082109570503,0.969016432762146,0.7417742013931274,-0.03672388195991516,0.9654864072799683,0.7540650963783264,-0.007182111497968435,इ
0.0,0.0,0.0,0.0,0.0,0.0,0.0,0.0,0.0,0.0,0.0,0.0,0.0,0.0,0.0,0.0,0.0,0.0,0.0,0.0,0.0,0.0,0.0,0.0,0.0,0.0,0.0,0.0,0.0,0.0,0.0,0.0,0.0,0.0,0.0,0.0,0.0,0.0,0.0,0.0,0.0,0.0,0.0,0.0,0.0,0.0,0.0,0.0,0.0,0.0,0.0,0.0,0.0,0.0,0.0,0.0,0.0,0.0,0.0,0.0,0.0,0.0,0.0,0.9486430287361145,0.8965921401977539,-6.036237323314708e-07,0.8705236911773682,0.9086828231811523,-0.03446682170033455,0.7704249024391174,0.7922695875167847,-0.046919696033000946,0.7482282519340515,0.6535555720329285,-0.06390291452407837,0.7928188443183899,0.6332047581672668,-0.07290081679821014,0.8055115938186646,0.6220293045043945,0.003968788310885429,0.8069103360176086,0.4895871877670288,-0.0547415167093277,0.803305983543396,0.46618983149528503,-0.07473945617675781,0.8080940842628479,0.4784161448478699,-0.0758022889494896,0.866324245929718,0.6290984749794006,0.0002871175529435277,0.8702160716056824,0.585211455821991,-0.06577455997467041,0.8674978017807007,0.7140749096870422,-0.05578647926449776,0.8518593311309814,0.7196417450904846,-0.026710759848356247,0.9207587838172913,0.6424750685691833,-0.01726354844868183,0.9303454756736755,0.6225338578224182,-0.08256738632917404,0.9211758375167847,0.7457109689712524,-0.0509258471429348,0.9044667482376099,0.7452778220176697,-0.009433530271053314,0.978669285774231,0.6519984006881714,-0.03941848874092102,0.9753423929214478,0.6511040925979614,-0.07222262024879456,0.9672061800956726,0.7407314777374268,-0.04973875358700752,0.9584587812423706,0.7519263029098511,-0.021020928397774696,इ
0.0,0.0,0.0,0.0,0.0,0.0,0.0,0.0,0.0,0.0,0.0,0.0,0.0,0.0,0.0,0.0,0.0,0.0,0.0,0.0,0.0,0.0,0.0,0.0,0.0,0.0,0.0,0.0,0.0,0.0,0.0,0.0,0.0,0.0,0.0,0.0,0.0,0.0,0.0,0.0,0.0,0.0,0.0,0.0,0.0,0.0,0.0,0.0,0.0,0.0,0.0,0.0,0.0,0.0,0.0,0.0,0.0,0.0,0.0,0.0,0.0,0.0,0.0,0.9478681087493896,0.8932994604110718,-6.1428198705471e-07,0.8679057359695435,0.9057276248931885,-0.0297248475253582,0.7685266137123108,0.7818148732185364,-0.03765098378062248,0.7509992718696594,0.6435056328773499,-0.050679370760917664,0.8018613457679749,0.6353172659873962,-0.05626317858695984,0.8043985962867737,0.6206332445144653,0.00971030630171299,0.8068098425865173,0.48645514249801636,-0.045036111027002335,0.8040065169334412,0.4680287837982178,-0.0635753646492958,0.8092792630195618,0.4809739887714386,-0.0644320696592331,0.8636935949325562,0.627056360244751,0.005192158743739128,0.8664707541465759,0.5828943848609924,-0.05752053111791611,0.8634487390518188,0.7091190218925476,-0.04873588681221008,0.8508663177490234,0.7165001630783081,-0.020989075303077698,0.9158517718315125,0.6404989361763,-0.012441124767065048,0.9231252074241638,0.6205296516418457,-0.0739121213555336,0.9149932265281677,0.741667628288269,-0.0451548732817173,0.9024322032928467,0.7398772239685059,-0.0060859741643071175,0.9714245200157166,0.649203360080719,-0.03425021842122078,0.9658716320991516,0.6497341990470886,-0.06305687129497528,0.9598871469497681,0.7365815043449402,-0.04130437225103378,0.9561350345611572,0.7450709342956543,-0.01389995962381363,इ
0.0,0.0,0.0,0.0,0.0,0.0,0.0,0.0,0.0,0.0,0.0,0.0,0.0,0.0,0.0,0.0,0.0,0.0,0.0,0.0,0.0,0.0,0.0,0.0,0.0,0.0,0.0,0.0,0.0,0.0,0.0,0.0,0.0,0.0,0.0,0.0,0.0,0.0,0.0,0.0,0.0,0.0,0.0,0.0,0.0,0.0,0.0,0.0,0.0,0.0,0.0,0.0,0.0,0.0,0.0,0.0,0.0,0.0,0.0,0.0,0.0,0.0,0.0,0.9448959827423096,0.8960874676704407,-5.604796911029553e-07,0.8669543266296387,0.9022400379180908,-0.030908094719052315,0.7722483277320862,0.7855247259140015,-0.043156176805496216,0.7546802759170532,0.651164174079895,-0.060996249318122864,0.8013591170310974,0.6361039876937866,-0.0723871961236,0.8066098093986511,0.6188012361526489,0.007830167189240456,0.8091766834259033,0.4879741072654724,-0.044905420392751694,0.8055343627929688,0.4654747247695923,-0.06281045824289322,0.8100126385688782,0.47892582416534424,-0.06382162123918533,0.8638242483139038,0.6258569955825806,0.002718548523262143,0.869912326335907,0.585895299911499,-0.05822000280022621,0.8662695288658142,0.7059927582740784,-0.050682876259088516,0.8519595861434937,0.7133986949920654,-0.02484908327460289,0.9166158437728882,0.6396905183792114,-0.015147830359637737,0.9259341955184937,0.6225769519805908,-0.07576561719179153,0.9161183834075928,0.7385922074317932,-0.049890801310539246,0.9007320404052734,0.7405571341514587,-0.01373355370014906,0.9715169668197632,0.6520295143127441,-0.03725556656718254,0.9690691232681274,0.6523598432540894,-0.0676787719130516,0.9598274827003479,0.7370630502700806,-0.04839031770825386,0.9516211748123169,0.7481628060340881,-0.02288360893726349,इ
0.0,0.0,0.0,0.0,0.0,0.0,0.0,0.0,0.0,0.0,0.0,0.0,0.0,0.0,0.0,0.0,0.0,0.0,0.0,0.0,0.0,0.0,0.0,0.0,0.0,0.0,0.0,0.0,0.0,0.0,0.0,0.0,0.0,0.0,0.0,0.0,0.0,0.0,0.0,0.0,0.0,0.0,0.0,0.0,0.0,0.0,0.0,0.0,0.0,0.0,0.0,0.0,0.0,0.0,0.0,0.0,0.0,0.0,0.0,0.0,0.0,0.0,0.0,0.9514696002006531,0.8996768593788147,-5.527630833057628e-07,0.8715602159500122,0.9085233211517334,-0.030105577781796455,0.7730711102485657,0.7871235609054565,-0.04134690761566162,0.7542002201080322,0.6503344178199768,-0.05835644155740738,0.8071788549423218,0.6403391361236572,-0.06922473013401031,0.8109224438667297,0.6265953779220581,0.008589750155806541,0.8128246068954468,0.49565762281417847,-0.0420096181333065,0.808042049407959,0.4721742570400238,-0.05890273302793503,0.812654435634613,0.4741955101490021,-0.060919638723134995,0.8701652884483337,0.6352723836898804,0.0028589970897883177,0.8712627291679382,0.5867210626602173,-0.058844126760959625,0.8665553331375122,0.7112765908241272,-0.051755454391241074,0.8541046380996704,0.7200366854667664,-0.026401828974485397,0.9227446913719177,0.6496325135231018,-0.015239840373396873,0.9276447892189026,0.6205856800079346,-0.07489345222711563,0.9175229072570801,0.7417386174201965,-0.04693978652358055,0.9048327803611755,0.7448757290840149,-0.0098688630387187,0.9776511788368225,0.6598231792449951,-0.037573814392089844,0.970014750957489,0.6504746079444885,-0.06556466966867447,0.9624834060668945,0.7395423054695129,-0.043962229043245316,0.9585274457931519,0.7535844445228577,-0.017788993194699287,इ
0.0,0.0,0.0,0.0,0.0,0.0,0.0,0.0,0.0,0.0,0.0,0.0,0.0,0.0,0.0,0.0,0.0,0.0,0.0,0.0,0.0,0.0,0.0,0.0,0.0,0.0,0.0,0.0,0.0,0.0,0.0,0.0,0.0,0.0,0.0,0.0,0.0,0.0,0.0,0.0,0.0,0.0,0.0,0.0,0.0,0.0,0.0,0.0,0.0,0.0,0.0,0.0,0.0,0.0,0.0,0.0,0.0,0.0,0.0,0.0,0.0,0.0,0.0,0.9534547328948975,0.8959311246871948,-5.26841006376344e-07,0.8731627464294434,0.9039284586906433,-0.034413766115903854,0.7761580348014832,0.7895146608352661,-0.04812357947230339,0.759627640247345,0.6530233025550842,-0.06667054444551468,0.8135244250297546,0.6371171474456787,-0.07843945175409317,0.8113587498664856,0.6262297034263611,0.005288505461066961,0.8120585083961487,0.49889349937438965,-0.04715670645236969,0.810979962348938,0.4722011685371399,-0.06480850279331207,0.8175864219665527,0.4737788140773773,-0.06687120348215103,0.8720747232437134,0.6345294713973999,0.0012824751902371645,0.8830146789550781,0.5884752869606018,-0.061458781361579895,0.8790185451507568,0.7136702537536621,-0.053381145000457764,0.8595960140228271,0.7211255431175232,-0.027241859585046768,0.9272112250328064,0.6491906046867371,-0.01564965769648552,0.9405579566955566,0.6227393746376038,-0.07690377533435822,0.9310948252677917,0.7430486679077148,-0.04769520089030266,0.9114596247673035,0.7462965250015259,-0.009653766639530659,0.9840670824050903,0.6612635254859924,-0.03719422221183777,0.9837265014648438,0.6530519127845764,-0.06801668554544449,0.9762612581253052,0.7401737570762634,-0.0469001829624176,0.9669976234436035,0.7541935443878174,-0.020449360832571983,इ
0.0,0.0,0.0,0.0,0.0,0.0,0.0,0.0,0.0,0.0,0.0,0.0,0.0,0.0,0.0,0.0,0.0,0.0,0.0,0.0,0.0,0.0,0.0,0.0,0.0,0.0,0.0,0.0,0.0,0.0,0.0,0.0,0.0,0.0,0.0,0.0,0.0,0.0,0.0,0.0,0.0,0.0,0.0,0.0,0.0,0.0,0.0,0.0,0.0,0.0,0.0,0.0,0.0,0.0,0.0,0.0,0.0,0.0,0.0,0.0,0.0,0.0,0.0,0.9507535099983215,0.8905092477798462,-5.001303406970692e-07,0.8689303398132324,0.9032434225082397,-0.030949033796787262,0.774168074131012,0.7818393111228943,-0.04133348539471626,0.7607179880142212,0.6445079445838928,-0.05651469901204109,0.815935492515564,0.6374450325965881,-0.06533601880073547,0.8118288516998291,0.6279044151306152,0.006513167638331652,0.8165241479873657,0.4952295422554016,-0.044569261372089386,0.8111565709114075,0.4673656225204468,-0.06317024677991867,0.8146653771400452,0.47339075803756714,-0.06647977232933044,0.8692681193351746,0.6361402869224548,0.0018338687950745225,0.8753172755241394,0.5848715901374817,-0.061761803925037384,0.8704007267951965,0.704041600227356,-0.05763830989599228,0.8568759560585022,0.7199920415878296,-0.0343027263879776,0.9196895956993103,0.6487747430801392,-0.01491499226540327,0.9293803572654724,0.6197801828384399,-0.07475195825099945,0.9206527471542358,0.7363742589950562,-0.04789075627923012,0.9052526354789734,0.7433496117591858,-0.011676584370434284,0.9725801944732666,0.6563348770141602,-0.03608813136816025,0.9696159958839417,0.6499991416931152,-0.06553953886032104,0.964169442653656,0.7363185286521912,-0.045794785022735596,0.957843005657196,0.7499932050704956,-0.020880168303847313,इ
0.0,0.0,0.0,0.0,0.0,0.0,0.0,0.0,0.0,0.0,0.0,0.0,0.0,0.0,0.0,0.0,0.0,0.0,0.0,0.0,0.0,0.0,0.0,0.0,0.0,0.0,0.0,0.0,0.0,0.0,0.0,0.0,0.0,0.0,0.0,0.0,0.0,0.0,0.0,0.0,0.0,0.0,0.0,0.0,0.0,0.0,0.0,0.0,0.0,0.0,0.0,0.0,0.0,0.0,0.0,0.0,0.0,0.0,0.0,0.0,0.0,0.0,0.0,0.9555313587188721,0.8956881165504456,-4.786922431776475e-07,0.8744814395904541,0.9079387187957764,-0.0283937007188797,0.7776228785514832,0.7860735058784485,-0.03845719248056412,0.7619168758392334,0.6475512981414795,-0.05418740585446358,0.814504086971283,0.63932865858078,-0.06415160745382309,0.8129850625991821,0.6315374970436096,0.008666341193020344,0.8166115880012512,0.5009881258010864,-0.040933459997177124,0.8110802173614502,0.47140830755233765,-0.058936357498168945,0.8168913125991821,0.47387585043907166,-0.06280799955129623,0.8703163862228394,0.6371778249740601,0.001570182852447033,0.8673018217086792,0.5847421884536743,-0.061424434185028076,0.8632825016975403,0.7047882080078125,-0.057442788034677505,0.8570591807365417,0.719508171081543,-0.034515220671892166,0.921150803565979,0.6494383215904236,-0.017303913831710815,0.9233214855194092,0.617742657661438,-0.0770602896809578,0.9153450131416321,0.7369161248207092,-0.04982175678014755,0.9072216749191284,0.7429782152175903,-0.013343282975256443,0.9746862053871155,0.6586728692054749,-0.04050184041261673,0.9652340412139893,0.6501749753952026,-0.0697343647480011,0.9588866233825684,0.7370917201042175,-0.04990805312991142,0.9574178457260132,0.7489533424377441,-0.025204451754689217,इ
0.0,0.0,0.0,0.0,0.0,0.0,0.0,0.0,0.0,0.0,0.0,0.0,0.0,0.0,0.0,0.0,0.0,0.0,0.0,0.0,0.0,0.0,0.0,0.0,0.0,0.0,0.0,0.0,0.0,0.0,0.0,0.0,0.0,0.0,0.0,0.0,0.0,0.0,0.0,0.0,0.0,0.0,0.0,0.0,0.0,0.0,0.0,0.0,0.0,0.0,0.0,0.0,0.0,0.0,0.0,0.0,0.0,0.0,0.0,0.0,0.0,0.0,0.0,0.950415849685669,0.8918169736862183,-5.256230224404135e-07,0.871972382068634,0.9062557816505432,-0.0295102521777153,0.7738460302352905,0.7870112061500549,-0.04066752269864082,0.7591882944107056,0.6484822630882263,-0.057675641030073166,0.8175819516181946,0.6376524567604065,-0.06790627539157867,0.8122052550315857,0.6233440637588501,0.008495992980897427,0.8141171932220459,0.49307626485824585,-0.04387294128537178,0.8102427124977112,0.46608802676200867,-0.06253088265657425,0.8140153884887695,0.4765148460865021,-0.06524869799613953,0.8686447739601135,0.6316761374473572,0.0030071090441197157,0.8733622431755066,0.590901792049408,-0.06102722883224487,0.8710194230079651,0.7103154063224792,-0.0548517145216465,0.8568562865257263,0.7218999862670898,-0.029864246025681496,0.919124186038971,0.6458307504653931,-0.01486523449420929,0.9264995455741882,0.6224032640457153,-0.07581698149442673,0.9202361702919006,0.7390620112419128,-0.04597436264157295,0.9053695201873779,0.7452196478843689,-0.007310931570827961,0.9725717902183533,0.655193567276001,-0.03716312348842621,0.9703033566474915,0.6487734317779541,-0.06935448944568634,0.9648722410202026,0.7365822792053223,-0.04919856786727905,0.9563796520233154,0.752066433429718,-0.022877182811498642,इ
0.0,0.0,0.0,0.0,0.0,0.0,0.0,0.0,0.0,0.0,0.0,0.0,0.0,0.0,0.0,0.0,0.0,0.0,0.0,0.0,0.0,0.0,0.0,0.0,0.0,0.0,0.0,0.0,0.0,0.0,0.0,0.0,0.0,0.0,0.0,0.0,0.0,0.0,0.0,0.0,0.0,0.0,0.0,0.0,0.0,0.0,0.0,0.0,0.0,0.0,0.0,0.0,0.0,0.0,0.0,0.0,0.0,0.0,0.0,0.0,0.0,0.0,0.0,0.9461531043052673,0.8947667479515076,-5.159571969670651e-07,0.8656116724014282,0.9040385484695435,-0.03363075107336044,0.7709988951683044,0.7837417721748352,-0.04655861854553223,0.7575315237045288,0.6470617055892944,-0.06454039365053177,0.8139665126800537,0.6401680707931519,-0.07624468952417374,0.8101093769073486,0.623810350894928,0.0039468747563660145,0.8146041631698608,0.49327731132507324,-0.04860991984605789,0.8118207454681396,0.46857112646102905,-0.067234106361866,0.8165282607078552,0.47876831889152527,-0.06987056881189346,0.8701199889183044,0.6319965720176697,-0.0006942791515029967,0.876582145690918,0.5875294208526611,-0.06426548957824707,0.8711321949958801,0.708182692527771,-0.05873962864279747,0.8563758730888367,0.7218787670135498,-0.034373536705970764,0.9231507778167725,0.6477136611938477,-0.017871517688035965,0.9328924417495728,0.6241949796676636,-0.07946699857711792,0.9223986864089966,0.7414417862892151,-0.05164140462875366,0.9060325622558594,0.7479144334793091,-0.014096091501414776,0.9787850379943848,0.6601669788360596,-0.03958820551633835,0.9737482666969299,0.6533067226409912,-0.07046110183000565,0.9659010767936707,0.7392461895942688,-0.04953695833683014,0.9588058590888977,0.7545825242996216,-0.023012282326817513,इ
0.0,0.0,0.0,0.0,0.0,0.0,0.0,0.0,0.0,0.0,0.0,0.0,0.0,0.0,0.0,0.0,0.0,0.0,0.0,0.0,0.0,0.0,0.0,0.0,0.0,0.0,0.0,0.0,0.0,0.0,0.0,0.0,0.0,0.0,0.0,0.0,0.0,0.0,0.0,0.0,0.0,0.0,0.0,0.0,0.0,0.0,0.0,0.0,0.0,0.0,0.0,0.0,0.0,0.0,0.0,0.0,0.0,0.0,0.0,0.0,0.0,0.0,0.0,0.9459047913551331,0.8841539621353149,-5.456743110698881e-07,0.865972638130188,0.8958594799041748,-0.029863905161619186,0.7717710733413696,0.779320240020752,-0.041212048381567,0.7562708258628845,0.644538938999176,-0.057773295789957047,0.8073022365570068,0.6337222456932068,-0.06829970329999924,0.8111436367034912,0.6175049543380737,0.005644625518471003,0.8140445351600647,0.4900951385498047,-0.04527280479669571,0.8089582920074463,0.46189969778060913,-0.06403981894254684,0.8131756782531738,0.47114259004592896,-0.06774348765611649,0.869196355342865,0.6255654096603394,-0.0007911626016721129,0.8729374408721924,0.5831193327903748,-0.06384100764989853,0.8704225420951843,0.700827956199646,-0.059100035578012466,0.8587962985038757,0.7148621082305908,-0.03607641160488129,0.921722412109375,0.6391457915306091,-0.019139543175697327,0.9289882183074951,0.6171644926071167,-0.08038326352834702,0.9207164645195007,0.7335825562477112,-0.052084751427173615,0.9058787226676941,0.7411078214645386,-0.015019871294498444,0.9763669967651367,0.6500994563102722,-0.041799139231443405,0.9725611805915833,0.6454451084136963,-0.07410530000925064,0.9653101563453674,0.734355628490448,-0.05370626598596573,0.9569609761238098,0.7496182918548584,-0.027848098427057266,इ
0.0,0.0,0.0,0.0,0.0,0.0,0.0,0.0,0.0,0.0,0.0,0.0,0.0,0.0,0.0,0.0,0.0,0.0,0.0,0.0,0.0,0.0,0.0,0.0,0.0,0.0,0.0,0.0,0.0,0.0,0.0,0.0,0.0,0.0,0.0,0.0,0.0,0.0,0.0,0.0,0.0,0.0,0.0,0.0,0.0,0.0,0.0,0.0,0.0,0.0,0.0,0.0,0.0,0.0,0.0,0.0,0.0,0.0,0.0,0.0,0.0,0.0,0.0,0.9461038112640381,0.8777684569358826,-5.608622473118885e-07,0.8661646246910095,0.8865652680397034,-0.037298958748579025,0.7721092700958252,0.7742372155189514,-0.04996654763817787,0.7574441432952881,0.6409604549407959,-0.06574403494596481,0.8038872480392456,0.6186987161636353,-0.07290820777416229,0.8070065379142761,0.6106948256492615,-0.00021612003911286592,0.8075490593910217,0.480235755443573,-0.05930481106042862,0.8064884543418884,0.4566168189048767,-0.07906545698642731,0.8121417760848999,0.47007912397384644,-0.0791802778840065,0.8666172623634338,0.6209439039230347,-0.0009440855938009918,0.8725813031196594,0.5732293128967285,-0.06453105807304382,0.8712033629417419,0.6991369724273682,-0.05330916494131088,0.8542777895927429,0.7035549283027649,-0.023975543677806854,0.9199901223182678,0.6338472366333008,-0.015562365762889385,0.9298135042190552,0.6068553924560547,-0.08066580444574356,0.9226835370063782,0.7286058664321899,-0.0492713563144207,0.9068116545677185,0.7285833358764648,-0.007897687144577503,0.9770724177360535,0.642666220664978,-0.03464856743812561,0.9744089841842651,0.6324684619903564,-0.0676780566573143,0.9684896469116211,0.7220911383628845,-0.04456474259495735,0.961860716342926,0.7359721660614014,-0.015345859341323376,इ
0.0,0.0,0.0,0.0,0.0,0.0,0.0,0.0,0.0,0.0,0.0,0.0,0.0,0.0,0.0,0.0,0.0,0.0,0.0,0.0,0.0,0.0,0.0,0.0,0.0,0.0,0.0,0.0,0.0,0.0,0.0,0.0,0.0,0.0,0.0,0.0,0.0,0.0,0.0,0.0,0.0,0.0,0.0,0.0,0.0,0.0,0.0,0.0,0.0,0.0,0.0,0.0,0.0,0.0,0.0,0.0,0.0,0.0,0.0,0.0,0.0,0.0,0.0,0.9435513615608215,0.8683874011039734,-5.090052468403883e-07,0.8591914772987366,0.877663254737854,-0.030730538070201874,0.7621797919273376,0.7557283639907837,-0.04081425815820694,0.7506870627403259,0.6175751686096191,-0.05585077032446861,0.8077235221862793,0.6169852018356323,-0.06405317038297653,0.8051719665527344,0.6010733246803284,0.006732090841978788,0.8059879541397095,0.4766388535499573,-0.04620523750782013,0.8005932569503784,0.45018017292022705,-0.06567451357841492,0.8056238889694214,0.455941379070282,-0.06925372779369354,0.8681244254112244,0.6094076633453369,0.002115730894729495,0.8719778060913086,0.5645465850830078,-0.059998080134391785,0.8654381036758423,0.6867656111717224,-0.05243449658155441,0.8530905246734619,0.6964097619056702,-0.027219949290156364,0.9222762584686279,0.6263031959533691,-0.015179268084466457,0.9276708960533142,0.60154789686203,-0.07326840609312057,0.9168068766593933,0.7192027568817139,-0.041957344859838486,0.9045170545578003,0.7212511301040649,-0.00311154848895967,0.9791626334190369,0.6370678544044495,-0.0370287150144577,0.9694517254829407,0.6317979097366333,-0.06398710608482361,0.9604905843734741,0.7183711528778076,-0.040945783257484436,0.9562147259712219,0.7326220273971558,-0.013978668488562107,इ
0.0,0.0,0.0,0.0,0.0,0.0,0.0,0.0,0.0,0.0,0.0,0.0,0.0,0.0,0.0,0.0,0.0,0.0,0.0,0.0,0.0,0.0,0.0,0.0,0.0,0.0,0.0,0.0,0.0,0.0,0.0,0.0,0.0,0.0,0.0,0.0,0.0,0.0,0.0,0.0,0.0,0.0,0.0,0.0,0.0,0.0,0.0,0.0,0.0,0.0,0.0,0.0,0.0,0.0,0.0,0.0,0.0,0.0,0.0,0.0,0.0,0.0,0.0,0.9437893629074097,0.8469340801239014,-5.076398679193517e-07,0.8568148612976074,0.8639107346534729,-0.030524861067533493,0.760248601436615,0.7503688931465149,-0.040334027260541916,0.7413281798362732,0.6108731627464294,-0.05485038086771965,0.7921633720397949,0.6007699370384216,-0.0634414479136467,0.8006196022033691,0.5947596430778503,0.007046937942504883,0.8005122542381287,0.4697147607803345,-0.04226710647344589,0.792275071144104,0.440401166677475,-0.06033377721905708,0.797181248664856,0.4417645037174225,-0.06388823688030243,0.8627150654792786,0.598241925239563,0.0020492402836680412,0.8616234660148621,0.5526763200759888,-0.05954328179359436,0.8565026521682739,0.6711858510971069,-0.0543719120323658,0.8486252427101135,0.6870532035827637,-0.030882911756634712,0.9176095128059387,0.6095626354217529,-0.014824709855020046,0.9201030135154724,0.5847384333610535,-0.07385572046041489,0.9110039472579956,0.7018599510192871,-0.04534163326025009,0.9007144570350647,0.7094171047210693,-0.008161467500030994,0.9746116995811462,0.6168909668922424,-0.03596574813127518,0.965550422668457,0.6151752471923828,-0.06404847651720047,0.9574872255325317,0.7026986479759216,-0.04239171743392944,0.9538843035697937,0.718632698059082,-0.016436830163002014,इ
0.0,0.0,0.0,0.0,0.0,0.0,0.0,0.0,0.0,0.0,0.0,0.0,0.0,0.0,0.0,0.0,0.0,0.0,0.0,0.0,0.0,0.0,0.0,0.0,0.0,0.0,0.0,0.0,0.0,0.0,0.0,0.0,0.0,0.0,0.0,0.0,0.0,0.0,0.0,0.0,0.0,0.0,0.0,0.0,0.0,0.0,0.0,0.0,0.0,0.0,0.0,0.0,0.0,0.0,0.0,0.0,0.0,0.0,0.0,0.0,0.0,0.0,0.0,0.9172351360321045,0.8418510556221008,-5.177211050977348e-07,0.8408665657043457,0.8417055606842041,-0.033116552978754044,0.7482497692108154,0.7292996048927307,-0.044018808752298355,0.7304406762123108,0.6007584929466248,-0.05875129625201225,0.7839151620864868,0.5861852169036865,-0.06682483851909637,0.7860714793205261,0.5759332776069641,0.002732769586145878,0.7830067276954651,0.45415234565734863,-0.04643436148762703,0.7772445678710938,0.42659202218055725,-0.061303816735744476,0.7809983491897583,0.42263948917388916,-0.06179364025592804,0.8457439541816711,0.5806074738502502,-0.0012176989112049341,0.850016176700592,0.5412279963493347,-0.05911625176668167,0.8501598834991455,0.6620217561721802,-0.04932563751935959,0.837191104888916,0.6670136451721191,-0.02273261919617653,0.9003282785415649,0.5916296243667603,-0.01759054884314537,0.9075506329536438,0.5727534890174866,-0.07543286681175232,0.901380717754364,0.6872972846031189,-0.0490632988512516,0.885827362537384,0.6861408948898315,-0.01349323708564043,0.9568631649017334,0.6028484106063843,-0.03835032507777214,0.9554359912872314,0.598964273929596,-0.06560640037059784,0.9475634098052979,0.6807510256767273,-0.045665618032217026,0.93819260597229,0.6935905814170837,-0.02086394838988781,इ
0.0,0.0,0.0,0.0,0.0,0.0,0.0,0.0,0.0,0.0,0.0,0.0,0.0,0.0,0.0,0.0,0.0,0.0,0.0,0.0,0.0,0.0,0.0,0.0,0.0,0.0,0.0,0.0,0.0,0.0,0.0,0.0,0.0,0.0,0.0,0.0,0.0,0.0,0.0,0.0,0.0,0.0,0.0,0.0,0.0,0.0,0.0,0.0,0.0,0.0,0.0,0.0,0.0,0.0,0.0,0.0,0.0,0.0,0.0,0.0,0.0,0.0,0.0,0.9102981686592102,0.8321677446365356,-5.340335178516398e-07,0.8310725092887878,0.8296093344688416,-0.03305128216743469,0.7396227717399597,0.717411994934082,-0.045285291969776154,0.7238211035728455,0.5897271633148193,-0.06114669889211655,0.7752408385276794,0.5763618350028992,-0.06938719004392624,0.7794004678726196,0.560486376285553,-0.0017965576844289899,0.7726643085479736,0.4356115460395813,-0.056024692952632904,0.7678200006484985,0.41015759110450745,-0.07371065765619278,0.7712460160255432,0.4149478077888489,-0.07465439289808273,0.8402842283248901,0.5695987343788147,-0.006087887566536665,0.8407673239707947,0.5312641859054565,-0.0671965703368187,0.8412654995918274,0.6486619114875793,-0.058447640389204025,0.8305681347846985,0.6489628553390503,-0.0323980450630188,0.8951556086540222,0.5827056765556335,-0.022757751867175102,0.8963519930839539,0.5632645487785339,-0.08269408345222473,0.8906218409538269,0.6766449809074402,-0.05311775952577591,0.8792529702186584,0.6696217656135559,-0.014769806526601315,0.9530839323997498,0.5938485264778137,-0.0438818484544754,0.9453332424163818,0.5872371196746826,-0.07192832231521606,0.9373679757118225,0.6685286164283752,-0.049218155443668365,0.9306548237800598,0.6774919033050537,-0.02166396751999855,इ
0.0,0.0,0.0,0.0,0.0,0.0,0.0,0.0,0.0,0.0,0.0,0.0,0.0,0.0,0.0,0.0,0.0,0.0,0.0,0.0,0.0,0.0,0.0,0.0,0.0,0.0,0.0,0.0,0.0,0.0,0.0,0.0,0.0,0.0,0.0,0.0,0.0,0.0,0.0,0.0,0.0,0.0,0.0,0.0,0.0,0.0,0.0,0.0,0.0,0.0,0.0,0.0,0.0,0.0,0.0,0.0,0.0,0.0,0.0,0.0,0.0,0.0,0.0,0.9027454257011414,0.8328912258148193,-5.7517542018104e-07,0.8188934326171875,0.8230026364326477,-0.03024326264858246,0.7274477481842041,0.7110855579376221,-0.04056604951620102,0.7163347601890564,0.5879244208335876,-0.05456104129552841,0.7696579098701477,0.573187530040741,-0.061478141695261,0.7679945826530457,0.5561065077781677,0.0015098140574991703,0.7618732452392578,0.4270254969596863,-0.04980486258864403,0.7579534649848938,0.40290331840515137,-0.06658322364091873,0.7605181932449341,0.412350058555603,-0.0669032633304596,0.8275025486946106,0.5640484094619751,-0.0027872049249708652,0.827944278717041,0.5260001420974731,-0.059387460350990295,0.8315941095352173,0.6425095200538635,-0.05040751025080681,0.8226837515830994,0.648051381111145,-0.02496270090341568,0.8827754259109497,0.5762561559677124,-0.01911110244691372,0.8829972743988037,0.5618782043457031,-0.07529791444540024,0.8789696097373962,0.6736562848091125,-0.0497538261115551,0.8688263297080994,0.6676517128944397,-0.014987080357968807,0.9403982758522034,0.5891463756561279,-0.039472002536058426,0.9302402138710022,0.5859887599945068,-0.0644930824637413,0.9226635694503784,0.6645090579986572,-0.04335997998714447,0.9177960753440857,0.6709783673286438,-0.01775604672729969,इ
0.0,0.0,0.0,0.0,0.0,0.0,0.0,0.0,0.0,0.0,0.0,0.0,0.0,0.0,0.0,0.0,0.0,0.0,0.0,0.0,0.0,0.0,0.0,0.0,0.0,0.0,0.0,0.0,0.0,0.0,0.0,0.0,0.0,0.0,0.0,0.0,0.0,0.0,0.0,0.0,0.0,0.0,0.0,0.0,0.0,0.0,0.0,0.0,0.0,0.0,0.0,0.0,0.0,0.0,0.0,0.0,0.0,0.0,0.0,0.0,0.0,0.0,0.0,0.889711856842041,0.8285634517669678,-5.575035402216599e-07,0.8050378561019897,0.8140225410461426,-0.03358503431081772,0.7184682488441467,0.7124859690666199,-0.0480622835457325,0.705213189125061,0.5948043465614319,-0.0655478909611702,0.7545706033706665,0.5689738392829895,-0.0753433108329773,0.7584977746009827,0.5493423342704773,-0.0036388474982231855,0.7536708116531372,0.41979438066482544,-0.059472862631082535,0.7475478053092957,0.39822253584861755,-0.07818632572889328,0.7474426031112671,0.41197723150253296,-0.0784434899687767,0.8184926509857178,0.5614483952522278,-0.006859420333057642,0.8199135661125183,0.5256175994873047,-0.06512441486120224,0.8231688141822815,0.6409323215484619,-0.05551564320921898,0.8114780187606812,0.6398701071739197,-0.029463250190019608,0.873571515083313,0.5747643113136292,-0.0225866436958313,0.8750048279762268,0.5608936548233032,-0.08114653080701828,0.8695772886276245,0.6702826619148254,-0.055856022983789444,0.855682909488678,0.6609536409378052,-0.020685996860265732,0.9299206137657166,0.5896683931350708,-0.04260458052158356,0.9244188666343689,0.5869784355163574,-0.07031986117362976,0.9150130748748779,0.6635962128639221,-0.05019133910536766,0.9056074023246765,0.6703027486801147,-0.02440783381462097,इ
0.0,0.0,0.0,0.0,0.0,0.0,0.0,0.0,0.0,0.0,0.0,0.0,0.0,0.0,0.0,0.0,0.0,0.0,0.0,0.0,0.0,0.0,0.0,0.0,0.0,0.0,0.0,0.0,0.0,0.0,0.0,0.0,0.0,0.0,0.0,0.0,0.0,0.0,0.0,0.0,0.0,0.0,0.0,0.0,0.0,0.0,0.0,0.0,0.0,0.0,0.0,0.0,0.0,0.0,0.0,0.0,0.0,0.0,0.0,0.0,0.0,0.0,0.0,0.8781529664993286,0.821024477481842,-5.706487513634784e-07,0.794802188873291,0.8042759299278259,-0.029803112149238586,0.7099723219871521,0.7028875350952148,-0.04356202483177185,0.6948080658912659,0.5874181985855103,-0.06154356896877289,0.7461694478988647,0.5636722445487976,-0.07230807095766068,0.7504605054855347,0.5405812859535217,-0.0007337448769249022,0.7481489181518555,0.4103115200996399,-0.05420655757188797,0.7412528395652771,0.3921663165092468,-0.07091943919658661,0.7399927973747253,0.40779244899749756,-0.07019698619842529,0.809266984462738,0.5537368059158325,-0.005865495186299086,0.8048340082168579,0.5187314748764038,-0.06316129118204117,0.8099437355995178,0.6352224349975586,-0.05382837727665901,0.8046874403953552,0.6350958943367004,-0.02814255841076374,0.864844560623169,0.5673895478248596,-0.02292622998356819,0.8598154187202454,0.5530543923377991,-0.07934688031673431,0.8558732271194458,0.6620438098907471,-0.05316787213087082,0.8481939435005188,0.6520538926124573,-0.017801018431782722,0.9205108284950256,0.5821559429168701,-0.04400735720992088,0.9079074859619141,0.5723559260368347,-0.06891606003046036,0.8995891809463501,0.6490035057067871,-0.04683663696050644,0.8968216776847839,0.6561201810836792,-0.02005087584257126,इ
0.0,0.0,0.0,0.0,0.0,0.0,0.0,0.0,0.0,0.0,0.0,0.0,0.0,0.0,0.0,0.0,0.0,0.0,0.0,0.0,0.0,0.0,0.0,0.0,0.0,0.0,0.0,0.0,0.0,0.0,0.0,0.0,0.0,0.0,0.0,0.0,0.0,0.0,0.0,0.0,0.0,0.0,0.0,0.0,0.0,0.0,0.0,0.0,0.0,0.0,0.0,0.0,0.0,0.0,0.0,0.0,0.0,0.0,0.0,0.0,0.0,0.0,0.0,0.8668890595436096,0.8150513172149658,-5.541348286897119e-07,0.7850015163421631,0.7971880435943604,-0.03217089921236038,0.7021278738975525,0.703010082244873,-0.048099834471940994,0.6887815594673157,0.5908076167106628,-0.0673004612326622,0.7381173968315125,0.558271050453186,-0.0783584862947464,0.7395820021629333,0.5375319719314575,-0.005128601565957069,0.7375629544258118,0.40914011001586914,-0.06132189556956291,0.7333582639694214,0.3884320855140686,-0.07934438437223434,0.7323368191719055,0.40584999322891235,-0.0789082795381546,0.7989537119865417,0.5509078502655029,-0.009070007130503654,0.7987176775932312,0.5187775492668152,-0.06882751733064651,0.8032273650169373,0.6332379579544067,-0.060054242610931396,0.7920754551887512,0.6337509751319885,-0.034564580768346786,0.8541595339775085,0.5646066069602966,-0.025117304176092148,0.8547272682189941,0.5543006062507629,-0.08391746878623962,0.8496460318565369,0.661490797996521,-0.05775262042880058,0.8356757760047913,0.651755154132843,-0.02219860441982746,0.91014564037323,0.5800158381462097,-0.045328013598918915,0.9049760103225708,0.5767138004302979,-0.0740688294172287,0.8963170051574707,0.6527420878410339,-0.05407373607158661,0.8871236443519592,0.6595906615257263,-0.02804163470864296,इ
0.0,0.0,0.0,0.0,0.0,0.0,0.0,0.0,0.0,0.0,0.0,0.0,0.0,0.0,0.0,0.0,0.0,0.0,0.0,0.0,0.0,0.0,0.0,0.0,0.0,0.0,0.0,0.0,0.0,0.0,0.0,0.0,0.0,0.0,0.0,0.0,0.0,0.0,0.0,0.0,0.0,0.0,0.0,0.0,0.0,0.0,0.0,0.0,0.0,0.0,0.0,0.0,0.0,0.0,0.0,0.0,0.0,0.0,0.0,0.0,0.0,0.0,0.0,0.8604392409324646,0.8156356811523438,-5.17290175139351e-07,0.7791334986686707,0.795094907283783,-0.03401552513241768,0.6961687803268433,0.7020699977874756,-0.05209096893668175,0.6799442768096924,0.5900203585624695,-0.0735045000910759,0.7303591370582581,0.5528121590614319,-0.08719082921743393,0.7369781136512756,0.5325049161911011,-0.0038073023315519094,0.7343932390213013,0.40966570377349854,-0.05884568393230438,0.728226900100708,0.3875136077404022,-0.07749965041875839,0.7276557683944702,0.40279141068458557,-0.07828541845083237,0.7955753207206726,0.5466496348381042,-0.008069353178143501,0.7906485795974731,0.5142940282821655,-0.06754183769226074,0.794779896736145,0.6294692158699036,-0.05999036878347397,0.7890725135803223,0.6295831799507141,-0.03517620638012886,0.8507341146469116,0.5624741911888123,-0.0245675016194582,0.8482177257537842,0.5531440377235413,-0.08337947726249695,0.842365026473999,0.6589592695236206,-0.057917289435863495,0.8323337435722351,0.6483004093170166,-0.022554531693458557,0.9066581130027771,0.5809191465377808,-0.04546993225812912,0.8981867432594299,0.5752807259559631,-0.07371793687343597,0.8874198794364929,0.6501451134681702,-0.053238749504089355,0.8800026178359985,0.6562798023223877,-0.02694389410316944,इ
0.0,0.0,0.0,0.0,0.0,0.0,0.0,0.0,0.0,0.0,0.0,0.0,0.0,0.0,0.0,0.0,0.0,0.0,0.0,0.0,0.0,0.0,0.0,0.0,0.0,0.0,0.0,0.0,0.0,0.0,0.0,0.0,0.0,0.0,0.0,0.0,0.0,0.0,0.0,0.0,0.0,0.0,0.0,0.0,0.0,0.0,0.0,0.0,0.0,0.0,0.0,0.0,0.0,0.0,0.0,0.0,0.0,0.0,0.0,0.0,0.0,0.0,0.0,0.857466995716095,0.8099678754806519,-5.503821967067779e-07,0.7766618728637695,0.7926448583602905,-0.032166529446840286,0.6958155632019043,0.6977798938751221,-0.04828542098402977,0.6807474493980408,0.585248589515686,-0.06743018329143524,0.7260992527008057,0.5546509623527527,-0.07880252599716187,0.7327467799186707,0.5335647463798523,-0.005397909786552191,0.7311216592788696,0.4043866991996765,-0.060036610811948776,0.7263133525848389,0.3836830258369446,-0.07753951102495193,0.7242544889450073,0.40200164914131165,-0.07695824652910233,0.7915010452270508,0.5465700030326843,-0.009313393384218216,0.7874323129653931,0.5154439806938171,-0.06727657467126846,0.7941517233848572,0.6281416416168213,-0.05855165794491768,0.7871785759925842,0.6286608576774597,-0.03340686485171318,0.8470463752746582,0.560676634311676,-0.025050798431038857,0.8427020907402039,0.5493754744529724,-0.083156518638134,0.8398213386535645,0.6542483568191528,-0.05805166810750961,0.8302410840988159,0.6444051265716553,-0.02319703996181488,0.902651846408844,0.5766200423240662,-0.04471075162291527,0.8917887806892395,0.5677225589752197,-0.07270774245262146,0.8843036890029907,0.6420114636421204,-0.052052002400159836,0.8786296844482422,0.6490929126739502,-0.025656763464212418,इ
0.0,0.0,0.0,0.0,0.0,0.0,0.0,0.0,0.0,0.0,0.0,0.0,0.0,0.0,0.0,0.0,0.0,0.0,0.0,0.0,0.0,0.0,0.0,0.0,0.0,0.0,0.0,0.0,0.0,0.0,0.0,0.0,0.0,0.0,0.0,0.0,0.0,0.0,0.0,0.0,0.0,0.0,0.0,0.0,0.0,0.0,0.0,0.0,0.0,0.0,0.0,0.0,0.0,0.0,0.0,0.0,0.0,0.0,0.0,0.0,0.0,0.0,0.0,0.8594385385513306,0.8116282820701599,-5.600650752057845e-07,0.7772131562232971,0.7919003367424011,-0.03093693219125271,0.6944498419761658,0.6946189403533936,-0.044418394565582275,0.6774064302444458,0.5785239934921265,-0.06144121661782265,0.7249087691307068,0.5494910478591919,-0.07114410400390625,0.7346459627151489,0.5331867933273315,0.0006391245406121016,0.7320998907089233,0.4063403606414795,-0.052025433629751205,0.7249298095703125,0.38582050800323486,-0.06935548037290573,0.7226288914680481,0.39916545152664185,-0.06882040947675705,0.791659414768219,0.5477154850959778,-0.003051796229556203,0.7868826985359192,0.5114023685455322,-0.05788091942667961,0.7902851700782776,0.6229065656661987,-0.049274880439043045,0.7831088900566101,0.6221634149551392,-0.02443316951394081,0.845546305179596,0.5615906715393066,-0.018687669187784195,0.8398622870445251,0.5437775254249573,-0.07523564994335175,0.8353239297866821,0.6489032506942749,-0.05179299786686897,0.8266628980636597,0.64018315076828,-0.017746245488524437,0.9005130529403687,0.5769124627113342,-0.0381009615957737,0.8881751894950867,0.5610150098800659,-0.06434316188097,0.8786755204200745,0.6346096396446228,-0.04363805055618286,0.8739300966262817,0.645173192024231,-0.017257085070014,इ
0.0,0.0,0.0,0.0,0.0,0.0,0.0,0.0,0.0,0.0,0.0,0.0,0.0,0.0,0.0,0.0,0.0,0.0,0.0,0.0,0.0,0.0,0.0,0.0,0.0,0.0,0.0,0.0,0.0,0.0,0.0,0.0,0.0,0.0,0.0,0.0,0.0,0.0,0.0,0.0,0.0,0.0,0.0,0.0,0.0,0.0,0.0,0.0,0.0,0.0,0.0,0.0,0.0,0.0,0.0,0.0,0.0,0.0,0.0,0.0,0.0,0.0,0.0,0.8529791831970215,0.8047038316726685,-5.208611923990247e-07,0.7744745016098022,0.7843083143234253,-0.030836615711450577,0.6949130296707153,0.6957758665084839,-0.048453252762556076,0.6781004667282104,0.5897115468978882,-0.06929364800453186,0.7215030789375305,0.5501692891120911,-0.08304809778928757,0.7324644327163696,0.5288581848144531,-0.007253807969391346,0.7292168140411377,0.4036039113998413,-0.06100732460618019,0.7229282259941101,0.37953272461891174,-0.07984298467636108,0.7220809459686279,0.3984360098838806,-0.08076689392328262,0.7898977398872375,0.5449556112289429,-0.012372487224638462,0.7868483662605286,0.5102508068084717,-0.06936836242675781,0.7918760776519775,0.6229881644248962,-0.06139017269015312,0.7871567010879517,0.6302408576011658,-0.03733599931001663,0.8445460796356201,0.5614957213401794,-0.028754446655511856,0.8425164222717285,0.5479825735092163,-0.08645253628492355,0.8376786708831787,0.6527431011199951,-0.060861069709062576,0.8291186690330505,0.6488682627677917,-0.026059215888381004,0.8996581435203552,0.5808230638504028,-0.048901867121458054,0.8921716213226318,0.5702805519104004,-0.07823871076107025,0.8827877044677734,0.6459663510322571,-0.05740134045481682,0.8760482668876648,0.6573315262794495,-0.030935851857066154,इ
0.0,0.0,0.0,0.0,0.0,0.0,0.0,0.0,0.0,0.0,0.0,0.0,0.0,0.0,0.0,0.0,0.0,0.0,0.0,0.0,0.0,0.0,0.0,0.0,0.0,0.0,0.0,0.0,0.0,0.0,0.0,0.0,0.0,0.0,0.0,0.0,0.0,0.0,0.0,0.0,0.0,0.0,0.0,0.0,0.0,0.0,0.0,0.0,0.0,0.0,0.0,0.0,0.0,0.0,0.0,0.0,0.0,0.0,0.0,0.0,0.0,0.0,0.0,0.8559046983718872,0.8053602576255798,-5.49313426745357e-07,0.7750481367111206,0.7866814136505127,-0.030975941568613052,0.6928909420967102,0.6930738687515259,-0.04658963531255722,0.674979567527771,0.5824907422065735,-0.06612364947795868,0.7203712463378906,0.5524020791053772,-0.07821512222290039,0.7334172129631042,0.5268911123275757,-0.0011165549512952566,0.7320420145988464,0.40185028314590454,-0.0553925447165966,0.7215283513069153,0.3847450017929077,-0.07275371998548508,0.7167445421218872,0.4023466110229492,-0.07195451110601425,0.7903863787651062,0.5411311388015747,-0.00604898389428854,0.7801332473754883,0.5061983466148376,-0.06207592412829399,0.783138632774353,0.6212602257728577,-0.05211920663714409,0.7796061635017395,0.618303656578064,-0.026040969416499138,0.8445688486099243,0.5554717779159546,-0.02314555086195469,0.8357017040252686,0.54110187292099,-0.08000659942626953,0.8303714990615845,0.6475929021835327,-0.05367016792297363,0.8245963454246521,0.6366779804229736,-0.017805667594075203,0.8996474742889404,0.57151198387146,-0.0442466177046299,0.8840999007225037,0.5590859055519104,-0.06914643943309784,0.8742598295211792,0.6345071196556091,-0.045774322003126144,0.8726325035095215,0.6426880955696106,-0.01783861219882965,इ
0.0,0.0,0.0,0.0,0.0,0.0,0.0,0.0,0.0,0.0,0.0,0.0,0.0,0.0,0.0,0.0,0.0,0.0,0.0,0.0,0.0,0.0,0.0,0.0,0.0,0.0,0.0,0.0,0.0,0.0,0.0,0.0,0.0,0.0,0.0,0.0,0.0,0.0,0.0,0.0,0.0,0.0,0.0,0.0,0.0,0.0,0.0,0.0,0.0,0.0,0.0,0.0,0.0,0.0,0.0,0.0,0.0,0.0,0.0,0.0,0.0,0.0,0.0,0.8531527519226074,0.803816556930542,-5.254983648228517e-07,0.7734974026679993,0.7865399718284607,-0.030970042571425438,0.6916441321372986,0.6931923031806946,-0.04903745278716087,0.6763817071914673,0.5820004343986511,-0.0711434930562973,0.7252861261367798,0.5524190664291382,-0.08577152341604233,0.7294889688491821,0.5284918546676636,-0.005056372378021479,0.7250257730484009,0.4004957675933838,-0.060346998274326324,0.7205959558486938,0.38004374504089355,-0.0782167986035347,0.7202029824256897,0.400823175907135,-0.07795987278223038,0.7871590256690979,0.5412822961807251,-0.00989618618041277,0.7820360064506531,0.5078980326652527,-0.06980329751968384,0.7870684266090393,0.621614933013916,-0.06115030497312546,0.7803594470024109,0.6257998943328857,-0.03549164906144142,0.8415946960449219,0.5551263093948364,-0.02635524421930313,0.8375029563903809,0.5442308187484741,-0.08427625149488449,0.8324169516563416,0.6489242911338806,-0.05606861039996147,0.8231124877929688,0.6428346633911133,-0.019104614853858948,0.8974383473396301,0.570762574672699,-0.046951375901699066,0.8880184292793274,0.5639210939407349,-0.07522252947092056,0.8784624338150024,0.6400324106216431,-0.05347857624292374,0.8717329502105713,0.6491091847419739,-0.026036256924271584,इ
0.0,0.0,0.0,0.0,0.0,0.0,0.0,0.0,0.0,0.0,0.0,0.0,0.0,0.0,0.0,0.0,0.0,0.0,0.0,0.0,0.0,0.0,0.0,0.0,0.0,0.0,0.0,0.0,0.0,0.0,0.0,0.0,0.0,0.0,0.0,0.0,0.0,0.0,0.0,0.0,0.0,0.0,0.0,0.0,0.0,0.0,0.0,0.0,0.0,0.0,0.0,0.0,0.0,0.0,0.0,0.0,0.0,0.0,0.0,0.0,0.0,0.0,0.0,0.8504539132118225,0.81186842918396,-4.992424464944634e-07,0.7715124487876892,0.7936726212501526,-0.030083931982517242,0.689234733581543,0.6982908844947815,-0.04890788346529007,0.6732046008110046,0.5858091711997986,-0.07284089922904968,0.7253812551498413,0.559971272945404,-0.0901699960231781,0.7303957343101501,0.5358314514160156,-0.0031954592559486628,0.7257225513458252,0.40978291630744934,-0.05688440427184105,0.7200449705123901,0.3912437856197357,-0.07472079992294312,0.7196426391601562,0.41181236505508423,-0.07514847815036774,0.7867725491523743,0.547367513179779,-0.009579232893884182,0.7790414690971375,0.5163368582725525,-0.06787977367639542,0.7844038605690002,0.6267730593681335,-0.06009495258331299,0.7815641164779663,0.6298677325248718,-0.03569520264863968,0.841251015663147,0.5620450377464294,-0.02746233530342579,0.8337929844856262,0.5522862672805786,-0.0832396149635315,0.8293102383613586,0.6544432044029236,-0.0557890422642231,0.82315593957901,0.648270845413208,-0.019917933270335197,0.8961501717567444,0.5794036984443665,-0.049619149416685104,0.8831550478935242,0.5701092481613159,-0.07488376647233963,0.8730977773666382,0.6446125507354736,-0.05189860984683037,0.8696756362915039,0.6550909280776978,-0.024346891790628433,इ
0.0,0.0,0.0,0.0,0.0,0.0,0.0,0.0,0.0,0.0,0.0,0.0,0.0,0.0,0.0,0.0,0.0,0.0,0.0,0.0,0.0,0.0,0.0,0.0,0.0,0.0,0.0,0.0,0.0,0.0,0.0,0.0,0.0,0.0,0.0,0.0,0.0,0.0,0.0,0.0,0.0,0.0,0.0,0.0,0.0,0.0,0.0,0.0,0.0,0.0,0.0,0.0,0.0,0.0,0.0,0.0,0.0,0.0,0.0,0.0,0.0,0.0,0.0,0.851310133934021,0.8068428039550781,-5.00975772865786e-07,0.7728047966957092,0.7887049913406372,-0.03316689282655716,0.6930685639381409,0.7005903124809265,-0.05296064913272858,0.6761443614959717,0.5927000045776367,-0.07623325288295746,0.7226988673210144,0.5532525777816772,-0.09173513203859329,0.7309955358505249,0.5331808924674988,-0.009161052294075489,0.7276113033294678,0.4055028259754181,-0.06683505326509476,0.7205179333686829,0.38464993238449097,-0.0864042118191719,0.7182795405387878,0.4078700840473175,-0.0866842195391655,0.7889061570167542,0.5485326647758484,-0.013631037436425686,0.7807283401489258,0.5144347548484802,-0.07358384132385254,0.7863684296607971,0.6275862455368042,-0.06465131789445877,0.7834181189537048,0.6302302479743958,-0.03895173966884613,0.8440518975257874,0.5640301704406738,-0.030075373128056526,0.8362165689468384,0.550910472869873,-0.08870092779397964,0.8316636681556702,0.654303789138794,-0.060468047857284546,0.825833797454834,0.6464130282402039,-0.02328171767294407,0.9006770849227905,0.5810198783874512,-0.05076519027352333,0.8872300386428833,0.5691884160041809,-0.07915723323822021,0.8780341148376465,0.6425070762634277,-0.05649380385875702,0.8747522234916687,0.6512398719787598,-0.028312601149082184,इ
0.0,0.0,0.0,0.0,0.0,0.0,0.0,0.0,0.0,0.0,0.0,0.0,0.0,0.0,0.0,0.0,0.0,0.0,0.0,0.0,0.0,0.0,0.0,0.0,0.0,0.0,0.0,0.0,0.0,0.0,0.0,0.0,0.0,0.0,0.0,0.0,0.0,0.0,0.0,0.0,0.0,0.0,0.0,0.0,0.0,0.0,0.0,0.0,0.0,0.0,0.0,0.0,0.0,0.0,0.0,0.0,0.0,0.0,0.0,0.0,0.0,0.0,0.0,0.854050874710083,0.8101072907447815,-5.418233968157438e-07,0.7744300365447998,0.7917956709861755,-0.02801067754626274,0.6906638741493225,0.6906840801239014,-0.04179976135492325,0.6766478419303894,0.5781702399253845,-0.05956358462572098,0.726889431476593,0.5520994067192078,-0.07098804414272308,0.732443630695343,0.5341508388519287,-0.0021439010743051767,0.728011965751648,0.40926098823547363,-0.05215433984994888,0.7222566604614258,0.38661879301071167,-0.06954757869243622,0.7217897176742554,0.39655041694641113,-0.07114247977733612,0.7888246774673462,0.5451632738113403,-0.008290058933198452,0.7824623584747314,0.5107893347740173,-0.0637463629245758,0.7879379391670227,0.6226668357849121,-0.05731271207332611,0.7856836318969727,0.6269321441650391,-0.03493973985314369,0.8433834314346313,0.5592706203460693,-0.025189638137817383,0.8372091054916382,0.5454183220863342,-0.07986500859260559,0.8330523371696472,0.6510343551635742,-0.05574634671211243,0.8275725841522217,0.644964873790741,-0.022802000865340233,0.8985413908958435,0.5762317776679993,-0.04576105624437332,0.8855564594268799,0.5635223388671875,-0.07040463387966156,0.8761929869651794,0.6393020153045654,-0.048831988126039505,0.8733735084533691,0.6493129134178162,-0.023133330047130585,इ
0.0,0.0,0.0,0.0,0.0,0.0,0.0,0.0,0.0,0.0,0.0,0.0,0.0,0.0,0.0,0.0,0.0,0.0,0.0,0.0,0.0,0.0,0.0,0.0,0.0,0.0,0.0,0.0,0.0,0.0,0.0,0.0,0.0,0.0,0.0,0.0,0.0,0.0,0.0,0.0,0.0,0.0,0.0,0.0,0.0,0.0,0.0,0.0,0.0,0.0,0.0,0.0,0.0,0.0,0.0,0.0,0.0,0.0,0.0,0.0,0.0,0.0,0.0,0.8560697436332703,0.8147798776626587,-5.049097921983048e-07,0.7759338617324829,0.7925378680229187,-0.02887718193233013,0.6922634243965149,0.6987116932868958,-0.04589267447590828,0.6749799251556396,0.58917635679245,-0.06766121089458466,0.7248436808586121,0.5603669881820679,-0.08293850719928741,0.7328081130981445,0.5367025136947632,0.0009831794304773211,0.7270232439041138,0.4166005253791809,-0.050283368676900864,0.7216817140579224,0.39130938053131104,-0.06835838407278061,0.7216253876686096,0.40044093132019043,-0.07018063217401505,0.7892830967903137,0.5464653968811035,-0.005634874105453491,0.7779719233512878,0.5118533968925476,-0.06162917986512184,0.7850440144538879,0.6267265677452087,-0.0543893463909626,0.7844091057777405,0.6308155655860901,-0.030927935615181923,0.8440349102020264,0.5593397617340088,-0.023653728887438774,0.8350745439529419,0.5493822693824768,-0.07857160270214081,0.8314365148544312,0.6556899547576904,-0.052448175847530365,0.8272429704666138,0.6491849422454834,-0.017797455191612244,0.9000789523124695,0.5759394764900208,-0.04568653553724289,0.8845260739326477,0.566991925239563,-0.06886228919029236,0.8747982978820801,0.6428871154785156,-0.04555639624595642,0.8730971217155457,0.6515635251998901,-0.018719149753451347,इ
0.0,0.0,0.0,0.0,0.0,0.0,0.0,0.0,0.0,0.0,0.0,0.0,0.0,0.0,0.0,0.0,0.0,0.0,0.0,0.0,0.0,0.0,0.0,0.0,0.0,0.0,0.0,0.0,0.0,0.0,0.0,0.0,0.0,0.0,0.0,0.0,0.0,0.0,0.0,0.0,0.0,0.0,0.0,0.0,0.0,0.0,0.0,0.0,0.0,0.0,0.0,0.0,0.0,0.0,0.0,0.0,0.0,0.0,0.0,0.0,0.0,0.0,0.0,0.8556405305862427,0.8155990242958069,-5.174716193323547e-07,0.7756208181381226,0.7969247102737427,-0.0314817950129509,0.692980170249939,0.704480767250061,-0.04977771267294884,0.6743861436843872,0.5939658880233765,-0.07237988710403442,0.7199060916900635,0.5608375072479248,-0.08771856129169464,0.732458233833313,0.5361681580543518,-0.002264892915263772,0.7287677526473999,0.41284415125846863,-0.05662068352103233,0.720185399055481,0.3907542824745178,-0.0742427185177803,0.7172903418540955,0.40650665760040283,-0.07430241256952286,0.7898687720298767,0.548310399055481,-0.008238120935857296,0.7781984210014343,0.5164034962654114,-0.06737415492534637,0.7848930358886719,0.6328662633895874,-0.05885225906968117,0.7835298776626587,0.6339271664619446,-0.03332384303212166,0.844835638999939,0.5628076195716858,-0.026187404990196228,0.834881603717804,0.5519874691963196,-0.08510099351406097,0.8317280411720276,0.6596189737319946,-0.057297732681035995,0.8265100717544556,0.6509053111076355,-0.020165786147117615,0.9008158445358276,0.5799475908279419,-0.04828735068440437,0.8853281140327454,0.5683852434158325,-0.07563702762126923,0.8761155009269714,0.6458753943443298,-0.0522870309650898,0.8729193806648254,0.655219554901123,-0.02397865429520607,इ
0.0,0.0,0.0,0.0,0.0,0.0,0.0,0.0,0.0,0.0,0.0,0.0,0.0,0.0,0.0,0.0,0.0,0.0,0.0,0.0,0.0,0.0,0.0,0.0,0.0,0.0,0.0,0.0,0.0,0.0,0.0,0.0,0.0,0.0,0.0,0.0,0.0,0.0,0.0,0.0,0.0,0.0,0.0,0.0,0.0,0.0,0.0,0.0,0.0,0.0,0.0,0.0,0.0,0.0,0.0,0.0,0.0,0.0,0.0,0.0,0.0,0.0,0.0,0.8577313423156738,0.8215327262878418,-5.453931066767836e-07,0.7752006649971008,0.8000153303146362,-0.03027360513806343,0.6924474239349365,0.7037286758422852,-0.04600406065583229,0.6753771305084229,0.5905909538269043,-0.06587406247854233,0.723090410232544,0.5622881650924683,-0.07802724838256836,0.731411874294281,0.5394777059555054,0.0014935856452211738,0.7273857593536377,0.4168524146080017,-0.05221381038427353,0.7216185927391052,0.3953336477279663,-0.07013731449842453,0.720836877822876,0.40940061211586,-0.07046649605035782,0.7887285351753235,0.5516685247421265,-0.0038279707077890635,0.776903510093689,0.5173570513725281,-0.060421206057071686,0.7836620211601257,0.6334949135780334,-0.051449280232191086,0.7825931310653687,0.6341362595558167,-0.026219191029667854,0.8436781167984009,0.5659451484680176,-0.021378083154559135,0.8326354026794434,0.5540316104888916,-0.07833857834339142,0.8294035196304321,0.6622849106788635,-0.05187646299600601,0.8253887891769409,0.6526562571525574,-0.016122180968523026,0.8999709486961365,0.5815345644950867,-0.04296058043837547,0.8827714323997498,0.5709016919136047,-0.06779049336910248,0.8731033205986023,0.64727783203125,-0.04486050456762314,0.8715319633483887,0.655237078666687,-0.01756720058619976,इ
0.0,0.0,0.0,0.0,0.0,0.0,0.0,0.0,0.0,0.0,0.0,0.0,0.0,0.0,0.0,0.0,0.0,0.0,0.0,0.0,0.0,0.0,0.0,0.0,0.0,0.0,0.0,0.0,0.0,0.0,0.0,0.0,0.0,0.0,0.0,0.0,0.0,0.0,0.0,0.0,0.0,0.0,0.0,0.0,0.0,0.0,0.0,0.0,0.0,0.0,0.0,0.0,0.0,0.0,0.0,0.0,0.0,0.0,0.0,0.0,0.0,0.0,0.0,0.8569707870483398,0.8180173635482788,-5.527240318770055e-07,0.7761623859405518,0.8020241260528564,-0.030969681218266487,0.6922770738601685,0.7055728435516357,-0.04603847116231918,0.6767249703407288,0.5919681787490845,-0.06455802172422409,0.7260388731956482,0.5648311376571655,-0.07559984177350998,0.731033444404602,0.5443110466003418,-0.0033218287862837315,0.7257746458053589,0.42001739144325256,-0.05715963616967201,0.7209460735321045,0.4012962579727173,-0.07530462741851807,0.7218963503837585,0.41311115026474,-0.0761895626783371,0.7886689901351929,0.5559089183807373,-0.00799337588250637,0.7852437496185303,0.5227996706962585,-0.06545134633779526,0.7902756929397583,0.6371314525604248,-0.05736721307039261,0.785524845123291,0.6361814737319946,-0.033286694437265396,0.8429410457611084,0.5692720413208008,-0.024467982351779938,0.8406985402107239,0.5558426380157471,-0.08164022862911224,0.8350895047187805,0.662155032157898,-0.056765418499708176,0.8269566297531128,0.6522756218910217,-0.022801730781793594,0.8987046480178833,0.5845849514007568,-0.044957052916288376,0.8901231288909912,0.576231837272644,-0.07171612977981567,0.8797759413719177,0.6523743867874146,-0.05132925882935524,0.8739705085754395,0.6607502102851868,-0.02596137672662735,इ
0.0,0.0,0.0,0.0,0.0,0.0,0.0,0.0,0.0,0.0,0.0,0.0,0.0,0.0,0.0,0.0,0.0,0.0,0.0,0.0,0.0,0.0,0.0,0.0,0.0,0.0,0.0,0.0,0.0,0.0,0.0,0.0,0.0,0.0,0.0,0.0,0.0,0.0,0.0,0.0,0.0,0.0,0.0,0.0,0.0,0.0,0.0,0.0,0.0,0.0,0.0,0.0,0.0,0.0,0.0,0.0,0.0,0.0,0.0,0.0,0.0,0.0,0.0,0.8527706265449524,0.8224540948867798,-5.26138194345549e-07,0.7738626599311829,0.8050438761711121,-0.03230491653084755,0.6923923492431641,0.7108806371688843,-0.05074245482683182,0.675577700138092,0.5993852019309998,-0.07318660616874695,0.7231910824775696,0.5704786777496338,-0.08826236426830292,0.729454755783081,0.5451458692550659,-0.004731815308332443,0.7234638929367065,0.41959112882614136,-0.05907030031085014,0.7194793224334717,0.39924585819244385,-0.07672145962715149,0.719667375087738,0.41714605689048767,-0.07698357105255127,0.7870486378669739,0.5571631193161011,-0.00990902166813612,0.7803648114204407,0.5262056589126587,-0.06943687796592712,0.7863240838050842,0.6404451131820679,-0.062001366168260574,0.7807039022445679,0.642643392086029,-0.03770352527499199,0.8416112661361694,0.5713290572166443,-0.02683599852025509,0.8358424305915833,0.562061071395874,-0.08578190207481384,0.8317493200302124,0.6687214970588684,-0.059296444058418274,0.8229665756225586,0.6613457798957825,-0.023662280291318893,0.8964699506759644,0.5878539681434631,-0.04792008921504021,0.8851656913757324,0.5792897343635559,-0.07665722072124481,0.8762129545211792,0.657023012638092,-0.05503683164715767,0.870546817779541,0.6663804054260254,-0.02805616520345211,इ
0.0,0.0,0.0,0.0,0.0,0.0,0.0,0.0,0.0,0.0,0.0,0.0,0.0,0.0,0.0,0.0,0.0,0.0,0.0,0.0,0.0,0.0,0.0,0.0,0.0,0.0,0.0,0.0,0.0,0.0,0.0,0.0,0.0,0.0,0.0,0.0,0.0,0.0,0.0,0.0,0.0,0.0,0.0,0.0,0.0,0.0,0.0,0.0,0.0,0.0,0.0,0.0,0.0,0.0,0.0,0.0,0.0,0.0,0.0,0.0,0.0,0.0,0.0,0.8541833758354187,0.8280752301216125,-5.072673729955568e-07,0.7752985954284668,0.8102515339851379,-0.03420644998550415,0.6929402947425842,0.7208371162414551,-0.05363888666033745,0.6754303574562073,0.6108996272087097,-0.07648296654224396,0.7215020060539246,0.572376549243927,-0.09118743985891342,0.7296056151390076,0.5510568618774414,-0.005932099651545286,0.7264230847358704,0.4257643222808838,-0.06405467540025711,0.719581127166748,0.40375569462776184,-0.08415666222572327,0.7174109220504761,0.4195560812950134,-0.08514757454395294,0.7870370149612427,0.5655759572982788,-0.010476573370397091,0.7799025774002075,0.5307557582855225,-0.0718027651309967,0.7848390936851501,0.6470010876655579,-0.06427104026079178,0.7794812321662903,0.6460742354393005,-0.03937838599085808,0.8408650159835815,0.5794224739074707,-0.027472101151943207,0.8357437252998352,0.5658020377159119,-0.0880492627620697,0.8313713073730469,0.6729200482368469,-0.060997702181339264,0.8232455253601074,0.6622719764709473,-0.024250105023384094,0.896152675151825,0.5949515104293823,-0.0488729327917099,0.8850039839744568,0.582764744758606,-0.07781952619552612,0.8758715987205505,0.6585903167724609,-0.05561865493655205,0.8705232739448547,0.6669102311134338,-0.027781762182712555,इ
0.0,0.0,0.0,0.0,0.0,0.0,0.0,0.0,0.0,0.0,0.0,0.0,0.0,0.0,0.0,0.0,0.0,0.0,0.0,0.0,0.0,0.0,0.0,0.0,0.0,0.0,0.0,0.0,0.0,0.0,0.0,0.0,0.0,0.0,0.0,0.0,0.0,0.0,0.0,0.0,0.0,0.0,0.0,0.0,0.0,0.0,0.0,0.0,0.0,0.0,0.0,0.0,0.0,0.0,0.0,0.0,0.0,0.0,0.0,0.0,0.0,0.0,0.0,0.8507624864578247,0.8320553302764893,-5.014328507968457e-07,0.7720312476158142,0.8126500844955444,-0.03138770908117294,0.6916019916534424,0.7214614152908325,-0.04995061084628105,0.6763922572135925,0.6132126450538635,-0.07248292118310928,0.7227025032043457,0.5783010125160217,-0.0882662683725357,0.7322553992271423,0.5566595792770386,-0.0038115154020488262,0.72666335105896,0.4337676465511322,-0.05704507976770401,0.7197322845458984,0.4094972610473633,-0.075611911714077,0.7200151085853577,0.42163729667663574,-0.07710956037044525,0.7892925143241882,0.5696150660514832,-0.00953450333327055,0.7801418304443359,0.5349194407463074,-0.0673825666308403,0.7843294739723206,0.6504152417182922,-0.05958586558699608,0.7832261919975281,0.6540613770484924,-0.035328228026628494,0.843552827835083,0.5845493674278259,-0.02687709406018257,0.835463285446167,0.574015736579895,-0.08381141722202301,0.8300484418869019,0.6800479888916016,-0.0570388063788414,0.825775146484375,0.672539234161377,-0.02154430001974106,0.8987683057785034,0.6023726463317871,-0.04837917536497116,0.8841838836669922,0.5936064720153809,-0.07463276386260986,0.8730216026306152,0.6692207455635071,-0.05206187441945076,0.8700456619262695,0.6777985095977783,-0.025064628571271896,इ
0.0,0.0,0.0,0.0,0.0,0.0,0.0,0.0,0.0,0.0,0.0,0.0,0.0,0.0,0.0,0.0,0.0,0.0,0.0,0.0,0.0,0.0,0.0,0.0,0.0,0.0,0.0,0.0,0.0,0.0,0.0,0.0,0.0,0.0,0.0,0.0,0.0,0.0,0.0,0.0,0.0,0.0,0.0,0.0,0.0,0.0,0.0,0.0,0.0,0.0,0.0,0.0,0.0,0.0,0.0,0.0,0.0,0.0,0.0,0.0,0.0,0.0,0.0,0.8533890843391418,0.8345335721969604,-5.059278578301019e-07,0.774092435836792,0.8158714771270752,-0.029059087857604027,0.6908351182937622,0.7209325432777405,-0.045863594859838486,0.6756429672241211,0.6096451878547668,-0.06729024648666382,0.7265169024467468,0.5835480690002441,-0.08223874121904373,0.7293192148208618,0.5597190856933594,-0.0004614378558471799,0.7231191992759705,0.44022178649902344,-0.05087805539369583,0.7192561626434326,0.41551461815834045,-0.06737372279167175,0.7204630374908447,0.4269113540649414,-0.06818195432424545,0.7854556441307068,0.5682440400123596,-0.00679372763261199,0.7763611078262329,0.5361611247062683,-0.06254760921001434,0.7831103801727295,0.6500913500785828,-0.05439724028110504,0.7808459997177124,0.6539998650550842,-0.03029901534318924,0.839569628238678,0.5810944437980652,-0.024424109607934952,0.8330660462379456,0.5746369957923889,-0.0787612795829773,0.8289464712142944,0.6801872849464417,-0.052159383893013,0.8228691220283508,0.6718400716781616,-0.01752343587577343,0.8956031203269958,0.5975369811058044,-0.04614730924367905,0.8824222087860107,0.595077633857727,-0.07013542950153351,0.8728182911872864,0.6698419451713562,-0.04816378280520439,0.8690876364707947,0.6754044890403748,-0.02227511629462242,इ
0.0,0.0,0.0,0.0,0.0,0.0,0.0,0.0,0.0,0.0,0.0,0.0,0.0,0.0,0.0,0.0,0.0,0.0,0.0,0.0,0.0,0.0,0.0,0.0,0.0,0.0,0.0,0.0,0.0,0.0,0.0,0.0,0.0,0.0,0.0,0.0,0.0,0.0,0.0,0.0,0.0,0.0,0.0,0.0,0.0,0.0,0.0,0.0,0.0,0.0,0.0,0.0,0.0,0.0,0.0,0.0,0.0,0.0,0.0,0.0,0.0,0.0,0.0,0.8542975187301636,0.8405032753944397,-5.131366265231918e-07,0.775680422782898,0.8228589296340942,-0.03246821090579033,0.6926398277282715,0.7305008172988892,-0.050104770809412,0.6751663684844971,0.6188158392906189,-0.07160487025976181,0.7204083800315857,0.5866755843162537,-0.08576340973377228,0.7299585938453674,0.5630844235420227,-0.001336770481429994,0.7252845764160156,0.44162458181381226,-0.054596174508333206,0.7188540697097778,0.41981902718544006,-0.07178813964128494,0.7179089188575745,0.4335806369781494,-0.07165654003620148,0.7864282131195068,0.5739070177078247,-0.005636203568428755,0.779547393321991,0.5434788465499878,-0.06311648339033127,0.7858006954193115,0.6569685339927673,-0.054445087909698486,0.781713604927063,0.655110239982605,-0.029120156541466713,0.8404708504676819,0.5865567922592163,-0.022054413333535194,0.8350654244422913,0.5801408290863037,-0.07897976785898209,0.8311280012130737,0.6845413446426392,-0.05330802500247955,0.8236010074615479,0.6728110909461975,-0.018223188817501068,0.8952641487121582,0.6014158129692078,-0.042703643441200256,0.8830863237380981,0.5974245667457581,-0.06870800256729126,0.8741490244865417,0.6719589233398438,-0.04756784439086914,0.8702019453048706,0.6769866943359375,-0.021277716383337975,इ
0.0,0.0,0.0,0.0,0.0,0.0,0.0,0.0,0.0,0.0,0.0,0.0,0.0,0.0,0.0,0.0,0.0,0.0,0.0,0.0,0.0,0.0,0.0,0.0,0.0,0.0,0.0,0.0,0.0,0.0,0.0,0.0,0.0,0.0,0.0,0.0,0.0,0.0,0.0,0.0,0.0,0.0,0.0,0.0,0.0,0.0,0.0,0.0,0.0,0.0,0.0,0.0,0.0,0.0,0.0,0.0,0.0,0.0,0.0,0.0,0.0,0.0,0.0,0.8512508273124695,0.8484297394752502,-5.247027843324759e-07,0.7715396881103516,0.830644965171814,-0.029348373413085938,0.6898415088653564,0.7340453863143921,-0.04572797194123268,0.6756930351257324,0.6215477585792542,-0.0666976347565651,0.7243901491165161,0.5969334840774536,-0.0806778073310852,0.7296183109283447,0.5727921724319458,0.00017324158397968858,0.7235538959503174,0.4501928687095642,-0.05152733996510506,0.7185570001602173,0.4291881322860718,-0.06767401099205017,0.7188645005226135,0.4462406635284424,-0.06721625477075577,0.7849843502044678,0.5846068859100342,-0.005544174462556839,0.7738497257232666,0.5503623485565186,-0.06171434372663498,0.7798506617546082,0.6649641990661621,-0.05241219699382782,0.7785561084747314,0.6675185561180115,-0.027086488902568817,0.8382400274276733,0.5991562008857727,-0.022877730429172516,0.8274626135826111,0.5878929495811462,-0.07801443338394165,0.8240623474121094,0.6948068737983704,-0.04982387647032738,0.8211168646812439,0.6872506141662598,-0.013540420681238174,0.8929422497749329,0.615548849105835,-0.04430800676345825,0.8748900294303894,0.6058704853057861,-0.06879257410764694,0.8657556772232056,0.6819518804550171,-0.045326169580221176,0.8655565977096558,0.6894562840461731,-0.017807913944125175,इ
0.0,0.0,0.0,0.0,0.0,0.0,0.0,0.0,0.0,0.0,0.0,0.0,0.0,0.0,0.0,0.0,0.0,0.0,0.0,0.0,0.0,0.0,0.0,0.0,0.0,0.0,0.0,0.0,0.0,0.0,0.0,0.0,0.0,0.0,0.0,0.0,0.0,0.0,0.0,0.0,0.0,0.0,0.0,0.0,0.0,0.0,0.0,0.0,0.0,0.0,0.0,0.0,0.0,0.0,0.0,0.0,0.0,0.0,0.0,0.0,0.0,0.0,0.0,0.8552543520927429,0.8567757606506348,-5.351220124794054e-07,0.774813711643219,0.8402091860771179,-0.028461843729019165,0.6914187669754028,0.7481787204742432,-0.04332411289215088,0.674018144607544,0.6369650959968567,-0.06257161498069763,0.7217636704444885,0.6031196117401123,-0.07513776421546936,0.7296109795570374,0.5848111510276794,0.0010553167667239904,0.7249912023544312,0.46228620409965515,-0.05007820203900337,0.7189910411834717,0.4415907859802246,-0.067476287484169,0.719510555267334,0.456587553024292,-0.06796808540821075,0.7859320044517517,0.5975023508071899,-0.00456235883757472,0.7787102460861206,0.563423216342926,-0.05999216064810753,0.7844891548156738,0.6757962703704834,-0.05232100188732147,0.7814581394195557,0.6790828108787537,-0.02840752899646759,0.8393813371658325,0.610671877861023,-0.021573610603809357,0.8324251770973206,0.598408579826355,-0.07670118659734726,0.8290508389472961,0.7031649351119995,-0.0516788624227047,0.8231945633888245,0.696969211101532,-0.017512068152427673,0.893805742263794,0.6257215142250061,-0.04240826889872551,0.8804797530174255,0.6151988506317139,-0.06801042705774307,0.87209552526474,0.6897464990615845,-0.046712085604667664,0.8692188858985901,0.6987099051475525,-0.02053150162100792,इ
0.0,0.0,0.0,0.0,0.0,0.0,0.0,0.0,0.0,0.0,0.0,0.0,0.0,0.0,0.0,0.0,0.0,0.0,0.0,0.0,0.0,0.0,0.0,0.0,0.0,0.0,0.0,0.0,0.0,0.0,0.0,0.0,0.0,0.0,0.0,0.0,0.0,0.0,0.0,0.0,0.0,0.0,0.0,0.0,0.0,0.0,0.0,0.0,0.0,0.0,0.0,0.0,0.0,0.0,0.0,0.0,0.0,0.0,0.0,0.0,0.0,0.0,0.0,0.8543480038642883,0.8740628957748413,-5.276904744277999e-07,0.7743268013000488,0.8568910360336304,-0.027574487030506134,0.6913762092590332,0.759599506855011,-0.042671095579862595,0.6748690009117126,0.6455901265144348,-0.06276775896549225,0.7222634553909302,0.6184128522872925,-0.07669027149677277,0.7288150191307068,0.6011558175086975,0.002856331178918481,0.7226158380508423,0.4802528917789459,-0.04682265594601631,0.7186787128448486,0.4556097686290741,-0.0632549524307251,0.7209839224815369,0.46536970138549805,-0.06396033614873886,0.7845280766487122,0.6106082797050476,-0.0037281466647982597,0.7744465470314026,0.5725985169410706,-0.060059960931539536,0.781499445438385,0.687619686126709,-0.053069666028022766,0.7805370092391968,0.6941331624984741,-0.029322918504476547,0.8381816744804382,0.6222048401832581,-0.021407902240753174,0.8304590582847595,0.6099254488945007,-0.07677280157804489,0.8264176845550537,0.7171317338943481,-0.050770919770002365,0.8211372494697571,0.7123172879219055,-0.01600709557533264,0.8924562931060791,0.6367021799087524,-0.04292704910039902,0.8788924217224121,0.6267520785331726,-0.06737089902162552,0.8696575164794922,0.7033277750015259,-0.04486747086048126,0.8670398592948914,0.7121381759643555,-0.018343955278396606,इ
0.0,0.0,0.0,0.0,0.0,0.0,0.0,0.0,0.0,0.0,0.0,0.0,0.0,0.0,0.0,0.0,0.0,0.0,0.0,0.0,0.0,0.0,0.0,0.0,0.0,0.0,0.0,0.0,0.0,0.0,0.0,0.0,0.0,0.0,0.0,0.0,0.0,0.0,0.0,0.0,0.0,0.0,0.0,0.0,0.0,0.0,0.0,0.0,0.0,0.0,0.0,0.0,0.0,0.0,0.0,0.0,0.0,0.0,0.0,0.0,0.0,0.0,0.0,0.8539297580718994,0.8930031061172485,-4.637008714780677e-07,0.7753382325172424,0.8738421201705933,-0.027107279747724533,0.6935153603553772,0.7789726853370667,-0.04317256063222885,0.6767660975456238,0.6703051924705505,-0.06445116549730301,0.7252162098884583,0.64115971326828,-0.08004356175661087,0.7291289567947388,0.619702160358429,0.0029457316268235445,0.7217994928359985,0.5023995637893677,-0.043896403163671494,0.7171011567115784,0.47444820404052734,-0.059745147824287415,0.7187471985816956,0.486264705657959,-0.06090374290943146,0.7845093011856079,0.626057505607605,-0.00436739157885313,0.7724389433860779,0.5936513543128967,-0.05875458940863609,0.7805737257003784,0.7034637928009033,-0.052922286093235016,0.7823086380958557,0.7125465273857117,-0.030585383996367455,0.8378350734710693,0.6383606195449829,-0.022317519411444664,0.8268494606018066,0.6315250992774963,-0.07505901157855988,0.8254772424697876,0.7338404655456543,-0.04943644627928734,0.8240243196487427,0.7293089628219604,-0.015470434911549091,0.8928380608558655,0.6549867391586304,-0.044142186641693115,0.8745872974395752,0.6472917199134827,-0.06669992953538895,0.8674598932266235,0.7201497554779053,-0.043638814240694046,0.8681846261024475,0.7275798320770264,-0.017115162685513496,इ
0.0,0.0,0.0,0.0,0.0,0.0,0.0,0.0,0.0,0.0,0.0,0.0,0.0,0.0,0.0,0.0,0.0,0.0,0.0,0.0,0.0,0.0,0.0,0.0,0.0,0.0,0.0,0.0,0.0,0.0,0.0,0.0,0.0,0.0,0.0,0.0,0.0,0.0,0.0,0.0,0.0,0.0,0.0,0.0,0.0,0.0,0.0,0.0,0.0,0.0,0.0,0.0,0.0,0.0,0.0,0.0,0.0,0.0,0.0,0.0,0.0,0.0,0.0,0.8582553267478943,0.8931622505187988,-5.458306304717553e-07,0.7802712321281433,0.8781834840774536,-0.030078915879130363,0.694818377494812,0.7830255031585693,-0.044085439294576645,0.6777180433273315,0.6704989671707153,-0.062083516269922256,0.7273082733154297,0.6433985233306885,-0.07310355454683304,0.7312983274459839,0.6201959848403931,0.00021127650688868016,0.7269010543823242,0.4990663528442383,-0.04887507110834122,0.7207256555557251,0.4819908142089844,-0.06333332508802414,0.7214480042457581,0.4994603395462036,-0.06175469607114792,0.7875072360038757,0.6312456727027893,-0.0038844121154397726,0.7852752208709717,0.6006187796592712,-0.05736616253852844,0.7884687781333923,0.7111051678657532,-0.04838476702570915,0.781893253326416,0.7117790579795837,-0.023577501997351646,0.8405791521072388,0.6444675922393799,-0.019478393718600273,0.8394079804420471,0.6346495151519775,-0.07325069606304169,0.8339865803718567,0.7371826171875,-0.049380697309970856,0.8240775465965271,0.7294089198112488,-0.016034217551350594,0.8946638703346252,0.6587522625923157,-0.039003439247608185,0.8858075141906738,0.6517243385314941,-0.06457805633544922,0.8769129514694214,0.7242617011070251,-0.045215900987386703,0.8710200786590576,0.7320011854171753,-0.02024168334901333,इ
0.0,0.0,0.0,0.0,0.0,0.0,0.0,0.0,0.0,0.0,0.0,0.0,0.0,0.0,0.0,0.0,0.0,0.0,0.0,0.0,0.0,0.0,0.0,0.0,0.0,0.0,0.0,0.0,0.0,0.0,0.0,0.0,0.0,0.0,0.0,0.0,0.0,0.0,0.0,0.0,0.0,0.0,0.0,0.0,0.0,0.0,0.0,0.0,0.0,0.0,0.0,0.0,0.0,0.0,0.0,0.0,0.0,0.0,0.0,0.0,0.0,0.0,0.0,0.8592369556427002,0.8887673616409302,-5.224430879025022e-07,0.7807848453521729,0.8732185959815979,-0.026547309011220932,0.6950371265411377,0.773138701915741,-0.03821612894535065,0.6794594526290894,0.6592418551445007,-0.054724399000406265,0.7306280732154846,0.6384117007255554,-0.06490930169820786,0.7362441420555115,0.6194525957107544,0.003724503330886364,0.7312522530555725,0.4964201748371124,-0.04540311172604561,0.7233940362930298,0.4769229292869568,-0.06144742667675018,0.7227471470832825,0.4915962815284729,-0.061236362904310226,0.7911494374275208,0.6322242617607117,-0.002491304650902748,0.7818187475204468,0.5966652035713196,-0.055619895458221436,0.785918116569519,0.7066881656646729,-0.04766182228922844,0.784320592880249,0.7093775868415833,-0.023880647495388985,0.8422157764434814,0.6460192203521729,-0.019963013008236885,0.832913875579834,0.626391589641571,-0.07284662872552872,0.8298947811126709,0.7304798364639282,-0.04746517911553383,0.8262805938720703,0.7248715162277222,-0.013105926103889942,0.8952401280403137,0.6597617864608765,-0.04125447943806648,0.8782307505607605,0.6408857107162476,-0.06401064991950989,0.8713761568069458,0.7142707705497742,-0.041244201362133026,0.872367262840271,0.7254140377044678,-0.014396284706890583,इ
0.0,0.0,0.0,0.0,0.0,0.0,0.0,0.0,0.0,0.0,0.0,0.0,0.0,0.0,0.0,0.0,0.0,0.0,0.0,0.0,0.0,0.0,0.0,0.0,0.0,0.0,0.0,0.0,0.0,0.0,0.0,0.0,0.0,0.0,0.0,0.0,0.0,0.0,0.0,0.0,0.0,0.0,0.0,0.0,0.0,0.0,0.0,0.0,0.0,0.0,0.0,0.0,0.0,0.0,0.0,0.0,0.0,0.0,0.0,0.0,0.0,0.0,0.0,0.8592483997344971,0.8887439370155334,-5.609362574432453e-07,0.7805962562561035,0.8744549751281738,-0.027681410312652588,0.6955344676971436,0.7782143950462341,-0.03994954749941826,0.6817048788070679,0.6663652658462524,-0.056399598717689514,0.7322937250137329,0.6386520862579346,-0.06677326560020447,0.7350140810012817,0.6187706589698792,0.002080857055261731,0.7311879992485046,0.4980955719947815,-0.045069750398397446,0.7242882251739502,0.4783937931060791,-0.06053224951028824,0.7251548767089844,0.490154504776001,-0.060842934995889664,0.7901906371116638,0.6281319260597229,-0.0031388832721859217,0.7845893502235413,0.5968168377876282,-0.05521750822663307,0.7877224683761597,0.707493782043457,-0.04769900068640709,0.7850362062454224,0.7106831073760986,-0.024786343798041344,0.8427029848098755,0.6401936411857605,-0.019376814365386963,0.8377521634101868,0.6303649544715881,-0.07146463543176651,0.8318901062011719,0.7342380285263062,-0.04897596314549446,0.8253818154335022,0.727556049823761,-0.01743476092815399,0.8962230682373047,0.6544811129570007,-0.03935564309358597,0.8837461471557617,0.6482789516448975,-0.06313867121934891,0.8738291263580322,0.7217652797698975,-0.04373611882328987,0.8705042600631714,0.7296819090843201,-0.019698308780789375,इ
0.0,0.0,0.0,0.0,0.0,0.0,0.0,0.0,0.0,0.0,0.0,0.0,0.0,0.0,0.0,0.0,0.0,0.0,0.0,0.0,0.0,0.0,0.0,0.0,0.0,0.0,0.0,0.0,0.0,0.0,0.0,0.0,0.0,0.0,0.0,0.0,0.0,0.0,0.0,0.0,0.0,0.0,0.0,0.0,0.0,0.0,0.0,0.0,0.0,0.0,0.0,0.0,0.0,0.0,0.0,0.0,0.0,0.0,0.0,0.0,0.0,0.0,0.0,0.8578794002532959,0.8937677145004272,-5.081814720142575e-07,0.778734564781189,0.8755798935890198,-0.03052416443824768,0.6964883208274841,0.7829039096832275,-0.046237193048000336,0.6800469160079956,0.6744789481163025,-0.0654224306344986,0.7270872592926025,0.6429991722106934,-0.07759477198123932,0.732430100440979,0.6218934059143066,-0.00239713117480278,0.7283738851547241,0.5030114054679871,-0.053256191313266754,0.7240591049194336,0.48050636053085327,-0.07006677985191345,0.7245330214500427,0.4956814646720886,-0.07043523341417313,0.7886207699775696,0.6346921920776367,-0.007188481744378805,0.7848256826400757,0.599102258682251,-0.06356833130121231,0.7896631956100464,0.7098232507705688,-0.05666239187121391,0.7832688093185425,0.7141967415809631,-0.03318111598491669,0.8414812684059143,0.6487904191017151,-0.02322831004858017,0.8391920924186707,0.6369209885597229,-0.07969833165407181,0.8346856236457825,0.7399119734764099,-0.05566476285457611,0.8246353268623352,0.7334533929824829,-0.02202325500547886,0.8957816958427429,0.6647608876228333,-0.0430680476129055,0.8864849805831909,0.6566963791847229,-0.07084745913743973,0.8784947991371155,0.7296939492225647,-0.05113682523369789,0.8719993829727173,0.7377749085426331,-0.02588210254907608,इ
0.0,0.0,0.0,0.0,0.0,0.0,0.0,0.0,0.0,0.0,0.0,0.0,0.0,0.0,0.0,0.0,0.0,0.0,0.0,0.0,0.0,0.0,0.0,0.0,0.0,0.0,0.0,0.0,0.0,0.0,0.0,0.0,0.0,0.0,0.0,0.0,0.0,0.0,0.0,0.0,0.0,0.0,0.0,0.0,0.0,0.0,0.0,0.0,0.0,0.0,0.0,0.0,0.0,0.0,0.0,0.0,0.0,0.0,0.0,0.0,0.0,0.0,0.0,0.8584563732147217,0.8911606073379517,-5.335169248610327e-07,0.7806186079978943,0.8759620189666748,-0.02895594760775566,0.6980297565460205,0.7900410294532776,-0.04482751339673996,0.677764892578125,0.6811854243278503,-0.06471262127161026,0.7191309928894043,0.6400110721588135,-0.07774467021226883,0.7335366606712341,0.6237567067146301,-0.0009011125075630844,0.7287321090698242,0.5036276578903198,-0.05065406113862991,0.7230514883995056,0.4811912178993225,-0.06685840338468552,0.722622275352478,0.49734318256378174,-0.06674473732709885,0.7886157035827637,0.6361941695213318,-0.006409185007214546,0.781488299369812,0.6018433570861816,-0.060818348079919815,0.7879286408424377,0.7121694087982178,-0.053713951259851456,0.7837269902229309,0.7154289484024048,-0.03068070486187935,0.8418706059455872,0.6482273936271667,-0.02291972190141678,0.8342546224594116,0.6348685026168823,-0.07794734835624695,0.8319069743156433,0.7388517260551453,-0.053486764430999756,0.8248082399368286,0.7329406142234802,-0.01996009610593319,0.8951239585876465,0.6622738838195801,-0.043061088770627975,0.881258487701416,0.6512214541435242,-0.06965973973274231,0.8740711808204651,0.7244218587875366,-0.04884680360555649,0.8707573413848877,0.7328632473945618,-0.022980771958827972,इ
0.0,0.0,0.0,0.0,0.0,0.0,0.0,0.0,0.0,0.0,0.0,0.0,0.0,0.0,0.0,0.0,0.0,0.0,0.0,0.0,0.0,0.0,0.0,0.0,0.0,0.0,0.0,0.0,0.0,0.0,0.0,0.0,0.0,0.0,0.0,0.0,0.0,0.0,0.0,0.0,0.0,0.0,0.0,0.0,0.0,0.0,0.0,0.0,0.0,0.0,0.0,0.0,0.0,0.0,0.0,0.0,0.0,0.0,0.0,0.0,0.0,0.0,0.0,0.8583720326423645,0.897477388381958,-5.599103474196454e-07,0.780884861946106,0.8835694193840027,-0.028713855892419815,0.6951968669891357,0.7867493629455566,-0.04175097867846489,0.6769586801528931,0.6745034456253052,-0.058546919375658035,0.7233707904815674,0.6416261196136475,-0.06814087927341461,0.7330067157745361,0.6256210207939148,-0.0011065201833844185,0.7281033396720886,0.5012370347976685,-0.05331020429730415,0.7200605869293213,0.4810098707675934,-0.06962070614099503,0.719154417514801,0.49842411279678345,-0.06852664053440094,0.7882946133613586,0.6363648176193237,-0.006093798670917749,0.7818029522895813,0.6021477580070496,-0.061192836612463,0.7870423197746277,0.714967668056488,-0.05109706521034241,0.7830303907394409,0.7157634496688843,-0.024932079017162323,0.8412550091743469,0.6494457721710205,-0.022764313966035843,0.8353096842765808,0.6375773549079895,-0.07825307548046112,0.8316847085952759,0.743073046207428,-0.052462026476860046,0.8244206309318542,0.7338411808013916,-0.017203260213136673,0.8955449461936951,0.6630844473838806,-0.04314464330673218,0.8815461993217468,0.6547795534133911,-0.0690341368317604,0.874113917350769,0.728337824344635,-0.04778004437685013,0.8713956475257874,0.734295666217804,-0.021215137094259262,इ
0.0,0.0,0.0,0.0,0.0,0.0,0.0,0.0,0.0,0.0,0.0,0.0,0.0,0.0,0.0,0.0,0.0,0.0,0.0,0.0,0.0,0.0,0.0,0.0,0.0,0.0,0.0,0.0,0.0,0.0,0.0,0.0,0.0,0.0,0.0,0.0,0.0,0.0,0.0,0.0,0.0,0.0,0.0,0.0,0.0,0.0,0.0,0.0,0.0,0.0,0.0,0.0,0.0,0.0,0.0,0.0,0.0,0.0,0.0,0.0,0.0,0.0,0.0,0.8589150905609131,0.8941837549209595,-5.58234091840859e-07,0.7806751132011414,0.8800355195999146,-0.028154127299785614,0.6969374418258667,0.7865362167358398,-0.042519938200712204,0.6810460686683655,0.6755011677742004,-0.06113211810588837,0.7282662987709045,0.6464545726776123,-0.0734800398349762,0.7347170114517212,0.6260837912559509,-0.0019304363522678614,0.7308273911476135,0.5008499622344971,-0.0520903654396534,0.7242547273635864,0.48290592432022095,-0.06902573257684708,0.7242854237556458,0.5017876625061035,-0.06939424574375153,0.7906494736671448,0.636690080165863,-0.007199448999017477,0.7859128713607788,0.6046349406242371,-0.06111212074756622,0.7896556258201599,0.7153050899505615,-0.05367371067404747,0.7851495742797852,0.7187402844429016,-0.030643219128251076,0.8441852927207947,0.6490889191627502,-0.023416580632328987,0.8395082950592041,0.6381332874298096,-0.07676712423563004,0.8336876630783081,0.7419951558113098,-0.05347427353262901,0.825412929058075,0.735444962978363,-0.02122359164059162,0.8976997137069702,0.6626805067062378,-0.04328497499227524,0.8858626484870911,0.655561089515686,-0.06806556135416031,0.8769143223762512,0.7285231351852417,-0.04797648265957832,0.873494029045105,0.7354275584220886,-0.023042218759655952,इ
0.0,0.0,0.0,0.0,0.0,0.0,0.0,0.0,0.0,0.0,0.0,0.0,0.0,0.0,0.0,0.0,0.0,0.0,0.0,0.0,0.0,0.0,0.0,0.0,0.0,0.0,0.0,0.0,0.0,0.0,0.0,0.0,0.0,0.0,0.0,0.0,0.0,0.0,0.0,0.0,0.0,0.0,0.0,0.0,0.0,0.0,0.0,0.0,0.0,0.0,0.0,0.0,0.0,0.0,0.0,0.0,0.0,0.0,0.0,0.0,0.0,0.0,0.0,0.8640010356903076,0.897834837436676,-5.791699209112267e-07,0.7878460884094238,0.8819323778152466,-0.027759166434407234,0.7034034729003906,0.7898573875427246,-0.04212488979101181,0.6839037537574768,0.6807215213775635,-0.06090852990746498,0.7290660738945007,0.6457331776618958,-0.07291172444820404,0.7381616234779358,0.6267516613006592,-8.176016854122281e-05,0.7351045608520508,0.5059369802474976,-0.051387935876846313,0.7294407486915588,0.4889773726463318,-0.0678304135799408,0.7299559116363525,0.5036194920539856,-0.06751148402690887,0.7934885025024414,0.6374865770339966,-0.0059111458249390125,0.789776623249054,0.6050904393196106,-0.05981466546654701,0.7933723330497742,0.7188991904258728,-0.05060618370771408,0.7867534756660461,0.7164290547370911,-0.026073278859257698,0.8470563888549805,0.6493762731552124,-0.023169003427028656,0.8445066809654236,0.638390839099884,-0.07699590176343918,0.838521420955658,0.7443109750747681,-0.05217501148581505,0.8288061618804932,0.7342052459716797,-0.018848828971385956,0.9007695913314819,0.6632028818130493,-0.04417942464351654,0.891003429889679,0.6586802005767822,-0.06879452615976334,0.8820268511772156,0.7331252098083496,-0.04820225015282631,0.8777868747711182,0.7382780313491821,-0.022943591699004173,इ
0.0,0.0,0.0,0.0,0.0,0.0,0.0,0.0,0.0,0.0,0.0,0.0,0.0,0.0,0.0,0.0,0.0,0.0,0.0,0.0,0.0,0.0,0.0,0.0,0.0,0.0,0.0,0.0,0.0,0.0,0.0,0.0,0.0,0.0,0.0,0.0,0.0,0.0,0.0,0.0,0.0,0.0,0.0,0.0,0.0,0.0,0.0,0.0,0.0,0.0,0.0,0.0,0.0,0.0,0.0,0.0,0.0,0.0,0.0,0.0,0.0,0.0,0.0,0.8656174540519714,0.8969070911407471,-5.019952027396357e-07,0.7879106402397156,0.8821824193000793,-0.029506925493478775,0.7036688923835754,0.78607177734375,-0.04392337054014206,0.6846219897270203,0.6753509044647217,-0.06232177093625069,0.7298441529273987,0.6442990303039551,-0.07421960681676865,0.7385419607162476,0.626582145690918,0.0006919977022334933,0.7316582202911377,0.5054993033409119,-0.04758087545633316,0.7267733216285706,0.48220574855804443,-0.06320098787546158,0.729049563407898,0.49726828932762146,-0.06302329152822495,0.7944516539573669,0.6359499096870422,-0.00413465965539217,0.7890070676803589,0.6022236943244934,-0.057804010808467865,0.7958272099494934,0.7134564518928528,-0.050280921161174774,0.7933551669120789,0.7184399962425232,-0.02655244991183281,0.8481312990188599,0.6485615968704224,-0.020109355449676514,0.8421075344085693,0.6381471157073975,-0.07351022213697433,0.8394812941551208,0.7420710325241089,-0.04893333837389946,0.8340587019920349,0.7358782887458801,-0.01532522402703762,0.9020116329193115,0.6631855368614197,-0.039906445890665054,0.8874876499176025,0.6554086804389954,-0.06431147456169128,0.8806675672531128,0.728327751159668,-0.04311453923583031,0.8793313503265381,0.735431432723999,-0.017278173938393593,इ
0.0,0.0,0.0,0.0,0.0,0.0,0.0,0.0,0.0,0.0,0.0,0.0,0.0,0.0,0.0,0.0,0.0,0.0,0.0,0.0,0.0,0.0,0.0,0.0,0.0,0.0,0.0,0.0,0.0,0.0,0.0,0.0,0.0,0.0,0.0,0.0,0.0,0.0,0.0,0.0,0.0,0.0,0.0,0.0,0.0,0.0,0.0,0.0,0.0,0.0,0.0,0.0,0.0,0.0,0.0,0.0,0.0,0.0,0.0,0.0,0.0,0.0,0.0,0.8641456365585327,0.8913840651512146,-5.922775585531781e-07,0.7875447869300842,0.8769978284835815,-0.02792280912399292,0.7060624957084656,0.7914706468582153,-0.04269014298915863,0.6865093111991882,0.6858351826667786,-0.06115909665822983,0.7250885963439941,0.6406881213188171,-0.07236079126596451,0.7372648119926453,0.6252416372299194,-0.004225731361657381,0.731507420539856,0.5019421577453613,-0.05756554752588272,0.726303219795227,0.485991507768631,-0.07567448168992996,0.7280901670455933,0.5056943893432617,-0.0758233517408371,0.793779194355011,0.6387530565261841,-0.009935141541063786,0.7882576584815979,0.6013763546943665,-0.06498442590236664,0.794644832611084,0.7144618630409241,-0.056981783360242844,0.7900071740150452,0.7141885161399841,-0.0333789698779583,0.8475353717803955,0.6507353782653809,-0.026770487427711487,0.8415952324867249,0.635566771030426,-0.08201485872268677,0.838403046131134,0.7421390414237976,-0.05705181509256363,0.8306087255477905,0.7329757213592529,-0.02335522696375847,0.9009175896644592,0.6633399724960327,-0.0471215657889843,0.887117862701416,0.6534537672996521,-0.07308872044086456,0.8799577951431274,0.7283767461776733,-0.051540814340114594,0.8772504329681396,0.7347999811172485,-0.02521050162613392,इ
0.0,0.0,0.0,0.0,0.0,0.0,0.0,0.0,0.0,0.0,0.0,0.0,0.0,0.0,0.0,0.0,0.0,0.0,0.0,0.0,0.0,0.0,0.0,0.0,0.0,0.0,0.0,0.0,0.0,0.0,0.0,0.0,0.0,0.0,0.0,0.0,0.0,0.0,0.0,0.0,0.0,0.0,0.0,0.0,0.0,0.0,0.0,0.0,0.0,0.0,0.0,0.0,0.0,0.0,0.0,0.0,0.0,0.0,0.0,0.0,0.0,0.0,0.0,0.8675724267959595,0.8942487239837646,-5.461855039357033e-07,0.7917730808258057,0.8816527128219604,-0.0331881120800972,0.7083562612533569,0.7944157123565674,-0.05040708929300308,0.6880682706832886,0.6856450438499451,-0.07070542126893997,0.7280600070953369,0.6403242349624634,-0.08354966342449188,0.7388225793838501,0.6297428011894226,-0.0040574464946985245,0.7320201396942139,0.5106157064437866,-0.05818301811814308,0.7259541749954224,0.4899791479110718,-0.07601813971996307,0.7282536029815674,0.499691367149353,-0.07629135996103287,0.7944764494895935,0.640008270740509,-0.00861664954572916,0.7881180047988892,0.5994155406951904,-0.06556221097707748,0.7930907011032104,0.7165972590446472,-0.056525614112615585,0.7879559397697449,0.71506267786026,-0.031038707122206688,0.8475325107574463,0.6505764126777649,-0.025384094566106796,0.8432672023773193,0.6345153450965881,-0.08387413620948792,0.8398657441139221,0.7445164918899536,-0.05820721015334129,0.8317795991897583,0.7327361106872559,-0.022802235558629036,0.901358962059021,0.6617628931999207,-0.04615963622927666,0.8886200189590454,0.6525663137435913,-0.07374699413776398,0.8819654583930969,0.7289028763771057,-0.052160657942295074,0.8798324465751648,0.7331451177597046,-0.02551700547337532,इ
0.0,0.0,0.0,0.0,0.0,0.0,0.0,0.0,0.0,0.0,0.0,0.0,0.0,0.0,0.0,0.0,0.0,0.0,0.0,0.0,0.0,0.0,0.0,0.0,0.0,0.0,0.0,0.0,0.0,0.0,0.0,0.0,0.0,0.0,0.0,0.0,0.0,0.0,0.0,0.0,0.0,0.0,0.0,0.0,0.0,0.0,0.0,0.0,0.0,0.0,0.0,0.0,0.0,0.0,0.0,0.0,0.0,0.0,0.0,0.0,0.0,0.0,0.0,0.8690773844718933,0.8959241509437561,-5.786204155810992e-07,0.7923647165298462,0.8830661177635193,-0.03133626654744148,0.7085084915161133,0.7932820916175842,-0.04757964238524437,0.6876826286315918,0.6842061877250671,-0.06743494421243668,0.7274354696273804,0.6361885070800781,-0.07934160530567169,0.7405432462692261,0.6257712244987488,-0.003986549563705921,0.7344277501106262,0.5020531415939331,-0.06037994474172592,0.7271537780761719,0.48573097586631775,-0.07882119715213776,0.7273547053337097,0.5034593343734741,-0.07827591896057129,0.795975923538208,0.6378547549247742,-0.00878264382481575,0.7891491055488586,0.6010434627532959,-0.06532608717679977,0.794806957244873,0.7184296250343323,-0.05489472299814224,0.789455771446228,0.7138693332672119,-0.0285609420388937,0.84919673204422,0.6501601934432983,-0.025981446728110313,0.8418271541595459,0.6346273422241211,-0.0836290717124939,0.8395321369171143,0.7444490194320679,-0.056428924202919006,0.8325054049491882,0.7315289974212646,-0.020083479583263397,0.9034387469291687,0.6623024344444275,-0.04714939370751381,0.8867138028144836,0.6510632038116455,-0.07365009188652039,0.8802469372749329,0.7270349860191345,-0.05079358443617821,0.8791139721870422,0.7314599752426147,-0.02304733358323574,इ
0.0,0.0,0.0,0.0,0.0,0.0,0.0,0.0,0.0,0.0,0.0,0.0,0.0,0.0,0.0,0.0,0.0,0.0,0.0,0.0,0.0,0.0,0.0,0.0,0.0,0.0,0.0,0.0,0.0,0.0,0.0,0.0,0.0,0.0,0.0,0.0,0.0,0.0,0.0,0.0,0.0,0.0,0.0,0.0,0.0,0.0,0.0,0.0,0.0,0.0,0.0,0.0,0.0,0.0,0.0,0.0,0.0,0.0,0.0,0.0,0.0,0.0,0.0,0.8682483434677124,0.8958176970481873,-5.710222126253939e-07,0.7909502387046814,0.8806175589561462,-0.0282991211861372,0.7079981565475464,0.7934674024581909,-0.044198401272296906,0.6864149570465088,0.6859835386276245,-0.06465701758861542,0.724967896938324,0.6406671404838562,-0.07770492881536484,0.7415242195129395,0.626181960105896,-0.0020719331223517656,0.7355321645736694,0.5016654133796692,-0.057594917714595795,0.7279634475708008,0.4850125312805176,-0.07698187977075577,0.7276570200920105,0.5053902864456177,-0.07752260565757751,0.7978371381759644,0.6405133008956909,-0.008601343259215355,0.7876134514808655,0.6034071445465088,-0.06525623053312302,0.7927482724189758,0.7175996899604797,-0.05680784210562706,0.7891636490821838,0.7165758609771729,-0.032424863427877426,0.8509830236434937,0.6534624695777893,-0.026904352009296417,0.840049147605896,0.6368170380592346,-0.0833376869559288,0.8375452756881714,0.7461889386177063,-0.05564366653561592,0.8325421214103699,0.7385708689689636,-0.01951161026954651,0.9046494960784912,0.6666487455368042,-0.049147892743349075,0.887477457523346,0.6544404029846191,-0.07499074190855026,0.8794291019439697,0.7315396070480347,-0.05135398358106613,0.8779678344726562,0.7405052185058594,-0.02324603497982025,इ
0.0,0.0,0.0,0.0,0.0,0.0,0.0,0.0,0.0,0.0,0.0,0.0,0.0,0.0,0.0,0.0,0.0,0.0,0.0,0.0,0.0,0.0,0.0,0.0,0.0,0.0,0.0,0.0,0.0,0.0,0.0,0.0,0.0,0.0,0.0,0.0,0.0,0.0,0.0,0.0,0.0,0.0,0.0,0.0,0.0,0.0,0.0,0.0,0.0,0.0,0.0,0.0,0.0,0.0,0.0,0.0,0.0,0.0,0.0,0.0,0.0,0.0,0.0,0.8689255118370056,0.8991966843605042,-5.434550871541433e-07,0.7918123602867126,0.8834390640258789,-0.030203603208065033,0.7077945470809937,0.7919554710388184,-0.04467376694083214,0.6883826851844788,0.6808159947395325,-0.06265836209058762,0.7320861220359802,0.6388581991195679,-0.0731358453631401,0.7426404356956482,0.6320556402206421,-0.0012488770298659801,0.7373005151748657,0.5086698532104492,-0.05508657544851303,0.7305761575698853,0.48822712898254395,-0.07359094172716141,0.7314852476119995,0.5032500624656677,-0.07393296808004379,0.7986807823181152,0.6449266076087952,-0.005852353293448687,0.7926246523857117,0.6044349074363708,-0.06175372377038002,0.7969676852226257,0.7176109552383423,-0.05376877635717392,0.7921223640441895,0.7176884412765503,-0.02943998947739601,0.8514105081558228,0.6568436026573181,-0.022351708263158798,0.8445907831192017,0.6381136178970337,-0.0777275413274765,0.8411620855331421,0.74482262134552,-0.05238797515630722,0.8343480825424194,0.7344905734062195,-0.017809387296438217,0.9051824808120728,0.6682122945785522,-0.04278410226106644,0.8897593021392822,0.6547527313232422,-0.06749626249074936,0.8825112581253052,0.7279040217399597,-0.04561563953757286,0.8813658952713013,0.7336559295654297,-0.019077474251389503,इ
0.0,0.0,0.0,0.0,0.0,0.0,0.0,0.0,0.0,0.0,0.0,0.0,0.0,0.0,0.0,0.0,0.0,0.0,0.0,0.0,0.0,0.0,0.0,0.0,0.0,0.0,0.0,0.0,0.0,0.0,0.0,0.0,0.0,0.0,0.0,0.0,0.0,0.0,0.0,0.0,0.0,0.0,0.0,0.0,0.0,0.0,0.0,0.0,0.0,0.0,0.0,0.0,0.0,0.0,0.0,0.0,0.0,0.0,0.0,0.0,0.0,0.0,0.0,0.8702236413955688,0.8974077701568604,-5.702787007066945e-07,0.7936718463897705,0.882764458656311,-0.03131689503788948,0.7115628719329834,0.7943319082260132,-0.046492621302604675,0.6922029852867126,0.6869804263114929,-0.06495856493711472,0.731230616569519,0.6405330300331116,-0.07568405568599701,0.7433506846427917,0.6298155188560486,-0.001305394689552486,0.7367885112762451,0.5094014406204224,-0.05441752076148987,0.7307859659194946,0.4895371198654175,-0.07137570530176163,0.732028067111969,0.5035418272018433,-0.07061204314231873,0.798804521560669,0.6404824256896973,-0.005278116092085838,0.7936919927597046,0.6055243611335754,-0.059856150299310684,0.7988921403884888,0.7209028005599976,-0.049947936087846756,0.7918988466262817,0.7180020213127136,-0.02432485856115818,0.8522417545318604,0.6514477729797363,-0.021446118131279945,0.8475479483604431,0.6386459469795227,-0.07743696123361588,0.8437410593032837,0.7476473450660706,-0.052430685609579086,0.8334447145462036,0.7351366877555847,-0.018117498606443405,0.9061917066574097,0.6633312702178955,-0.04148060828447342,0.8936177492141724,0.6581467986106873,-0.06750205159187317,0.8860962390899658,0.7334967851638794,-0.046749286353588104,0.8815337419509888,0.7369628548622131,-0.02094116248190403,इ
0.0,0.0,0.0,0.0,0.0,0.0,0.0,0.0,0.0,0.0,0.0,0.0,0.0,0.0,0.0,0.0,0.0,0.0,0.0,0.0,0.0,0.0,0.0,0.0,0.0,0.0,0.0,0.0,0.0,0.0,0.0,0.0,0.0,0.0,0.0,0.0,0.0,0.0,0.0,0.0,0.0,0.0,0.0,0.0,0.0,0.0,0.0,0.0,0.0,0.0,0.0,0.0,0.0,0.0,0.0,0.0,0.0,0.0,0.0,0.0,0.0,0.0,0.0,0.8698559999465942,0.8940605521202087,-5.567093808167556e-07,0.7939531207084656,0.8795124888420105,-0.028658509254455566,0.7126621007919312,0.796513557434082,-0.04442964494228363,0.6911792755126953,0.6908155083656311,-0.06382827460765839,0.7282465100288391,0.6367402076721191,-0.07586344331502914,0.7453782558441162,0.6335640549659729,-0.0038096520584076643,0.7388152480125427,0.509330689907074,-0.05908261239528656,0.7311093211174011,0.4877926707267761,-0.07882743328809738,0.7305089235305786,0.5047391057014465,-0.07971388101577759,0.8006121516227722,0.6460679173469543,-0.009647971019148827,0.7925341129302979,0.605796754360199,-0.06616345047950745,0.798623263835907,0.7187268137931824,-0.058366190642118454,0.7934609055519104,0.7200679183006287,-0.034495968371629715,0.8528284430503845,0.6563935875892639,-0.027019409462809563,0.8453505635261536,0.6382316946983337,-0.08377829939126968,0.8435642719268799,0.7455031871795654,-0.05776018276810646,0.835991621017456,0.7371166944503784,-0.022774606943130493,0.9060196280479431,0.667310893535614,-0.04808017984032631,0.8923676609992981,0.656649112701416,-0.07494111359119415,0.8859827518463135,0.731770396232605,-0.05292896926403046,0.8829495310783386,0.7385855317115784,-0.026015425100922585,इ
0.0,0.0,0.0,0.0,0.0,0.0,0.0,0.0,0.0,0.0,0.0,0.0,0.0,0.0,0.0,0.0,0.0,0.0,0.0,0.0,0.0,0.0,0.0,0.0,0.0,0.0,0.0,0.0,0.0,0.0,0.0,0.0,0.0,0.0,0.0,0.0,0.0,0.0,0.0,0.0,0.0,0.0,0.0,0.0,0.0,0.0,0.0,0.0,0.0,0.0,0.0,0.0,0.0,0.0,0.0,0.0,0.0,0.0,0.0,0.0,0.0,0.0,0.0,0.8751165866851807,0.8993891477584839,-5.849984745509573e-07,0.7960615158081055,0.8871063590049744,-0.031462762504816055,0.7105250954627991,0.7915637493133545,-0.04283776134252548,0.6923546195030212,0.6769251823425293,-0.05734749138355255,0.7354466319084167,0.6376441717147827,-0.06383738666772842,0.7451360821723938,0.6322398781776428,0.0017525351140648127,0.7386532425880432,0.5090498924255371,-0.05049756541848183,0.7336699962615967,0.48981910943984985,-0.0665772333741188,0.7373210787773132,0.5025531649589539,-0.06486872583627701,0.8012049794197083,0.6418886780738831,-0.0011654504342004657,0.7970597743988037,0.6065530180931091,-0.05443163588643074,0.8001275658607483,0.7204307913780212,-0.04373277723789215,0.7926065325737,0.7167754173278809,-0.017355719581246376,0.8536553978919983,0.6523360013961792,-0.016760580241680145,0.8494957685470581,0.6382929086685181,-0.07222086191177368,0.8459143042564392,0.7466987371444702,-0.048223160207271576,0.8367457389831543,0.733928918838501,-0.01404885109513998,0.9075520038604736,0.6625866889953613,-0.03631996735930443,0.8944889903068542,0.6563591957092285,-0.06122885271906853,0.8871962428092957,0.7296386361122131,-0.041079990565776825,0.8840309381484985,0.7334900498390198,-0.015546067617833614,इ
0.0,0.0,0.0,0.0,0.0,0.0,0.0,0.0,0.0,0.0,0.0,0.0,0.0,0.0,0.0,0.0,0.0,0.0,0.0,0.0,0.0,0.0,0.0,0.0,0.0,0.0,0.0,0.0,0.0,0.0,0.0,0.0,0.0,0.0,0.0,0.0,0.0,0.0,0.0,0.0,0.0,0.0,0.0,0.0,0.0,0.0,0.0,0.0,0.0,0.0,0.0,0.0,0.0,0.0,0.0,0.0,0.0,0.0,0.0,0.0,0.0,0.0,0.0,0.8738314509391785,0.8979355096817017,-5.569108338931983e-07,0.7957881093025208,0.8865773677825928,-0.029467111453413963,0.7090545296669006,0.7870433926582336,-0.04099149629473686,0.691058874130249,0.6722949147224426,-0.056081004440784454,0.7368332147598267,0.6443254947662354,-0.06410757452249527,0.7454912066459656,0.6330051422119141,0.00153748516459018,0.7395874857902527,0.5103490352630615,-0.048903580754995346,0.7329173684120178,0.4899173080921173,-0.06493763625621796,0.7339203953742981,0.500343918800354,-0.06463504582643509,0.8015873432159424,0.6428428292274475,-0.002995398361235857,0.7979221940040588,0.603336751461029,-0.05751193314790726,0.8009985089302063,0.716802179813385,-0.04924173653125763,0.7937675714492798,0.717244029045105,-0.02485334873199463,0.8537430763244629,0.6537066698074341,-0.019261475652456284,0.8502862453460693,0.6355173587799072,-0.07394632697105408,0.8461672067642212,0.7436167001724243,-0.04957829788327217,0.8364992141723633,0.7342469692230225,-0.01582159288227558,0.9073089957237244,0.6640254855155945,-0.03938673809170723,0.8945608735084534,0.6535924673080444,-0.06404894590377808,0.8881363272666931,0.7275346517562866,-0.04360023885965347,0.8852173686027527,0.7331008911132812,-0.018408387899398804,इ
0.0,0.0,0.0,0.0,0.0,0.0,0.0,0.0,0.0,0.0,0.0,0.0,0.0,0.0,0.0,0.0,0.0,0.0,0.0,0.0,0.0,0.0,0.0,0.0,0.0,0.0,0.0,0.0,0.0,0.0,0.0,0.0,0.0,0.0,0.0,0.0,0.0,0.0,0.0,0.0,0.0,0.0,0.0,0.0,0.0,0.0,0.0,0.0,0.0,0.0,0.0,0.0,0.0,0.0,0.0,0.0,0.0,0.0,0.0,0.0,0.0,0.0,0.0,0.8740853667259216,0.8994247913360596,-5.66309836358414e-07,0.7975047826766968,0.8857446908950806,-0.029979543760418892,0.7121134400367737,0.793081521987915,-0.04367706552147865,0.6911287903785706,0.6845735311508179,-0.06089362874627113,0.7317079305648804,0.6450927257537842,-0.07089050114154816,0.7454900145530701,0.6311530470848083,-0.0001714747486403212,0.7397792339324951,0.5112276673316956,-0.051524728536605835,0.7329810261726379,0.4901435375213623,-0.06809625029563904,0.7336401343345642,0.5001475811004639,-0.0680476576089859,0.8012539744377136,0.6409454941749573,-0.005139761138707399,0.796256422996521,0.6056307554244995,-0.060503266751766205,0.8002877235412598,0.720319390296936,-0.05185781791806221,0.7942035794258118,0.7194143533706665,-0.027099264785647392,0.8545594215393066,0.652299702167511,-0.021982070058584213,0.8499100804328918,0.641284167766571,-0.07808014005422592,0.8455072045326233,0.7499862909317017,-0.0540551096200943,0.8362931609153748,0.7390439510345459,-0.02040478028357029,0.9079824090003967,0.6648144125938416,-0.042624689638614655,0.8951797485351562,0.6607445478439331,-0.06877908110618591,0.8869073390960693,0.7359979152679443,-0.04886555299162865,0.8827553987503052,0.7401696443557739,-0.023886458948254585,इ
0.0,0.0,0.0,0.0,0.0,0.0,0.0,0.0,0.0,0.0,0.0,0.0,0.0,0.0,0.0,0.0,0.0,0.0,0.0,0.0,0.0,0.0,0.0,0.0,0.0,0.0,0.0,0.0,0.0,0.0,0.0,0.0,0.0,0.0,0.0,0.0,0.0,0.0,0.0,0.0,0.0,0.0,0.0,0.0,0.0,0.0,0.0,0.0,0.0,0.0,0.0,0.0,0.0,0.0,0.0,0.0,0.0,0.0,0.0,0.0,0.0,0.0,0.0,0.8738524317741394,0.8994088768959045,-5.611077540379483e-07,0.7955489754676819,0.8883997797966003,-0.029045816510915756,0.7100942134857178,0.7915715575218201,-0.041179969906806946,0.6910574436187744,0.6781468391418457,-0.05697359889745712,0.7335080504417419,0.6405143737792969,-0.06565044820308685,0.745944619178772,0.6324893832206726,0.0005880112876184285,0.741387665271759,0.5074589252471924,-0.05136486887931824,0.7330949306488037,0.4861162006855011,-0.06810414791107178,0.731965959072113,0.5006293058395386,-0.06763028353452682,0.8025156855583191,0.6440742611885071,-0.004532713908702135,0.794844388961792,0.6052193641662598,-0.0597759447991848,0.7999188303947449,0.7200894951820374,-0.05051254853606224,0.7947612404823303,0.7216495871543884,-0.025083960965275764,0.8548271656036377,0.656194269657135,-0.021528024226427078,0.8483555912971497,0.6392331123352051,-0.07745714485645294,0.8461476564407349,0.7481729984283447,-0.05113394558429718,0.8382549285888672,0.7396398186683655,-0.015529907308518887,0.9084846377372742,0.6680659055709839,-0.042368631809949875,0.8936388492584229,0.6558449268341064,-0.06825198978185654,0.8878723978996277,0.7305130362510681,-0.046307217329740524,0.8857822418212891,0.7370251417160034,-0.019490571692585945,इ
0.0,0.0,0.0,0.0,0.0,0.0,0.0,0.0,0.0,0.0,0.0,0.0,0.0,0.0,0.0,0.0,0.0,0.0,0.0,0.0,0.0,0.0,0.0,0.0,0.0,0.0,0.0,0.0,0.0,0.0,0.0,0.0,0.0,0.0,0.0,0.0,0.0,0.0,0.0,0.0,0.0,0.0,0.0,0.0,0.0,0.0,0.0,0.0,0.0,0.0,0.0,0.0,0.0,0.0,0.0,0.0,0.0,0.0,0.0,0.0,0.0,0.0,0.0,0.8738648891448975,0.8970130681991577,-5.693013349628018e-07,0.7983715534210205,0.8829907178878784,-0.02945423685014248,0.7142025232315063,0.7929959893226624,-0.0438963957130909,0.6947784423828125,0.6850051283836365,-0.06170092150568962,0.7336612939834595,0.6432227492332458,-0.07191762328147888,0.7458788156509399,0.6303485035896301,-0.0032921701204031706,0.7396957278251648,0.5087567567825317,-0.05682198703289032,0.7343653440475464,0.4870390295982361,-0.07390734553337097,0.7349227070808411,0.5003710985183716,-0.07342710345983505,0.8012346625328064,0.6411622762680054,-0.008510139770805836,0.7961639761924744,0.6055519580841064,-0.06425251811742783,0.8011659383773804,0.7186103463172913,-0.05530306696891785,0.7928568720817566,0.7166996002197266,-0.030633458867669106,0.8540396094322205,0.6520319581031799,-0.025448352098464966,0.8481889963150024,0.6369873285293579,-0.0819888710975647,0.8463684320449829,0.7445077300071716,-0.056372836232185364,0.8368359208106995,0.7321786284446716,-0.02183508314192295,0.9076942205429077,0.6634521484375,-0.04607509821653366,0.8929319977760315,0.6562296152114868,-0.0728783905506134,0.8883610963821411,0.7306486964225769,-0.05191631615161896,0.8858252167701721,0.7332780361175537,-0.0259707048535347,इ
0.0,0.0,0.0,0.0,0.0,0.0,0.0,0.0,0.0,0.0,0.0,0.0,0.0,0.0,0.0,0.0,0.0,0.0,0.0,0.0,0.0,0.0,0.0,0.0,0.0,0.0,0.0,0.0,0.0,0.0,0.0,0.0,0.0,0.0,0.0,0.0,0.0,0.0,0.0,0.0,0.0,0.0,0.0,0.0,0.0,0.0,0.0,0.0,0.0,0.0,0.0,0.0,0.0,0.0,0.0,0.0,0.0,0.0,0.0,0.0,0.0,0.0,0.0,0.8730581998825073,0.8840327858924866,-5.689149702448049e-07,0.7946937680244446,0.8711254000663757,-0.032978422939777374,0.7127165794372559,0.7822893857955933,-0.04747076332569122,0.6902291774749756,0.6720224022865295,-0.06432931125164032,0.7281579971313477,0.6298030018806458,-0.07287747412919998,0.7451410293579102,0.6207473874092102,-0.005260062403976917,0.7402909994125366,0.4954516887664795,-0.06118573248386383,0.7336869835853577,0.4783651828765869,-0.07878902554512024,0.7336012125015259,0.49718186259269714,-0.077158622443676,0.8017760515213013,0.6346348524093628,-0.007937876507639885,0.7977027297019958,0.5947620868682861,-0.06393464654684067,0.8011615872383118,0.7085851430892944,-0.05312180519104004,0.7914816737174988,0.7055119276046753,-0.02638489007949829,0.8537476062774658,0.6467279195785522,-0.02305452711880207,0.8496173024177551,0.628400444984436,-0.0815253034234047,0.8465324640274048,0.7358700037002563,-0.056213218718767166,0.8357112407684326,0.7237765789031982,-0.020704740658402443,0.9071135520935059,0.6573697924613953,-0.041979096829891205,0.8955659866333008,0.6468971371650696,-0.07025682181119919,0.8895676136016846,0.7209899425506592,-0.04965628311038017,0.8848468065261841,0.7268715500831604,-0.02316516824066639,इ
0.0,0.0,0.0,0.0,0.0,0.0,0.0,0.0,0.0,0.0,0.0,0.0,0.0,0.0,0.0,0.0,0.0,0.0,0.0,0.0,0.0,0.0,0.0,0.0,0.0,0.0,0.0,0.0,0.0,0.0,0.0,0.0,0.0,0.0,0.0,0.0,0.0,0.0,0.0,0.0,0.0,0.0,0.0,0.0,0.0,0.0,0.0,0.0,0.0,0.0,0.0,0.0,0.0,0.0,0.0,0.0,0.0,0.0,0.0,0.0,0.0,0.0,0.0,0.8712154030799866,0.8777670860290527,-5.540304073292646e-07,0.7944594025611877,0.8647645115852356,-0.029890866950154305,0.7100328207015991,0.7729755640029907,-0.04348253831267357,0.690077543258667,0.6620444059371948,-0.060267265886068344,0.7334224581718445,0.618389368057251,-0.06950467824935913,0.7437354922294617,0.6137230396270752,-0.0023965933360159397,0.7368694543838501,0.49111467599868774,-0.05521037429571152,0.7301647067070007,0.4721463918685913,-0.07215148210525513,0.7318283319473267,0.4870743751525879,-0.07151991128921509,0.799386203289032,0.6257813572883606,-0.006830127909779549,0.7944179773330688,0.5841505527496338,-0.061816416680812836,0.7992680668830872,0.6973754167556763,-0.05228302627801895,0.7937878966331482,0.697314977645874,-0.026876674965023994,0.8514831066131592,0.6375378966331482,-0.023089202120900154,0.8462865352630615,0.6190276741981506,-0.07845286279916763,0.8434534668922424,0.7252529859542847,-0.05274832248687744,0.8358551263809204,0.7144529819488525,-0.017842542380094528,0.9047675132751465,0.6486179828643799,-0.043148405849933624,0.8899679183959961,0.6369102001190186,-0.06890661269426346,0.8833879232406616,0.7093048691749573,-0.047971926629543304,0.8816153407096863,0.7136633992195129,-0.021975142881274223,इ
0.0,0.0,0.0,0.0,0.0,0.0,0.0,0.0,0.0,0.0,0.0,0.0,0.0,0.0,0.0,0.0,0.0,0.0,0.0,0.0,0.0,0.0,0.0,0.0,0.0,0.0,0.0,0.0,0.0,0.0,0.0,0.0,0.0,0.0,0.0,0.0,0.0,0.0,0.0,0.0,0.0,0.0,0.0,0.0,0.0,0.0,0.0,0.0,0.0,0.0,0.0,0.0,0.0,0.0,0.0,0.0,0.0,0.0,0.0,0.0,0.0,0.0,0.0,0.8714965581893921,0.8829084038734436,-5.317899081092037e-07,0.7927892208099365,0.8725975751876831,-0.032119374722242355,0.706257700920105,0.7753199338912964,-0.04488947615027428,0.6824225187301636,0.659447968006134,-0.060699254274368286,0.7250708937644958,0.6277226209640503,-0.06898247450590134,0.7404281497001648,0.6208313703536987,0.002287604147568345,0.7345407605171204,0.49955999851226807,-0.04881032183766365,0.728441596031189,0.4788670837879181,-0.06499787420034409,0.7290126085281372,0.48790407180786133,-0.0643589198589325,0.7949687242507935,0.6323201656341553,-0.0010576412314549088,0.7906174659729004,0.5882631540298462,-0.05592065304517746,0.7949022054672241,0.7023975849151611,-0.04738840088248253,0.7858493328094482,0.7028234004974365,-0.022178007289767265,0.8461131453514099,0.6427857279777527,-0.016583329066634178,0.8426762819290161,0.6196229457855225,-0.07305480539798737,0.8408811092376709,0.7275959253311157,-0.04891465604305267,0.8300008773803711,0.7186963558197021,-0.014472905546426773,0.898623526096344,0.6520867347717285,-0.03601991385221481,0.8877121210098267,0.637390673160553,-0.062119100242853165,0.8833988904953003,0.7113396525382996,-0.0417090468108654,0.8795953989028931,0.7184785008430481,-0.016027240082621574,इ
0.0,0.0,0.0,0.0,0.0,0.0,0.0,0.0,0.0,0.0,0.0,0.0,0.0,0.0,0.0,0.0,0.0,0.0,0.0,0.0,0.0,0.0,0.0,0.0,0.0,0.0,0.0,0.0,0.0,0.0,0.0,0.0,0.0,0.0,0.0,0.0,0.0,0.0,0.0,0.0,0.0,0.0,0.0,0.0,0.0,0.0,0.0,0.0,0.0,0.0,0.0,0.0,0.0,0.0,0.0,0.0,0.0,0.0,0.0,0.0,0.0,0.0,0.0,0.867804229259491,0.8781799077987671,-5.539376957131026e-07,0.7885804176330566,0.865268349647522,-0.03077859990298748,0.7063496708869934,0.7765680551528931,-0.04413951560854912,0.685834527015686,0.6672078967094421,-0.060451459139585495,0.7244821786880493,0.6277666091918945,-0.06903763860464096,0.7401382923126221,0.616303026676178,0.00015390889893751591,0.7334185242652893,0.49580010771751404,-0.05201210454106331,0.7278169393539429,0.4771888852119446,-0.0693206861615181,0.7288600206375122,0.4934467375278473,-0.06882458925247192,0.795761227607727,0.628216028213501,-0.003606643993407488,0.7877204418182373,0.5888925194740295,-0.057811565697193146,0.7937092185020447,0.6999642252922058,-0.04942188784480095,0.7876884937286377,0.7002014517784119,-0.02491418831050396,0.8475712537765503,0.6388857364654541,-0.019321026280522346,0.8382321000099182,0.6213760375976562,-0.0743778720498085,0.8374664187431335,0.726357102394104,-0.049982570111751556,0.8301341533660889,0.7161821126937866,-0.01596924662590027,0.8999570608139038,0.6492857933044434,-0.038863081485033035,0.8831310272216797,0.6380739212036133,-0.06335529685020447,0.8785930871963501,0.710556149482727,-0.04173959791660309,0.8774632215499878,0.7161670327186584,-0.015482905320823193,इ
0.0,0.0,0.0,0.0,0.0,0.0,0.0,0.0,0.0,0.0,0.0,0.0,0.0,0.0,0.0,0.0,0.0,0.0,0.0,0.0,0.0,0.0,0.0,0.0,0.0,0.0,0.0,0.0,0.0,0.0,0.0,0.0,0.0,0.0,0.0,0.0,0.0,0.0,0.0,0.0,0.0,0.0,0.0,0.0,0.0,0.0,0.0,0.0,0.0,0.0,0.0,0.0,0.0,0.0,0.0,0.0,0.0,0.0,0.0,0.0,0.0,0.0,0.0,0.867719829082489,0.8829642534255981,-5.348854301701067e-07,0.7900897860527039,0.8669818043708801,-0.030987322330474854,0.7082351446151733,0.7813147902488708,-0.04659506678581238,0.6867698431015015,0.6751980185508728,-0.06549760699272156,0.7242317795753479,0.6295285224914551,-0.07700458914041519,0.7412208914756775,0.61690354347229,-0.00117734563536942,0.7354965806007385,0.5007354021072388,-0.054003212600946426,0.7292713522911072,0.47943007946014404,-0.07214143127202988,0.729973554611206,0.48923516273498535,-0.07267314195632935,0.7964944839477539,0.6304335594177246,-0.005717865191400051,0.7894377708435059,0.5918455719947815,-0.059908222407102585,0.7936643958091736,0.7045511603355408,-0.051497552543878555,0.7880279421806335,0.7018462419509888,-0.02747400477528572,0.8484511375427246,0.6422118544578552,-0.022252531722187996,0.8410360813140869,0.6249697804450989,-0.07870692759752274,0.8380905389785767,0.7317637801170349,-0.05442935973405838,0.8307619094848633,0.7198167443275452,-0.020494896918535233,0.9013172388076782,0.6545019149780273,-0.042501505464315414,0.885766863822937,0.6413217186927795,-0.06807050108909607,0.8789092898368835,0.715668797492981,-0.04630610719323158,0.8770240545272827,0.7222084999084473,-0.019960246980190277,इ
0.0,0.0,0.0,0.0,0.0,0.0,0.0,0.0,0.0,0.0,0.0,0.0,0.0,0.0,0.0,0.0,0.0,0.0,0.0,0.0,0.0,0.0,0.0,0.0,0.0,0.0,0.0,0.0,0.0,0.0,0.0,0.0,0.0,0.0,0.0,0.0,0.0,0.0,0.0,0.0,0.0,0.0,0.0,0.0,0.0,0.0,0.0,0.0,0.0,0.0,0.0,0.0,0.0,0.0,0.0,0.0,0.0,0.0,0.0,0.0,0.0,0.0,0.0,0.8891178965568542,0.829281210899353,-5.348285867512459e-07,0.8019824624061584,0.7977043390274048,-0.010250779800117016,0.7193183302879333,0.7266517877578735,-0.02301165647804737,0.6630547046661377,0.6737064123153687,-0.04279201850295067,0.6372544169425964,0.6069263219833374,-0.05999056249856949,0.7529219388961792,0.5776869654655457,0.009648121893405914,0.6958704590797424,0.4743920564651489,-0.03336256742477417,0.6501758098602295,0.5000686645507812,-0.06639198213815689,0.6359808444976807,0.5506280064582825,-0.08219864964485168,0.787935733795166,0.5560415387153625,-0.007695664651691914,0.7323763370513916,0.4255151152610779,-0.04754660278558731,0.6746585965156555,0.4595978260040283,-0.07158321142196655,0.6530572175979614,0.521271824836731,-0.07943321019411087,0.8286969065666199,0.5541549324989319,-0.03185085579752922,0.7744401693344116,0.4152645170688629,-0.06554751098155975,0.7111383676528931,0.4497668147087097,-0.07728715986013412,0.683493435382843,0.5070038437843323,-0.0774766206741333,0.8704955577850342,0.5718328356742859,-0.057718079537153244,0.8001941442489624,0.4926188588142395,-0.08257243037223816,0.7417851686477661,0.5126930475234985,-0.08806463330984116,0.7114303112030029,0.5517476797103882,-0.0861113891005516,ओ
0.0,0.0,0.0,0.0,0.0,0.0,0.0,0.0,0.0,0.0,0.0,0.0,0.0,0.0,0.0,0.0,0.0,0.0,0.0,0.0,0.0,0.0,0.0,0.0,0.0,0.0,0.0,0.0,0.0,0.0,0.0,0.0,0.0,0.0,0.0,0.0,0.0,0.0,0.0,0.0,0.0,0.0,0.0,0.0,0.0,0.0,0.0,0.0,0.0,0.0,0.0,0.0,0.0,0.0,0.0,0.0,0.0,0.0,0.0,0.0,0.0,0.0,0.0,0.8499021530151367,0.7879283428192139,-5.648155365634011e-07,0.758216381072998,0.754231333732605,-0.009906487539410591,0.6764301061630249,0.6936166286468506,-0.024653013795614243,0.6162172555923462,0.6416639685630798,-0.04777234047651291,0.5962929129600525,0.5711373090744019,-0.06691182404756546,0.7137600779533386,0.5413772463798523,0.01695893704891205,0.6584120392799377,0.4334823191165924,-0.02708730474114418,0.6078029870986938,0.4678530991077423,-0.05925270915031433,0.5918937921524048,0.5235908627510071,-0.0746799185872078,0.7437939643859863,0.5233956575393677,-0.0008315623854286969,0.6842486262321472,0.39298582077026367,-0.044571053236722946,0.6246249079704285,0.44698870182037354,-0.06689994782209396,0.6068829298019409,0.5163207650184631,-0.07221200317144394,0.7783190608024597,0.5202472805976868,-0.026377016678452492,0.717729926109314,0.38892585039138794,-0.06360167264938354,0.6551637053489685,0.44727063179016113,-0.07264097034931183,0.6337365508079529,0.5168907046318054,-0.06936107575893402,0.8113535046577454,0.5345157980918884,-0.05402325838804245,0.7389272451400757,0.4610798954963684,-0.07883206009864807,0.6812598705291748,0.4983745813369751,-0.08329656720161438,0.6552528738975525,0.5473096370697021,-0.08034582436084747,ओ
0.0,0.0,0.0,0.0,0.0,0.0,0.0,0.0,0.0,0.0,0.0,0.0,0.0,0.0,0.0,0.0,0.0,0.0,0.0,0.0,0.0,0.0,0.0,0.0,0.0,0.0,0.0,0.0,0.0,0.0,0.0,0.0,0.0,0.0,0.0,0.0,0.0,0.0,0.0,0.0,0.0,0.0,0.0,0.0,0.0,0.0,0.0,0.0,0.0,0.0,0.0,0.0,0.0,0.0,0.0,0.0,0.0,0.0,0.0,0.0,0.0,0.0,0.0,0.8258317708969116,0.7642249464988708,-6.366609568431159e-07,0.7303293347358704,0.7333712577819824,-0.0054196384735405445,0.6495184898376465,0.6741817593574524,-0.018167946487665176,0.5912582278251648,0.622557520866394,-0.03977269306778908,0.568877100944519,0.553737461566925,-0.05744815990328789,0.6845993995666504,0.5189181566238403,0.023979460820555687,0.6276520490646362,0.4191702902317047,-0.015621807426214218,0.579673171043396,0.45993468165397644,-0.04547077417373657,0.5711347460746765,0.518194854259491,-0.06034643203020096,0.7152076959609985,0.4977656602859497,0.005007701925933361,0.6508650779724121,0.37856197357177734,-0.03408264368772507,0.5947393774986267,0.4372013807296753,-0.05559033155441284,0.5824505686759949,0.5057003498077393,-0.06197313964366913,0.749334454536438,0.4917982816696167,-0.02131033129990101,0.6829015612602234,0.36691707372665405,-0.05550156161189079,0.6218694448471069,0.4268772006034851,-0.06529349088668823,0.6039904356002808,0.4966239333152771,-0.06431980431079865,0.7804678678512573,0.5047418475151062,-0.049252577126026154,0.7015133500099182,0.4512920379638672,-0.07395867258310318,0.6466370224952698,0.492495596408844,-0.08038347214460373,0.6247704029083252,0.539821445941925,-0.07971019297838211,ओ
0.0,0.0,0.0,0.0,0.0,0.0,0.0,0.0,0.0,0.0,0.0,0.0,0.0,0.0,0.0,0.0,0.0,0.0,0.0,0.0,0.0,0.0,0.0,0.0,0.0,0.0,0.0,0.0,0.0,0.0,0.0,0.0,0.0,0.0,0.0,0.0,0.0,0.0,0.0,0.0,0.0,0.0,0.0,0.0,0.0,0.0,0.0,0.0,0.0,0.0,0.0,0.0,0.0,0.0,0.0,0.0,0.0,0.0,0.0,0.0,0.0,0.0,0.0,0.8119595646858215,0.7609888315200806,-6.666167564617353e-07,0.7133796215057373,0.7230218052864075,-0.004439776297658682,0.6347923874855042,0.6664029955863953,-0.01747072860598564,0.5772626996040344,0.6192920804023743,-0.04023587703704834,0.5518397092819214,0.5517478585243225,-0.059052735567092896,0.6766875982284546,0.5062459707260132,0.02904696576297283,0.618971586227417,0.4113558530807495,-0.011744554154574871,0.5698058009147644,0.4560430645942688,-0.0440535843372345,0.5593920350074768,0.5155056715011597,-0.060877516865730286,0.7055509090423584,0.48760613799095154,0.009034947492182255,0.6336974501609802,0.37744027376174927,-0.03156522661447525,0.5763906836509705,0.44032588601112366,-0.05752820894122124,0.5645694136619568,0.5076755285263062,-0.06767213344573975,0.7373265027999878,0.48381319642066956,-0.01867387257516384,0.6646443605422974,0.37404555082321167,-0.05537932738661766,0.5996199250221252,0.4379742443561554,-0.07041318714618683,0.5799733400344849,0.5090339779853821,-0.07284701615571976,0.7636086940765381,0.500544548034668,-0.047764088958501816,0.6829182505607605,0.4542814791202545,-0.07403822243213654,0.6257801055908203,0.4951372742652893,-0.08363027125597,0.6020196080207825,0.5420832633972168,-0.08533254265785217,ओ
0.0,0.0,0.0,0.0,0.0,0.0,0.0,0.0,0.0,0.0,0.0,0.0,0.0,0.0,0.0,0.0,0.0,0.0,0.0,0.0,0.0,0.0,0.0,0.0,0.0,0.0,0.0,0.0,0.0,0.0,0.0,0.0,0.0,0.0,0.0,0.0,0.0,0.0,0.0,0.0,0.0,0.0,0.0,0.0,0.0,0.0,0.0,0.0,0.0,0.0,0.0,0.0,0.0,0.0,0.0,0.0,0.0,0.0,0.0,0.0,0.0,0.0,0.0,0.812421977519989,0.7601807117462158,-7.369157515313418e-07,0.7120330929756165,0.7240690588951111,0.0024385431315749884,0.6336457133293152,0.6666567325592041,-0.007225425913929939,0.577833890914917,0.6210846304893494,-0.028217315673828125,0.5506147742271423,0.5569356679916382,-0.0460970476269722,0.6743603944778442,0.5060631036758423,0.035773031413555145,0.6122411489486694,0.41631436347961426,-0.003354721935465932,0.5645787119865417,0.4639855921268463,-0.03432879596948624,0.5562780499458313,0.5249255299568176,-0.050182174891233444,0.7028292417526245,0.4861939549446106,0.01225915364921093,0.6269810795783997,0.37937691807746887,-0.027716390788555145,0.5711151957511902,0.4483323395252228,-0.052936751395463943,0.5616017580032349,0.518470823764801,-0.06204701215028763,0.7339841723442078,0.48090991377830505,-0.01857822760939598,0.6579378843307495,0.3744257986545563,-0.05448651686310768,0.5943017601966858,0.4431719481945038,-0.06940735131502151,0.5773347020149231,0.515317976474762,-0.0715976133942604,0.759895920753479,0.4957371950149536,-0.05023716390132904,0.6766436696052551,0.45130687952041626,-0.0755147933959961,0.6212124824523926,0.4965473413467407,-0.08447825908660889,0.600702702999115,0.5450786352157593,-0.08578402549028397,ओ
0.0,0.0,0.0,0.0,0.0,0.0,0.0,0.0,0.0,0.0,0.0,0.0,0.0,0.0,0.0,0.0,0.0,0.0,0.0,0.0,0.0,0.0,0.0,0.0,0.0,0.0,0.0,0.0,0.0,0.0,0.0,0.0,0.0,0.0,0.0,0.0,0.0,0.0,0.0,0.0,0.0,0.0,0.0,0.0,0.0,0.0,0.0,0.0,0.0,0.0,0.0,0.0,0.0,0.0,0.0,0.0,0.0,0.0,0.0,0.0,0.0,0.0,0.0,0.8223592042922974,0.758163332939148,-7.134536303965433e-07,0.7197615504264832,0.7220994830131531,0.001078765606507659,0.6409899592399597,0.6643816828727722,-0.009970968589186668,0.5833649635314941,0.6185986995697021,-0.03221713379025459,0.5591381788253784,0.5521531701087952,-0.05084771290421486,0.678941547870636,0.4969596266746521,0.03633606806397438,0.6184955835342407,0.40431898832321167,-0.0038343463093042374,0.5688451528549194,0.4520731270313263,-0.03559964895248413,0.5578640699386597,0.5150738954544067,-0.051601167768239975,0.7080909609794617,0.4791415333747864,0.01361869927495718,0.6332350373268127,0.3717607259750366,-0.026205509901046753,0.5757489204406738,0.44045290350914,-0.05105305090546608,0.5643914937973022,0.5103937983512878,-0.05968348681926727,0.7400087714195251,0.4761861264705658,-0.016684379428625107,0.663295567035675,0.37235110998153687,-0.052055392414331436,0.599517285823822,0.44085693359375,-0.06563340872526169,0.5819953680038452,0.5127202868461609,-0.06679750978946686,0.7662182450294495,0.493680477142334,-0.04806933552026749,0.6821022629737854,0.4505504071712494,-0.07221054285764694,0.6281147003173828,0.4957967698574066,-0.07952077686786652,0.6095850467681885,0.5441962480545044,-0.07939815521240234,ओ
0.0,0.0,0.0,0.0,0.0,0.0,0.0,0.0,0.0,0.0,0.0,0.0,0.0,0.0,0.0,0.0,0.0,0.0,0.0,0.0,0.0,0.0,0.0,0.0,0.0,0.0,0.0,0.0,0.0,0.0,0.0,0.0,0.0,0.0,0.0,0.0,0.0,0.0,0.0,0.0,0.0,0.0,0.0,0.0,0.0,0.0,0.0,0.0,0.0,0.0,0.0,0.0,0.0,0.0,0.0,0.0,0.0,0.0,0.0,0.0,0.0,0.0,0.0,0.826704740524292,0.7567372918128967,-7.164583735175256e-07,0.7304031252861023,0.7238036394119263,-0.007259356323629618,0.649484395980835,0.6667755842208862,-0.02244436927139759,0.5897311568260193,0.6210076808929443,-0.04660606384277344,0.568564772605896,0.5522345900535583,-0.06676056981086731,0.6853386163711548,0.4977933466434479,0.02369038760662079,0.626616895198822,0.4036600887775421,-0.019638849422335625,0.5774391293525696,0.4514453411102295,-0.053542979061603546,0.5645548701286316,0.5136746764183044,-0.07115520536899567,0.7156635522842407,0.47841084003448486,0.004465422593057156,0.6442785859107971,0.3671330213546753,-0.03849063441157341,0.5867320895195007,0.43340587615966797,-0.06504029035568237,0.5719680190086365,0.5032974481582642,-0.07475266605615616,0.749501645565033,0.476572185754776,-0.0224174652248621,0.6757598519325256,0.36608850955963135,-0.06050780415534973,0.6129515171051025,0.4317711591720581,-0.07489439100027084,0.5929399132728577,0.5026702880859375,-0.07626459002494812,0.7785755395889282,0.49705666303634644,-0.05083756148815155,0.6967119574546814,0.4476214647293091,-0.07780992239713669,0.6414177417755127,0.4880150258541107,-0.08643195778131485,0.6192057132720947,0.5335090756416321,-0.08691000193357468,ओ
0.0,0.0,0.0,0.0,0.0,0.0,0.0,0.0,0.0,0.0,0.0,0.0,0.0,0.0,0.0,0.0,0.0,0.0,0.0,0.0,0.0,0.0,0.0,0.0,0.0,0.0,0.0,0.0,0.0,0.0,0.0,0.0,0.0,0.0,0.0,0.0,0.0,0.0,0.0,0.0,0.0,0.0,0.0,0.0,0.0,0.0,0.0,0.0,0.0,0.0,0.0,0.0,0.0,0.0,0.0,0.0,0.0,0.0,0.0,0.0,0.0,0.0,0.0,0.8363778591156006,0.7572264075279236,-7.272710718098097e-07,0.7371304631233215,0.7220010757446289,-0.003504451597109437,0.655815839767456,0.6638321876525879,-0.01719636656343937,0.5970896482467651,0.6155935525894165,-0.040728066116571426,0.5788207054138184,0.546575665473938,-0.060384299606084824,0.6923767924308777,0.4955366551876068,0.02794397994875908,0.6358273029327393,0.3965742290019989,-0.01513508427888155,0.585938572883606,0.44289523363113403,-0.049103304743766785,0.5711444616317749,0.505127489566803,-0.06684986501932144,0.7245720624923706,0.47685301303863525,0.006647378206253052,0.6531039476394653,0.3609515428543091,-0.036715954542160034,0.5947265625,0.42397212982177734,-0.0638711154460907,0.5790959000587463,0.49387121200561523,-0.0739503800868988,0.7597841620445251,0.4744945764541626,-0.02219710871577263,0.6869114637374878,0.363023579120636,-0.05963710695505142,0.6220881938934326,0.42414969205856323,-0.07496487349271774,0.5991188883781433,0.4938775599002838,-0.07724808156490326,0.7903246283531189,0.4935300350189209,-0.05239090323448181,0.7074446082115173,0.44511866569519043,-0.07838205248117447,0.6481318473815918,0.48202407360076904,-0.08776765316724777,0.6202494502067566,0.5240414142608643,-0.08922332525253296,ओ
0.0,0.0,0.0,0.0,0.0,0.0,0.0,0.0,0.0,0.0,0.0,0.0,0.0,0.0,0.0,0.0,0.0,0.0,0.0,0.0,0.0,0.0,0.0,0.0,0.0,0.0,0.0,0.0,0.0,0.0,0.0,0.0,0.0,0.0,0.0,0.0,0.0,0.0,0.0,0.0,0.0,0.0,0.0,0.0,0.0,0.0,0.0,0.0,0.0,0.0,0.0,0.0,0.0,0.0,0.0,0.0,0.0,0.0,0.0,0.0,0.0,0.0,0.0,0.8458356857299805,0.7593234181404114,-7.006293003541941e-07,0.7456808686256409,0.7221308946609497,-0.004231331869959831,0.6635860800743103,0.6612587571144104,-0.01732301153242588,0.6035354137420654,0.6126827001571655,-0.040289003401994705,0.5797085165977478,0.5462987422943115,-0.05900156870484352,0.6976907253265381,0.49552488327026367,0.028084248304367065,0.6414972543716431,0.39343634247779846,-0.01477797795087099,0.5910998582839966,0.43891990184783936,-0.04814912751317024,0.5773366093635559,0.5006754398345947,-0.06523852050304413,0.7291296124458313,0.47735917568206787,0.007066431455314159,0.660109281539917,0.35612785816192627,-0.0358489453792572,0.6002634763717651,0.4193558990955353,-0.06163851171731949,0.5849058628082275,0.4893653988838196,-0.07053167372941971,0.7634358406066895,0.4758337736129761,-0.021772615611553192,0.6933296918869019,0.36057645082473755,-0.058568764477968216,0.627356767654419,0.42263031005859375,-0.07260230928659439,0.6052574515342712,0.4921339154243469,-0.07398989796638489,0.7926672697067261,0.49572739005088806,-0.05224514380097389,0.7132551074028015,0.44329243898391724,-0.07720933109521866,0.6531481742858887,0.4805539548397064,-0.08569153398275375,0.6261829733848572,0.5240588784217834,-0.08660107851028442,ओ
0.0,0.0,0.0,0.0,0.0,0.0,0.0,0.0,0.0,0.0,0.0,0.0,0.0,0.0,0.0,0.0,0.0,0.0,0.0,0.0,0.0,0.0,0.0,0.0,0.0,0.0,0.0,0.0,0.0,0.0,0.0,0.0,0.0,0.0,0.0,0.0,0.0,0.0,0.0,0.0,0.0,0.0,0.0,0.0,0.0,0.0,0.0,0.0,0.0,0.0,0.0,0.0,0.0,0.0,0.0,0.0,0.0,0.0,0.0,0.0,0.0,0.0,0.0,0.844861626625061,0.755407989025116,-6.758673976037244e-07,0.7472139596939087,0.7210370302200317,-0.004490880761295557,0.6657025814056396,0.6621503829956055,-0.016656290739774704,0.6057570576667786,0.6147791147232056,-0.038491390645504,0.5817625522613525,0.5496833324432373,-0.056541576981544495,0.6966115236282349,0.5050947666168213,0.027667321264743805,0.6401991248130798,0.40052247047424316,-0.014585113152861595,0.5917961597442627,0.44351375102996826,-0.047114644199609756,0.5793786644935608,0.5008490681648254,-0.06352248787879944,0.7276433706283569,0.4854239821434021,0.0074393837712705135,0.6606766581535339,0.35831189155578613,-0.03711250424385071,0.6032642722129822,0.41930699348449707,-0.0646108090877533,0.5887333154678345,0.4877457022666931,-0.07377312332391739,0.7627416849136353,0.4794052243232727,-0.02029145322740078,0.6962540745735168,0.35953545570373535,-0.058523211628198624,0.6311231851577759,0.42017602920532227,-0.07536768168210983,0.6081928014755249,0.48855698108673096,-0.07778165489435196,0.7954292297363281,0.49178004264831543,-0.049316078424453735,0.7181890606880188,0.43728893995285034,-0.07468186318874359,0.6578558087348938,0.4731809198856354,-0.08484779298305511,0.6292575001716614,0.5148077011108398,-0.08676216006278992,ओ
0.0,0.0,0.0,0.0,0.0,0.0,0.0,0.0,0.0,0.0,0.0,0.0,0.0,0.0,0.0,0.0,0.0,0.0,0.0,0.0,0.0,0.0,0.0,0.0,0.0,0.0,0.0,0.0,0.0,0.0,0.0,0.0,0.0,0.0,0.0,0.0,0.0,0.0,0.0,0.0,0.0,0.0,0.0,0.0,0.0,0.0,0.0,0.0,0.0,0.0,0.0,0.0,0.0,0.0,0.0,0.0,0.0,0.0,0.0,0.0,0.0,0.0,0.0,0.8512128591537476,0.746181070804596,-6.660112035206112e-07,0.7523233890533447,0.7104902267456055,-0.006143692880868912,0.6687047481536865,0.6537559032440186,-0.020232796669006348,0.607110857963562,0.6018948554992676,-0.043631412088871,0.5884610414505005,0.5304011702537537,-0.06294107437133789,0.7021094560623169,0.4945613741874695,0.02895360440015793,0.6457392573356628,0.3952389359474182,-0.01279429905116558,0.5950140357017517,0.4339846074581146,-0.046033743768930435,0.57884281873703,0.4900478422641754,-0.06339067220687866,0.7336426973342896,0.47356104850769043,0.009611151181161404,0.6651044487953186,0.35349535942077637,-0.03310824930667877,0.6060822606086731,0.4116867184638977,-0.05992661044001579,0.5889086723327637,0.4802641272544861,-0.06959524750709534,0.7683144211769104,0.46819472312927246,-0.017595941200852394,0.6997605562210083,0.3532310128211975,-0.0545482374727726,0.6348893642425537,0.41139113903045654,-0.07013858109712601,0.6116106510162354,0.48036250472068787,-0.07250620424747467,0.7988594770431519,0.48308491706848145,-0.04637772589921951,0.7188432216644287,0.4348084330558777,-0.0715228021144867,0.660532534122467,0.4702457785606384,-0.08119668811559677,0.6334177851676941,0.5114415884017944,-0.08303740620613098,ओ
0.0,0.0,0.0,0.0,0.0,0.0,0.0,0.0,0.0,0.0,0.0,0.0,0.0,0.0,0.0,0.0,0.0,0.0,0.0,0.0,0.0,0.0,0.0,0.0,0.0,0.0,0.0,0.0,0.0,0.0,0.0,0.0,0.0,0.0,0.0,0.0,0.0,0.0,0.0,0.0,0.0,0.0,0.0,0.0,0.0,0.0,0.0,0.0,0.0,0.0,0.0,0.0,0.0,0.0,0.0,0.0,0.0,0.0,0.0,0.0,0.0,0.0,0.0,0.8521023392677307,0.7421082258224487,-6.574591111530026e-07,0.7520389556884766,0.7021773457527161,-0.0008098219404928386,0.6704767942428589,0.6452551484107971,-0.012235710397362709,0.6110398173332214,0.5973431468009949,-0.03396548330783844,0.5878608822822571,0.5292996764183044,-0.05258670076727867,0.7087708115577698,0.4895041882991791,0.033046312630176544,0.6495248675346375,0.3943353295326233,-0.005807742942124605,0.5999613404273987,0.4296773076057434,-0.037842847406864166,0.5833930373191833,0.48391690850257874,-0.05467980355024338,0.7394008636474609,0.4686657190322876,0.011269916780292988,0.6687626242637634,0.35160523653030396,-0.029013782739639282,0.609940767288208,0.4067382514476776,-0.055655281990766525,0.5910173654556274,0.4753226339817047,-0.06588738411664963,0.7733234167098999,0.46274739503860474,-0.0177520252764225,0.7023677825927734,0.3424709141254425,-0.0529882051050663,0.6373304724693298,0.398068904876709,-0.06800363212823868,0.6128823757171631,0.46817588806152344,-0.07054074853658676,0.803164005279541,0.4770689308643341,-0.04790417477488518,0.7236343026161194,0.42486506700515747,-0.07272815704345703,0.6663157939910889,0.45897457003593445,-0.08157875388860703,0.6389154195785522,0.5014727711677551,-0.08297228813171387,ओ
0.0,0.0,0.0,0.0,0.0,0.0,0.0,0.0,0.0,0.0,0.0,0.0,0.0,0.0,0.0,0.0,0.0,0.0,0.0,0.0,0.0,0.0,0.0,0.0,0.0,0.0,0.0,0.0,0.0,0.0,0.0,0.0,0.0,0.0,0.0,0.0,0.0,0.0,0.0,0.0,0.0,0.0,0.0,0.0,0.0,0.0,0.0,0.0,0.0,0.0,0.0,0.0,0.0,0.0,0.0,0.0,0.0,0.0,0.0,0.0,0.0,0.0,0.0,0.8529539108276367,0.7308076024055481,-5.882549203306553e-07,0.7560887336730957,0.692551851272583,-0.00402611680328846,0.6730281710624695,0.6383183598518372,-0.016736993566155434,0.6114282608032227,0.5885276198387146,-0.0390748456120491,0.5923200845718384,0.5150130987167358,-0.05801240727305412,0.709054172039032,0.4868372976779938,0.03230996057391167,0.6519738435745239,0.3934209942817688,-0.005699023138731718,0.6059566140174866,0.4234314262866974,-0.03734161704778671,0.5900514125823975,0.47283390164375305,-0.054134588688611984,0.7400335073471069,0.4641176760196686,0.012356460094451904,0.6750338673591614,0.3447926640510559,-0.02720024436712265,0.6179554462432861,0.39267778396606445,-0.05288271605968475,0.5969842672348022,0.45978742837905884,-0.062451645731925964,0.7749581336975098,0.4568321704864502,-0.01523984782397747,0.7083419561386108,0.33604806661605835,-0.0506754033267498,0.6444140076637268,0.3879663348197937,-0.06554296612739563,0.6188254952430725,0.45698416233062744,-0.06767753511667252,0.8060159683227539,0.4698283076286316,-0.04423336312174797,0.7309181690216064,0.41290581226348877,-0.06925170123577118,0.6747477054595947,0.44767075777053833,-0.07825001329183578,0.646910548210144,0.4934799373149872,-0.07979293167591095,ओ
0.0,0.0,0.0,0.0,0.0,0.0,0.0,0.0,0.0,0.0,0.0,0.0,0.0,0.0,0.0,0.0,0.0,0.0,0.0,0.0,0.0,0.0,0.0,0.0,0.0,0.0,0.0,0.0,0.0,0.0,0.0,0.0,0.0,0.0,0.0,0.0,0.0,0.0,0.0,0.0,0.0,0.0,0.0,0.0,0.0,0.0,0.0,0.0,0.0,0.0,0.0,0.0,0.0,0.0,0.0,0.0,0.0,0.0,0.0,0.0,0.0,0.0,0.0,0.8571983575820923,0.7208588719367981,-5.623392667075677e-07,0.7591179013252258,0.6856952905654907,-0.005102417431771755,0.6778961420059204,0.6349970102310181,-0.01787392981350422,0.6191480159759521,0.5846791863441467,-0.04024411737918854,0.5990357995033264,0.512668788433075,-0.05874905735254288,0.7087705135345459,0.48539525270462036,0.0318402498960495,0.6539117693901062,0.3871442377567291,-0.007040014024823904,0.6068089008331299,0.4177424907684326,-0.038485318422317505,0.5937244892120361,0.47006580233573914,-0.05463148280978203,0.7385844588279724,0.46186143159866333,0.012794326059520245,0.6743098497390747,0.34086018800735474,-0.027600841596722603,0.6179536581039429,0.39189761877059937,-0.05230065807700157,0.602145254611969,0.4622010588645935,-0.06046978384256363,0.7725163102149963,0.4519731402397156,-0.01414357591420412,0.7070963978767395,0.330558180809021,-0.04883293807506561,0.6476054191589355,0.38407742977142334,-0.06197173520922661,0.6296550035476685,0.4555346369743347,-0.06267181783914566,0.8053348064422607,0.46031975746154785,-0.042872149497270584,0.7336093187332153,0.40559110045433044,-0.0670396164059639,0.6792274117469788,0.4410059452056885,-0.07522516697645187,0.6551375985145569,0.4898400604724884,-0.07582735270261765,ओ
0.0,0.0,0.0,0.0,0.0,0.0,0.0,0.0,0.0,0.0,0.0,0.0,0.0,0.0,0.0,0.0,0.0,0.0,0.0,0.0,0.0,0.0,0.0,0.0,0.0,0.0,0.0,0.0,0.0,0.0,0.0,0.0,0.0,0.0,0.0,0.0,0.0,0.0,0.0,0.0,0.0,0.0,0.0,0.0,0.0,0.0,0.0,0.0,0.0,0.0,0.0,0.0,0.0,0.0,0.0,0.0,0.0,0.0,0.0,0.0,0.0,0.0,0.0,0.8655842542648315,0.7158317565917969,-5.458505256683566e-07,0.7676482796669006,0.6797103881835938,-0.004694024100899696,0.6858535408973694,0.6260798573493958,-0.016051601618528366,0.6249197125434875,0.5762563943862915,-0.03724033012986183,0.6000561714172363,0.5061089396476746,-0.054763637483119965,0.7156007885932922,0.48050642013549805,0.03735705837607384,0.6629038453102112,0.3854706883430481,0.0005822074599564075,0.617485761642456,0.4119717478752136,-0.031023509800434113,0.6012079119682312,0.46004024147987366,-0.047933463007211685,0.7455372214317322,0.456188827753067,0.017842186614871025,0.6856756210327148,0.33472174406051636,-0.021192239597439766,0.6286201477050781,0.3778716027736664,-0.047630149871110916,0.6067444682121277,0.44423043727874756,-0.05760670825839043,0.7799390554428101,0.4461157023906708,-0.009755784645676613,0.71727055311203,0.32342419028282166,-0.04469013586640358,0.6562880277633667,0.3743877708911896,-0.06005103513598442,0.6329413056373596,0.4443231225013733,-0.06243909150362015,0.8128713965415955,0.4547853469848633,-0.03904479742050171,0.7413674592971802,0.39669138193130493,-0.06377655267715454,0.6870790719985962,0.4336332678794861,-0.07286139577627182,0.6612462401390076,0.4836519956588745,-0.07448253035545349,ओ
0.0,0.0,0.0,0.0,0.0,0.0,0.0,0.0,0.0,0.0,0.0,0.0,0.0,0.0,0.0,0.0,0.0,0.0,0.0,0.0,0.0,0.0,0.0,0.0,0.0,0.0,0.0,0.0,0.0,0.0,0.0,0.0,0.0,0.0,0.0,0.0,0.0,0.0,0.0,0.0,0.0,0.0,0.0,0.0,0.0,0.0,0.0,0.0,0.0,0.0,0.0,0.0,0.0,0.0,0.0,0.0,0.0,0.0,0.0,0.0,0.0,0.0,0.0,0.8640809059143066,0.7104576230049133,-5.293952085594356e-07,0.7696987390518188,0.6738366484642029,-0.0064686937257647514,0.689700722694397,0.6214058995246887,-0.018869437277317047,0.6304162740707397,0.5726680755615234,-0.040615975856781006,0.6057669520378113,0.5039168000221252,-0.058719802647829056,0.7174062132835388,0.4768114984035492,0.03248905390501022,0.6646022796630859,0.38132530450820923,-0.005195343401283026,0.618857204914093,0.40721094608306885,-0.03584542125463486,0.6041632890701294,0.4528300166130066,-0.05179453641176224,0.7483291625976562,0.4523470401763916,0.014067579060792923,0.6896947622299194,0.329357773065567,-0.025922372937202454,0.6344215869903564,0.3747139573097229,-0.050552789121866226,0.6150451302528381,0.44055071473121643,-0.058787256479263306,0.7835320830345154,0.44103920459747314,-0.012431147508323193,0.7243052124977112,0.31570568680763245,-0.04795325547456741,0.6652347445487976,0.36823803186416626,-0.06148247420787811,0.6437036395072937,0.4383108913898468,-0.06224503368139267,0.8178919553756714,0.4479715824127197,-0.04076218977570534,0.7496063113212585,0.3897753655910492,-0.06564728170633316,0.6964989900588989,0.4271155893802643,-0.074137382209301,0.6712095141410828,0.4771323800086975,-0.07510644942522049,ओ
0.0,0.0,0.0,0.0,0.0,0.0,0.0,0.0,0.0,0.0,0.0,0.0,0.0,0.0,0.0,0.0,0.0,0.0,0.0,0.0,0.0,0.0,0.0,0.0,0.0,0.0,0.0,0.0,0.0,0.0,0.0,0.0,0.0,0.0,0.0,0.0,0.0,0.0,0.0,0.0,0.0,0.0,0.0,0.0,0.0,0.0,0.0,0.0,0.0,0.0,0.0,0.0,0.0,0.0,0.0,0.0,0.0,0.0,0.0,0.0,0.0,0.0,0.0,0.8747417330741882,0.7091400623321533,-5.339923632163845e-07,0.7785176038742065,0.6743832230567932,-0.005864392034709454,0.6954850554466248,0.6186761260032654,-0.01787644810974598,0.6349817514419556,0.5673279762268066,-0.0395616814494133,0.6132349371910095,0.49476930499076843,-0.05741902440786362,0.7255527377128601,0.4726681113243103,0.03385316580533981,0.6728237867355347,0.374773234128952,-0.0036239263135939837,0.6276354789733887,0.40208205580711365,-0.034344710409641266,0.6157811284065247,0.4506431221961975,-0.05027616024017334,0.7560725212097168,0.44883131980895996,0.014789117500185966,0.6974376440048218,0.323438823223114,-0.024790342897176743,0.6411964297294617,0.3677683174610138,-0.049515631049871445,0.6231684684753418,0.43474626541137695,-0.05791487172245979,0.7914420366287231,0.43912631273269653,-0.012396789155900478,0.7305884957313538,0.31327885389328003,-0.04742918536067009,0.6714597940444946,0.3654540181159973,-0.06091111898422241,0.6525322198867798,0.4360079765319824,-0.06178918853402138,0.8255950808525085,0.44719022512435913,-0.04142270237207413,0.7551026344299316,0.3870268166065216,-0.06601555645465851,0.7011746168136597,0.42277583479881287,-0.07433044910430908,0.6772516965866089,0.472461074590683,-0.07526644319295883,ओ
0.0,0.0,0.0,0.0,0.0,0.0,0.0,0.0,0.0,0.0,0.0,0.0,0.0,0.0,0.0,0.0,0.0,0.0,0.0,0.0,0.0,0.0,0.0,0.0,0.0,0.0,0.0,0.0,0.0,0.0,0.0,0.0,0.0,0.0,0.0,0.0,0.0,0.0,0.0,0.0,0.0,0.0,0.0,0.0,0.0,0.0,0.0,0.0,0.0,0.0,0.0,0.0,0.0,0.0,0.0,0.0,0.0,0.0,0.0,0.0,0.0,0.0,0.0,0.8761451244354248,0.7122438549995422,-5.818457680106803e-07,0.7800307273864746,0.6738592386245728,-0.005634484346956015,0.6994678378105164,0.6174023151397705,-0.018613386899232864,0.6404415369033813,0.5696157217025757,-0.04117157682776451,0.6193830966949463,0.5008168816566467,-0.060171641409397125,0.7324943542480469,0.4689157009124756,0.030036067590117455,0.6787943840026855,0.36824852228164673,-0.009689274244010448,0.6325286030769348,0.3996178209781647,-0.04233346879482269,0.6169634461402893,0.44942423701286316,-0.05977168306708336,0.7637234330177307,0.447294145822525,0.010069369338452816,0.7022596001625061,0.3211076259613037,-0.03281830996274948,0.6444717049598694,0.3697013258934021,-0.060984041541814804,0.6246560215950012,0.4367588758468628,-0.07156537473201752,0.7992486357688904,0.4396444261074066,-0.01752615161240101,0.7358444333076477,0.31543827056884766,-0.054621029645204544,0.6740574836730957,0.36920636892318726,-0.07117679715156555,0.6518310308456421,0.43903011083602905,-0.07398198544979095,0.8332948684692383,0.45045721530914307,-0.04671686887741089,0.7612318396568298,0.38882720470428467,-0.07204635441303253,0.7065024375915527,0.42521530389785767,-0.08149460703134537,0.6821142435073853,0.47388505935668945,-0.0833488181233406,ओ
0.0,0.0,0.0,0.0,0.0,0.0,0.0,0.0,0.0,0.0,0.0,0.0,0.0,0.0,0.0,0.0,0.0,0.0,0.0,0.0,0.0,0.0,0.0,0.0,0.0,0.0,0.0,0.0,0.0,0.0,0.0,0.0,0.0,0.0,0.0,0.0,0.0,0.0,0.0,0.0,0.0,0.0,0.0,0.0,0.0,0.0,0.0,0.0,0.0,0.0,0.0,0.0,0.0,0.0,0.0,0.0,0.0,0.0,0.0,0.0,0.0,0.0,0.0,0.884904682636261,0.7165020704269409,-5.871933126400108e-07,0.788673460483551,0.6767059564590454,-0.005126637872308493,0.7073006629943848,0.6192108392715454,-0.017849097028374672,0.6467549204826355,0.5744518041610718,-0.04043251648545265,0.6274821758270264,0.5076727271080017,-0.05985129624605179,0.7348937392234802,0.47342449426651,0.02945023402571678,0.6785171031951904,0.3712235987186432,-0.011374816298484802,0.63509601354599,0.40571925044059753,-0.04522034525871277,0.6220412254333496,0.45709845423698425,-0.06327295303344727,0.7671282887458801,0.4517512023448944,0.009249825030565262,0.7057183980941772,0.32116860151290894,-0.03537054359912872,0.6497209668159485,0.36948099732398987,-0.06564602255821228,0.630184531211853,0.4361380934715271,-0.07741803675889969,0.8043268322944641,0.4440675973892212,-0.018339836969971657,0.7417184710502625,0.3173465132713318,-0.05656827613711357,0.6829173564910889,0.37160927057266235,-0.07471153885126114,0.6626303195953369,0.44146865606307983,-0.07808864116668701,0.8405498266220093,0.4541618525981903,-0.04734054207801819,0.7683570981025696,0.3908296227455139,-0.07258535176515579,0.713865339756012,0.42437517642974854,-0.08244103938341141,0.689342737197876,0.46952879428863525,-0.08456921577453613,ओ
0.0,0.0,0.0,0.0,0.0,0.0,0.0,0.0,0.0,0.0,0.0,0.0,0.0,0.0,0.0,0.0,0.0,0.0,0.0,0.0,0.0,0.0,0.0,0.0,0.0,0.0,0.0,0.0,0.0,0.0,0.0,0.0,0.0,0.0,0.0,0.0,0.0,0.0,0.0,0.0,0.0,0.0,0.0,0.0,0.0,0.0,0.0,0.0,0.0,0.0,0.0,0.0,0.0,0.0,0.0,0.0,0.0,0.0,0.0,0.0,0.0,0.0,0.0,0.8878462314605713,0.7146811485290527,-6.042280915607989e-07,0.7942931652069092,0.6784282922744751,-0.007340587209910154,0.7127124071121216,0.6188952326774597,-0.020833490416407585,0.6517307162284851,0.571508526802063,-0.04347001388669014,0.6307458281517029,0.502069354057312,-0.0621902197599411,0.7407985925674438,0.4689648449420929,0.026373451575636864,0.6856998801231384,0.36317047476768494,-0.013810732401907444,0.6405085325241089,0.4012787938117981,-0.04555746912956238,0.630308985710144,0.45397281646728516,-0.06216312199831009,0.7725518941879272,0.4474586546421051,0.007426064927130938,0.7097375988960266,0.3148208558559418,-0.03568318486213684,0.6523979306221008,0.36934685707092285,-0.06255467236042023,0.6368093490600586,0.43853428959846497,-0.0717402771115303,0.8093021512031555,0.4406704902648926,-0.019095031544566154,0.7469387054443359,0.31477153301239014,-0.055727142840623856,0.6860635280609131,0.3713992238044739,-0.07134109735488892,0.6671690940856934,0.44057199358940125,-0.07331656664609909,0.8452808856964111,0.4515772759914398,-0.04733746498823166,0.7740188837051392,0.38841521739959717,-0.07196777313947678,0.7192692160606384,0.42428410053253174,-0.08095820248126984,0.6969481110572815,0.4710962474346161,-0.08239729702472687,ओ
0.0,0.0,0.0,0.0,0.0,0.0,0.0,0.0,0.0,0.0,0.0,0.0,0.0,0.0,0.0,0.0,0.0,0.0,0.0,0.0,0.0,0.0,0.0,0.0,0.0,0.0,0.0,0.0,0.0,0.0,0.0,0.0,0.0,0.0,0.0,0.0,0.0,0.0,0.0,0.0,0.0,0.0,0.0,0.0,0.0,0.0,0.0,0.0,0.0,0.0,0.0,0.0,0.0,0.0,0.0,0.0,0.0,0.0,0.0,0.0,0.0,0.0,0.0,0.8962513208389282,0.7282452583312988,-5.836794798597111e-07,0.8042629957199097,0.6870555877685547,-0.009545177221298218,0.721290647983551,0.6257205605506897,-0.02451392263174057,0.6588666439056396,0.578566312789917,-0.04806223511695862,0.63908851146698,0.5070831179618835,-0.06761845201253891,0.7519739270210266,0.4764675498008728,0.021100258454680443,0.6992285251617432,0.36864686012268066,-0.02216866984963417,0.6535924077033997,0.39780735969543457,-0.05627664178609848,0.6389204263687134,0.4466405212879181,-0.07403530925512314,0.785140872001648,0.45695552229881287,0.0024499683640897274,0.7248009443283081,0.3236173391342163,-0.04502486065030098,0.6666402816772461,0.3696977496147156,-0.07496169209480286,0.6468176245689392,0.4367372989654541,-0.08560191839933395,0.8223006129264832,0.4519217610359192,-0.023752834647893906,0.7594600319862366,0.32729199528694153,-0.064052052795887,0.6995025277137756,0.37936997413635254,-0.08142401278018951,0.6799920797348022,0.4477477967739105,-0.08347004652023315,0.8587890267372131,0.4644625186920166,-0.05171641334891319,0.7860888242721558,0.4011201858520508,-0.07873436063528061,0.7293925285339355,0.4311487674713135,-0.0890965536236763,0.7039726972579956,0.4742567241191864,-0.09085096418857574,ओ
0.0,0.0,0.0,0.0,0.0,0.0,0.0,0.0,0.0,0.0,0.0,0.0,0.0,0.0,0.0,0.0,0.0,0.0,0.0,0.0,0.0,0.0,0.0,0.0,0.0,0.0,0.0,0.0,0.0,0.0,0.0,0.0,0.0,0.0,0.0,0.0,0.0,0.0,0.0,0.0,0.0,0.0,0.0,0.0,0.0,0.0,0.0,0.0,0.0,0.0,0.0,0.0,0.0,0.0,0.0,0.0,0.0,0.0,0.0,0.0,0.0,0.0,0.0,0.9028577208518982,0.710362434387207,-5.924783863520133e-07,0.80866539478302,0.6748442053794861,-0.013233708217740059,0.7276520729064941,0.6178796291351318,-0.03122580610215664,0.6664758324623108,0.5698502659797668,-0.05721027031540871,0.6480520367622375,0.49720412492752075,-0.07851295173168182,0.7570188045501709,0.4682212173938751,0.014216029085218906,0.7032836675643921,0.3540114760398865,-0.03205316886305809,0.6561113595962524,0.39148810505867004,-0.06651914864778519,0.6452956199645996,0.44492512941360474,-0.08414942771196365,0.7907772660255432,0.4494227468967438,-0.0024637479800730944,0.7300649881362915,0.3130705654621124,-0.051816318184137344,0.6708030700683594,0.3719310760498047,-0.07994489371776581,0.6559844613075256,0.44107985496520996,-0.0891394317150116,0.8281916379928589,0.444182425737381,-0.02694612927734852,0.7680975198745728,0.3168836236000061,-0.06743757426738739,0.7070670127868652,0.3767872452735901,-0.08228670060634613,0.6904608607292175,0.44648122787475586,-0.08289278298616409,0.8647370934486389,0.4556899070739746,-0.05370768532156944,0.7965697050094604,0.3939014673233032,-0.08046750724315643,0.7377896904945374,0.4271306097507477,-0.0905299186706543,0.7127228379249573,0.47119203209877014,-0.09217888116836548,ओ
0.0,0.0,0.0,0.0,0.0,0.0,0.0,0.0,0.0,0.0,0.0,0.0,0.0,0.0,0.0,0.0,0.0,0.0,0.0,0.0,0.0,0.0,0.0,0.0,0.0,0.0,0.0,0.0,0.0,0.0,0.0,0.0,0.0,0.0,0.0,0.0,0.0,0.0,0.0,0.0,0.0,0.0,0.0,0.0,0.0,0.0,0.0,0.0,0.0,0.0,0.0,0.0,0.0,0.0,0.0,0.0,0.0,0.0,0.0,0.0,0.0,0.0,0.0,0.9073150753974915,0.7111344337463379,-6.101440135353187e-07,0.8144586086273193,0.6755785942077637,-0.012348330579698086,0.7319711446762085,0.6170190572738647,-0.030023034662008286,0.6694566607475281,0.5696992874145508,-0.0559370294213295,0.6529459953308105,0.4976302981376648,-0.07784402370452881,0.762250542640686,0.4639415442943573,0.01597370207309723,0.7059575319290161,0.3566359579563141,-0.029815692454576492,0.6596158742904663,0.3960077166557312,-0.06513775140047073,0.6478654742240906,0.4492075443267822,-0.08380740135908127,0.7959983944892883,0.4442589282989502,-0.002346339635550976,0.7325897216796875,0.308946430683136,-0.051830410957336426,0.6735656261444092,0.3660939335823059,-0.08205106854438782,0.6573518514633179,0.4342453181743622,-0.09288132190704346,0.8341156244277954,0.4403951168060303,-0.028341252356767654,0.7706153988838196,0.3133532404899597,-0.07011768221855164,0.7093371152877808,0.373216450214386,-0.08740901201963425,0.6921359300613403,0.44230616092681885,-0.08950529247522354,0.8707244396209717,0.45489683747291565,-0.05631432682275772,0.7980715036392212,0.3904290795326233,-0.08412612974643707,0.7410128712654114,0.4252905547618866,-0.09479249268770218,0.7182923555374146,0.46943414211273193,-0.09700307250022888,ओ
0.0,0.0,0.0,0.0,0.0,0.0,0.0,0.0,0.0,0.0,0.0,0.0,0.0,0.0,0.0,0.0,0.0,0.0,0.0,0.0,0.0,0.0,0.0,0.0,0.0,0.0,0.0,0.0,0.0,0.0,0.0,0.0,0.0,0.0,0.0,0.0,0.0,0.0,0.0,0.0,0.0,0.0,0.0,0.0,0.0,0.0,0.0,0.0,0.0,0.0,0.0,0.0,0.0,0.0,0.0,0.0,0.0,0.0,0.0,0.0,0.0,0.0,0.0,0.9084073901176453,0.7134670615196228,-6.434270289901178e-07,0.8163856863975525,0.6778640747070312,-0.010912278667092323,0.73444664478302,0.6180903315544128,-0.02682591788470745,0.6733567118644714,0.5731728076934814,-0.051058415323495865,0.6541293859481812,0.5071381330490112,-0.07108192890882492,0.7618225812911987,0.4651287794113159,0.016596296802163124,0.7013304233551025,0.36067450046539307,-0.028144793584942818,0.6605849266052246,0.40580517053604126,-0.06322801858186722,0.6544992327690125,0.4633663594722748,-0.08158222585916519,0.7954797148704529,0.44468429684638977,-0.0015503879403695464,0.7317408919334412,0.3122957646846771,-0.04944717139005661,0.6767748594284058,0.3693268895149231,-0.07929211854934692,0.662773609161377,0.4393247961997986,-0.09016319364309311,0.8342628479003906,0.43998265266418457,-0.027029233053326607,0.7727681994438171,0.31262466311454773,-0.06591794639825821,0.7147596478462219,0.3716699779033661,-0.08196132630109787,0.6984328031539917,0.4408833384513855,-0.08390431106090546,0.8723467588424683,0.4540565013885498,-0.05460786446928978,0.803692638874054,0.3885658383369446,-0.08026538789272308,0.7462784051895142,0.4218735098838806,-0.08993452042341232,0.7212018966674805,0.4652245342731476,-0.09171061962842941,ओ
0.0,0.0,0.0,0.0,0.0,0.0,0.0,0.0,0.0,0.0,0.0,0.0,0.0,0.0,0.0,0.0,0.0,0.0,0.0,0.0,0.0,0.0,0.0,0.0,0.0,0.0,0.0,0.0,0.0,0.0,0.0,0.0,0.0,0.0,0.0,0.0,0.0,0.0,0.0,0.0,0.0,0.0,0.0,0.0,0.0,0.0,0.0,0.0,0.0,0.0,0.0,0.0,0.0,0.0,0.0,0.0,0.0,0.0,0.0,0.0,0.0,0.0,0.0,0.9139834642410278,0.7043011784553528,-6.22672189365403e-07,0.8221929669380188,0.6712779998779297,-0.011869268491864204,0.7395982146263123,0.614525318145752,-0.02900114841759205,0.6770172119140625,0.568942666053772,-0.05443163961172104,0.6595708727836609,0.49845290184020996,-0.07540988177061081,0.7635799050331116,0.46643510460853577,0.0162564255297184,0.7054269313812256,0.3552296757698059,-0.0290897935628891,0.6640147566795349,0.40133917331695557,-0.06346706300973892,0.660352349281311,0.45989200472831726,-0.08110596984624863,0.796662449836731,0.4459260106086731,-0.0012452616356313229,0.732730507850647,0.30899783968925476,-0.049520961940288544,0.6785540580749512,0.37183576822280884,-0.07883261889219284,0.6678600311279297,0.4417429566383362,-0.08908768743276596,0.8346017003059387,0.439209908246994,-0.026320336386561394,0.7725276947021484,0.31332799792289734,-0.06566406041383743,0.7156975269317627,0.3756447434425354,-0.08224668353796005,0.7021986842155457,0.4451659917831421,-0.08450029790401459,0.8728177547454834,0.44937315583229065,-0.053443845361471176,0.802358090877533,0.3881470561027527,-0.07884012162685394,0.7471900582313538,0.4240066707134247,-0.08897033333778381,0.7257125973701477,0.46828851103782654,-0.09125804156064987,ओ
0.0,0.0,0.0,0.0,0.0,0.0,0.0,0.0,0.0,0.0,0.0,0.0,0.0,0.0,0.0,0.0,0.0,0.0,0.0,0.0,0.0,0.0,0.0,0.0,0.0,0.0,0.0,0.0,0.0,0.0,0.0,0.0,0.0,0.0,0.0,0.0,0.0,0.0,0.0,0.0,0.0,0.0,0.0,0.0,0.0,0.0,0.0,0.0,0.0,0.0,0.0,0.0,0.0,0.0,0.0,0.0,0.0,0.0,0.0,0.0,0.0,0.0,0.0,0.9151906967163086,0.6886309385299683,-5.962932618785999e-07,0.8235964775085449,0.6600130796432495,-0.013751396909356117,0.7430565357208252,0.607511579990387,-0.03314318135380745,0.6817067265510559,0.5621126890182495,-0.06007685512304306,0.6685836911201477,0.4904634654521942,-0.08291511982679367,0.7680947184562683,0.4611342251300812,0.009759780019521713,0.7107294201850891,0.35665351152420044,-0.03626135736703873,0.6713057160377502,0.4012612998485565,-0.07175607234239578,0.6658521890640259,0.4567313492298126,-0.09062279760837555,0.801692545413971,0.4402753412723541,-0.007161461748182774,0.741584062576294,0.30504465103149414,-0.05530694127082825,0.6880674362182617,0.3602805733680725,-0.08488456904888153,0.6729569435119629,0.4264119267463684,-0.09643220156431198,0.8405120372772217,0.4336954355239868,-0.031356506049633026,0.7813461422920227,0.30870091915130615,-0.07077333331108093,0.7252500057220459,0.3680315911769867,-0.08750644326210022,0.7088867425918579,0.4363793134689331,-0.0905669629573822,0.8791345357894897,0.4446839988231659,-0.05767737329006195,0.8109796047210693,0.38169947266578674,-0.08297762274742126,0.7563772201538086,0.4182004928588867,-0.09305261075496674,0.7325354218482971,0.463804692029953,-0.09608477354049683,ओ
0.0,0.0,0.0,0.0,0.0,0.0,0.0,0.0,0.0,0.0,0.0,0.0,0.0,0.0,0.0,0.0,0.0,0.0,0.0,0.0,0.0,0.0,0.0,0.0,0.0,0.0,0.0,0.0,0.0,0.0,0.0,0.0,0.0,0.0,0.0,0.0,0.0,0.0,0.0,0.0,0.0,0.0,0.0,0.0,0.0,0.0,0.0,0.0,0.0,0.0,0.0,0.0,0.0,0.0,0.0,0.0,0.0,0.0,0.0,0.0,0.0,0.0,0.0,0.9256331324577332,0.6841607689857483,-5.991234957036795e-07,0.8342376351356506,0.65540611743927,-0.011182021349668503,0.753751277923584,0.6024976968765259,-0.027858968824148178,0.6921988129615784,0.5569977164268494,-0.05266837403178215,0.6766138672828674,0.48731738328933716,-0.07381132245063782,0.7767236232757568,0.4601770341396332,0.015426062978804111,0.7184392809867859,0.36031967401504517,-0.02877500280737877,0.6811927556991577,0.40472036600112915,-0.06372922658920288,0.6762614846229553,0.45969918370246887,-0.08217952400445938,0.8102837204933167,0.43709951639175415,-0.002013668417930603,0.7500927448272705,0.3033340573310852,-0.04940348491072655,0.6977136135101318,0.3565608561038971,-0.07960247993469238,0.6825047135353088,0.4235551059246063,-0.09127439558506012,0.8486959934234619,0.4292302429676056,-0.026536818593740463,0.790758490562439,0.30389389395713806,-0.06583315134048462,0.7370181083679199,0.3628712594509125,-0.08321300148963928,0.7216418385505676,0.4319961369037628,-0.08625692874193192,0.8867892622947693,0.43847668170928955,-0.052940696477890015,0.8210383057594299,0.3774555027484894,-0.07851734012365341,0.7670170068740845,0.4141210615634918,-0.08898158371448517,0.7424107789993286,0.4600161910057068,-0.09193826466798782,ओ
0.0,0.0,0.0,0.0,0.0,0.0,0.0,0.0,0.0,0.0,0.0,0.0,0.0,0.0,0.0,0.0,0.0,0.0,0.0,0.0,0.0,0.0,0.0,0.0,0.0,0.0,0.0,0.0,0.0,0.0,0.0,0.0,0.0,0.0,0.0,0.0,0.0,0.0,0.0,0.0,0.0,0.0,0.0,0.0,0.0,0.0,0.0,0.0,0.0,0.0,0.0,0.0,0.0,0.0,0.0,0.0,0.0,0.0,0.0,0.0,0.0,0.0,0.0,0.9329643845558167,0.6734017133712769,-5.710492700927716e-07,0.8400514721870422,0.6509226560592651,-0.012578943744301796,0.7598074674606323,0.6015349626541138,-0.029016999527812004,0.6997907161712646,0.557514488697052,-0.05339823290705681,0.6841237545013428,0.4881328046321869,-0.07380642741918564,0.7818003296852112,0.4652654528617859,0.016208700835704803,0.723762035369873,0.3632195293903351,-0.02813277207314968,0.6898595094680786,0.4090575873851776,-0.06339970231056213,0.6890580654144287,0.4658523201942444,-0.08180084824562073,0.8142976760864258,0.4403263330459595,-0.00021402725542429835,0.7570545673370361,0.3002958297729492,-0.048186372965574265,0.7072471380233765,0.35188716650009155,-0.07996799796819687,0.6948069334030151,0.41884365677833557,-0.09232229739427567,0.8517953157424927,0.4297753572463989,-0.023997368291020393,0.796721339225769,0.30206912755966187,-0.06305480748414993,0.7431772351264954,0.35892021656036377,-0.083383709192276,0.7280439734458923,0.4269880950450897,-0.08842146396636963,0.8895827531814575,0.4362313151359558,-0.049735039472579956,0.8274915218353271,0.3742879033088684,-0.07496649771928787,0.7737760543823242,0.4095183312892914,-0.08719093352556229,0.7493168115615845,0.4556363523006439,-0.09159522503614426,ओ
0.0,0.0,0.0,0.0,0.0,0.0,0.0,0.0,0.0,0.0,0.0,0.0,0.0,0.0,0.0,0.0,0.0,0.0,0.0,0.0,0.0,0.0,0.0,0.0,0.0,0.0,0.0,0.0,0.0,0.0,0.0,0.0,0.0,0.0,0.0,0.0,0.0,0.0,0.0,0.0,0.0,0.0,0.0,0.0,0.0,0.0,0.0,0.0,0.0,0.0,0.0,0.0,0.0,0.0,0.0,0.0,0.0,0.0,0.0,0.0,0.0,0.0,0.0,0.9351520538330078,0.6684198975563049,-5.160565592632338e-07,0.8446521162986755,0.6462870836257935,-0.01297673862427473,0.7674450874328613,0.5977010130882263,-0.029947303235530853,0.7077726125717163,0.550856351852417,-0.054356250911951065,0.6961409449577332,0.4788222908973694,-0.07490094006061554,0.7887572050094604,0.4630466103553772,0.014669411815702915,0.7335402965545654,0.35857993364334106,-0.02912558615207672,0.6979832649230957,0.39990919828414917,-0.06322332471609116,0.6952898502349854,0.4530089795589447,-0.08066859841346741,0.8216536045074463,0.43912261724472046,-0.0011167230550199747,0.7683618068695068,0.29815781116485596,-0.04866282641887665,0.7174947261810303,0.3470868766307831,-0.07847701013088226,0.7039024233818054,0.41402024030685425,-0.08894651383161545,0.8591899871826172,0.4291759133338928,-0.02418294921517372,0.807485818862915,0.3016418218612671,-0.06337276846170425,0.7544318437576294,0.35576969385147095,-0.08192519843578339,0.7388057112693787,0.42189425230026245,-0.08512280136346817,0.8970440030097961,0.4339257478713989,-0.04914705082774162,0.8355734348297119,0.3711405396461487,-0.07514812797307968,0.7837161421775818,0.4063982367515564,-0.08651870489120483,0.7603137493133545,0.4526066184043884,-0.08953693509101868,ओ
0.0,0.0,0.0,0.0,0.0,0.0,0.0,0.0,0.0,0.0,0.0,0.0,0.0,0.0,0.0,0.0,0.0,0.0,0.0,0.0,0.0,0.0,0.0,0.0,0.0,0.0,0.0,0.0,0.0,0.0,0.0,0.0,0.0,0.0,0.0,0.0,0.0,0.0,0.0,0.0,0.0,0.0,0.0,0.0,0.0,0.0,0.0,0.0,0.0,0.0,0.0,0.0,0.0,0.0,0.0,0.0,0.0,0.0,0.0,0.0,0.0,0.0,0.0,0.9386593103408813,0.6641619205474854,-4.7156080995591765e-07,0.8512084484100342,0.6422906517982483,-0.015988823026418686,0.7738632559776306,0.5956015586853027,-0.03419087454676628,0.7136816382408142,0.548220157623291,-0.05918183922767639,0.7027743458747864,0.4737910330295563,-0.08000361919403076,0.7937670946121216,0.46364346146583557,0.014263758435845375,0.7393296360969543,0.3624940514564514,-0.030084503814578056,0.7056040167808533,0.40176111459732056,-0.06554026156663895,0.7030185461044312,0.4545977711677551,-0.08375042676925659,0.8260579705238342,0.43866875767707825,0.0007363278418779373,0.7758103609085083,0.2983269989490509,-0.04623452574014664,0.7273503541946411,0.34048300981521606,-0.07699891179800034,0.712989091873169,0.4041779637336731,-0.0885816290974617,0.8632174134254456,0.42690879106521606,-0.02042180299758911,0.813397228717804,0.29887670278549194,-0.0594940148293972,0.7628577351570129,0.3514968156814575,-0.07876040041446686,0.7474417090415955,0.4182862639427185,-0.0825166255235672,0.9013636112213135,0.4300443232059479,-0.0436861626803875,0.8424561023712158,0.36921456456184387,-0.06963702291250229,0.7909217476844788,0.40382829308509827,-0.08167781680822372,0.7660722136497498,0.45037317276000977,-0.08525314927101135,ओ
0.0,0.0,0.0,0.0,0.0,0.0,0.0,0.0,0.0,0.0,0.0,0.0,0.0,0.0,0.0,0.0,0.0,0.0,0.0,0.0,0.0,0.0,0.0,0.0,0.0,0.0,0.0,0.0,0.0,0.0,0.0,0.0,0.0,0.0,0.0,0.0,0.0,0.0,0.0,0.0,0.0,0.0,0.0,0.0,0.0,0.0,0.0,0.0,0.0,0.0,0.0,0.0,0.0,0.0,0.0,0.0,0.0,0.0,0.0,0.0,0.0,0.0,0.0,0.9386278390884399,0.6640571355819702,-5.266271614345897e-07,0.8496254086494446,0.6423088312149048,-0.013244949281215668,0.7776513695716858,0.5985202789306641,-0.030244220048189163,0.7234700322151184,0.5585476160049438,-0.054636020213365555,0.7009425163269043,0.498657763004303,-0.07580577582120895,0.7979863882064819,0.4624263048171997,0.010542024858295918,0.7423731088638306,0.3639293611049652,-0.034076713025569916,0.7087666392326355,0.40693211555480957,-0.06925120949745178,0.7076478600502014,0.4611108899116516,-0.08730122447013855,0.8304261565208435,0.43685752153396606,-0.0054189348593354225,0.7782473564147949,0.29779237508773804,-0.05370582267642021,0.7297412157058716,0.34861963987350464,-0.08470049500465393,0.7175867557525635,0.4163050651550293,-0.09622398763895035,0.8669439554214478,0.4265032708644867,-0.028321294113993645,0.8179819583892822,0.2981906235218048,-0.0674537941813469,0.7667694091796875,0.355080246925354,-0.08663859963417053,0.7532474994659424,0.4228324294090271,-0.09059890359640121,0.9039162397384644,0.4324403703212738,-0.05316648632287979,0.8467869758605957,0.36963745951652527,-0.0785868689417839,0.7953705787658691,0.4049970507621765,-0.08982700854539871,0.7725610136985779,0.45088011026382446,-0.09309220314025879,ओ
0.0,0.0,0.0,0.0,0.0,0.0,0.0,0.0,0.0,0.0,0.0,0.0,0.0,0.0,0.0,0.0,0.0,0.0,0.0,0.0,0.0,0.0,0.0,0.0,0.0,0.0,0.0,0.0,0.0,0.0,0.0,0.0,0.0,0.0,0.0,0.0,0.0,0.0,0.0,0.0,0.0,0.0,0.0,0.0,0.0,0.0,0.0,0.0,0.0,0.0,0.0,0.0,0.0,0.0,0.0,0.0,0.0,0.0,0.0,0.0,0.0,0.0,0.0,0.941817045211792,0.6623307466506958,-4.979634695700952e-07,0.854939341545105,0.6455193161964417,-0.0141798360273242,0.7805870175361633,0.5999389886856079,-0.031031837686896324,0.7231084108352661,0.5566391348838806,-0.05471809580922127,0.7062379121780396,0.4903550446033478,-0.07457923889160156,0.8006995916366577,0.46596089005470276,0.010101279243826866,0.7446956634521484,0.36002132296562195,-0.03315962851047516,0.7099629640579224,0.3991866707801819,-0.06629426032304764,0.7081125974655151,0.4502285420894623,-0.0830937847495079,0.832655668258667,0.44094207882881165,-0.004284035414457321,0.779667317867279,0.2971164286136627,-0.05187041684985161,0.7312961220741272,0.345402330160141,-0.08163431286811829,0.7200384736061096,0.4110844135284424,-0.09207562357187271,0.8692215085029602,0.4292096495628357,-0.025516513735055923,0.8195027709007263,0.2983994483947754,-0.06361237168312073,0.7682710289955139,0.35472455620765686,-0.08211078494787216,0.7545285224914551,0.42133140563964844,-0.08560583740472794,0.9073879718780518,0.43268319964408875,-0.048715658485889435,0.8503890633583069,0.3692460060119629,-0.07361692190170288,0.7980875372886658,0.4044587314128876,-0.0853775143623352,0.7744791507720947,0.4489970803260803,-0.08901786804199219,ओ
0.0,0.0,0.0,0.0,0.0,0.0,0.0,0.0,0.0,0.0,0.0,0.0,0.0,0.0,0.0,0.0,0.0,0.0,0.0,0.0,0.0,0.0,0.0,0.0,0.0,0.0,0.0,0.0,0.0,0.0,0.0,0.0,0.0,0.0,0.0,0.0,0.0,0.0,0.0,0.0,0.0,0.0,0.0,0.0,0.0,0.0,0.0,0.0,0.0,0.0,0.0,0.0,0.0,0.0,0.0,0.0,0.0,0.0,0.0,0.0,0.0,0.0,0.0,0.9419384002685547,0.6705894470214844,-4.920615879200341e-07,0.8546506762504578,0.645889163017273,-0.013687756843864918,0.7816157341003418,0.5992510914802551,-0.030832525342702866,0.7237452268600464,0.5557654500007629,-0.05555117875337601,0.7112540006637573,0.4889494478702545,-0.07640836387872696,0.8019237518310547,0.464633047580719,0.0154953021556139,0.7462522983551025,0.3629092574119568,-0.02853034995496273,0.7130446434020996,0.40285444259643555,-0.0638592317700386,0.7115947008132935,0.4552611708641052,-0.08222711831331253,0.8324775099754333,0.4409850537776947,0.0003144546935800463,0.7821322083473206,0.30027472972869873,-0.046176984906196594,0.7343472242355347,0.34455418586730957,-0.07681212574243546,0.72125643491745,0.4095970690250397,-0.08849719911813736,0.8688525557518005,0.4304482638835907,-0.022307859733700752,0.8213179111480713,0.301927387714386,-0.059649430215358734,0.7709493041038513,0.3552236557006836,-0.07866962999105453,0.7562726736068726,0.42133376002311707,-0.08293785899877548,0.9068615436553955,0.4359779357910156,-0.04716526344418526,0.8518229126930237,0.3716840445995331,-0.07131610810756683,0.8009889125823975,0.40707817673683167,-0.08278084546327591,0.777624249458313,0.45428740978240967,-0.08653413504362106,ओ
0.0,0.0,0.0,0.0,0.0,0.0,0.0,0.0,0.0,0.0,0.0,0.0,0.0,0.0,0.0,0.0,0.0,0.0,0.0,0.0,0.0,0.0,0.0,0.0,0.0,0.0,0.0,0.0,0.0,0.0,0.0,0.0,0.0,0.0,0.0,0.0,0.0,0.0,0.0,0.0,0.0,0.0,0.0,0.0,0.0,0.0,0.0,0.0,0.0,0.0,0.0,0.0,0.0,0.0,0.0,0.0,0.0,0.0,0.0,0.0,0.0,0.0,0.0,0.9413626194000244,0.6730570793151855,-4.839280336454976e-07,0.8556539416313171,0.648162841796875,-0.01567046344280243,0.780800998210907,0.599411129951477,-0.03433876484632492,0.721358060836792,0.552773118019104,-0.05991577357053757,0.7123684883117676,0.48130008578300476,-0.08133254945278168,0.8007144331932068,0.4652133584022522,0.010743956081569195,0.7468422651290894,0.3588370978832245,-0.03438115119934082,0.713162899017334,0.400826096534729,-0.06871884316205978,0.7123814821243286,0.45550277829170227,-0.08594207465648651,0.8332672119140625,0.44122180342674255,-0.0033740901853889227,0.7837622165679932,0.29766327142715454,-0.05089716240763664,0.7358369827270508,0.3456667959690094,-0.079336978495121,0.7238479852676392,0.4113609194755554,-0.08870960026979446,0.8711425065994263,0.430875688791275,-0.0249398872256279,0.8226670622825623,0.2995820939540863,-0.06378276646137238,0.7726756930351257,0.3568043112754822,-0.08021868765354156,0.7593497037887573,0.42453914880752563,-0.08179868012666702,0.910351037979126,0.4359685182571411,-0.04870392754673958,0.8515924215316772,0.37258481979370117,-0.07396066933870316,0.8013749122619629,0.4099535644054413,-0.0840446799993515,0.7802696824073792,0.45745566487312317,-0.08595092594623566,ओ
0.0,0.0,0.0,0.0,0.0,0.0,0.0,0.0,0.0,0.0,0.0,0.0,0.0,0.0,0.0,0.0,0.0,0.0,0.0,0.0,0.0,0.0,0.0,0.0,0.0,0.0,0.0,0.0,0.0,0.0,0.0,0.0,0.0,0.0,0.0,0.0,0.0,0.0,0.0,0.0,0.0,0.0,0.0,0.0,0.0,0.0,0.0,0.0,0.0,0.0,0.0,0.0,0.0,0.0,0.0,0.0,0.0,0.0,0.0,0.0,0.0,0.0,0.0,0.9443090558052063,0.6713305115699768,-4.909718995804724e-07,0.8572982549667358,0.647159993648529,-0.016041509807109833,0.7821949124336243,0.600627064704895,-0.03413676470518112,0.7216962575912476,0.556617796421051,-0.05923653021454811,0.7092629671096802,0.48682650923728943,-0.08023036271333694,0.8003837466239929,0.46665307879447937,0.01286044530570507,0.7477144002914429,0.36236968636512756,-0.03198475390672684,0.7130119800567627,0.4022807776927948,-0.06697996705770493,0.710304319858551,0.4554157257080078,-0.08482860773801804,0.8318458199501038,0.44212615489959717,-0.0009548636735416949,0.7827352285385132,0.2997204661369324,-0.048742618411779404,0.7333042025566101,0.34705767035484314,-0.07852271944284439,0.7198086977005005,0.4143195152282715,-0.08874282240867615,0.8690457344055176,0.4308386445045471,-0.022385304793715477,0.8215270638465881,0.2999052405357361,-0.06109287962317467,0.7718525528907776,0.3567758798599243,-0.07874910533428192,0.7593683004379272,0.42529961466789246,-0.08114152401685715,0.9081698060035706,0.4356886148452759,-0.046115562319755554,0.850524365901947,0.3706361651420593,-0.07095343619585037,0.8017222285270691,0.40982502698898315,-0.08130578696727753,0.782791256904602,0.4605637490749359,-0.08350487798452377,ओ
0.0,0.0,0.0,0.0,0.0,0.0,0.0,0.0,0.0,0.0,0.0,0.0,0.0,0.0,0.0,0.0,0.0,0.0,0.0,0.0,0.0,0.0,0.0,0.0,0.0,0.0,0.0,0.0,0.0,0.0,0.0,0.0,0.0,0.0,0.0,0.0,0.0,0.0,0.0,0.0,0.0,0.0,0.0,0.0,0.0,0.0,0.0,0.0,0.0,0.0,0.0,0.0,0.0,0.0,0.0,0.0,0.0,0.0,0.0,0.0,0.0,0.0,0.0,0.9423744082450867,0.6741849184036255,-5.087844670015329e-07,0.8588893413543701,0.6531720161437988,-0.01734607107937336,0.7842766642570496,0.6019073724746704,-0.035977140069007874,0.7277863025665283,0.5535730123519897,-0.06082473322749138,0.715093195438385,0.48054876923561096,-0.08143440634012222,0.8017935752868652,0.4675511121749878,0.00922288279980421,0.7471715807914734,0.36081358790397644,-0.035731859505176544,0.7138657569885254,0.4016979932785034,-0.0702759176492691,0.712903618812561,0.454725444316864,-0.0877503976225853,0.8348371982574463,0.4433501362800598,-0.0037812048103660345,0.7836728692054749,0.301594078540802,-0.052502699196338654,0.7369092702865601,0.3544849753379822,-0.08258629590272903,0.726119339466095,0.424419105052948,-0.09256996959447861,0.8723240494728088,0.43268120288848877,-0.02407476119697094,0.8250313997268677,0.3004854619503021,-0.06254052370786667,0.7753315567970276,0.35520318150520325,-0.08028639107942581,0.7613790035247803,0.42241421341896057,-0.08286230266094208,0.9115539789199829,0.43722185492515564,-0.04669100418686867,0.8555987477302551,0.3718288540840149,-0.07166653871536255,0.8050816655158997,0.4035218358039856,-0.08290375769138336,0.781538188457489,0.4469955861568451,-0.085710808634758,ओ
0.0,0.0,0.0,0.0,0.0,0.0,0.0,0.0,0.0,0.0,0.0,0.0,0.0,0.0,0.0,0.0,0.0,0.0,0.0,0.0,0.0,0.0,0.0,0.0,0.0,0.0,0.0,0.0,0.0,0.0,0.0,0.0,0.0,0.0,0.0,0.0,0.0,0.0,0.0,0.0,0.0,0.0,0.0,0.0,0.0,0.0,0.0,0.0,0.0,0.0,0.0,0.0,0.0,0.0,0.0,0.0,0.0,0.0,0.0,0.0,0.0,0.0,0.0,0.9432679414749146,0.6712955832481384,-5.016244131184067e-07,0.8571866750717163,0.6461399793624878,-0.01455057691782713,0.7832501530647278,0.598781168460846,-0.031669165939092636,0.7264584898948669,0.555837869644165,-0.055770039558410645,0.709823489189148,0.49005597829818726,-0.07588372379541397,0.7988010048866272,0.46267884969711304,0.011668634600937366,0.74546879529953,0.36015528440475464,-0.03151716664433479,0.7118926048278809,0.4025827646255493,-0.06511157751083374,0.7108392119407654,0.4552716612815857,-0.0824662297964096,0.8317785263061523,0.4372549057006836,-0.003303496865555644,0.7826671004295349,0.2957085371017456,-0.04984904080629349,0.734843909740448,0.34631121158599854,-0.07883738726377487,0.7234363555908203,0.4148566424846649,-0.08900995552539825,0.8694113492965698,0.4266885221004486,-0.025417247787117958,0.8226197361946106,0.2953806519508362,-0.06315158307552338,0.7728617191314697,0.35202354192733765,-0.08064616471529007,0.7604870200157166,0.42032039165496826,-0.08362266421318054,0.9082551002502441,0.43278250098228455,-0.049686629325151443,0.8515123724937439,0.3684743642807007,-0.0743040144443512,0.800982654094696,0.4052804708480835,-0.08483820408582687,0.7797847986221313,0.4537248909473419,-0.08751469850540161,ओ
0.0,0.0,0.0,0.0,0.0,0.0,0.0,0.0,0.0,0.0,0.0,0.0,0.0,0.0,0.0,0.0,0.0,0.0,0.0,0.0,0.0,0.0,0.0,0.0,0.0,0.0,0.0,0.0,0.0,0.0,0.0,0.0,0.0,0.0,0.0,0.0,0.0,0.0,0.0,0.0,0.0,0.0,0.0,0.0,0.0,0.0,0.0,0.0,0.0,0.0,0.0,0.0,0.0,0.0,0.0,0.0,0.0,0.0,0.0,0.0,0.0,0.0,0.0,0.9399536848068237,0.6738395690917969,-5.021350375500333e-07,0.8544566631317139,0.6477963924407959,-0.017986992374062538,0.7784877419471741,0.5988469123840332,-0.03774915635585785,0.7186905145645142,0.55021733045578,-0.06422644853591919,0.7131552696228027,0.4758271872997284,-0.08665235340595245,0.7976435422897339,0.4664158523082733,0.010264337994158268,0.7436914443969727,0.3611401319503784,-0.0347580686211586,0.7116376757621765,0.4044542610645294,-0.06971946358680725,0.7120248675346375,0.4579085111618042,-0.08789943903684616,0.8306961059570312,0.4411797523498535,-0.002908343216404319,0.779549241065979,0.2986387610435486,-0.051034845411777496,0.7340061664581299,0.35003358125686646,-0.08161803334951401,0.7238815426826477,0.4175511300563812,-0.09275978058576584,0.8685900568962097,0.4300004839897156,-0.023625768721103668,0.8198785781860352,0.3012840151786804,-0.06248164549469948,0.7712383270263672,0.35942935943603516,-0.08169782161712646,0.7589884400367737,0.42803874611854553,-0.08570884168148041,0.9080847501754761,0.434486985206604,-0.04666464403271675,0.8505141735076904,0.3707329332828522,-0.071195088326931,0.8012341260910034,0.409004271030426,-0.08288051933050156,0.7802307605743408,0.4584323465824127,-0.08676353096961975,ओ
0.0,0.0,0.0,0.0,0.0,0.0,0.0,0.0,0.0,0.0,0.0,0.0,0.0,0.0,0.0,0.0,0.0,0.0,0.0,0.0,0.0,0.0,0.0,0.0,0.0,0.0,0.0,0.0,0.0,0.0,0.0,0.0,0.0,0.0,0.0,0.0,0.0,0.0,0.0,0.0,0.0,0.0,0.0,0.0,0.0,0.0,0.0,0.0,0.0,0.0,0.0,0.0,0.0,0.0,0.0,0.0,0.0,0.0,0.0,0.0,0.0,0.0,0.0,0.9439910054206848,0.667243480682373,-5.124585413796012e-07,0.8589450716972351,0.6486243009567261,-0.017178921028971672,0.7827814221382141,0.6045525670051575,-0.035932522267103195,0.7231735587120056,0.5605565309524536,-0.06115821376442909,0.7102138996124268,0.49076172709465027,-0.08235416561365128,0.8002302050590515,0.4702078402042389,0.008546270430088043,0.74285489320755,0.3690863847732544,-0.03629666194319725,0.7105265259742737,0.41005656123161316,-0.07102785259485245,0.7098947763442993,0.46174243092536926,-0.08893418312072754,0.8312812447547913,0.4441429674625397,-0.004661011975258589,0.7776607871055603,0.30472809076309204,-0.052037231624126434,0.7317341566085815,0.3531765639781952,-0.08192276954650879,0.7204930186271667,0.41864827275276184,-0.09285487234592438,0.8681423664093018,0.43198031187057495,-0.025120915845036507,0.8176137208938599,0.30235716700553894,-0.06355300545692444,0.7702904939651489,0.36009451746940613,-0.08152149617671967,0.7584973573684692,0.4283287823200226,-0.08474224805831909,0.9078208208084106,0.4356948435306549,-0.04786600545048714,0.8506020903587341,0.3714202046394348,-0.07291161268949509,0.8011329174041748,0.4097870886325836,-0.08402834832668304,0.779695987701416,0.4593496322631836,-0.0872228816151619,ओ
0.0,0.0,0.0,0.0,0.0,0.0,0.0,0.0,0.0,0.0,0.0,0.0,0.0,0.0,0.0,0.0,0.0,0.0,0.0,0.0,0.0,0.0,0.0,0.0,0.0,0.0,0.0,0.0,0.0,0.0,0.0,0.0,0.0,0.0,0.0,0.0,0.0,0.0,0.0,0.0,0.0,0.0,0.0,0.0,0.0,0.0,0.0,0.0,0.0,0.0,0.0,0.0,0.0,0.0,0.0,0.0,0.0,0.0,0.0,0.0,0.0,0.0,0.0,0.9441336989402771,0.6716189980506897,-5.137615062267287e-07,0.8587058782577515,0.6518833637237549,-0.015257046557962894,0.7838726043701172,0.6052765846252441,-0.0325995497405529,0.726572573184967,0.5611131191253662,-0.056568533182144165,0.7122321128845215,0.4944307208061218,-0.07669392228126526,0.8025673031806946,0.4722456634044647,0.008509992621839046,0.7451986074447632,0.3698529601097107,-0.03556651249527931,0.7122737169265747,0.4119826555252075,-0.06911235302686691,0.7123283743858337,0.4652543067932129,-0.08590409904718399,0.8349278569221497,0.4455670118331909,-0.005595879163593054,0.7819075584411621,0.30415046215057373,-0.05220042169094086,0.7334104180335999,0.3526316285133362,-0.0801650658249855,0.7212910652160645,0.4197203516960144,-0.08942491561174393,0.8719810247421265,0.43408769369125366,-0.02675686404109001,0.8225924372673035,0.3024500012397766,-0.06472145766019821,0.7731672525405884,0.35854658484458923,-0.08099757879972458,0.7601397037506104,0.42519164085388184,-0.08288194239139557,0.9101480841636658,0.43908342719078064,-0.05006430298089981,0.8524263501167297,0.37430572509765625,-0.0751301497220993,0.8026347756385803,0.4119448959827423,-0.08498454093933105,0.7812095880508423,0.45948493480682373,-0.08696915954351425,ओ
0.0,0.0,0.0,0.0,0.0,0.0,0.0,0.0,0.0,0.0,0.0,0.0,0.0,0.0,0.0,0.0,0.0,0.0,0.0,0.0,0.0,0.0,0.0,0.0,0.0,0.0,0.0,0.0,0.0,0.0,0.0,0.0,0.0,0.0,0.0,0.0,0.0,0.0,0.0,0.0,0.0,0.0,0.0,0.0,0.0,0.0,0.0,0.0,0.0,0.0,0.0,0.0,0.0,0.0,0.0,0.0,0.0,0.0,0.0,0.0,0.0,0.0,0.0,0.9398550987243652,0.6760513782501221,-5.074674618299468e-07,0.855696976184845,0.6532409191131592,-0.01745547540485859,0.7816992998123169,0.6090761423110962,-0.03798193857073784,0.7225879430770874,0.5664833784103394,-0.0653287023305893,0.7115208506584167,0.49446550011634827,-0.08915319293737411,0.8019011616706848,0.4746119976043701,0.007245316170156002,0.7471493482589722,0.3750878870487213,-0.040178075432777405,0.713180422782898,0.41571199893951416,-0.07673957198858261,0.7109286785125732,0.46759408712387085,-0.0958823412656784,0.8337154984474182,0.44936731457710266,-0.007284875959157944,0.7815074324607849,0.307860791683197,-0.057551030069589615,0.7361472845077515,0.3578454852104187,-0.0887402817606926,0.7251234650611877,0.42448464035987854,-0.10020150989294052,0.8707781434059143,0.4385848045349121,-0.029301472008228302,0.8206313252449036,0.3075915277004242,-0.0712815523147583,0.7732528448104858,0.36844080686569214,-0.09012773633003235,0.7611650228500366,0.4378783106803894,-0.09320168942213058,0.9096208810806274,0.4444459080696106,-0.05347956717014313,0.8514308929443359,0.3806159794330597,-0.08160178363323212,0.8022022843360901,0.42109256982803345,-0.09376781433820724,0.7803573608398438,0.4708978235721588,-0.09731359034776688,ओ
0.0,0.0,0.0,0.0,0.0,0.0,0.0,0.0,0.0,0.0,0.0,0.0,0.0,0.0,0.0,0.0,0.0,0.0,0.0,0.0,0.0,0.0,0.0,0.0,0.0,0.0,0.0,0.0,0.0,0.0,0.0,0.0,0.0,0.0,0.0,0.0,0.0,0.0,0.0,0.0,0.0,0.0,0.0,0.0,0.0,0.0,0.0,0.0,0.0,0.0,0.0,0.0,0.0,0.0,0.0,0.0,0.0,0.0,0.0,0.0,0.0,0.0,0.0,0.9411140084266663,0.6922313570976257,-4.924976906295342e-07,0.8600196242332458,0.673566460609436,-0.0182785801589489,0.7840153574943542,0.626129686832428,-0.037121403962373734,0.7241946458816528,0.5764400362968445,-0.06186233460903168,0.7106443643569946,0.5038606524467468,-0.08199120312929153,0.7959346175193787,0.490856796503067,0.006302600726485252,0.7450738549232483,0.38130778074264526,-0.03719430789351463,0.7109620571136475,0.4218318462371826,-0.06808865070343018,0.711011528968811,0.4722427427768707,-0.08333896845579147,0.8286577463150024,0.465268611907959,-0.006720360834151506,0.7813758850097656,0.31917279958724976,-0.05294424667954445,0.7346428632736206,0.3706412613391876,-0.07774771749973297,0.7256432175636292,0.43669193983078003,-0.08447685837745667,0.8662505149841309,0.45469242334365845,-0.02720842882990837,0.8209787607192993,0.3215044140815735,-0.06611582636833191,0.7731595635414124,0.38124167919158936,-0.081028051674366,0.7620895504951477,0.4477647840976715,-0.08160132169723511,0.9060250520706177,0.4588080644607544,-0.04995014891028404,0.8493621945381165,0.39458370208740234,-0.07615988701581955,0.8012492656707764,0.43483081459999084,-0.08620934188365936,0.7817367315292358,0.48395097255706787,-0.08792541176080704,ओ
0.0,0.0,0.0,0.0,0.0,0.0,0.0,0.0,0.0,0.0,0.0,0.0,0.0,0.0,0.0,0.0,0.0,0.0,0.0,0.0,0.0,0.0,0.0,0.0,0.0,0.0,0.0,0.0,0.0,0.0,0.0,0.0,0.0,0.0,0.0,0.0,0.0,0.0,0.0,0.0,0.0,0.0,0.0,0.0,0.0,0.0,0.0,0.0,0.0,0.0,0.0,0.0,0.0,0.0,0.0,0.0,0.0,0.0,0.0,0.0,0.0,0.0,0.0,0.9333701133728027,0.7046091556549072,-4.897148073723656e-07,0.8545154333114624,0.6872398257255554,-0.019670892506837845,0.7805156707763672,0.6427531838417053,-0.039370566606521606,0.721831738948822,0.5967801213264465,-0.0644855722784996,0.7122867703437805,0.5252760648727417,-0.08503823727369308,0.793192982673645,0.5086560249328613,0.0034984832163900137,0.7413812279701233,0.4025139808654785,-0.04037616029381752,0.7088539004325867,0.4474503993988037,-0.07213640213012695,0.7136253118515015,0.5003185272216797,-0.08806829899549484,0.8258160352706909,0.4827565848827362,-0.008309287019073963,0.7799416780471802,0.33825454115867615,-0.053517986088991165,0.7331392765045166,0.3883112668991089,-0.07796254754066467,0.7258390188217163,0.45385298132896423,-0.08525779843330383,0.8629744052886963,0.4721466898918152,-0.02763359621167183,0.8196877837181091,0.3406449854373932,-0.0650683045387268,0.7705911993980408,0.3956645131111145,-0.0794794112443924,0.7588822245597839,0.4587596356868744,-0.08069737255573273,0.9021317362785339,0.47681277990341187,-0.04941215738654137,0.8480609059333801,0.41279688477516174,-0.07478445768356323,0.8003945350646973,0.4512079358100891,-0.08421602845191956,0.7807557582855225,0.4991125464439392,-0.08611524105072021,ओ
0.0,0.0,0.0,0.0,0.0,0.0,0.0,0.0,0.0,0.0,0.0,0.0,0.0,0.0,0.0,0.0,0.0,0.0,0.0,0.0,0.0,0.0,0.0,0.0,0.0,0.0,0.0,0.0,0.0,0.0,0.0,0.0,0.0,0.0,0.0,0.0,0.0,0.0,0.0,0.0,0.0,0.0,0.0,0.0,0.0,0.0,0.0,0.0,0.0,0.0,0.0,0.0,0.0,0.0,0.0,0.0,0.0,0.0,0.0,0.0,0.0,0.0,0.0,0.9336459636688232,0.7185461521148682,-5.078105687061907e-07,0.8511090278625488,0.6980764865875244,-0.015146633610129356,0.7781205773353577,0.6544517874717712,-0.033214401453733444,0.7211506962776184,0.6124614477157593,-0.05811302363872528,0.7096723914146423,0.5450801849365234,-0.07918799668550491,0.7940009832382202,0.5215113162994385,0.009212389588356018,0.7406537532806396,0.4195377826690674,-0.034307900816202164,0.7093557119369507,0.46321901679039,-0.06707752496004105,0.7094807028770447,0.5156622529029846,-0.08380011469125748,0.8262764811515808,0.49720728397369385,-0.005383660551160574,0.774728536605835,0.35709333419799805,-0.05230302736163139,0.7314347624778748,0.4095763564109802,-0.07972724735736847,0.7233230471611023,0.4744068384170532,-0.08861266076564789,0.8627488613128662,0.48691684007644653,-0.027098653838038445,0.8134254813194275,0.3593289256095886,-0.06624869257211685,0.7686115503311157,0.42098528146743774,-0.08184831589460373,0.7589303255081177,0.48765838146209717,-0.08299930393695831,0.9010798335075378,0.49222227931022644,-0.05088816210627556,0.8448536992073059,0.4294757843017578,-0.07635226100683212,0.7980749607086182,0.4703165292739868,-0.08573944121599197,0.7785736918449402,0.5187000632286072,-0.08747110515832901,ओ
0.0,0.0,0.0,0.0,0.0,0.0,0.0,0.0,0.0,0.0,0.0,0.0,0.0,0.0,0.0,0.0,0.0,0.0,0.0,0.0,0.0,0.0,0.0,0.0,0.0,0.0,0.0,0.0,0.0,0.0,0.0,0.0,0.0,0.0,0.0,0.0,0.0,0.0,0.0,0.0,0.0,0.0,0.0,0.0,0.0,0.0,0.0,0.0,0.0,0.0,0.0,0.0,0.0,0.0,0.0,0.0,0.0,0.0,0.0,0.0,0.0,0.0,0.0,0.9399292469024658,0.7250070571899414,-4.701865918832482e-07,0.8536267876625061,0.7082871794700623,-0.01336263120174408,0.7780423760414124,0.6635338664054871,-0.02848367765545845,0.7217613458633423,0.6162505149841309,-0.050517063587903976,0.7096965312957764,0.5463033318519592,-0.06875329464673996,0.7968350648880005,0.5377610325813293,0.015554309822618961,0.7474831342697144,0.4357363283634186,-0.024844344705343246,0.7123003602027893,0.4671664237976074,-0.05627138167619705,0.7063500881195068,0.5109078884124756,-0.07256847620010376,0.827623724937439,0.510714054107666,0.0009501938475295901,0.7790802121162415,0.37060630321502686,-0.043392788618803024,0.7342664003372192,0.41497746109962463,-0.07110285013914108,0.7237426042556763,0.4765295386314392,-0.08052027225494385,0.8629182577133179,0.49758413434028625,-0.020760847255587578,0.8147357702255249,0.37211254239082336,-0.05775929614901543,0.7685650587081909,0.42676058411598206,-0.07499325275421143,0.7576520442962646,0.49066245555877686,-0.07766406238079071,0.9006984829902649,0.49957606196403503,-0.044436678290367126,0.8449723124504089,0.43738478422164917,-0.06893965601921082,0.7980407476425171,0.47474268078804016,-0.0795675739645958,0.7791054844856262,0.5225461721420288,-0.08241284638643265,ओ
0.0,0.0,0.0,0.0,0.0,0.0,0.0,0.0,0.0,0.0,0.0,0.0,0.0,0.0,0.0,0.0,0.0,0.0,0.0,0.0,0.0,0.0,0.0,0.0,0.0,0.0,0.0,0.0,0.0,0.0,0.0,0.0,0.0,0.0,0.0,0.0,0.0,0.0,0.0,0.0,0.0,0.0,0.0,0.0,0.0,0.0,0.0,0.0,0.0,0.0,0.0,0.0,0.0,0.0,0.0,0.0,0.0,0.0,0.0,0.0,0.0,0.0,0.0,0.9295123219490051,0.7619017362594604,-5.35085007413727e-07,0.8508611917495728,0.7455403804779053,-0.014954762533307076,0.7798376083374023,0.7047154903411865,-0.03198503702878952,0.7246996760368347,0.6659916639328003,-0.05532578378915787,0.7054189443588257,0.6070863604545593,-0.07451588660478592,0.7848392724990845,0.5739725828170776,0.0024706157855689526,0.7320442795753479,0.46680009365081787,-0.040395207703113556,0.7011076211929321,0.5141711831092834,-0.07039996236562729,0.7081763744354248,0.5698831081390381,-0.08493628352880478,0.8159483671188354,0.5491182208061218,-0.011823238804936409,0.7642618417739868,0.40986424684524536,-0.05717691034078598,0.7209564447402954,0.4683837294578552,-0.08039906620979309,0.7213447093963623,0.5372623801231384,-0.08650027215480804,0.8522013425827026,0.5375462770462036,-0.03286140412092209,0.8052599430084229,0.4049016833305359,-0.06868696957826614,0.7597498893737793,0.4648200273513794,-0.08100678026676178,0.7557945251464844,0.5300602912902832,-0.08116104453802109,0.8919777870178223,0.5405233502388,-0.0561540462076664,0.8381804823875427,0.4752630591392517,-0.07957760244607925,0.7917946577072144,0.5164814591407776,-0.08750402182340622,0.7765769362449646,0.5658695101737976,-0.08845657110214233,ओ
0.0,0.0,0.0,0.0,0.0,0.0,0.0,0.0,0.0,0.0,0.0,0.0,0.0,0.0,0.0,0.0,0.0,0.0,0.0,0.0,0.0,0.0,0.0,0.0,0.0,0.0,0.0,0.0,0.0,0.0,0.0,0.0,0.0,0.0,0.0,0.0,0.0,0.0,0.0,0.0,0.0,0.0,0.0,0.0,0.0,0.0,0.0,0.0,0.0,0.0,0.0,0.0,0.0,0.0,0.0,0.0,0.0,0.0,0.0,0.0,0.0,0.0,0.0,0.9273459911346436,0.7845665812492371,-4.915199269817094e-07,0.8478142619132996,0.7659612894058228,-0.014052322134375572,0.775729238986969,0.7210725545883179,-0.03069823794066906,0.7210614085197449,0.6735832691192627,-0.053823258727788925,0.7111988067626953,0.604144275188446,-0.0731806606054306,0.789329469203949,0.5937018394470215,0.009600270539522171,0.7389315366744995,0.48998183012008667,-0.030802562832832336,0.7084216475486755,0.5293949842453003,-0.05979447811841965,0.7104721069335938,0.577513575553894,-0.07415895164012909,0.8211573362350464,0.5700778961181641,-0.004434626083821058,0.7724595665931702,0.43200981616973877,-0.04799480363726616,0.7299758791923523,0.4844878911972046,-0.07202886044979095,0.7236095666885376,0.5462648272514343,-0.07898542284965515,0.8564606308937073,0.5594868063926697,-0.025355549529194832,0.8096940517425537,0.4365791082382202,-0.0623670369386673,0.7654726505279541,0.49578091502189636,-0.07674998044967651,0.7566551566123962,0.5582424402236938,-0.07767768204212189,0.894130527973175,0.562116265296936,-0.04812103137373924,0.8386707305908203,0.5026590824127197,-0.07249392569065094,0.7956838011741638,0.5429806113243103,-0.08135124295949936,0.7798258066177368,0.589464008808136,-0.0829557478427887,ओ
0.0,0.0,0.0,0.0,0.0,0.0,0.0,0.0,0.0,0.0,0.0,0.0,0.0,0.0,0.0,0.0,0.0,0.0,0.0,0.0,0.0,0.0,0.0,0.0,0.0,0.0,0.0,0.0,0.0,0.0,0.0,0.0,0.0,0.0,0.0,0.0,0.0,0.0,0.0,0.0,0.0,0.0,0.0,0.0,0.0,0.0,0.0,0.0,0.0,0.0,0.0,0.0,0.0,0.0,0.0,0.0,0.0,0.0,0.0,0.0,0.0,0.0,0.0,0.9345387816429138,0.77385413646698,-4.268340489943512e-07,0.8540810942649841,0.7590750455856323,-0.012197614647448063,0.781424343585968,0.7156271934509277,-0.026677772402763367,0.7264007329940796,0.6682191491127014,-0.047711554914712906,0.7182720899581909,0.6026509404182434,-0.06493069231510162,0.7950196266174316,0.5890603065490723,0.014535489492118359,0.7431521415710449,0.49245795607566833,-0.02283785492181778,0.7133344411849976,0.5276216864585876,-0.05091140419244766,0.7134935259819031,0.5745642185211182,-0.06435264647006989,0.826161801815033,0.5644497275352478,0.0012563331983983517,0.7791169881820679,0.4314868450164795,-0.03733742982149124,0.7351199388504028,0.47254544496536255,-0.05925404280424118,0.7243847250938416,0.5313761234283447,-0.06509619951248169,0.8615609407424927,0.5537217855453491,-0.01881394349038601,0.8143620491027832,0.4348408579826355,-0.05178166925907135,0.7707298398017883,0.4870624542236328,-0.063900426030159,0.760718822479248,0.547386646270752,-0.06341197341680527,0.8981871604919434,0.5567626357078552,-0.040766626596450806,0.842157781124115,0.4992278218269348,-0.06265337020158768,0.7995668053627014,0.5376712083816528,-0.06931557506322861,0.7840780019760132,0.5844491720199585,-0.06900596618652344,ओ
0.0,0.0,0.0,0.0,0.0,0.0,0.0,0.0,0.0,0.0,0.0,0.0,0.0,0.0,0.0,0.0,0.0,0.0,0.0,0.0,0.0,0.0,0.0,0.0,0.0,0.0,0.0,0.0,0.0,0.0,0.0,0.0,0.0,0.0,0.0,0.0,0.0,0.0,0.0,0.0,0.0,0.0,0.0,0.0,0.0,0.0,0.0,0.0,0.0,0.0,0.0,0.0,0.0,0.0,0.0,0.0,0.0,0.0,0.0,0.0,0.0,0.0,0.0,0.9311255812644958,0.7850877046585083,-4.113990712539817e-07,0.8560741543769836,0.770835280418396,-0.020695151761174202,0.7847299575805664,0.7254887819290161,-0.04047850891947746,0.7308826446533203,0.6737899780273438,-0.0650571957230568,0.718603253364563,0.600235641002655,-0.08530956506729126,0.7904351949691772,0.598854660987854,0.0029165681917220354,0.7395535111427307,0.4933198392391205,-0.03843933343887329,0.7114747166633606,0.5282509326934814,-0.06802170723676682,0.7159404754638672,0.5754674077033997,-0.0823410227894783,0.8244508504867554,0.5725104808807373,-0.007300014141947031,0.7767330408096313,0.43380630016326904,-0.05128312110900879,0.7361841201782227,0.48124217987060547,-0.07589348405599594,0.7298427224159241,0.5435323715209961,-0.0830765962600708,0.861794650554657,0.5602555871009827,-0.024664584547281265,0.8156797289848328,0.43711620569229126,-0.061262380331754684,0.7750806212425232,0.49268442392349243,-0.0761871337890625,0.7676698565483093,0.5555813312530518,-0.07779434323310852,0.9022330045700073,0.5611905455589294,-0.04435955733060837,0.8475544452667236,0.5043721199035645,-0.06869284063577652,0.8058719635009766,0.5419772267341614,-0.07848643511533737,0.7900240421295166,0.5877115726470947,-0.08087325096130371,ओ
0.0,0.0,0.0,0.0,0.0,0.0,0.0,0.0,0.0,0.0,0.0,0.0,0.0,0.0,0.0,0.0,0.0,0.0,0.0,0.0,0.0,0.0,0.0,0.0,0.0,0.0,0.0,0.0,0.0,0.0,0.0,0.0,0.0,0.0,0.0,0.0,0.0,0.0,0.0,0.0,0.0,0.0,0.0,0.0,0.0,0.0,0.0,0.0,0.0,0.0,0.0,0.0,0.0,0.0,0.0,0.0,0.0,0.0,0.0,0.0,0.0,0.0,0.0,0.9313753247261047,0.7863198518753052,-4.1466944367130054e-07,0.854583203792572,0.770240068435669,-0.016348931938409805,0.7833267450332642,0.7213342785835266,-0.03339776396751404,0.7306498289108276,0.6693499088287354,-0.05638039857149124,0.7187946438789368,0.5984961986541748,-0.07574527710676193,0.7914793491363525,0.5956278443336487,0.010557758621871471,0.7405445575714111,0.4962618052959442,-0.02944732829928398,0.711629331111908,0.5270254015922546,-0.05957414582371712,0.7107888460159302,0.5701602101325989,-0.0745922103524208,0.8246294856071472,0.5708845853805542,-0.001956552267074585,0.7772858738899231,0.43485528230667114,-0.0459749698638916,0.7368611693382263,0.48130548000335693,-0.07203788310289383,0.7283582091331482,0.5443658232688904,-0.07978545129299164,0.8611924648284912,0.5601179599761963,-0.021418290212750435,0.8149967193603516,0.4414673447608948,-0.057704996317625046,0.7736581563949585,0.4975584149360657,-0.07329187542200089,0.763975977897644,0.5604454278945923,-0.07487649470567703,0.9006282091140747,0.5625747442245483,-0.04302254319190979,0.8487381339073181,0.505606472492218,-0.06636325269937515,0.8072841167449951,0.5436320900917053,-0.07572462409734726,0.7903947830200195,0.5899302959442139,-0.07773478329181671,ओ
0.0,0.0,0.0,0.0,0.0,0.0,0.0,0.0,0.0,0.0,0.0,0.0,0.0,0.0,0.0,0.0,0.0,0.0,0.0,0.0,0.0,0.0,0.0,0.0,0.0,0.0,0.0,0.0,0.0,0.0,0.0,0.0,0.0,0.0,0.0,0.0,0.0,0.0,0.0,0.0,0.0,0.0,0.0,0.0,0.0,0.0,0.0,0.0,0.0,0.0,0.0,0.0,0.0,0.0,0.0,0.0,0.0,0.0,0.0,0.0,0.0,0.0,0.0,0.9299991130828857,0.7875992059707642,-4.152750534558436e-07,0.8522437810897827,0.7717896699905396,-0.019426483660936356,0.7815289497375488,0.7244813442230225,-0.03846219182014465,0.7259051203727722,0.6754764318466187,-0.06288453191518784,0.715471088886261,0.6046833992004395,-0.08323505520820618,0.7883564829826355,0.5986306071281433,0.005973872262984514,0.737820029258728,0.49184373021125793,-0.03601153567433357,0.709991455078125,0.527997612953186,-0.0668102502822876,0.7131576538085938,0.576046347618103,-0.08205878734588623,0.8225266337394714,0.572381854057312,-0.005195177625864744,0.7749083042144775,0.4324933588504791,-0.050023142248392105,0.7349706292152405,0.4800015091896057,-0.0762803927063942,0.7277016639709473,0.5428088307380676,-0.08438362181186676,0.8601975440979004,0.5607147216796875,-0.023533543571829796,0.81319659948349,0.4367355704307556,-0.06101847440004349,0.7732241153717041,0.4926455020904541,-0.07695659250020981,0.7651121020317078,0.5559500455856323,-0.07883384078741074,0.8997737169265747,0.5634599328041077,-0.044106390327215195,0.8444796800613403,0.5063226222991943,-0.06910090893507004,0.803887665271759,0.5448340177536011,-0.07912617921829224,0.7889615893363953,0.5908218026161194,-0.08140209317207336,ओ
0.0,0.0,0.0,0.0,0.0,0.0,0.0,0.0,0.0,0.0,0.0,0.0,0.0,0.0,0.0,0.0,0.0,0.0,0.0,0.0,0.0,0.0,0.0,0.0,0.0,0.0,0.0,0.0,0.0,0.0,0.0,0.0,0.0,0.0,0.0,0.0,0.0,0.0,0.0,0.0,0.0,0.0,0.0,0.0,0.0,0.0,0.0,0.0,0.0,0.0,0.0,0.0,0.0,0.0,0.0,0.0,0.0,0.0,0.0,0.0,0.0,0.0,0.0,0.9337527751922607,0.79259192943573,-4.661904426939145e-07,0.8522736430168152,0.7709008455276489,-0.015840675681829453,0.7817919850349426,0.7241013646125793,-0.032994914799928665,0.7275611758232117,0.6763901114463806,-0.056848008185625076,0.7161760926246643,0.6114533543586731,-0.07710859179496765,0.7916854619979858,0.5982742309570312,0.01113070547580719,0.7409358024597168,0.49379318952560425,-0.030439091846346855,0.7127966284751892,0.5327214598655701,-0.06183251366019249,0.7150987982749939,0.581022322177887,-0.07789948582649231,0.8250371217727661,0.5731384754180908,-0.0024116989225149155,0.7757830023765564,0.4352870583534241,-0.04837029054760933,0.735407292842865,0.48698318004608154,-0.07656174153089523,0.7283031344413757,0.5504626035690308,-0.08601292967796326,0.8616071939468384,0.561833381652832,-0.02304808236658573,0.8152311444282532,0.43797215819358826,-0.0613844208419323,0.773629367351532,0.49756553769111633,-0.07894860953092575,0.7654269933700562,0.5633598566055298,-0.08170684427022934,0.900662899017334,0.5648525953292847,-0.04570892080664635,0.8472977876663208,0.5054938793182373,-0.0703391507267952,0.804470956325531,0.5453072786331177,-0.08096892386674881,0.7874400615692139,0.5934070348739624,-0.08394959568977356,ओ
0.0,0.0,0.0,0.0,0.0,0.0,0.0,0.0,0.0,0.0,0.0,0.0,0.0,0.0,0.0,0.0,0.0,0.0,0.0,0.0,0.0,0.0,0.0,0.0,0.0,0.0,0.0,0.0,0.0,0.0,0.0,0.0,0.0,0.0,0.0,0.0,0.0,0.0,0.0,0.0,0.0,0.0,0.0,0.0,0.0,0.0,0.0,0.0,0.0,0.0,0.0,0.0,0.0,0.0,0.0,0.0,0.0,0.0,0.0,0.0,0.0,0.0,0.0,0.9331180453300476,0.7909946441650391,-4.479226163311978e-07,0.8569020628929138,0.7739245891571045,-0.016825783997774124,0.7860437631607056,0.725894570350647,-0.03425511717796326,0.7339995503425598,0.6786478757858276,-0.05753491073846817,0.7183266878128052,0.6137881875038147,-0.07728543132543564,0.7944753766059875,0.5967921018600464,0.0055938586592674255,0.7428253293037415,0.49179449677467346,-0.03582402691245079,0.7139894962310791,0.5268616080284119,-0.06633967161178589,0.715156614780426,0.573424756526947,-0.08154871314764023,0.8284822702407837,0.5728283524513245,-0.007892805151641369,0.7800716757774353,0.4322200119495392,-0.05341523885726929,0.7389340400695801,0.48268789052963257,-0.08008752018213272,0.7319162487983704,0.5473210215568542,-0.08836376667022705,0.8654503226280212,0.5631309151649475,-0.028171323239803314,0.8187347650527954,0.4394198954105377,-0.0658465176820755,0.7758544683456421,0.49673405289649963,-0.08216703683137894,0.7668036818504333,0.5602328777313232,-0.08443834632635117,0.9051562547683716,0.5670369863510132,-0.05050931125879288,0.8513026237487793,0.5057660937309265,-0.0754392221570015,0.8095805644989014,0.545828104019165,-0.08501576632261276,0.794492781162262,0.5939651727676392,-0.08720487356185913,ओ
0.0,0.0,0.0,0.0,0.0,0.0,0.0,0.0,0.0,0.0,0.0,0.0,0.0,0.0,0.0,0.0,0.0,0.0,0.0,0.0,0.0,0.0,0.0,0.0,0.0,0.0,0.0,0.0,0.0,0.0,0.0,0.0,0.0,0.0,0.0,0.0,0.0,0.0,0.0,0.0,0.0,0.0,0.0,0.0,0.0,0.0,0.0,0.0,0.0,0.0,0.0,0.0,0.0,0.0,0.0,0.0,0.0,0.0,0.0,0.0,0.0,0.0,0.0,0.9376020431518555,0.7910647392272949,-4.74484266987929e-07,0.8580726385116577,0.7733319401741028,-0.015123112127184868,0.7882488965988159,0.7264124751091003,-0.03147299587726593,0.7341811656951904,0.680875301361084,-0.0547790490090847,0.7217198014259338,0.616306483745575,-0.07483832538127899,0.7968583703041077,0.5992699265480042,0.012195028364658356,0.7439757585525513,0.49440014362335205,-0.029245810583233833,0.7175735831260681,0.5317810773849487,-0.060308411717414856,0.7212965488433838,0.5781029462814331,-0.07593221217393875,0.8301692605018616,0.5740237832069397,-0.0016994556644931436,0.7796922326087952,0.4335564374923706,-0.04860701039433479,0.7431719899177551,0.488126277923584,-0.07722432911396027,0.7399207353591919,0.5517615675926208,-0.08599182218313217,0.8665302991867065,0.5627080798149109,-0.022439714521169662,0.8176708221435547,0.4397280514240265,-0.061932921409606934,0.7798170447349548,0.5041000843048096,-0.07876992225646973,0.7757687568664551,0.5695849061012268,-0.07987858355045319,0.9062004685401917,0.5653114914894104,-0.045029036700725555,0.8512595295906067,0.5048089027404785,-0.06968162953853607,0.8116299510002136,0.5465465188026428,-0.07863036543130875,0.8000952005386353,0.5936369299888611,-0.07972321659326553,ओ
0.0,0.0,0.0,0.0,0.0,0.0,0.0,0.0,0.0,0.0,0.0,0.0,0.0,0.0,0.0,0.0,0.0,0.0,0.0,0.0,0.0,0.0,0.0,0.0,0.0,0.0,0.0,0.0,0.0,0.0,0.0,0.0,0.0,0.0,0.0,0.0,0.0,0.0,0.0,0.0,0.0,0.0,0.0,0.0,0.0,0.0,0.0,0.0,0.0,0.0,0.0,0.0,0.0,0.0,0.0,0.0,0.0,0.0,0.0,0.0,0.0,0.0,0.0,0.9368494749069214,0.7831329107284546,-4.5561404249383486e-07,0.8581728935241699,0.7681125402450562,-0.017610816285014153,0.7873920798301697,0.7238683700561523,-0.03517608344554901,0.7344772815704346,0.6772153973579407,-0.058517441153526306,0.7230889201164246,0.6118346452713013,-0.07821330428123474,0.7970408201217651,0.5932403802871704,0.00789247453212738,0.7458615899085999,0.49103835225105286,-0.03375699371099472,0.7185593247413635,0.527930736541748,-0.06577309221029282,0.7211903929710388,0.5771934390068054,-0.08193812519311905,0.8298937082290649,0.5680338144302368,-0.00445738947018981,0.7839421033859253,0.42925751209259033,-0.050388988107442856,0.7424164414405823,0.4775024354457855,-0.07914134114980698,0.7345463633537292,0.5440719127655029,-0.08867047727108002,0.8660976886749268,0.5569254159927368,-0.02376612275838852,0.8217119574546814,0.4370306730270386,-0.060856301337480545,0.7790706157684326,0.49082380533218384,-0.0793604850769043,0.7700605392456055,0.553786039352417,-0.08309536427259445,0.9054281711578369,0.5596688985824585,-0.04525616765022278,0.8533788919448853,0.5031232833862305,-0.06934971362352371,0.8120278716087341,0.5417171716690063,-0.07996392250061035,0.7970274686813354,0.589924156665802,-0.08288665860891342,ओ
0.0,0.0,0.0,0.0,0.0,0.0,0.0,0.0,0.0,0.0,0.0,0.0,0.0,0.0,0.0,0.0,0.0,0.0,0.0,0.0,0.0,0.0,0.0,0.0,0.0,0.0,0.0,0.0,0.0,0.0,0.0,0.0,0.0,0.0,0.0,0.0,0.0,0.0,0.0,0.0,0.0,0.0,0.0,0.0,0.0,0.0,0.0,0.0,0.0,0.0,0.0,0.0,0.0,0.0,0.0,0.0,0.0,0.0,0.0,0.0,0.0,0.0,0.0,0.9377284646034241,0.7852400541305542,-4.1836108266579686e-07,0.8591314554214478,0.7672613859176636,-0.020340202376246452,0.7878670692443848,0.7217967510223389,-0.04041488468647003,0.7317489385604858,0.6730585694313049,-0.06642203032970428,0.7247886657714844,0.6027852892875671,-0.08851436525583267,0.7978654503822327,0.5948057770729065,0.009028751403093338,0.7466443181037903,0.489643394947052,-0.03423110395669937,0.719467043876648,0.5268408060073853,-0.06736640632152557,0.7235950231552124,0.5755194425582886,-0.08428027480840683,0.8311212658882141,0.5703043341636658,-0.002427108120173216,0.7841633558273315,0.4290161430835724,-0.04966837540268898,0.7435511946678162,0.478784441947937,-0.07921455055475235,0.7362836003303528,0.5434147119522095,-0.08909431844949722,0.8678114414215088,0.5598576664924622,-0.021457847207784653,0.8235735893249512,0.4345453977584839,-0.06026477366685867,0.7815061807632446,0.4906429648399353,-0.07905172556638718,0.7729385495185852,0.5547494292259216,-0.08230665326118469,0.9073469638824463,0.5639416575431824,-0.04287346452474594,0.855351448059082,0.5016250014305115,-0.06768030673265457,0.8135486841201782,0.5386369228363037,-0.0788288563489914,0.7982515096664429,0.5857080221176147,-0.08200141042470932,ओ
0.0,0.0,0.0,0.0,0.0,0.0,0.0,0.0,0.0,0.0,0.0,0.0,0.0,0.0,0.0,0.0,0.0,0.0,0.0,0.0,0.0,0.0,0.0,0.0,0.0,0.0,0.0,0.0,0.0,0.0,0.0,0.0,0.0,0.0,0.0,0.0,0.0,0.0,0.0,0.0,0.0,0.0,0.0,0.0,0.0,0.0,0.0,0.0,0.0,0.0,0.0,0.0,0.0,0.0,0.0,0.0,0.0,0.0,0.0,0.0,0.0,0.0,0.0,0.9320597648620605,0.7900567650794983,-4.706999163772707e-07,0.8559283018112183,0.7681294679641724,-0.017133740708231926,0.7868037223815918,0.7203890681266785,-0.0350739024579525,0.7338053584098816,0.674237072467804,-0.05900702625513077,0.7205766439437866,0.6080809235572815,-0.07939677685499191,0.7975255250930786,0.5929028391838074,0.006207072641700506,0.7469080686569214,0.4889145791530609,-0.035572439432144165,0.7163845300674438,0.5274856686592102,-0.06634315103292465,0.7159801721572876,0.5757473111152649,-0.08186226338148117,0.831630527973175,0.569573700428009,-0.006724934559315443,0.7816523909568787,0.43194815516471863,-0.05290430039167404,0.7400375008583069,0.48529261350631714,-0.07985205948352814,0.7321845889091492,0.5492844581604004,-0.08828365057706833,0.8686656951904297,0.5602748394012451,-0.026479385793209076,0.8210744261741638,0.43675076961517334,-0.06554518640041351,0.779861569404602,0.4974559545516968,-0.08117104321718216,0.7718780040740967,0.5621534585952759,-0.08238453418016434,0.9080728888511658,0.56534343957901,-0.04823945835232735,0.8539639115333557,0.5055844783782959,-0.07408157736063004,0.8119316101074219,0.5458274483680725,-0.0835740938782692,0.7959088087081909,0.5932134985923767,-0.08529610931873322,ओ
0.0,0.0,0.0,0.0,0.0,0.0,0.0,0.0,0.0,0.0,0.0,0.0,0.0,0.0,0.0,0.0,0.0,0.0,0.0,0.0,0.0,0.0,0.0,0.0,0.0,0.0,0.0,0.0,0.0,0.0,0.0,0.0,0.0,0.0,0.0,0.0,0.0,0.0,0.0,0.0,0.0,0.0,0.0,0.0,0.0,0.0,0.0,0.0,0.0,0.0,0.0,0.0,0.0,0.0,0.0,0.0,0.0,0.0,0.0,0.0,0.0,0.0,0.0,0.9344424605369568,0.7847205400466919,-4.1121478489003493e-07,0.8588656783103943,0.7703274488449097,-0.018531884998083115,0.7884745597839355,0.7240618467330933,-0.03684890270233154,0.7351870536804199,0.6754034161567688,-0.060670241713523865,0.7226247787475586,0.6068035960197449,-0.08042368292808533,0.7962532639503479,0.5954629778862,0.006085273344069719,0.7438341379165649,0.4908643066883087,-0.0342583954334259,0.7146260142326355,0.5262185335159302,-0.063510961830616,0.7169880867004395,0.5719831585884094,-0.0779021605849266,0.829730212688446,0.5711823105812073,-0.005566439591348171,0.7814404964447021,0.4312332272529602,-0.04976290091872215,0.7395361661911011,0.48161306977272034,-0.07494127750396729,0.7330235838890076,0.5452224612236023,-0.08215857297182083,0.866382360458374,0.5606764554977417,-0.024205094203352928,0.8199326992034912,0.4374045729637146,-0.0608360692858696,0.7775602340698242,0.4956709146499634,-0.07567846029996872,0.7699795961380005,0.5587468147277832,-0.07675424218177795,0.9058029651641846,0.5625863671302795,-0.04509023576974869,0.8535427451133728,0.5011512041091919,-0.0690561980009079,0.8119253516197205,0.540043830871582,-0.07802434265613556,0.7977298498153687,0.5873653888702393,-0.07957391440868378,ओ
0.0,0.0,0.0,0.0,0.0,0.0,0.0,0.0,0.0,0.0,0.0,0.0,0.0,0.0,0.0,0.0,0.0,0.0,0.0,0.0,0.0,0.0,0.0,0.0,0.0,0.0,0.0,0.0,0.0,0.0,0.0,0.0,0.0,0.0,0.0,0.0,0.0,0.0,0.0,0.0,0.0,0.0,0.0,0.0,0.0,0.0,0.0,0.0,0.0,0.0,0.0,0.0,0.0,0.0,0.0,0.0,0.0,0.0,0.0,0.0,0.0,0.0,0.0,0.933231770992279,0.7898910045623779,-4.3232000734860776e-07,0.8559844493865967,0.772516667842865,-0.01858491823077202,0.785327672958374,0.7258610725402832,-0.03746848553419113,0.7323704957962036,0.6778010725975037,-0.06202225387096405,0.7213692665100098,0.6090427041053772,-0.08291330933570862,0.7962186336517334,0.596688449382782,0.005031943321228027,0.7455358505249023,0.4918822646141052,-0.03698434308171272,0.7161730527877808,0.5270606875419617,-0.06822165101766586,0.7174909710884094,0.573399543762207,-0.0840512365102768,0.8298197984695435,0.5724308490753174,-0.007335933391004801,0.7829611301422119,0.43166548013687134,-0.053421057760715485,0.7422301173210144,0.4823729991912842,-0.08097657561302185,0.7354570627212524,0.5466014742851257,-0.08981667459011078,0.8669745326042175,0.5623235106468201,-0.02660020999610424,0.821433961391449,0.4382742941379547,-0.06459162384271622,0.7799031138420105,0.4964624345302582,-0.08138571679592133,0.7726958394050598,0.5609961748123169,-0.08373355120420456,0.9075040221214294,0.566017210483551,-0.04804561287164688,0.8552685976028442,0.5041328072547913,-0.07288818806409836,0.8134458065032959,0.5426446199417114,-0.0828767865896225,0.7988221049308777,0.5901565551757812,-0.08521776646375656,ओ
0.0,0.0,0.0,0.0,0.0,0.0,0.0,0.0,0.0,0.0,0.0,0.0,0.0,0.0,0.0,0.0,0.0,0.0,0.0,0.0,0.0,0.0,0.0,0.0,0.0,0.0,0.0,0.0,0.0,0.0,0.0,0.0,0.0,0.0,0.0,0.0,0.0,0.0,0.0,0.0,0.0,0.0,0.0,0.0,0.0,0.0,0.0,0.0,0.0,0.0,0.0,0.0,0.0,0.0,0.0,0.0,0.0,0.0,0.0,0.0,0.0,0.0,0.0,0.932542085647583,0.7908185124397278,-4.596819849211897e-07,0.8555111885070801,0.7738280296325684,-0.017106905579566956,0.784748375415802,0.7283124327659607,-0.035565853118896484,0.7311561107635498,0.6842249035835266,-0.06006563827395439,0.7186280488967896,0.6187401413917542,-0.08096639066934586,0.794090747833252,0.5947169661521912,0.004738213494420052,0.7432788014411926,0.48877057433128357,-0.03820004314184189,0.712597668170929,0.5261306762695312,-0.06900631636381149,0.711929440498352,0.5734301209449768,-0.08428099751472473,0.8285161256790161,0.5704963207244873,-0.008628543466329575,0.7789743542671204,0.4302451014518738,-0.05674237012863159,0.7386283278465271,0.48549526929855347,-0.08302383869886398,0.7323334813117981,0.5509797930717468,-0.08996741473674774,0.8658501505851746,0.5603088736534119,-0.028851736336946487,0.8172817230224609,0.43672892451286316,-0.06920190900564194,0.7771599888801575,0.501427948474884,-0.08350274711847305,0.7705145478248596,0.5669369101524353,-0.08285270631313324,0.9058958888053894,0.5640239119529724,-0.05110795050859451,0.8511964678764343,0.5046675205230713,-0.07717978954315186,0.8085252046585083,0.5465995669364929,-0.08585909008979797,0.7925683259963989,0.5932773947715759,-0.08646116405725479,ओ
0.0,0.0,0.0,0.0,0.0,0.0,0.0,0.0,0.0,0.0,0.0,0.0,0.0,0.0,0.0,0.0,0.0,0.0,0.0,0.0,0.0,0.0,0.0,0.0,0.0,0.0,0.0,0.0,0.0,0.0,0.0,0.0,0.0,0.0,0.0,0.0,0.0,0.0,0.0,0.0,0.0,0.0,0.0,0.0,0.0,0.0,0.0,0.0,0.0,0.0,0.0,0.0,0.0,0.0,0.0,0.0,0.0,0.0,0.0,0.0,0.0,0.0,0.0,0.9346504807472229,0.7908612489700317,-4.685447265728726e-07,0.8542335033416748,0.7736619114875793,-0.016486728563904762,0.7820934057235718,0.7263734340667725,-0.03383079543709755,0.7279351949691772,0.677626371383667,-0.05736485868692398,0.7184849381446838,0.611637532711029,-0.07714981585741043,0.7931280136108398,0.5978937745094299,0.008095384575426579,0.7435762286186218,0.488685667514801,-0.03369702026247978,0.7141287922859192,0.5243534445762634,-0.0643550381064415,0.7136634588241577,0.5717477202415466,-0.07972678542137146,0.8273084759712219,0.5742497444152832,-0.00526327034458518,0.7785890698432922,0.43279892206192017,-0.05237841606140137,0.7387822270393372,0.4867251217365265,-0.07951760292053223,0.732506513595581,0.5520466566085815,-0.08734839409589767,0.8644729256629944,0.563774049282074,-0.02548256888985634,0.8175828456878662,0.43839603662490845,-0.06426753103733063,0.777271568775177,0.4998030662536621,-0.07973781228065491,0.7702786922454834,0.5651364326477051,-0.08050736039876938,0.904886782169342,0.5669015645980835,-0.047797683626413345,0.8510887026786804,0.5068133473396301,-0.07289433479309082,0.8101993799209595,0.5479715466499329,-0.08210873603820801,0.7964510917663574,0.5955702662467957,-0.08350265771150589,ओ
0.0,0.0,0.0,0.0,0.0,0.0,0.0,0.0,0.0,0.0,0.0,0.0,0.0,0.0,0.0,0.0,0.0,0.0,0.0,0.0,0.0,0.0,0.0,0.0,0.0,0.0,0.0,0.0,0.0,0.0,0.0,0.0,0.0,0.0,0.0,0.0,0.0,0.0,0.0,0.0,0.0,0.0,0.0,0.0,0.0,0.0,0.0,0.0,0.0,0.0,0.0,0.0,0.0,0.0,0.0,0.0,0.0,0.0,0.0,0.0,0.0,0.0,0.0,0.9327707290649414,0.7883206605911255,-4.660733736727707e-07,0.8537936806678772,0.7723526358604431,-0.018317462876439095,0.7815344929695129,0.7258673906326294,-0.03712712600827217,0.7262534499168396,0.6772286295890808,-0.062095291912555695,0.7195827960968018,0.6078777313232422,-0.08331278711557388,0.7909978628158569,0.5962284803390503,0.008785034529864788,0.7408207058906555,0.4917793571949005,-0.03343642130494118,0.7133908867835999,0.5315643548965454,-0.06487847864627838,0.7166500091552734,0.580456554889679,-0.0808241069316864,0.8251074552536011,0.5716248750686646,-0.0036490270867943764,0.776711106300354,0.43198391795158386,-0.05049797520041466,0.7375009059906006,0.4865354895591736,-0.07816187292337418,0.7319496273994446,0.5512896180152893,-0.0866347923874855,0.8624253273010254,0.560517430305481,-0.02330179512500763,0.8159360885620117,0.4364076256752014,-0.062421344220638275,0.7764663696289062,0.49915874004364014,-0.07872816920280457,0.7707270383834839,0.5648433566093445,-0.08006487041711807,0.9030604958534241,0.5629109144210815,-0.045133236795663834,0.8487187623977661,0.50271075963974,-0.06969726830720901,0.8083528876304626,0.5445485711097717,-0.07898646593093872,0.7952556014060974,0.5927821397781372,-0.08071506768465042,ओ
0.0,0.0,0.0,0.0,0.0,0.0,0.0,0.0,0.0,0.0,0.0,0.0,0.0,0.0,0.0,0.0,0.0,0.0,0.0,0.0,0.0,0.0,0.0,0.0,0.0,0.0,0.0,0.0,0.0,0.0,0.0,0.0,0.0,0.0,0.0,0.0,0.0,0.0,0.0,0.0,0.0,0.0,0.0,0.0,0.0,0.0,0.0,0.0,0.0,0.0,0.0,0.0,0.0,0.0,0.0,0.0,0.0,0.0,0.0,0.0,0.0,0.0,0.0,0.9310535192489624,0.7903771996498108,-4.4695616452372633e-07,0.8550005555152893,0.7766335010528564,-0.018816808238625526,0.78336101770401,0.7300283908843994,-0.037495020776987076,0.7293165922164917,0.6822906732559204,-0.0615154430270195,0.721178412437439,0.615470290184021,-0.08176187425851822,0.789668083190918,0.599205493927002,0.0020486251451075077,0.74115389585495,0.4911186397075653,-0.039899472147226334,0.7113853096961975,0.5271278619766235,-0.06968926638364792,0.7132543921470642,0.5746098160743713,-0.08439091593027115,0.8249350190162659,0.5740507245063782,-0.010260261595249176,0.7791169285774231,0.43228936195373535,-0.05646980181336403,0.7391349077224731,0.4851086735725403,-0.0816042348742485,0.73462975025177,0.5507699847221375,-0.08820020407438278,0.8629205226898193,0.5637732148170471,-0.02933727763593197,0.8175476789474487,0.43985313177108765,-0.0680486410856247,0.7768797278404236,0.49963587522506714,-0.08282270282506943,0.770738422870636,0.5634689927101135,-0.08324439078569412,0.9037245512008667,0.5670880079269409,-0.05048401281237602,0.8488333225250244,0.5065014958381653,-0.07587915658950806,0.8085170984268188,0.5470177531242371,-0.08433625102043152,0.7959396243095398,0.5940351486206055,-0.08506492525339127,ओ
0.0,0.0,0.0,0.0,0.0,0.0,0.0,0.0,0.0,0.0,0.0,0.0,0.0,0.0,0.0,0.0,0.0,0.0,0.0,0.0,0.0,0.0,0.0,0.0,0.0,0.0,0.0,0.0,0.0,0.0,0.0,0.0,0.0,0.0,0.0,0.0,0.0,0.0,0.0,0.0,0.0,0.0,0.0,0.0,0.0,0.0,0.0,0.0,0.0,0.0,0.0,0.0,0.0,0.0,0.0,0.0,0.0,0.0,0.0,0.0,0.0,0.0,0.0,0.9310997724533081,0.7887666821479797,-4.1936738170988974e-07,0.8534440994262695,0.7732711434364319,-0.018414225429296494,0.7818713784217834,0.729564368724823,-0.037377238273620605,0.7262144684791565,0.6813976168632507,-0.06218389794230461,0.7194520831108093,0.6116293668746948,-0.08302196115255356,0.7907019257545471,0.5975606441497803,0.00921742431819439,0.743663489818573,0.49408063292503357,-0.0315505675971508,0.7143953442573547,0.5273752212524414,-0.0619451105594635,0.7152812480926514,0.5720980167388916,-0.0773957371711731,0.8233550786972046,0.5724639296531677,-0.0029716661665588617,0.77924644947052,0.43351417779922485,-0.047521717846393585,0.7385993599891663,0.482115775346756,-0.07273248583078384,0.731407105922699,0.5454584956169128,-0.0798363983631134,0.8604993224143982,0.5614163279533386,-0.02251090668141842,0.816059410572052,0.439119428396225,-0.06003114581108093,0.7757601737976074,0.4980330169200897,-0.0746150091290474,0.7693995833396912,0.5622544288635254,-0.07515140622854233,0.9013586044311523,0.5638899207115173,-0.04437446594238281,0.8473638892173767,0.5051118731498718,-0.06904838979244232,0.8083243370056152,0.5475596189498901,-0.07757564634084702,0.797134280204773,0.5975736379623413,-0.07858637720346451,ओ
0.0,0.0,0.0,0.0,0.0,0.0,0.0,0.0,0.0,0.0,0.0,0.0,0.0,0.0,0.0,0.0,0.0,0.0,0.0,0.0,0.0,0.0,0.0,0.0,0.0,0.0,0.0,0.0,0.0,0.0,0.0,0.0,0.0,0.0,0.0,0.0,0.0,0.0,0.0,0.0,0.0,0.0,0.0,0.0,0.0,0.0,0.0,0.0,0.0,0.0,0.0,0.0,0.0,0.0,0.0,0.0,0.0,0.0,0.0,0.0,0.0,0.0,0.0,0.9323689937591553,0.7848309278488159,-4.5191231379249075e-07,0.8556873798370361,0.7733240127563477,-0.02057241089642048,0.7824794054031372,0.7282878756523132,-0.040340401232242584,0.7275452613830566,0.6771465539932251,-0.0654660016298294,0.7220308780670166,0.6068354249000549,-0.08676724880933762,0.7906638979911804,0.5974469780921936,0.00433386629447341,0.7405566573143005,0.49236172437667847,-0.03839951008558273,0.7136834263801575,0.5282009243965149,-0.06983790546655655,0.7165125012397766,0.575431764125824,-0.08572452515363693,0.8245136141777039,0.57267826795578,-0.006860584951937199,0.7761716246604919,0.43451881408691406,-0.05397655814886093,0.7391697764396667,0.4881669878959656,-0.08123330771923065,0.7347821593284607,0.5532752871513367,-0.08931492269039154,0.8615618944168091,0.5617701411247253,-0.025155704468488693,0.8154371976852417,0.4403938055038452,-0.06393022835254669,0.7774903774261475,0.500666618347168,-0.07992591708898544,0.7715270519256592,0.5650125741958618,-0.08129380643367767,0.9026350975036621,0.5639693737030029,-0.0458003394305706,0.8503882884979248,0.505064845085144,-0.07053191214799881,0.8114882707595825,0.5452359914779663,-0.07999269664287567,0.7984057068824768,0.5929206013679504,-0.0818411260843277,ओ
0.0,0.0,0.0,0.0,0.0,0.0,0.0,0.0,0.0,0.0,0.0,0.0,0.0,0.0,0.0,0.0,0.0,0.0,0.0,0.0,0.0,0.0,0.0,0.0,0.0,0.0,0.0,0.0,0.0,0.0,0.0,0.0,0.0,0.0,0.0,0.0,0.0,0.0,0.0,0.0,0.0,0.0,0.0,0.0,0.0,0.0,0.0,0.0,0.0,0.0,0.0,0.0,0.0,0.0,0.0,0.0,0.0,0.0,0.0,0.0,0.0,0.0,0.0,0.9317540526390076,0.7857916355133057,-4.663315564812365e-07,0.853763222694397,0.7725011110305786,-0.01596156321465969,0.784164309501648,0.727217435836792,-0.0325634591281414,0.7319283485412598,0.6816498041152954,-0.05524342879652977,0.7190131545066833,0.6199500560760498,-0.07417760044336319,0.7923017740249634,0.596587061882019,0.008040758781135082,0.7417605519294739,0.4906805753707886,-0.032699041068553925,0.7131839990615845,0.5299351811408997,-0.06253358721733093,0.7160128951072693,0.5779005885124207,-0.0773099735379219,0.8254005908966064,0.5726988315582275,-0.00505381915718317,0.7771158218383789,0.43170106410980225,-0.050389669835567474,0.7376885414123535,0.4873764216899872,-0.07627540081739426,0.7343868017196655,0.5526509881019592,-0.08334267139434814,0.861775279045105,0.5618229508399963,-0.024845821782946587,0.8156720995903015,0.4376566410064697,-0.06120109558105469,0.7756556868553162,0.498776912689209,-0.07553678005933762,0.7712938189506531,0.561908483505249,-0.07598899304866791,0.9020923376083374,0.563986599445343,-0.046826984733343124,0.8499706387519836,0.5033435821533203,-0.06926446408033371,0.809949517250061,0.5444129705429077,-0.07691574096679688,0.7988835573196411,0.5906873345375061,-0.07753712683916092,ओ
0.0,0.0,0.0,0.0,0.0,0.0,0.0,0.0,0.0,0.0,0.0,0.0,0.0,0.0,0.0,0.0,0.0,0.0,0.0,0.0,0.0,0.0,0.0,0.0,0.0,0.0,0.0,0.0,0.0,0.0,0.0,0.0,0.0,0.0,0.0,0.0,0.0,0.0,0.0,0.0,0.0,0.0,0.0,0.0,0.0,0.0,0.0,0.0,0.0,0.0,0.0,0.0,0.0,0.0,0.0,0.0,0.0,0.0,0.0,0.0,0.0,0.0,0.0,0.9318504333496094,0.7871222496032715,-4.31071896400681e-07,0.8549531102180481,0.7691967487335205,-0.019316667690873146,0.7857277393341064,0.7220584154129028,-0.03833113610744476,0.7352243065834045,0.6742563247680664,-0.06290868669748306,0.7215991616249084,0.6068516373634338,-0.08402694016695023,0.7961841821670532,0.5954921841621399,0.003465906484052539,0.7457287907600403,0.4901467263698578,-0.039338476955890656,0.7153611183166504,0.5241525173187256,-0.07112778723239899,0.7166025042533875,0.569284975528717,-0.08754771947860718,0.830393373966217,0.5711004734039307,-0.009416544809937477,0.7831361293792725,0.4290640652179718,-0.057489097118377686,0.742092490196228,0.4823283851146698,-0.08642903715372086,0.736785888671875,0.5479228496551514,-0.09607574343681335,0.8673349022865295,0.560798704624176,-0.02925838716328144,0.8218384981155396,0.43780311942100525,-0.06915724277496338,0.7791760563850403,0.4970414638519287,-0.08757475763559341,0.772159218788147,0.5618404746055603,-0.09100200980901718,0.9077951312065125,0.5639989972114563,-0.05127814784646034,0.8560559749603271,0.5052245855331421,-0.0778096616268158,0.8152524828910828,0.5453563332557678,-0.08906552195549011,0.8017752170562744,0.5935787558555603,-0.09242070466279984,ओ
0.0,0.0,0.0,0.0,0.0,0.0,0.0,0.0,0.0,0.0,0.0,0.0,0.0,0.0,0.0,0.0,0.0,0.0,0.0,0.0,0.0,0.0,0.0,0.0,0.0,0.0,0.0,0.0,0.0,0.0,0.0,0.0,0.0,0.0,0.0,0.0,0.0,0.0,0.0,0.0,0.0,0.0,0.0,0.0,0.0,0.0,0.0,0.0,0.0,0.0,0.0,0.0,0.0,0.0,0.0,0.0,0.0,0.0,0.0,0.0,0.0,0.0,0.0,0.9324439167976379,0.7849216461181641,-4.128728221530764e-07,0.8550961017608643,0.770469069480896,-0.017430011183023453,0.7846836447715759,0.7240071296691895,-0.03586222976446152,0.7325516939163208,0.6730238199234009,-0.06008583679795265,0.7261815071105957,0.6043273210525513,-0.08059940487146378,0.7952601909637451,0.5967263579368591,0.006299955304712057,0.7448421120643616,0.4907158613204956,-0.0346074104309082,0.7155176401138306,0.5252519249916077,-0.06439820677042007,0.7166107296943665,0.5717845559120178,-0.07905875891447067,0.8286240696907043,0.5738211870193481,-0.005801165942102671,0.7814720273017883,0.4326625168323517,-0.050712473690509796,0.741511881351471,0.4846177399158478,-0.07597913593053818,0.73594069480896,0.549069881439209,-0.08298037201166153,0.8648748993873596,0.5629559755325317,-0.02471340261399746,0.8190638422966003,0.43839186429977417,-0.06103898584842682,0.7785757780075073,0.4976227879524231,-0.07533631473779678,0.7723458409309387,0.561638593673706,-0.07598640769720078,0.9044104814529419,0.5641523599624634,-0.04589388519525528,0.8537484407424927,0.5023468732833862,-0.06899464130401611,0.8143950700759888,0.5413209199905396,-0.07746653258800507,0.8021060824394226,0.5883534550666809,-0.07879256457090378,ओ
0.0,0.0,0.0,0.0,0.0,0.0,0.0,0.0,0.0,0.0,0.0,0.0,0.0,0.0,0.0,0.0,0.0,0.0,0.0,0.0,0.0,0.0,0.0,0.0,0.0,0.0,0.0,0.0,0.0,0.0,0.0,0.0,0.0,0.0,0.0,0.0,0.0,0.0,0.0,0.0,0.0,0.0,0.0,0.0,0.0,0.0,0.0,0.0,0.0,0.0,0.0,0.0,0.0,0.0,0.0,0.0,0.0,0.0,0.0,0.0,0.0,0.0,0.0,0.9327873587608337,0.78721022605896,-4.5456894781636947e-07,0.8570429086685181,0.7719188928604126,-0.017410315573215485,0.7875891327857971,0.7230785489082336,-0.03507637977600098,0.7379970550537109,0.6722003817558289,-0.05846789851784706,0.7264852523803711,0.6079351305961609,-0.07831679284572601,0.7965874075889587,0.5923691391944885,0.003953736741095781,0.7469948530197144,0.4860292077064514,-0.03693867102265358,0.7193072438240051,0.5220226049423218,-0.06633094698190689,0.7218985557556152,0.5682584643363953,-0.08108595013618469,0.830436110496521,0.5690656900405884,-0.009018508717417717,0.7830324769020081,0.4297935366630554,-0.05460547283291817,0.7450354695320129,0.4830910861492157,-0.08069707453250885,0.7412492632865906,0.5464857816696167,-0.08841267973184586,0.8675353527069092,0.5596954822540283,-0.028540465980768204,0.8220675587654114,0.43668070435523987,-0.06661415100097656,0.7820308208465576,0.4978889524936676,-0.08190502226352692,0.7756335139274597,0.5618725419044495,-0.0831296518445015,0.908894419670105,0.5634413361549377,-0.05008510872721672,0.8576920628547668,0.5020832419395447,-0.07495151460170746,0.8175482749938965,0.5417914986610413,-0.08390890806913376,0.8038166165351868,0.5882635116577148,-0.08544062823057175,ओ
0.0,0.0,0.0,0.0,0.0,0.0,0.0,0.0,0.0,0.0,0.0,0.0,0.0,0.0,0.0,0.0,0.0,0.0,0.0,0.0,0.0,0.0,0.0,0.0,0.0,0.0,0.0,0.0,0.0,0.0,0.0,0.0,0.0,0.0,0.0,0.0,0.0,0.0,0.0,0.0,0.0,0.0,0.0,0.0,0.0,0.0,0.0,0.0,0.0,0.0,0.0,0.0,0.0,0.0,0.0,0.0,0.0,0.0,0.0,0.0,0.0,0.0,0.0,0.9349254369735718,0.7865431904792786,-4.476282526866271e-07,0.858881950378418,0.7733373641967773,-0.017393089830875397,0.7871910333633423,0.7230831980705261,-0.035142552107572556,0.7355238199234009,0.6757999658584595,-0.05876140296459198,0.7241860032081604,0.6138262748718262,-0.07909321784973145,0.7996325492858887,0.5936291813850403,0.0031251024920493364,0.746893048286438,0.48975250124931335,-0.03988583758473396,0.7197770476341248,0.5267300605773926,-0.07144071906805038,0.7241345047950745,0.5764615535736084,-0.08682551234960556,0.8333873152732849,0.5698002576828003,-0.009940950199961662,0.7858351469039917,0.4276508092880249,-0.05712071433663368,0.7448591589927673,0.4788612723350525,-0.08457180112600327,0.7395581007003784,0.5454421043395996,-0.09263385832309723,0.8704394102096558,0.5598090291023254,-0.02959425561130047,0.8236960768699646,0.43568143248558044,-0.068455271422863,0.7823269963264465,0.49600911140441895,-0.08467824012041092,0.7763330936431885,0.56116783618927,-0.08598678559064865,0.9106398820877075,0.5634081959724426,-0.05127193033695221,0.8579908013343811,0.5002211332321167,-0.07649612426757812,0.8176007866859436,0.5402404069900513,-0.08536375313997269,0.8051700592041016,0.5886552333831787,-0.08644328266382217,ओ
0.0,0.0,0.0,0.0,0.0,0.0,0.0,0.0,0.0,0.0,0.0,0.0,0.0,0.0,0.0,0.0,0.0,0.0,0.0,0.0,0.0,0.0,0.0,0.0,0.0,0.0,0.0,0.0,0.0,0.0,0.0,0.0,0.0,0.0,0.0,0.0,0.0,0.0,0.0,0.0,0.0,0.0,0.0,0.0,0.0,0.0,0.0,0.0,0.0,0.0,0.0,0.0,0.0,0.0,0.0,0.0,0.0,0.0,0.0,0.0,0.0,0.0,0.0,0.9396889209747314,0.790865957736969,-4.002300784122781e-07,0.8622136116027832,0.7741190195083618,-0.01961454190313816,0.7907520532608032,0.7265888452529907,-0.03893965482711792,0.7364509105682373,0.6752529740333557,-0.06412262469530106,0.7301419377326965,0.606343150138855,-0.08551950752735138,0.8003733158111572,0.5998122692108154,0.008232943713665009,0.7500903010368347,0.4938170313835144,-0.03427843004465103,0.7215554118156433,0.5283836722373962,-0.06603457033634186,0.7261149287223816,0.5749068260192871,-0.08205632120370865,0.8339083790779114,0.5751042366027832,-0.004198999144136906,0.789707362651825,0.43021464347839355,-0.05186959356069565,0.7484229803085327,0.48146292567253113,-0.07993613183498383,0.7444266676902771,0.5487728118896484,-0.08801170438528061,0.8711842894554138,0.5641562342643738,-0.02410956472158432,0.8282948732376099,0.438776433467865,-0.06288520991802216,0.7849928140640259,0.49408528208732605,-0.08071152865886688,0.778290331363678,0.5570493340492249,-0.08309592306613922,0.9124117493629456,0.5657543540000916,-0.04639039933681488,0.8614200353622437,0.5028856992721558,-0.07140974700450897,0.822330892086029,0.5410818457603455,-0.08163825422525406,0.8115072250366211,0.5895982980728149,-0.0838174968957901,ओ
0.0,0.0,0.0,0.0,0.0,0.0,0.0,0.0,0.0,0.0,0.0,0.0,0.0,0.0,0.0,0.0,0.0,0.0,0.0,0.0,0.0,0.0,0.0,0.0,0.0,0.0,0.0,0.0,0.0,0.0,0.0,0.0,0.0,0.0,0.0,0.0,0.0,0.0,0.0,0.0,0.0,0.0,0.0,0.0,0.0,0.0,0.0,0.0,0.0,0.0,0.0,0.0,0.0,0.0,0.0,0.0,0.0,0.0,0.0,0.0,0.0,0.0,0.0,0.9408828616142273,0.792336106300354,-4.50015477326815e-07,0.8634583353996277,0.7744497060775757,-0.01750326342880726,0.7926373481750488,0.7280154824256897,-0.035280048847198486,0.740148663520813,0.6821581125259399,-0.059061985462903976,0.7254740595817566,0.6192232370376587,-0.07929150760173798,0.8054731488227844,0.5985682010650635,0.004277751315385103,0.7526949048042297,0.4914901554584503,-0.03898138925433159,0.7241501808166504,0.530234694480896,-0.07092501223087311,0.7268773317337036,0.5810830593109131,-0.08667858690023422,0.8380757570266724,0.5738006234169006,-0.008623415604233742,0.7908427715301514,0.4292930066585541,-0.05599409341812134,0.7479031682014465,0.478975772857666,-0.08409208804368973,0.7399342060089111,0.5443395376205444,-0.09295246005058289,0.87392258644104,0.563068151473999,-0.028334489092230797,0.8286147117614746,0.43784552812576294,-0.06738441437482834,0.7867296934127808,0.4984782040119171,-0.08414749801158905,0.7799462676048279,0.5636343359947205,-0.08589266240596771,0.9138636589050293,0.5658265948295593,-0.050151579082012177,0.8629140853881836,0.5013160705566406,-0.07486037164926529,0.8216167688369751,0.5412980914115906,-0.0838560238480568,0.8082019686698914,0.5901743769645691,-0.08528074622154236,ओ
0.0,0.0,0.0,0.0,0.0,0.0,0.0,0.0,0.0,0.0,0.0,0.0,0.0,0.0,0.0,0.0,0.0,0.0,0.0,0.0,0.0,0.0,0.0,0.0,0.0,0.0,0.0,0.0,0.0,0.0,0.0,0.0,0.0,0.0,0.0,0.0,0.0,0.0,0.0,0.0,0.0,0.0,0.0,0.0,0.0,0.0,0.0,0.0,0.0,0.0,0.0,0.0,0.0,0.0,0.0,0.0,0.0,0.0,0.0,0.0,0.0,0.0,0.0,0.9381945133209229,0.7874722480773926,-4.885746420768555e-07,0.8600595593452454,0.7724878191947937,-0.0160985067486763,0.7897518873214722,0.7236666679382324,-0.03255714103579521,0.738378643989563,0.6763043999671936,-0.05502869933843613,0.7285956144332886,0.6142327785491943,-0.074025459587574,0.8004143238067627,0.5955222249031067,0.007471639197319746,0.7498032450675964,0.4911898672580719,-0.03336537256836891,0.7217327952384949,0.528559684753418,-0.06406751275062561,0.7252364158630371,0.5762757658958435,-0.07970473170280457,0.8343227505683899,0.5705887675285339,-0.0056136250495910645,0.7863755226135254,0.4317617118358612,-0.05146092548966408,0.745781660079956,0.48379945755004883,-0.07894839346408844,0.7407249212265015,0.5499075651168823,-0.0877414271235466,0.8713876008987427,0.5589048266410828,-0.02534186653792858,0.8272818326950073,0.4338618814945221,-0.06251885741949081,0.7855288982391357,0.491366982460022,-0.07946868985891342,0.7781875133514404,0.5557109117507935,-0.08232587575912476,0.9116677045822144,0.561421275138855,-0.047135643661022186,0.8605375289916992,0.5014221668243408,-0.07125347852706909,0.8188817501068115,0.5416862964630127,-0.08127573877573013,0.8038190007209778,0.5904793739318848,-0.08401136100292206,ओ
0.0,0.0,0.0,0.0,0.0,0.0,0.0,0.0,0.0,0.0,0.0,0.0,0.0,0.0,0.0,0.0,0.0,0.0,0.0,0.0,0.0,0.0,0.0,0.0,0.0,0.0,0.0,0.0,0.0,0.0,0.0,0.0,0.0,0.0,0.0,0.0,0.0,0.0,0.0,0.0,0.0,0.0,0.0,0.0,0.0,0.0,0.0,0.0,0.0,0.0,0.0,0.0,0.0,0.0,0.0,0.0,0.0,0.0,0.0,0.0,0.0,0.0,0.0,0.936532199382782,0.7860928773880005,-4.15496430150597e-07,0.8607960939407349,0.769669771194458,-0.020664293318986893,0.7887571454048157,0.724094569683075,-0.04025426134467125,0.7345475554466248,0.6735572814941406,-0.06481359899044037,0.7274056673049927,0.6023481488227844,-0.08542635291814804,0.7985841631889343,0.5983242988586426,0.002884026849642396,0.7498839497566223,0.4927171468734741,-0.03748781979084015,0.7217546105384827,0.525947630405426,-0.0675225555896759,0.724158763885498,0.5711816549301147,-0.08289484679698944,0.8323556184768677,0.5733464956283569,-0.007682087365537882,0.7866351008415222,0.4335128366947174,-0.0505041778087616,0.7462361454963684,0.47760674357414246,-0.07600061595439911,0.7389050126075745,0.5389558672904968,-0.08470985293388367,0.8699567317962646,0.5627740025520325,-0.025197334587574005,0.826521635055542,0.4358777403831482,-0.06139018386602402,0.7870413064956665,0.48918378353118896,-0.07696059346199036,0.7806036472320557,0.5525628924369812,-0.07945126295089722,0.9107772707939148,0.5663967132568359,-0.04504770785570145,0.859167218208313,0.5010876655578613,-0.06966783851385117,0.8197042942047119,0.5390409827232361,-0.07917211949825287,0.8071268200874329,0.5894221663475037,-0.08163638412952423,ओ
0.0,0.0,0.0,0.0,0.0,0.0,0.0,0.0,0.0,0.0,0.0,0.0,0.0,0.0,0.0,0.0,0.0,0.0,0.0,0.0,0.0,0.0,0.0,0.0,0.0,0.0,0.0,0.0,0.0,0.0,0.0,0.0,0.0,0.0,0.0,0.0,0.0,0.0,0.0,0.0,0.0,0.0,0.0,0.0,0.0,0.0,0.0,0.0,0.0,0.0,0.0,0.0,0.0,0.0,0.0,0.0,0.0,0.0,0.0,0.0,0.0,0.0,0.0,0.938359797000885,0.7856706380844116,-4.321768187764974e-07,0.8619566559791565,0.7688462734222412,-0.020073799416422844,0.7893775701522827,0.7212923169136047,-0.039158910512924194,0.7339345812797546,0.6718900203704834,-0.06343783438205719,0.7299636006355286,0.6036627888679504,-0.08377578854560852,0.8009929656982422,0.5928701758384705,0.004648803733289242,0.750055193901062,0.487067312002182,-0.03699785843491554,0.7212166786193848,0.5228225588798523,-0.0684654489159584,0.7230664491653442,0.57041335105896,-0.08461763709783554,0.8351139426231384,0.5679762363433838,-0.00649248156696558,0.7879800796508789,0.4273015260696411,-0.05199555307626724,0.7465292811393738,0.4745658338069916,-0.07979156821966171,0.739037036895752,0.5389947295188904,-0.08905934542417526,0.8728386163711548,0.5574175119400024,-0.024637684226036072,0.8280553221702576,0.4335182309150696,-0.061934467405080795,0.7856423854827881,0.4861951768398285,-0.07960140705108643,0.7768270373344421,0.5488995313644409,-0.08290847390890121,0.9136122465133667,0.5608522295951843,-0.04508976265788078,0.8625339269638062,0.4990050792694092,-0.0696711614727974,0.8203749060630798,0.5353057980537415,-0.08041545003652573,0.8044731616973877,0.5827782154083252,-0.08355212211608887,ओ
0.0,0.0,0.0,0.0,0.0,0.0,0.0,0.0,0.0,0.0,0.0,0.0,0.0,0.0,0.0,0.0,0.0,0.0,0.0,0.0,0.0,0.0,0.0,0.0,0.0,0.0,0.0,0.0,0.0,0.0,0.0,0.0,0.0,0.0,0.0,0.0,0.0,0.0,0.0,0.0,0.0,0.0,0.0,0.0,0.0,0.0,0.0,0.0,0.0,0.0,0.0,0.0,0.0,0.0,0.0,0.0,0.0,0.0,0.0,0.0,0.0,0.0,0.0,0.9409937858581543,0.7809850573539734,-4.1962556451835553e-07,0.8638973236083984,0.7648316025733948,-0.01976248249411583,0.7913693189620972,0.7153072357177734,-0.03821710869669914,0.7382172346115112,0.6630985736846924,-0.06214597448706627,0.727538526058197,0.592797577381134,-0.08237338811159134,0.8020543456077576,0.5888766050338745,0.00785760022699833,0.7518389821052551,0.48224061727523804,-0.03362278267741203,0.7220916748046875,0.5143141150474548,-0.06552811712026596,0.7221660017967224,0.5612515807151794,-0.0817563533782959,0.8358278274536133,0.5648382902145386,-0.003620825009420514,0.7901598215103149,0.42301177978515625,-0.04987296834588051,0.7487469911575317,0.4714401662349701,-0.0795702189207077,0.740818977355957,0.5371359586715698,-0.0897824764251709,0.8725927472114563,0.5540072917938232,-0.022239288315176964,0.8273828625679016,0.4298120439052582,-0.06010259687900543,0.7853076457977295,0.48368772864341736,-0.07966405153274536,0.7773250341415405,0.5476655960083008,-0.08401993662118912,0.9134726524353027,0.5553094148635864,-0.04309436306357384,0.8614500761032104,0.49293896555900574,-0.06785380095243454,0.8212050795555115,0.5286802053451538,-0.07937841862440109,0.8081921935081482,0.5753006339073181,-0.08303798735141754,ओ
0.0,0.0,0.0,0.0,0.0,0.0,0.0,0.0,0.0,0.0,0.0,0.0,0.0,0.0,0.0,0.0,0.0,0.0,0.0,0.0,0.0,0.0,0.0,0.0,0.0,0.0,0.0,0.0,0.0,0.0,0.0,0.0,0.0,0.0,0.0,0.0,0.0,0.0,0.0,0.0,0.0,0.0,0.0,0.0,0.0,0.0,0.0,0.0,0.0,0.0,0.0,0.0,0.0,0.0,0.0,0.0,0.0,0.0,0.0,0.0,0.0,0.0,0.0,0.9360803365707397,0.7771183848381042,-4.4632002982325503e-07,0.8589795827865601,0.7599687576293945,-0.01962721161544323,0.7885173559188843,0.7124360799789429,-0.03928185999393463,0.7350469827651978,0.661774754524231,-0.06437789648771286,0.7259291410446167,0.5936067700386047,-0.08569732308387756,0.7990443706512451,0.5854092240333557,0.0020647021010518074,0.7488647103309631,0.4774627387523651,-0.04047389328479767,0.7198610901832581,0.5129466652870178,-0.07111477851867676,0.7216982841491699,0.5603173971176147,-0.0864897221326828,0.8337169289588928,0.5605311393737793,-0.009675760753452778,0.7840473651885986,0.41962605714797974,-0.0563812181353569,0.7431743741035461,0.4721858501434326,-0.08263416588306427,0.7362993955612183,0.5369653105735779,-0.09054210036993027,0.8710317611694336,0.5494112372398376,-0.028341323137283325,0.82415372133255,0.42323797941207886,-0.0671524927020073,0.7837024927139282,0.4841415584087372,-0.08263849467039108,0.7768001556396484,0.549873948097229,-0.0840243473649025,0.9111185669898987,0.552336573600769,-0.049283143132925034,0.8581464886665344,0.49208346009254456,-0.07486626505851746,0.8162828087806702,0.5323704481124878,-0.08504268527030945,0.8005884885787964,0.5805044770240784,-0.08759824186563492,ओ
0.0,0.0,0.0,0.0,0.0,0.0,0.0,0.0,0.0,0.0,0.0,0.0,0.0,0.0,0.0,0.0,0.0,0.0,0.0,0.0,0.0,0.0,0.0,0.0,0.0,0.0,0.0,0.0,0.0,0.0,0.0,0.0,0.0,0.0,0.0,0.0,0.0,0.0,0.0,0.0,0.0,0.0,0.0,0.0,0.0,0.0,0.0,0.0,0.0,0.0,0.0,0.0,0.0,0.0,0.0,0.0,0.0,0.0,0.0,0.0,0.0,0.0,0.0,0.9365164637565613,0.7817918658256531,-4.273253182418557e-07,0.8593390583992004,0.7639144659042358,-0.01875392161309719,0.7875621318817139,0.7161483764648438,-0.03658021613955498,0.735616147518158,0.6683710813522339,-0.05992458388209343,0.7216982245445251,0.6022433638572693,-0.07929394394159317,0.7968999743461609,0.5879952311515808,0.006221009884029627,0.744195818901062,0.48688793182373047,-0.03577084466814995,0.7171308994293213,0.5220836997032166,-0.0675087720155716,0.7223682999610901,0.5720174312591553,-0.08280973136425018,0.8297564387321472,0.56236732006073,-0.0053404634818434715,0.781442403793335,0.4250258803367615,-0.04980981722474098,0.7403205037117004,0.4701071083545685,-0.07664481550455093,0.7350212335586548,0.5363186597824097,-0.08480983227491379,0.8668952584266663,0.5513354539871216,-0.024004153907299042,0.8207700848579407,0.4285928010940552,-0.06021600216627121,0.7789452075958252,0.4792529046535492,-0.07659289985895157,0.7723804712295532,0.542901873588562,-0.07876083999872208,0.9072892665863037,0.554558277130127,-0.045008882880210876,0.8542884588241577,0.4929262697696686,-0.069207563996315,0.8121999502182007,0.5281379222869873,-0.07858055084943771,0.7978454828262329,0.5769572854042053,-0.08007039874792099,ओ
0.0,0.0,0.0,0.0,0.0,0.0,0.0,0.0,0.0,0.0,0.0,0.0,0.0,0.0,0.0,0.0,0.0,0.0,0.0,0.0,0.0,0.0,0.0,0.0,0.0,0.0,0.0,0.0,0.0,0.0,0.0,0.0,0.0,0.0,0.0,0.0,0.0,0.0,0.0,0.0,0.0,0.0,0.0,0.0,0.0,0.0,0.0,0.0,0.0,0.0,0.0,0.0,0.0,0.0,0.0,0.0,0.0,0.0,0.0,0.0,0.0,0.0,0.0,0.9343329668045044,0.7759239673614502,-3.9843007471063174e-07,0.8567844033241272,0.7529765367507935,-0.018602846190333366,0.7855463624000549,0.7053008675575256,-0.03777165338397026,0.7304356694221497,0.6535898447036743,-0.06274183839559555,0.7227039933204651,0.5817042589187622,-0.08372418582439423,0.7970728874206543,0.5804039835929871,0.00886654295027256,0.7500895857810974,0.4756150245666504,-0.03236506134271622,0.7199952006340027,0.5044071674346924,-0.06350195407867432,0.7190979719161987,0.5479392409324646,-0.07923509180545807,0.8297023773193359,0.5565622448921204,-0.0027310573495924473,0.7842633724212646,0.4183844029903412,-0.04691203311085701,0.742946207523346,0.4604859948158264,-0.07335712015628815,0.7332832217216492,0.5214382410049438,-0.08183801919221878,0.8665974736213684,0.5458340048789978,-0.021666524931788445,0.8225329518318176,0.4219051003456116,-0.05802002549171448,0.7805363535881042,0.472500741481781,-0.07423315942287445,0.770655632019043,0.5351452231407166,-0.07651779800653458,0.9073964357376099,0.5482678413391113,-0.04296845942735672,0.8552613854408264,0.4855271577835083,-0.0666959136724472,0.8125021457672119,0.5200421810150146,-0.0768473818898201,0.7952963709831238,0.5674488544464111,-0.0795271024107933,ओ
0.0,0.0,0.0,0.0,0.0,0.0,0.0,0.0,0.0,0.0,0.0,0.0,0.0,0.0,0.0,0.0,0.0,0.0,0.0,0.0,0.0,0.0,0.0,0.0,0.0,0.0,0.0,0.0,0.0,0.0,0.0,0.0,0.0,0.0,0.0,0.0,0.0,0.0,0.0,0.0,0.0,0.0,0.0,0.0,0.0,0.0,0.0,0.0,0.0,0.0,0.0,0.0,0.0,0.0,0.0,0.0,0.0,0.0,0.0,0.0,0.0,0.0,0.0,0.931593656539917,0.773064136505127,-4.767807126881962e-07,0.853766143321991,0.7567949295043945,-0.014029158279299736,0.7841760516166687,0.7093365788459778,-0.029518762603402138,0.7306907773017883,0.6651830673217773,-0.05121251195669174,0.7206677198410034,0.6055334806442261,-0.06922844797372818,0.7962088584899902,0.578982949256897,0.009137430228292942,0.7462998628616333,0.4749425947666168,-0.0303785540163517,0.7182444930076599,0.5139567852020264,-0.060292016714811325,0.7205707430839539,0.5642347931861877,-0.07526960968971252,0.8292882442474365,0.5554636716842651,-0.004004346672445536,0.7817041873931885,0.4188285171985626,-0.046635713428258896,0.7398683428764343,0.4649235010147095,-0.07213132828474045,0.7314979434013367,0.5279868245124817,-0.08030400425195694,0.8657442927360535,0.5452710390090942,-0.023674407973885536,0.8206092119216919,0.42283034324645996,-0.05788023769855499,0.7778481841087341,0.4756387770175934,-0.07290344685316086,0.7676234841346741,0.537499725818634,-0.07505948841571808,0.9042462706565857,0.5499069690704346,-0.045405007898807526,0.8518848419189453,0.48986172676086426,-0.06760089844465256,0.8086075186729431,0.5269937515258789,-0.07635211199522018,0.790887176990509,0.5735163688659668,-0.07837039232254028,ओ
0.0,0.0,0.0,0.0,0.0,0.0,0.0,0.0,0.0,0.0,0.0,0.0,0.0,0.0,0.0,0.0,0.0,0.0,0.0,0.0,0.0,0.0,0.0,0.0,0.0,0.0,0.0,0.0,0.0,0.0,0.0,0.0,0.0,0.0,0.0,0.0,0.0,0.0,0.0,0.0,0.0,0.0,0.0,0.0,0.0,0.0,0.0,0.0,0.0,0.0,0.0,0.0,0.0,0.0,0.0,0.0,0.0,0.0,0.0,0.0,0.0,0.0,0.0,0.933174729347229,0.77031409740448,-4.266593407464825e-07,0.8573423027992249,0.7540156245231628,-0.016017992049455643,0.7853225469589233,0.7085996866226196,-0.03332017362117767,0.7309541702270508,0.6595796942710876,-0.05643073096871376,0.7210994362831116,0.588924765586853,-0.07549422979354858,0.7983365654945374,0.5800506472587585,0.008701973594725132,0.7480453848838806,0.47907647490501404,-0.03016282245516777,0.7154954075813293,0.5133069753646851,-0.05855664610862732,0.7130613923072815,0.5588934421539307,-0.0723266750574112,0.8297557830810547,0.5575767159461975,-0.0035960213281214237,0.7828275561332703,0.4208536148071289,-0.0448467880487442,0.7387087941169739,0.4666808843612671,-0.0678950697183609,0.7284584045410156,0.5267091989517212,-0.07407596707344055,0.8652517199516296,0.5480421781539917,-0.02272060699760914,0.8181429505348206,0.42670753598213196,-0.05718449875712395,0.7747958302497864,0.4812730848789215,-0.07004993408918381,0.7660468220710754,0.5417407751083374,-0.06997103989124298,0.903233528137207,0.5514267683029175,-0.043980564922094345,0.8477259278297424,0.4907340407371521,-0.0663117989897728,0.8062079548835754,0.5293435454368591,-0.07348013669252396,0.793191134929657,0.5765233635902405,-0.07373940199613571,ओ
0.0,0.0,0.0,0.0,0.0,0.0,0.0,0.0,0.0,0.0,0.0,0.0,0.0,0.0,0.0,0.0,0.0,0.0,0.0,0.0,0.0,0.0,0.0,0.0,0.0,0.0,0.0,0.0,0.0,0.0,0.0,0.0,0.0,0.0,0.0,0.0,0.0,0.0,0.0,0.0,0.0,0.0,0.0,0.0,0.0,0.0,0.0,0.0,0.0,0.0,0.0,0.0,0.0,0.0,0.0,0.0,0.0,0.0,0.0,0.0,0.0,0.0,0.0,0.9320336580276489,0.7716708779335022,-4.2650563614188286e-07,0.8539093732833862,0.7533962726593018,-0.01538383960723877,0.7826347351074219,0.707256555557251,-0.03199947252869606,0.7277171611785889,0.6601211428642273,-0.05448092147707939,0.7205280065536499,0.5909959077835083,-0.07312501221895218,0.7961003184318542,0.5791279673576355,0.009391779080033302,0.7460381984710693,0.47863999009132385,-0.02989606000483036,0.7145129442214966,0.5119890570640564,-0.05885924771428108,0.7131144404411316,0.5574599504470825,-0.07308170944452286,0.8284779191017151,0.5552563071250916,-0.0031615623738616705,0.7823081612586975,0.42075464129447937,-0.044652827084064484,0.7391964197158813,0.46495866775512695,-0.0679410994052887,0.729236900806427,0.5255800485610962,-0.07435092329978943,0.8651509881019592,0.5447511672973633,-0.022582486271858215,0.8188760280609131,0.4248911738395691,-0.05766573175787926,0.7752387523651123,0.47732609510421753,-0.07082967460155487,0.7648719549179077,0.5375126004219055,-0.07094676047563553,0.9037057757377625,0.5479978919029236,-0.044061169028282166,0.8477720618247986,0.4910752773284912,-0.06764594465494156,0.8060964345932007,0.5296406745910645,-0.07545799762010574,0.7914531230926514,0.5764185190200806,-0.0759083703160286,ओ
0.0,0.0,0.0,0.0,0.0,0.0,0.0,0.0,0.0,0.0,0.0,0.0,0.0,0.0,0.0,0.0,0.0,0.0,0.0,0.0,0.0,0.0,0.0,0.0,0.0,0.0,0.0,0.0,0.0,0.0,0.0,0.0,0.0,0.0,0.0,0.0,0.0,0.0,0.0,0.0,0.0,0.0,0.0,0.0,0.0,0.0,0.0,0.0,0.0,0.0,0.0,0.0,0.0,0.0,0.0,0.0,0.0,0.0,0.0,0.0,0.0,0.0,0.0,0.9384908676147461,0.7751320600509644,-4.541313103345601e-07,0.8567367792129517,0.7593194842338562,-0.013142230920493603,0.7830584645271301,0.7129528522491455,-0.028593052178621292,0.7284631133079529,0.6667988300323486,-0.05057869106531143,0.717281699180603,0.6006265878677368,-0.06863050907850266,0.7977242469787598,0.5834025740623474,0.012170983478426933,0.7471738457679749,0.48066961765289307,-0.02733289822936058,0.7161757946014404,0.5170575976371765,-0.05689779669046402,0.7147427201271057,0.5655768513679504,-0.07163956761360168,0.8294074535369873,0.5604390501976013,-0.0021782692056149244,0.7818629145622253,0.42310258746147156,-0.045321252197027206,0.7382332682609558,0.46980708837509155,-0.07074148207902908,0.7278933525085449,0.5318571329116821,-0.07849079370498657,0.8650654554367065,0.5503236055374146,-0.023295780643820763,0.8175028562545776,0.4300615191459656,-0.05927155539393425,0.7737652659416199,0.4851418733596802,-0.07447602599859238,0.7637439370155334,0.5472397208213806,-0.07595258206129074,0.9026474356651306,0.5536873936653137,-0.04630376398563385,0.8471319079399109,0.4961668848991394,-0.06996886432170868,0.8040636777877808,0.5351323485374451,-0.07884947210550308,0.7880715727806091,0.582149088382721,-0.08038806170225143,ओ
0.0,0.0,0.0,0.0,0.0,0.0,0.0,0.0,0.0,0.0,0.0,0.0,0.0,0.0,0.0,0.0,0.0,0.0,0.0,0.0,0.0,0.0,0.0,0.0,0.0,0.0,0.0,0.0,0.0,0.0,0.0,0.0,0.0,0.0,0.0,0.0,0.0,0.0,0.0,0.0,0.0,0.0,0.0,0.0,0.0,0.0,0.0,0.0,0.0,0.0,0.0,0.0,0.0,0.0,0.0,0.0,0.0,0.0,0.0,0.0,0.0,0.0,0.0,0.9300128817558289,0.770233154296875,-4.3390318182900955e-07,0.8551693558692932,0.7548167705535889,-0.0181572362780571,0.7827817797660828,0.7115964293479919,-0.03755948320031166,0.7288239002227783,0.6660765409469604,-0.06224293261766434,0.7201091647148132,0.5966660976409912,-0.08281124383211136,0.792820155620575,0.578701913356781,0.002324900822713971,0.7425065040588379,0.4769464135169983,-0.03919091820716858,0.7125792503356934,0.5170828104019165,-0.06909389048814774,0.7129952311515808,0.5672950744628906,-0.08373354375362396,0.8267347812652588,0.5558947324752808,-0.009745731949806213,0.7788316011428833,0.419517457485199,-0.05354292690753937,0.736225962638855,0.4704802632331848,-0.07738455384969711,0.7279622554779053,0.5340531468391418,-0.0839044451713562,0.8640826344490051,0.5469661355018616,-0.028564108535647392,0.8166719675064087,0.4260624051094055,-0.06463447213172913,0.7742779850959778,0.48305651545524597,-0.07726608961820602,0.765888512134552,0.5448377728462219,-0.07697045803070068,0.9037930965423584,0.5510382652282715,-0.049620628356933594,0.8481842875480652,0.4926862120628357,-0.07323267310857773,0.805505633354187,0.5313035845756531,-0.08077152818441391,0.7902141809463501,0.5771910548210144,-0.08115553855895996,ओ
0.0,0.0,0.0,0.0,0.0,0.0,0.0,0.0,0.0,0.0,0.0,0.0,0.0,0.0,0.0,0.0,0.0,0.0,0.0,0.0,0.0,0.0,0.0,0.0,0.0,0.0,0.0,0.0,0.0,0.0,0.0,0.0,0.0,0.0,0.0,0.0,0.0,0.0,0.0,0.0,0.0,0.0,0.0,0.0,0.0,0.0,0.0,0.0,0.0,0.0,0.0,0.0,0.0,0.0,0.0,0.0,0.0,0.0,0.0,0.0,0.0,0.0,0.0,0.9318757653236389,0.7696665525436401,-4.3745478706114227e-07,0.8551849722862244,0.7547451853752136,-0.015897011384367943,0.7832667827606201,0.7108844518661499,-0.033313583582639694,0.7285736799240112,0.6644477844238281,-0.05631900951266289,0.7191752791404724,0.5948567390441895,-0.07554679363965988,0.7946348190307617,0.5812492966651917,0.007756232749670744,0.7450377345085144,0.4808153510093689,-0.03196931630373001,0.7138213515281677,0.5162749886512756,-0.06185043975710869,0.710570216178894,0.5623090267181396,-0.07688259333372116,0.8273619413375854,0.5581597089767456,-0.004605512134730816,0.7807502150535583,0.42269203066825867,-0.04730167239904404,0.7378343343734741,0.4693148136138916,-0.07229796797037125,0.7267013788223267,0.530001699924469,-0.0801195427775383,0.8637679219245911,0.5477835536003113,-0.02363591454923153,0.8181074857711792,0.4273933172225952,-0.05871861055493355,0.7752222418785095,0.4797474443912506,-0.07322243601083755,0.763954222202301,0.5393731594085693,-0.07467663288116455,0.9030753970146179,0.5495189428329468,-0.04471449926495552,0.849669337272644,0.4898642897605896,-0.06729581207036972,0.8065863847732544,0.5245389938354492,-0.075800821185112,0.7881693840026855,0.5672143697738647,-0.07744979858398438,ओ
0.0,0.0,0.0,0.0,0.0,0.0,0.0,0.0,0.0,0.0,0.0,0.0,0.0,0.0,0.0,0.0,0.0,0.0,0.0,0.0,0.0,0.0,0.0,0.0,0.0,0.0,0.0,0.0,0.0,0.0,0.0,0.0,0.0,0.0,0.0,0.0,0.0,0.0,0.0,0.0,0.0,0.0,0.0,0.0,0.0,0.0,0.0,0.0,0.0,0.0,0.0,0.0,0.0,0.0,0.0,0.0,0.0,0.0,0.0,0.0,0.0,0.0,0.0,0.9326421022415161,0.7708677053451538,-4.238363544573076e-07,0.8561774492263794,0.7548346519470215,-0.01694919355213642,0.7837282419204712,0.7096409201622009,-0.03528762236237526,0.7285457849502563,0.6613810658454895,-0.059311285614967346,0.7186855673789978,0.5910201072692871,-0.07968311011791229,0.7954971790313721,0.5815524458885193,0.005860830191522837,0.7446863055229187,0.4824095666408539,-0.03553784638643265,0.714115560054779,0.5157199501991272,-0.06584615260362625,0.7134177088737488,0.5618577599525452,-0.08071990311145782,0.8280168175697327,0.5571296811103821,-0.006450585089623928,0.7812063097953796,0.42245662212371826,-0.04978858679533005,0.7389771938323975,0.4668750762939453,-0.07388485968112946,0.729217529296875,0.527198076248169,-0.08078470826148987,0.8642165064811707,0.5467275977134705,-0.025711551308631897,0.8165081739425659,0.42917782068252563,-0.06220901384949684,0.7744344472885132,0.48391202092170715,-0.07568863779306412,0.7646474242210388,0.5444343090057373,-0.07595784962177277,0.9027004241943359,0.5492473244667053,-0.04710325226187706,0.8471109867095947,0.4942712187767029,-0.07114721089601517,0.8058743476867676,0.5326311588287354,-0.07918636500835419,0.7902781963348389,0.577718198299408,-0.07999217510223389,ओ
0.0,0.0,0.0,0.0,0.0,0.0,0.0,0.0,0.0,0.0,0.0,0.0,0.0,0.0,0.0,0.0,0.0,0.0,0.0,0.0,0.0,0.0,0.0,0.0,0.0,0.0,0.0,0.0,0.0,0.0,0.0,0.0,0.0,0.0,0.0,0.0,0.0,0.0,0.0,0.0,0.0,0.0,0.0,0.0,0.0,0.0,0.0,0.0,0.0,0.0,0.0,0.0,0.0,0.0,0.0,0.0,0.0,0.0,0.0,0.0,0.0,0.0,0.0,0.939740777015686,0.7712157368659973,-4.546963054963271e-07,0.8571032285690308,0.7547184824943542,-0.014898962341248989,0.7845149636268616,0.7107385396957397,-0.030811702832579613,0.7281427383422852,0.6617839932441711,-0.053092893213033676,0.7153275609016418,0.5925432443618774,-0.07113189250230789,0.7978836297988892,0.5860226154327393,0.014171510003507137,0.7472507953643799,0.48230740427970886,-0.025229360908269882,0.7163490653038025,0.5160396695137024,-0.055069196969270706,0.7146960496902466,0.5625655055046082,-0.06981723755598068,0.8290382623672485,0.5608618259429932,0.0016037949826568365,0.7806312441825867,0.42452871799468994,-0.040774911642074585,0.7377794981002808,0.46891114115715027,-0.06632226705551147,0.7272893786430359,0.5293023586273193,-0.07428855448961258,0.8643414378166199,0.548059344291687,-0.018069766461849213,0.8164640069007874,0.42775654792785645,-0.053516000509262085,0.7746466994285583,0.4828234910964966,-0.0683610588312149,0.7658016085624695,0.5460426211357117,-0.06951656937599182,0.9021751880645752,0.5484329462051392,-0.039845921099185944,0.8464367389678955,0.4920259714126587,-0.06280292570590973,0.8040599226951599,0.5307146310806274,-0.07153208553791046,0.7888103723526001,0.5780551433563232,-0.07294541597366333,ओ
0.0,0.0,0.0,0.0,0.0,0.0,0.0,0.0,0.0,0.0,0.0,0.0,0.0,0.0,0.0,0.0,0.0,0.0,0.0,0.0,0.0,0.0,0.0,0.0,0.0,0.0,0.0,0.0,0.0,0.0,0.0,0.0,0.0,0.0,0.0,0.0,0.0,0.0,0.0,0.0,0.0,0.0,0.0,0.0,0.0,0.0,0.0,0.0,0.0,0.0,0.0,0.0,0.0,0.0,0.0,0.0,0.0,0.0,0.0,0.0,0.0,0.0,0.0,0.9335771799087524,0.7712730169296265,-4.3864113763447676e-07,0.855904757976532,0.7559701204299927,-0.01732136681675911,0.7838132977485657,0.711310625076294,-0.03525962308049202,0.7283787727355957,0.6645129919052124,-0.05888242647051811,0.7169721126556396,0.5964717864990234,-0.0785163938999176,0.7974810600280762,0.5850008130073547,0.005359821021556854,0.7459757924079895,0.4796656668186188,-0.03676684573292732,0.715391218662262,0.5148825645446777,-0.06753776222467422,0.7155541181564331,0.5635356903076172,-0.08250433951616287,0.8290895819664001,0.5601998567581177,-0.00671444833278656,0.781535267829895,0.42096006870269775,-0.05173467472195625,0.7384101152420044,0.46613189578056335,-0.07792196422815323,0.7289907932281494,0.5278217792510986,-0.08591607958078384,0.8647267818450928,0.5483048558235168,-0.025649569928646088,0.8168438673019409,0.4270681142807007,-0.06325594335794449,0.7745237946510315,0.48279422521591187,-0.07923094928264618,0.7661427855491638,0.5460601449012756,-0.08077431470155716,0.9035653471946716,0.5492580533027649,-0.04662419855594635,0.8485063910484314,0.49159568548202515,-0.07144659012556076,0.805745005607605,0.5296813249588013,-0.08113674819469452,0.7902581691741943,0.5767142176628113,-0.08291742205619812,ओ
0.0,0.0,0.0,0.0,0.0,0.0,0.0,0.0,0.0,0.0,0.0,0.0,0.0,0.0,0.0,0.0,0.0,0.0,0.0,0.0,0.0,0.0,0.0,0.0,0.0,0.0,0.0,0.0,0.0,0.0,0.0,0.0,0.0,0.0,0.0,0.0,0.0,0.0,0.0,0.0,0.0,0.0,0.0,0.0,0.0,0.0,0.0,0.0,0.0,0.0,0.0,0.0,0.0,0.0,0.0,0.0,0.0,0.0,0.0,0.0,0.0,0.0,0.0,0.9360083341598511,0.7732858657836914,-4.364814287782792e-07,0.8565552830696106,0.7554492354393005,-0.015097393654286861,0.7833017706871033,0.7113320231437683,-0.03188806399703026,0.7279524207115173,0.6684373021125793,-0.05486690625548363,0.7177334427833557,0.6019505262374878,-0.07382228970527649,0.7969405055046082,0.5833359360694885,0.009222174994647503,0.7458457946777344,0.4807775020599365,-0.031033003702759743,0.7165933847427368,0.5181891322135925,-0.060955606400966644,0.7169204950332642,0.5674203038215637,-0.07566916197538376,0.8283644318580627,0.5593363642692566,-0.003930529113858938,0.779949963092804,0.4216194748878479,-0.04680758714675903,0.7372946739196777,0.4670330584049225,-0.07203485071659088,0.7278876900672913,0.5286118388175964,-0.07975450158119202,0.8642295002937317,0.5489366054534912,-0.023910054937005043,0.8158350586891174,0.42714977264404297,-0.05972207710146904,0.7729535102844238,0.48269420862197876,-0.07461651414632797,0.7640612125396729,0.5459601879119873,-0.07584031671285629,0.9027284383773804,0.5525954961776733,-0.04587521404027939,0.8473904728889465,0.49306365847587585,-0.06945433467626572,0.8047053217887878,0.5326212644577026,-0.07800576835870743,0.7897294163703918,0.5814192295074463,-0.07921715825796127,ओ
0.0,0.0,0.0,0.0,0.0,0.0,0.0,0.0,0.0,0.0,0.0,0.0,0.0,0.0,0.0,0.0,0.0,0.0,0.0,0.0,0.0,0.0,0.0,0.0,0.0,0.0,0.0,0.0,0.0,0.0,0.0,0.0,0.0,0.0,0.0,0.0,0.0,0.0,0.0,0.0,0.0,0.0,0.0,0.0,0.0,0.0,0.0,0.0,0.0,0.0,0.0,0.0,0.0,0.0,0.0,0.0,0.0,0.0,0.0,0.0,0.0,0.0,0.0,0.9305850863456726,0.7644914388656616,-4.411342899857118e-07,0.8535951972007751,0.7520790696144104,-0.01809193752706051,0.7822825312614441,0.7099803686141968,-0.03564397618174553,0.7279183268547058,0.6649941802024841,-0.058684684336185455,0.7147290110588074,0.5989388227462769,-0.07756926119327545,0.7882804870605469,0.5808460116386414,0.007563656661659479,0.738217294216156,0.4792008399963379,-0.03231499344110489,0.7095655798912048,0.5192877650260925,-0.062192924320697784,0.713364839553833,0.5688413977622986,-0.0771024152636528,0.8201167583465576,0.5559654831886292,-0.003813236951828003,0.7723986506462097,0.4199649393558502,-0.046812981367111206,0.7316363453865051,0.4715442359447479,-0.07244973629713058,0.7263630032539368,0.5356023907661438,-0.08029934763908386,0.8557450175285339,0.545238196849823,-0.022111570462584496,0.8103187084197998,0.42484384775161743,-0.05673427879810333,0.7688080072402954,0.48003846406936646,-0.07228732109069824,0.7622397541999817,0.541888415813446,-0.07453250885009766,0.8947741985321045,0.5479010343551636,-0.042738042771816254,0.8427861928939819,0.4877435266971588,-0.0648423358798027,0.8013620972633362,0.5254849195480347,-0.07380425184965134,0.7875285148620605,0.5723168253898621,-0.07583533227443695,ओ
0.0,0.0,0.0,0.0,0.0,0.0,0.0,0.0,0.0,0.0,0.0,0.0,0.0,0.0,0.0,0.0,0.0,0.0,0.0,0.0,0.0,0.0,0.0,0.0,0.0,0.0,0.0,0.0,0.0,0.0,0.0,0.0,0.0,0.0,0.0,0.0,0.0,0.0,0.0,0.0,0.0,0.0,0.0,0.0,0.0,0.0,0.0,0.0,0.0,0.0,0.0,0.0,0.0,0.0,0.0,0.0,0.0,0.0,0.0,0.0,0.0,0.0,0.0,0.9363584518432617,0.7653674483299255,-4.3839202135131927e-07,0.8582897186279297,0.7552742958068848,-0.014092639088630676,0.7830674052238464,0.7108480930328369,-0.029116136953234673,0.7290362119674683,0.6669192910194397,-0.0502394400537014,0.7166789770126343,0.5994652509689331,-0.06725762784481049,0.7913884520530701,0.5842875242233276,0.009274415671825409,0.7391608357429504,0.4807015657424927,-0.029944807291030884,0.7061343193054199,0.5149841904640198,-0.05802148953080177,0.7061013579368591,0.5609046220779419,-0.07112880051136017,0.8220170140266418,0.5595642924308777,-0.003896344918757677,0.7699359059333801,0.4225970506668091,-0.046608101576566696,0.7271093726158142,0.4748725891113281,-0.06998608261346817,0.7239388227462769,0.5398758053779602,-0.07518415153026581,0.8566735982894897,0.5474852919578552,-0.02357623726129532,0.8071025013923645,0.42488935589790344,-0.05765845999121666,0.7642243504524231,0.47995448112487793,-0.07034771889448166,0.7604895830154419,0.5422995090484619,-0.06938698142766953,0.8945671319961548,0.5476143956184387,-0.04533400759100914,0.8394328355789185,0.482151597738266,-0.06689833849668503,0.7974612712860107,0.5159485936164856,-0.07357776165008545,0.7866109013557434,0.560093343257904,-0.0727911964058876,ओ
0.0,0.0,0.0,0.0,0.0,0.0,0.0,0.0,0.0,0.0,0.0,0.0,0.0,0.0,0.0,0.0,0.0,0.0,0.0,0.0,0.0,0.0,0.0,0.0,0.0,0.0,0.0,0.0,0.0,0.0,0.0,0.0,0.0,0.0,0.0,0.0,0.0,0.0,0.0,0.0,0.0,0.0,0.0,0.0,0.0,0.0,0.0,0.0,0.0,0.0,0.0,0.0,0.0,0.0,0.0,0.0,0.0,0.0,0.0,0.0,0.0,0.0,0.0,0.9331827163696289,0.7634316086769104,-4.1543168549651455e-07,0.8546807169914246,0.7524012923240662,-0.01614062860608101,0.7806342840194702,0.7121161222457886,-0.03271735459566116,0.7268669009208679,0.6669949889183044,-0.055450115352869034,0.7158200740814209,0.5974411964416504,-0.0739363580942154,0.7884197235107422,0.5856121778488159,0.009845581836998463,0.7320003509521484,0.4914179742336273,-0.029601315036416054,0.7019819021224976,0.5236379504203796,-0.058480843901634216,0.7080287933349609,0.5679178833961487,-0.07182858139276505,0.8167768120765686,0.5585328340530396,-0.0020163152366876602,0.7619770765304565,0.4310232996940613,-0.04096018895506859,0.7228916883468628,0.4778718650341034,-0.06162278354167938,0.7233600616455078,0.5394286513328552,-0.06602279096841812,0.850892186164856,0.5446118712425232,-0.020985029637813568,0.7988380193710327,0.4231782555580139,-0.05232631415128708,0.7577301263809204,0.47451797127723694,-0.061233144253492355,0.7568138241767883,0.537197470664978,-0.05849720537662506,0.8882989883422852,0.5445333123207092,-0.042643412947654724,0.8320747017860413,0.4783796966075897,-0.0633338987827301,0.7902269959449768,0.5115938782691956,-0.0681053027510643,0.7804966568946838,0.5591779351234436,-0.06586356461048126,ओ
0.0,0.0,0.0,0.0,0.0,0.0,0.0,0.0,0.0,0.0,0.0,0.0,0.0,0.0,0.0,0.0,0.0,0.0,0.0,0.0,0.0,0.0,0.0,0.0,0.0,0.0,0.0,0.0,0.0,0.0,0.0,0.0,0.0,0.0,0.0,0.0,0.0,0.0,0.0,0.0,0.0,0.0,0.0,0.0,0.0,0.0,0.0,0.0,0.0,0.0,0.0,0.0,0.0,0.0,0.0,0.0,0.0,0.0,0.0,0.0,0.0,0.0,0.0,0.9324977993965149,0.758831799030304,-4.024080908493488e-07,0.8549623489379883,0.7498586177825928,-0.013424170203506947,0.7807608842849731,0.7117710709571838,-0.028096945956349373,0.7290389537811279,0.6718096733093262,-0.04897034913301468,0.7128897905349731,0.610889196395874,-0.06651632487773895,0.7852198481559753,0.5863364338874817,0.010631877928972244,0.7301928400993347,0.5001786947250366,-0.026760727167129517,0.698977530002594,0.528602123260498,-0.055874474346637726,0.7013750076293945,0.5713527202606201,-0.06995789706707001,0.8117028474807739,0.5575228929519653,-0.002204708056524396,0.7572606205940247,0.43806177377700806,-0.03850756585597992,0.7193716168403625,0.4787081480026245,-0.06014180928468704,0.718897819519043,0.5396462082862854,-0.06670811772346497,0.8449451923370361,0.5417903661727905,-0.021600505337119102,0.792426347732544,0.4248329699039459,-0.0503099225461483,0.7517411112785339,0.47060495615005493,-0.06114071607589722,0.7487694025039673,0.532789945602417,-0.06140024587512016,0.8830670714378357,0.5401895046234131,-0.043361324816942215,0.828470766544342,0.4744177758693695,-0.062267549335956573,0.7871986031532288,0.5042484998703003,-0.06728080660104752,0.7752199769020081,0.5512933135032654,-0.06639548391103745,ओ
0.0,0.0,0.0,0.0,0.0,0.0,0.0,0.0,0.0,0.0,0.0,0.0,0.0,0.0,0.0,0.0,0.0,0.0,0.0,0.0,0.0,0.0,0.0,0.0,0.0,0.0,0.0,0.0,0.0,0.0,0.0,0.0,0.0,0.0,0.0,0.0,0.0,0.0,0.0,0.0,0.0,0.0,0.0,0.0,0.0,0.0,0.0,0.0,0.0,0.0,0.0,0.0,0.0,0.0,0.0,0.0,0.0,0.0,0.0,0.0,0.0,0.0,0.0,0.9349434971809387,0.755326509475708,-4.20510332332924e-07,0.852651059627533,0.7501906156539917,-0.011102570220828056,0.7746632099151611,0.7097836136817932,-0.023797854781150818,0.7212575078010559,0.6648409962654114,-0.043572090566158295,0.7096824049949646,0.5995838046073914,-0.05932454764842987,0.7837235331535339,0.5785831809043884,0.020014435052871704,0.7267785668373108,0.49616652727127075,-0.015894340351223946,0.6936766505241394,0.5272979736328125,-0.04497964307665825,0.6944625973701477,0.5725992321968079,-0.059206753969192505,0.8084130883216858,0.5519008636474609,0.006296878680586815,0.7530093193054199,0.43720027804374695,-0.029478974640369415,0.7125938534736633,0.4804997444152832,-0.05152607336640358,0.7113135457038879,0.5426570177078247,-0.05810976400971413,0.84046471118927,0.5368932485580444,-0.014420096762478352,0.7868214845657349,0.4248117506504059,-0.04230331629514694,0.7428932785987854,0.471939355134964,-0.05400703474879265,0.7380159497261047,0.5348809957504272,-0.05464775487780571,0.8771470785140991,0.5359593629837036,-0.03757081925868988,0.8231580853462219,0.4701685905456543,-0.0553290881216526,0.7795184850692749,0.5004494786262512,-0.06082332134246826,0.7652942538261414,0.5490433573722839,-0.06029032543301582,ओ
0.0,0.0,0.0,0.0,0.0,0.0,0.0,0.0,0.0,0.0,0.0,0.0,0.0,0.0,0.0,0.0,0.0,0.0,0.0,0.0,0.0,0.0,0.0,0.0,0.0,0.0,0.0,0.0,0.0,0.0,0.0,0.0,0.0,0.0,0.0,0.0,0.0,0.0,0.0,0.0,0.0,0.0,0.0,0.0,0.0,0.0,0.0,0.0,0.0,0.0,0.0,0.0,0.0,0.0,0.0,0.0,0.0,0.0,0.0,0.0,0.0,0.0,0.0,0.9338437914848328,0.7560772895812988,-4.363006382845924e-07,0.8519278764724731,0.7490962147712708,-0.008184322156012058,0.7744433283805847,0.7084668278694153,-0.019027404487133026,0.7210189700126648,0.6670414209365845,-0.03727858141064644,0.7094340324401855,0.6065384745597839,-0.05203995108604431,0.7808216214179993,0.5818422436714172,0.022148260846734047,0.7220259308815002,0.5007451772689819,-0.011875289492309093,0.6894205212593079,0.5307313203811646,-0.039866041392087936,0.6891146898269653,0.5744200944900513,-0.05359470471739769,0.8052268028259277,0.5539847016334534,0.007852574810385704,0.7465161085128784,0.44284236431121826,-0.025916768237948418,0.7066541910171509,0.48386645317077637,-0.0476754754781723,0.7044109106063843,0.5446212887763977,-0.05454606935381889,0.8366079926490784,0.5377172231674194,-0.012912792153656483,0.780870258808136,0.4261825382709503,-0.03950272873044014,0.738714873790741,0.4700239598751068,-0.05079922825098038,0.7338072657585144,0.5321865677833557,-0.05145527794957161,0.8720479607582092,0.535415530204773,-0.03578469157218933,0.8174059987068176,0.47169965505599976,-0.05314730852842331,0.7758159041404724,0.4970501661300659,-0.05826249346137047,0.7621073126792908,0.5412597060203552,-0.0574081651866436,ओ
0.0,0.0,0.0,0.0,0.0,0.0,0.0,0.0,0.0,0.0,0.0,0.0,0.0,0.0,0.0,0.0,0.0,0.0,0.0,0.0,0.0,0.0,0.0,0.0,0.0,0.0,0.0,0.0,0.0,0.0,0.0,0.0,0.0,0.0,0.0,0.0,0.0,0.0,0.0,0.0,0.0,0.0,0.0,0.0,0.0,0.0,0.0,0.0,0.0,0.0,0.0,0.0,0.0,0.0,0.0,0.0,0.0,0.0,0.0,0.0,0.0,0.0,0.0,0.931194543838501,0.7543111443519592,-4.972993679075444e-07,0.8473467826843262,0.7523290514945984,-0.004712106194347143,0.7702425122261047,0.7098568081855774,-0.012964978814125061,0.7182866334915161,0.6706579327583313,-0.029932955279946327,0.7073350548744202,0.6123825311660767,-0.04313787817955017,0.7788659334182739,0.577143669128418,0.028552277013659477,0.7190896272659302,0.4982876479625702,-0.003994574770331383,0.6872190237045288,0.5363849997520447,-0.030848601832985878,0.6907097101211548,0.5845391154289246,-0.04390009120106697,0.800962507724762,0.5503262877464294,0.012166640721261501,0.7404012084007263,0.4417595863342285,-0.02078002691268921,0.6998511552810669,0.49026668071746826,-0.04152007773518562,0.7022141814231873,0.5534918308258057,-0.047277867794036865,0.8304203152656555,0.5347196459770203,-0.01085436437278986,0.7731818556785583,0.4296339154243469,-0.03574275225400925,0.7286256551742554,0.47947680950164795,-0.04615502059459686,0.7256365418434143,0.5419210195541382,-0.04625473916530609,0.8644838929176331,0.5313881635665894,-0.03607526049017906,0.8114553093910217,0.4645078778266907,-0.05162472650408745,0.7675934433937073,0.49443602561950684,-0.055899325758218765,0.7548519968986511,0.5429861545562744,-0.05460810288786888,ओ
0.0,0.0,0.0,0.0,0.0,0.0,0.0,0.0,0.0,0.0,0.0,0.0,0.0,0.0,0.0,0.0,0.0,0.0,0.0,0.0,0.0,0.0,0.0,0.0,0.0,0.0,0.0,0.0,0.0,0.0,0.0,0.0,0.0,0.0,0.0,0.0,0.0,0.0,0.0,0.0,0.0,0.0,0.0,0.0,0.0,0.0,0.0,0.0,0.0,0.0,0.0,0.0,0.0,0.0,0.0,0.0,0.0,0.0,0.0,0.0,0.0,0.0,0.0,0.924017608165741,0.7462992072105408,-4.939551558891253e-07,0.841485321521759,0.746815025806427,-0.007952597923576832,0.7655011415481567,0.7089003324508667,-0.017003478482365608,0.7147132158279419,0.6679885983467102,-0.03403489664196968,0.7003303170204163,0.606135368347168,-0.047308702021837234,0.7648906707763672,0.5830166935920715,0.025780778378248215,0.7060682773590088,0.5049009323120117,-0.006834083236753941,0.6805013418197632,0.5444509387016296,-0.03348220884799957,0.688474714756012,0.5908929109573364,-0.04646991565823555,0.7875860333442688,0.5542437434196472,0.011823184788227081,0.7259938716888428,0.44732576608657837,-0.022304804995656013,0.6943051218986511,0.501543402671814,-0.043558474630117416,0.7017961144447327,0.5624421238899231,-0.049534544348716736,0.8169931769371033,0.5351521968841553,-0.008859697729349136,0.7604984641075134,0.4296555817127228,-0.035002462565898895,0.7225947380065918,0.48316648602485657,-0.046813469380140305,0.7235599756240845,0.545004665851593,-0.047863949090242386,0.8524978160858154,0.5266994833946228,-0.031802594661712646,0.8024514317512512,0.45564764738082886,-0.0469072163105011,0.7612470984458923,0.4876449704170227,-0.05193978175520897,0.7489020824432373,0.537585973739624,-0.051851872354745865,ओ
0.0,0.0,0.0,0.0,0.0,0.0,0.0,0.0,0.0,0.0,0.0,0.0,0.0,0.0,0.0,0.0,0.0,0.0,0.0,0.0,0.0,0.0,0.0,0.0,0.0,0.0,0.0,0.0,0.0,0.0,0.0,0.0,0.0,0.0,0.0,0.0,0.0,0.0,0.0,0.0,0.0,0.0,0.0,0.0,0.0,0.0,0.0,0.0,0.0,0.0,0.0,0.0,0.0,0.0,0.0,0.0,0.0,0.0,0.0,0.0,0.0,0.0,0.0,0.9249935150146484,0.7566480040550232,-5.299417580317822e-07,0.8370834589004517,0.7463389039039612,0.0011379318311810493,0.7614561319351196,0.7075056433677673,-0.004672881681472063,0.7103231549263,0.6703630089759827,-0.02092055417597294,0.69153892993927,0.6139163970947266,-0.03374074772000313,0.7724302411079407,0.576934814453125,0.03693750873208046,0.7131883502006531,0.4925827383995056,0.0062756845727562904,0.6814051270484924,0.5303988456726074,-0.019203562289476395,0.6862473487854004,0.5783553719520569,-0.03176462650299072,0.7933751344680786,0.5523417592048645,0.017220841720700264,0.727900505065918,0.44402095675468445,-0.015341760590672493,0.6892285943031311,0.4986397922039032,-0.036283787339925766,0.6944425702095032,0.5623492002487183,-0.042565103620290756,0.8201173543930054,0.5366654396057129,-0.009097582660615444,0.7568936347961426,0.4289790689945221,-0.034141164273023605,0.7136935591697693,0.48528629541397095,-0.04539940133690834,0.7137112021446228,0.5507048964500427,-0.04651214927434921,0.8509337306022644,0.532257616519928,-0.03714048117399216,0.7921911478042603,0.4648512601852417,-0.0520416758954525,0.7493025660514832,0.5017783641815186,-0.056184783577919006,0.7392773628234863,0.5548062920570374,-0.05560695379972458,ओ
0.0,0.0,0.0,0.0,0.0,0.0,0.0,0.0,0.0,0.0,0.0,0.0,0.0,0.0,0.0,0.0,0.0,0.0,0.0,0.0,0.0,0.0,0.0,0.0,0.0,0.0,0.0,0.0,0.0,0.0,0.0,0.0,0.0,0.0,0.0,0.0,0.0,0.0,0.0,0.0,0.0,0.0,0.0,0.0,0.0,0.0,0.0,0.0,0.0,0.0,0.0,0.0,0.0,0.0,0.0,0.0,0.0,0.0,0.0,0.0,0.0,0.0,0.0,0.9284753799438477,0.7569274306297302,-5.724066340917489e-07,0.8406130075454712,0.7475228905677795,0.0010901006171479821,0.76334547996521,0.7093373537063599,-0.004220872186124325,0.7107848525047302,0.6710502505302429,-0.020114876329898834,0.6915601491928101,0.614174485206604,-0.03232424706220627,0.7722598314285278,0.5770893692970276,0.039232365787029266,0.7143197655677795,0.4917903542518616,0.009190186858177185,0.6845531463623047,0.5350044965744019,-0.015879077836871147,0.690125048160553,0.5846807956695557,-0.028427114710211754,0.7929114699363708,0.5524725914001465,0.01998743787407875,0.7268787026405334,0.445237934589386,-0.012417239136993885,0.6892079710960388,0.5042030215263367,-0.033137835562229156,0.6939777135848999,0.5673559308052063,-0.03916516900062561,0.8193979263305664,0.5366361141204834,-0.006025610491633415,0.7559700608253479,0.4303779602050781,-0.031319983303546906,0.7139500975608826,0.4891904592514038,-0.04228702932596207,0.7134090662002563,0.554473340511322,-0.04296272248029709,0.8503143787384033,0.5316038131713867,-0.0337798148393631,0.7915786504745483,0.4655255973339081,-0.04871697351336479,0.7492409944534302,0.5033665895462036,-0.05290216580033302,0.7387487888336182,0.5561909079551697,-0.05227239802479744,ओ
0.0,0.0,0.0,0.0,0.0,0.0,0.0,0.0,0.0,0.0,0.0,0.0,0.0,0.0,0.0,0.0,0.0,0.0,0.0,0.0,0.0,0.0,0.0,0.0,0.0,0.0,0.0,0.0,0.0,0.0,0.0,0.0,0.0,0.0,0.0,0.0,0.0,0.0,0.0,0.0,0.0,0.0,0.0,0.0,0.0,0.0,0.0,0.0,0.0,0.0,0.0,0.0,0.0,0.0,0.0,0.0,0.0,0.0,0.0,0.0,0.0,0.0,0.0,0.9314242005348206,0.7570602893829346,-4.947561933477118e-07,0.841837465763092,0.7465190291404724,0.0014123180881142616,0.7657126188278198,0.7086182832717896,-0.003773556789383292,0.7153066396713257,0.6696703433990479,-0.019425366073846817,0.6911956071853638,0.6126349568367004,-0.031523894518613815,0.7741890549659729,0.5774407386779785,0.03961310535669327,0.7196404933929443,0.4907916784286499,0.009232050739228725,0.685651421546936,0.5240978598594666,-0.01611853949725628,0.6854342818260193,0.5691787004470825,-0.02849794179201126,0.7955437302589417,0.5518245697021484,0.019840523600578308,0.7334880232810974,0.4400635063648224,-0.012882150709629059,0.6923456788063049,0.4911305904388428,-0.03380323946475983,0.6934173107147217,0.5532497763633728,-0.039742596447467804,0.8218668699264526,0.5353689789772034,-0.006783615797758102,0.7610922455787659,0.4275909662246704,-0.032677460461854935,0.7169179320335388,0.4834546446800232,-0.04410753399133682,0.7151394486427307,0.548640251159668,-0.04467947408556938,0.8522698879241943,0.5304333567619324,-0.035138752311468124,0.7937159538269043,0.46468356251716614,-0.05101940035820007,0.7498593330383301,0.499122679233551,-0.05578211322426796,0.73762047290802,0.5496330857276917,-0.055079199373722076,ओ
0.0,0.0,0.0,0.0,0.0,0.0,0.0,0.0,0.0,0.0,0.0,0.0,0.0,0.0,0.0,0.0,0.0,0.0,0.0,0.0,0.0,0.0,0.0,0.0,0.0,0.0,0.0,0.0,0.0,0.0,0.0,0.0,0.0,0.0,0.0,0.0,0.0,0.0,0.0,0.0,0.0,0.0,0.0,0.0,0.0,0.0,0.0,0.0,0.0,0.0,0.0,0.0,0.0,0.0,0.0,0.0,0.0,0.0,0.0,0.0,0.0,0.0,0.0,0.8719961047172546,0.9776965975761414,5.929182407271583e-07,0.8123183846473694,0.9399537444114685,-0.03426320105791092,0.7919467687606812,0.8276428580284119,-0.050662729889154434,0.8443028926849365,0.7566128373146057,-0.07037405669689178,0.9091126322746277,0.7693061828613281,-0.08712022751569748,0.8074182271957397,0.6731491088867188,-0.010029803961515427,0.775871992111206,0.5700091123580933,-0.05560735985636711,0.7756702899932861,0.51192307472229,-0.08930616080760956,0.7772406935691833,0.5261352062225342,-0.10504685342311859,0.8693880438804626,0.6744675040245056,-0.01721780002117157,0.8989030122756958,0.5449934005737305,-0.07517575472593307,0.902553915977478,0.49717608094215393,-0.11161085963249207,0.900898814201355,0.5210144519805908,-0.12166611105203629,0.9148421883583069,0.7110868096351624,-0.03132284805178642,0.9414524435997009,0.6633901000022888,-0.08593583852052689,0.9101241230964661,0.740798830986023,-0.0931839793920517,0.8864836096763611,0.8091109395027161,-0.07831545174121857,0.9534976482391357,0.7632219195365906,-0.048922907561063766,0.9444211721420288,0.748041570186615,-0.08377497643232346,0.9197269678115845,0.8025568723678589,-0.08271785825490952,0.9072338342666626,0.8458240628242493,-0.06947706639766693,ई
0.0,0.0,0.0,0.0,0.0,0.0,0.0,0.0,0.0,0.0,0.0,0.0,0.0,0.0,0.0,0.0,0.0,0.0,0.0,0.0,0.0,0.0,0.0,0.0,0.0,0.0,0.0,0.0,0.0,0.0,0.0,0.0,0.0,0.0,0.0,0.0,0.0,0.0,0.0,0.0,0.0,0.0,0.0,0.0,0.0,0.0,0.0,0.0,0.0,0.0,0.0,0.0,0.0,0.0,0.0,0.0,0.0,0.0,0.0,0.0,0.0,0.0,0.0,0.872575581073761,0.9741033911705017,5.927338975197927e-07,0.811385989189148,0.9362301826477051,-0.03303427994251251,0.7951215505599976,0.8230348825454712,-0.04886326566338539,0.845537543296814,0.7504971027374268,-0.06893187761306763,0.9069585204124451,0.7642894387245178,-0.08593907952308655,0.8082464337348938,0.6705054640769958,-0.004690421745181084,0.7732066512107849,0.5677575469017029,-0.05058981850743294,0.7733602523803711,0.5110443234443665,-0.08342382311820984,0.7756456732749939,0.5284688472747803,-0.09767355769872665,0.8699557781219482,0.6697070598602295,-0.013216016814112663,0.8954039216041565,0.5372711420059204,-0.0714414119720459,0.8995223045349121,0.49185213446617126,-0.10732907056808472,0.8993727564811707,0.5164058208465576,-0.11563652008771896,0.9154147505760193,0.7059112787246704,-0.029193494468927383,0.9368531703948975,0.6612755060195923,-0.08480574190616608,0.9072675704956055,0.7376760244369507,-0.091707743704319,0.8855185508728027,0.8008666038513184,-0.07533830404281616,0.9542264342308044,0.7587546110153198,-0.04848315939307213,0.9446946978569031,0.7381856441497803,-0.08188942074775696,0.9210941791534424,0.7893878221511841,-0.07868308573961258,0.9097582697868347,0.828124463558197,-0.06350396573543549,ई
0.0,0.0,0.0,0.0,0.0,0.0,0.0,0.0,0.0,0.0,0.0,0.0,0.0,0.0,0.0,0.0,0.0,0.0,0.0,0.0,0.0,0.0,0.0,0.0,0.0,0.0,0.0,0.0,0.0,0.0,0.0,0.0,0.0,0.0,0.0,0.0,0.0,0.0,0.0,0.0,0.0,0.0,0.0,0.0,0.0,0.0,0.0,0.0,0.0,0.0,0.0,0.0,0.0,0.0,0.0,0.0,0.0,0.0,0.0,0.0,0.0,0.0,0.0,0.8757618069648743,0.9719773530960083,6.245381314329279e-07,0.8144236207008362,0.930515468120575,-0.034034498035907745,0.7957451343536377,0.8215475678443909,-0.05220664292573929,0.8475706577301025,0.7482793927192688,-0.07406289875507355,0.9090471267700195,0.7582654356956482,-0.09283463656902313,0.8099021315574646,0.6660162806510925,-0.011469428427517414,0.7754693627357483,0.5685556530952454,-0.06155580282211304,0.7722719311714172,0.5100477933883667,-0.09871731698513031,0.7719340920448303,0.525783121585846,-0.11719655990600586,0.8731526732444763,0.6671690940856934,-0.022819582372903824,0.8981817364692688,0.5326958298683167,-0.08579786121845245,0.8999317288398743,0.4915649890899658,-0.12513548135757446,0.8985497951507568,0.519181489944458,-0.13644301891326904,0.921322226524353,0.7093802094459534,-0.04095270857214928,0.9513505697250366,0.6585875153541565,-0.09785588085651398,0.9158767461776733,0.7437970042228699,-0.10087663680315018,0.8892505764961243,0.8105109930038452,-0.08315207064151764,0.9600279331207275,0.7699768543243408,-0.0628582239151001,0.9525355100631714,0.7614294290542603,-0.09703739732503891,0.9260146021842957,0.8173484802246094,-0.09140540659427643,0.9122915863990784,0.852820873260498,-0.07533340901136398,ई
0.0,0.0,0.0,0.0,0.0,0.0,0.0,0.0,0.0,0.0,0.0,0.0,0.0,0.0,0.0,0.0,0.0,0.0,0.0,0.0,0.0,0.0,0.0,0.0,0.0,0.0,0.0,0.0,0.0,0.0,0.0,0.0,0.0,0.0,0.0,0.0,0.0,0.0,0.0,0.0,0.0,0.0,0.0,0.0,0.0,0.0,0.0,0.0,0.0,0.0,0.0,0.0,0.0,0.0,0.0,0.0,0.0,0.0,0.0,0.0,0.0,0.0,0.0,0.8752840161323547,0.9673144221305847,6.13027850704384e-07,0.815687894821167,0.9261375069618225,-0.033665645867586136,0.7974974513053894,0.8169611692428589,-0.051536187529563904,0.8466522097587585,0.7434571981430054,-0.07322724908590317,0.9067155718803406,0.7527496218681335,-0.0919378399848938,0.8098386526107788,0.6626282930374146,-0.010902104899287224,0.7743479609489441,0.5651681423187256,-0.059210509061813354,0.7712562084197998,0.506035327911377,-0.09490662813186646,0.7716150283813477,0.518255889415741,-0.11232603341341019,0.8722438812255859,0.6634513735771179,-0.021627163514494896,0.8977766036987305,0.5312227010726929,-0.08297322690486908,0.8982434868812561,0.48765242099761963,-0.12115904688835144,0.8952887654304504,0.5149441361427307,-0.13174517452716827,0.9193070530891418,0.7041647434234619,-0.03904580697417259,0.9488295316696167,0.6528214812278748,-0.09511706978082657,0.9137505888938904,0.734203040599823,-0.09973554313182831,0.8875893354415894,0.8015894293785095,-0.08303425461053848,0.9575254321098328,0.7630478739738464,-0.060088176280260086,0.948947548866272,0.7541853785514832,-0.09342329949140549,0.9217496514320374,0.8083246350288391,-0.0889657586812973,0.9078170657157898,0.8455040454864502,-0.07372960448265076,ई
0.0,0.0,0.0,0.0,0.0,0.0,0.0,0.0,0.0,0.0,0.0,0.0,0.0,0.0,0.0,0.0,0.0,0.0,0.0,0.0,0.0,0.0,0.0,0.0,0.0,0.0,0.0,0.0,0.0,0.0,0.0,0.0,0.0,0.0,0.0,0.0,0.0,0.0,0.0,0.0,0.0,0.0,0.0,0.0,0.0,0.0,0.0,0.0,0.0,0.0,0.0,0.0,0.0,0.0,0.0,0.0,0.0,0.0,0.0,0.0,0.0,0.0,0.0,0.875272810459137,0.965508222579956,6.072883707020083e-07,0.8145655393600464,0.9250547885894775,-0.033514831215143204,0.7956944704055786,0.8109370470046997,-0.049360085278749466,0.8466952443122864,0.7359170913696289,-0.06880228221416473,0.908646285533905,0.7428780794143677,-0.08504028618335724,0.8108887076377869,0.6583548188209534,-0.009146174415946007,0.77659672498703,0.5594974160194397,-0.05779656767845154,0.7720211744308472,0.5011330246925354,-0.09445126354694366,0.7712964415550232,0.5164137482643127,-0.11265912652015686,0.8729453682899475,0.6591256856918335,-0.01903100311756134,0.8974298238754272,0.5291976928710938,-0.07977715879678726,0.8985538482666016,0.48181384801864624,-0.11919861286878586,0.8977485299110413,0.5048154592514038,-0.13164541125297546,0.9190863966941833,0.6990313529968262,-0.03585357591509819,0.9503598213195801,0.6493916511535645,-0.09111814945936203,0.9146994948387146,0.7279559969902039,-0.09821242094039917,0.8869615793228149,0.7943011522293091,-0.08435489237308502,0.9569690823554993,0.7548698782920837,-0.056408513337373734,0.9484724998474121,0.7584732174873352,-0.09147100895643234,0.9197448492050171,0.8128229975700378,-0.09088409692049026,0.9033664464950562,0.8488377332687378,-0.07875271886587143,ई
0.0,0.0,0.0,0.0,0.0,0.0,0.0,0.0,0.0,0.0,0.0,0.0,0.0,0.0,0.0,0.0,0.0,0.0,0.0,0.0,0.0,0.0,0.0,0.0,0.0,0.0,0.0,0.0,0.0,0.0,0.0,0.0,0.0,0.0,0.0,0.0,0.0,0.0,0.0,0.0,0.0,0.0,0.0,0.0,0.0,0.0,0.0,0.0,0.0,0.0,0.0,0.0,0.0,0.0,0.0,0.0,0.0,0.0,0.0,0.0,0.0,0.0,0.0,0.8762181401252747,0.9628715515136719,6.411856361410173e-07,0.816087543964386,0.9164813756942749,-0.031895026564598083,0.7977984547615051,0.8075352907180786,-0.04890834167599678,0.8480246663093567,0.7345166802406311,-0.06958869099617004,0.9078636765480042,0.7411106824874878,-0.08686473220586777,0.8080346584320068,0.6537692546844482,-0.01137330662459135,0.774442195892334,0.5540040731430054,-0.059897180646657944,0.7731715440750122,0.49568840861320496,-0.09661877900362015,0.7748010754585266,0.5096111297607422,-0.11559633910655975,0.8712382316589355,0.6572788953781128,-0.023302167654037476,0.8954176902770996,0.525444507598877,-0.08354218304157257,0.8973828554153442,0.4806116223335266,-0.12209956347942352,0.895254373550415,0.5029654502868652,-0.13478079438209534,0.9185639023780823,0.6999835968017578,-0.041592083871364594,0.9553138017654419,0.6413243412971497,-0.0961749330163002,0.9208344221115112,0.722950279712677,-0.09992274641990662,0.891384482383728,0.7912082672119141,-0.08463915437459946,0.9557169675827026,0.7596960067749023,-0.06359090656042099,0.9512651562690735,0.7593988180160522,-0.0978541150689125,0.9227195978164673,0.8135128617286682,-0.09451890736818314,0.9041699171066284,0.8491123914718628,-0.0809573382139206,ई
0.0,0.0,0.0,0.0,0.0,0.0,0.0,0.0,0.0,0.0,0.0,0.0,0.0,0.0,0.0,0.0,0.0,0.0,0.0,0.0,0.0,0.0,0.0,0.0,0.0,0.0,0.0,0.0,0.0,0.0,0.0,0.0,0.0,0.0,0.0,0.0,0.0,0.0,0.0,0.0,0.0,0.0,0.0,0.0,0.0,0.0,0.0,0.0,0.0,0.0,0.0,0.0,0.0,0.0,0.0,0.0,0.0,0.0,0.0,0.0,0.0,0.0,0.0,0.8789381980895996,0.9447314739227295,6.264199896577338e-07,0.8191746473312378,0.9045922756195068,-0.03001151606440544,0.8003395199775696,0.8005602955818176,-0.046337150037288666,0.8491394519805908,0.7282488942146301,-0.06644909828901291,0.9053940176963806,0.7295807003974915,-0.08335805684328079,0.8101983070373535,0.6462264657020569,-0.010854924097657204,0.7728031873703003,0.5438292026519775,-0.05790037289261818,0.771501898765564,0.486008882522583,-0.0919090211391449,0.7749337553977966,0.49988049268722534,-0.10814803838729858,0.8716244101524353,0.648269534111023,-0.021704910323023796,0.8923701047897339,0.5164369940757751,-0.07949363440275192,0.894607663154602,0.47185030579566956,-0.11504439264535904,0.8944908380508423,0.4930698573589325,-0.12530598044395447,0.9179916977882385,0.6872475743293762,-0.03890056535601616,0.9485222101211548,0.6342276930809021,-0.09301576763391495,0.9163411259651184,0.715143084526062,-0.0974162146449089,0.8909876346588135,0.7813313007354736,-0.08191844075918198,0.9556084275245667,0.7431005239486694,-0.059268273413181305,0.950388491153717,0.7399357557296753,-0.09420298784971237,0.9248570799827576,0.7958072423934937,-0.09179197251796722,0.9095416069030762,0.8328364491462708,-0.07831078767776489,ई
0.0,0.0,0.0,0.0,0.0,0.0,0.0,0.0,0.0,0.0,0.0,0.0,0.0,0.0,0.0,0.0,0.0,0.0,0.0,0.0,0.0,0.0,0.0,0.0,0.0,0.0,0.0,0.0,0.0,0.0,0.0,0.0,0.0,0.0,0.0,0.0,0.0,0.0,0.0,0.0,0.0,0.0,0.0,0.0,0.0,0.0,0.0,0.0,0.0,0.0,0.0,0.0,0.0,0.0,0.0,0.0,0.0,0.0,0.0,0.0,0.0,0.0,0.0,0.8792446255683899,0.9425549507141113,6.368836693582125e-07,0.8193724751472473,0.9003795385360718,-0.03168220445513725,0.7998462319374084,0.7935764789581299,-0.05048211291432381,0.8474646806716919,0.7174702286720276,-0.07371596246957779,0.9067479372024536,0.7227250933647156,-0.09362880885601044,0.8097841143608093,0.6386347413063049,-0.011380676180124283,0.7755367159843445,0.5384745597839355,-0.06318290531635284,0.773622989654541,0.4821487069129944,-0.10225150734186172,0.776221752166748,0.5034903883934021,-0.12128625810146332,0.8724182844161987,0.6420809030532837,-0.023778161033988,0.8980733156204224,0.5069429278373718,-0.08624700456857681,0.8985444903373718,0.4631684124469757,-0.12621289491653442,0.8963153958320618,0.4920232594013214,-0.13857033848762512,0.9211161136627197,0.6840175986289978,-0.04270397499203682,0.955089271068573,0.623729944229126,-0.09877477586269379,0.9189608693122864,0.7068023681640625,-0.10250324010848999,0.8905351758003235,0.7774681448936462,-0.08573485165834427,0.9605923891067505,0.743739664554596,-0.06515481323003769,0.9535666108131409,0.7308358550071716,-0.0987725555896759,0.9251360893249512,0.7850998044013977,-0.0931079164147377,0.9087426066398621,0.8234704732894897,-0.07691505551338196,ई
0.0,0.0,0.0,0.0,0.0,0.0,0.0,0.0,0.0,0.0,0.0,0.0,0.0,0.0,0.0,0.0,0.0,0.0,0.0,0.0,0.0,0.0,0.0,0.0,0.0,0.0,0.0,0.0,0.0,0.0,0.0,0.0,0.0,0.0,0.0,0.0,0.0,0.0,0.0,0.0,0.0,0.0,0.0,0.0,0.0,0.0,0.0,0.0,0.0,0.0,0.0,0.0,0.0,0.0,0.0,0.0,0.0,0.0,0.0,0.0,0.0,0.0,0.0,0.8807659149169922,0.9463211894035339,6.435464001697255e-07,0.8199337720870972,0.9058948159217834,-0.03354739025235176,0.800738513469696,0.7921754717826843,-0.05003277584910393,0.850232720375061,0.7158188819885254,-0.07050999253988266,0.9116482734680176,0.7220469117164612,-0.0877392366528511,0.8099796175956726,0.6408169865608215,-0.007349283900111914,0.7750175595283508,0.543626070022583,-0.05471357703208923,0.7730890512466431,0.48400741815567017,-0.09055868536233902,0.7757387757301331,0.49687567353248596,-0.10808037221431732,0.8723093867301941,0.6405386924743652,-0.016634197905659676,0.8971875309944153,0.5106374025344849,-0.07692945748567581,0.8994125127792358,0.4617938995361328,-0.1162395253777504,0.8998153805732727,0.4842168390750885,-0.12821060419082642,0.9194701910018921,0.6779108643531799,-0.032844897359609604,0.9510349035263062,0.6233797669410706,-0.08843749761581421,0.9156165719032288,0.704529345035553,-0.094883032143116,0.8883032202720642,0.7752736806869507,-0.07950560748577118,0.9590893983840942,0.7320840358734131,-0.0526282824575901,0.9523083567619324,0.7208121418952942,-0.08669140189886093,0.9255527257919312,0.7726937532424927,-0.08394976705312729,0.9106112718582153,0.8112890720367432,-0.06962741911411285,ई
0.0,0.0,0.0,0.0,0.0,0.0,0.0,0.0,0.0,0.0,0.0,0.0,0.0,0.0,0.0,0.0,0.0,0.0,0.0,0.0,0.0,0.0,0.0,0.0,0.0,0.0,0.0,0.0,0.0,0.0,0.0,0.0,0.0,0.0,0.0,0.0,0.0,0.0,0.0,0.0,0.0,0.0,0.0,0.0,0.0,0.0,0.0,0.0,0.0,0.0,0.0,0.0,0.0,0.0,0.0,0.0,0.0,0.0,0.0,0.0,0.0,0.0,0.0,0.8790318965911865,0.9485406279563904,6.337192530736502e-07,0.8205363750457764,0.9054138660430908,-0.029496515169739723,0.8010386824607849,0.7916380167007446,-0.046454332768917084,0.851154088973999,0.7141194939613342,-0.06827190518379211,0.9127510786056519,0.7219935059547424,-0.0869416892528534,0.8115839958190918,0.636471152305603,-0.007078270893543959,0.775055468082428,0.5368602275848389,-0.05627550557255745,0.7732462286949158,0.47865766286849976,-0.09389571845531464,0.7769281268119812,0.4979916512966156,-0.11283797770738602,0.8747763633728027,0.6405022740364075,-0.020421098917722702,0.9002543091773987,0.504604697227478,-0.08135311305522919,0.8999764323234558,0.45903462171554565,-0.12083445489406586,0.8978981375694275,0.488396555185318,-0.13332174718379974,0.9234832525253296,0.6841419339179993,-0.040214747190475464,0.9579465389251709,0.6206369996070862,-0.09390491992235184,0.9198528528213501,0.7012341022491455,-0.09715525060892105,0.8902191519737244,0.7711561918258667,-0.08112815767526627,0.9624533653259277,0.7446601390838623,-0.06356237083673477,0.9544904828071594,0.7344130277633667,-0.09542563557624817,0.9237679243087769,0.7885204553604126,-0.0900212898850441,0.9062081575393677,0.8253374695777893,-0.07486269623041153,ई
0.0,0.0,0.0,0.0,0.0,0.0,0.0,0.0,0.0,0.0,0.0,0.0,0.0,0.0,0.0,0.0,0.0,0.0,0.0,0.0,0.0,0.0,0.0,0.0,0.0,0.0,0.0,0.0,0.0,0.0,0.0,0.0,0.0,0.0,0.0,0.0,0.0,0.0,0.0,0.0,0.0,0.0,0.0,0.0,0.0,0.0,0.0,0.0,0.0,0.0,0.0,0.0,0.0,0.0,0.0,0.0,0.0,0.0,0.0,0.0,0.0,0.0,0.0,0.8833215236663818,0.9498580694198608,6.258043185880524e-07,0.8207318782806396,0.9063904285430908,-0.033976614475250244,0.8027570247650146,0.7914599776268005,-0.051301807165145874,0.8553379774093628,0.7164868116378784,-0.0725225955247879,0.9169467091560364,0.7239580154418945,-0.09046611934900284,0.8163295388221741,0.6401591300964355,-0.008316523395478725,0.7801077961921692,0.5411326289176941,-0.056953541934490204,0.7773177027702332,0.4808170199394226,-0.09330713748931885,0.7790297269821167,0.4947308301925659,-0.11092852801084518,0.8791928291320801,0.6420374512672424,-0.018355539068579674,0.9032376408576965,0.5078162550926208,-0.07917054742574692,0.9042738080024719,0.4615049362182617,-0.11785954236984253,0.9033304452896118,0.4853716194629669,-0.12902764976024628,0.926631510257721,0.6821568608283997,-0.03541187569499016,0.9599968791007996,0.6228346824645996,-0.09129586815834045,0.9233760833740234,0.7045509815216064,-0.09619361162185669,0.8951456546783447,0.7725338339805603,-0.07972343266010284,0.9659863710403442,0.7396841645240784,-0.056081172078847885,0.9597917199134827,0.726961612701416,-0.0895146057009697,0.9309815168380737,0.7800821661949158,-0.08503977954387665,0.9143779277801514,0.8151367902755737,-0.06967213749885559,ई
0.0,0.0,0.0,0.0,0.0,0.0,0.0,0.0,0.0,0.0,0.0,0.0,0.0,0.0,0.0,0.0,0.0,0.0,0.0,0.0,0.0,0.0,0.0,0.0,0.0,0.0,0.0,0.0,0.0,0.0,0.0,0.0,0.0,0.0,0.0,0.0,0.0,0.0,0.0,0.0,0.0,0.0,0.0,0.0,0.0,0.0,0.0,0.0,0.0,0.0,0.0,0.0,0.0,0.0,0.0,0.0,0.0,0.0,0.0,0.0,0.0,0.0,0.0,0.8930554389953613,0.9424402117729187,6.334660724860441e-07,0.8316764235496521,0.8963944315910339,-0.03280166536569595,0.8147962093353271,0.7871350049972534,-0.051240116357803345,0.8703755140304565,0.7140368819236755,-0.07426933199167252,0.9338910579681396,0.7179369926452637,-0.09373335540294647,0.8271002769470215,0.6349949240684509,-0.008196959272027016,0.7895236611366272,0.5263113379478455,-0.0577578991651535,0.7926501035690308,0.46900588274002075,-0.0951828882098198,0.8012463450431824,0.4909980595111847,-0.11239692568778992,0.8886435031890869,0.6382891535758972,-0.01712827757000923,0.9137168526649475,0.5052329897880554,-0.07843422144651413,0.9166504740715027,0.4570097029209137,-0.11874818056821823,0.917741596698761,0.4844883680343628,-0.13108690083026886,0.933930516242981,0.676141619682312,-0.03301474452018738,0.958161473274231,0.621452808380127,-0.08845343440771103,0.9249947667121887,0.7016259431838989,-0.09576883912086487,0.9008633494377136,0.7737394571304321,-0.0806659609079361,0.9731131792068481,0.7300458550453186,-0.052347637712955475,0.9625656008720398,0.7125182151794434,-0.08568476885557175,0.9383063912391663,0.7643597722053528,-0.0824279636144638,0.9263880252838135,0.8068131804466248,-0.06739107519388199,ई
0.0,0.0,0.0,0.0,0.0,0.0,0.0,0.0,0.0,0.0,0.0,0.0,0.0,0.0,0.0,0.0,0.0,0.0,0.0,0.0,0.0,0.0,0.0,0.0,0.0,0.0,0.0,0.0,0.0,0.0,0.0,0.0,0.0,0.0,0.0,0.0,0.0,0.0,0.0,0.0,0.0,0.0,0.0,0.0,0.0,0.0,0.0,0.0,0.0,0.0,0.0,0.0,0.0,0.0,0.0,0.0,0.0,0.0,0.0,0.0,0.0,0.0,0.0,0.9069305062294006,0.9353041648864746,7.159694632719038e-07,0.8465384244918823,0.8824931383132935,-0.03351093456149101,0.8333489298820496,0.7723797559738159,-0.05195847898721695,0.8859111070632935,0.700256884098053,-0.07461769133806229,0.9474308490753174,0.7172474265098572,-0.09332481771707535,0.8402456641197205,0.6197946071624756,-0.01108689047396183,0.8049963712692261,0.5025745630264282,-0.060245003551244736,0.8125937581062317,0.44426727294921875,-0.09489988535642624,0.8236596584320068,0.4692900776863098,-0.10969353467226028,0.9062638878822327,0.6222631931304932,-0.01922542229294777,0.9393846392631531,0.49146395921707153,-0.07811389863491058,0.9437268972396851,0.4441908001899719,-0.11504357308149338,0.9449077844619751,0.4686405062675476,-0.12549297511577606,0.9551011323928833,0.6630857586860657,-0.03453914076089859,0.9802252054214478,0.6195625066757202,-0.08648327738046646,0.9436768293380737,0.6942776441574097,-0.09219389408826828,0.9204889535903931,0.757445752620697,-0.07672586292028427,0.9945791959762573,0.7219845652580261,-0.053516361862421036,0.9894777536392212,0.7040235996246338,-0.08354515582323074,0.9653074741363525,0.7497685551643372,-0.07957026362419128,0.9543291330337524,0.7857231497764587,-0.06465563923120499,ई
0.0,0.0,0.0,0.0,0.0,0.0,0.0,0.0,0.0,0.0,0.0,0.0,0.0,0.0,0.0,0.0,0.0,0.0,0.0,0.0,0.0,0.0,0.0,0.0,0.0,0.0,0.0,0.0,0.0,0.0,0.0,0.0,0.0,0.0,0.0,0.0,0.0,0.0,0.0,0.0,0.0,0.0,0.0,0.0,0.0,0.0,0.0,0.0,0.0,0.0,0.0,0.0,0.0,0.0,0.0,0.0,0.0,0.0,0.0,0.0,0.0,0.0,0.0,0.9112725257873535,0.9333307147026062,7.34660204670945e-07,0.8497887253761292,0.8792127370834351,-0.03474532440304756,0.8367466330528259,0.7724875211715698,-0.053931400179862976,0.8904492259025574,0.6991711854934692,-0.07761382311582565,0.9522754549980164,0.7126202583312988,-0.09725233912467957,0.8480106592178345,0.6110992431640625,-0.00964935403317213,0.8113225102424622,0.49632126092910767,-0.060415055602788925,0.8196093440055847,0.436364084482193,-0.09703870862722397,0.8317559361457825,0.4599899649620056,-0.11297623068094254,0.9137999415397644,0.6139876842498779,-0.01830417476594448,0.9485709071159363,0.4817550778388977,-0.07904177904129028,0.9529165029525757,0.43371495604515076,-0.11739481985569,0.9535467028617859,0.4589773714542389,-0.12815994024276733,0.9617533087730408,0.6547135710716248,-0.03458590433001518,0.9848395586013794,0.6113012433052063,-0.08745482563972473,0.950091540813446,0.6883820295333862,-0.09254524111747742,0.9280274510383606,0.7531009912490845,-0.07587133347988129,1.0004909038543701,0.7153156399726868,-0.05494973063468933,0.9985976219177246,0.6905007362365723,-0.08448643237352371,0.9741836190223694,0.7377700805664062,-0.07892869412899017,0.9611967206001282,0.7777284979820251,-0.062477294355630875,ई
0.0,0.0,0.0,0.0,0.0,0.0,0.0,0.0,0.0,0.0,0.0,0.0,0.0,0.0,0.0,0.0,0.0,0.0,0.0,0.0,0.0,0.0,0.0,0.0,0.0,0.0,0.0,0.0,0.0,0.0,0.0,0.0,0.0,0.0,0.0,0.0,0.0,0.0,0.0,0.0,0.0,0.0,0.0,0.0,0.0,0.0,0.0,0.0,0.0,0.0,0.0,0.0,0.0,0.0,0.0,0.0,0.0,0.0,0.0,0.0,0.0,0.0,0.0,0.9112960696220398,0.9473150968551636,6.914934829183039e-07,0.8496919870376587,0.8974553346633911,-0.034050654619932175,0.8319512009620667,0.7827610969543457,-0.05209285765886307,0.8838294744491577,0.7065869569778442,-0.074653260409832,0.9485341906547546,0.7200563549995422,-0.09283830225467682,0.8464654684066772,0.6209385991096497,-0.009263614192605019,0.8098192811012268,0.5032951831817627,-0.06476540863513947,0.8164297938346863,0.44543421268463135,-0.10529438406229019,0.8244122862815857,0.4753899872303009,-0.12309543788433075,0.9128851890563965,0.6266262531280518,-0.019483035430312157,0.9464051127433777,0.48533326387405396,-0.08696584403514862,0.9516879916191101,0.4365793466567993,-0.1292012631893158,0.9505773186683655,0.4687030613422394,-0.1402016431093216,0.9626266956329346,0.6709782481193542,-0.03724786639213562,0.9900065660476685,0.6273961067199707,-0.09705911576747894,0.9541626572608948,0.709610104560852,-0.10349735617637634,0.9288706183433533,0.7792389988899231,-0.08552354574203491,1.0020380020141602,0.7332276105880737,-0.0587497316300869,1.000217318534851,0.719158411026001,-0.09443601220846176,0.9708065390586853,0.773764431476593,-0.09017066657543182,0.9543949365615845,0.8145191669464111,-0.07304900884628296,ई
0.0,0.0,0.0,0.0,0.0,0.0,0.0,0.0,0.0,0.0,0.0,0.0,0.0,0.0,0.0,0.0,0.0,0.0,0.0,0.0,0.0,0.0,0.0,0.0,0.0,0.0,0.0,0.0,0.0,0.0,0.0,0.0,0.0,0.0,0.0,0.0,0.0,0.0,0.0,0.0,0.0,0.0,0.0,0.0,0.0,0.0,0.0,0.0,0.0,0.0,0.0,0.0,0.0,0.0,0.0,0.0,0.0,0.0,0.0,0.0,0.0,0.0,0.0,0.9074968099594116,0.9416555762290955,7.259888548105664e-07,0.8464433550834656,0.8865921497344971,-0.037606753408908844,0.8339213728904724,0.7789955735206604,-0.05727607011795044,0.8841269612312317,0.7068142294883728,-0.08064813911914825,0.9455378651618958,0.7210873961448669,-0.09907269477844238,0.8417477607727051,0.6199285984039307,-0.011133648455142975,0.8072292804718018,0.5014458894729614,-0.06826185435056686,0.8151575922966003,0.44519898295402527,-0.10846615582704544,0.8231163620948792,0.4784994125366211,-0.12501923739910126,0.907477617263794,0.6231930255889893,-0.018798718228936195,0.9430090188980103,0.48349323868751526,-0.08784987032413483,0.9487310647964478,0.4401763081550598,-0.12964962422847748,0.9487213492393494,0.4743407666683197,-0.13932043313980103,0.9564457535743713,0.6650707125663757,-0.03460624814033508,0.9850425720214844,0.6311811804771423,-0.0931752473115921,0.9475785493850708,0.7107718586921692,-0.09895376861095428,0.921082615852356,0.7693389058113098,-0.08022233098745346,0.9953805208206177,0.7257575392723083,-0.05456946790218353,0.9970273375511169,0.7142578363418579,-0.08623825758695602,0.9683887958526611,0.761893630027771,-0.0810808539390564,0.9506670236587524,0.7910682559013367,-0.0637597143650055,ई
0.0,0.0,0.0,0.0,0.0,0.0,0.0,0.0,0.0,0.0,0.0,0.0,0.0,0.0,0.0,0.0,0.0,0.0,0.0,0.0,0.0,0.0,0.0,0.0,0.0,0.0,0.0,0.0,0.0,0.0,0.0,0.0,0.0,0.0,0.0,0.0,0.0,0.0,0.0,0.0,0.0,0.0,0.0,0.0,0.0,0.0,0.0,0.0,0.0,0.0,0.0,0.0,0.0,0.0,0.0,0.0,0.0,0.0,0.0,0.0,0.0,0.0,0.0,0.9076400399208069,0.9384828209877014,6.705652708660637e-07,0.8433706760406494,0.8816401362419128,-0.042108792811632156,0.8309788703918457,0.7793452143669128,-0.06103188544511795,0.8860796689987183,0.7065154910087585,-0.0814346969127655,0.949390709400177,0.7216374278068542,-0.09557558596134186,0.8402837514877319,0.6163949370384216,-0.016372114419937134,0.805641233921051,0.4962417483329773,-0.0699123740196228,0.8109157085418701,0.441936194896698,-0.10770365595817566,0.818677544593811,0.47756868600845337,-0.12283772975206375,0.9066059589385986,0.6208712458610535,-0.01979621686041355,0.9383417367935181,0.4864029884338379,-0.07942793518304825,0.9444812536239624,0.43935686349868774,-0.11599119007587433,0.9470078945159912,0.4709246754646301,-0.1257752776145935,0.9553750157356262,0.6627756357192993,-0.0320817269384861,0.980789840221405,0.6249158978462219,-0.08278509229421616,0.9463684558868408,0.6990826725959778,-0.0883675068616867,0.9205114841461182,0.7615644335746765,-0.07266268879175186,0.9941125512123108,0.7249894738197327,-0.04940937086939812,0.995998740196228,0.7035610675811768,-0.0770355612039566,0.9713561534881592,0.7466914653778076,-0.07278528809547424,0.95292067527771,0.7873435616493225,-0.05786209553480148,ई
0.0,0.0,0.0,0.0,0.0,0.0,0.0,0.0,0.0,0.0,0.0,0.0,0.0,0.0,0.0,0.0,0.0,0.0,0.0,0.0,0.0,0.0,0.0,0.0,0.0,0.0,0.0,0.0,0.0,0.0,0.0,0.0,0.0,0.0,0.0,0.0,0.0,0.0,0.0,0.0,0.0,0.0,0.0,0.0,0.0,0.0,0.0,0.0,0.0,0.0,0.0,0.0,0.0,0.0,0.0,0.0,0.0,0.0,0.0,0.0,0.0,0.0,0.0,0.9030210971832275,0.9378879070281982,6.976968620620028e-07,0.8399818539619446,0.8918067812919617,-0.03644435852766037,0.8258275985717773,0.7759636044502258,-0.0542353019118309,0.8817263245582581,0.7008697390556335,-0.07546486705541611,0.9450513124465942,0.718054473400116,-0.09302114695310593,0.8379648923873901,0.6190189123153687,-0.010912757366895676,0.8044310212135315,0.5120864510536194,-0.06337704509496689,0.8063377737998962,0.45066115260124207,-0.10129305720329285,0.8092966675758362,0.471120685338974,-0.1185692623257637,0.9048518538475037,0.6206020712852478,-0.02021358348429203,0.9356871247291565,0.482503741979599,-0.08575568348169327,0.9410673975944519,0.43596917390823364,-0.12562298774719238,0.9407485127449036,0.46466371417045593,-0.1354627162218094,0.95550936460495,0.6624723672866821,-0.0369904451072216,0.9875633716583252,0.6186936497688293,-0.09625666588544846,0.9514141082763672,0.7031156420707703,-0.10117176920175552,0.9234037399291992,0.7709416151046753,-0.08268312364816666,0.9964758157730103,0.7228489518165588,-0.05769118666648865,0.996134877204895,0.7152713537216187,-0.09330914914608002,0.9657883048057556,0.771644651889801,-0.08888557553291321,0.9463101625442505,0.8094468116760254,-0.07221437990665436,ई
0.0,0.0,0.0,0.0,0.0,0.0,0.0,0.0,0.0,0.0,0.0,0.0,0.0,0.0,0.0,0.0,0.0,0.0,0.0,0.0,0.0,0.0,0.0,0.0,0.0,0.0,0.0,0.0,0.0,0.0,0.0,0.0,0.0,0.0,0.0,0.0,0.0,0.0,0.0,0.0,0.0,0.0,0.0,0.0,0.0,0.0,0.0,0.0,0.0,0.0,0.0,0.0,0.0,0.0,0.0,0.0,0.0,0.0,0.0,0.0,0.0,0.0,0.0,0.9014043211936951,0.9345536231994629,6.637152978328231e-07,0.8358867168426514,0.8863335847854614,-0.03840487077832222,0.8219042420387268,0.7715631127357483,-0.05685313418507576,0.8756589889526367,0.6995455026626587,-0.07783369719982147,0.9390714764595032,0.7136295437812805,-0.09530320763587952,0.836904764175415,0.6189748048782349,-0.014752686023712158,0.7988337278366089,0.509719967842102,-0.06720396876335144,0.8021842241287231,0.44989335536956787,-0.104117251932621,0.8082903623580933,0.4690978527069092,-0.12012144923210144,0.9031909704208374,0.6229427456855774,-0.021738512441515923,0.9278640151023865,0.47830647230148315,-0.08684752881526947,0.9362542033195496,0.4319824278354645,-0.12634867429733276,0.9408895969390869,0.45938998460769653,-0.13576215505599976,0.9530909657478333,0.6638175249099731,-0.03617916628718376,0.9763025641441345,0.6217507719993591,-0.09773016721010208,0.9424784183502197,0.7030268311500549,-0.10530682653188705,0.9184457659721375,0.7665046453475952,-0.08767114579677582,0.9940804243087769,0.721727192401886,-0.05400802567601204,0.988061249256134,0.7034472823143005,-0.0915364921092987,0.9596380591392517,0.7599093914031982,-0.08777657896280289,0.943585991859436,0.8003455996513367,-0.07111285626888275,ई
0.0,0.0,0.0,0.0,0.0,0.0,0.0,0.0,0.0,0.0,0.0,0.0,0.0,0.0,0.0,0.0,0.0,0.0,0.0,0.0,0.0,0.0,0.0,0.0,0.0,0.0,0.0,0.0,0.0,0.0,0.0,0.0,0.0,0.0,0.0,0.0,0.0,0.0,0.0,0.0,0.0,0.0,0.0,0.0,0.0,0.0,0.0,0.0,0.0,0.0,0.0,0.0,0.0,0.0,0.0,0.0,0.0,0.0,0.0,0.0,0.0,0.0,0.0,0.8941501379013062,0.9245114326477051,6.989120606704091e-07,0.8334168195724487,0.8749427199363708,-0.03546879068017006,0.8185862302780151,0.769500195980072,-0.05721602961421013,0.8711302876472473,0.6961483955383301,-0.08234546333551407,0.9329367876052856,0.70270836353302,-0.10345733165740967,0.8313612937927246,0.6102498769760132,-0.01896580308675766,0.7975273132324219,0.5062651634216309,-0.07326367497444153,0.7990135550498962,0.4452168643474579,-0.11292529106140137,0.8024130463600159,0.46162280440330505,-0.13230422139167786,0.8963388204574585,0.6132015585899353,-0.02999666891992092,0.9247824549674988,0.47201892733573914,-0.09692838788032532,0.9283366203308105,0.4287721514701843,-0.13764514029026031,0.9265714287757874,0.46011435985565186,-0.14965111017227173,0.9450159668922424,0.6560832262039185,-0.04734398052096367,0.9822174906730652,0.5999190807342529,-0.1048460528254509,0.9450787901878357,0.6827322244644165,-0.10632539540529251,0.9134927988052368,0.7521132826805115,-0.0877409353852272,0.9833747744560242,0.7178822159767151,-0.06878378242254257,0.9824311137199402,0.7106348872184753,-0.1017322912812233,0.9516762495040894,0.7643997669219971,-0.09511461853981018,0.9300609827041626,0.8018680810928345,-0.0783580094575882,ई
0.0,0.0,0.0,0.0,0.0,0.0,0.0,0.0,0.0,0.0,0.0,0.0,0.0,0.0,0.0,0.0,0.0,0.0,0.0,0.0,0.0,0.0,0.0,0.0,0.0,0.0,0.0,0.0,0.0,0.0,0.0,0.0,0.0,0.0,0.0,0.0,0.0,0.0,0.0,0.0,0.0,0.0,0.0,0.0,0.0,0.0,0.0,0.0,0.0,0.0,0.0,0.0,0.0,0.0,0.0,0.0,0.0,0.0,0.0,0.0,0.0,0.0,0.0,0.8870418071746826,0.9190785884857178,6.309428499662317e-07,0.8263672590255737,0.8674302101135254,-0.03179308399558067,0.8126331567764282,0.7558287978172302,-0.049589790403842926,0.8655554056167603,0.6867415904998779,-0.07106710225343704,0.927236020565033,0.6934243440628052,-0.08929798007011414,0.8282180428504944,0.6065345406532288,-0.01338102575391531,0.79496830701828,0.5049583911895752,-0.06292159855365753,0.7919226884841919,0.44653797149658203,-0.09926155209541321,0.7921760082244873,0.4612509608268738,-0.11756187677383423,0.8902742862701416,0.6103523373603821,-0.025554252788424492,0.9160571098327637,0.4697560966014862,-0.08800005167722702,0.9198029041290283,0.4279918074607849,-0.12727005779743195,0.9201706051826477,0.45594918727874756,-0.139425590634346,0.9369642734527588,0.6534020900726318,-0.043721020221710205,0.973434329032898,0.5964092016220093,-0.09931457787752151,0.9381579756736755,0.6785643100738525,-0.10252116620540619,0.908126950263977,0.7458546757698059,-0.08619505912065506,0.9741529226303101,0.7131339907646179,-0.06555523723363876,0.9708921909332275,0.7073163986206055,-0.09994395822286606,0.9413505792617798,0.7612888216972351,-0.09579223394393921,0.9206029772758484,0.7979704141616821,-0.08137113600969315,ई
0.0,0.0,0.0,0.0,0.0,0.0,0.0,0.0,0.0,0.0,0.0,0.0,0.0,0.0,0.0,0.0,0.0,0.0,0.0,0.0,0.0,0.0,0.0,0.0,0.0,0.0,0.0,0.0,0.0,0.0,0.0,0.0,0.0,0.0,0.0,0.0,0.0,0.0,0.0,0.0,0.0,0.0,0.0,0.0,0.0,0.0,0.0,0.0,0.0,0.0,0.0,0.0,0.0,0.0,0.0,0.0,0.0,0.0,0.0,0.0,0.0,0.0,0.0,0.8904132843017578,0.9029026031494141,6.600547521884437e-07,0.8303229808807373,0.8625473976135254,-0.034488044679164886,0.811612069606781,0.7540498971939087,-0.05433544144034386,0.8613349199295044,0.6786043643951416,-0.07775600999593735,0.9244046807289124,0.6855717301368713,-0.09764757007360458,0.8212897777557373,0.6091129779815674,-0.013471719808876514,0.7870287299156189,0.5034603476524353,-0.061204105615615845,0.7865016460418701,0.4460592269897461,-0.09487690031528473,0.7893853783607483,0.46170151233673096,-0.10964491218328476,0.8821649551391602,0.6083242893218994,-0.020334593951702118,0.9110010266304016,0.4711119532585144,-0.0794982984662056,0.9161264896392822,0.4213452935218811,-0.1158762276172638,0.9188297390937805,0.4437826871871948,-0.12568256258964539,0.9284275770187378,0.6413316130638123,-0.033867452293634415,0.9498462677001953,0.5912725925445557,-0.0881970152258873,0.915814220905304,0.6656845211982727,-0.09359285235404968,0.8929520845413208,0.7304304838180542,-0.07720518857240677,0.9695686101913452,0.689525306224823,-0.05085178464651108,0.9621252417564392,0.658828616142273,-0.08389034867286682,0.9367589950561523,0.7024149894714355,-0.08069591224193573,0.9241693019866943,0.7382834553718567,-0.06585624068975449,ई
0.0,0.0,0.0,0.0,0.0,0.0,0.0,0.0,0.0,0.0,0.0,0.0,0.0,0.0,0.0,0.0,0.0,0.0,0.0,0.0,0.0,0.0,0.0,0.0,0.0,0.0,0.0,0.0,0.0,0.0,0.0,0.0,0.0,0.0,0.0,0.0,0.0,0.0,0.0,0.0,0.0,0.0,0.0,0.0,0.0,0.0,0.0,0.0,0.0,0.0,0.0,0.0,0.0,0.0,0.0,0.0,0.0,0.0,0.0,0.0,0.0,0.0,0.0,0.8867273926734924,0.9048525094985962,6.663304361609335e-07,0.8244063854217529,0.857937753200531,-0.033972661942243576,0.8103066086769104,0.7444058060646057,-0.05272337794303894,0.8627409934997559,0.6703346371650696,-0.07544916868209839,0.9218283891677856,0.6819695830345154,-0.09504380822181702,0.8173585534095764,0.5997815728187561,-0.010386395268142223,0.783414900302887,0.4987746477127075,-0.05776602029800415,0.7851206064224243,0.43950170278549194,-0.09335698932409286,0.7916589975357056,0.4549284875392914,-0.11005611717700958,0.8801206350326538,0.6009477972984314,-0.018357034772634506,0.9082424640655518,0.47231602668762207,-0.07593413442373276,0.9124394059181213,0.4198720455169678,-0.1124805212020874,0.9136519432067871,0.43860673904418945,-0.1236947774887085,0.927314281463623,0.6365538239479065,-0.033288028091192245,0.9602838158607483,0.5737415552139282,-0.08688976615667343,0.9252742528915405,0.6525300145149231,-0.0913543552160263,0.8979306817054749,0.7260366082191467,-0.07537345588207245,0.9680008888244629,0.6878902316093445,-0.051835671067237854,0.9639253616333008,0.6564902663230896,-0.08452829718589783,0.9373444318771362,0.7080435752868652,-0.07987809181213379,0.9213765263557434,0.7535709142684937,-0.06451607495546341,ई
0.0,0.0,0.0,0.0,0.0,0.0,0.0,0.0,0.0,0.0,0.0,0.0,0.0,0.0,0.0,0.0,0.0,0.0,0.0,0.0,0.0,0.0,0.0,0.0,0.0,0.0,0.0,0.0,0.0,0.0,0.0,0.0,0.0,0.0,0.0,0.0,0.0,0.0,0.0,0.0,0.0,0.0,0.0,0.0,0.0,0.0,0.0,0.0,0.0,0.0,0.0,0.0,0.0,0.0,0.0,0.0,0.0,0.0,0.0,0.0,0.0,0.0,0.0,0.8789831399917603,0.8979309797286987,7.117547511370503e-07,0.8182476758956909,0.8517292141914368,-0.030267348513007164,0.7984617948532104,0.7463178634643555,-0.04897456243634224,0.8470239043235779,0.6769344806671143,-0.07165069133043289,0.9062389731407166,0.6743012070655823,-0.09069017320871353,0.814717710018158,0.5902227163314819,-0.01684308424592018,0.7783063650131226,0.4870862364768982,-0.0679238960146904,0.7785232067108154,0.432437926530838,-0.10675977170467377,0.7876479625701904,0.4513380527496338,-0.12719537317752838,0.8790397644042969,0.5966612100601196,-0.029494429007172585,0.9031009674072266,0.46606022119522095,-0.09077579528093338,0.9058191180229187,0.42324310541152954,-0.13159239292144775,0.9090742468833923,0.4468071460723877,-0.14706960320472717,0.927373468875885,0.6405091285705566,-0.04779282212257385,0.9629240036010742,0.5799387693405151,-0.10106125473976135,0.9248998165130615,0.6643527150154114,-0.10489042848348618,0.893690824508667,0.7349074482917786,-0.09126568585634232,0.9645814299583435,0.7002379298210144,-0.0696539655327797,0.9602814316749573,0.7076954245567322,-0.10401648283004761,0.9289732575416565,0.7625601887702942,-0.10150199383497238,0.9078484177589417,0.7965690493583679,-0.08882218599319458,ई
0.0,0.0,0.0,0.0,0.0,0.0,0.0,0.0,0.0,0.0,0.0,0.0,0.0,0.0,0.0,0.0,0.0,0.0,0.0,0.0,0.0,0.0,0.0,0.0,0.0,0.0,0.0,0.0,0.0,0.0,0.0,0.0,0.0,0.0,0.0,0.0,0.0,0.0,0.0,0.0,0.0,0.0,0.0,0.0,0.0,0.0,0.0,0.0,0.0,0.0,0.0,0.0,0.0,0.0,0.0,0.0,0.0,0.0,0.0,0.0,0.0,0.0,0.0,0.8754256367683411,0.9011207818984985,6.06866194630129e-07,0.812183678150177,0.8498024344444275,-0.028617698699235916,0.7937218546867371,0.7422832250595093,-0.04479990899562836,0.8412439823150635,0.6701210737228394,-0.06534437835216522,0.9003599882125854,0.6732494235038757,-0.08304672688245773,0.8072938919067383,0.5939257740974426,-0.009375416673719883,0.7747939825057983,0.49630600214004517,-0.05423075705766678,0.7712385058403015,0.438274621963501,-0.08899480849504471,0.7727605700492859,0.45148766040802,-0.10674922913312912,0.8712114691734314,0.5969261527061462,-0.02067721262574196,0.8986215591430664,0.46880853176116943,-0.07572562247514725,0.8978776931762695,0.420651912689209,-0.1126527413725853,0.8947144150733948,0.44379284977912903,-0.1256496161222458,0.9197377562522888,0.6363465785980225,-0.03774787858128548,0.9537137150764465,0.5700404644012451,-0.08732106536626816,0.9176331162452698,0.6451051235198975,-0.09282805025577545,0.8886390328407288,0.7178732752799988,-0.08006269484758377,0.9587582945823669,0.6925255656242371,-0.0581132210791111,0.9490190744400024,0.6836192011833191,-0.08892063051462173,0.9193984866142273,0.73284912109375,-0.08667420595884323,0.9005802273750305,0.7750411033630371,-0.07444913685321808,ई
0.0,0.0,0.0,0.0,0.0,0.0,0.0,0.0,0.0,0.0,0.0,0.0,0.0,0.0,0.0,0.0,0.0,0.0,0.0,0.0,0.0,0.0,0.0,0.0,0.0,0.0,0.0,0.0,0.0,0.0,0.0,0.0,0.0,0.0,0.0,0.0,0.0,0.0,0.0,0.0,0.0,0.0,0.0,0.0,0.0,0.0,0.0,0.0,0.0,0.0,0.0,0.0,0.0,0.0,0.0,0.0,0.0,0.0,0.0,0.0,0.0,0.0,0.0,0.8656690120697021,0.8871551752090454,6.242970584935392e-07,0.8031428456306458,0.8429857492446899,-0.030567502602934837,0.7822756767272949,0.7367560267448425,-0.04833308979868889,0.8313823938369751,0.665475070476532,-0.0696180984377861,0.8924611806869507,0.6697922945022583,-0.08799270540475845,0.8005228042602539,0.5893646478652954,-0.017379723489284515,0.7665677666664124,0.4911568760871887,-0.0646471157670021,0.7626093029975891,0.43480515480041504,-0.09905015677213669,0.7623903155326843,0.4476652145385742,-0.11654787510633469,0.8639622330665588,0.5907555222511292,-0.02878495119512081,0.8895525336265564,0.4601925015449524,-0.08699505776166916,0.8890266418457031,0.41492387652397156,-0.12266574054956436,0.885121762752533,0.438037633895874,-0.1340637058019638,0.911453902721405,0.6300792694091797,-0.04578234627842903,0.9448610544204712,0.5720576643943787,-0.09837797284126282,0.909011721611023,0.6521487236022949,-0.101403146982193,0.879490852355957,0.7242603302001953,-0.08647555857896805,0.9492285251617432,0.6868639588356018,-0.06629224121570587,0.9424339532852173,0.6950267553329468,-0.10036563128232956,0.9141472578048706,0.7503377199172974,-0.09835898876190186,0.8962128758430481,0.7911907434463501,-0.08596961200237274,ई
0.0,0.0,0.0,0.0,0.0,0.0,0.0,0.0,0.0,0.0,0.0,0.0,0.0,0.0,0.0,0.0,0.0,0.0,0.0,0.0,0.0,0.0,0.0,0.0,0.0,0.0,0.0,0.0,0.0,0.0,0.0,0.0,0.0,0.0,0.0,0.0,0.0,0.0,0.0,0.0,0.0,0.0,0.0,0.0,0.0,0.0,0.0,0.0,0.0,0.0,0.0,0.0,0.0,0.0,0.0,0.0,0.0,0.0,0.0,0.0,0.0,0.0,0.0,0.8560077548027039,0.8748730421066284,5.96106985994993e-07,0.7929403185844421,0.8308976292610168,-0.029841862618923187,0.7674857378005981,0.7260218858718872,-0.04607466980814934,0.8113074898719788,0.6513341069221497,-0.0661926120519638,0.8722906112670898,0.6504971385002136,-0.08356689661741257,0.7847238183021545,0.5768374800682068,-0.011746556498110294,0.7525292634963989,0.4804214835166931,-0.0559336319565773,0.7468416690826416,0.42459115386009216,-0.08995473384857178,0.7456939816474915,0.4376797676086426,-0.10738348960876465,0.8476011753082275,0.5800232291221619,-0.02239534817636013,0.8758386373519897,0.45529434084892273,-0.07656412571668625,0.8713423609733582,0.40586233139038086,-0.1125294640660286,0.8647401332855225,0.42487311363220215,-0.12514875829219818,0.8946071267127991,0.6200256943702698,-0.03885747492313385,0.9258963465690613,0.555936336517334,-0.08803124725818634,0.8890400528907776,0.6296423673629761,-0.09318859875202179,0.8610447645187378,0.7004354000091553,-0.08043759316205978,0.9318328499794006,0.6773092150688171,-0.05860169231891632,0.9205939769744873,0.6706268191337585,-0.08921676129102707,0.8922021389007568,0.7200291752815247,-0.08635109663009644,0.8761476278305054,0.7605284452438354,-0.07386720925569534,ई
0.0,0.0,0.0,0.0,0.0,0.0,0.0,0.0,0.0,0.0,0.0,0.0,0.0,0.0,0.0,0.0,0.0,0.0,0.0,0.0,0.0,0.0,0.0,0.0,0.0,0.0,0.0,0.0,0.0,0.0,0.0,0.0,0.0,0.0,0.0,0.0,0.0,0.0,0.0,0.0,0.0,0.0,0.0,0.0,0.0,0.0,0.0,0.0,0.0,0.0,0.0,0.0,0.0,0.0,0.0,0.0,0.0,0.0,0.0,0.0,0.0,0.0,0.0,0.8505069017410278,0.8665066361427307,6.124259925854858e-07,0.786197304725647,0.8209848403930664,-0.028453845530748367,0.762458086013794,0.7146332263946533,-0.045451465994119644,0.8077731728553772,0.6406832337379456,-0.06645253300666809,0.8681737184524536,0.6444751620292664,-0.08442756533622742,0.7776468992233276,0.5690011382102966,-0.013535001315176487,0.7458025217056274,0.473426878452301,-0.059512026607990265,0.7387816905975342,0.42067402601242065,-0.09476017951965332,0.7368593215942383,0.43704718351364136,-0.11360840499401093,0.8397698402404785,0.5723323822021484,-0.02582501992583275,0.8645107746124268,0.44882339239120483,-0.08074698597192764,0.8605061173439026,0.4017159342765808,-0.1163921058177948,0.8558139801025391,0.4194120764732361,-0.1299116015434265,0.8873686790466309,0.6130896806716919,-0.043781861662864685,0.9190186858177185,0.5492284893989563,-0.0915694460272789,0.882270097732544,0.6254535913467407,-0.09366396814584732,0.8536956906318665,0.6943109035491943,-0.08085678517818451,0.9257123470306396,0.6703153252601624,-0.06543970108032227,0.9165147542953491,0.6770656108856201,-0.09609858691692352,0.8871222138404846,0.7294648289680481,-0.09356776624917984,0.8697593808174133,0.7651015520095825,-0.08248639106750488,ई
0.0,0.0,0.0,0.0,0.0,0.0,0.0,0.0,0.0,0.0,0.0,0.0,0.0,0.0,0.0,0.0,0.0,0.0,0.0,0.0,0.0,0.0,0.0,0.0,0.0,0.0,0.0,0.0,0.0,0.0,0.0,0.0,0.0,0.0,0.0,0.0,0.0,0.0,0.0,0.0,0.0,0.0,0.0,0.0,0.0,0.0,0.0,0.0,0.0,0.0,0.0,0.0,0.0,0.0,0.0,0.0,0.0,0.0,0.0,0.0,0.0,0.0,0.0,0.8413175940513611,0.8544683456420898,5.69609994727216e-07,0.7792734503746033,0.8101018071174622,-0.02539091184735298,0.7525179386138916,0.7103620767593384,-0.04191063717007637,0.7949554920196533,0.6385002136230469,-0.06254175305366516,0.8546246886253357,0.6282301545143127,-0.08019492775201797,0.7694892287254333,0.5616018176078796,-0.012872952967882156,0.7371057271957397,0.467001736164093,-0.056962694972753525,0.7306541800498962,0.4178731441497803,-0.0908406674861908,0.7310301661491394,0.43502289056777954,-0.10930293798446655,0.8314070105552673,0.5671131610870361,-0.02573055401444435,0.8541902303695679,0.4440177083015442,-0.07813030481338501,0.851470947265625,0.4002653956413269,-0.11343257874250412,0.8495646715164185,0.41530776023864746,-0.12818914651870728,0.8793105483055115,0.6079856157302856,-0.04369419813156128,0.9077786803245544,0.5406681895256042,-0.09008267521858215,0.8716717958450317,0.6171709895133972,-0.09276629984378815,0.844068706035614,0.6842831373214722,-0.0816509947180748,0.9174150228500366,0.6647725701332092,-0.06481409817934036,0.9044660329818726,0.6687668561935425,-0.0956478863954544,0.8749976754188538,0.7209230661392212,-0.09409154206514359,0.8575913310050964,0.7562260627746582,-0.08444903045892715,ई
0.0,0.0,0.0,0.0,0.0,0.0,0.0,0.0,0.0,0.0,0.0,0.0,0.0,0.0,0.0,0.0,0.0,0.0,0.0,0.0,0.0,0.0,0.0,0.0,0.0,0.0,0.0,0.0,0.0,0.0,0.0,0.0,0.0,0.0,0.0,0.0,0.0,0.0,0.0,0.0,0.0,0.0,0.0,0.0,0.0,0.0,0.0,0.0,0.0,0.0,0.0,0.0,0.0,0.0,0.0,0.0,0.0,0.0,0.0,0.0,0.0,0.0,0.0,0.8360427021980286,0.8542616367340088,5.605224941973574e-07,0.7715054750442505,0.8122503161430359,-0.025452930480241776,0.7426729202270508,0.7073994278907776,-0.04103809967637062,0.7849835753440857,0.6322532296180725,-0.06114842742681503,0.8466623425483704,0.6297398209571838,-0.07884145528078079,0.7629303336143494,0.5667705535888672,-0.012446372769773006,0.7297480702400208,0.47422704100608826,-0.056785497814416885,0.7230618596076965,0.41843828558921814,-0.09015301614999771,0.7212194800376892,0.4296495318412781,-0.10821046680212021,0.8224231004714966,0.5674571394920349,-0.02571217529475689,0.845287024974823,0.4381570816040039,-0.08093814551830292,0.8419528007507324,0.3949260115623474,-0.11555817723274231,0.8372740745544434,0.4152679741382599,-0.1276421695947647,0.8692024946212769,0.6048111319541931,-0.04408881813287735,0.8984613418579102,0.5338153839111328,-0.09249801933765411,0.8620055913925171,0.6114637851715088,-0.0940360575914383,0.8337728977203369,0.6804971694946289,-0.08015493303537369,0.9081562757492065,0.6605432033538818,-0.0656970739364624,0.8961913585662842,0.6577452421188354,-0.09688083082437515,0.8668095469474792,0.7077270150184631,-0.09444717317819595,0.8493305444717407,0.7430693507194519,-0.08310321718454361,ई
0.0,0.0,0.0,0.0,0.0,0.0,0.0,0.0,0.0,0.0,0.0,0.0,0.0,0.0,0.0,0.0,0.0,0.0,0.0,0.0,0.0,0.0,0.0,0.0,0.0,0.0,0.0,0.0,0.0,0.0,0.0,0.0,0.0,0.0,0.0,0.0,0.0,0.0,0.0,0.0,0.0,0.0,0.0,0.0,0.0,0.0,0.0,0.0,0.0,0.0,0.0,0.0,0.0,0.0,0.0,0.0,0.0,0.0,0.0,0.0,0.0,0.0,0.0,0.8290177583694458,0.8537683486938477,5.433550427369482e-07,0.7655655741691589,0.8082425594329834,-0.023853594437241554,0.7363587617874146,0.7095184922218323,-0.039804935455322266,0.7754048109054565,0.6373351812362671,-0.060424692928791046,0.8342454433441162,0.6307269334793091,-0.07856301963329315,0.7543774247169495,0.5654250383377075,-0.012805283069610596,0.7207399606704712,0.47117191553115845,-0.05716846510767937,0.7125334739685059,0.4172620177268982,-0.09073647856712341,0.7099807858467102,0.4308062791824341,-0.1087699756026268,0.8143833875656128,0.5672606229782104,-0.026633892208337784,0.8378722667694092,0.4381563663482666,-0.08076447248458862,0.8332254886627197,0.3952060341835022,-0.11515800654888153,0.8273460865020752,0.41522127389907837,-0.1277371346950531,0.8615208864212036,0.6044169664382935,-0.0452810637652874,0.8888618350028992,0.5309196710586548,-0.09320377558469772,0.8532484173774719,0.608327329158783,-0.09515724331140518,0.8260385394096375,0.6787180304527283,-0.0820685625076294,0.9000890254974365,0.6588126420974731,-0.06693429499864578,0.8866091370582581,0.6559233665466309,-0.0987127348780632,0.8577906489372253,0.7073161005973816,-0.09667879343032837,0.8412133455276489,0.7453761100769043,-0.0856265127658844,ई
0.0,0.0,0.0,0.0,0.0,0.0,0.0,0.0,0.0,0.0,0.0,0.0,0.0,0.0,0.0,0.0,0.0,0.0,0.0,0.0,0.0,0.0,0.0,0.0,0.0,0.0,0.0,0.0,0.0,0.0,0.0,0.0,0.0,0.0,0.0,0.0,0.0,0.0,0.0,0.0,0.0,0.0,0.0,0.0,0.0,0.0,0.0,0.0,0.0,0.0,0.0,0.0,0.0,0.0,0.0,0.0,0.0,0.0,0.0,0.0,0.0,0.0,0.0,0.8246656656265259,0.8481134176254272,5.174582042855036e-07,0.763664960861206,0.8093854188919067,-0.0238181222230196,0.7325646281242371,0.7113451361656189,-0.03963322937488556,0.7669374942779541,0.6340014338493347,-0.05995568633079529,0.8241362571716309,0.6260948181152344,-0.07731802016496658,0.7493152022361755,0.5636346936225891,-0.01110924780368805,0.7141597867012024,0.46921461820602417,-0.05468854680657387,0.7067373991012573,0.41738587617874146,-0.08626480400562286,0.7046539187431335,0.43346309661865234,-0.10291685909032822,0.8085968494415283,0.5638574361801147,-0.024710729718208313,0.8292565941810608,0.43655312061309814,-0.07783082127571106,0.8258691430091858,0.3967905342578888,-0.10971344262361526,0.8204376101493835,0.4161665439605713,-0.12065961956977844,0.8554301857948303,0.599675178527832,-0.04353111982345581,0.881934404373169,0.5299237370491028,-0.09132041782140732,0.8500728607177734,0.6078066825866699,-0.09149721264839172,0.8234640955924988,0.675204873085022,-0.07767920941114426,0.8951079845428467,0.6534407138824463,-0.06546976417303085,0.8840346932411194,0.6571248173713684,-0.09825623035430908,0.856036365032196,0.7121258974075317,-0.096902996301651,0.8374302387237549,0.7495119571685791,-0.08668168634176254,ई
0.0,0.0,0.0,0.0,0.0,0.0,0.0,0.0,0.0,0.0,0.0,0.0,0.0,0.0,0.0,0.0,0.0,0.0,0.0,0.0,0.0,0.0,0.0,0.0,0.0,0.0,0.0,0.0,0.0,0.0,0.0,0.0,0.0,0.0,0.0,0.0,0.0,0.0,0.0,0.0,0.0,0.0,0.0,0.0,0.0,0.0,0.0,0.0,0.0,0.0,0.0,0.0,0.0,0.0,0.0,0.0,0.0,0.0,0.0,0.0,0.0,0.0,0.0,0.8256373405456543,0.8447078466415405,5.379940830607666e-07,0.7645561695098877,0.8060890436172485,-0.025289716199040413,0.7355292439460754,0.7097604870796204,-0.040750857442617416,0.7717965841293335,0.6306556463241577,-0.06033160164952278,0.8278522491455078,0.6160974502563477,-0.07700832933187485,0.7477620244026184,0.5588796734809875,-0.010592677630484104,0.7130444049835205,0.46756821870803833,-0.05299206078052521,0.7061672806739807,0.41564318537712097,-0.08554534614086151,0.7071764469146729,0.42931196093559265,-0.10326120257377625,0.8083354830741882,0.5603984594345093,-0.02278255857527256,0.8278523683547974,0.4368966221809387,-0.0743175521492958,0.8231944441795349,0.39389675855636597,-0.10810963064432144,0.819692850112915,0.4105236232280731,-0.12126047909259796,0.8562167286872864,0.5971902012825012,-0.040138304233551025,0.881641149520874,0.5260025858879089,-0.0864902213215828,0.8492985367774963,0.601629376411438,-0.08868090063333511,0.8255882859230042,0.6703190803527832,-0.07667771726846695,0.894666314125061,0.6503448486328125,-0.060649070888757706,0.8806553483009338,0.6512783765792847,-0.09181403368711472,0.8534950017929077,0.7019364833831787,-0.09045809507369995,0.8386081457138062,0.7381224036216736,-0.08043735474348068,ई
0.0,0.0,0.0,0.0,0.0,0.0,0.0,0.0,0.0,0.0,0.0,0.0,0.0,0.0,0.0,0.0,0.0,0.0,0.0,0.0,0.0,0.0,0.0,0.0,0.0,0.0,0.0,0.0,0.0,0.0,0.0,0.0,0.0,0.0,0.0,0.0,0.0,0.0,0.0,0.0,0.0,0.0,0.0,0.0,0.0,0.0,0.0,0.0,0.0,0.0,0.0,0.0,0.0,0.0,0.0,0.0,0.0,0.0,0.0,0.0,0.0,0.0,0.0,0.8276842832565308,0.844463586807251,5.435610432868998e-07,0.7652843594551086,0.8026719093322754,-0.02459622547030449,0.7377173900604248,0.7001779079437256,-0.039608895778656006,0.7775912284851074,0.626122772693634,-0.05902446433901787,0.8360975980758667,0.6210741996765137,-0.0753943994641304,0.7509939074516296,0.5567290186882019,-0.010413182899355888,0.716859757900238,0.46284499764442444,-0.05458076298236847,0.7105619311332703,0.41317224502563477,-0.08830774575471878,0.7107210755348206,0.4299211800098419,-0.10646314918994904,0.8109806180000305,0.5571624040603638,-0.02340604178607464,0.8309562802314758,0.43385955691337585,-0.0771062821149826,0.8278077244758606,0.39169734716415405,-0.11192784458398819,0.8245088458061218,0.41030409932136536,-0.12518310546875,0.8582266569137573,0.5934306383132935,-0.04157240316271782,0.885191798210144,0.5260752439498901,-0.0894717201590538,0.85357266664505,0.6065078973770142,-0.09109237790107727,0.8287560343742371,0.6778135299682617,-0.07795669883489609,0.8968871235847473,0.6465033888816833,-0.06299985945224762,0.8862020373344421,0.6521992087364197,-0.09525581449270248,0.8595500588417053,0.706608772277832,-0.09362189471721649,0.8437151908874512,0.744411826133728,-0.0829177051782608,ई
0.0,0.0,0.0,0.0,0.0,0.0,0.0,0.0,0.0,0.0,0.0,0.0,0.0,0.0,0.0,0.0,0.0,0.0,0.0,0.0,0.0,0.0,0.0,0.0,0.0,0.0,0.0,0.0,0.0,0.0,0.0,0.0,0.0,0.0,0.0,0.0,0.0,0.0,0.0,0.0,0.0,0.0,0.0,0.0,0.0,0.0,0.0,0.0,0.0,0.0,0.0,0.0,0.0,0.0,0.0,0.0,0.0,0.0,0.0,0.0,0.0,0.0,0.0,0.8310254812240601,0.8456781506538391,5.378212222240109e-07,0.7690111398696899,0.8085393309593201,-0.025797711685299873,0.7393459677696228,0.7088554501533508,-0.040733203291893005,0.7771515846252441,0.6322420239448547,-0.05964202806353569,0.834938645362854,0.6248375773429871,-0.07563482969999313,0.7519289255142212,0.5592076182365417,-0.009298553690314293,0.7196166515350342,0.46380192041397095,-0.0528445839881897,0.7127501368522644,0.4111902117729187,-0.08591796457767487,0.7114790678024292,0.4291535019874573,-0.10316377878189087,0.8111671209335327,0.5597275495529175,-0.021114597097039223,0.8333361148834229,0.4333222210407257,-0.07377036660909653,0.8296018242835999,0.39177748560905457,-0.10773321986198425,0.8249849081039429,0.41320908069610596,-0.11979105323553085,0.8578015565872192,0.595495879650116,-0.03844559192657471,0.8858557343482971,0.5276507139205933,-0.08576051145792007,0.8542596101760864,0.6010196805000305,-0.08914858847856522,0.8297727704048157,0.668432891368866,-0.07705983519554138,0.8958590030670166,0.647658109664917,-0.05887226387858391,0.8822974562644958,0.6481287479400635,-0.0906839519739151,0.8560786247253418,0.7007876038551331,-0.08964391052722931,0.8415305614471436,0.7383038401603699,-0.07928385585546494,ई
0.0,0.0,0.0,0.0,0.0,0.0,0.0,0.0,0.0,0.0,0.0,0.0,0.0,0.0,0.0,0.0,0.0,0.0,0.0,0.0,0.0,0.0,0.0,0.0,0.0,0.0,0.0,0.0,0.0,0.0,0.0,0.0,0.0,0.0,0.0,0.0,0.0,0.0,0.0,0.0,0.0,0.0,0.0,0.0,0.0,0.0,0.0,0.0,0.0,0.0,0.0,0.0,0.0,0.0,0.0,0.0,0.0,0.0,0.0,0.0,0.0,0.0,0.0,0.8299800157546997,0.8515051007270813,5.616975045086292e-07,0.7654494047164917,0.8148906230926514,-0.028286287561058998,0.733826220035553,0.7125709056854248,-0.04391581565141678,0.7732646465301514,0.6323651671409607,-0.063186414539814,0.8358355164527893,0.6247784495353699,-0.07942132651805878,0.7519775032997131,0.5656712651252747,-0.01314261183142662,0.7204088568687439,0.4768615961074829,-0.058849480003118515,0.7125939726829529,0.42188143730163574,-0.09406092017889023,0.7099165320396423,0.43116772174835205,-0.11369992047548294,0.8114493489265442,0.5646538734436035,-0.02531316690146923,0.8328061699867249,0.43680340051651,-0.0834898129105568,0.8290894627571106,0.39548438787460327,-0.12084230035543442,0.8250079154968262,0.4176921844482422,-0.1342564821243286,0.8581984043121338,0.5999351739883423,-0.042645297944545746,0.8876358866691589,0.5338425040245056,-0.09408728033304214,0.8531818985939026,0.6172049641609192,-0.09558205306529999,0.8263376951217651,0.6892610788345337,-0.08072590827941895,0.8968143463134766,0.6528908014297485,-0.06353180855512619,0.8878594636917114,0.6567748188972473,-0.09729016572237015,0.8605875372886658,0.7130506038665771,-0.09471507370471954,0.8448601961135864,0.7509938478469849,-0.08247968554496765,ई
0.0,0.0,0.0,0.0,0.0,0.0,0.0,0.0,0.0,0.0,0.0,0.0,0.0,0.0,0.0,0.0,0.0,0.0,0.0,0.0,0.0,0.0,0.0,0.0,0.0,0.0,0.0,0.0,0.0,0.0,0.0,0.0,0.0,0.0,0.0,0.0,0.0,0.0,0.0,0.0,0.0,0.0,0.0,0.0,0.0,0.0,0.0,0.0,0.0,0.0,0.0,0.0,0.0,0.0,0.0,0.0,0.0,0.0,0.0,0.0,0.0,0.0,0.0,0.8297311067581177,0.8504521250724792,5.397145059760078e-07,0.7688056826591492,0.8115552663803101,-0.02624448947608471,0.7420121431350708,0.7106059193611145,-0.04062884300947189,0.782049298286438,0.6366255879402161,-0.05882328376173973,0.8397817015647888,0.6325318217277527,-0.07411937415599823,0.7539944648742676,0.5623289942741394,-0.010385329835116863,0.7219976186752319,0.46948331594467163,-0.05295046418905258,0.7146567702293396,0.4201135039329529,-0.08607476204633713,0.7135196328163147,0.437052845954895,-0.10382984578609467,0.8148027062416077,0.5635285377502441,-0.021802784875035286,0.8360375761985779,0.4434265196323395,-0.0731988176703453,0.8313969373703003,0.3998706340789795,-0.1079740971326828,0.826730489730835,0.4186243414878845,-0.12161894887685776,0.8618371486663818,0.6010437607765198,-0.03856361657381058,0.8883184194564819,0.5372313261032104,-0.0847540870308876,0.8559495210647583,0.612244188785553,-0.08872547745704651,0.8315743207931519,0.6812942028045654,-0.07766211777925491,0.8992772102355957,0.6550130844116211,-0.05856366083025932,0.8878093957901001,0.6607169508934021,-0.08967567980289459,0.8623095154762268,0.7131922841072083,-0.0890243798494339,0.848574697971344,0.7509284019470215,-0.07934921234846115,ई
0.0,0.0,0.0,0.0,0.0,0.0,0.0,0.0,0.0,0.0,0.0,0.0,0.0,0.0,0.0,0.0,0.0,0.0,0.0,0.0,0.0,0.0,0.0,0.0,0.0,0.0,0.0,0.0,0.0,0.0,0.0,0.0,0.0,0.0,0.0,0.0,0.0,0.0,0.0,0.0,0.0,0.0,0.0,0.0,0.0,0.0,0.0,0.0,0.0,0.0,0.0,0.0,0.0,0.0,0.0,0.0,0.0,0.0,0.0,0.0,0.0,0.0,0.0,0.8278313279151917,0.8442583084106445,5.908677280785923e-07,0.7680913805961609,0.804796576499939,-0.027014488354325294,0.7418381571769714,0.7078192234039307,-0.0439668744802475,0.7823870182037354,0.6323763132095337,-0.06497126072645187,0.8412671685218811,0.6251729726791382,-0.08283681422472,0.7542843222618103,0.5588333010673523,-0.012729744426906109,0.72145676612854,0.46459782123565674,-0.05867960304021835,0.716975748538971,0.41443485021591187,-0.09389451146125793,0.7190694808959961,0.43329089879989624,-0.11248131841421127,0.8149793148040771,0.5627943873405457,-0.024922532960772514,0.8370630741119385,0.44110313057899475,-0.07925466448068619,0.8335222601890564,0.39819151163101196,-0.1145232543349266,0.8301482796669006,0.4162379801273346,-0.1278824508190155,0.8625092506408691,0.6015740036964417,-0.04260578751564026,0.8907042145729065,0.5356194972991943,-0.09133858233690262,0.8567306399345398,0.6150511503219604,-0.09295586496591568,0.8314041495323181,0.6848056316375732,-0.07944932579994202,0.9001925587654114,0.6562319993972778,-0.06358633935451508,0.8896218538284302,0.6581350564956665,-0.09554019570350647,0.8621392250061035,0.7125434875488281,-0.09232612699270248,0.8474896550178528,0.7490901350975037,-0.08024702221155167,ई
0.0,0.0,0.0,0.0,0.0,0.0,0.0,0.0,0.0,0.0,0.0,0.0,0.0,0.0,0.0,0.0,0.0,0.0,0.0,0.0,0.0,0.0,0.0,0.0,0.0,0.0,0.0,0.0,0.0,0.0,0.0,0.0,0.0,0.0,0.0,0.0,0.0,0.0,0.0,0.0,0.0,0.0,0.0,0.0,0.0,0.0,0.0,0.0,0.0,0.0,0.0,0.0,0.0,0.0,0.0,0.0,0.0,0.0,0.0,0.0,0.0,0.0,0.0,0.8302581310272217,0.8478301763534546,5.720630156247353e-07,0.7692179679870605,0.8074181079864502,-0.025972725823521614,0.7422265410423279,0.7085075974464417,-0.04220111295580864,0.7838042974472046,0.6336943507194519,-0.062422532588243484,0.8434643149375916,0.6277474761009216,-0.07951895147562027,0.7547118067741394,0.5608180165290833,-0.012350942008197308,0.722463071346283,0.4681852459907532,-0.05628024786710739,0.7166510224342346,0.4194340109825134,-0.08992641419172287,0.7179626822471619,0.4379183053970337,-0.10801379382610321,0.8152225613594055,0.5641022324562073,-0.024476023390889168,0.8366805911064148,0.4432174563407898,-0.07669170945882797,0.8329797387123108,0.40021294355392456,-0.11090927571058273,0.8302669525146484,0.4162277579307556,-0.12434820085763931,0.8629288077354431,0.6028077006340027,-0.041843850165605545,0.8896178007125854,0.5365741848945618,-0.08863133937120438,0.8557221293449402,0.6151350140571594,-0.09017382562160492,0.8306944966316223,0.6844649314880371,-0.07737557590007782,0.9011034965515137,0.6572191715240479,-0.06244834139943123,0.8880282640457153,0.658939003944397,-0.0934593454003334,0.8607798218727112,0.7113313674926758,-0.09086287021636963,0.8462067246437073,0.7478072643280029,-0.07972029596567154,ई
0.0,0.0,0.0,0.0,0.0,0.0,0.0,0.0,0.0,0.0,0.0,0.0,0.0,0.0,0.0,0.0,0.0,0.0,0.0,0.0,0.0,0.0,0.0,0.0,0.0,0.0,0.0,0.0,0.0,0.0,0.0,0.0,0.0,0.0,0.0,0.0,0.0,0.0,0.0,0.0,0.0,0.0,0.0,0.0,0.0,0.0,0.0,0.0,0.0,0.0,0.0,0.0,0.0,0.0,0.0,0.0,0.0,0.0,0.0,0.0,0.0,0.0,0.0,0.8305118083953857,0.8468353748321533,5.656697794620413e-07,0.7701404690742493,0.8083982467651367,-0.026898475363850594,0.7421441674232483,0.7110048532485962,-0.043723296374082565,0.7825518250465393,0.6374728679656982,-0.06408742815256119,0.8414298295974731,0.6307535171508789,-0.08145180344581604,0.7549415826797485,0.5641721487045288,-0.014865954406559467,0.7205628752708435,0.4678781032562256,-0.05851910263299942,0.7149976491928101,0.4180086851119995,-0.09088993817567825,0.7164400815963745,0.4363898038864136,-0.10759955644607544,0.814755916595459,0.5659915208816528,-0.025997817516326904,0.8365188241004944,0.44332727789878845,-0.07792115956544876,0.8329060673713684,0.4009369909763336,-0.11046309024095535,0.8288863897323608,0.41862621903419495,-0.12226201593875885,0.8612889647483826,0.6025825142860413,-0.04244675114750862,0.8889127373695374,0.5384349226951599,-0.08963318169116974,0.8564422726631165,0.6138991713523865,-0.09192819893360138,0.8308987617492676,0.682293176651001,-0.07938575744628906,0.8989441394805908,0.6547751426696777,-0.06206110119819641,0.886909544467926,0.6566410064697266,-0.09460088610649109,0.860893726348877,0.7097437381744385,-0.0934147834777832,0.8453978896141052,0.7484675645828247,-0.08298727124929428,ई
0.0,0.0,0.0,0.0,0.0,0.0,0.0,0.0,0.0,0.0,0.0,0.0,0.0,0.0,0.0,0.0,0.0,0.0,0.0,0.0,0.0,0.0,0.0,0.0,0.0,0.0,0.0,0.0,0.0,0.0,0.0,0.0,0.0,0.0,0.0,0.0,0.0,0.0,0.0,0.0,0.0,0.0,0.0,0.0,0.0,0.0,0.0,0.0,0.0,0.0,0.0,0.0,0.0,0.0,0.0,0.0,0.0,0.0,0.0,0.0,0.0,0.0,0.0,0.8282114863395691,0.8533651828765869,5.689471436198801e-07,0.7666729688644409,0.8178852200508118,-0.027133237570524216,0.7377485036849976,0.717936635017395,-0.04295974597334862,0.7762795090675354,0.6378427147865295,-0.06278157979249954,0.8345411419868469,0.6304384469985962,-0.07983895391225815,0.7527731657028198,0.5686456561088562,-0.010519403964281082,0.7197673320770264,0.47682058811187744,-0.054303210228681564,0.713675320148468,0.42448511719703674,-0.08770626783370972,0.7141454219818115,0.4389989674091339,-0.10555409640073776,0.8126310706138611,0.5697285532951355,-0.02226998098194599,0.832923173904419,0.44670408964157104,-0.07516457885503769,0.8289459943771362,0.4032498598098755,-0.10948861390352249,0.8261961936950684,0.4199112057685852,-0.12217147648334503,0.8595756888389587,0.6063693761825562,-0.03957437723875046,0.887657105922699,0.5379014015197754,-0.08813145756721497,0.8532555103302002,0.616066575050354,-0.09035369753837585,0.8281298279762268,0.6854829788208008,-0.07711941003799438,0.8978859782218933,0.6593632698059082,-0.06009700894355774,0.8858333826065063,0.6594833731651306,-0.09267255663871765,0.8591319918632507,0.7135613560676575,-0.09054144471883774,0.8455560207366943,0.7509984374046326,-0.0790901631116867,ई
0.0,0.0,0.0,0.0,0.0,0.0,0.0,0.0,0.0,0.0,0.0,0.0,0.0,0.0,0.0,0.0,0.0,0.0,0.0,0.0,0.0,0.0,0.0,0.0,0.0,0.0,0.0,0.0,0.0,0.0,0.0,0.0,0.0,0.0,0.0,0.0,0.0,0.0,0.0,0.0,0.0,0.0,0.0,0.0,0.0,0.0,0.0,0.0,0.0,0.0,0.0,0.0,0.0,0.0,0.0,0.0,0.0,0.0,0.0,0.0,0.0,0.0,0.0,0.8312459588050842,0.853058397769928,5.739482844546728e-07,0.7696970701217651,0.8128622770309448,-0.025245212018489838,0.7438298463821411,0.7111556529998779,-0.040372204035520554,0.786344051361084,0.6377996206283569,-0.05982095003128052,0.8450034856796265,0.6374565958976746,-0.0763777643442154,0.7564076781272888,0.5637767314910889,-0.010392808355391026,0.7240654826164246,0.4656413793563843,-0.05489177629351616,0.7188096046447754,0.41649574041366577,-0.08857923001050949,0.719674289226532,0.4383699297904968,-0.10590209811925888,0.81742924451828,0.5685713291168213,-0.02287045679986477,0.8392119407653809,0.44411900639533997,-0.07567401975393295,0.8347733020782471,0.4002118408679962,-0.11024422943592072,0.8301547765731812,0.4184739589691162,-0.12323030829429626,0.8644813299179077,0.6084885001182556,-0.0408397912979126,0.8897284269332886,0.5417289137840271,-0.08887013792991638,0.8569607138633728,0.6188333034515381,-0.09171018749475479,0.8324573040008545,0.6862762570381165,-0.07901756465435028,0.9015676379203796,0.6636507511138916,-0.0617818683385849,0.8871113061904907,0.6596840620040894,-0.09344229102134705,0.8602834343910217,0.7132253646850586,-0.09088373184204102,0.8460434675216675,0.7497702240943909,-0.07943134754896164,ई
0.0,0.0,0.0,0.0,0.0,0.0,0.0,0.0,0.0,0.0,0.0,0.0,0.0,0.0,0.0,0.0,0.0,0.0,0.0,0.0,0.0,0.0,0.0,0.0,0.0,0.0,0.0,0.0,0.0,0.0,0.0,0.0,0.0,0.0,0.0,0.0,0.0,0.0,0.0,0.0,0.0,0.0,0.0,0.0,0.0,0.0,0.0,0.0,0.0,0.0,0.0,0.0,0.0,0.0,0.0,0.0,0.0,0.0,0.0,0.0,0.0,0.0,0.0,0.8334425091743469,0.8544070720672607,5.599227392849571e-07,0.7718371748924255,0.8138856887817383,-0.027036719024181366,0.7452078461647034,0.7129958271980286,-0.04310356825590134,0.7866083979606628,0.6392986178398132,-0.06301115453243256,0.845292866230011,0.6373869180679321,-0.07987609505653381,0.7617588639259338,0.5669590830802917,-0.012002484872937202,0.7286628484725952,0.4730457067489624,-0.05542615428566933,0.7219364643096924,0.4229304790496826,-0.088077113032341,0.7210245132446289,0.43883466720581055,-0.10541224479675293,0.8207771182060242,0.5693188905715942,-0.023595208302140236,0.8428675532341003,0.4480445086956024,-0.07633961737155914,0.839701771736145,0.4029533863067627,-0.11037316918373108,0.8362171649932861,0.4185340702533722,-0.12340538948774338,0.8663990497589111,0.606873095035553,-0.04063250496983528,0.8955859541893005,0.5421784520149231,-0.08949066698551178,0.8621498346328735,0.6196920871734619,-0.09248718619346619,0.8358363509178162,0.6898952722549438,-0.08008912950754166,0.9034612774848938,0.6605950593948364,-0.06089501827955246,0.8936760425567627,0.6640841364860535,-0.09450491517782211,0.866663932800293,0.7199141979217529,-0.09373187273740768,0.8505284190177917,0.7606643438339233,-0.08352990448474884,ई
0.0,0.0,0.0,0.0,0.0,0.0,0.0,0.0,0.0,0.0,0.0,0.0,0.0,0.0,0.0,0.0,0.0,0.0,0.0,0.0,0.0,0.0,0.0,0.0,0.0,0.0,0.0,0.0,0.0,0.0,0.0,0.0,0.0,0.0,0.0,0.0,0.0,0.0,0.0,0.0,0.0,0.0,0.0,0.0,0.0,0.0,0.0,0.0,0.0,0.0,0.0,0.0,0.0,0.0,0.0,0.0,0.0,0.0,0.0,0.0,0.0,0.0,0.0,0.836959719657898,0.852493405342102,6.093472393331467e-07,0.7747126817703247,0.8139137625694275,-0.029181066900491714,0.7482184171676636,0.7100773453712463,-0.045776624232530594,0.794208824634552,0.6329526305198669,-0.06590569764375687,0.8565013408660889,0.6329719424247742,-0.08290296792984009,0.7601565718650818,0.566408634185791,-0.013894004747271538,0.7286255359649658,0.46888577938079834,-0.05924427881836891,0.722245991230011,0.4190840721130371,-0.09361454099416733,0.7230471968650818,0.441006064414978,-0.11127442866563797,0.8213582038879395,0.5693269371986389,-0.024194326251745224,0.8448144793510437,0.445827454328537,-0.07760236412286758,0.8411048650741577,0.39983534812927246,-0.11226574331521988,0.8384808301925659,0.4179115891456604,-0.12514208257198334,0.8687986731529236,0.6087180972099304,-0.040283385664224625,0.8964376449584961,0.5463651418685913,-0.08813544362783432,0.8623552918434143,0.6242373585700989,-0.09073488414287567,0.8374096155166626,0.6940768957138062,-0.07771135121583939,0.9065368175506592,0.6635615825653076,-0.05980958417057991,0.8932650089263916,0.6624330282211304,-0.09117891639471054,0.8673169016838074,0.7153773307800293,-0.08851918578147888,0.854274570941925,0.752792477607727,-0.07687754929065704,ई
0.0,0.0,0.0,0.0,0.0,0.0,0.0,0.0,0.0,0.0,0.0,0.0,0.0,0.0,0.0,0.0,0.0,0.0,0.0,0.0,0.0,0.0,0.0,0.0,0.0,0.0,0.0,0.0,0.0,0.0,0.0,0.0,0.0,0.0,0.0,0.0,0.0,0.0,0.0,0.0,0.0,0.0,0.0,0.0,0.0,0.0,0.0,0.0,0.0,0.0,0.0,0.0,0.0,0.0,0.0,0.0,0.0,0.0,0.0,0.0,0.0,0.0,0.0,0.8326752781867981,0.8547786474227905,5.670779614774801e-07,0.7717930674552917,0.8138867020606995,-0.025522878393530846,0.7460232377052307,0.7149091958999634,-0.04056181013584137,0.7848057150840759,0.6429339647293091,-0.059129416942596436,0.839292049407959,0.6345340013504028,-0.07434216141700745,0.7598253488540649,0.5680984258651733,-0.0136973662301898,0.7253178358078003,0.4691122770309448,-0.05721917375922203,0.7220014929771423,0.4200376272201538,-0.08854776620864868,0.7256229519844055,0.43944185972213745,-0.10420172661542892,0.8196160197257996,0.5717915296554565,-0.02471039816737175,0.8405759334564209,0.4489114582538605,-0.07600939273834229,0.8403559327125549,0.40771716833114624,-0.10720313340425491,0.8390507698059082,0.42328575253486633,-0.11805093288421631,0.8657186031341553,0.6081950068473816,-0.04103288799524307,0.8957170248031616,0.5436282753944397,-0.08883754909038544,0.865009069442749,0.621337354183197,-0.09076263755559921,0.8395044803619385,0.690710186958313,-0.07798430323600769,0.9025014042854309,0.6593221426010132,-0.06043671816587448,0.8956518769264221,0.6696182489395142,-0.09502910822629929,0.8699430227279663,0.7262994050979614,-0.09534680843353271,0.8534985780715942,0.765754222869873,-0.08563604950904846,ई
0.0,0.0,0.0,0.0,0.0,0.0,0.0,0.0,0.0,0.0,0.0,0.0,0.0,0.0,0.0,0.0,0.0,0.0,0.0,0.0,0.0,0.0,0.0,0.0,0.0,0.0,0.0,0.0,0.0,0.0,0.0,0.0,0.0,0.0,0.0,0.0,0.0,0.0,0.0,0.0,0.0,0.0,0.0,0.0,0.0,0.0,0.0,0.0,0.0,0.0,0.0,0.0,0.0,0.0,0.0,0.0,0.0,0.0,0.0,0.0,0.0,0.0,0.0,0.8326573967933655,0.8580410480499268,5.420361048891209e-07,0.7727144360542297,0.8203617334365845,-0.025444500148296356,0.7450353503227234,0.7184957265853882,-0.0401211716234684,0.7853826880455017,0.643214762210846,-0.058704525232315063,0.8438534736633301,0.6364731192588806,-0.07409973442554474,0.7596652507781982,0.5710301399230957,-0.011838900856673717,0.7276849150657654,0.47599002718925476,-0.05588086321949959,0.7210032939910889,0.4259939193725586,-0.0886806920170784,0.7200645208358765,0.44360536336898804,-0.10609002411365509,0.8198230266571045,0.5726794004440308,-0.0238735880702734,0.8406326174736023,0.44959771633148193,-0.0769660547375679,0.8376893401145935,0.4076470732688904,-0.11067722737789154,0.8344976305961609,0.42546969652175903,-0.12325519323348999,0.8665479421615601,0.6096075177192688,-0.04120316728949547,0.8959733843803406,0.5458997488021851,-0.08916472643613815,0.8614211082458496,0.624683678150177,-0.09120943397283554,0.8337231874465942,0.694183349609375,-0.07867013663053513,0.9041880965232849,0.6621339917182922,-0.06177433952689171,0.8947274684906006,0.6740639805793762,-0.09552496671676636,0.8660519123077393,0.7297142148017883,-0.09553192555904388,0.8484749794006348,0.7668108344078064,-0.08592354506254196,ई
0.0,0.0,0.0,0.0,0.0,0.0,0.0,0.0,0.0,0.0,0.0,0.0,0.0,0.0,0.0,0.0,0.0,0.0,0.0,0.0,0.0,0.0,0.0,0.0,0.0,0.0,0.0,0.0,0.0,0.0,0.0,0.0,0.0,0.0,0.0,0.0,0.0,0.0,0.0,0.0,0.0,0.0,0.0,0.0,0.0,0.0,0.0,0.0,0.0,0.0,0.0,0.0,0.0,0.0,0.0,0.0,0.0,0.0,0.0,0.0,0.0,0.0,0.0,0.8323558568954468,0.8597916960716248,5.554746280722611e-07,0.770368754863739,0.8184404969215393,-0.02717740088701248,0.7424946427345276,0.7219408750534058,-0.04280645400285721,0.7814666628837585,0.6509096026420593,-0.06209150701761246,0.8384053111076355,0.6429093480110168,-0.07853090018033981,0.7580227255821228,0.5728387832641602,-0.01273445412516594,0.7248582243919373,0.4794517159461975,-0.054965995252132416,0.7185584902763367,0.4292541742324829,-0.08704673498868942,0.7195959687232971,0.4441874027252197,-0.10387643426656723,0.8184720873832703,0.5760733485221863,-0.02341081015765667,0.8391350507736206,0.45803624391555786,-0.07275495678186417,0.8362687826156616,0.41252219676971436,-0.10549789667129517,0.8342936635017395,0.4245370030403137,-0.11837830394506454,0.8651854395866394,0.6143961548805237,-0.03958606347441673,0.8939367532730103,0.5527169704437256,-0.08542199432849884,0.8613595366477966,0.6254139542579651,-0.09000193327665329,0.8364471793174744,0.6920529007911682,-0.07955724745988846,0.9026982188224792,0.6689987182617188,-0.05887310579419136,0.890373706817627,0.6732217073440552,-0.09007975459098816,0.8635134100914001,0.7221918702125549,-0.08989591896533966,0.8478675484657288,0.7582223415374756,-0.08061771839857101,ई
0.0,0.0,0.0,0.0,0.0,0.0,0.0,0.0,0.0,0.0,0.0,0.0,0.0,0.0,0.0,0.0,0.0,0.0,0.0,0.0,0.0,0.0,0.0,0.0,0.0,0.0,0.0,0.0,0.0,0.0,0.0,0.0,0.0,0.0,0.0,0.0,0.0,0.0,0.0,0.0,0.0,0.0,0.0,0.0,0.0,0.0,0.0,0.0,0.0,0.0,0.0,0.0,0.0,0.0,0.0,0.0,0.0,0.0,0.0,0.0,0.0,0.0,0.0,0.8318555355072021,0.864700436592102,5.571631049861026e-07,0.7706469297409058,0.8250683546066284,-0.02527591399848461,0.7421623468399048,0.7247763872146606,-0.04072768613696098,0.7805695533752441,0.6501306891441345,-0.06050557643175125,0.8397190570831299,0.6460608243942261,-0.07696154713630676,0.7556783556938171,0.5772043466567993,-0.010197000578045845,0.7248278260231018,0.4805903732776642,-0.05524861812591553,0.7179282903671265,0.43133994936943054,-0.08957405388355255,0.7163567543029785,0.45197224617004395,-0.10754216462373734,0.8156859874725342,0.5796585083007812,-0.023012621328234673,0.837519109249115,0.45419976115226746,-0.07642482966184616,0.8335934281349182,0.4114747643470764,-0.11150012910366058,0.8294086456298828,0.4318556487560272,-0.12468787282705307,0.8629036545753479,0.6179567575454712,-0.04119472950696945,0.8904432654380798,0.5531432628631592,-0.08788739889860153,0.8563551306724548,0.6303362846374512,-0.0895812138915062,0.8301874995231628,0.6993377804756165,-0.07658181339502335,0.9004776477813721,0.6719561815261841,-0.06272435933351517,0.8886711001396179,0.6769930720329285,-0.0927688330411911,0.8619431257247925,0.729238748550415,-0.09001351147890091,0.8475140333175659,0.7648428678512573,-0.07873132824897766,ई
0.0,0.0,0.0,0.0,0.0,0.0,0.0,0.0,0.0,0.0,0.0,0.0,0.0,0.0,0.0,0.0,0.0,0.0,0.0,0.0,0.0,0.0,0.0,0.0,0.0,0.0,0.0,0.0,0.0,0.0,0.0,0.0,0.0,0.0,0.0,0.0,0.0,0.0,0.0,0.0,0.0,0.0,0.0,0.0,0.0,0.0,0.0,0.0,0.0,0.0,0.0,0.0,0.0,0.0,0.0,0.0,0.0,0.0,0.0,0.0,0.0,0.0,0.0,0.8299741148948669,0.8669561743736267,5.328490715328371e-07,0.7689645290374756,0.8291563987731934,-0.025494081899523735,0.7384974956512451,0.7262751460075378,-0.03969647362828255,0.7780029773712158,0.6519631147384644,-0.05788468196988106,0.8391597270965576,0.6454647183418274,-0.07329187542200089,0.754835844039917,0.5823684334754944,-0.010596109554171562,0.7226239442825317,0.4888990521430969,-0.05313196778297424,0.7160842418670654,0.4371762275695801,-0.0847955048084259,0.7145950794219971,0.4517780542373657,-0.1015801876783371,0.8144273161888123,0.5824920535087585,-0.022702431306242943,0.8377576470375061,0.4575195014476776,-0.07555504143238068,0.833123505115509,0.4152015447616577,-0.10898267477750778,0.827025294303894,0.4344543218612671,-0.12071647495031357,0.8607625365257263,0.619131326675415,-0.04011332243680954,0.8886218667030334,0.5555067658424377,-0.08765121549367905,0.8549342155456543,0.6324754953384399,-0.09041696041822433,0.8288024067878723,0.6997452974319458,-0.07788282632827759,0.8983538746833801,0.6724180579185486,-0.06069722771644592,0.8875064253807068,0.6782402396202087,-0.09287068992853165,0.8594034314155579,0.7322595119476318,-0.09238868206739426,0.8427287936210632,0.7680445313453674,-0.08263306319713593,ई
0.0,0.0,0.0,0.0,0.0,0.0,0.0,0.0,0.0,0.0,0.0,0.0,0.0,0.0,0.0,0.0,0.0,0.0,0.0,0.0,0.0,0.0,0.0,0.0,0.0,0.0,0.0,0.0,0.0,0.0,0.0,0.0,0.0,0.0,0.0,0.0,0.0,0.0,0.0,0.0,0.0,0.0,0.0,0.0,0.0,0.0,0.0,0.0,0.0,0.0,0.0,0.0,0.0,0.0,0.0,0.0,0.0,0.0,0.0,0.0,0.0,0.0,0.0,0.8288859724998474,0.8703399896621704,5.499832695932128e-07,0.7664543390274048,0.8336057662963867,-0.02492479793727398,0.7334020733833313,0.7319353222846985,-0.038570091128349304,0.7713032364845276,0.6556059122085571,-0.05642000585794449,0.832854688167572,0.6498571634292603,-0.07146427035331726,0.7538060545921326,0.5865831971168518,-0.009667299687862396,0.7200929522514343,0.4933598041534424,-0.05448582023382187,0.7140069007873535,0.44087672233581543,-0.08823622018098831,0.7132018804550171,0.45720094442367554,-0.10583754628896713,0.8122754693031311,0.5872621536254883,-0.02203439548611641,0.8331041932106018,0.45890897512435913,-0.07697643339633942,0.8300161957740784,0.4188244342803955,-0.11217395216226578,0.8262009024620056,0.44228804111480713,-0.1242206022143364,0.8576803207397461,0.6233333945274353,-0.03964441642165184,0.8876668810844421,0.5602084994316101,-0.08872789889574051,0.8548576831817627,0.639055609703064,-0.09153972566127777,0.8285309672355652,0.7081156969070435,-0.07788599282503128,0.8943020105361938,0.6752737164497375,-0.06036745011806488,0.8868212103843689,0.6810424327850342,-0.09255646914243698,0.8614720702171326,0.7334858775138855,-0.09097985178232193,0.8459160327911377,0.7687466144561768,-0.07962536811828613,ई
0.0,0.0,0.0,0.0,0.0,0.0,0.0,0.0,0.0,0.0,0.0,0.0,0.0,0.0,0.0,0.0,0.0,0.0,0.0,0.0,0.0,0.0,0.0,0.0,0.0,0.0,0.0,0.0,0.0,0.0,0.0,0.0,0.0,0.0,0.0,0.0,0.0,0.0,0.0,0.0,0.0,0.0,0.0,0.0,0.0,0.0,0.0,0.0,0.0,0.0,0.0,0.0,0.0,0.0,0.0,0.0,0.0,0.0,0.0,0.0,0.0,0.0,0.0,0.8254466652870178,0.8795703649520874,5.318972853274317e-07,0.7663602232933044,0.8405769467353821,-0.024370381608605385,0.7383615374565125,0.7449259757995605,-0.040561407804489136,0.7750883102416992,0.6720081567764282,-0.061506036669015884,0.8328524231910706,0.6626684069633484,-0.07976152747869492,0.7517136931419373,0.5960730314254761,-0.009255781769752502,0.7184211611747742,0.5053378343582153,-0.05345181003212929,0.7110997438430786,0.4569063186645508,-0.08702726662158966,0.7098556756973267,0.4754650592803955,-0.10439489781856537,0.8113746047019958,0.599251925945282,-0.022753285244107246,0.8322056531906128,0.47257229685783386,-0.07627110183238983,0.8276459574699402,0.433188796043396,-0.11127481609582901,0.8236348032951355,0.45559489727020264,-0.12381056696176529,0.8584784269332886,0.6385517716407776,-0.04151195287704468,0.8816577196121216,0.5753247141838074,-0.08914599567651749,0.8484311103820801,0.6523099541664124,-0.09143843501806259,0.8242824673652649,0.716617226600647,-0.07791929692029953,0.8963174223899841,0.6941120028495789,-0.06313591450452805,0.8798208236694336,0.6853448152542114,-0.09217774868011475,0.8526653051376343,0.7353940606117249,-0.08775468170642853,0.8382253646850586,0.768257737159729,-0.075197234749794,ई
0.0,0.0,0.0,0.0,0.0,0.0,0.0,0.0,0.0,0.0,0.0,0.0,0.0,0.0,0.0,0.0,0.0,0.0,0.0,0.0,0.0,0.0,0.0,0.0,0.0,0.0,0.0,0.0,0.0,0.0,0.0,0.0,0.0,0.0,0.0,0.0,0.0,0.0,0.0,0.0,0.0,0.0,0.0,0.0,0.0,0.0,0.0,0.0,0.0,0.0,0.0,0.0,0.0,0.0,0.0,0.0,0.0,0.0,0.0,0.0,0.0,0.0,0.0,0.8309834599494934,0.8849000930786133,5.532366458282922e-07,0.7692974209785461,0.8469498157501221,-0.024879761040210724,0.7427345514297485,0.7399271130561829,-0.03837110847234726,0.7877399921417236,0.6641808748245239,-0.05628792941570282,0.8491376638412476,0.6659948229789734,-0.07130739092826843,0.7548219561576843,0.5973093509674072,-0.007072810083627701,0.7218300700187683,0.5028507709503174,-0.04900797829031944,0.7153970003128052,0.45404231548309326,-0.08103136718273163,0.7160780429840088,0.4723670482635498,-0.0982557162642479,0.813755452632904,0.5985398292541504,-0.0193994902074337,0.8321846127510071,0.4773028492927551,-0.07056354731321335,0.8290910124778748,0.43329477310180664,-0.10410261899232864,0.8282426595687866,0.4470100998878479,-0.1169714480638504,0.8601776361465454,0.636277437210083,-0.03731716051697731,0.8885993957519531,0.5726327896118164,-0.08388172090053558,0.8567032814025879,0.6540393233299255,-0.08501257747411728,0.8329931497573853,0.7228622436523438,-0.07168678194284439,0.8980669379234314,0.6896896958351135,-0.05854324251413345,0.8869443535804749,0.6910778880119324,-0.08987240493297577,0.8622848391532898,0.7460024356842041,-0.0874343141913414,0.8493492603302002,0.7814859747886658,-0.07644129544496536,ई
0.0,0.0,0.0,0.0,0.0,0.0,0.0,0.0,0.0,0.0,0.0,0.0,0.0,0.0,0.0,0.0,0.0,0.0,0.0,0.0,0.0,0.0,0.0,0.0,0.0,0.0,0.0,0.0,0.0,0.0,0.0,0.0,0.0,0.0,0.0,0.0,0.0,0.0,0.0,0.0,0.0,0.0,0.0,0.0,0.0,0.0,0.0,0.0,0.0,0.0,0.0,0.0,0.0,0.0,0.0,0.0,0.0,0.0,0.0,0.0,0.0,0.0,0.0,0.8307946920394897,0.8882655501365662,5.39934546850418e-07,0.7704832553863525,0.8488472700119019,-0.023414911702275276,0.7438290119171143,0.7457968592643738,-0.036594588309526443,0.7865458726882935,0.6715137362480164,-0.054291415959596634,0.8466170430183411,0.6714975833892822,-0.06889604777097702,0.7558935880661011,0.6017715334892273,-0.006070274859666824,0.7252693176269531,0.5093317031860352,-0.049821048974990845,0.7186945676803589,0.4603874683380127,-0.08348409831523895,0.7164132595062256,0.480650931596756,-0.1010780856013298,0.815702497959137,0.6032038927078247,-0.01895298808813095,0.8366371393203735,0.48014551401138306,-0.07177460193634033,0.8343786001205444,0.4401038885116577,-0.10635332018136978,0.8314505219459534,0.46235477924346924,-0.11867181211709976,0.8626141548156738,0.6402989029884338,-0.037234432995319366,0.8904956579208374,0.5846148729324341,-0.08343817293643951,0.8580145835876465,0.6631390452384949,-0.08526929467916489,0.8321248888969421,0.7303285598754883,-0.07188110798597336,0.9002555012702942,0.6925584077835083,-0.058748867362737656,0.8909831047058105,0.7028973698616028,-0.08817487955093384,0.8647912740707397,0.7559819221496582,-0.08549404889345169,0.8490877151489258,0.7900561690330505,-0.07412309944629669,ई
0.0,0.0,0.0,0.0,0.0,0.0,0.0,0.0,0.0,0.0,0.0,0.0,0.0,0.0,0.0,0.0,0.0,0.0,0.0,0.0,0.0,0.0,0.0,0.0,0.0,0.0,0.0,0.0,0.0,0.0,0.0,0.0,0.0,0.0,0.0,0.0,0.0,0.0,0.0,0.0,0.0,0.0,0.0,0.0,0.0,0.0,0.0,0.0,0.0,0.0,0.0,0.0,0.0,0.0,0.0,0.0,0.0,0.0,0.0,0.0,0.0,0.0,0.0,0.833602786064148,0.8937703967094421,5.698622658201202e-07,0.7715749144554138,0.8519914150238037,-0.02469846047461033,0.7471249103546143,0.7471879720687866,-0.03817787021398544,0.7921748757362366,0.6769681572914124,-0.05591137707233429,0.8525899052619934,0.6808508038520813,-0.07106903195381165,0.7618790864944458,0.608241856098175,-0.007823234423995018,0.7299365401268005,0.516120433807373,-0.05066836252808571,0.7229008078575134,0.4660922586917877,-0.0838349312543869,0.7207863926887512,0.48280346393585205,-0.10111730545759201,0.8219749331474304,0.6118654012680054,-0.020070351660251617,0.8471262454986572,0.4882204234600067,-0.07233453541994095,0.8430488109588623,0.4436591863632202,-0.10745463520288467,0.8390801548957825,0.46179014444351196,-0.1202637106180191,0.8681860566139221,0.6514989137649536,-0.03766706585884094,0.8949041962623596,0.5957330465316772,-0.08360545337200165,0.8593310713768005,0.6709993481636047,-0.08687368780374527,0.8343591094017029,0.7338488101959229,-0.07423742860555649,0.9045600891113281,0.7059522271156311,-0.05830760300159454,0.8908793926239014,0.7052567005157471,-0.08596575260162354,0.8650121688842773,0.7549102306365967,-0.08195198327302933,0.8526816964149475,0.7855936884880066,-0.06995100528001785,ई
0.0,0.0,0.0,0.0,0.0,0.0,0.0,0.0,0.0,0.0,0.0,0.0,0.0,0.0,0.0,0.0,0.0,0.0,0.0,0.0,0.0,0.0,0.0,0.0,0.0,0.0,0.0,0.0,0.0,0.0,0.0,0.0,0.0,0.0,0.0,0.0,0.0,0.0,0.0,0.0,0.0,0.0,0.0,0.0,0.0,0.0,0.0,0.0,0.0,0.0,0.0,0.0,0.0,0.0,0.0,0.0,0.0,0.0,0.0,0.0,0.0,0.0,0.0,0.8337856531143188,0.8977805972099304,5.615397071778716e-07,0.7741654515266418,0.8578106164932251,-0.025779688730835915,0.7476925253868103,0.7592180967330933,-0.040561333298683167,0.7888152003288269,0.687838077545166,-0.059251200407743454,0.8480826616287231,0.6802971959114075,-0.07471354305744171,0.7624800205230713,0.6136646866798401,-0.009444205090403557,0.7322256565093994,0.5205048322677612,-0.055234041064977646,0.7259243726730347,0.47115564346313477,-0.09007915109395981,0.724334180355072,0.49006909132003784,-0.10812041163444519,0.8226746320724487,0.6152836680412292,-0.021679742261767387,0.8461953997612,0.492390513420105,-0.07689052820205688,0.8446508049964905,0.4514297842979431,-0.11283402889966965,0.8420119881629944,0.47037410736083984,-0.12572836875915527,0.8695916533470154,0.6525641083717346,-0.03932524472475052,0.8984453082084656,0.598548173904419,-0.08829684555530548,0.8644207119941711,0.6786623597145081,-0.08998584747314453,0.8374039530754089,0.7445489168167114,-0.0757720097899437,0.9063746333122253,0.7051358819007874,-0.060187213122844696,0.8976818323135376,0.7114635109901428,-0.09146475791931152,0.8715609908103943,0.7649936079978943,-0.08757200092077255,0.8558359742164612,0.7983654141426086,-0.07477037608623505,ई
0.0,0.0,0.0,0.0,0.0,0.0,0.0,0.0,0.0,0.0,0.0,0.0,0.0,0.0,0.0,0.0,0.0,0.0,0.0,0.0,0.0,0.0,0.0,0.0,0.0,0.0,0.0,0.0,0.0,0.0,0.0,0.0,0.0,0.0,0.0,0.0,0.0,0.0,0.0,0.0,0.0,0.0,0.0,0.0,0.0,0.0,0.0,0.0,0.0,0.0,0.0,0.0,0.0,0.0,0.0,0.0,0.0,0.0,0.0,0.0,0.0,0.0,0.0,0.8385019302368164,0.9085267782211304,5.622493404189299e-07,0.7786866426467896,0.868438720703125,-0.024085864424705505,0.7531517148017883,0.764588475227356,-0.03707396984100342,0.7945166230201721,0.6916088461875916,-0.05460066348314285,0.8509032130241394,0.6863768696784973,-0.06878682225942612,0.7643504738807678,0.6159572601318359,-0.004487357567995787,0.7318351864814758,0.5199293494224548,-0.04828383028507233,0.7266403436660767,0.47188621759414673,-0.08239369094371796,0.728056788444519,0.49335965514183044,-0.10013697296380997,0.8256425261497498,0.6201211810112,-0.016858724877238274,0.8488326072692871,0.500976026058197,-0.06849118322134018,0.8472686409950256,0.45579057931900024,-0.10385534912347794,0.8464304208755493,0.46913278102874756,-0.11758913844823837,0.8728200793266296,0.6597786545753479,-0.034981321543455124,0.8989008665084839,0.6039546728134155,-0.08034209907054901,0.8644569516181946,0.6820898652076721,-0.08261119574308395,0.83957439661026,0.746600866317749,-0.07009902596473694,0.9093038439750671,0.7140426635742188,-0.0563754104077816,0.8965484499931335,0.7202378511428833,-0.08510443568229675,0.8699027299880981,0.7712046504020691,-0.08193960040807724,0.8565034866333008,0.801034688949585,-0.07046297937631607,ई
0.0,0.0,0.0,0.0,0.0,0.0,0.0,0.0,0.0,0.0,0.0,0.0,0.0,0.0,0.0,0.0,0.0,0.0,0.0,0.0,0.0,0.0,0.0,0.0,0.0,0.0,0.0,0.0,0.0,0.0,0.0,0.0,0.0,0.0,0.0,0.0,0.0,0.0,0.0,0.0,0.0,0.0,0.0,0.0,0.0,0.0,0.0,0.0,0.0,0.0,0.0,0.0,0.0,0.0,0.0,0.0,0.0,0.0,0.0,0.0,0.0,0.0,0.0,0.8398382663726807,0.9061058759689331,6.02899206114671e-07,0.7808466553688049,0.8646450042724609,-0.02458384446799755,0.7546923756599426,0.7641313672065735,-0.03984997794032097,0.7968690991401672,0.6920013427734375,-0.05965748801827431,0.8563629984855652,0.6885355710983276,-0.07636763155460358,0.7669117450714111,0.6143214702606201,-0.008822686970233917,0.7336410880088806,0.5174378156661987,-0.05343750864267349,0.7292604446411133,0.46834856271743774,-0.08779192715883255,0.7316218614578247,0.48999857902526855,-0.10544595867395401,0.8280149698257446,0.6213063597679138,-0.021657414734363556,0.8535262942314148,0.49753865599632263,-0.07447141408920288,0.8510820865631104,0.45339077711105347,-0.11014778167009354,0.8491820096969604,0.47008827328681946,-0.12374621629714966,0.875006914138794,0.6632236242294312,-0.03989047557115555,0.9023838043212891,0.6039818525314331,-0.08634824305772781,0.8665653467178345,0.6822332143783569,-0.0884256586432457,0.8412169218063354,0.7468917965888977,-0.07512616366147995,0.9116315245628357,0.7198137640953064,-0.061117373406887054,0.8976598381996155,0.7166953682899475,-0.08906243741512299,0.8712716698646545,0.7675421237945557,-0.0838402658700943,0.8590771555900574,0.7992543578147888,-0.07076702266931534,ई
0.0,0.0,0.0,0.0,0.0,0.0,0.0,0.0,0.0,0.0,0.0,0.0,0.0,0.0,0.0,0.0,0.0,0.0,0.0,0.0,0.0,0.0,0.0,0.0,0.0,0.0,0.0,0.0,0.0,0.0,0.0,0.0,0.0,0.0,0.0,0.0,0.0,0.0,0.0,0.0,0.0,0.0,0.0,0.0,0.0,0.0,0.0,0.0,0.0,0.0,0.0,0.0,0.0,0.0,0.0,0.0,0.0,0.0,0.0,0.0,0.0,0.0,0.0,0.841694712638855,0.9051722884178162,5.934501245974388e-07,0.7836054563522339,0.8635039925575256,-0.025121726095676422,0.7588505148887634,0.7671976089477539,-0.040234893560409546,0.7958107590675354,0.6970112919807434,-0.05977611616253853,0.851318895816803,0.6893264651298523,-0.07599184662103653,0.7707211971282959,0.6159118413925171,-0.007264908868819475,0.7391632795333862,0.5247393846511841,-0.05377233400940895,0.7350494861602783,0.473529189825058,-0.08924839645624161,0.7339493632316589,0.4917733669281006,-0.10702575743198395,0.832146942615509,0.6191098690032959,-0.020327650010585785,0.860602617263794,0.4936675429344177,-0.07752276211977005,0.8598272204399109,0.4539891481399536,-0.11484720557928085,0.8549013733863831,0.4811652600765228,-0.12694449722766876,0.879159688949585,0.6582109332084656,-0.0387740284204483,0.9073135852813721,0.6075363755226135,-0.08804483711719513,0.8735550045967102,0.6860257983207703,-0.08996327221393585,0.8467241525650024,0.7514941096305847,-0.074489064514637,0.9156321883201599,0.7130972146987915,-0.06034573167562485,0.9077855944633484,0.7174739241600037,-0.08864480257034302,0.8826177716255188,0.7696121335029602,-0.08254287391901016,0.8679950833320618,0.8036835193634033,-0.0676485002040863,ई
0.0,0.0,0.0,0.0,0.0,0.0,0.0,0.0,0.0,0.0,0.0,0.0,0.0,0.0,0.0,0.0,0.0,0.0,0.0,0.0,0.0,0.0,0.0,0.0,0.0,0.0,0.0,0.0,0.0,0.0,0.0,0.0,0.0,0.0,0.0,0.0,0.0,0.0,0.0,0.0,0.0,0.0,0.0,0.0,0.0,0.0,0.0,0.0,0.0,0.0,0.0,0.0,0.0,0.0,0.0,0.0,0.0,0.0,0.0,0.0,0.0,0.0,0.0,0.8452233076095581,0.9038459062576294,5.507420723915857e-07,0.7849863171577454,0.863039493560791,-0.024915264919400215,0.7582017183303833,0.7601708173751831,-0.03806404024362564,0.7968519926071167,0.6897234320640564,-0.05550997704267502,0.854345977306366,0.6886895895004272,-0.07025083899497986,0.774200439453125,0.6179988980293274,-0.00704730860888958,0.7419857382774353,0.5274684429168701,-0.04793717339634895,0.7358239889144897,0.47523581981658936,-0.07916632294654846,0.7348134517669678,0.4872400164604187,-0.09523526579141617,0.8335605263710022,0.6182205080986023,-0.017785634845495224,0.8597573637962341,0.5021883249282837,-0.06796257942914963,0.8587374687194824,0.45451635122299194,-0.10186385363340378,0.8569862246513367,0.4682353734970093,-0.1142837256193161,0.8790123462677002,0.6533821821212769,-0.033851779997348785,0.9042081832885742,0.5981841087341309,-0.07879763841629028,0.8696672916412354,0.6725449562072754,-0.08275501430034637,0.845732569694519,0.739149808883667,-0.07055637240409851,0.9161303043365479,0.7038008570671082,-0.05295989662408829,0.9012197256088257,0.7050007581710815,-0.08103832602500916,0.875102698802948,0.753854513168335,-0.07907234877347946,0.8626886606216431,0.7894878387451172,-0.06807876378297806,ई
0.0,0.0,0.0,0.0,0.0,0.0,0.0,0.0,0.0,0.0,0.0,0.0,0.0,0.0,0.0,0.0,0.0,0.0,0.0,0.0,0.0,0.0,0.0,0.0,0.0,0.0,0.0,0.0,0.0,0.0,0.0,0.0,0.0,0.0,0.0,0.0,0.0,0.0,0.0,0.0,0.0,0.0,0.0,0.0,0.0,0.0,0.0,0.0,0.0,0.0,0.0,0.0,0.0,0.0,0.0,0.0,0.0,0.0,0.0,0.0,0.0,0.0,0.0,0.847649097442627,0.9060424566268921,6.233106546460476e-07,0.7872299551963806,0.8667371869087219,-0.025829287245869637,0.7616732716560364,0.7619351148605347,-0.03923226147890091,0.804926872253418,0.6889808773994446,-0.05678555741906166,0.8655603528022766,0.6890503168106079,-0.07156211882829666,0.7734818458557129,0.6183275580406189,-0.00748321833088994,0.7409353852272034,0.526032567024231,-0.049547214061021805,0.7370550036430359,0.4746938943862915,-0.08189825713634491,0.7374105453491211,0.48958203196525574,-0.09863118082284927,0.8342177271842957,0.6217516660690308,-0.01864888332784176,0.861085832118988,0.5005539655685425,-0.07112027704715729,0.8617457747459412,0.4546029567718506,-0.1064835786819458,0.8605034351348877,0.47262102365493774,-0.11910457164049149,0.880508542060852,0.6606239676475525,-0.03520902618765831,0.908288300037384,0.6063559651374817,-0.08280094712972641,0.8745764493942261,0.6823878884315491,-0.08724263310432434,0.8493611812591553,0.7496330142021179,-0.07443255186080933,0.9165036678314209,0.7135165333747864,-0.05473323166370392,0.9055191278457642,0.7161970138549805,-0.08478420227766037,0.8806304335594177,0.7664242386817932,-0.08221320062875748,0.8676174879074097,0.8020516633987427,-0.07013784348964691,ई
0.0,0.0,0.0,0.0,0.0,0.0,0.0,0.0,0.0,0.0,0.0,0.0,0.0,0.0,0.0,0.0,0.0,0.0,0.0,0.0,0.0,0.0,0.0,0.0,0.0,0.0,0.0,0.0,0.0,0.0,0.0,0.0,0.0,0.0,0.0,0.0,0.0,0.0,0.0,0.0,0.0,0.0,0.0,0.0,0.0,0.0,0.0,0.0,0.0,0.0,0.0,0.0,0.0,0.0,0.0,0.0,0.0,0.0,0.0,0.0,0.0,0.0,0.0,0.8468887805938721,0.8995493054389954,5.843620556333917e-07,0.7864496111869812,0.8579628467559814,-0.02571992203593254,0.7608088254928589,0.7609335780143738,-0.040490031242370605,0.8009845018386841,0.6928017139434814,-0.05968330428004265,0.8581950068473816,0.6869275569915771,-0.07592963427305222,0.7760657668113708,0.613956093788147,-0.00854144711047411,0.7444273233413696,0.5232269167900085,-0.05608227103948593,0.740429699420929,0.4722846746444702,-0.09243807196617126,0.7404629588127136,0.4927278459072113,-0.11037689447402954,0.836889386177063,0.6161443591117859,-0.020549694076180458,0.8650636076927185,0.4897102117538452,-0.0778861716389656,0.8649901151657104,0.4512450397014618,-0.11571192741394043,0.861615777015686,0.48226529359817505,-0.12816205620765686,0.8825880885124207,0.6532823443412781,-0.03804023563861847,0.9094260334968567,0.6027014255523682,-0.08735283464193344,0.8755577802658081,0.6799753904342651,-0.09149044752120972,0.8490098118782043,0.74586021900177,-0.07750040292739868,0.9184536337852478,0.7057647109031677,-0.05858286842703819,0.9070824384689331,0.711208164691925,-0.0869920551776886,0.8811702132225037,0.7616662383079529,-0.08280379325151443,0.8660294413566589,0.7956887483596802,-0.0692867636680603,ई
0.0,0.0,0.0,0.0,0.0,0.0,0.0,0.0,0.0,0.0,0.0,0.0,0.0,0.0,0.0,0.0,0.0,0.0,0.0,0.0,0.0,0.0,0.0,0.0,0.0,0.0,0.0,0.0,0.0,0.0,0.0,0.0,0.0,0.0,0.0,0.0,0.0,0.0,0.0,0.0,0.0,0.0,0.0,0.0,0.0,0.0,0.0,0.0,0.0,0.0,0.0,0.0,0.0,0.0,0.0,0.0,0.0,0.0,0.0,0.0,0.0,0.0,0.0,0.8501819968223572,0.9105492234230042,6.151128673081985e-07,0.7874975204467773,0.864082396030426,-0.02307121641933918,0.7649368643760681,0.7554805278778076,-0.037020243704319,0.8110511898994446,0.6830086708068848,-0.056461531668901443,0.8723145723342896,0.6908971667289734,-0.07293391227722168,0.7793179154396057,0.6154903173446655,-0.0052995840087533,0.7477985620498657,0.5204046964645386,-0.05177762359380722,0.7438062429428101,0.4702759385108948,-0.08762213587760925,0.7436501979827881,0.4933391213417053,-0.10623784363269806,0.8404921889305115,0.6204427480697632,-0.019825367256999016,0.8705505728721619,0.492939829826355,-0.07674172520637512,0.8695434331893921,0.4515240788459778,-0.11387716233730316,0.8653630018234253,0.4780880808830261,-0.12683890759944916,0.8871579766273499,0.6617451906204224,-0.03980671986937523,0.9167580008506775,0.5976772308349609,-0.08818817883729935,0.8807910084724426,0.67994624376297,-0.08876356482505798,0.8536292314529419,0.7495982050895691,-0.07330930978059769,0.9239893555641174,0.7183239459991455,-0.06309012323617935,0.9142901301383972,0.7182561159133911,-0.09173734486103058,0.8866671323776245,0.7709440588951111,-0.08646916598081589,0.8720053434371948,0.80475252866745,-0.07276907563209534,ई
0.0,0.0,0.0,0.0,0.0,0.0,0.0,0.0,0.0,0.0,0.0,0.0,0.0,0.0,0.0,0.0,0.0,0.0,0.0,0.0,0.0,0.0,0.0,0.0,0.0,0.0,0.0,0.0,0.0,0.0,0.0,0.0,0.0,0.0,0.0,0.0,0.0,0.0,0.0,0.0,0.0,0.0,0.0,0.0,0.0,0.0,0.0,0.0,0.0,0.0,0.0,0.0,0.0,0.0,0.0,0.0,0.0,0.0,0.0,0.0,0.0,0.0,0.0,0.8467806577682495,0.9020979404449463,5.745165481130243e-07,0.7881694436073303,0.8615673780441284,-0.025550058111548424,0.7633047103881836,0.7628850936889648,-0.03992143273353577,0.8028661012649536,0.6944420337677002,-0.05858014523983002,0.859656810760498,0.6862865686416626,-0.07442634552717209,0.7787807583808899,0.6172353029251099,-0.011702707968652248,0.746048092842102,0.522388756275177,-0.05919558182358742,0.7417367100715637,0.4716035723686218,-0.09456340968608856,0.7430814504623413,0.49271824955940247,-0.11189420521259308,0.8399820923805237,0.6188849806785583,-0.023765405640006065,0.8695038557052612,0.49095481634140015,-0.0819115936756134,0.8678668141365051,0.4520239233970642,-0.11858165264129639,0.86335289478302,0.48374196887016296,-0.12980838119983673,0.8860149383544922,0.6561523079872131,-0.04110119119286537,0.912093997001648,0.6030178070068359,-0.09048843383789062,0.8795400857925415,0.6807305812835693,-0.09393730759620667,0.8553505539894104,0.7497890591621399,-0.07973475754261017,0.9216247797012329,0.7086984515190125,-0.061660993844270706,0.9110168218612671,0.7226559519767761,-0.09267421066761017,0.8851627707481384,0.775847315788269,-0.09079609811306,0.8718341588973999,0.8122152090072632,-0.07862207293510437,ई
0.0,0.0,0.0,0.0,0.0,0.0,0.0,0.0,0.0,0.0,0.0,0.0,0.0,0.0,0.0,0.0,0.0,0.0,0.0,0.0,0.0,0.0,0.0,0.0,0.0,0.0,0.0,0.0,0.0,0.0,0.0,0.0,0.0,0.0,0.0,0.0,0.0,0.0,0.0,0.0,0.0,0.0,0.0,0.0,0.0,0.0,0.0,0.0,0.0,0.0,0.0,0.0,0.0,0.0,0.0,0.0,0.0,0.0,0.0,0.0,0.0,0.0,0.0,0.8492022752761841,0.9095363616943359,5.615173677142593e-07,0.7883000373840332,0.8651320934295654,-0.023846309632062912,0.7640525698661804,0.7621963620185852,-0.03683289512991905,0.8028119802474976,0.6933432221412659,-0.05454570800065994,0.8585497140884399,0.6861327290534973,-0.06939508020877838,0.7785862684249878,0.6172605156898499,-0.004964163992553949,0.7483695149421692,0.5260106921195984,-0.047956742346286774,0.7427817583084106,0.47615864872932434,-0.08132673799991608,0.7413050532341003,0.491214394569397,-0.09890604764223099,0.8388534784317017,0.6208938956260681,-0.017567753791809082,0.8687174320220947,0.5020788311958313,-0.07027941197156906,0.8690597414970398,0.457713782787323,-0.10618896037340164,0.8669962882995605,0.4727584719657898,-0.11975271254777908,0.8845129609107971,0.6597854495048523,-0.03557208180427551,0.9108173251152039,0.6021709442138672,-0.08199669420719147,0.8768725991249084,0.6804806590080261,-0.08499778807163239,0.8522302508354187,0.7462816834449768,-0.07227349281311035,0.9207406640052795,0.7142674326896667,-0.05666295066475868,0.9075319766998291,0.719551146030426,-0.08530252426862717,0.8815847039222717,0.7705427408218384,-0.08225130289793015,0.8687827587127686,0.8034604787826538,-0.07067520916461945,ई
0.0,0.0,0.0,0.0,0.0,0.0,0.0,0.0,0.0,0.0,0.0,0.0,0.0,0.0,0.0,0.0,0.0,0.0,0.0,0.0,0.0,0.0,0.0,0.0,0.0,0.0,0.0,0.0,0.0,0.0,0.0,0.0,0.0,0.0,0.0,0.0,0.0,0.0,0.0,0.0,0.0,0.0,0.0,0.0,0.0,0.0,0.0,0.0,0.0,0.0,0.0,0.0,0.0,0.0,0.0,0.0,0.0,0.0,0.0,0.0,0.0,0.0,0.0,0.8531702160835266,0.9071738719940186,5.998531378281768e-07,0.7931420803070068,0.8657286167144775,-0.023662036284804344,0.7686728239059448,0.7629694938659668,-0.03733810782432556,0.8083593845367432,0.6914812326431274,-0.05600330978631973,0.864011287689209,0.6873911619186401,-0.07152746617794037,0.7796889543533325,0.6144263744354248,-0.00564643694087863,0.7476779222488403,0.5214393138885498,-0.05130075663328171,0.7446781396865845,0.47133857011795044,-0.08696546405553818,0.7470613121986389,0.4927271008491516,-0.10539215803146362,0.8420311212539673,0.6188430190086365,-0.019136393442749977,0.8720913529396057,0.4969173073768616,-0.07568217813968658,0.8707425594329834,0.455610990524292,-0.11370892077684402,0.8672771453857422,0.48220402002334595,-0.12714172899723053,0.8887568116188049,0.6593408584594727,-0.03797483071684837,0.9162693619728088,0.6023494601249695,-0.08588411659002304,0.8801508545875549,0.6824306845664978,-0.08859632164239883,0.8538184762001038,0.7508893609046936,-0.07458942383527756,0.9245914220809937,0.7154671549797058,-0.05993203818798065,0.9118744134902954,0.7228763699531555,-0.08814697712659836,0.8845598101615906,0.7734395265579224,-0.08411023020744324,0.8711522817611694,0.8055715560913086,-0.07110469788312912,ई
0.0,0.0,0.0,0.0,0.0,0.0,0.0,0.0,0.0,0.0,0.0,0.0,0.0,0.0,0.0,0.0,0.0,0.0,0.0,0.0,0.0,0.0,0.0,0.0,0.0,0.0,0.0,0.0,0.0,0.0,0.0,0.0,0.0,0.0,0.0,0.0,0.0,0.0,0.0,0.0,0.0,0.0,0.0,0.0,0.0,0.0,0.0,0.0,0.0,0.0,0.0,0.0,0.0,0.0,0.0,0.0,0.0,0.0,0.0,0.0,0.0,0.0,0.0,0.8526378870010376,0.9049339294433594,6.291705858529895e-07,0.7928180694580078,0.8621454238891602,-0.02487601339817047,0.7688236236572266,0.7593254446983337,-0.0395025797188282,0.812293529510498,0.6869134902954102,-0.059172678738832474,0.8721263408660889,0.6844964027404785,-0.0758030116558075,0.7805002927780151,0.6115406155586243,-0.006373691372573376,0.7494108080863953,0.514799952507019,-0.05227125436067581,0.7481240630149841,0.46534135937690735,-0.08796333521604538,0.7514986991882324,0.4909524917602539,-0.1058577299118042,0.8430882692337036,0.6174604892730713,-0.018733572214841843,0.8750059604644775,0.49242812395095825,-0.07450851052999496,0.8740499019622803,0.44913288950920105,-0.11243335157632828,0.8703993558883667,0.4754304587841034,-0.12589286267757416,0.8900692462921143,0.6585968732833862,-0.03663737699389458,0.9173129200935364,0.5981743931770325,-0.08414317667484283,0.8804431557655334,0.674858033657074,-0.08732416480779648,0.8538827300071716,0.7420371770858765,-0.07342465966939926,0.9262464046478271,0.7142080664634705,-0.05759336054325104,0.9129072427749634,0.7078133821487427,-0.0850607231259346,0.8862812519073486,0.7550747990608215,-0.08003377914428711,0.8735058903694153,0.7877159118652344,-0.0661940798163414,ई
0.0,0.0,0.0,0.0,0.0,0.0,0.0,0.0,0.0,0.0,0.0,0.0,0.0,0.0,0.0,0.0,0.0,0.0,0.0,0.0,0.0,0.0,0.0,0.0,0.0,0.0,0.0,0.0,0.0,0.0,0.0,0.0,0.0,0.0,0.0,0.0,0.0,0.0,0.0,0.0,0.0,0.0,0.0,0.0,0.0,0.0,0.0,0.0,0.0,0.0,0.0,0.0,0.0,0.0,0.0,0.0,0.0,0.0,0.0,0.0,0.0,0.0,0.0,0.85306316614151,0.9085630178451538,5.793202717541135e-07,0.7922525405883789,0.866645336151123,-0.025726832449436188,0.7672159671783447,0.7634420394897461,-0.040090180933475494,0.8082525730133057,0.6944785118103027,-0.05902863293886185,0.8666583895683289,0.6920455098152161,-0.07480260729789734,0.7838152050971985,0.6154849529266357,-0.006398990284651518,0.7511805295944214,0.5211647152900696,-0.05179492384195328,0.747755765914917,0.4727669954299927,-0.08696655184030533,0.7495643496513367,0.49691200256347656,-0.10446175932884216,0.8450164794921875,0.6196287870407104,-0.01773577742278576,0.8755717873573303,0.4992132782936096,-0.07241778820753098,0.8742485642433167,0.45548519492149353,-0.10962724685668945,0.8710142374038696,0.4779874086380005,-0.12283411622047424,0.8900238871574402,0.6585456132888794,-0.03485991060733795,0.9186668992042542,0.6013091802597046,-0.0822477713227272,0.8825809955596924,0.6773618459701538,-0.08694681525230408,0.8564489483833313,0.7435542941093445,-0.07411346584558487,0.9255027174949646,0.712073564529419,-0.05502226948738098,0.9132702350616455,0.7121625542640686,-0.08307942003011703,0.8865211009979248,0.7595064640045166,-0.0800400897860527,0.8728433847427368,0.7911208271980286,-0.06767255067825317,ई
0.0,0.0,0.0,0.0,0.0,0.0,0.0,0.0,0.0,0.0,0.0,0.0,0.0,0.0,0.0,0.0,0.0,0.0,0.0,0.0,0.0,0.0,0.0,0.0,0.0,0.0,0.0,0.0,0.0,0.0,0.0,0.0,0.0,0.0,0.0,0.0,0.0,0.0,0.0,0.0,0.0,0.0,0.0,0.0,0.0,0.0,0.0,0.0,0.0,0.0,0.0,0.0,0.0,0.0,0.0,0.0,0.0,0.0,0.0,0.0,0.0,0.0,0.0,0.8540918827056885,0.9153708219528198,5.973894872113306e-07,0.792975664138794,0.8727936148643494,-0.025005925446748734,0.7702615261077881,0.7657042145729065,-0.03887512907385826,0.8138851523399353,0.6944982409477234,-0.05753437802195549,0.8727134466171265,0.6980127692222595,-0.07294480502605438,0.7846199870109558,0.6236236691474915,-0.007314412388950586,0.7510089874267578,0.5251352787017822,-0.053825538605451584,0.7477688193321228,0.4739784300327301,-0.0894126445055008,0.7507113814353943,0.4983906149864197,-0.1072450578212738,0.8463292717933655,0.6262698173522949,-0.018957756459712982,0.8752772808074951,0.5026377439498901,-0.07590565830469131,0.8764514923095703,0.45801275968551636,-0.11357976496219635,0.8760008215904236,0.4832923412322998,-0.12684433162212372,0.8924492597579956,0.6636417508125305,-0.036154504865407944,0.9217725396156311,0.6041076183319092,-0.08505167812108994,0.8863455057144165,0.6842454075813293,-0.08850063383579254,0.8600979447364807,0.7576067447662354,-0.07487712800502777,0.9294223785400391,0.7152748703956604,-0.056657981127500534,0.9181671142578125,0.727484405040741,-0.08762457966804504,0.8902708292007446,0.7817649841308594,-0.08632133156061172,0.875784695148468,0.8201538920402527,-0.07491143047809601,ई
0.0,0.0,0.0,0.0,0.0,0.0,0.0,0.0,0.0,0.0,0.0,0.0,0.0,0.0,0.0,0.0,0.0,0.0,0.0,0.0,0.0,0.0,0.0,0.0,0.0,0.0,0.0,0.0,0.0,0.0,0.0,0.0,0.0,0.0,0.0,0.0,0.0,0.0,0.0,0.0,0.0,0.0,0.0,0.0,0.0,0.0,0.0,0.0,0.0,0.0,0.0,0.0,0.0,0.0,0.0,0.0,0.0,0.0,0.0,0.0,0.0,0.0,0.0,0.852453887462616,0.9088608026504517,6.240595098461199e-07,0.7929961085319519,0.8656536936759949,-0.02534489892423153,0.7693348526954651,0.760893702507019,-0.04000065475702286,0.814505934715271,0.6913248896598816,-0.05941541865468025,0.8743342757225037,0.6920166015625,-0.0756329894065857,0.7838243246078491,0.6149250864982605,-0.00862209964543581,0.7494004368782043,0.5162543058395386,-0.05468222498893738,0.747055172920227,0.47019147872924805,-0.09059417992830276,0.751460611820221,0.4970928728580475,-0.10905028134584427,0.8457724452018738,0.6210169792175293,-0.02097502164542675,0.8782308101654053,0.49900296330451965,-0.07722175866365433,0.8774943947792053,0.4558323919773102,-0.11526062339544296,0.8750051259994507,0.4807174801826477,-0.12946487963199615,0.8910497426986694,0.6621615290641785,-0.03881591185927391,0.9199801683425903,0.6046696901321411,-0.08660367876291275,0.8841068148612976,0.6842891573905945,-0.08987195044755936,0.8586872220039368,0.7543319463729858,-0.076713427901268,0.925620973110199,0.7172453999519348,-0.05998218059539795,0.9148328304290771,0.724658727645874,-0.08914149552583694,0.8886381983757019,0.7771210670471191,-0.08587777614593506,0.876583456993103,0.8124727010726929,-0.07359049469232559,ई
0.0,0.0,0.0,0.0,0.0,0.0,0.0,0.0,0.0,0.0,0.0,0.0,0.0,0.0,0.0,0.0,0.0,0.0,0.0,0.0,0.0,0.0,0.0,0.0,0.0,0.0,0.0,0.0,0.0,0.0,0.0,0.0,0.0,0.0,0.0,0.0,0.0,0.0,0.0,0.0,0.0,0.0,0.0,0.0,0.0,0.0,0.0,0.0,0.0,0.0,0.0,0.0,0.0,0.0,0.0,0.0,0.0,0.0,0.0,0.0,0.0,0.0,0.0,0.8532840609550476,0.9076360464096069,6.368584308802383e-07,0.7928794026374817,0.8661103248596191,-0.026301706209778786,0.7705116868019104,0.7605878710746765,-0.03979066386818886,0.8156216144561768,0.6901304721832275,-0.057503633201122284,0.8735479116439819,0.6934027671813965,-0.07194333523511887,0.7814786434173584,0.6181250214576721,-0.008737239986658096,0.7478342652320862,0.5181887149810791,-0.05411755293607712,0.746657133102417,0.4686536192893982,-0.08910311758518219,0.7517822980880737,0.4934423863887787,-0.10671903938055038,0.8429247736930847,0.6231903433799744,-0.01931772753596306,0.8733537197113037,0.5010377168655396,-0.07466499507427216,0.8755398392677307,0.4580347537994385,-0.1115204393863678,0.8754095435142517,0.48315876722335815,-0.1246967688202858,0.8887426257133484,0.6620298624038696,-0.035483889281749725,0.9184233546257019,0.6066519021987915,-0.08325152844190598,0.8843661546707153,0.6846338510513306,-0.08696693927049637,0.8587140440940857,0.754879355430603,-0.07383705675601959,0.9240447282791138,0.713261604309082,-0.05499789118766785,0.9157150387763977,0.7218704223632812,-0.08528342097997665,0.8906079530715942,0.7735240459442139,-0.08332569897174835,0.8776834607124329,0.8101510405540466,-0.07158339023590088,ई
0.0,0.0,0.0,0.0,0.0,0.0,0.0,0.0,0.0,0.0,0.0,0.0,0.0,0.0,0.0,0.0,0.0,0.0,0.0,0.0,0.0,0.0,0.0,0.0,0.0,0.0,0.0,0.0,0.0,0.0,0.0,0.0,0.0,0.0,0.0,0.0,0.0,0.0,0.0,0.0,0.0,0.0,0.0,0.0,0.0,0.0,0.0,0.0,0.0,0.0,0.0,0.0,0.0,0.0,0.0,0.0,0.0,0.0,0.0,0.0,0.0,0.0,0.0,0.8495782613754272,0.9047210812568665,5.764832167187706e-07,0.7901779413223267,0.8611268997192383,-0.022682098671793938,0.7686169743537903,0.7602083683013916,-0.03665826469659805,0.8098162412643433,0.6926920413970947,-0.05595402419567108,0.8685015439987183,0.691691517829895,-0.07261846959590912,0.782816469669342,0.6172677874565125,-0.006383252330124378,0.748693585395813,0.5253642201423645,-0.052126429975032806,0.7452982068061829,0.47544094920158386,-0.08807779848575592,0.7477651834487915,0.49737054109573364,-0.10661440342664719,0.8443531394004822,0.6214077472686768,-0.020524848252534866,0.8742600679397583,0.4976757764816284,-0.07696951180696487,0.8724215030670166,0.45772022008895874,-0.11532554030418396,0.868353545665741,0.48869919776916504,-0.12911131978034973,0.890021562576294,0.6622117757797241,-0.03980020433664322,0.9172220826148987,0.6009486317634583,-0.08706104755401611,0.8816632032394409,0.676569402217865,-0.0908324345946312,0.8556849360466003,0.7441869974136353,-0.07798673957586288,0.9246675372123718,0.7182109951972961,-0.06205630674958229,0.9122653007507324,0.7207196950912476,-0.08971651643514633,0.8852908611297607,0.7692795395851135,-0.0861632451415062,0.8717494606971741,0.8029056191444397,-0.0739377960562706,ई
0.0,0.0,0.0,0.0,0.0,0.0,0.0,0.0,0.0,0.0,0.0,0.0,0.0,0.0,0.0,0.0,0.0,0.0,0.0,0.0,0.0,0.0,0.0,0.0,0.0,0.0,0.0,0.0,0.0,0.0,0.0,0.0,0.0,0.0,0.0,0.0,0.0,0.0,0.0,0.0,0.0,0.0,0.0,0.0,0.0,0.0,0.0,0.0,0.0,0.0,0.0,0.0,0.0,0.0,0.0,0.0,0.0,0.0,0.0,0.0,0.0,0.0,0.0,0.8506420850753784,0.9041253924369812,6.184639573802997e-07,0.7913677096366882,0.8597450256347656,-0.023048600181937218,0.7691330313682556,0.7629102468490601,-0.03832436725497246,0.8097540736198425,0.6943750381469727,-0.05876312032341957,0.8644260168075562,0.6893744468688965,-0.07615620642900467,0.7802059054374695,0.6178409457206726,-0.007550327572971582,0.7463842034339905,0.5242366194725037,-0.05543578416109085,0.7455234527587891,0.4727654457092285,-0.09107494354248047,0.7495672702789307,0.49515366554260254,-0.10852481424808502,0.8418595790863037,0.6223579049110413,-0.021863220259547234,0.8729520440101624,0.49520283937454224,-0.0805836021900177,0.8729903101921082,0.456506609916687,-0.11744068562984467,0.8692516684532166,0.48458755016326904,-0.12884917855262756,0.8885946273803711,0.662314772605896,-0.04136442765593529,0.9153879880905151,0.6046051979064941,-0.09034132957458496,0.8800183534622192,0.684379518032074,-0.08949177712202072,0.8541409969329834,0.748654305934906,-0.07239455729722977,0.9253545999526978,0.7178937196731567,-0.0639338344335556,0.9153982996940613,0.7165442705154419,-0.09167788922786713,0.889208197593689,0.7687444686889648,-0.08395076543092728,0.8756065964698792,0.8002749085426331,-0.06797238439321518,ई
0.0,0.0,0.0,0.0,0.0,0.0,0.0,0.0,0.0,0.0,0.0,0.0,0.0,0.0,0.0,0.0,0.0,0.0,0.0,0.0,0.0,0.0,0.0,0.0,0.0,0.0,0.0,0.0,0.0,0.0,0.0,0.0,0.0,0.0,0.0,0.0,0.0,0.0,0.0,0.0,0.0,0.0,0.0,0.0,0.0,0.0,0.0,0.0,0.0,0.0,0.0,0.0,0.0,0.0,0.0,0.0,0.0,0.0,0.0,0.0,0.0,0.0,0.0,0.8520491719245911,0.9091148376464844,5.997487164677295e-07,0.7903347015380859,0.8657099008560181,-0.0235939659178257,0.768049955368042,0.7587792873382568,-0.03717102110385895,0.8109196424484253,0.6878966689109802,-0.05604586750268936,0.8700903654098511,0.6930778622627258,-0.07195744663476944,0.7823027968406677,0.6167106628417969,-0.004898290149867535,0.7486789226531982,0.5229825377464294,-0.0513225719332695,0.7449486255645752,0.4734880328178406,-0.08720031380653381,0.7464777231216431,0.49719756841659546,-0.10538644343614578,0.8433139324188232,0.6204097867012024,-0.01861690729856491,0.8733181357383728,0.4952830374240875,-0.07590801268815994,0.8718782067298889,0.45481741428375244,-0.11385893821716309,0.8686971664428711,0.4842678904533386,-0.12662369012832642,0.8890072107315063,0.660762369632721,-0.037843648344278336,0.9176710247993469,0.6039698123931885,-0.08603276312351227,0.8808249831199646,0.6832567453384399,-0.08865423500537872,0.8544977307319641,0.7508957982063293,-0.07414983212947845,0.9245545864105225,0.715656042098999,-0.06027700752019882,0.913460910320282,0.7216231226921082,-0.08834241330623627,0.8858940601348877,0.771757960319519,-0.08423349261283875,0.8723710775375366,0.80318284034729,-0.07107452303171158,ई
0.0,0.0,0.0,0.0,0.0,0.0,0.0,0.0,0.0,0.0,0.0,0.0,0.0,0.0,0.0,0.0,0.0,0.0,0.0,0.0,0.0,0.0,0.0,0.0,0.0,0.0,0.0,0.0,0.0,0.0,0.0,0.0,0.0,0.0,0.0,0.0,0.0,0.0,0.0,0.0,0.0,0.0,0.0,0.0,0.0,0.0,0.0,0.0,0.0,0.0,0.0,0.0,0.0,0.0,0.0,0.0,0.0,0.0,0.0,0.0,0.0,0.0,0.0,0.8519177436828613,0.9073970317840576,6.411420940821699e-07,0.7920824289321899,0.865805447101593,-0.025670146569609642,0.7689639329910278,0.7596734762191772,-0.040576133877038956,0.8134155869483948,0.687170684337616,-0.06053641811013222,0.8744766712188721,0.6937533020973206,-0.07749906182289124,0.7803791761398315,0.6149519085884094,-0.005611293949186802,0.7462945580482483,0.5147694945335388,-0.051458388566970825,0.7464520335197449,0.46554893255233765,-0.08625058829784393,0.7516753673553467,0.49352943897247314,-0.10301481932401657,0.841378927230835,0.6195248365402222,-0.01753457449376583,0.8727288246154785,0.496670663356781,-0.07268520444631577,0.8730654120445251,0.45223283767700195,-0.1093396544456482,0.870322585105896,0.47620832920074463,-0.12186852097511292,0.8869425654411316,0.6598767638206482,-0.035457830876111984,0.9143446683883667,0.6034701466560364,-0.08369093388319016,0.8794768452644348,0.6797475814819336,-0.08738058805465698,0.8543073534965515,0.7457708120346069,-0.07343021780252457,0.9222232699394226,0.7146731019020081,-0.05644858255982399,0.9105066657066345,0.7070373296737671,-0.08451046049594879,0.8851343393325806,0.7565286159515381,-0.07968238741159439,0.8729067444801331,0.7910408973693848,-0.06592799723148346,ई
0.0,0.0,0.0,0.0,0.0,0.0,0.0,0.0,0.0,0.0,0.0,0.0,0.0,0.0,0.0,0.0,0.0,0.0,0.0,0.0,0.0,0.0,0.0,0.0,0.0,0.0,0.0,0.0,0.0,0.0,0.0,0.0,0.0,0.0,0.0,0.0,0.0,0.0,0.0,0.0,0.0,0.0,0.0,0.0,0.0,0.0,0.0,0.0,0.0,0.0,0.0,0.0,0.0,0.0,0.0,0.0,0.0,0.0,0.0,0.0,0.0,0.0,0.0,0.85017991065979,0.908345103263855,6.172622875055822e-07,0.7894343733787537,0.865954577922821,-0.02613045461475849,0.7655540704727173,0.7637438774108887,-0.041690580546855927,0.8052114248275757,0.6945444941520691,-0.061686839908361435,0.8630938529968262,0.6926429867744446,-0.0785091370344162,0.780464768409729,0.6191829442977905,-0.00961597915738821,0.7503393292427063,0.5230346918106079,-0.055781107395887375,0.746269941329956,0.47330790758132935,-0.09085163474082947,0.7464849948883057,0.49692511558532715,-0.1083240807056427,0.8419390916824341,0.6234860420227051,-0.021223098039627075,0.8740565180778503,0.5021167993545532,-0.07662559300661087,0.8740273714065552,0.4560683071613312,-0.11347253620624542,0.8714940547943115,0.4765457510948181,-0.1267784833908081,0.8880366683006287,0.6633061766624451,-0.038382526487112045,0.9161286950111389,0.6048175096511841,-0.0863354429602623,0.8793333172798157,0.6825632452964783,-0.0888214111328125,0.8525654673576355,0.7510773539543152,-0.07482333481311798,0.9244974851608276,0.7180314660072327,-0.058692555874586105,0.9119054675102234,0.7182509899139404,-0.0879310816526413,0.8858340978622437,0.7677388787269592,-0.08393234759569168,0.8733945488929749,0.8025054335594177,-0.07089008390903473,ई
0.0,0.0,0.0,0.0,0.0,0.0,0.0,0.0,0.0,0.0,0.0,0.0,0.0,0.0,0.0,0.0,0.0,0.0,0.0,0.0,0.0,0.0,0.0,0.0,0.0,0.0,0.0,0.0,0.0,0.0,0.0,0.0,0.0,0.0,0.0,0.0,0.0,0.0,0.0,0.0,0.0,0.0,0.0,0.0,0.0,0.0,0.0,0.0,0.0,0.0,0.0,0.0,0.0,0.0,0.0,0.0,0.0,0.0,0.0,0.0,0.0,0.0,0.0,0.8506349325180054,0.9086285829544067,5.57581529392337e-07,0.7895721197128296,0.8657426834106445,-0.02483329549431801,0.764395534992218,0.7619518637657166,-0.03973724693059921,0.8080433011054993,0.6930095553398132,-0.05934401601552963,0.8705443739891052,0.6950948238372803,-0.07617069780826569,0.7823050022125244,0.6198988556861877,-0.008827234618365765,0.7487465143203735,0.5230410695075989,-0.054348256438970566,0.7443824410438538,0.47526979446411133,-0.08957740664482117,0.7447919845581055,0.4988219738006592,-0.10746925324201584,0.8439648747444153,0.6238872408866882,-0.02123231254518032,0.8759045004844666,0.5013004541397095,-0.07632981240749359,0.8733019232749939,0.4582475423812866,-0.11317688971757889,0.868018627166748,0.48243457078933716,-0.12637507915496826,0.8899308443069458,0.6642239689826965,-0.039075762033462524,0.9138316512107849,0.6037205457687378,-0.08630681037902832,0.8773340582847595,0.6786724328994751,-0.08976584672927856,0.8525601625442505,0.7447072863578796,-0.07652069628238678,0.9259119629859924,0.7196239829063416,-0.059954844415187836,0.9084497094154358,0.7146942615509033,-0.08807108551263809,0.8814135789871216,0.7618233561515808,-0.08420883119106293,0.8698680400848389,0.7946172952651978,-0.07161508500576019,ई
0.0,0.0,0.0,0.0,0.0,0.0,0.0,0.0,0.0,0.0,0.0,0.0,0.0,0.0,0.0,0.0,0.0,0.0,0.0,0.0,0.0,0.0,0.0,0.0,0.0,0.0,0.0,0.0,0.0,0.0,0.0,0.0,0.0,0.0,0.0,0.0,0.0,0.0,0.0,0.0,0.0,0.0,0.0,0.0,0.0,0.0,0.0,0.0,0.0,0.0,0.0,0.0,0.0,0.0,0.0,0.0,0.0,0.0,0.0,0.0,0.0,0.0,0.0,0.8497816920280457,0.9096130132675171,6.470187372542568e-07,0.790312647819519,0.8672659397125244,-0.025185538455843925,0.7691469788551331,0.7659926414489746,-0.041034307330846786,0.8113377094268799,0.6963779330253601,-0.061772670596838,0.8685969710350037,0.6983017921447754,-0.07934857159852982,0.7797418236732483,0.6182685494422913,-0.008740565739572048,0.7453294992446899,0.5214267373085022,-0.05654814466834068,0.7448546886444092,0.471910297870636,-0.09286043792963028,0.750137209892273,0.49699050188064575,-0.11107175797224045,0.8416391015052795,0.6239790320396423,-0.0220154020935297,0.8725664019584656,0.49774742126464844,-0.08046212047338486,0.8737858533859253,0.45756179094314575,-0.11815714836120605,0.8719022274017334,0.48536574840545654,-0.13078264892101288,0.8879855871200562,0.6652320027351379,-0.040774911642074585,0.9162694215774536,0.6051563024520874,-0.09080217033624649,0.8803688883781433,0.6861215829849243,-0.0921546071767807,0.8539437055587769,0.7551653385162354,-0.07652855664491653,0.923105001449585,0.7208620309829712,-0.06275102496147156,0.9128279089927673,0.7231770753860474,-0.09255263954401016,0.8870527148246765,0.7760695219039917,-0.08735893666744232,0.8746813535690308,0.8108526468276978,-0.07299084961414337,ई
0.0,0.0,0.0,0.0,0.0,0.0,0.0,0.0,0.0,0.0,0.0,0.0,0.0,0.0,0.0,0.0,0.0,0.0,0.0,0.0,0.0,0.0,0.0,0.0,0.0,0.0,0.0,0.0,0.0,0.0,0.0,0.0,0.0,0.0,0.0,0.0,0.0,0.0,0.0,0.0,0.0,0.0,0.0,0.0,0.0,0.0,0.0,0.0,0.0,0.0,0.0,0.0,0.0,0.0,0.0,0.0,0.0,0.0,0.0,0.0,0.0,0.0,0.0,0.8473233580589294,0.9111970067024231,6.141453923191875e-07,0.7869426608085632,0.8682875633239746,-0.025684645399451256,0.7632569670677185,0.766427218914032,-0.041391681879758835,0.8023267388343811,0.6972311735153198,-0.06166187301278114,0.8595205545425415,0.6932168006896973,-0.07871870696544647,0.7792071104049683,0.6180720329284668,-0.008198958821594715,0.7485128045082092,0.5257590413093567,-0.05357319861650467,0.7446987628936768,0.4761398434638977,-0.08890580385923386,0.7460273504257202,0.49706441164016724,-0.10716838389635086,0.84083491563797,0.6230369210243225,-0.020106183364987373,0.8726840615272522,0.5054645538330078,-0.07550986856222153,0.8731804490089417,0.4594031870365143,-0.11321256309747696,0.8715569376945496,0.47792887687683105,-0.1276136338710785,0.8865177631378174,0.662606954574585,-0.03754039853811264,0.9143586754798889,0.6006583571434021,-0.08590871095657349,0.8784740567207336,0.6789169311523438,-0.08899816125631332,0.852792501449585,0.7491368651390076,-0.0756145641207695,0.9221548438072205,0.7165681719779968,-0.05811565741896629,0.9090942144393921,0.7152494788169861,-0.08830542862415314,0.8829825520515442,0.7655931711196899,-0.0852876752614975,0.8704782128334045,0.8015738725662231,-0.07290917634963989,ई
0.0,0.0,0.0,0.0,0.0,0.0,0.0,0.0,0.0,0.0,0.0,0.0,0.0,0.0,0.0,0.0,0.0,0.0,0.0,0.0,0.0,0.0,0.0,0.0,0.0,0.0,0.0,0.0,0.0,0.0,0.0,0.0,0.0,0.0,0.0,0.0,0.0,0.0,0.0,0.0,0.0,0.0,0.0,0.0,0.0,0.0,0.0,0.0,0.0,0.0,0.0,0.0,0.0,0.0,0.0,0.0,0.0,0.0,0.0,0.0,0.0,0.0,0.0,0.8463868498802185,0.9048136472702026,6.426878371712519e-07,0.7869336605072021,0.8601457476615906,-0.02428295649588108,0.7635043859481812,0.7592056393623352,-0.03887515142560005,0.8062503933906555,0.6898029446601868,-0.058305833488702774,0.8646915555000305,0.6922180652618408,-0.07474738359451294,0.7776556611061096,0.6167390942573547,-0.007410585414618254,0.7457028031349182,0.5199710130691528,-0.05439130216836929,0.744865894317627,0.47073137760162354,-0.08993202447891235,0.7480220794677734,0.49558600783348083,-0.10742867738008499,0.8397313952445984,0.623354971408844,-0.020438071340322495,0.8721666932106018,0.4991101622581482,-0.07745735347270966,0.8721081018447876,0.4571395218372345,-0.11472138017416,0.8681761026382446,0.4824930727481842,-0.12740173935890198,0.885733425617218,0.6656321883201599,-0.03889181837439537,0.9106387495994568,0.6105387806892395,-0.08782143890857697,0.8747109174728394,0.6885897517204285,-0.08944951742887497,0.8492822647094727,0.752460777759552,-0.07422229647636414,0.9204262495040894,0.7223401069641113,-0.0603170283138752,0.9073716402053833,0.7197514772415161,-0.08871056884527206,0.8814837336540222,0.7706168293952942,-0.08249334245920181,0.8693644404411316,0.8021144866943359,-0.06776930391788483,ई
0.0,0.0,0.0,0.0,0.0,0.0,0.0,0.0,0.0,0.0,0.0,0.0,0.0,0.0,0.0,0.0,0.0,0.0,0.0,0.0,0.0,0.0,0.0,0.0,0.0,0.0,0.0,0.0,0.0,0.0,0.0,0.0,0.0,0.0,0.0,0.0,0.0,0.0,0.0,0.0,0.0,0.0,0.0,0.0,0.0,0.0,0.0,0.0,0.0,0.0,0.0,0.0,0.0,0.0,0.0,0.0,0.0,0.0,0.0,0.0,0.0,0.0,0.0,0.8481655716896057,0.9082522988319397,6.129042162683618e-07,0.7886790633201599,0.8645288944244385,-0.022557005286216736,0.7660022377967834,0.7612947821617126,-0.03533030301332474,0.8084560632705688,0.6935065388679504,-0.05305472016334534,0.8655646443367004,0.6930732727050781,-0.06757249683141708,0.7789510488510132,0.615570068359375,-0.005676250904798508,0.746924638748169,0.5169897079467773,-0.05134376138448715,0.744385838508606,0.46671241521835327,-0.08661248534917831,0.7481325268745422,0.4899546802043915,-0.1047457903623581,0.8399707674980164,0.6213357448577881,-0.018823957070708275,0.8683313131332397,0.49824830889701843,-0.07466650754213333,0.8709272742271423,0.4585053026676178,-0.11228451132774353,0.8717272281646729,0.4836719036102295,-0.12602293491363525,0.886115312576294,0.6607028841972351,-0.037119053304195404,0.9144679307937622,0.6016300320625305,-0.08478555828332901,0.8802619576454163,0.6820788979530334,-0.08728674054145813,0.8542677164077759,0.7509602308273315,-0.07380139827728271,0.9214966297149658,0.7130395174026489,-0.05849466472864151,0.9107039570808411,0.7234659790992737,-0.08867671340703964,0.8837218284606934,0.7773672342300415,-0.0858968198299408,0.8692384362220764,0.8117444515228271,-0.07370961457490921,ई
0.0,0.0,0.0,0.0,0.0,0.0,0.0,0.0,0.0,0.0,0.0,0.0,0.0,0.0,0.0,0.0,0.0,0.0,0.0,0.0,0.0,0.0,0.0,0.0,0.0,0.0,0.0,0.0,0.0,0.0,0.0,0.0,0.0,0.0,0.0,0.0,0.0,0.0,0.0,0.0,0.0,0.0,0.0,0.0,0.0,0.0,0.0,0.0,0.0,0.0,0.0,0.0,0.0,0.0,0.0,0.0,0.0,0.0,0.0,0.0,0.0,0.0,0.0,0.8512224555015564,0.9133648872375488,6.145214683783706e-07,0.7910115718841553,0.8711047172546387,-0.02416946366429329,0.7664496898651123,0.7638794183731079,-0.038284506648778915,0.8095933198928833,0.6910026669502258,-0.057423874735832214,0.8700940608978271,0.6935071349143982,-0.07347872853279114,0.7802157998085022,0.6178044080734253,-0.0063933501951396465,0.7470700740814209,0.5205549001693726,-0.052219096571207047,0.7444331645965576,0.47039029002189636,-0.08723452687263489,0.7467596530914307,0.4931265711784363,-0.10483916103839874,0.8404544591903687,0.6207388043403625,-0.018858931958675385,0.8691315650939941,0.495360404253006,-0.07502274960279465,0.870866060256958,0.45223763585090637,-0.11173508316278458,0.8702784776687622,0.4768666923046112,-0.1243019700050354,0.8862317800521851,0.6585844159126282,-0.03678080067038536,0.914605438709259,0.6011655330657959,-0.08565086871385574,0.8801383376121521,0.684054970741272,-0.08708976209163666,0.8541814684867859,0.7565810084342957,-0.07164332270622253,0.9229531288146973,0.7108546495437622,-0.05791030824184418,0.9136621952056885,0.7126801013946533,-0.08786555379629135,0.8884006142616272,0.768729567527771,-0.08322512358427048,0.8747985363006592,0.8083353042602539,-0.06921461969614029,ई
0.0,0.0,0.0,0.0,0.0,0.0,0.0,0.0,0.0,0.0,0.0,0.0,0.0,0.0,0.0,0.0,0.0,0.0,0.0,0.0,0.0,0.0,0.0,0.0,0.0,0.0,0.0,0.0,0.0,0.0,0.0,0.0,0.0,0.0,0.0,0.0,0.0,0.0,0.0,0.0,0.0,0.0,0.0,0.0,0.0,0.0,0.0,0.0,0.0,0.0,0.0,0.0,0.0,0.0,0.0,0.0,0.0,0.0,0.0,0.0,0.0,0.0,0.0,0.8469666242599487,0.9110364317893982,6.003000407872605e-07,0.788343071937561,0.8656677007675171,-0.021543242037296295,0.7668370008468628,0.7604338526725769,-0.03440200164914131,0.8086315393447876,0.6916919946670532,-0.05263889580965042,0.8651103377342224,0.6916782259941101,-0.06776802986860275,0.7795786261558533,0.6164528727531433,-0.004774789791554213,0.744867742061615,0.5182859897613525,-0.05054087191820145,0.7426592111587524,0.46941250562667847,-0.08508548885583878,0.7466994524002075,0.49221861362457275,-0.10264508426189423,0.839365541934967,0.6191999912261963,-0.01881294697523117,0.86528080701828,0.49199044704437256,-0.07504742592573166,0.8689970970153809,0.45270195603370667,-0.11205139011144638,0.8716590404510498,0.4774678945541382,-0.12500719726085663,0.8848852515220642,0.657328188419342,-0.03785227611660957,0.9129157662391663,0.5988113880157471,-0.0850958526134491,0.8782958388328552,0.6828562021255493,-0.085567407310009,0.8521788120269775,0.7523347735404968,-0.07057232409715652,0.9205636382102966,0.710083544254303,-0.06010860204696655,0.9123868346214294,0.7227209806442261,-0.08858881890773773,0.8863143920898438,0.7790891528129578,-0.08412002772092819,0.8723905682563782,0.8135926723480225,-0.0710354819893837,ई
0.0,0.0,0.0,0.0,0.0,0.0,0.0,0.0,0.0,0.0,0.0,0.0,0.0,0.0,0.0,0.0,0.0,0.0,0.0,0.0,0.0,0.0,0.0,0.0,0.0,0.0,0.0,0.0,0.0,0.0,0.0,0.0,0.0,0.0,0.0,0.0,0.0,0.0,0.0,0.0,0.0,0.0,0.0,0.0,0.0,0.0,0.0,0.0,0.0,0.0,0.0,0.0,0.0,0.0,0.0,0.0,0.0,0.0,0.0,0.0,0.0,0.0,0.0,0.8440934419631958,0.9039607048034668,5.997154062242771e-07,0.783316433429718,0.8592599034309387,-0.025640146806836128,0.7619161605834961,0.7596250772476196,-0.04009723290801048,0.8035777807235718,0.692403256893158,-0.0584137924015522,0.8589762449264526,0.6875696182250977,-0.07393680512905121,0.7761259078979492,0.6209688186645508,-0.011939607560634613,0.7443519234657288,0.5277881622314453,-0.05558844655752182,0.7412528991699219,0.47587281465530396,-0.08797851204872131,0.7435382604598999,0.4871709942817688,-0.10461301356554031,0.8363243341445923,0.6224708557128906,-0.022901205345988274,0.8625709414482117,0.4983629882335663,-0.07651211321353912,0.8660458922386169,0.4553088843822479,-0.11108304560184479,0.8673008680343628,0.4735570549964905,-0.12303392589092255,0.8816132545471191,0.6585044860839844,-0.03880041465163231,0.9103289842605591,0.6014969348907471,-0.0862780436873436,0.8778305053710938,0.6781125068664551,-0.08927563577890396,0.8519942760467529,0.7440517544746399,-0.07595106214284897,0.9178924560546875,0.7097804546356201,-0.05775072053074837,0.9111679196357727,0.7187408208847046,-0.08783784508705139,0.884669303894043,0.7691493630409241,-0.08577388525009155,0.8674402832984924,0.8033801913261414,-0.07430475205183029,ई
0.0,0.0,0.0,0.0,0.0,0.0,0.0,0.0,0.0,0.0,0.0,0.0,0.0,0.0,0.0,0.0,0.0,0.0,0.0,0.0,0.0,0.0,0.0,0.0,0.0,0.0,0.0,0.0,0.0,0.0,0.0,0.0,0.0,0.0,0.0,0.0,0.0,0.0,0.0,0.0,0.0,0.0,0.0,0.0,0.0,0.0,0.0,0.0,0.0,0.0,0.0,0.0,0.0,0.0,0.0,0.0,0.0,0.0,0.0,0.0,0.0,0.0,0.0,0.845966637134552,0.9031059145927429,6.147268436507147e-07,0.7865718007087708,0.8619567155838013,-0.024512480944395065,0.7649062275886536,0.7634724378585815,-0.038100261241197586,0.8029714226722717,0.6941149234771729,-0.05625392869114876,0.8556119203567505,0.6888515949249268,-0.07150571048259735,0.7740261554718018,0.6195468902587891,-0.006755360867828131,0.743757426738739,0.5262067317962646,-0.05106951296329498,0.7414944767951965,0.47347491979599,-0.08441279828548431,0.7438791990280151,0.49072691798210144,-0.10074032843112946,0.8345240354537964,0.6213451027870178,-0.018605543300509453,0.861568808555603,0.4962298274040222,-0.0730624571442604,0.8646458387374878,0.4531906843185425,-0.10897403210401535,0.8651935458183289,0.47579437494277954,-0.12087897956371307,0.8810949921607971,0.657427191734314,-0.035660263150930405,0.907148003578186,0.6008826494216919,-0.08407005667686462,0.8758870363235474,0.681414783000946,-0.08619103580713272,0.8520072102546692,0.7502089738845825,-0.07104287296533585,0.9175061583518982,0.7084660530090332,-0.0556233711540699,0.9085612893104553,0.7087411284446716,-0.084984689950943,0.8847684264183044,0.7622382044792175,-0.08005781471729279,0.8715050220489502,0.8000903129577637,-0.06572406738996506,ई
0.0,0.0,0.0,0.0,0.0,0.0,0.0,0.0,0.0,0.0,0.0,0.0,0.0,0.0,0.0,0.0,0.0,0.0,0.0,0.0,0.0,0.0,0.0,0.0,0.0,0.0,0.0,0.0,0.0,0.0,0.0,0.0,0.0,0.0,0.0,0.0,0.0,0.0,0.0,0.0,0.0,0.0,0.0,0.0,0.0,0.0,0.0,0.0,0.0,0.0,0.0,0.0,0.0,0.0,0.0,0.0,0.0,0.0,0.0,0.0,0.0,0.0,0.0,0.8477271199226379,0.9132453203201294,5.919546879340487e-07,0.7861230373382568,0.8700122237205505,-0.02293674275279045,0.7636774778366089,0.7615097165107727,-0.034799497574567795,0.8081013560295105,0.6904726028442383,-0.051566556096076965,0.8671358823776245,0.6932473182678223,-0.06552550941705704,0.7756026983261108,0.6224164962768555,-0.003944930154830217,0.7438619136810303,0.5291842818260193,-0.04855259880423546,0.7396724820137024,0.4759141206741333,-0.08347462862730026,0.7405869960784912,0.49270063638687134,-0.10195093601942062,0.8361201286315918,0.6254556179046631,-0.017007360234856606,0.861639678478241,0.5023030638694763,-0.07251881808042526,0.8634535670280457,0.4582556486129761,-0.10981327295303345,0.8640017509460449,0.4771996736526489,-0.12352781742811203,0.8824056386947632,0.6633585095405579,-0.03538251668214798,0.9101452231407166,0.5980514883995056,-0.08395081758499146,0.877152681350708,0.6801798343658447,-0.08588438481092453,0.8527835011482239,0.7504335641860962,-0.07169994711875916,0.9194660186767578,0.715685248374939,-0.05686752870678902,0.9086048007011414,0.7212852835655212,-0.08795759081840515,0.8832564353942871,0.7761474847793579,-0.08505173772573471,0.8710128664970398,0.8120095729827881,-0.07281892001628876,ई
0.0,0.0,0.0,0.0,0.0,0.0,0.0,0.0,0.0,0.0,0.0,0.0,0.0,0.0,0.0,0.0,0.0,0.0,0.0,0.0,0.0,0.0,0.0,0.0,0.0,0.0,0.0,0.0,0.0,0.0,0.0,0.0,0.0,0.0,0.0,0.0,0.0,0.0,0.0,0.0,0.0,0.0,0.0,0.0,0.0,0.0,0.0,0.0,0.0,0.0,0.0,0.0,0.0,0.0,0.0,0.0,0.0,0.0,0.0,0.0,0.0,0.0,0.0,0.8454190492630005,0.9034896492958069,6.002957206874271e-07,0.7846035957336426,0.8599029183387756,-0.023302560672163963,0.7628835439682007,0.7596768736839294,-0.03650341182947159,0.8056354522705078,0.6902884840965271,-0.0547676719725132,0.8614165782928467,0.6917271018028259,-0.0702575147151947,0.7739863991737366,0.6162126064300537,-0.005558054894208908,0.7427132725715637,0.5184798240661621,-0.04982462897896767,0.741484522819519,0.4717416763305664,-0.08369068056344986,0.7456086277961731,0.49846744537353516,-0.10033663362264633,0.8354154825210571,0.6210299134254456,-0.017577428370714188,0.8634476065635681,0.4984840750694275,-0.07037514448165894,0.8621771931648254,0.45416319370269775,-0.10592178255319595,0.8593878746032715,0.475843608379364,-0.11874695122241974,0.8811608552932739,0.6604021191596985,-0.035048287361860275,0.9051163792610168,0.6006908416748047,-0.08131781220436096,0.8715121746063232,0.6767354011535645,-0.0848882719874382,0.847821056842804,0.7434203028678894,-0.07209357619285583,0.9165462255477905,0.7141721248626709,-0.05543167144060135,0.9032486081123352,0.7157596945762634,-0.08372628688812256,0.8776559829711914,0.7650406360626221,-0.08066663891077042,0.8652901649475098,0.7991584539413452,-0.06865588575601578,ई
0.0,0.0,0.0,0.0,0.0,0.0,0.0,0.0,0.0,0.0,0.0,0.0,0.0,0.0,0.0,0.0,0.0,0.0,0.0,0.0,0.0,0.0,0.0,0.0,0.0,0.0,0.0,0.0,0.0,0.0,0.0,0.0,0.0,0.0,0.0,0.0,0.0,0.0,0.0,0.0,0.0,0.0,0.0,0.0,0.0,0.0,0.0,0.0,0.0,0.0,0.0,0.0,0.0,0.0,0.0,0.0,0.0,0.0,0.0,0.0,0.0,0.0,0.0,0.84516441822052,0.9071639776229858,5.88795728617697e-07,0.7841576933860779,0.8670244216918945,-0.025248903781175613,0.7597715258598328,0.7566028833389282,-0.03719194233417511,0.8032470345497131,0.6793639659881592,-0.05384300276637077,0.8624380826950073,0.6846919059753418,-0.06750006228685379,0.7711688280105591,0.6186533570289612,-0.0036520890425890684,0.7406817674636841,0.5217977166175842,-0.04677997902035713,0.736611008644104,0.4730207920074463,-0.07985203713178635,0.7366831302642822,0.4936869144439697,-0.0968146100640297,0.8313242197036743,0.6192231774330139,-0.014942323789000511,0.8573811650276184,0.500038743019104,-0.06802238523960114,0.857112467288971,0.4538384675979614,-0.1033269613981247,0.8555856943130493,0.47066739201545715,-0.11607488244771957,0.8769425749778748,0.655585527420044,-0.03210953250527382,0.9034009575843811,0.5975704193115234,-0.08028659969568253,0.8713819980621338,0.6783391833305359,-0.08388683199882507,0.8477275967597961,0.7494659423828125,-0.07080695778131485,0.91368168592453,0.706231415271759,-0.05260692909359932,0.9041775465011597,0.7170758247375488,-0.08479639887809753,0.879334032535553,0.773579478263855,-0.08400163799524307,0.8667866587638855,0.8126169443130493,-0.07314110547304153,ई
0.0,0.0,0.0,0.0,0.0,0.0,0.0,0.0,0.0,0.0,0.0,0.0,0.0,0.0,0.0,0.0,0.0,0.0,0.0,0.0,0.0,0.0,0.0,0.0,0.0,0.0,0.0,0.0,0.0,0.0,0.0,0.0,0.0,0.0,0.0,0.0,0.0,0.0,0.0,0.0,0.0,0.0,0.0,0.0,0.0,0.0,0.0,0.0,0.0,0.0,0.0,0.0,0.0,0.0,0.0,0.0,0.0,0.0,0.0,0.0,0.0,0.0,0.0,0.8425570130348206,0.904170572757721,5.747169211645087e-07,0.7827510237693787,0.8608134984970093,-0.023745106533169746,0.7608504295349121,0.760176956653595,-0.03786671906709671,0.804615318775177,0.6916561126708984,-0.05647607147693634,0.8617671132087708,0.6867843270301819,-0.07208075374364853,0.7731450796127319,0.616511344909668,-0.00917096622288227,0.7412965297698975,0.5184565782546997,-0.054000258445739746,0.7381276488304138,0.47029340267181396,-0.08801405131816864,0.7407824397087097,0.49277007579803467,-0.10550206899642944,0.833673894405365,0.6216403245925903,-0.021268954500555992,0.8584103584289551,0.4978158175945282,-0.07496953755617142,0.8571346402168274,0.45282474160194397,-0.11048296838998795,0.8545174598693848,0.46970266103744507,-0.12419144064188004,0.8788473010063171,0.660031795501709,-0.03863377869129181,0.9065327644348145,0.5914161801338196,-0.08694520592689514,0.8745198845863342,0.6698105335235596,-0.0898457020521164,0.8495098948478699,0.7383324503898621,-0.07734835147857666,0.914246678352356,0.7121344804763794,-0.05886480212211609,0.9028663635253906,0.715327262878418,-0.09112153947353363,0.8765377402305603,0.7690820097923279,-0.08989447355270386,0.8615337610244751,0.8048607707023621,-0.07934175431728363,ई
0.0,0.0,0.0,0.0,0.0,0.0,0.0,0.0,0.0,0.0,0.0,0.0,0.0,0.0,0.0,0.0,0.0,0.0,0.0,0.0,0.0,0.0,0.0,0.0,0.0,0.0,0.0,0.0,0.0,0.0,0.0,0.0,0.0,0.0,0.0,0.0,0.0,0.0,0.0,0.0,0.0,0.0,0.0,0.0,0.0,0.0,0.0,0.0,0.0,0.0,0.0,0.0,0.0,0.0,0.0,0.0,0.0,0.0,0.0,0.0,0.0,0.0,0.0,0.8453935384750366,0.905766487121582,5.719202249565569e-07,0.7861241102218628,0.8659350872039795,-0.02412913739681244,0.7626184225082397,0.7617372274398804,-0.03711782023310661,0.8035041689872742,0.6902354955673218,-0.054721008986234665,0.8590980172157288,0.6940243244171143,-0.06926610320806503,0.773419976234436,0.618286669254303,-0.005704883951693773,0.7411351799964905,0.5207141637802124,-0.047893911600112915,0.7391507625579834,0.47239482402801514,-0.07930854707956314,0.742822527885437,0.49247750639915466,-0.09534978866577148,0.832926332950592,0.6209392547607422,-0.017095807939767838,0.8576058745384216,0.501903772354126,-0.06889905780553818,0.8573338985443115,0.45783376693725586,-0.10236190259456635,0.8552148938179016,0.47210633754730225,-0.11465263366699219,0.8780485391616821,0.6567967534065247,-0.034090012311935425,0.9046368598937988,0.5930144786834717,-0.08172675967216492,0.8738868236541748,0.6735632419586182,-0.08424973487854004,0.8496941924095154,0.7422215938568115,-0.07130633294582367,0.9142887592315674,0.7066564559936523,-0.054167844355106354,0.9048461318016052,0.712030291557312,-0.08663266152143478,0.8790772557258606,0.7690086960792542,-0.0860496535897255,0.8639277815818787,0.8070811629295349,-0.07586253434419632,ई
0.0,0.0,0.0,0.0,0.0,0.0,0.0,0.0,0.0,0.0,0.0,0.0,0.0,0.0,0.0,0.0,0.0,0.0,0.0,0.0,0.0,0.0,0.0,0.0,0.0,0.0,0.0,0.0,0.0,0.0,0.0,0.0,0.0,0.0,0.0,0.0,0.0,0.0,0.0,0.0,0.0,0.0,0.0,0.0,0.0,0.0,0.0,0.0,0.0,0.0,0.0,0.0,0.0,0.0,0.0,0.0,0.0,0.0,0.0,0.0,0.0,0.0,0.0,0.843933641910553,0.9027511477470398,5.779274374617671e-07,0.7835449576377869,0.8588674664497375,-0.022386673837900162,0.7625624537467957,0.758150577545166,-0.03518642857670784,0.8040805459022522,0.6892402768135071,-0.052967753261327744,0.860034704208374,0.6904816031455994,-0.06814121454954147,0.7713314294815063,0.616772472858429,-0.0033771521411836147,0.7403477430343628,0.5228130221366882,-0.04590459540486336,0.7366541028022766,0.4729931950569153,-0.07857945561408997,0.7386360764503479,0.492877721786499,-0.09513690322637558,0.8315088152885437,0.6215112209320068,-0.01572352461516857,0.8568596839904785,0.5009045004844666,-0.06751742959022522,0.8549652099609375,0.45645320415496826,-0.10242442786693573,0.8518608212471008,0.473594605922699,-0.11539943516254425,0.8772761225700378,0.6595025658607483,-0.033512990921735764,0.9018387198448181,0.5945664644241333,-0.08069141954183578,0.8690056800842285,0.6710895895957947,-0.08502224832773209,0.8447621464729309,0.7372959852218628,-0.07301267981529236,0.9136257171630859,0.7108628153800964,-0.0539255253970623,0.8986539840698242,0.7107762098312378,-0.08438727259635925,0.8727925419807434,0.762916088104248,-0.08291560411453247,0.8592269420623779,0.7986921072006226,-0.07216861844062805,ई
0.0,0.0,0.0,0.0,0.0,0.0,0.0,0.0,0.0,0.0,0.0,0.0,0.0,0.0,0.0,0.0,0.0,0.0,0.0,0.0,0.0,0.0,0.0,0.0,0.0,0.0,0.0,0.0,0.0,0.0,0.0,0.0,0.0,0.0,0.0,0.0,0.0,0.0,0.0,0.0,0.0,0.0,0.0,0.0,0.0,0.0,0.0,0.0,0.0,0.0,0.0,0.0,0.0,0.0,0.0,0.0,0.0,0.0,0.0,0.0,0.0,0.0,0.0,0.8456478118896484,0.9025475978851318,5.928353630224592e-07,0.7856863141059875,0.860907793045044,-0.023052018135786057,0.7616937756538391,0.7566120624542236,-0.036476850509643555,0.802988588809967,0.6836717128753662,-0.0550837516784668,0.8603335022926331,0.6879074573516846,-0.07062125951051712,0.7712399959564209,0.6098278164863586,-0.0031565395183861256,0.7389926910400391,0.5108029842376709,-0.04814838618040085,0.7392369508743286,0.4629700183868408,-0.08216273784637451,0.743882954120636,0.49172335863113403,-0.09897159785032272,0.8326827883720398,0.6145124435424805,-0.01640305481851101,0.8580237627029419,0.49095314741134644,-0.06991945207118988,0.8571263551712036,0.4509124755859375,-0.10507818311452866,0.8528888821601868,0.47443532943725586,-0.1174752414226532,0.8795225024223328,0.6547413468360901,-0.03548509255051613,0.9063131809234619,0.5908098220825195,-0.08388294279575348,0.8743263483047485,0.6684170365333557,-0.08685711026191711,0.8483653664588928,0.7346461415290833,-0.0734977126121521,0.9157963395118713,0.7098889946937561,-0.05741843208670616,0.9056714177131653,0.7106605172157288,-0.08823335915803909,0.8802154660224915,0.7639279365539551,-0.08522607386112213,0.8649142384529114,0.799495279788971,-0.07304529845714569,ई
0.0,0.0,0.0,0.0,0.0,0.0,0.0,0.0,0.0,0.0,0.0,0.0,0.0,0.0,0.0,0.0,0.0,0.0,0.0,0.0,0.0,0.0,0.0,0.0,0.0,0.0,0.0,0.0,0.0,0.0,0.0,0.0,0.0,0.0,0.0,0.0,0.0,0.0,0.0,0.0,0.0,0.0,0.0,0.0,0.0,0.0,0.0,0.0,0.0,0.0,0.0,0.0,0.0,0.0,0.0,0.0,0.0,0.0,0.0,0.0,0.0,0.0,0.0,0.8448725938796997,0.9086495637893677,5.219630452302226e-07,0.7840552926063538,0.8673752546310425,-0.020086679607629776,0.7583766579627991,0.76442950963974,-0.030903205275535583,0.7974758148193359,0.694869875907898,-0.046865928918123245,0.8539934754371643,0.687764048576355,-0.05976888909935951,0.7714741826057434,0.6208462715148926,-0.0031016338616609573,0.7412099242210388,0.524640679359436,-0.04624968394637108,0.737160325050354,0.47634345293045044,-0.07920585572719574,0.7377259731292725,0.4964679479598999,-0.09642892330884933,0.8321693539619446,0.6224207878112793,-0.016645558178424835,0.8555233478546143,0.4991435408592224,-0.06951699405908585,0.8539677262306213,0.4577760696411133,-0.10466501861810684,0.8510547280311584,0.47681695222854614,-0.11785682290792465,0.8784750699996948,0.6585950255393982,-0.03524314984679222,0.9031018018722534,0.5947220325469971,-0.08153952658176422,0.8706396818161011,0.6758476495742798,-0.0835040882229805,0.8453245162963867,0.7441235184669495,-0.07073299586772919,0.915061891078949,0.7097541093826294,-0.05672384053468704,0.9036391377449036,0.723222553730011,-0.08765220642089844,0.8768863081932068,0.7773852944374084,-0.08677449077367783,0.8613384962081909,0.8107938170433044,-0.07667836546897888,ई
0.0,0.0,0.0,0.0,0.0,0.0,0.0,0.0,0.0,0.0,0.0,0.0,0.0,0.0,0.0,0.0,0.0,0.0,0.0,0.0,0.0,0.0,0.0,0.0,0.0,0.0,0.0,0.0,0.0,0.0,0.0,0.0,0.0,0.0,0.0,0.0,0.0,0.0,0.0,0.0,0.0,0.0,0.0,0.0,0.0,0.0,0.0,0.0,0.0,0.0,0.0,0.0,0.0,0.0,0.0,0.0,0.0,0.0,0.0,0.0,0.0,0.0,0.0,0.845135509967804,0.9044153094291687,5.418118007582962e-07,0.7831929922103882,0.8644880056381226,-0.02221774123609066,0.7570114731788635,0.756253182888031,-0.03204542398452759,0.8000803589820862,0.685978353023529,-0.04656125232577324,0.8594575524330139,0.6867329478263855,-0.05783199146389961,0.7702301144599915,0.6155111193656921,-0.0019883918575942516,0.7384217977523804,0.5159467458724976,-0.044001273810863495,0.7354856729507446,0.46898552775382996,-0.07579817622900009,0.7364965677261353,0.49337267875671387,-0.09195715188980103,0.8307331204414368,0.6188245415687561,-0.013876670971512794,0.8545719385147095,0.49785804748535156,-0.06588190793991089,0.8533105850219727,0.45576727390289307,-0.10026909410953522,0.8490878343582153,0.47343140840530396,-0.112851083278656,0.8765450716018677,0.6563247442245483,-0.03146638348698616,0.9030414819717407,0.5932180881500244,-0.07909602671861649,0.8720759153366089,0.6722042560577393,-0.08333846181631088,0.8459043502807617,0.7393769025802612,-0.0715181902050972,0.912706732749939,0.7072251439094543,-0.05187530443072319,0.9023457765579224,0.7157275080680847,-0.08501310646533966,0.8756068348884583,0.7705096006393433,-0.08588782697916031,0.8578625321388245,0.805865466594696,-0.07670770585536957,ई
0.0,0.0,0.0,0.0,0.0,0.0,0.0,0.0,0.0,0.0,0.0,0.0,0.0,0.0,0.0,0.0,0.0,0.0,0.0,0.0,0.0,0.0,0.0,0.0,0.0,0.0,0.0,0.0,0.0,0.0,0.0,0.0,0.0,0.0,0.0,0.0,0.0,0.0,0.0,0.0,0.0,0.0,0.0,0.0,0.0,0.0,0.0,0.0,0.0,0.0,0.0,0.0,0.0,0.0,0.0,0.0,0.0,0.0,0.0,0.0,0.0,0.0,0.0,0.8435664176940918,0.9007309079170227,5.64443155326444e-07,0.7822606563568115,0.8578414916992188,-0.02143251895904541,0.7584118843078613,0.755642294883728,-0.03282074257731438,0.8000051379203796,0.6856558918952942,-0.04923238605260849,0.8580918908119202,0.6853272318840027,-0.06262098252773285,0.7693189382553101,0.6119950413703918,-0.0030612063128501177,0.7391641736030579,0.5180226564407349,-0.04579153656959534,0.7349705100059509,0.4708505868911743,-0.07881796360015869,0.7354657649993896,0.4915865659713745,-0.09602640569210052,0.8291149735450745,0.6148656606674194,-0.016135239973664284,0.8519284129142761,0.4926959276199341,-0.06863579899072647,0.8510247468948364,0.4497597813606262,-0.10388245433568954,0.8486221432685852,0.46645453572273254,-0.11722344160079956,0.8750441074371338,0.6518574357032776,-0.03438512235879898,0.9026660919189453,0.5858370661735535,-0.08141454309225082,0.8719942569732666,0.66737300157547,-0.08324575424194336,0.8465161323547363,0.7362606525421143,-0.06980163604021072,0.9110943675041199,0.7035636305809021,-0.05552740395069122,0.9032979011535645,0.7059418559074402,-0.08573859930038452,0.878272533416748,0.7607884407043457,-0.08269724249839783,0.8623461127281189,0.7965897917747498,-0.0709143802523613,ई
0.0,0.0,0.0,0.0,0.0,0.0,0.0,0.0,0.0,0.0,0.0,0.0,0.0,0.0,0.0,0.0,0.0,0.0,0.0,0.0,0.0,0.0,0.0,0.0,0.0,0.0,0.0,0.0,0.0,0.0,0.0,0.0,0.0,0.0,0.0,0.0,0.0,0.0,0.0,0.0,0.0,0.0,0.0,0.0,0.0,0.0,0.0,0.0,0.0,0.0,0.0,0.0,0.0,0.0,0.0,0.0,0.0,0.0,0.0,0.0,0.0,0.0,0.0,0.8445684909820557,0.9092178344726562,5.42054465313413e-07,0.7837919592857361,0.8675811290740967,-0.022006239742040634,0.7599141001701355,0.7631141543388367,-0.0338413380086422,0.8023117184638977,0.691416323184967,-0.05039249733090401,0.8594592809677124,0.6904975771903992,-0.06419052183628082,0.7693236470222473,0.6195369362831116,-0.004591247998178005,0.7405862808227539,0.5222594141960144,-0.046529337763786316,0.7358438968658447,0.47383996844291687,-0.07896246016025543,0.7358139753341675,0.4943525195121765,-0.09602564573287964,0.8303695321083069,0.6230024695396423,-0.0166042260825634,0.8539412021636963,0.5022948980331421,-0.06721653789281845,0.852841317653656,0.45656484365463257,-0.10160285234451294,0.850542426109314,0.469609797000885,-0.11552850157022476,0.8770750761032104,0.6597435474395752,-0.03386342525482178,0.9038911461830139,0.5889295339584351,-0.0802568718791008,0.8721957206726074,0.667130172252655,-0.08343089371919632,0.8468710780143738,0.736110508441925,-0.07188238948583603,0.914286732673645,0.7109628319740295,-0.05389890447258949,0.9026437997817993,0.7121921181678772,-0.08582163602113724,0.8773021697998047,0.7657220363616943,-0.08539526909589767,0.8626923561096191,0.8024649620056152,-0.07581080496311188,ई
0.0,0.0,0.0,0.0,0.0,0.0,0.0,0.0,0.0,0.0,0.0,0.0,0.0,0.0,0.0,0.0,0.0,0.0,0.0,0.0,0.0,0.0,0.0,0.0,0.0,0.0,0.0,0.0,0.0,0.0,0.0,0.0,0.0,0.0,0.0,0.0,0.0,0.0,0.0,0.0,0.0,0.0,0.0,0.0,0.0,0.0,0.0,0.0,0.0,0.0,0.0,0.0,0.0,0.0,0.0,0.0,0.0,0.0,0.0,0.0,0.0,0.0,0.0,0.8457818627357483,0.897076427936554,5.701542704628082e-07,0.7856687307357788,0.8564621806144714,-0.0205933079123497,0.7634121179580688,0.7517993450164795,-0.031154010444879532,0.8040384650230408,0.6821148991584778,-0.04706168547272682,0.8580251932144165,0.6886218786239624,-0.060158438980579376,0.7712415456771851,0.6109709739685059,-0.0007119926740415394,0.7386913299560547,0.5167774558067322,-0.043166633695364,0.7372166514396667,0.4671732187271118,-0.07542312145233154,0.7413641810417175,0.48974353075027466,-0.09147554636001587,0.831303596496582,0.6145058870315552,-0.01378220971673727,0.8547212481498718,0.4908658564090729,-0.06620645523071289,0.8528342843055725,0.4507511854171753,-0.10057312995195389,0.848691999912262,0.47420042753219604,-0.11217405647039413,0.877453088760376,0.6516789793968201,-0.03225411847233772,0.9037029147148132,0.5854842066764832,-0.07966998964548111,0.8732104301452637,0.6657056212425232,-0.08262448757886887,0.8487286567687988,0.7348960638046265,-0.06895499676465988,0.9135926961898804,0.7032666802406311,-0.053372666239738464,0.9047259092330933,0.7042466998100281,-0.08372482657432556,0.8802192211151123,0.7589820623397827,-0.08143706619739532,0.8656305074691772,0.7960585355758667,-0.06966770440340042,ई
0.0,0.0,0.0,0.0,0.0,0.0,0.0,0.0,0.0,0.0,0.0,0.0,0.0,0.0,0.0,0.0,0.0,0.0,0.0,0.0,0.0,0.0,0.0,0.0,0.0,0.0,0.0,0.0,0.0,0.0,0.0,0.0,0.0,0.0,0.0,0.0,0.0,0.0,0.0,0.0,0.0,0.0,0.0,0.0,0.0,0.0,0.0,0.0,0.0,0.0,0.0,0.0,0.0,0.0,0.0,0.0,0.0,0.0,0.0,0.0,0.0,0.0,0.0,0.8480542898178101,0.9074905514717102,5.75722651774413e-07,0.7869996428489685,0.8676243424415588,-0.023756325244903564,0.7633111476898193,0.7611594200134277,-0.03440980985760689,0.8037968873977661,0.6864320039749146,-0.04974532499909401,0.8584824800491333,0.6866441369056702,-0.062047310173511505,0.7715786695480347,0.6192699074745178,-0.00140359066426754,0.7415375709533691,0.523703932762146,-0.04376903921365738,0.738930881023407,0.4729321599006653,-0.07665316760540009,0.7412221431732178,0.4924702048301697,-0.09334336966276169,0.8318230509757996,0.6200516223907471,-0.012751635164022446,0.8554679155349731,0.4993705153465271,-0.06572756171226501,0.8540186882019043,0.4536435008049011,-0.10163579881191254,0.8516328930854797,0.4722942113876343,-0.11438184231519699,0.8774397969245911,0.6552072167396545,-0.029751410707831383,0.9037737846374512,0.5949907898902893,-0.07786091417074203,0.8734315633773804,0.675309419631958,-0.08213448524475098,0.8501254916191101,0.7469601035118103,-0.06914296001195908,0.9132505059242249,0.7050186991691589,-0.049778711050748825,0.9044317007064819,0.7137515544891357,-0.08138379454612732,0.8811783194541931,0.7687417268753052,-0.08027872443199158,0.8689664602279663,0.8071508407592773,-0.06895216554403305,ई
0.0,0.0,0.0,0.0,0.0,0.0,0.0,0.0,0.0,0.0,0.0,0.0,0.0,0.0,0.0,0.0,0.0,0.0,0.0,0.0,0.0,0.0,0.0,0.0,0.0,0.0,0.0,0.0,0.0,0.0,0.0,0.0,0.0,0.0,0.0,0.0,0.0,0.0,0.0,0.0,0.0,0.0,0.0,0.0,0.0,0.0,0.0,0.0,0.0,0.0,0.0,0.0,0.0,0.0,0.0,0.0,0.0,0.0,0.0,0.0,0.0,0.0,0.0,0.8472226858139038,0.9108960628509521,5.499511530615564e-07,0.7881541848182678,0.8689579963684082,-0.02154018171131611,0.7626149654388428,0.7619671821594238,-0.03346849977970123,0.8033432960510254,0.6899517178535461,-0.0505211241543293,0.8621625900268555,0.6903858184814453,-0.06415888667106628,0.7732930183410645,0.6201059222221375,-0.005098823457956314,0.7410294413566589,0.5189399719238281,-0.05005745217204094,0.7390374541282654,0.4728424549102783,-0.08421920239925385,0.7436808347702026,0.49948015809059143,-0.101901575922966,0.8338858485221863,0.6214399337768555,-0.01826384849846363,0.8563925623893738,0.49723875522613525,-0.0730430856347084,0.8554606437683105,0.4555337429046631,-0.10908746719360352,0.8533400297164917,0.47614818811416626,-0.12274334579706192,0.8798617720603943,0.6572873592376709,-0.03669252619147301,0.9066945314407349,0.5884336233139038,-0.08484505861997604,0.8771607875823975,0.6729553937911987,-0.08669690787792206,0.8526368737220764,0.745849609375,-0.0734369084239006,0.9163225889205933,0.7072029113769531,-0.05824991315603256,0.9074282050132751,0.7190880179405212,-0.09102656692266464,0.8808006048202515,0.777213454246521,-0.09061461687088013,0.8641582131385803,0.8147826790809631,-0.08048118650913239,ई
0.0,0.0,0.0,0.0,0.0,0.0,0.0,0.0,0.0,0.0,0.0,0.0,0.0,0.0,0.0,0.0,0.0,0.0,0.0,0.0,0.0,0.0,0.0,0.0,0.0,0.0,0.0,0.0,0.0,0.0,0.0,0.0,0.0,0.0,0.0,0.0,0.0,0.0,0.0,0.0,0.0,0.0,0.0,0.0,0.0,0.0,0.0,0.0,0.0,0.0,0.0,0.0,0.0,0.0,0.0,0.0,0.0,0.0,0.0,0.0,0.0,0.0,0.0,0.8488143086433411,0.9075015187263489,5.733207899538684e-07,0.7875323295593262,0.8680177330970764,-0.024842485785484314,0.7633720636367798,0.7610483765602112,-0.03731639310717583,0.8067603707313538,0.6881556510925293,-0.05454430729150772,0.8660007119178772,0.6903116703033447,-0.06880757957696915,0.7726284265518188,0.6195123791694641,-0.004054355435073376,0.7424377202987671,0.5249338746070862,-0.048661112785339355,0.7395076155662537,0.47540411353111267,-0.08318866044282913,0.7423387765884399,0.4961274266242981,-0.10119577497243881,0.8323995471000671,0.6205262541770935,-0.015759572386741638,0.8566696643829346,0.4996272325515747,-0.07140763103961945,0.8552939891815186,0.4572734832763672,-0.1084335595369339,0.8528762459754944,0.47811517119407654,-0.12186246365308762,0.8781808614730835,0.6556539535522461,-0.03323424607515335,0.905079185962677,0.5951798558235168,-0.08243175595998764,0.8728622794151306,0.6772041916847229,-0.08623356372117996,0.8478114604949951,0.7470279932022095,-0.07328973710536957,0.9154683947563171,0.7052170038223267,-0.05397205799818039,0.9051515460014343,0.7152991890907288,-0.0857495442032814,0.8789352178573608,0.7713837623596191,-0.08478593081235886,0.8642991781234741,0.8069548606872559,-0.07406462728977203,ई
0.0,0.0,0.0,0.0,0.0,0.0,0.0,0.0,0.0,0.0,0.0,0.0,0.0,0.0,0.0,0.0,0.0,0.0,0.0,0.0,0.0,0.0,0.0,0.0,0.0,0.0,0.0,0.0,0.0,0.0,0.0,0.0,0.0,0.0,0.0,0.0,0.0,0.0,0.0,0.0,0.0,0.0,0.0,0.0,0.0,0.0,0.0,0.0,0.0,0.0,0.0,0.0,0.0,0.0,0.0,0.0,0.0,0.0,0.0,0.0,0.0,0.0,0.0,0.8494927287101746,0.9116477966308594,5.671640224136354e-07,0.7874959111213684,0.8705947399139404,-0.023666655644774437,0.7657061219215393,0.7613818645477295,-0.035297561436891556,0.8110074400901794,0.6893830299377441,-0.05164501443505287,0.8682646751403809,0.6963099837303162,-0.06552344560623169,0.7744297981262207,0.626584529876709,-0.004272966179996729,0.7438673377037048,0.5309287309646606,-0.045096758753061295,0.7402842044830322,0.4798889756202698,-0.0761023536324501,0.7421343326568604,0.4971165060997009,-0.09194976091384888,0.8334880471229553,0.6266036629676819,-0.015754681080579758,0.8549914360046387,0.5057772397994995,-0.06610014289617538,0.8533722758293152,0.4586970806121826,-0.09947671741247177,0.8520115613937378,0.4730505645275116,-0.1116376519203186,0.8791071176528931,0.661934494972229,-0.032712794840335846,0.9053224325180054,0.5984747409820557,-0.07905833423137665,0.874164879322052,0.6768736243247986,-0.08248009532690048,0.8511869311332703,0.7466734647750854,-0.07006105780601501,0.9163454174995422,0.7121309638023376,-0.052662335336208344,0.9047094583511353,0.7184554934501648,-0.08373906463384628,0.8808945417404175,0.7727866172790527,-0.08290869742631912,0.8689778447151184,0.810600757598877,-0.07263723760843277,ई
0.0,0.0,0.0,0.0,0.0,0.0,0.0,0.0,0.0,0.0,0.0,0.0,0.0,0.0,0.0,0.0,0.0,0.0,0.0,0.0,0.0,0.0,0.0,0.0,0.0,0.0,0.0,0.0,0.0,0.0,0.0,0.0,0.0,0.0,0.0,0.0,0.0,0.0,0.0,0.0,0.0,0.0,0.0,0.0,0.0,0.0,0.0,0.0,0.0,0.0,0.0,0.0,0.0,0.0,0.0,0.0,0.0,0.0,0.0,0.0,0.0,0.0,0.0,0.929714560508728,0.875434160232544,2.2759041939934832e-07,0.8665639162063599,0.8447763919830322,-0.03470227122306824,0.8160784244537354,0.7707580327987671,-0.05267234146595001,0.8150213956832886,0.6838536262512207,-0.07021918892860413,0.8337388634681702,0.6160815358161926,-0.08691324293613434,0.7710333466529846,0.6683362722396851,-0.015661899000406265,0.7248840928077698,0.5718491077423096,-0.03861916810274124,0.6983615159988403,0.506794810295105,-0.05939927697181702,0.6774759292602539,0.45466485619544983,-0.07552587240934372,0.8157727718353271,0.6427156925201416,-0.016578061506152153,0.7851383686065674,0.531538188457489,-0.05789407342672348,0.7973058223724365,0.5414671897888184,-0.08782339096069336,0.8121916055679321,0.5735113620758057,-0.0990963876247406,0.861819863319397,0.6339496970176697,-0.020704256370663643,0.8355636596679688,0.535804271697998,-0.05896829813718796,0.8419331908226013,0.5582944750785828,-0.07597377896308899,0.8549481630325317,0.6040664911270142,-0.07729942351579666,0.9088163375854492,0.6434386968612671,-0.027473628520965576,0.8788217306137085,0.5800058841705322,-0.052713919430971146,0.866975724697113,0.5636036992073059,-0.06145867705345154,0.8635334968566895,0.5661484599113464,-0.06238457188010216,ए
0.0,0.0,0.0,0.0,0.0,0.0,0.0,0.0,0.0,0.0,0.0,0.0,0.0,0.0,0.0,0.0,0.0,0.0,0.0,0.0,0.0,0.0,0.0,0.0,0.0,0.0,0.0,0.0,0.0,0.0,0.0,0.0,0.0,0.0,0.0,0.0,0.0,0.0,0.0,0.0,0.0,0.0,0.0,0.0,0.0,0.0,0.0,0.0,0.0,0.0,0.0,0.0,0.0,0.0,0.0,0.0,0.0,0.0,0.0,0.0,0.0,0.0,0.0,0.931282639503479,0.871475338935852,2.647556698320841e-07,0.8666079640388489,0.8399436473846436,-0.03426843881607056,0.8153804540634155,0.7646466493606567,-0.051683589816093445,0.8140254020690918,0.6770759224891663,-0.06822653859853745,0.8345154523849487,0.6133742928504944,-0.08375239372253418,0.7720786333084106,0.6680553555488586,-0.015125768259167671,0.725361704826355,0.5724602341651917,-0.037882182747125626,0.6982954740524292,0.5056281089782715,-0.059624724090099335,0.6771216988563538,0.453235924243927,-0.07650124281644821,0.8185351490974426,0.6406525373458862,-0.015532717108726501,0.7908157706260681,0.5299364328384399,-0.05563972517848015,0.7982692122459412,0.5350367426872253,-0.08457649499177933,0.8093388080596924,0.566124439239502,-0.09524153172969818,0.8654775023460388,0.6308196187019348,-0.019243912771344185,0.8411362767219543,0.5335994958877563,-0.05256752297282219,0.8405939936637878,0.5443074703216553,-0.06740140914916992,0.8482384085655212,0.5824751853942871,-0.06865396350622177,0.9126601815223694,0.639941394329071,-0.026044586673378944,0.88474041223526,0.5782978534698486,-0.04685967415571213,0.8693851828575134,0.5519407987594604,-0.05401536077260971,0.8623547554016113,0.5436562299728394,-0.0545995719730854,ए
0.0,0.0,0.0,0.0,0.0,0.0,0.0,0.0,0.0,0.0,0.0,0.0,0.0,0.0,0.0,0.0,0.0,0.0,0.0,0.0,0.0,0.0,0.0,0.0,0.0,0.0,0.0,0.0,0.0,0.0,0.0,0.0,0.0,0.0,0.0,0.0,0.0,0.0,0.0,0.0,0.0,0.0,0.0,0.0,0.0,0.0,0.0,0.0,0.0,0.0,0.0,0.0,0.0,0.0,0.0,0.0,0.0,0.0,0.0,0.0,0.0,0.0,0.0,0.9290242195129395,0.8682892322540283,1.5136497211187816e-07,0.8658126592636108,0.8411356806755066,-0.03155606985092163,0.8140289783477783,0.7649651169776917,-0.04690349102020264,0.8148645758628845,0.6772080063819885,-0.062228012830019,0.835687518119812,0.614174485206604,-0.07691637426614761,0.7718898057937622,0.666239321231842,-0.014350847341120243,0.7251525521278381,0.568877100944519,-0.03669711947441101,0.6990370750427246,0.5046963095664978,-0.05595206841826439,0.6777893304824829,0.4533182680606842,-0.07075466215610504,0.8161734938621521,0.6405764818191528,-0.015917615965008736,0.785065233707428,0.5335934162139893,-0.059174876660108566,0.8005666732788086,0.553954005241394,-0.0872650220990181,0.8179971575737,0.5930782556533813,-0.09559869021177292,0.8616743087768555,0.6311396956443787,-0.020350918173789978,0.8350037336349487,0.5373180508613586,-0.06024281308054924,0.8440451622009277,0.5662021040916443,-0.07512505352497101,0.8580940961837769,0.6139002442359924,-0.07349748909473419,0.9078032970428467,0.6391051411628723,-0.027070948854088783,0.8782848119735718,0.5747272372245789,-0.05298065021634102,0.8661968111991882,0.5589677095413208,-0.06084186211228371,0.861391544342041,0.5597750544548035,-0.06037227436900139,ए
0.0,0.0,0.0,0.0,0.0,0.0,0.0,0.0,0.0,0.0,0.0,0.0,0.0,0.0,0.0,0.0,0.0,0.0,0.0,0.0,0.0,0.0,0.0,0.0,0.0,0.0,0.0,0.0,0.0,0.0,0.0,0.0,0.0,0.0,0.0,0.0,0.0,0.0,0.0,0.0,0.0,0.0,0.0,0.0,0.0,0.0,0.0,0.0,0.0,0.0,0.0,0.0,0.0,0.0,0.0,0.0,0.0,0.0,0.0,0.0,0.0,0.0,0.0,0.9281397461891174,0.8766958713531494,1.8434448634252476e-07,0.8643840551376343,0.8443511128425598,-0.032306961715221405,0.8136635422706604,0.7666696310043335,-0.04832034558057785,0.8152995705604553,0.6777653098106384,-0.06457768380641937,0.8353438377380371,0.6110594272613525,-0.08024752885103226,0.7721002697944641,0.6637479662895203,-0.012042592279613018,0.7251527309417725,0.5688416361808777,-0.03478023037314415,0.6986512541770935,0.5039761662483215,-0.05472375452518463,0.6780502200126648,0.4510324001312256,-0.06994713842868805,0.8188714385032654,0.6390926837921143,-0.014690570533275604,0.791244387626648,0.5222031474113464,-0.05691179633140564,0.8020138144493103,0.5414332747459412,-0.0851806104183197,0.8151067495346069,0.5797772407531738,-0.09373978525400162,0.866401731967926,0.6330092549324036,-0.020660171285271645,0.8453986644744873,0.536869466304779,-0.05945888161659241,0.8495503664016724,0.5658462643623352,-0.07465492933988571,0.8598616719245911,0.6119868755340576,-0.07339063286781311,0.9141783118247986,0.6454212069511414,-0.029116109013557434,0.8862082362174988,0.5780363082885742,-0.052809592336416245,0.872740626335144,0.56988126039505,-0.05872345343232155,0.8671722412109375,0.5785199403762817,-0.05712404474616051,ए
0.0,0.0,0.0,0.0,0.0,0.0,0.0,0.0,0.0,0.0,0.0,0.0,0.0,0.0,0.0,0.0,0.0,0.0,0.0,0.0,0.0,0.0,0.0,0.0,0.0,0.0,0.0,0.0,0.0,0.0,0.0,0.0,0.0,0.0,0.0,0.0,0.0,0.0,0.0,0.0,0.0,0.0,0.0,0.0,0.0,0.0,0.0,0.0,0.0,0.0,0.0,0.0,0.0,0.0,0.0,0.0,0.0,0.0,0.0,0.0,0.0,0.0,0.0,0.9315857887268066,0.869297206401825,1.973751864170481e-07,0.8686287999153137,0.8407260179519653,-0.03506515920162201,0.8173436522483826,0.7691714763641357,-0.054332613945007324,0.8157145380973816,0.6830785274505615,-0.07341349124908447,0.8311439156532288,0.6132148504257202,-0.09195149689912796,0.7760370969772339,0.6668472290039062,-0.019171416759490967,0.7264801263809204,0.5698517560958862,-0.044884610921144485,0.6989930272102356,0.5050842761993408,-0.06695742160081863,0.6780403256416321,0.45106595754623413,-0.08384912461042404,0.8221052289009094,0.6403200626373291,-0.02174236811697483,0.7924415469169617,0.5229278206825256,-0.06673210859298706,0.8063044548034668,0.5413883328437805,-0.09717484563589096,0.822153627872467,0.5770529508590698,-0.10782471299171448,0.8686971068382263,0.6323466300964355,-0.027495920658111572,0.8452177047729492,0.5301086902618408,-0.0686555728316307,0.8506126403808594,0.5598279237747192,-0.08515407890081406,0.863092303276062,0.6070135235786438,-0.08532070368528366,0.9154090881347656,0.6432853937149048,-0.035836782306432724,0.8870490193367004,0.5804331302642822,-0.06277530640363693,0.8756653666496277,0.5767034292221069,-0.07068441808223724,0.8740341663360596,0.5897346138954163,-0.07050702720880508,ए
0.0,0.0,0.0,0.0,0.0,0.0,0.0,0.0,0.0,0.0,0.0,0.0,0.0,0.0,0.0,0.0,0.0,0.0,0.0,0.0,0.0,0.0,0.0,0.0,0.0,0.0,0.0,0.0,0.0,0.0,0.0,0.0,0.0,0.0,0.0,0.0,0.0,0.0,0.0,0.0,0.0,0.0,0.0,0.0,0.0,0.0,0.0,0.0,0.0,0.0,0.0,0.0,0.0,0.0,0.0,0.0,0.0,0.0,0.0,0.0,0.0,0.0,0.0,0.9324358105659485,0.8671916723251343,2.5263088332394545e-07,0.8695673942565918,0.8386095762252808,-0.036623094230890274,0.8173972368240356,0.7674925923347473,-0.05450867861509323,0.8156960010528564,0.680019199848175,-0.07180885225534439,0.8343916535377502,0.611871600151062,-0.08806607127189636,0.7723618745803833,0.665986955165863,-0.014405026100575924,0.725677490234375,0.5699803233146667,-0.03671213239431381,0.6991496086120605,0.5053980946540833,-0.05701340362429619,0.6784155964851379,0.45214736461639404,-0.07284588366746902,0.816949725151062,0.6392249464988708,-0.014173918403685093,0.7877000570297241,0.5280280113220215,-0.05360231548547745,0.7962369322776794,0.5345520973205566,-0.08256170153617859,0.8085098266601562,0.5607278347015381,-0.09382550418376923,0.8629590272903442,0.6298990249633789,-0.017768949270248413,0.8393564224243164,0.5323049426078796,-0.05572010204195976,0.8432453274726868,0.5559897422790527,-0.07349997758865356,0.8553677797317505,0.6009448766708374,-0.07526732981204987,0.9095715880393982,0.6378980278968811,-0.02416946366429329,0.8805502653121948,0.573869526386261,-0.04973293095827103,0.8683565258979797,0.5671670436859131,-0.058737486600875854,0.8663579225540161,0.5791612863540649,-0.05969228222966194,ए
0.0,0.0,0.0,0.0,0.0,0.0,0.0,0.0,0.0,0.0,0.0,0.0,0.0,0.0,0.0,0.0,0.0,0.0,0.0,0.0,0.0,0.0,0.0,0.0,0.0,0.0,0.0,0.0,0.0,0.0,0.0,0.0,0.0,0.0,0.0,0.0,0.0,0.0,0.0,0.0,0.0,0.0,0.0,0.0,0.0,0.0,0.0,0.0,0.0,0.0,0.0,0.0,0.0,0.0,0.0,0.0,0.0,0.0,0.0,0.0,0.0,0.0,0.0,0.9353145956993103,0.8702520728111267,2.069955939987267e-07,0.8714587688446045,0.84381103515625,-0.03350129723548889,0.818861186504364,0.7699723243713379,-0.05098710209131241,0.8164972066879272,0.681403636932373,-0.06779506802558899,0.835936963558197,0.6165604591369629,-0.08381356298923492,0.7762096524238586,0.667794942855835,-0.018874915316700935,0.7264047861099243,0.5719184875488281,-0.04257954657077789,0.6985793113708496,0.5051029920578003,-0.063406802713871,0.6771769523620605,0.4530414938926697,-0.07907571643590927,0.820436954498291,0.6414417624473572,-0.02031658962368965,0.7924633026123047,0.5240092873573303,-0.06391937285661697,0.8046523332595825,0.5339675545692444,-0.09366093575954437,0.8200874328613281,0.5724486708641052,-0.10332471132278442,0.8657331466674805,0.6312023401260376,-0.02456554025411606,0.8416275382041931,0.5305200219154358,-0.06251832842826843,0.8463576436042786,0.5468957424163818,-0.07993616908788681,0.8580784201622009,0.590962290763855,-0.08100088685750961,0.9112917184829712,0.6393452882766724,-0.031328234821558,0.8822538256645203,0.5730597972869873,-0.05573175102472305,0.8694532513618469,0.5502536296844482,-0.0648508071899414,0.8654376268386841,0.5490065813064575,-0.06578690558671951,ए
0.0,0.0,0.0,0.0,0.0,0.0,0.0,0.0,0.0,0.0,0.0,0.0,0.0,0.0,0.0,0.0,0.0,0.0,0.0,0.0,0.0,0.0,0.0,0.0,0.0,0.0,0.0,0.0,0.0,0.0,0.0,0.0,0.0,0.0,0.0,0.0,0.0,0.0,0.0,0.0,0.0,0.0,0.0,0.0,0.0,0.0,0.0,0.0,0.0,0.0,0.0,0.0,0.0,0.0,0.0,0.0,0.0,0.0,0.0,0.0,0.0,0.0,0.0,0.9284791946411133,0.8680916428565979,2.0281369472741062e-07,0.8644354939460754,0.8381713628768921,-0.032081861048936844,0.8127570748329163,0.7648875713348389,-0.048410337418317795,0.8142550587654114,0.6794951558113098,-0.06511721760034561,0.8352023363113403,0.6159993410110474,-0.08145628869533539,0.7738563418388367,0.6637260913848877,-0.01665029488503933,0.7244114875793457,0.5691648721694946,-0.041181981563568115,0.697180449962616,0.5043849945068359,-0.061927083879709244,0.676155686378479,0.45095035433769226,-0.07770033180713654,0.8206300139427185,0.6366483569145203,-0.02034628763794899,0.7923157215118408,0.5177976489067078,-0.0645739734172821,0.8056276440620422,0.540456235408783,-0.09263090789318085,0.8213189840316772,0.5827820301055908,-0.10037728399038315,0.8685422539710999,0.6300641298294067,-0.02702004462480545,0.8492587208747864,0.533315122127533,-0.06697005033493042,0.8533350825309753,0.5682462453842163,-0.08207814395427704,0.8631987571716309,0.6183841228485107,-0.08035053312778473,0.9153566360473633,0.6437574625015259,-0.03619732707738876,0.8899852633476257,0.5855283141136169,-0.06120055913925171,0.8782516121864319,0.5908905267715454,-0.06720466911792755,0.8761296272277832,0.6127163767814636,-0.06505163758993149,ए
0.0,0.0,0.0,0.0,0.0,0.0,0.0,0.0,0.0,0.0,0.0,0.0,0.0,0.0,0.0,0.0,0.0,0.0,0.0,0.0,0.0,0.0,0.0,0.0,0.0,0.0,0.0,0.0,0.0,0.0,0.0,0.0,0.0,0.0,0.0,0.0,0.0,0.0,0.0,0.0,0.0,0.0,0.0,0.0,0.0,0.0,0.0,0.0,0.0,0.0,0.0,0.0,0.0,0.0,0.0,0.0,0.0,0.0,0.0,0.0,0.0,0.0,0.0,0.9315265417098999,0.8722662329673767,1.3635570894621196e-07,0.867418110370636,0.8440061807632446,-0.034596286714076996,0.815092921257019,0.7690175175666809,-0.05282888934016228,0.8156898617744446,0.6808135509490967,-0.07056000083684921,0.8354068994522095,0.6126964092254639,-0.08720577508211136,0.7716214060783386,0.6655877232551575,-0.016062000766396523,0.7242274284362793,0.5680044889450073,-0.03984623774886131,0.6974874138832092,0.503491222858429,-0.060453109443187714,0.6769174337387085,0.45112094283103943,-0.07635191082954407,0.8176402449607849,0.6400913596153259,-0.017614807933568954,0.7895013689994812,0.5277819633483887,-0.06273093819618225,0.803290605545044,0.5560551285743713,-0.0914386734366417,0.8201306462287903,0.6028168201446533,-0.09980205446481705,0.8645926713943481,0.6310323476791382,-0.022521907463669777,0.8391620516777039,0.5300775766372681,-0.0610821396112442,0.8417227268218994,0.5533908009529114,-0.0758587047457695,0.8518496751785278,0.5985977649688721,-0.07504574209451675,0.9120620489120483,0.6399042010307312,-0.030180195346474648,0.8812028169631958,0.5725275278091431,-0.053778596222400665,0.8678748607635498,0.5600074529647827,-0.06009703502058983,0.8636595010757446,0.5665664076805115,-0.05898907780647278,ए
0.0,0.0,0.0,0.0,0.0,0.0,0.0,0.0,0.0,0.0,0.0,0.0,0.0,0.0,0.0,0.0,0.0,0.0,0.0,0.0,0.0,0.0,0.0,0.0,0.0,0.0,0.0,0.0,0.0,0.0,0.0,0.0,0.0,0.0,0.0,0.0,0.0,0.0,0.0,0.0,0.0,0.0,0.0,0.0,0.0,0.0,0.0,0.0,0.0,0.0,0.0,0.0,0.0,0.0,0.0,0.0,0.0,0.0,0.0,0.0,0.0,0.0,0.0,0.9313241243362427,0.8725962042808533,2.3076971444879746e-07,0.8667258620262146,0.8455140590667725,-0.029798023402690887,0.8146039247512817,0.7743138074874878,-0.04454175382852554,0.8125090003013611,0.6858342885971069,-0.05914879962801933,0.8283735513687134,0.6207032799720764,-0.07325030118227005,0.7755430936813354,0.6734030246734619,-0.013019724749028683,0.7277504801750183,0.578093409538269,-0.03441648557782173,0.7007137537002563,0.5120876431465149,-0.05527861416339874,0.6790229678153992,0.4586796164512634,-0.07216505706310272,0.8174207806587219,0.6442314386367798,-0.01519986242055893,0.7817453145980835,0.5376563668251038,-0.04981672763824463,0.7864763736724854,0.5290070176124573,-0.07756564021110535,0.7961651682853699,0.5440458655357361,-0.09072209894657135,0.8614827394485474,0.6337450742721558,-0.02047414518892765,0.8345435857772827,0.5362199544906616,-0.05247167497873306,0.8353683948516846,0.5440442562103271,-0.06875170767307281,0.8447275161743164,0.5797772407531738,-0.0729394480586052,0.9087278246879578,0.64155513048172,-0.028394334018230438,0.8821444511413574,0.5782309770584106,-0.05136840417981148,0.8677963018417358,0.5573844909667969,-0.060994986444711685,0.8612491488456726,0.5561882257461548,-0.06432899832725525,ए
0.0,0.0,0.0,0.0,0.0,0.0,0.0,0.0,0.0,0.0,0.0,0.0,0.0,0.0,0.0,0.0,0.0,0.0,0.0,0.0,0.0,0.0,0.0,0.0,0.0,0.0,0.0,0.0,0.0,0.0,0.0,0.0,0.0,0.0,0.0,0.0,0.0,0.0,0.0,0.0,0.0,0.0,0.0,0.0,0.0,0.0,0.0,0.0,0.0,0.0,0.0,0.0,0.0,0.0,0.0,0.0,0.0,0.0,0.0,0.0,0.0,0.0,0.0,0.9281783699989319,0.872221827507019,2.4737113335504546e-07,0.86118483543396,0.8392317295074463,-0.031409863382577896,0.8118080496788025,0.7643646001815796,-0.046730946749448776,0.8126494288444519,0.6775386929512024,-0.06282797455787659,0.8332259058952332,0.6128031015396118,-0.07853075116872787,0.7716996073722839,0.6687331199645996,-0.010953144170343876,0.7232919931411743,0.5734010934829712,-0.033155590295791626,0.6953679323196411,0.5066516399383545,-0.053691115230321884,0.6734637022018433,0.4539179801940918,-0.06947079300880432,0.8172091841697693,0.6405213475227356,-0.013874971307814121,0.7886291742324829,0.5223697423934937,-0.05479969456791878,0.7998875975608826,0.5315024852752686,-0.08495089411735535,0.814668595790863,0.5682634711265564,-0.09568066895008087,0.8638927340507507,0.6310279965400696,-0.0198964886367321,0.8417907357215881,0.5333282947540283,-0.058811187744140625,0.8469135761260986,0.5614078044891357,-0.07757668197154999,0.8600891828536987,0.6136101484298706,-0.07901658862829208,0.9094887971878052,0.6407400965690613,-0.028257422149181366,0.881140410900116,0.5809394717216492,-0.05404670909047127,0.8684796690940857,0.5807454586029053,-0.0628473311662674,0.8667091131210327,0.6021050214767456,-0.06307568401098251,ए
0.0,0.0,0.0,0.0,0.0,0.0,0.0,0.0,0.0,0.0,0.0,0.0,0.0,0.0,0.0,0.0,0.0,0.0,0.0,0.0,0.0,0.0,0.0,0.0,0.0,0.0,0.0,0.0,0.0,0.0,0.0,0.0,0.0,0.0,0.0,0.0,0.0,0.0,0.0,0.0,0.0,0.0,0.0,0.0,0.0,0.0,0.0,0.0,0.0,0.0,0.0,0.0,0.0,0.0,0.0,0.0,0.0,0.0,0.0,0.0,0.0,0.0,0.0,0.9305919408798218,0.875417172908783,1.7788025274967367e-07,0.863406240940094,0.8436444401741028,-0.0291975736618042,0.8114844560623169,0.7618576884269714,-0.04149029031395912,0.8133636116981506,0.6731414794921875,-0.05393746495246887,0.8369962573051453,0.613864004611969,-0.06578917801380157,0.772887110710144,0.6694956421852112,-0.0060711572878062725,0.7248942852020264,0.5737997889518738,-0.024986185133457184,0.6965073347091675,0.5085322260856628,-0.044204533100128174,0.6740098595619202,0.45705464482307434,-0.05996442958712578,0.8188806772232056,0.6425917744636536,-0.00822438020259142,0.7927026152610779,0.5299493074417114,-0.04636595398187637,0.7981985211372375,0.5383846163749695,-0.07497598230838776,0.8077499270439148,0.5742944478988647,-0.08534320443868637,0.8650344014167786,0.6326940059661865,-0.01358638983219862,0.8428028225898743,0.5338039398193359,-0.04496763274073601,0.8376582264900208,0.5392149090766907,-0.06217013671994209,0.8406890630722046,0.5757278203964233,-0.06563255935907364,0.9114415645599365,0.6409541368484497,-0.021649137139320374,0.8850481510162354,0.5816415548324585,-0.041006531566381454,0.8688140511512756,0.5629602670669556,-0.04905116930603981,0.8604655861854553,0.5640174746513367,-0.05096142739057541,ए
0.0,0.0,0.0,0.0,0.0,0.0,0.0,0.0,0.0,0.0,0.0,0.0,0.0,0.0,0.0,0.0,0.0,0.0,0.0,0.0,0.0,0.0,0.0,0.0,0.0,0.0,0.0,0.0,0.0,0.0,0.0,0.0,0.0,0.0,0.0,0.0,0.0,0.0,0.0,0.0,0.0,0.0,0.0,0.0,0.0,0.0,0.0,0.0,0.0,0.0,0.0,0.0,0.0,0.0,0.0,0.0,0.0,0.0,0.0,0.0,0.0,0.0,0.0,0.9301266670227051,0.8756356835365295,2.2518032949392364e-07,0.8662927746772766,0.8467821478843689,-0.03444525599479675,0.8137916922569275,0.7694116234779358,-0.05120430514216423,0.8149453401565552,0.6799163818359375,-0.06733697652816772,0.8358839750289917,0.6146600842475891,-0.0827573910355568,0.7713548541069031,0.6708765029907227,-0.014856059104204178,0.7243967056274414,0.5753750205039978,-0.037589579820632935,0.69725501537323,0.5099722743034363,-0.05841530114412308,0.6761815547943115,0.4575846493244171,-0.07447696477174759,0.8167711496353149,0.6446658372879028,-0.015341388061642647,0.7860429286956787,0.5310139060020447,-0.056497082114219666,0.7964826822280884,0.540763795375824,-0.08603615313768387,0.8106502890586853,0.5732151865959167,-0.0965002030134201,0.8626967072486877,0.6353672742843628,-0.019076157361268997,0.8377721309661865,0.5374131202697754,-0.05548156425356865,0.840247392654419,0.5560346841812134,-0.07221297174692154,0.8502185344696045,0.5984439849853516,-0.07344133406877518,0.9092848300933838,0.6440028548240662,-0.02555970661342144,0.8800851702690125,0.580072283744812,-0.04834083467721939,0.8659539222717285,0.5602776408195496,-0.05637854337692261,0.860083281993866,0.5584313273429871,-0.05712959170341492,ए
0.0,0.0,0.0,0.0,0.0,0.0,0.0,0.0,0.0,0.0,0.0,0.0,0.0,0.0,0.0,0.0,0.0,0.0,0.0,0.0,0.0,0.0,0.0,0.0,0.0,0.0,0.0,0.0,0.0,0.0,0.0,0.0,0.0,0.0,0.0,0.0,0.0,0.0,0.0,0.0,0.0,0.0,0.0,0.0,0.0,0.0,0.0,0.0,0.0,0.0,0.0,0.0,0.0,0.0,0.0,0.0,0.0,0.0,0.0,0.0,0.0,0.0,0.0,0.9290471076965332,0.8783464431762695,1.8295601478257595e-07,0.8638932108879089,0.8483692407608032,-0.033006276935338974,0.8130258917808533,0.7705549001693726,-0.04926680028438568,0.8146727085113525,0.6831340789794922,-0.06466712057590485,0.8341695070266724,0.6182074546813965,-0.07928064465522766,0.7702248692512512,0.6723027229309082,-0.012934230268001556,0.7233089208602905,0.5758424997329712,-0.033284369856119156,0.6955656409263611,0.512177050113678,-0.05302346870303154,0.6738908290863037,0.46111249923706055,-0.06894931197166443,0.8161642551422119,0.6478615403175354,-0.013737506233155727,0.7861213684082031,0.5417810678482056,-0.051980432122945786,0.7934529781341553,0.5527803897857666,-0.08029740303754807,0.8056674599647522,0.5841381549835205,-0.09109695255756378,0.8623206615447998,0.6396205425262451,-0.017898578196763992,0.8371121883392334,0.543066680431366,-0.04965004324913025,0.834778904914856,0.5487042665481567,-0.06600536406040192,0.840636670589447,0.5791712999343872,-0.06945664435625076,0.9100064635276794,0.6480515003204346,-0.024937283247709274,0.8816661238670349,0.5836090445518494,-0.0444013886153698,0.8657992482185364,0.5612813234329224,-0.05192814767360687,0.8573629260063171,0.5550112128257751,-0.053866300731897354,ए
0.0,0.0,0.0,0.0,0.0,0.0,0.0,0.0,0.0,0.0,0.0,0.0,0.0,0.0,0.0,0.0,0.0,0.0,0.0,0.0,0.0,0.0,0.0,0.0,0.0,0.0,0.0,0.0,0.0,0.0,0.0,0.0,0.0,0.0,0.0,0.0,0.0,0.0,0.0,0.0,0.0,0.0,0.0,0.0,0.0,0.0,0.0,0.0,0.0,0.0,0.0,0.0,0.0,0.0,0.0,0.0,0.0,0.0,0.0,0.0,0.0,0.0,0.0,0.9298290610313416,0.8826124668121338,2.0451086868433777e-07,0.8655670285224915,0.8552129864692688,-0.03370245546102524,0.8134883046150208,0.7725605368614197,-0.04849836602807045,0.8127713203430176,0.6820478439331055,-0.06307423114776611,0.8331454396247864,0.619236171245575,-0.0771607756614685,0.7719908952713013,0.6756760478019714,-0.013730555772781372,0.7223169803619385,0.5785704851150513,-0.035080086439847946,0.69419264793396,0.5114356279373169,-0.05452071875333786,0.6725618839263916,0.4580857455730438,-0.06981001794338226,0.8181595206260681,0.6476969122886658,-0.0151326609775424,0.7909563779830933,0.526064395904541,-0.056904975324869156,0.7998319864273071,0.5375518798828125,-0.08637365698814392,0.812455415725708,0.5761936902999878,-0.09615296125411987,0.8644207715988159,0.6376063227653503,-0.019752396270632744,0.8409677743911743,0.5352373123168945,-0.05801837518811226,0.8425484299659729,0.5565878748893738,-0.07763028144836426,0.8525059223175049,0.6050587296485901,-0.08005725592374802,0.9095730185508728,0.645591139793396,-0.02686481736600399,0.8794410824775696,0.5836684703826904,-0.0522555373609066,0.8676885962486267,0.5821034908294678,-0.06178354099392891,0.8668843507766724,0.6025412678718567,-0.06291898339986801,ए
0.0,0.0,0.0,0.0,0.0,0.0,0.0,0.0,0.0,0.0,0.0,0.0,0.0,0.0,0.0,0.0,0.0,0.0,0.0,0.0,0.0,0.0,0.0,0.0,0.0,0.0,0.0,0.0,0.0,0.0,0.0,0.0,0.0,0.0,0.0,0.0,0.0,0.0,0.0,0.0,0.0,0.0,0.0,0.0,0.0,0.0,0.0,0.0,0.0,0.0,0.0,0.0,0.0,0.0,0.0,0.0,0.0,0.0,0.0,0.0,0.0,0.0,0.0,0.9259383082389832,0.8788864612579346,2.408038994872186e-07,0.862261950969696,0.846908450126648,-0.0329882875084877,0.8125380277633667,0.7697570323944092,-0.04895174875855446,0.8128898739814758,0.6826013326644897,-0.06429784744977951,0.8319563865661621,0.6177921891212463,-0.07889660447835922,0.7694385051727295,0.6738804578781128,-0.013218825682997704,0.7220351099967957,0.5794199705123901,-0.034266673028469086,0.6934736967086792,0.514114260673523,-0.055040061473846436,0.6714189648628235,0.46359291672706604,-0.07168253511190414,0.8161298036575317,0.6472959518432617,-0.014191078953444958,0.7866618633270264,0.533609926700592,-0.051828328520059586,0.7926074266433716,0.5371007323265076,-0.08145923912525177,0.8034265637397766,0.5682857036590576,-0.09385138750076294,0.8628847599029541,0.6389921307563782,-0.018306734040379524,0.8381863832473755,0.5394951701164246,-0.05129605159163475,0.8370805382728577,0.5508037805557251,-0.06889397650957108,0.8455854654312134,0.5915487408638,-0.07276597619056702,0.9096492528915405,0.649435818195343,-0.02520710788667202,0.8812506794929504,0.5865101218223572,-0.04697675630450249,0.866075336933136,0.5656566619873047,-0.05598315969109535,0.8600791692733765,0.565514326095581,-0.05838200822472572,ए
0.0,0.0,0.0,0.0,0.0,0.0,0.0,0.0,0.0,0.0,0.0,0.0,0.0,0.0,0.0,0.0,0.0,0.0,0.0,0.0,0.0,0.0,0.0,0.0,0.0,0.0,0.0,0.0,0.0,0.0,0.0,0.0,0.0,0.0,0.0,0.0,0.0,0.0,0.0,0.0,0.0,0.0,0.0,0.0,0.0,0.0,0.0,0.0,0.0,0.0,0.0,0.0,0.0,0.0,0.0,0.0,0.0,0.0,0.0,0.0,0.0,0.0,0.0,0.9268131256103516,0.8749507665634155,2.3359989143045823e-07,0.8657479286193848,0.8476465940475464,-0.03592118248343468,0.8127663135528564,0.772883415222168,-0.05303144082427025,0.8098347783088684,0.6847054958343506,-0.06990979611873627,0.8280854225158691,0.6169021725654602,-0.08583822846412659,0.7664833068847656,0.6704412698745728,-0.014011841267347336,0.7187027931213379,0.5757821202278137,-0.03715949505567551,0.6908867955207825,0.5108362436294556,-0.057323649525642395,0.6691068410873413,0.4592488408088684,-0.07220658659934998,0.8111258149147034,0.6445605158805847,-0.014265347272157669,0.7823216915130615,0.527640163898468,-0.057182785123586655,0.7957027554512024,0.5407117605209351,-0.08692757040262222,0.8115720748901367,0.5778741240501404,-0.0961022824048996,0.8568830490112305,0.635219931602478,-0.018031124025583267,0.8351889252662659,0.5423380732536316,-0.05888047069311142,0.8422768115997314,0.5721437931060791,-0.07673590630292892,0.8548683524131775,0.6212190985679626,-0.07615620642900467,0.9025224447250366,0.642564594745636,-0.024345630779862404,0.8734179735183716,0.5754627585411072,-0.04971221461892128,0.8631799817085266,0.5667749643325806,-0.057275958359241486,0.8621269464492798,0.5782015919685364,-0.05607692152261734,ए
0.0,0.0,0.0,0.0,0.0,0.0,0.0,0.0,0.0,0.0,0.0,0.0,0.0,0.0,0.0,0.0,0.0,0.0,0.0,0.0,0.0,0.0,0.0,0.0,0.0,0.0,0.0,0.0,0.0,0.0,0.0,0.0,0.0,0.0,0.0,0.0,0.0,0.0,0.0,0.0,0.0,0.0,0.0,0.0,0.0,0.0,0.0,0.0,0.0,0.0,0.0,0.0,0.0,0.0,0.0,0.0,0.0,0.0,0.0,0.0,0.0,0.0,0.0,0.9230999946594238,0.8795172572135925,1.0824793861274884e-07,0.860334575176239,0.8495599031448364,-0.03202604502439499,0.8085883259773254,0.7769870162010193,-0.047401659190654755,0.80758136510849,0.6903537511825562,-0.06266158074140549,0.827515721321106,0.6234710216522217,-0.0771123394370079,0.7656770944595337,0.6742253303527832,-0.011655014008283615,0.7174611687660217,0.5768231153488159,-0.030829571187496185,0.6904200315475464,0.5150724649429321,-0.04881136119365692,0.6690967679023743,0.4640570282936096,-0.0641809031367302,0.8092539310455322,0.6495236754417419,-0.01356413122266531,0.7793962359428406,0.5438580513000488,-0.05197792127728462,0.7909454107284546,0.5624049305915833,-0.07948461920022964,0.8058382272720337,0.5994669198989868,-0.09010264277458191,0.8550664782524109,0.6411498785018921,-0.01886056549847126,0.8302656412124634,0.5403281450271606,-0.054336320608854294,0.8325242400169373,0.5575176477432251,-0.07304932922124863,0.8418828248977661,0.6002594828605652,-0.07760660350322723,0.9025850892066956,0.649324357509613,-0.0266262274235487,0.8729662299156189,0.589560329914093,-0.05244952812790871,0.8630084991455078,0.5954129695892334,-0.06276353448629379,0.8625409007072449,0.6203305125236511,-0.06575186550617218,ए
0.0,0.0,0.0,0.0,0.0,0.0,0.0,0.0,0.0,0.0,0.0,0.0,0.0,0.0,0.0,0.0,0.0,0.0,0.0,0.0,0.0,0.0,0.0,0.0,0.0,0.0,0.0,0.0,0.0,0.0,0.0,0.0,0.0,0.0,0.0,0.0,0.0,0.0,0.0,0.0,0.0,0.0,0.0,0.0,0.0,0.0,0.0,0.0,0.0,0.0,0.0,0.0,0.0,0.0,0.0,0.0,0.0,0.0,0.0,0.0,0.0,0.0,0.0,0.925341784954071,0.8812382817268372,1.816753751882061e-07,0.8617536425590515,0.8582031726837158,-0.030996641144156456,0.8083137273788452,0.7792947292327881,-0.044336557388305664,0.8085016012191772,0.6891250610351562,-0.057474005967378616,0.8298457264900208,0.6293049454689026,-0.0702245682477951,0.7657639980316162,0.6811662912368774,-0.012337028048932552,0.7150888442993164,0.582788348197937,-0.030725516378879547,0.6870526075363159,0.5179240107536316,-0.04858012869954109,0.6643496751785278,0.46675634384155273,-0.063561350107193,0.8081661462783813,0.6520065069198608,-0.013553337194025517,0.7770537734031677,0.5399478077888489,-0.05066164955496788,0.7914606928825378,0.5472078323364258,-0.07896434515714645,0.8085430264472961,0.5822689533233643,-0.08988456428050995,0.8522624373435974,0.6400736570358276,-0.01749143749475479,0.8227636814117432,0.5366162657737732,-0.05095658823847771,0.830804169178009,0.5501226186752319,-0.06970492005348206,0.8455975651741028,0.5949772000312805,-0.0740000531077385,0.8967630863189697,0.6450240612030029,-0.02387017384171486,0.8644019961357117,0.5839204788208008,-0.04853319749236107,0.8577022552490234,0.5795623064041138,-0.05904393270611763,0.8612440824508667,0.5982986092567444,-0.06173955649137497,ए
0.0,0.0,0.0,0.0,0.0,0.0,0.0,0.0,0.0,0.0,0.0,0.0,0.0,0.0,0.0,0.0,0.0,0.0,0.0,0.0,0.0,0.0,0.0,0.0,0.0,0.0,0.0,0.0,0.0,0.0,0.0,0.0,0.0,0.0,0.0,0.0,0.0,0.0,0.0,0.0,0.0,0.0,0.0,0.0,0.0,0.0,0.0,0.0,0.0,0.0,0.0,0.0,0.0,0.0,0.0,0.0,0.0,0.0,0.0,0.0,0.0,0.0,0.0,0.9173159003257751,0.8800990581512451,1.7824321218995465e-07,0.8533250093460083,0.8512985110282898,-0.02912929467856884,0.803565502166748,0.7769047021865845,-0.042132288217544556,0.8060405254364014,0.6906313896179199,-0.05586909502744675,0.8275439143180847,0.6294103860855103,-0.06920518726110458,0.7608216404914856,0.6771941781044006,-0.007599082309752703,0.7121342420578003,0.583196759223938,-0.026047678664326668,0.6845762133598328,0.5198315978050232,-0.04324647784233093,0.6631895303726196,0.4688754081726074,-0.05720067024230957,0.8041351437568665,0.6504440903663635,-0.010375753976404667,0.7726916074752808,0.538417398929596,-0.047310978174209595,0.7863105535507202,0.5461386442184448,-0.07445389032363892,0.8041020035743713,0.5788983702659607,-0.08404943346977234,0.8495116829872131,0.6404621601104736,-0.016244573518633842,0.8243545293807983,0.5416544675827026,-0.05221761763095856,0.8325248956680298,0.5627477169036865,-0.07001133263111115,0.8472773432731628,0.6090871095657349,-0.07212531566619873,0.8952386975288391,0.6472991704940796,-0.024280434474349022,0.8644383549690247,0.5849862694740295,-0.049818720668554306,0.8573494553565979,0.5901693105697632,-0.05830390006303787,0.8601697683334351,0.6156343221664429,-0.058838531374931335,ए
0.0,0.0,0.0,0.0,0.0,0.0,0.0,0.0,0.0,0.0,0.0,0.0,0.0,0.0,0.0,0.0,0.0,0.0,0.0,0.0,0.0,0.0,0.0,0.0,0.0,0.0,0.0,0.0,0.0,0.0,0.0,0.0,0.0,0.0,0.0,0.0,0.0,0.0,0.0,0.0,0.0,0.0,0.0,0.0,0.0,0.0,0.0,0.0,0.0,0.0,0.0,0.0,0.0,0.0,0.0,0.0,0.0,0.0,0.0,0.0,0.0,0.0,0.0,0.9153608083724976,0.878740668296814,1.2239152624715643e-07,0.8510906100273132,0.8523459434509277,-0.03078053891658783,0.7984766364097595,0.7790286540985107,-0.04539239779114723,0.8005408048629761,0.6919487714767456,-0.05956544727087021,0.8241971731185913,0.6294140219688416,-0.07300683856010437,0.7577953338623047,0.6778607368469238,-0.010550004430115223,0.70832359790802,0.5822352170944214,-0.02862471714615822,0.6804487705230713,0.5203359127044678,-0.046448372304439545,0.659389317035675,0.4720544219017029,-0.061709702014923096,0.8019959926605225,0.6518326997756958,-0.012930129654705524,0.773344874382019,0.5425069332122803,-0.05265737324953079,0.7843169569969177,0.5619294047355652,-0.08067847043275833,0.8002078533172607,0.6060857176780701,-0.09005627036094666,0.8471630215644836,0.6427664160728455,-0.018369076773524284,0.8238016366958618,0.5423097610473633,-0.0518493726849556,0.8238157033920288,0.5494853258132935,-0.07093818485736847,0.8320798873901367,0.5872429013252258,-0.07574645429849625,0.8941360712051392,0.6511455178260803,-0.026238061487674713,0.8644587993621826,0.5943360924720764,-0.0493134967982769,0.8531087636947632,0.5892848968505859,-0.059100210666656494,0.8506357073783875,0.6031345725059509,-0.06191836670041084,ए
0.0,0.0,0.0,0.0,0.0,0.0,0.0,0.0,0.0,0.0,0.0,0.0,0.0,0.0,0.0,0.0,0.0,0.0,0.0,0.0,0.0,0.0,0.0,0.0,0.0,0.0,0.0,0.0,0.0,0.0,0.0,0.0,0.0,0.0,0.0,0.0,0.0,0.0,0.0,0.0,0.0,0.0,0.0,0.0,0.0,0.0,0.0,0.0,0.0,0.0,0.0,0.0,0.0,0.0,0.0,0.0,0.0,0.0,0.0,0.0,0.0,0.0,0.0,0.9135575890541077,0.8850690126419067,1.8422818470753555e-07,0.8492938280105591,0.8533625602722168,-0.029432127252221107,0.7980384826660156,0.7774794101715088,-0.04318160191178322,0.7975719571113586,0.692039430141449,-0.057582732290029526,0.8199570775032043,0.632381021976471,-0.07193764299154282,0.7585764527320862,0.6837968230247498,-0.011585352011024952,0.7081035375595093,0.5901066064834595,-0.031630340963602066,0.6795315742492676,0.526494562625885,-0.050389811396598816,0.6570536494255066,0.47607797384262085,-0.06577085703611374,0.8029043078422546,0.6566730737686157,-0.015216904692351818,0.7712187767028809,0.5402606129646301,-0.053866103291511536,0.7835509181022644,0.5503970980644226,-0.08242294192314148,0.7996528744697571,0.5875132083892822,-0.092898890376091,0.8495262861251831,0.6481812000274658,-0.02159932255744934,0.824826717376709,0.5481041669845581,-0.05755859613418579,0.8305415511131287,0.5688948631286621,-0.07639514654874802,0.8431139588356018,0.6167098879814148,-0.07957347482442856,0.8962002396583557,0.6580338478088379,-0.03018595464527607,0.8668468594551086,0.5991351008415222,-0.05547472462058067,0.8575313687324524,0.601651668548584,-0.06499490886926651,0.858110249042511,0.6258130669593811,-0.06661685556173325,ए
0.0,0.0,0.0,0.0,0.0,0.0,0.0,0.0,0.0,0.0,0.0,0.0,0.0,0.0,0.0,0.0,0.0,0.0,0.0,0.0,0.0,0.0,0.0,0.0,0.0,0.0,0.0,0.0,0.0,0.0,0.0,0.0,0.0,0.0,0.0,0.0,0.0,0.0,0.0,0.0,0.0,0.0,0.0,0.0,0.0,0.0,0.0,0.0,0.0,0.0,0.0,0.0,0.0,0.0,0.0,0.0,0.0,0.0,0.0,0.0,0.0,0.0,0.0,0.9148178696632385,0.890214204788208,1.1302271474278314e-07,0.8507494330406189,0.8601391911506653,-0.031599655747413635,0.7986277341842651,0.7864053845405579,-0.0484895184636116,0.7969731688499451,0.7008311152458191,-0.06614808738231659,0.8146989941596985,0.6349020600318909,-0.08324898779392242,0.7555268406867981,0.6866560578346252,-0.014670689590275288,0.7046473622322083,0.5910664796829224,-0.03881288319826126,0.6768409609794617,0.527455747127533,-0.05897192284464836,0.654517412185669,0.47499755024909973,-0.07444627583026886,0.8001702427864075,0.6595645546913147,-0.018554994836449623,0.7711011171340942,0.544660210609436,-0.06318257004022598,0.7893169522285461,0.5771615505218506,-0.08993066102266312,0.8076164722442627,0.6255115270614624,-0.09682676196098328,0.8470828533172607,0.6504456400871277,-0.02564745768904686,0.8224864602088928,0.5512597560882568,-0.06478451192378998,0.8294055461883545,0.5873708128929138,-0.07734911143779755,0.8416203856468201,0.6393471360206604,-0.07452699542045593,0.8939551711082458,0.6599703431129456,-0.035344455391168594,0.8636748790740967,0.5971395969390869,-0.05889269337058067,0.852096438407898,0.6032899022102356,-0.06304366886615753,0.850406289100647,0.6271113753318787,-0.06011292338371277,ए
0.0,0.0,0.0,0.0,0.0,0.0,0.0,0.0,0.0,0.0,0.0,0.0,0.0,0.0,0.0,0.0,0.0,0.0,0.0,0.0,0.0,0.0,0.0,0.0,0.0,0.0,0.0,0.0,0.0,0.0,0.0,0.0,0.0,0.0,0.0,0.0,0.0,0.0,0.0,0.0,0.0,0.0,0.0,0.0,0.0,0.0,0.0,0.0,0.0,0.0,0.0,0.0,0.0,0.0,0.0,0.0,0.0,0.0,0.0,0.0,0.0,0.0,0.0,0.9120301604270935,0.884518027305603,1.8009579605404724e-07,0.8483549356460571,0.8562645316123962,-0.032677266746759415,0.7969398498535156,0.7858075499534607,-0.049001481384038925,0.7946218848228455,0.7003864049911499,-0.0657958835363388,0.8126556873321533,0.6335270404815674,-0.08185264468193054,0.753010094165802,0.6803628206253052,-0.013288418762385845,0.7020913362503052,0.5870338082313538,-0.03552372008562088,0.6730965971946716,0.5235965251922607,-0.054337747395038605,0.6504747867584229,0.4728975296020508,-0.06852078437805176,0.7983848452568054,0.6541033387184143,-0.01586824283003807,0.7703195810317993,0.5367305874824524,-0.05818149447441101,0.7850821614265442,0.556002676486969,-0.08556775003671646,0.8015940189361572,0.5988415479660034,-0.09309373795986176,0.8451821208000183,0.6458890438079834,-0.02178863063454628,0.8235844373703003,0.5527759194374084,-0.06171955540776253,0.830810546875,0.5863595008850098,-0.07781776785850525,0.8434963822364807,0.6375911831855774,-0.07646644115447998,0.8913787603378296,0.6550229787826538,-0.030117936432361603,0.8620303273200989,0.5923367738723755,-0.05559008941054344,0.85111004114151,0.595746636390686,-0.06240253150463104,0.8498539328575134,0.6187615990638733,-0.060681406408548355,ए
0.0,0.0,0.0,0.0,0.0,0.0,0.0,0.0,0.0,0.0,0.0,0.0,0.0,0.0,0.0,0.0,0.0,0.0,0.0,0.0,0.0,0.0,0.0,0.0,0.0,0.0,0.0,0.0,0.0,0.0,0.0,0.0,0.0,0.0,0.0,0.0,0.0,0.0,0.0,0.0,0.0,0.0,0.0,0.0,0.0,0.0,0.0,0.0,0.0,0.0,0.0,0.0,0.0,0.0,0.0,0.0,0.0,0.0,0.0,0.0,0.0,0.0,0.0,0.910930335521698,0.886433482170105,1.8675960689051863e-07,0.843884289264679,0.8553527593612671,-0.03248577564954758,0.7916447520256042,0.7827627062797546,-0.04879068210721016,0.7914230227470398,0.6958098411560059,-0.06540712714195251,0.8139991760253906,0.633260190486908,-0.08131060004234314,0.7523396611213684,0.6878043413162231,-0.013214047066867352,0.7005181312561035,0.5935025811195374,-0.037275124341249466,0.6712741851806641,0.529661238193512,-0.0578165128827095,0.6485873460769653,0.4781128466129303,-0.0734127089381218,0.7985488176345825,0.6603378057479858,-0.015983538702130318,0.768317699432373,0.5423802733421326,-0.06266649812459946,0.7863715887069702,0.5662446618080139,-0.0918554961681366,0.8059628009796143,0.6120607256889343,-0.0992298349738121,0.8453449606895447,0.6510331034660339,-0.02191852778196335,0.8219456672668457,0.5567983388900757,-0.06413447111845016,0.829979658126831,0.5892136096954346,-0.07965195178985596,0.8437790870666504,0.6409686803817749,-0.07695120573043823,0.8916466236114502,0.6601537466049194,-0.030283905565738678,0.8639997839927673,0.5997940301895142,-0.0564999021589756,0.8527877926826477,0.5957562327384949,-0.0632484182715416,0.8498393297195435,0.6108758449554443,-0.06114272028207779,ए
0.0,0.0,0.0,0.0,0.0,0.0,0.0,0.0,0.0,0.0,0.0,0.0,0.0,0.0,0.0,0.0,0.0,0.0,0.0,0.0,0.0,0.0,0.0,0.0,0.0,0.0,0.0,0.0,0.0,0.0,0.0,0.0,0.0,0.0,0.0,0.0,0.0,0.0,0.0,0.0,0.0,0.0,0.0,0.0,0.0,0.0,0.0,0.0,0.0,0.0,0.0,0.0,0.0,0.0,0.0,0.0,0.0,0.0,0.0,0.0,0.0,0.0,0.0,0.9117940664291382,0.8853558897972107,7.817942559995572e-08,0.846692681312561,0.8597089052200317,-0.029943661764264107,0.7945806980133057,0.7842264771461487,-0.0451500304043293,0.7958178520202637,0.6973498463630676,-0.060620203614234924,0.8171973824501038,0.636836588382721,-0.0756186991930008,0.7529042363166809,0.6850135326385498,-0.015214240178465843,0.7014427185058594,0.5891397595405579,-0.03782883659005165,0.6726524829864502,0.5261346101760864,-0.05649099126458168,0.6492873430252075,0.4754530191421509,-0.07115648686885834,0.7977224588394165,0.6570666432380676,-0.018664004281163216,0.767444908618927,0.5416424870491028,-0.06368064135313034,0.7875024676322937,0.5752491354942322,-0.08929223567247391,0.8073862791061401,0.6272146105766296,-0.09442480653524399,0.8440572619438171,0.6463812589645386,-0.02479405328631401,0.8167359232902527,0.5466709136962891,-0.06335065513849258,0.825335681438446,0.5780130624771118,-0.07562258839607239,0.8380858302116394,0.628170907497406,-0.07238559424877167,0.8900813460350037,0.6545040011405945,-0.03327668830752373,0.8589527010917664,0.5948470830917358,-0.05747894197702408,0.8499690294265747,0.5940071940422058,-0.06257368624210358,0.8488434553146362,0.6100457906723022,-0.060059335082769394,ए
0.0,0.0,0.0,0.0,0.0,0.0,0.0,0.0,0.0,0.0,0.0,0.0,0.0,0.0,0.0,0.0,0.0,0.0,0.0,0.0,0.0,0.0,0.0,0.0,0.0,0.0,0.0,0.0,0.0,0.0,0.0,0.0,0.0,0.0,0.0,0.0,0.0,0.0,0.0,0.0,0.0,0.0,0.0,0.0,0.0,0.0,0.0,0.0,0.0,0.0,0.0,0.0,0.0,0.0,0.0,0.0,0.0,0.0,0.0,0.0,0.0,0.0,0.0,0.9101638793945312,0.8843542337417603,1.9872973666679172e-07,0.8463866114616394,0.8558090329170227,-0.03419516235589981,0.796130359172821,0.7849142551422119,-0.05108051747083664,0.7934226989746094,0.6993663311004639,-0.06765354424715042,0.8096005320549011,0.6330817937850952,-0.08323880285024643,0.7532047033309937,0.6808009743690491,-0.014115714468061924,0.7015901803970337,0.5891621708869934,-0.037244006991386414,0.6723620295524597,0.5253710746765137,-0.05777609348297119,0.6508238315582275,0.4758753180503845,-0.07359442114830017,0.8000651001930237,0.65514075756073,-0.016303103417158127,0.7730169296264648,0.5400944948196411,-0.06051382049918175,0.7831323146820068,0.5538585782051086,-0.09098955243825912,0.7955934405326843,0.5930994153022766,-0.1009528785943985,0.8474876284599304,0.6486146450042725,-0.02200799249112606,0.8284003138542175,0.5558747053146362,-0.06362194567918777,0.8323624730110168,0.5801005363464355,-0.08312509208917618,0.8408704996109009,0.6272271871566772,-0.08460326492786407,0.8950172662734985,0.6609033346176147,-0.030061066150665283,0.8695058822631836,0.6016852855682373,-0.05857262760400772,0.8563736081123352,0.5995919108390808,-0.06869880855083466,0.8493678569793701,0.616574227809906,-0.06948808580636978,ए
0.0,0.0,0.0,0.0,0.0,0.0,0.0,0.0,0.0,0.0,0.0,0.0,0.0,0.0,0.0,0.0,0.0,0.0,0.0,0.0,0.0,0.0,0.0,0.0,0.0,0.0,0.0,0.0,0.0,0.0,0.0,0.0,0.0,0.0,0.0,0.0,0.0,0.0,0.0,0.0,0.0,0.0,0.0,0.0,0.0,0.0,0.0,0.0,0.0,0.0,0.0,0.0,0.0,0.0,0.0,0.0,0.0,0.0,0.0,0.0,0.0,0.0,0.0,0.9109303951263428,0.8902446031570435,2.0152957347363554e-07,0.8478041887283325,0.8633853793144226,-0.03415120020508766,0.797558069229126,0.7866352796554565,-0.05034301429986954,0.7955068349838257,0.6988187432289124,-0.06572280824184418,0.8144101500511169,0.6370798349380493,-0.08036970347166061,0.7527600526809692,0.6852008700370789,-0.01497675385326147,0.7039169669151306,0.5920431017875671,-0.03690573573112488,0.6740691661834717,0.5284430980682373,-0.05732908472418785,0.6514259576797485,0.47924941778182983,-0.07340720295906067,0.7998939752578735,0.6583942174911499,-0.015970276668667793,0.7706844806671143,0.5422896146774292,-0.05832792818546295,0.7812338471412659,0.5532849431037903,-0.08828070759773254,0.7959178686141968,0.5911687612533569,-0.098509781062603,0.8464405536651611,0.6493622064590454,-0.020159734413027763,0.8236933946609497,0.5536968111991882,-0.057578422129154205,0.8262268900871277,0.5708446502685547,-0.07646574079990387,0.8359931707382202,0.614869236946106,-0.07905194908380508,0.8921641111373901,0.6589463949203491,-0.026962360367178917,0.86487877368927,0.598297655582428,-0.0513790138065815,0.8511359095573425,0.585695743560791,-0.061268873512744904,0.8449443578720093,0.5929369926452637,-0.06321148574352264,ए
0.0,0.0,0.0,0.0,0.0,0.0,0.0,0.0,0.0,0.0,0.0,0.0,0.0,0.0,0.0,0.0,0.0,0.0,0.0,0.0,0.0,0.0,0.0,0.0,0.0,0.0,0.0,0.0,0.0,0.0,0.0,0.0,0.0,0.0,0.0,0.0,0.0,0.0,0.0,0.0,0.0,0.0,0.0,0.0,0.0,0.0,0.0,0.0,0.0,0.0,0.0,0.0,0.0,0.0,0.0,0.0,0.0,0.0,0.0,0.0,0.0,0.0,0.0,0.9114131927490234,0.8886909484863281,1.8260185186136368e-07,0.8466301560401917,0.8591609001159668,-0.034682974219322205,0.794035017490387,0.7888830900192261,-0.052312713116407394,0.7905551195144653,0.7009990215301514,-0.06983716785907745,0.8102713227272034,0.6345661878585815,-0.0863552913069725,0.7538806796073914,0.6878331899642944,-0.015054682269692421,0.7020087242126465,0.5950021147727966,-0.039641574025154114,0.6721948385238647,0.531248927116394,-0.061175402253866196,0.6486060619354248,0.48107409477233887,-0.07786324620246887,0.7994753122329712,0.659710705280304,-0.017475925385951996,0.768274188041687,0.5394788384437561,-0.06249485909938812,0.7833144068717957,0.5642542839050293,-0.09075421094894409,0.8005490303039551,0.6121264100074768,-0.09835908561944962,0.8465553522109985,0.651323676109314,-0.02339002676308155,0.824735164642334,0.5534968972206116,-0.06331844627857208,0.8288056254386902,0.586025595664978,-0.07811743766069412,0.8390061855316162,0.6389086246490479,-0.07638275623321533,0.8935152292251587,0.662284791469574,-0.032181516289711,0.8679907321929932,0.604983389377594,-0.057536784559488297,0.8574652075767517,0.6114546060562134,-0.06371774524450302,0.8561027646064758,0.6376678347587585,-0.06175747141242027,ए
0.0,0.0,0.0,0.0,0.0,0.0,0.0,0.0,0.0,0.0,0.0,0.0,0.0,0.0,0.0,0.0,0.0,0.0,0.0,0.0,0.0,0.0,0.0,0.0,0.0,0.0,0.0,0.0,0.0,0.0,0.0,0.0,0.0,0.0,0.0,0.0,0.0,0.0,0.0,0.0,0.0,0.0,0.0,0.0,0.0,0.0,0.0,0.0,0.0,0.0,0.0,0.0,0.0,0.0,0.0,0.0,0.0,0.0,0.0,0.0,0.0,0.0,0.0,0.9085462689399719,0.8927465081214905,1.795442159391314e-07,0.841599702835083,0.8645845055580139,-0.031118037179112434,0.7882957458496094,0.7915679216384888,-0.046045251190662384,0.7872657775878906,0.7035171389579773,-0.06192397326231003,0.809221088886261,0.6390672922134399,-0.07770238816738129,0.7518945932388306,0.6927119493484497,-0.013410591520369053,0.6998431086540222,0.6003013253211975,-0.03732413426041603,0.6688553094863892,0.5356764197349548,-0.05794756859540939,0.643611490726471,0.48464858531951904,-0.07386179268360138,0.7972139716148376,0.6638262867927551,-0.017698409035801888,0.7651072144508362,0.5430790185928345,-0.06129365786910057,0.7767444849014282,0.5601117610931396,-0.08981490880250931,0.791952908039093,0.6018083095550537,-0.0982380285859108,0.8439074158668518,0.6546612977981567,-0.02513127587735653,0.820451557636261,0.5557293891906738,-0.06628300249576569,0.8255656361579895,0.591086208820343,-0.08284145593643188,0.8383005261421204,0.6452170610427856,-0.08189205825328827,0.8895272016525269,0.6648894548416138,-0.03491472452878952,0.8598801493644714,0.6085362434387207,-0.06193072348833084,0.8491734266281128,0.6181540489196777,-0.06929358839988708,0.8502349853515625,0.6460810899734497,-0.0679960772395134,ए
0.0,0.0,0.0,0.0,0.0,0.0,0.0,0.0,0.0,0.0,0.0,0.0,0.0,0.0,0.0,0.0,0.0,0.0,0.0,0.0,0.0,0.0,0.0,0.0,0.0,0.0,0.0,0.0,0.0,0.0,0.0,0.0,0.0,0.0,0.0,0.0,0.0,0.0,0.0,0.0,0.0,0.0,0.0,0.0,0.0,0.0,0.0,0.0,0.0,0.0,0.0,0.0,0.0,0.0,0.0,0.0,0.0,0.0,0.0,0.0,0.0,0.0,0.0,0.9022002220153809,0.8904979228973389,1.6733778807065391e-07,0.8385893702507019,0.8631922602653503,-0.03257894143462181,0.7841335535049438,0.7957568168640137,-0.048981476575136185,0.7797229290008545,0.7088226079940796,-0.06629907339811325,0.7998145222663879,0.6423776149749756,-0.0830221101641655,0.7450472116470337,0.6885468363761902,-0.013779103755950928,0.6923649907112122,0.5965007543563843,-0.037934113293886185,0.6619465351104736,0.5328869819641113,-0.058591075241565704,0.6375178098678589,0.48190945386886597,-0.0746055468916893,0.7901113629341125,0.6598974466323853,-0.017559781670570374,0.761369526386261,0.5419667959213257,-0.061998311430215836,0.7761402130126953,0.5649794340133667,-0.08948499709367752,0.7915199995040894,0.6101368069648743,-0.09676419198513031,0.8366153836250305,0.651224672794342,-0.024865737184882164,0.8165280222892761,0.5560559034347534,-0.06620442867279053,0.8233429193496704,0.5958797931671143,-0.08031610399484634,0.8341088891029358,0.6520683169364929,-0.07732579112052917,0.8830617666244507,0.6618878245353699,-0.03485821187496185,0.857825517654419,0.6015214920043945,-0.061969414353370667,0.848513126373291,0.612970769405365,-0.06807207316160202,0.8474261164665222,0.6433691382408142,-0.06549140065908432,ए
0.0,0.0,0.0,0.0,0.0,0.0,0.0,0.0,0.0,0.0,0.0,0.0,0.0,0.0,0.0,0.0,0.0,0.0,0.0,0.0,0.0,0.0,0.0,0.0,0.0,0.0,0.0,0.0,0.0,0.0,0.0,0.0,0.0,0.0,0.0,0.0,0.0,0.0,0.0,0.0,0.0,0.0,0.0,0.0,0.0,0.0,0.0,0.0,0.0,0.0,0.0,0.0,0.0,0.0,0.0,0.0,0.0,0.0,0.0,0.0,0.0,0.0,0.0,0.9042991399765015,0.8856953978538513,1.6459537732771423e-07,0.8385559916496277,0.8590947389602661,-0.03239107131958008,0.7850921750068665,0.7897820472717285,-0.04956669360399246,0.7811622023582458,0.7049058675765991,-0.06751277297735214,0.7986661195755005,0.6392915844917297,-0.08488059788942337,0.746371328830719,0.6896780729293823,-0.01654721237719059,0.6928064227104187,0.5973283648490906,-0.04215436428785324,0.66221684217453,0.5344013571739197,-0.06325272470712662,0.6382272243499756,0.48195725679397583,-0.07925806939601898,0.7905547618865967,0.6589136719703674,-0.020277323201298714,0.7580817937850952,0.5414141416549683,-0.06520650535821915,0.7754793763160706,0.5662164688110352,-0.09240594506263733,0.7936084866523743,0.6094656586647034,-0.09963937848806381,0.8363741636276245,0.6479853391647339,-0.027248214930295944,0.8120508790016174,0.5513820648193359,-0.06820731610059738,0.8194574117660522,0.5913788080215454,-0.08163098990917206,0.8320759534835815,0.6463330984115601,-0.07848335802555084,0.8815650939941406,0.656420886516571,-0.036841344088315964,0.852785587310791,0.5958977341651917,-0.0628269761800766,0.8431510925292969,0.6059601306915283,-0.06829243898391724,0.8437150120735168,0.6344709396362305,-0.06551402062177658,ए
0.0,0.0,0.0,0.0,0.0,0.0,0.0,0.0,0.0,0.0,0.0,0.0,0.0,0.0,0.0,0.0,0.0,0.0,0.0,0.0,0.0,0.0,0.0,0.0,0.0,0.0,0.0,0.0,0.0,0.0,0.0,0.0,0.0,0.0,0.0,0.0,0.0,0.0,0.0,0.0,0.0,0.0,0.0,0.0,0.0,0.0,0.0,0.0,0.0,0.0,0.0,0.0,0.0,0.0,0.0,0.0,0.0,0.0,0.0,0.0,0.0,0.0,0.0,0.9042098522186279,0.8858855962753296,1.984013238143234e-07,0.8377525210380554,0.8570152521133423,-0.03049195557832718,0.7844953536987305,0.7885226011276245,-0.04503346234560013,0.7812125086784363,0.7035102248191833,-0.060592830181121826,0.802436888217926,0.6397376656532288,-0.07557884603738785,0.7476017475128174,0.688278317451477,-0.012080821208655834,0.6943782567977905,0.5952444672584534,-0.03340214863419533,0.6642166376113892,0.5315750241279602,-0.052390553057193756,0.6401126980781555,0.48076385259628296,-0.0676959827542305,0.7930445671081543,0.6602469682693481,-0.015939172357320786,0.7634702920913696,0.544636607170105,-0.053896185010671616,0.7737210392951965,0.55487060546875,-0.07936837524175644,0.7865794897079468,0.5910198092460632,-0.08827243000268936,0.8401104211807251,0.6523018479347229,-0.023255659267306328,0.8183462619781494,0.5561845302581787,-0.05995146557688713,0.8233370184898376,0.5882526636123657,-0.07489970326423645,0.8344346284866333,0.6412438154220581,-0.07514094561338425,0.8865920901298523,0.662753164768219,-0.033241406083106995,0.8598304986953735,0.605690598487854,-0.05900222435593605,0.8501573801040649,0.6215410828590393,-0.0661979392170906,0.8510326147079468,0.6580091118812561,-0.06579115986824036,ए
0.0,0.0,0.0,0.0,0.0,0.0,0.0,0.0,0.0,0.0,0.0,0.0,0.0,0.0,0.0,0.0,0.0,0.0,0.0,0.0,0.0,0.0,0.0,0.0,0.0,0.0,0.0,0.0,0.0,0.0,0.0,0.0,0.0,0.0,0.0,0.0,0.0,0.0,0.0,0.0,0.0,0.0,0.0,0.0,0.0,0.0,0.0,0.0,0.0,0.0,0.0,0.0,0.0,0.0,0.0,0.0,0.0,0.0,0.0,0.0,0.0,0.0,0.0,0.9043839573860168,0.8826954364776611,1.8214694819107535e-07,0.8373148441314697,0.8529270887374878,-0.0330011360347271,0.7862927317619324,0.7842323184013367,-0.04925113916397095,0.7849006652832031,0.6982828378677368,-0.06577345728874207,0.8035340309143066,0.6327100992202759,-0.081383116543293,0.7478547692298889,0.684172511100769,-0.012424968183040619,0.6943061947822571,0.5927876830101013,-0.034142300486564636,0.6635118722915649,0.5312080979347229,-0.05446299538016319,0.6399010419845581,0.481170117855072,-0.07100280374288559,0.7933266758918762,0.6561363339424133,-0.015423513948917389,0.7615566849708557,0.5427842736244202,-0.05497400835156441,0.7734087109565735,0.5563951730728149,-0.08308667689561844,0.7893695831298828,0.5937145352363586,-0.09355136752128601,0.8407750129699707,0.647914469242096,-0.021999306976795197,0.8167988657951355,0.5487940311431885,-0.05823758989572525,0.8204478621482849,0.5730427503585815,-0.07529213279485703,0.8321370482444763,0.6214362382888794,-0.0777033194899559,0.8883453607559204,0.6584986448287964,-0.031487397849559784,0.8607503771781921,0.5988045930862427,-0.057309702038764954,0.8506336212158203,0.609574019908905,-0.06582886725664139,0.8514903783798218,0.6422927379608154,-0.06671036034822464,ए
0.0,0.0,0.0,0.0,0.0,0.0,0.0,0.0,0.0,0.0,0.0,0.0,0.0,0.0,0.0,0.0,0.0,0.0,0.0,0.0,0.0,0.0,0.0,0.0,0.0,0.0,0.0,0.0,0.0,0.0,0.0,0.0,0.0,0.0,0.0,0.0,0.0,0.0,0.0,0.0,0.0,0.0,0.0,0.0,0.0,0.0,0.0,0.0,0.0,0.0,0.0,0.0,0.0,0.0,0.0,0.0,0.0,0.0,0.0,0.0,0.0,0.0,0.0,0.9087032675743103,0.879658043384552,1.567034786376098e-07,0.84112548828125,0.8528180122375488,-0.028831206262111664,0.7850633859634399,0.7780619859695435,-0.04158575460314751,0.7848621606826782,0.6908938884735107,-0.05521317571401596,0.8060481548309326,0.6280051469802856,-0.06835709512233734,0.7489261031150818,0.6824336647987366,-0.008339905180037022,0.693852961063385,0.5940868258476257,-0.028419485315680504,0.6618533730506897,0.5327130556106567,-0.04704037308692932,0.6363164186477661,0.4846368134021759,-0.06184128671884537,0.7930941581726074,0.6527082324028015,-0.011282340623438358,0.7631912231445312,0.5420944094657898,-0.04901980236172676,0.7713797688484192,0.5528090596199036,-0.0761965811252594,0.7830831408500671,0.5875953435897827,-0.08590734750032425,0.8382465839385986,0.6417855024337769,-0.017426082864403725,0.8139848709106445,0.5457563400268555,-0.05250142514705658,0.8169470429420471,0.5696370005607605,-0.06925313919782639,0.828537106513977,0.617546796798706,-0.07070893049240112,0.8833813071250916,0.6489956974983215,-0.02596411667764187,0.8548862934112549,0.5864672660827637,-0.049043308943510056,0.8431069850921631,0.5813769102096558,-0.05715443566441536,0.8419228792190552,0.596808135509491,-0.05776873230934143,ए
0.0,0.0,0.0,0.0,0.0,0.0,0.0,0.0,0.0,0.0,0.0,0.0,0.0,0.0,0.0,0.0,0.0,0.0,0.0,0.0,0.0,0.0,0.0,0.0,0.0,0.0,0.0,0.0,0.0,0.0,0.0,0.0,0.0,0.0,0.0,0.0,0.0,0.0,0.0,0.0,0.0,0.0,0.0,0.0,0.0,0.0,0.0,0.0,0.0,0.0,0.0,0.0,0.0,0.0,0.0,0.0,0.0,0.0,0.0,0.0,0.0,0.0,0.0,0.905402660369873,0.8776243925094604,2.0076380735645216e-07,0.8397566676139832,0.8470717072486877,-0.03268754854798317,0.7860510349273682,0.7731214165687561,-0.046247635036706924,0.7858873605728149,0.6854603290557861,-0.060507677495479584,0.8066238164901733,0.6212394833564758,-0.07394862920045853,0.7485061883926392,0.677827000617981,-0.008426190353929996,0.6937841176986694,0.5881580710411072,-0.028825433924794197,0.6619097590446472,0.5262835025787354,-0.04757663607597351,0.6367879509925842,0.47668272256851196,-0.06273888051509857,0.7935137748718262,0.6481198072433472,-0.010295235551893711,0.7653199434280396,0.5370696783065796,-0.04922739788889885,0.7752485871315002,0.5485975742340088,-0.0769791379570961,0.7873380780220032,0.582257091999054,-0.08684827387332916,0.8398204445838928,0.6386321783065796,-0.0160644743591547,0.8186511397361755,0.5453891158103943,-0.05499020591378212,0.8236144781112671,0.5799771547317505,-0.07326381653547287,0.8353165984153748,0.6327738165855408,-0.07472594082355499,0.8855597972869873,0.6472150683403015,-0.02439102903008461,0.8579272031784058,0.5898893475532532,-0.05149012431502342,0.8498564958572388,0.606167197227478,-0.06051504611968994,0.8529927134513855,0.6398576498031616,-0.060949064791202545,ए
0.0,0.0,0.0,0.0,0.0,0.0,0.0,0.0,0.0,0.0,0.0,0.0,0.0,0.0,0.0,0.0,0.0,0.0,0.0,0.0,0.0,0.0,0.0,0.0,0.0,0.0,0.0,0.0,0.0,0.0,0.0,0.0,0.0,0.0,0.0,0.0,0.0,0.0,0.0,0.0,0.0,0.0,0.0,0.0,0.0,0.0,0.0,0.0,0.0,0.0,0.0,0.0,0.0,0.0,0.0,0.0,0.0,0.0,0.0,0.0,0.0,0.0,0.0,0.9038922786712646,0.8780125379562378,7.923543421384238e-08,0.8404622077941895,0.8501515984535217,-0.03174480050802231,0.7873827219009399,0.7777324914932251,-0.047575708478689194,0.7867931723594666,0.6904429793357849,-0.0638452097773552,0.8078294992446899,0.6253599524497986,-0.07930321246385574,0.746539294719696,0.6805610060691833,-0.012596801854670048,0.691825270652771,0.5885533690452576,-0.034670233726501465,0.6613929271697998,0.5284016132354736,-0.053811147809028625,0.6374987959861755,0.47833603620529175,-0.06949184089899063,0.7900030612945557,0.65082186460495,-0.015271498821675777,0.7609660029411316,0.541879415512085,-0.0588112473487854,0.7814111709594727,0.5738457441329956,-0.08583863824605942,0.8013260960578918,0.620456874370575,-0.09364663809537888,0.8346006870269775,0.6389182209968567,-0.02120327390730381,0.8086841702461243,0.5363412499427795,-0.059109531342983246,0.8160932660102844,0.5662465691566467,-0.072720967233181,0.8286470770835876,0.6154801249504089,-0.07173164933919907,0.8798732161521912,0.645514190196991,-0.029760822653770447,0.8508133888244629,0.582373857498169,-0.05425804480910301,0.8440496325492859,0.5886264443397522,-0.060212813317775726,0.8460822701454163,0.6129010319709778,-0.05901268497109413,ए
0.0,0.0,0.0,0.0,0.0,0.0,0.0,0.0,0.0,0.0,0.0,0.0,0.0,0.0,0.0,0.0,0.0,0.0,0.0,0.0,0.0,0.0,0.0,0.0,0.0,0.0,0.0,0.0,0.0,0.0,0.0,0.0,0.0,0.0,0.0,0.0,0.0,0.0,0.0,0.0,0.0,0.0,0.0,0.0,0.0,0.0,0.0,0.0,0.0,0.0,0.0,0.0,0.0,0.0,0.0,0.0,0.0,0.0,0.0,0.0,0.0,0.0,0.0,0.9051686525344849,0.872495174407959,1.8062752360492595e-07,0.8398081660270691,0.8441400527954102,-0.03194783627986908,0.7893897891044617,0.7738986015319824,-0.04701341688632965,0.7914876341819763,0.6882676482200623,-0.06226307153701782,0.8106536269187927,0.6262118816375732,-0.0768531784415245,0.7502196431159973,0.6716620922088623,-0.012032617814838886,0.6983087062835693,0.582181990146637,-0.03381260111927986,0.6677106022834778,0.519886314868927,-0.05390837416052818,0.6435058116912842,0.47034260630607605,-0.06975390017032623,0.7961597442626953,0.6429302096366882,-0.013937767595052719,0.7685853242874146,0.5340301394462585,-0.053992997854948044,0.7798417210578918,0.5469864010810852,-0.08196110278367996,0.7931605577468872,0.583184003829956,-0.09164263308048248,0.8423318266868591,0.6339609026908875,-0.01926589012145996,0.8220600485801697,0.5400182008743286,-0.05623443052172661,0.8266125917434692,0.5656107664108276,-0.07239795476198196,0.8366332650184631,0.6130738258361816,-0.07295221090316772,0.8881779313087463,0.6438920497894287,-0.027253439649939537,0.8637219071388245,0.5809742212295532,-0.052088767290115356,0.8534682393074036,0.5768993496894836,-0.060167230665683746,0.8510146737098694,0.5922514200210571,-0.060234494507312775,ए
0.0,0.0,0.0,0.0,0.0,0.0,0.0,0.0,0.0,0.0,0.0,0.0,0.0,0.0,0.0,0.0,0.0,0.0,0.0,0.0,0.0,0.0,0.0,0.0,0.0,0.0,0.0,0.0,0.0,0.0,0.0,0.0,0.0,0.0,0.0,0.0,0.0,0.0,0.0,0.0,0.0,0.0,0.0,0.0,0.0,0.0,0.0,0.0,0.0,0.0,0.0,0.0,0.0,0.0,0.0,0.0,0.0,0.0,0.0,0.0,0.0,0.0,0.0,0.9093056917190552,0.8811559081077576,1.719240998454552e-07,0.8425030708312988,0.8458032608032227,-0.030492031946778297,0.794358491897583,0.764278769493103,-0.04459156468510628,0.8016092777252197,0.6766388416290283,-0.05910579115152359,0.8265067338943481,0.6171059608459473,-0.07315251976251602,0.7598657608032227,0.674740731716156,-0.009504874236881733,0.7102198600769043,0.5800201296806335,-0.03074008785188198,0.68131023645401,0.5157658457756042,-0.05069611966609955,0.6594302654266357,0.4652780294418335,-0.06655436754226685,0.8055466413497925,0.6502529978752136,-0.012211010791361332,0.7796310782432556,0.5341341495513916,-0.054154012352228165,0.7888895273208618,0.549788236618042,-0.08396077156066895,0.8024551272392273,0.5900079011917114,-0.09399601817131042,0.8516983985900879,0.6433030366897583,-0.01811237260699272,0.8297255635261536,0.541527271270752,-0.05442776530981064,0.8305472731590271,0.5582706928253174,-0.07260609418153763,0.840858519077301,0.601565420627594,-0.07471627742052078,0.8980403542518616,0.6540337204933167,-0.026547584682703018,0.8725832104682922,0.5851383805274963,-0.050077520310878754,0.8596532344818115,0.5692839026451111,-0.059433627873659134,0.8559591174125671,0.5749403238296509,-0.06099077686667442,ए
0.0,0.0,0.0,0.0,0.0,0.0,0.0,0.0,0.0,0.0,0.0,0.0,0.0,0.0,0.0,0.0,0.0,0.0,0.0,0.0,0.0,0.0,0.0,0.0,0.0,0.0,0.0,0.0,0.0,0.0,0.0,0.0,0.0,0.0,0.0,0.0,0.0,0.0,0.0,0.0,0.0,0.0,0.0,0.0,0.0,0.0,0.0,0.0,0.0,0.0,0.0,0.0,0.0,0.0,0.0,0.0,0.0,0.0,0.0,0.0,0.0,0.0,0.0,0.9085868000984192,0.8845052719116211,1.9997251854420028e-07,0.8412678241729736,0.8476718664169312,-0.030012216418981552,0.7940409183502197,0.7698287963867188,-0.04385034739971161,0.8041818141937256,0.6839293241500854,-0.05873161926865578,0.8296236991882324,0.6227739453315735,-0.07324928045272827,0.762646496295929,0.6694130301475525,-0.007336906623095274,0.7133954763412476,0.5749999284744263,-0.026219714432954788,0.686140775680542,0.5117015838623047,-0.04467920958995819,0.6651866436004639,0.45946943759918213,-0.06030336767435074,0.8089775443077087,0.6453070640563965,-0.010657387785613537,0.7870232462882996,0.5376712083816528,-0.047589365392923355,0.7967692017555237,0.5492087602615356,-0.07542839646339417,0.8083941340446472,0.5801651477813721,-0.08679049462080002,0.855863630771637,0.6406092643737793,-0.017604989930987358,0.8380143046379089,0.5407178401947021,-0.05393386632204056,0.8426820635795593,0.5660651922225952,-0.07211516797542572,0.8541103601455688,0.6142759323120117,-0.0752757266163826,0.9023671746253967,0.6531097292900085,-0.026989515870809555,0.8784894347190857,0.5877024531364441,-0.05362345278263092,0.873164713382721,0.5968416929244995,-0.06271952390670776,0.8774667382240295,0.6262214183807373,-0.06400036811828613,ए
0.0,0.0,0.0,0.0,0.0,0.0,0.0,0.0,0.0,0.0,0.0,0.0,0.0,0.0,0.0,0.0,0.0,0.0,0.0,0.0,0.0,0.0,0.0,0.0,0.0,0.0,0.0,0.0,0.0,0.0,0.0,0.0,0.0,0.0,0.0,0.0,0.0,0.0,0.0,0.0,0.0,0.0,0.0,0.0,0.0,0.0,0.0,0.0,0.0,0.0,0.0,0.0,0.0,0.0,0.0,0.0,0.0,0.0,0.0,0.0,0.0,0.0,0.0,0.910605788230896,0.8915897011756897,2.4182324409594e-07,0.8446404933929443,0.8569366931915283,-0.03524705395102501,0.7968835830688477,0.7772260308265686,-0.05025091394782066,0.8039525747299194,0.6865260004997253,-0.06527744978666306,0.8303542137145996,0.6229028105735779,-0.07954166829586029,0.7664384245872498,0.6718987822532654,-0.009814846329391003,0.7178062200546265,0.5782886147499084,-0.0296719241887331,0.6902226805686951,0.5118846893310547,-0.04980994760990143,0.6687749028205872,0.45897185802459717,-0.06669270247220993,0.8144077658653259,0.6484135985374451,-0.01067675556987524,0.7959635853767395,0.5346757173538208,-0.0479033887386322,0.8023011684417725,0.5386979579925537,-0.07762663066387177,0.8095547556877136,0.5694524049758911,-0.0905303880572319,0.862016499042511,0.6462825536727905,-0.015707658603787422,0.8483197689056396,0.5478978753089905,-0.052582599222660065,0.849819540977478,0.5688890814781189,-0.07451634109020233,0.8582288026809692,0.6189872622489929,-0.08011723309755325,0.9083526134490967,0.6619544625282288,-0.02358258329331875,0.8863251209259033,0.5979808568954468,-0.05079960450530052,0.8769245743751526,0.6004381775856018,-0.06318767368793488,0.8768995404243469,0.6285962462425232,-0.06698349118232727,ए
0.0,0.0,0.0,0.0,0.0,0.0,0.0,0.0,0.0,0.0,0.0,0.0,0.0,0.0,0.0,0.0,0.0,0.0,0.0,0.0,0.0,0.0,0.0,0.0,0.0,0.0,0.0,0.0,0.0,0.0,0.0,0.0,0.0,0.0,0.0,0.0,0.0,0.0,0.0,0.0,0.0,0.0,0.0,0.0,0.0,0.0,0.0,0.0,0.0,0.0,0.0,0.0,0.0,0.0,0.0,0.0,0.0,0.0,0.0,0.0,0.0,0.0,0.0,0.9100331664085388,0.8898579478263855,2.2282061706846434e-07,0.8444997668266296,0.8563524484634399,-0.0322599932551384,0.7964528203010559,0.7742918729782104,-0.04648715630173683,0.8058527708053589,0.6834443211555481,-0.06074609234929085,0.8323051333427429,0.6234070062637329,-0.07470256835222244,0.7646536231040955,0.6718664169311523,-0.012387813068926334,0.7159469127655029,0.5778065323829651,-0.03212961554527283,0.6879399418830872,0.5125105381011963,-0.05125003308057785,0.6661556363105774,0.46060872077941895,-0.06723035126924515,0.8112801313400269,0.6470721960067749,-0.0147124994546175,0.7899099588394165,0.5304772853851318,-0.052036892622709274,0.8012248277664185,0.5362284183502197,-0.07966655492782593,0.8143839836120605,0.5705423355102539,-0.0902453139424324,0.858578622341156,0.6432544589042664,-0.02050035260617733,0.8427650928497314,0.5411710739135742,-0.05570392683148384,0.8473912477493286,0.5592874884605408,-0.07425172626972198,0.8577005863189697,0.6061784029006958,-0.07782375067472458,0.9049365520477295,0.6578719615936279,-0.028986254706978798,0.88345867395401,0.5913700461387634,-0.05501200258731842,0.8780698180198669,0.5967634320259094,-0.06453672051429749,0.8812432289123535,0.6271284222602844,-0.06615894287824631,ए
0.0,0.0,0.0,0.0,0.0,0.0,0.0,0.0,0.0,0.0,0.0,0.0,0.0,0.0,0.0,0.0,0.0,0.0,0.0,0.0,0.0,0.0,0.0,0.0,0.0,0.0,0.0,0.0,0.0,0.0,0.0,0.0,0.0,0.0,0.0,0.0,0.0,0.0,0.0,0.0,0.0,0.0,0.0,0.0,0.0,0.0,0.0,0.0,0.0,0.0,0.0,0.0,0.0,0.0,0.0,0.0,0.0,0.0,0.0,0.0,0.0,0.0,0.0,0.9111261367797852,0.8893181681632996,1.306050450011753e-07,0.8433160185813904,0.8563082218170166,-0.0286417193710804,0.7960086464881897,0.7718096375465393,-0.041683197021484375,0.8079794645309448,0.6846346855163574,-0.056048378348350525,0.8360904455184937,0.6285379528999329,-0.07037892937660217,0.7612875699996948,0.6734021902084351,-0.009077915921807289,0.7128129601478577,0.5774263143539429,-0.029309801757335663,0.6861298084259033,0.5135562419891357,-0.04731229692697525,0.6653258204460144,0.46164003014564514,-0.061756785959005356,0.8077213764190674,0.6483263373374939,-0.01296460721641779,0.7834672927856445,0.5301386713981628,-0.05385393276810646,0.8011251091957092,0.5566031336784363,-0.08082745224237442,0.819301187992096,0.6039010882377625,-0.08835215121507645,0.854552149772644,0.64126056432724,-0.019835181534290314,0.835904061794281,0.5389089584350586,-0.05644088238477707,0.8437286019325256,0.568422257900238,-0.07218217849731445,0.8568462133407593,0.6190663576126099,-0.07176676392555237,0.9000805616378784,0.6516071557998657,-0.02908642217516899,0.8764208555221558,0.5812886357307434,-0.05225013196468353,0.870403528213501,0.5813272595405579,-0.05895067751407623,0.8729222416877747,0.6039221882820129,-0.05798308178782463,ए
0.0,0.0,0.0,0.0,0.0,0.0,0.0,0.0,0.0,0.0,0.0,0.0,0.0,0.0,0.0,0.0,0.0,0.0,0.0,0.0,0.0,0.0,0.0,0.0,0.0,0.0,0.0,0.0,0.0,0.0,0.0,0.0,0.0,0.0,0.0,0.0,0.0,0.0,0.0,0.0,0.0,0.0,0.0,0.0,0.0,0.0,0.0,0.0,0.0,0.0,0.0,0.0,0.0,0.0,0.0,0.0,0.0,0.0,0.0,0.0,0.0,0.0,0.0,0.9093038439750671,0.8895998001098633,1.9002800399903208e-07,0.8427413105964661,0.852735161781311,-0.031734976917505264,0.7967425584793091,0.7738857269287109,-0.047778479754924774,0.8053256273269653,0.6868649125099182,-0.06385338306427002,0.8302984833717346,0.6252350807189941,-0.07931018620729446,0.7637795805931091,0.6735443472862244,-0.01423951331526041,0.7135534286499023,0.5785305500030518,-0.03620678931474686,0.6853774785995483,0.5131089091300964,-0.056762367486953735,0.6640706062316895,0.4615267813205719,-0.07335063815116882,0.8116357922554016,0.6504157185554504,-0.01705811358988285,0.7912046313285828,0.5309067368507385,-0.05760953202843666,0.7997166514396667,0.5443636178970337,-0.08639958500862122,0.8104531168937683,0.585049033164978,-0.09686759114265442,0.8592467904090881,0.6469619274139404,-0.023109612986445427,0.8429420590400696,0.5452843308448792,-0.05835388973355293,0.8428919911384583,0.5622669458389282,-0.07608713954687119,0.8503401279449463,0.6076295375823975,-0.07894209772348404,0.9058337211608887,0.6626452207565308,-0.0318765826523304,0.8843507170677185,0.5982536673545837,-0.05545985326170921,0.871329665184021,0.5901148319244385,-0.06465432792901993,0.8664125204086304,0.6057425737380981,-0.06645218282938004,ए
0.0,0.0,0.0,0.0,0.0,0.0,0.0,0.0,0.0,0.0,0.0,0.0,0.0,0.0,0.0,0.0,0.0,0.0,0.0,0.0,0.0,0.0,0.0,0.0,0.0,0.0,0.0,0.0,0.0,0.0,0.0,0.0,0.0,0.0,0.0,0.0,0.0,0.0,0.0,0.0,0.0,0.0,0.0,0.0,0.0,0.0,0.0,0.0,0.0,0.0,0.0,0.0,0.0,0.0,0.0,0.0,0.0,0.0,0.0,0.0,0.0,0.0,0.0,0.9118407368659973,0.8901408910751343,1.5984109325017926e-07,0.8474517464637756,0.8589121699333191,-0.03237118199467659,0.7992936968803406,0.7812343239784241,-0.04877210035920143,0.8060319423675537,0.6952111721038818,-0.06507846713066101,0.8286054730415344,0.6328130960464478,-0.0807814672589302,0.763989269733429,0.6703556776046753,-0.013157528825104237,0.71531081199646,0.5755464434623718,-0.03429712727665901,0.6869431734085083,0.5110712647438049,-0.055046238005161285,0.6645660996437073,0.4595794677734375,-0.07228834927082062,0.8113951683044434,0.6463565826416016,-0.015637602657079697,0.7897323369979858,0.5344201922416687,-0.05547293648123741,0.801923394203186,0.5482586026191711,-0.085244320333004,0.8139491081237793,0.584991455078125,-0.09733322262763977,0.8574793338775635,0.6419774293899536,-0.02143116481602192,0.8396283984184265,0.5401608943939209,-0.05641868710517883,0.8434849381446838,0.5544504523277283,-0.07433566451072693,0.8523942828178406,0.5972861051559448,-0.07809849083423615,0.9041754603385925,0.6555591225624084,-0.029998349025845528,0.8817086219787598,0.5866479277610779,-0.05384841933846474,0.8731618523597717,0.5755889415740967,-0.06309743225574493,0.8708944916725159,0.5873361229896545,-0.06536983698606491,ए
0.0,0.0,0.0,0.0,0.0,0.0,0.0,0.0,0.0,0.0,0.0,0.0,0.0,0.0,0.0,0.0,0.0,0.0,0.0,0.0,0.0,0.0,0.0,0.0,0.0,0.0,0.0,0.0,0.0,0.0,0.0,0.0,0.0,0.0,0.0,0.0,0.0,0.0,0.0,0.0,0.0,0.0,0.0,0.0,0.0,0.0,0.0,0.0,0.0,0.0,0.0,0.0,0.0,0.0,0.0,0.0,0.0,0.0,0.0,0.0,0.0,0.0,0.0,0.9112943410873413,0.8875072002410889,2.185992826753136e-07,0.8456823825836182,0.8533966541290283,-0.0329538956284523,0.7975451350212097,0.7709227204322815,-0.04701712727546692,0.8081710934638977,0.6819266080856323,-0.06122251972556114,0.8344724774360657,0.6239303350448608,-0.07495500892400742,0.764092206954956,0.6717492938041687,-0.012243981473147869,0.7134791612625122,0.5763581395149231,-0.03213127329945564,0.6855039596557617,0.510861337184906,-0.05037227272987366,0.6643115878105164,0.4593559503555298,-0.06519002467393875,0.8116962313652039,0.6483615040779114,-0.013768257573246956,0.7915617227554321,0.5322866439819336,-0.05270550400018692,0.8008960485458374,0.5410442352294922,-0.0802236944437027,0.812170147895813,0.5772656202316284,-0.08980151265859604,0.8587176203727722,0.6450016498565674,-0.01894141174852848,0.8439633250236511,0.5467472076416016,-0.05745949223637581,0.8500722646713257,0.5716063380241394,-0.07664201408624649,0.8620915412902832,0.6216606497764587,-0.07875064760446548,0.903746485710144,0.658549427986145,-0.026621783152222633,0.8815972208976746,0.5940759778022766,-0.054551709443330765,0.8756412863731384,0.5980918407440186,-0.06500347703695297,0.8787136077880859,0.6249492764472961,-0.06629745662212372,ए
0.0,0.0,0.0,0.0,0.0,0.0,0.0,0.0,0.0,0.0,0.0,0.0,0.0,0.0,0.0,0.0,0.0,0.0,0.0,0.0,0.0,0.0,0.0,0.0,0.0,0.0,0.0,0.0,0.0,0.0,0.0,0.0,0.0,0.0,0.0,0.0,0.0,0.0,0.0,0.0,0.0,0.0,0.0,0.0,0.0,0.0,0.0,0.0,0.0,0.0,0.0,0.0,0.0,0.0,0.0,0.0,0.0,0.0,0.0,0.0,0.0,0.0,0.0,0.9066521525382996,0.8854096531867981,1.388179100558773e-07,0.8417129516601562,0.853264331817627,-0.029646309092640877,0.7947419881820679,0.7742531895637512,-0.04548722133040428,0.80585777759552,0.6887760162353516,-0.061613500118255615,0.8327228426933289,0.6297515034675598,-0.07765325903892517,0.7606809735298157,0.672370970249176,-0.018050024285912514,0.7113970518112183,0.5771304965019226,-0.04098080098628998,0.6834686398506165,0.513106644153595,-0.060366250574588776,0.6622233390808105,0.46157145500183105,-0.07567485421895981,0.8087035417556763,0.6489650011062622,-0.021962592378258705,0.7869095206260681,0.5290203094482422,-0.06450559943914413,0.8021773099899292,0.5542551279067993,-0.09111416339874268,0.8173194527626038,0.6006537079811096,-0.09876429289579391,0.8565597534179688,0.6447487473487854,-0.02838771976530552,0.8380465507507324,0.5448675155639648,-0.06605426967144012,0.843288004398346,0.572684645652771,-0.08029068261384964,0.853172242641449,0.6203551292419434,-0.07938560843467712,0.9028905630111694,0.6597936749458313,-0.037057459354400635,0.8786061406135559,0.592377245426178,-0.061507806181907654,0.8696295022964478,0.5884003639221191,-0.06770160794258118,0.8680177927017212,0.6045694351196289,-0.06654635816812515,ए
0.0,0.0,0.0,0.0,0.0,0.0,0.0,0.0,0.0,0.0,0.0,0.0,0.0,0.0,0.0,0.0,0.0,0.0,0.0,0.0,0.0,0.0,0.0,0.0,0.0,0.0,0.0,0.0,0.0,0.0,0.0,0.0,0.0,0.0,0.0,0.0,0.0,0.0,0.0,0.0,0.0,0.0,0.0,0.0,0.0,0.0,0.0,0.0,0.0,0.0,0.0,0.0,0.0,0.0,0.0,0.0,0.0,0.0,0.0,0.0,0.0,0.0,0.0,0.9103644490242004,0.8871220946311951,1.5919141560516437e-07,0.8429263234138489,0.8545539379119873,-0.02968968078494072,0.7935793399810791,0.7718552350997925,-0.043154094368219376,0.8062697649002075,0.684665858745575,-0.057463545352220535,0.8381544947624207,0.6300735473632812,-0.0719606950879097,0.7602135539054871,0.674592137336731,-0.011245750822126865,0.7104517817497253,0.5781468152999878,-0.031286973506212234,0.6837707757949829,0.5136630535125732,-0.050034865736961365,0.6624161005020142,0.4615951478481293,-0.06559757143259048,0.8076908588409424,0.65040123462677,-0.014364337548613548,0.7847988605499268,0.5376022458076477,-0.054214414209127426,0.7997943758964539,0.5559049844741821,-0.08244046568870544,0.8146701455116272,0.5973045825958252,-0.0923418253660202,0.8552103042602539,0.6449891924858093,-0.020394444465637207,0.8362195491790771,0.5421435832977295,-0.056889161467552185,0.8424039483070374,0.5664790272712708,-0.07463634014129639,0.8537948727607727,0.6167815327644348,-0.07670851796865463,0.9013240933418274,0.6576584577560425,-0.028761636465787888,0.8759545087814331,0.5939760804176331,-0.05397658050060272,0.8688943982124329,0.5931023359298706,-0.06306152045726776,0.8705164194107056,0.6139283180236816,-0.06416613608598709,ए
0.0,0.0,0.0,0.0,0.0,0.0,0.0,0.0,0.0,0.0,0.0,0.0,0.0,0.0,0.0,0.0,0.0,0.0,0.0,0.0,0.0,0.0,0.0,0.0,0.0,0.0,0.0,0.0,0.0,0.0,0.0,0.0,0.0,0.0,0.0,0.0,0.0,0.0,0.0,0.0,0.0,0.0,0.0,0.0,0.0,0.0,0.0,0.0,0.0,0.0,0.0,0.0,0.0,0.0,0.0,0.0,0.0,0.0,0.0,0.0,0.0,0.0,0.0,0.9091266989707947,0.8886511921882629,1.2527107173809782e-07,0.8448768258094788,0.8553190231323242,-0.03118222951889038,0.7973921298980713,0.7734822630882263,-0.04616823047399521,0.8075500130653381,0.6864222288131714,-0.06201701611280441,0.8370722532272339,0.631238579750061,-0.07770354300737381,0.7618412375450134,0.6773867011070251,-0.01407558098435402,0.7121885418891907,0.5799106359481812,-0.03634116053581238,0.6848993301391602,0.5158987045288086,-0.055385932326316833,0.6632933020591736,0.46308663487434387,-0.07072664052248001,0.8082900047302246,0.6518294811248779,-0.017212169244885445,0.7842938303947449,0.5371257662773132,-0.060086291283369064,0.8021928071975708,0.5640076994895935,-0.08714187145233154,0.8197044134140015,0.6096725463867188,-0.09505099803209305,0.8552564978599548,0.6450316905975342,-0.023436661809682846,0.8349329233169556,0.5424804091453552,-0.06230757012963295,0.842576801776886,0.5743001699447632,-0.07700396329164505,0.8552522659301758,0.6261025071144104,-0.07585863769054413,0.9009197950363159,0.6566677689552307,-0.0322318859398365,0.8762366771697998,0.5870018601417542,-0.05774690583348274,0.8686557412147522,0.5885844826698303,-0.06466282904148102,0.8696476817131042,0.6118454933166504,-0.06370797753334045,ए
0.0,0.0,0.0,0.0,0.0,0.0,0.0,0.0,0.0,0.0,0.0,0.0,0.0,0.0,0.0,0.0,0.0,0.0,0.0,0.0,0.0,0.0,0.0,0.0,0.0,0.0,0.0,0.0,0.0,0.0,0.0,0.0,0.0,0.0,0.0,0.0,0.0,0.0,0.0,0.0,0.0,0.0,0.0,0.0,0.0,0.0,0.0,0.0,0.0,0.0,0.0,0.0,0.0,0.0,0.0,0.0,0.0,0.0,0.0,0.0,0.0,0.0,0.0,0.9076447486877441,0.8881146907806396,2.1078221834613942e-07,0.8432708978652954,0.856477677822113,-0.03266545757651329,0.796962320804596,0.775599479675293,-0.0475282296538353,0.8077225089073181,0.6885833144187927,-0.062257230281829834,0.8358420133590698,0.6329363584518433,-0.076572947204113,0.7606691122055054,0.6699045300483704,-0.014182288199663162,0.712003767490387,0.576195478439331,-0.03379096835851669,0.6843476891517639,0.5122413635253906,-0.05266743153333664,0.6633248925209045,0.46146994829177856,-0.06869396567344666,0.8090856671333313,0.6459876894950867,-0.016484860330820084,0.7869277596473694,0.5339332222938538,-0.053680598735809326,0.795708954334259,0.5412778258323669,-0.08142542839050293,0.8064249157905579,0.5733332633972168,-0.09262839704751968,0.8572492599487305,0.643182635307312,-0.02219269424676895,0.8420894742012024,0.5437476634979248,-0.05793648585677147,0.8450018167495728,0.5627235770225525,-0.0774049386382103,0.8533319234848022,0.608363687992096,-0.08185283094644547,0.9038727283477783,0.659243106842041,-0.03052517957985401,0.8830097913742065,0.5958999395370483,-0.057216305285692215,0.8747212290763855,0.5988888740539551,-0.06813707947731018,0.8741059303283691,0.6244866847991943,-0.07106833904981613,ए
0.0,0.0,0.0,0.0,0.0,0.0,0.0,0.0,0.0,0.0,0.0,0.0,0.0,0.0,0.0,0.0,0.0,0.0,0.0,0.0,0.0,0.0,0.0,0.0,0.0,0.0,0.0,0.0,0.0,0.0,0.0,0.0,0.0,0.0,0.0,0.0,0.0,0.0,0.0,0.0,0.0,0.0,0.0,0.0,0.0,0.0,0.0,0.0,0.0,0.0,0.0,0.0,0.0,0.0,0.0,0.0,0.0,0.0,0.0,0.0,0.0,0.0,0.0,0.9123251438140869,0.8907517790794373,1.782857026455531e-07,0.8485719561576843,0.8570144176483154,-0.030741050839424133,0.7999788522720337,0.7756932377815247,-0.04554934427142143,0.8085782527923584,0.689633309841156,-0.06078509986400604,0.8375794291496277,0.6324360966682434,-0.07548629492521286,0.7632607221603394,0.6742819547653198,-0.011967365629971027,0.7139708995819092,0.5795800089836121,-0.0327901691198349,0.6855530142784119,0.5146226286888123,-0.05224011093378067,0.6636469960212708,0.46332964301109314,-0.06794619560241699,0.8092384338378906,0.6508194804191589,-0.014720273204147816,0.7852985858917236,0.5385279059410095,-0.05403393879532814,0.7929194569587708,0.5480678081512451,-0.08237776905298233,0.8041343092918396,0.5834367871284485,-0.092659130692482,0.8561667203903198,0.6453741788864136,-0.020675145089626312,0.8352891206741333,0.5469514727592468,-0.05565088987350464,0.8365108966827393,0.5619784593582153,-0.07344681769609451,0.846092700958252,0.6044573783874512,-0.07605277001857758,0.9028737545013428,0.6575402617454529,-0.029247906059026718,0.8775207996368408,0.5905643701553345,-0.05314376577734947,0.8665269613265991,0.5765182971954346,-0.06266443431377411,0.8652541041374207,0.5844542980194092,-0.06443217396736145,ए
0.0,0.0,0.0,0.0,0.0,0.0,0.0,0.0,0.0,0.0,0.0,0.0,0.0,0.0,0.0,0.0,0.0,0.0,0.0,0.0,0.0,0.0,0.0,0.0,0.0,0.0,0.0,0.0,0.0,0.0,0.0,0.0,0.0,0.0,0.0,0.0,0.0,0.0,0.0,0.0,0.0,0.0,0.0,0.0,0.0,0.0,0.0,0.0,0.0,0.0,0.0,0.0,0.0,0.0,0.0,0.0,0.0,0.0,0.0,0.0,0.0,0.0,0.0,0.9091542363166809,0.8886081576347351,1.535214977366195e-07,0.8451807498931885,0.8560155034065247,-0.02962658740580082,0.7973201274871826,0.7735757827758789,-0.04313197731971741,0.8086966872215271,0.6863042116165161,-0.05716193839907646,0.8353636860847473,0.6292811036109924,-0.071228988468647,0.7617896795272827,0.6694628000259399,-0.01391403004527092,0.711256742477417,0.5737916827201843,-0.033885058015584946,0.683893620967865,0.5096966028213501,-0.05182782933115959,0.6622673273086548,0.4578312635421753,-0.06691338866949081,0.8099766373634338,0.6457034945487976,-0.01748952828347683,0.7872868180274963,0.5319986939430237,-0.05491826683282852,0.800987184047699,0.5482699871063232,-0.08078667521476746,0.8138604164123535,0.584971010684967,-0.0901162326335907,0.858400821685791,0.6434426307678223,-0.024086838588118553,0.8421630263328552,0.5439780950546265,-0.06025506183505058,0.8481188416481018,0.570818305015564,-0.07669045776128769,0.8572620749473572,0.6184229850769043,-0.078505739569664,0.9049429893493652,0.6601645350456238,-0.03298795595765114,0.8836203813552856,0.596490740776062,-0.05932358279824257,0.876335620880127,0.6013622283935547,-0.06824817508459091,0.8757805824279785,0.6258977651596069,-0.06941229850053787,ए
0.0,0.0,0.0,0.0,0.0,0.0,0.0,0.0,0.0,0.0,0.0,0.0,0.0,0.0,0.0,0.0,0.0,0.0,0.0,0.0,0.0,0.0,0.0,0.0,0.0,0.0,0.0,0.0,0.0,0.0,0.0,0.0,0.0,0.0,0.0,0.0,0.0,0.0,0.0,0.0,0.0,0.0,0.0,0.0,0.0,0.0,0.0,0.0,0.0,0.0,0.0,0.0,0.0,0.0,0.0,0.0,0.0,0.0,0.0,0.0,0.0,0.0,0.0,0.9063260555267334,0.8946245312690735,2.4283087896037614e-07,0.8414626717567444,0.8554917573928833,-0.03446679562330246,0.797653079032898,0.7746615409851074,-0.05100489407777786,0.8061598539352417,0.6882309317588806,-0.06681988388299942,0.8299890756607056,0.6271698474884033,-0.0820111557841301,0.7615658044815063,0.6713940501213074,-0.015356174670159817,0.7114027142524719,0.5774158239364624,-0.03682475537061691,0.6826416254043579,0.5111572742462158,-0.05822733789682388,0.6609363555908203,0.45935070514678955,-0.07575834542512894,0.8106345534324646,0.6493980884552002,-0.01658175326883793,0.7906106114387512,0.5352091193199158,-0.055163804441690445,0.7959268689155579,0.5379408001899719,-0.08556907624006271,0.8042311072349548,0.5707705616950989,-0.0985698476433754,0.8590759038925171,0.6487652063369751,-0.02126591093838215,0.844453752040863,0.5497391819953918,-0.05634557083249092,0.843278706073761,0.5581803917884827,-0.07734667509794235,0.8501052856445312,0.6002287864685059,-0.08318930864334106,0.905974268913269,0.6678368449211121,-0.028785010799765587,0.886282205581665,0.6038336753845215,-0.054752811789512634,0.8744602203369141,0.5898614525794983,-0.06714402139186859,0.8700898885726929,0.6014426350593567,-0.07124423235654831,ए
0.0,0.0,0.0,0.0,0.0,0.0,0.0,0.0,0.0,0.0,0.0,0.0,0.0,0.0,0.0,0.0,0.0,0.0,0.0,0.0,0.0,0.0,0.0,0.0,0.0,0.0,0.0,0.0,0.0,0.0,0.0,0.0,0.0,0.0,0.0,0.0,0.0,0.0,0.0,0.0,0.0,0.0,0.0,0.0,0.0,0.0,0.0,0.0,0.0,0.0,0.0,0.0,0.0,0.0,0.0,0.0,0.0,0.0,0.0,0.0,0.0,0.0,0.0,0.9043981432914734,0.893058180809021,1.5184686219527066e-07,0.8407964110374451,0.8614240884780884,-0.02859053574502468,0.7918264865875244,0.7805854678153992,-0.04237006604671478,0.8012100458145142,0.6925719380378723,-0.05694343149662018,0.8286141753196716,0.6353248357772827,-0.07176479697227478,0.7586416006088257,0.6742043495178223,-0.016677487641572952,0.7091665267944336,0.5787047147750854,-0.03776571899652481,0.6810185313224792,0.514200747013092,-0.056297533214092255,0.6578759551048279,0.4631929397583008,-0.07170858234167099,0.8062249422073364,0.6489739418029785,-0.021667705848813057,0.7828599214553833,0.5257222652435303,-0.05899718031287193,0.7964100241661072,0.5422267317771912,-0.08345163613557816,0.8082789182662964,0.5850911736488342,-0.0916169285774231,0.8537389039993286,0.6463526487350464,-0.029366977512836456,0.8383765816688538,0.5441282391548157,-0.06437046080827713,0.8439580798149109,0.5730494856834412,-0.07860449701547623,0.851921021938324,0.6250081658363342,-0.07904936373233795,0.8991984128952026,0.6639286875724792,-0.03948283940553665,0.8765621185302734,0.5995086431503296,-0.06333406269550323,0.8700844049453735,0.610124945640564,-0.0693284198641777,0.8710119724273682,0.6443929672241211,-0.06869395822286606,ए
0.0,0.0,0.0,0.0,0.0,0.0,0.0,0.0,0.0,0.0,0.0,0.0,0.0,0.0,0.0,0.0,0.0,0.0,0.0,0.0,0.0,0.0,0.0,0.0,0.0,0.0,0.0,0.0,0.0,0.0,0.0,0.0,0.0,0.0,0.0,0.0,0.0,0.0,0.0,0.0,0.0,0.0,0.0,0.0,0.0,0.0,0.0,0.0,0.0,0.0,0.0,0.0,0.0,0.0,0.0,0.0,0.0,0.0,0.0,0.0,0.0,0.0,0.0,0.9055889844894409,0.885626494884491,1.493148005238254e-07,0.8432168364524841,0.8569344282150269,-0.032430510967969894,0.7952684760093689,0.7810365557670593,-0.048177991062402725,0.8042517900466919,0.6949325799942017,-0.06424079835414886,0.8278747200965881,0.6333060264587402,-0.08010155707597733,0.757346510887146,0.6746551990509033,-0.016020964831113815,0.7067593932151794,0.5791317820549011,-0.03752228617668152,0.67931067943573,0.5156617164611816,-0.05627942830324173,0.6577058434486389,0.4624602794647217,-0.07158876955509186,0.802293598651886,0.6487071514129639,-0.018435979261994362,0.7781923413276672,0.5362889766693115,-0.058056991547346115,0.7971692085266113,0.556264340877533,-0.08522042632102966,0.814258873462677,0.5926867127418518,-0.0949643924832344,0.8473753333091736,0.6417709589004517,-0.023950040340423584,0.8286157250404358,0.5417050719261169,-0.062306251376867294,0.839913010597229,0.5735141038894653,-0.0780717208981514,0.8539456129074097,0.6229267120361328,-0.07871544361114502,0.8920964002609253,0.6525534987449646,-0.03193776309490204,0.8679742813110352,0.585351288318634,-0.058742206543684006,0.866622269153595,0.5982581973075867,-0.0657486841082573,0.8730291724205017,0.6300627589225769,-0.06513217091560364,ए
0.0,0.0,0.0,0.0,0.0,0.0,0.0,0.0,0.0,0.0,0.0,0.0,0.0,0.0,0.0,0.0,0.0,0.0,0.0,0.0,0.0,0.0,0.0,0.0,0.0,0.0,0.0,0.0,0.0,0.0,0.0,0.0,0.0,0.0,0.0,0.0,0.0,0.0,0.0,0.0,0.0,0.0,0.0,0.0,0.0,0.0,0.0,0.0,0.0,0.0,0.0,0.0,0.0,0.0,0.0,0.0,0.0,0.0,0.0,0.0,0.0,0.0,0.0,0.9035772681236267,0.8912876844406128,1.555902997552039e-07,0.839890718460083,0.8607571125030518,-0.029919320717453957,0.7927843928337097,0.780424177646637,-0.04415671527385712,0.8031182885169983,0.6938550472259521,-0.05872105434536934,0.8276188969612122,0.6344214677810669,-0.07313810288906097,0.7579022645950317,0.6726771593093872,-0.014746147207915783,0.7069190740585327,0.57811039686203,-0.03526873141527176,0.6783623099327087,0.5140841603279114,-0.05420604720711708,0.6561175584793091,0.4628036618232727,-0.07000214606523514,0.8059117794036865,0.6489928364753723,-0.01859218068420887,0.782953679561615,0.5315669178962708,-0.056749872863292694,0.7939069867134094,0.5452206134796143,-0.0837479680776596,0.8052871227264404,0.5816935896873474,-0.09386368840932846,0.8532289862632751,0.6459432244300842,-0.025407712906599045,0.836654007434845,0.546539843082428,-0.06070324778556824,0.840022087097168,0.5687013864517212,-0.07793700695037842,0.847732424736023,0.6146453022956848,-0.08077412098646164,0.8993381261825562,0.6616087555885315,-0.03462780639529228,0.8767162561416626,0.59650719165802,-0.05886107683181763,0.869255542755127,0.6005605459213257,-0.06689625233411789,0.8692269325256348,0.6264685392379761,-0.06806197762489319,ए
0.0,0.0,0.0,0.0,0.0,0.0,0.0,0.0,0.0,0.0,0.0,0.0,0.0,0.0,0.0,0.0,0.0,0.0,0.0,0.0,0.0,0.0,0.0,0.0,0.0,0.0,0.0,0.0,0.0,0.0,0.0,0.0,0.0,0.0,0.0,0.0,0.0,0.0,0.0,0.0,0.0,0.0,0.0,0.0,0.0,0.0,0.0,0.0,0.0,0.0,0.0,0.0,0.0,0.0,0.0,0.0,0.0,0.0,0.0,0.0,0.0,0.0,0.0,0.9036552309989929,0.88899827003479,2.0986094284580759e-07,0.8408106565475464,0.8534228801727295,-0.031775183975696564,0.7942045331001282,0.7742865085601807,-0.04668619483709335,0.804876446723938,0.6893871426582336,-0.062275853008031845,0.8315433263778687,0.6317970156669617,-0.07753390818834305,0.7581854462623596,0.6749777793884277,-0.013573593460023403,0.7073739767074585,0.5811961889266968,-0.03622020408511162,0.6790716648101807,0.5160244107246399,-0.05605057626962662,0.6569303870201111,0.46423032879829407,-0.07144233584403992,0.8060290217399597,0.6518977880477905,-0.01631639525294304,0.7844613790512085,0.5324327945709229,-0.05769742652773857,0.7966331839561462,0.5453125238418579,-0.08554552495479584,0.808516800403595,0.5825786590576172,-0.09441015869379044,0.8531500101089478,0.6482985615730286,-0.022463658824563026,0.8386109471321106,0.5558762550354004,-0.061771854758262634,0.8443300724029541,0.5863164067268372,-0.07855291664600372,0.853432297706604,0.6369470953941345,-0.07799865305423737,0.8979910612106323,0.6625919938087463,-0.031123649328947067,0.8764305114746094,0.5957676768302917,-0.05623680353164673,0.8693781495094299,0.5965774059295654,-0.0633443146944046,0.8690138459205627,0.6197623014450073,-0.062230080366134644,ए
0.0,0.0,0.0,0.0,0.0,0.0,0.0,0.0,0.0,0.0,0.0,0.0,0.0,0.0,0.0,0.0,0.0,0.0,0.0,0.0,0.0,0.0,0.0,0.0,0.0,0.0,0.0,0.0,0.0,0.0,0.0,0.0,0.0,0.0,0.0,0.0,0.0,0.0,0.0,0.0,0.0,0.0,0.0,0.0,0.0,0.0,0.0,0.0,0.0,0.0,0.0,0.0,0.0,0.0,0.0,0.0,0.0,0.0,0.0,0.0,0.0,0.0,0.0,0.9066468477249146,0.8917506337165833,2.143103188245732e-07,0.8434960842132568,0.8587526679039001,-0.03168885037302971,0.7966212630271912,0.7775297164916992,-0.046091534197330475,0.8055859208106995,0.6906046271324158,-0.060533616691827774,0.8301796913146973,0.6340408325195312,-0.07471168041229248,0.7597581148147583,0.6749535202980042,-0.014285121113061905,0.7088524699211121,0.5801266431808472,-0.034692928194999695,0.6795998215675354,0.5148200988769531,-0.0541059672832489,0.6573527455329895,0.4637869596481323,-0.07010451704263687,0.806948721408844,0.6514168977737427,-0.01693698950111866,0.7824618220329285,0.5376707315444946,-0.05347007140517235,0.7876721620559692,0.5401537418365479,-0.08083128184080124,0.7968353629112244,0.5690593719482422,-0.09222065657377243,0.8543568253517151,0.6483161449432373,-0.022931799292564392,0.83595871925354,0.5481735467910767,-0.058503326028585434,0.8360663652420044,0.566861629486084,-0.07706454396247864,0.8437667489051819,0.6114550232887268,-0.08109474927186966,0.9006202220916748,0.6632665395736694,-0.03146901726722717,0.876794695854187,0.5980733633041382,-0.05790677294135094,0.867975115776062,0.5998208522796631,-0.06769269704818726,0.8688762187957764,0.6230340003967285,-0.06983696669340134,ए
0.0,0.0,0.0,0.0,0.0,0.0,0.0,0.0,0.0,0.0,0.0,0.0,0.0,0.0,0.0,0.0,0.0,0.0,0.0,0.0,0.0,0.0,0.0,0.0,0.0,0.0,0.0,0.0,0.0,0.0,0.0,0.0,0.0,0.0,0.0,0.0,0.0,0.0,0.0,0.0,0.0,0.0,0.0,0.0,0.0,0.0,0.0,0.0,0.0,0.0,0.0,0.0,0.0,0.0,0.0,0.0,0.0,0.0,0.0,0.0,0.0,0.0,0.0,0.9022578001022339,0.8936622142791748,1.62347532750573e-07,0.8383678197860718,0.860536515712738,-0.029567070305347443,0.7905677556991577,0.7784233093261719,-0.043850596994161606,0.801819384098053,0.6906380653381348,-0.058595720678567886,0.8311563730239868,0.6353020668029785,-0.07315140217542648,0.7544122934341431,0.6746854186058044,-0.01357248704880476,0.7051637768745422,0.5797390341758728,-0.034133926033973694,0.6768856644630432,0.5155122876167297,-0.05288040265440941,0.6550408005714417,0.4652993381023407,-0.06819994002580643,0.801317036151886,0.6507645845413208,-0.016978321596980095,0.7774201035499573,0.5317209959030151,-0.056457698345184326,0.7900646328926086,0.5494322180747986,-0.08294112235307693,0.8045194149017334,0.5933126211166382,-0.09119162708520889,0.8486173748970032,0.6465088725090027,-0.02320747636258602,0.8303269147872925,0.5456202626228333,-0.058205608278512955,0.8332391381263733,0.5674293041229248,-0.07364623248577118,0.8420886993408203,0.6145402193069458,-0.07425923645496368,0.8946951627731323,0.6614879369735718,-0.03191937878727913,0.8710116147994995,0.5928612351417542,-0.05552145093679428,0.8604969382286072,0.5861420631408691,-0.06315696984529495,0.8580803275108337,0.6021264791488647,-0.06333688646554947,ए
0.0,0.0,0.0,0.0,0.0,0.0,0.0,0.0,0.0,0.0,0.0,0.0,0.0,0.0,0.0,0.0,0.0,0.0,0.0,0.0,0.0,0.0,0.0,0.0,0.0,0.0,0.0,0.0,0.0,0.0,0.0,0.0,0.0,0.0,0.0,0.0,0.0,0.0,0.0,0.0,0.0,0.0,0.0,0.0,0.0,0.0,0.0,0.0,0.0,0.0,0.0,0.0,0.0,0.0,0.0,0.0,0.0,0.0,0.0,0.0,0.0,0.0,0.0,0.9016128778457642,0.8879624605178833,1.7772768501345126e-07,0.8373798131942749,0.855914831161499,-0.034078262746334076,0.7898856401443481,0.7774919271469116,-0.049671050161123276,0.8016234636306763,0.6906920671463013,-0.06505580991506577,0.8304619789123535,0.6344876885414124,-0.07980918139219284,0.7535395622253418,0.6732655167579651,-0.014677373692393303,0.7038318514823914,0.5787635445594788,-0.03604277968406677,0.6753570437431335,0.5148643255233765,-0.05504579469561577,0.6537917852401733,0.4621669054031372,-0.0708446204662323,0.8017303943634033,0.6484047770500183,-0.016586586833000183,0.7796012163162231,0.5335873961448669,-0.05848107114434242,0.7963483333587646,0.5548140406608582,-0.085870660841465,0.8135876059532166,0.5976337194442749,-0.09416569769382477,0.8496606349945068,0.6448878645896912,-0.022008482366800308,0.8359954357147217,0.5466675162315369,-0.06068532168865204,0.8436108827590942,0.5733646154403687,-0.07786092907190323,0.8543136715888977,0.6216993927955627,-0.07880409061908722,0.8959044218063354,0.660456120967865,-0.030205367133021355,0.8769847750663757,0.6002751588821411,-0.057503264397382736,0.8726475834846497,0.6092174649238586,-0.06643256545066833,0.8751636147499084,0.6386059522628784,-0.06680560111999512,ए
0.0,0.0,0.0,0.0,0.0,0.0,0.0,0.0,0.0,0.0,0.0,0.0,0.0,0.0,0.0,0.0,0.0,0.0,0.0,0.0,0.0,0.0,0.0,0.0,0.0,0.0,0.0,0.0,0.0,0.0,0.0,0.0,0.0,0.0,0.0,0.0,0.0,0.0,0.0,0.0,0.0,0.0,0.0,0.0,0.0,0.0,0.0,0.0,0.0,0.0,0.0,0.0,0.0,0.0,0.0,0.0,0.0,0.0,0.0,0.0,0.0,0.0,0.0,0.9022061824798584,0.8904238343238831,1.8127776968412945e-07,0.8349632620811462,0.8553329706192017,-0.03096967190504074,0.7894747853279114,0.7716236114501953,-0.04585237801074982,0.8030810952186584,0.6850681900978088,-0.061259523034095764,0.8322834968566895,0.6309146881103516,-0.07661984860897064,0.7563765048980713,0.674848735332489,-0.013134547509253025,0.7053595185279846,0.5795923471450806,-0.03561282157897949,0.6768664717674255,0.5144867300987244,-0.05544063448905945,0.6553295850753784,0.4628213047981262,-0.07074376940727234,0.8046991229057312,0.6524898409843445,-0.016212306916713715,0.7811945676803589,0.5297362804412842,-0.060329560190439224,0.7945985198020935,0.5501460433006287,-0.08973211795091629,0.8098593354225159,0.5955790281295776,-0.0980580598115921,0.8518722057342529,0.6484038829803467,-0.022194843739271164,0.8340936303138733,0.5474116802215576,-0.06191152706742287,0.8386160731315613,0.573931097984314,-0.07963332533836365,0.8492900729179382,0.6241700053215027,-0.07930406183004379,0.8970116376876831,0.6623002290725708,-0.030497809872031212,0.8730427622795105,0.5955003499984741,-0.05554100498557091,0.8627976775169373,0.5868350267410278,-0.06360930949449539,0.8604133129119873,0.6000420451164246,-0.06301721930503845,ए
0.0,0.0,0.0,0.0,0.0,0.0,0.0,0.0,0.0,0.0,0.0,0.0,0.0,0.0,0.0,0.0,0.0,0.0,0.0,0.0,0.0,0.0,0.0,0.0,0.0,0.0,0.0,0.0,0.0,0.0,0.0,0.0,0.0,0.0,0.0,0.0,0.0,0.0,0.0,0.0,0.0,0.0,0.0,0.0,0.0,0.0,0.0,0.0,0.0,0.0,0.0,0.0,0.0,0.0,0.0,0.0,0.0,0.0,0.0,0.0,0.0,0.0,0.0,0.9018134474754333,0.8902022242546082,1.7288951426053245e-07,0.8383126854896545,0.8595821857452393,-0.03217669203877449,0.7921482920646667,0.7765633463859558,-0.04576360434293747,0.8031333684921265,0.6902116537094116,-0.05960853397846222,0.8302260637283325,0.6350972652435303,-0.07299845665693283,0.7546851634979248,0.6732980608940125,-0.011494907550513744,0.7028419971466064,0.5770693421363831,-0.031172268092632294,0.6747560501098633,0.512274980545044,-0.04877939820289612,0.6535137891769409,0.46047547459602356,-0.06309251487255096,0.8024166822433472,0.6501104831695557,-0.013548805378377438,0.7811861038208008,0.5353258848190308,-0.05384348705410957,0.7933651208877563,0.5507912039756775,-0.08144206553697586,0.8063439130783081,0.5891814827919006,-0.09018900990486145,0.8489876985549927,0.6455883383750916,-0.019059643149375916,0.8345828056335449,0.5474835634231567,-0.05778001248836517,0.8406453728675842,0.5714480876922607,-0.07657286524772644,0.8509770035743713,0.6186152100563049,-0.07818927615880966,0.8936557769775391,0.6576056480407715,-0.02695106528699398,0.8723766803741455,0.5930031538009644,-0.053782153874635696,0.8677978515625,0.5985782146453857,-0.0629570335149765,0.8707046508789062,0.6249330639839172,-0.06341458857059479,ए
0.0,0.0,0.0,0.0,0.0,0.0,0.0,0.0,0.0,0.0,0.0,0.0,0.0,0.0,0.0,0.0,0.0,0.0,0.0,0.0,0.0,0.0,0.0,0.0,0.0,0.0,0.0,0.0,0.0,0.0,0.0,0.0,0.0,0.0,0.0,0.0,0.0,0.0,0.0,0.0,0.0,0.0,0.0,0.0,0.0,0.0,0.0,0.0,0.0,0.0,0.0,0.0,0.0,0.0,0.0,0.0,0.0,0.0,0.0,0.0,0.0,0.0,0.0,0.9030327796936035,0.891399621963501,1.6278396230973158e-07,0.8387213349342346,0.8635315299034119,-0.03029031679034233,0.7920079827308655,0.7841373682022095,-0.04430313780903816,0.7998931407928467,0.697259783744812,-0.05755443871021271,0.8224560618400574,0.6379785537719727,-0.07000387459993362,0.7550852298736572,0.6706206202507019,-0.013126727193593979,0.7041300535202026,0.5767960548400879,-0.03012673929333687,0.6751788854598999,0.5131104588508606,-0.04708058014512062,0.6536972522735596,0.4626232385635376,-0.06181500107049942,0.8027528524398804,0.6476467251777649,-0.015271727927029133,0.7824181914329529,0.5393840670585632,-0.04819657653570175,0.786758303642273,0.5425902009010315,-0.07290474325418472,0.793423593044281,0.5728939771652222,-0.08293511718511581,0.8493856191635132,0.6449491381645203,-0.02080702967941761,0.8332111835479736,0.5505001544952393,-0.04943038523197174,0.82835853099823,0.547967255115509,-0.06724810600280762,0.8279165625572205,0.5755325555801392,-0.07351437956094742,0.8958829045295715,0.6601101160049438,-0.02908724546432495,0.8752390146255493,0.6004263162612915,-0.05021800100803375,0.8622663617134094,0.5900819301605225,-0.05987473577260971,0.8544734120368958,0.6005997657775879,-0.06371969729661942,ए
0.0,0.0,0.0,0.0,0.0,0.0,0.0,0.0,0.0,0.0,0.0,0.0,0.0,0.0,0.0,0.0,0.0,0.0,0.0,0.0,0.0,0.0,0.0,0.0,0.0,0.0,0.0,0.0,0.0,0.0,0.0,0.0,0.0,0.0,0.0,0.0,0.0,0.0,0.0,0.0,0.0,0.0,0.0,0.0,0.0,0.0,0.0,0.0,0.0,0.0,0.0,0.0,0.0,0.0,0.0,0.0,0.0,0.0,0.0,0.0,0.0,0.0,0.0,0.9033387899398804,0.8871827125549316,1.659071529047651e-07,0.8389652967453003,0.8549900054931641,-0.03303958475589752,0.7918235659599304,0.7794965505599976,-0.05097204074263573,0.800228476524353,0.6949706673622131,-0.06831979751586914,0.8247715830802917,0.6342067122459412,-0.0849786251783371,0.7558201551437378,0.6755244135856628,-0.019170256331562996,0.7055999040603638,0.580799400806427,-0.042885273694992065,0.6762213110923767,0.5168424844741821,-0.0643383115530014,0.653907060623169,0.4654192328453064,-0.0814550593495369,0.8032844662666321,0.6521231532096863,-0.02147296816110611,0.7788376808166504,0.5343179106712341,-0.06400307267904282,0.7891940474510193,0.5501386523246765,-0.09332318603992462,0.8016631007194519,0.5898997783660889,-0.10395270586013794,0.8499420881271362,0.6475034952163696,-0.02670765481889248,0.8303178548812866,0.5449674129486084,-0.06272101402282715,0.8314279913902283,0.5593971610069275,-0.07958980649709702,0.8386654257774353,0.6014463901519775,-0.08201736956834793,0.8967592716217041,0.6620258092880249,-0.034698061645030975,0.8737549185752869,0.5947022438049316,-0.058424096554517746,0.8610603213310242,0.5800212621688843,-0.06710458546876907,0.8545704483985901,0.58677738904953,-0.06876403838396072,ए
0.0,0.0,0.0,0.0,0.0,0.0,0.0,0.0,0.0,0.0,0.0,0.0,0.0,0.0,0.0,0.0,0.0,0.0,0.0,0.0,0.0,0.0,0.0,0.0,0.0,0.0,0.0,0.0,0.0,0.0,0.0,0.0,0.0,0.0,0.0,0.0,0.0,0.0,0.0,0.0,0.0,0.0,0.0,0.0,0.0,0.0,0.0,0.0,0.0,0.0,0.0,0.0,0.0,0.0,0.0,0.0,0.0,0.0,0.0,0.0,0.0,0.0,0.0,0.9044979810714722,0.8898720741271973,1.9883108848262054e-07,0.8382981419563293,0.8545998930931091,-0.0326538160443306,0.7914050817489624,0.7739570140838623,-0.04717864468693733,0.8032519221305847,0.6876769065856934,-0.06242375075817108,0.8317743539810181,0.6329591870307922,-0.07741275429725647,0.7557501792907715,0.6731236577033997,-0.011735646054148674,0.7051356434822083,0.5774654150009155,-0.03350057825446129,0.6768701076507568,0.5125718712806702,-0.053026195615530014,0.6546241044998169,0.45936352014541626,-0.06891202926635742,0.8040116429328918,0.64788818359375,-0.014752349816262722,0.7805899977684021,0.5304954051971436,-0.05651264265179634,0.7979112267494202,0.5508739352226257,-0.08490561693906784,0.8140337467193604,0.5921550989151001,-0.0939364954829216,0.8517869710922241,0.6436498761177063,-0.021239541471004486,0.8362162709236145,0.5442622303962708,-0.06133979558944702,0.8453643918037415,0.5782065391540527,-0.07855353504419327,0.8570615649223328,0.631807804107666,-0.07862982153892517,0.8978430032730103,0.6582520604133606,-0.030354905873537064,0.8773717284202576,0.5948500037193298,-0.057994551956653595,0.874651312828064,0.6095542907714844,-0.06568756699562073,0.8792794346809387,0.6453148126602173,-0.06468729674816132,ए
0.0,0.0,0.0,0.0,0.0,0.0,0.0,0.0,0.0,0.0,0.0,0.0,0.0,0.0,0.0,0.0,0.0,0.0,0.0,0.0,0.0,0.0,0.0,0.0,0.0,0.0,0.0,0.0,0.0,0.0,0.0,0.0,0.0,0.0,0.0,0.0,0.0,0.0,0.0,0.0,0.0,0.0,0.0,0.0,0.0,0.0,0.0,0.0,0.0,0.0,0.0,0.0,0.0,0.0,0.0,0.0,0.0,0.0,0.0,0.0,0.0,0.0,0.0,0.9051878452301025,0.8905973434448242,1.8320375261282607e-07,0.8405579328536987,0.8574835062026978,-0.031133996322751045,0.7943121790885925,0.7786864638328552,-0.046569593250751495,0.8056387901306152,0.6931200623512268,-0.06253314018249512,0.8324699997901917,0.6364626884460449,-0.07837794721126556,0.7568950653076172,0.6738489866256714,-0.014759108424186707,0.7063466310501099,0.5794631242752075,-0.0375618115067482,0.6789460182189941,0.514494776725769,-0.05789411440491676,0.6579050421714783,0.46160590648651123,-0.07429704815149307,0.8040555119514465,0.6489488482475281,-0.018461773172020912,0.7816481590270996,0.5322451591491699,-0.06085386499762535,0.7982953786849976,0.5516973733901978,-0.08923369646072388,0.8137303590774536,0.5933589339256287,-0.09853705018758774,0.8509387373924255,0.6453646421432495,-0.025261804461479187,0.8340357542037964,0.5439631342887878,-0.06422927230596542,0.8415858149528503,0.5695423483848572,-0.08076158165931702,0.852012038230896,0.6183856725692749,-0.08124010264873505,0.8964278101921082,0.6615225672721863,-0.034557461738586426,0.875413179397583,0.5953329801559448,-0.06180368736386299,0.8712547421455383,0.5955781936645508,-0.07008420675992966,0.8731750845909119,0.6182489395141602,-0.06992385536432266,ए
0.0,0.0,0.0,0.0,0.0,0.0,0.0,0.0,0.0,0.0,0.0,0.0,0.0,0.0,0.0,0.0,0.0,0.0,0.0,0.0,0.0,0.0,0.0,0.0,0.0,0.0,0.0,0.0,0.0,0.0,0.0,0.0,0.0,0.0,0.0,0.0,0.0,0.0,0.0,0.0,0.0,0.0,0.0,0.0,0.0,0.0,0.0,0.0,0.0,0.0,0.0,0.0,0.0,0.0,0.0,0.0,0.0,0.0,0.0,0.0,0.0,0.0,0.0,0.9055687189102173,0.8897371888160706,1.7515694139547122e-07,0.8444506525993347,0.8606548309326172,-0.03373248875141144,0.7982987761497498,0.7803499102592468,-0.050217460840940475,0.8100852966308594,0.6953086256980896,-0.06620360165834427,0.8383599519729614,0.6420183777809143,-0.08167620003223419,0.7603715658187866,0.66893470287323,-0.019125230610370636,0.7104515433311462,0.5760661363601685,-0.0412440150976181,0.6823321580886841,0.5130147337913513,-0.06038966029882431,0.6605588793754578,0.4622500538825989,-0.07579795271158218,0.8083412051200867,0.6462353467941284,-0.021234704181551933,0.7874964475631714,0.5320064425468445,-0.06328131258487701,0.8008912205696106,0.5496305823326111,-0.0910182073712349,0.814307451248169,0.5900220274925232,-0.09963761270046234,0.8554195165634155,0.6443732976913452,-0.026437439024448395,0.8412303328514099,0.5488582849502563,-0.0651400163769722,0.8474910259246826,0.5717611312866211,-0.08296014368534088,0.8571224808692932,0.6178959608078003,-0.08412029594182968,0.901025652885437,0.6606673002243042,-0.03417602553963661,0.8807511925697327,0.5976369976997375,-0.06066768243908882,0.8742805123329163,0.5969960689544678,-0.0696379691362381,0.8744239807128906,0.617698073387146,-0.07001887261867523,ए
0.0,0.0,0.0,0.0,0.0,0.0,0.0,0.0,0.0,0.0,0.0,0.0,0.0,0.0,0.0,0.0,0.0,0.0,0.0,0.0,0.0,0.0,0.0,0.0,0.0,0.0,0.0,0.0,0.0,0.0,0.0,0.0,0.0,0.0,0.0,0.0,0.0,0.0,0.0,0.0,0.0,0.0,0.0,0.0,0.0,0.0,0.0,0.0,0.0,0.0,0.0,0.0,0.0,0.0,0.0,0.0,0.0,0.0,0.0,0.0,0.0,0.0,0.0,0.9096555113792419,0.8950920701026917,2.0723281579648756e-07,0.8477640151977539,0.8612631559371948,-0.032456040382385254,0.8024919629096985,0.7824127078056335,-0.049529168754816055,0.812857985496521,0.695506751537323,-0.06590575724840164,0.8402848243713379,0.6375132203102112,-0.08176258206367493,0.7630980610847473,0.674477219581604,-0.019393501803278923,0.7149010300636292,0.5806615948677063,-0.042579129338264465,0.6862621307373047,0.5157743692398071,-0.06409681588411331,0.6640326976776123,0.46454501152038574,-0.08159498870372772,0.8107109069824219,0.6519671082496643,-0.02191474847495556,0.7888513803482056,0.5328099131584167,-0.06323490291833878,0.7985009551048279,0.5439143180847168,-0.09195178747177124,0.8105786442756653,0.5828778147697449,-0.10234346985816956,0.8584187626838684,0.6506190896034241,-0.027262363582849503,0.8441118001937866,0.550926148891449,-0.062446996569633484,0.8451405167579651,0.5637187361717224,-0.07942363619804382,0.8523005843162537,0.6055023670196533,-0.08193197846412659,0.9057707786560059,0.6698995232582092,-0.035386525094509125,0.8877270221710205,0.6051936149597168,-0.059623852372169495,0.8759257197380066,0.5888316035270691,-0.0692923367023468,0.8700258135795593,0.5953676700592041,-0.07141830027103424,ए
0.0,0.0,0.0,0.0,0.0,0.0,0.0,0.0,0.0,0.0,0.0,0.0,0.0,0.0,0.0,0.0,0.0,0.0,0.0,0.0,0.0,0.0,0.0,0.0,0.0,0.0,0.0,0.0,0.0,0.0,0.0,0.0,0.0,0.0,0.0,0.0,0.0,0.0,0.0,0.0,0.0,0.0,0.0,0.0,0.0,0.0,0.0,0.0,0.0,0.0,0.0,0.0,0.0,0.0,0.0,0.0,0.0,0.0,0.0,0.0,0.0,0.0,0.0,0.9115015268325806,0.8949952125549316,1.5328170377415518e-07,0.8493989109992981,0.8664640784263611,-0.032276593148708344,0.802687406539917,0.7870872020721436,-0.0484614372253418,0.8137795329093933,0.7014599442481995,-0.06412238627672195,0.8406592011451721,0.644378662109375,-0.0796261802315712,0.7649654746055603,0.6736615300178528,-0.019573044031858444,0.7159483432769775,0.5798177719116211,-0.039417512714862823,0.6889165639877319,0.5162018537521362,-0.05754714831709862,0.6680188179016113,0.46458518505096436,-0.07285609841346741,0.8114899396896362,0.6512364745140076,-0.021713292226195335,0.7895839810371399,0.5392060279846191,-0.05924106761813164,0.8031323552131653,0.5541443228721619,-0.0858762115240097,0.8167523741722107,0.5916792750358582,-0.09606637805700302,0.857894778251648,0.6487181782722473,-0.026623636484146118,0.8395190238952637,0.5473212003707886,-0.06139107793569565,0.8456777930259705,0.5650492906570435,-0.07944688946008682,0.8565763235092163,0.6100429892539978,-0.08337077498435974,0.9035990834236145,0.6641497611999512,-0.03397012874484062,0.8795197606086731,0.5985281467437744,-0.05967298895120621,0.8748170137405396,0.5997495055198669,-0.06940531730651855,0.878174364566803,0.6240494251251221,-0.07162518799304962,ए
0.0,0.0,0.0,0.0,0.0,0.0,0.0,0.0,0.0,0.0,0.0,0.0,0.0,0.0,0.0,0.0,0.0,0.0,0.0,0.0,0.0,0.0,0.0,0.0,0.0,0.0,0.0,0.0,0.0,0.0,0.0,0.0,0.0,0.0,0.0,0.0,0.0,0.0,0.0,0.0,0.0,0.0,0.0,0.0,0.0,0.0,0.0,0.0,0.0,0.0,0.0,0.0,0.0,0.0,0.0,0.0,0.0,0.0,0.0,0.0,0.0,0.0,0.0,0.9096923470497131,0.8978335857391357,1.6523311785476835e-07,0.846276044845581,0.8672123551368713,-0.03342168778181076,0.7999215722084045,0.780559778213501,-0.047747902572155,0.8124341368675232,0.6933344006538391,-0.06166074052453041,0.840523898601532,0.6387506723403931,-0.07481256127357483,0.7617796659469604,0.6756104826927185,-0.013620088808238506,0.7120940089225769,0.5797844529151917,-0.03368960693478584,0.6846001148223877,0.5151481628417969,-0.05113440379500389,0.6640900373458862,0.4637507498264313,-0.06493356078863144,0.8104000091552734,0.6540708541870117,-0.014764285646378994,0.7933485507965088,0.537015438079834,-0.055576447397470474,0.8048807382583618,0.5574625134468079,-0.08209571242332458,0.8161798119544983,0.6006627082824707,-0.08932482451200485,0.8577812314033508,0.6505783796310425,-0.01933370530605316,0.8459126949310303,0.5541195869445801,-0.05755363032221794,0.8500052690505981,0.5789771676063538,-0.07502711564302444,0.8573676347732544,0.624912440776825,-0.07543312758207321,0.9031064510345459,0.6637787222862244,-0.026372617110610008,0.8832074403762817,0.5963168144226074,-0.05169884115457535,0.8756934404373169,0.5973455905914307,-0.05963124707341194,0.8742414712905884,0.6181977391242981,-0.05919817090034485,ए
0.0,0.0,0.0,0.0,0.0,0.0,0.0,0.0,0.0,0.0,0.0,0.0,0.0,0.0,0.0,0.0,0.0,0.0,0.0,0.0,0.0,0.0,0.0,0.0,0.0,0.0,0.0,0.0,0.0,0.0,0.0,0.0,0.0,0.0,0.0,0.0,0.0,0.0,0.0,0.0,0.0,0.0,0.0,0.0,0.0,0.0,0.0,0.0,0.0,0.0,0.0,0.0,0.0,0.0,0.0,0.0,0.0,0.0,0.0,0.0,0.0,0.0,0.0,0.9069279432296753,0.8966969847679138,1.4650007074124005e-07,0.8431750535964966,0.8666767477989197,-0.02942182496190071,0.7987591624259949,0.7847830057144165,-0.04413967952132225,0.8108331561088562,0.7012873888015747,-0.058482833206653595,0.8378913998603821,0.6473171710968018,-0.07264796644449234,0.7617807388305664,0.6771751642227173,-0.015255199745297432,0.7116010189056396,0.5805387496948242,-0.033875975757837296,0.6840498447418213,0.5157729983329773,-0.051600921899080276,0.6629700660705566,0.4639430046081543,-0.06682280451059341,0.8093680143356323,0.6563417315483093,-0.018317341804504395,0.7890779972076416,0.5472229719161987,-0.05579609423875809,0.7985897660255432,0.5581181049346924,-0.08267991244792938,0.809337854385376,0.5945807695388794,-0.09284349530935287,0.8562431335449219,0.6543840169906616,-0.024169251322746277,0.8383231163024902,0.5556691884994507,-0.05595166236162186,0.8372895121574402,0.5569946765899658,-0.07430265843868256,0.8406698107719421,0.5886759161949158,-0.07966462522745132,0.9030582904815674,0.6697700023651123,-0.03240341693162918,0.8810181021690369,0.6084325909614563,-0.05466599762439728,0.8706431984901428,0.5958275198936462,-0.06415887922048569,0.8660383820533752,0.603722095489502,-0.06733741611242294,ए
0.0,0.0,0.0,0.0,0.0,0.0,0.0,0.0,0.0,0.0,0.0,0.0,0.0,0.0,0.0,0.0,0.0,0.0,0.0,0.0,0.0,0.0,0.0,0.0,0.0,0.0,0.0,0.0,0.0,0.0,0.0,0.0,0.0,0.0,0.0,0.0,0.0,0.0,0.0,0.0,0.0,0.0,0.0,0.0,0.0,0.0,0.0,0.0,0.0,0.0,0.0,0.0,0.0,0.0,0.0,0.0,0.0,0.0,0.0,0.0,0.0,0.0,0.0,0.9073181748390198,0.8948918581008911,1.4385946656148008e-07,0.8450420498847961,0.8667397499084473,-0.030589286237955093,0.7969315648078918,0.7840702533721924,-0.045091886073350906,0.8092913627624512,0.6987975835800171,-0.05998056381940842,0.8357128500938416,0.6426214575767517,-0.07515770196914673,0.7587360143661499,0.6754356622695923,-0.017533671110868454,0.7085787057876587,0.5809903144836426,-0.03906601667404175,0.6811689138412476,0.5169157981872559,-0.05757666379213333,0.6592279076576233,0.4642854332923889,-0.07289770245552063,0.8063706159591675,0.6512265205383301,-0.02151038497686386,0.7829576134681702,0.5334405899047852,-0.06164399906992912,0.8009049296379089,0.5565465092658997,-0.08825390040874481,0.8164469003677368,0.598469614982605,-0.09692709892988205,0.8539729118347168,0.6484934687614441,-0.028179988265037537,0.8374800682067871,0.5472776889801025,-0.06670146435499191,0.8470042943954468,0.5790389180183411,-0.08265163004398346,0.8577056527137756,0.6288167238235474,-0.0831100195646286,0.9001801609992981,0.6652658581733704,-0.03702811896800995,0.8785440325737,0.5987590551376343,-0.06407715380191803,0.8759110569953918,0.6066420078277588,-0.07143307477235794,0.879432737827301,0.6334691047668457,-0.07098790258169174,ए
0.0,0.0,0.0,0.0,0.0,0.0,0.0,0.0,0.0,0.0,0.0,0.0,0.0,0.0,0.0,0.0,0.0,0.0,0.0,0.0,0.0,0.0,0.0,0.0,0.0,0.0,0.0,0.0,0.0,0.0,0.0,0.0,0.0,0.0,0.0,0.0,0.0,0.0,0.0,0.0,0.0,0.0,0.0,0.0,0.0,0.0,0.0,0.0,0.0,0.0,0.0,0.0,0.0,0.0,0.0,0.0,0.0,0.0,0.0,0.0,0.0,0.0,0.0,0.9041420817375183,0.896552324295044,1.8106491950220516e-07,0.8443467020988464,0.8679243326187134,-0.034252677112817764,0.7989442348480225,0.7886101007461548,-0.050652600824832916,0.8071436882019043,0.7019159197807312,-0.06644733250141144,0.8319085836410522,0.6435716152191162,-0.08173778653144836,0.7584793567657471,0.6761866211891174,-0.018567858263850212,0.7090880274772644,0.5817566514015198,-0.04002576321363449,0.6813095808029175,0.5165775418281555,-0.059142615646123886,0.6602044105529785,0.46349674463272095,-0.07499369978904724,0.8055488467216492,0.6512923836708069,-0.020268697291612625,0.7821475863456726,0.5392163991928101,-0.05941656231880188,0.7949283123016357,0.5501803159713745,-0.08701974898576736,0.8079668283462524,0.5826852321624756,-0.09740114957094193,0.8524776101112366,0.6475156545639038,-0.02523823082447052,0.8352208733558655,0.5502136945724487,-0.06264059245586395,0.8429011702537537,0.5697952508926392,-0.08039439469575882,0.8537254929542542,0.6127684712409973,-0.08304981887340546,0.8988857269287109,0.6622053384780884,-0.032844431698322296,0.8772781491279602,0.5979071855545044,-0.06024978309869766,0.8721381425857544,0.598132848739624,-0.07002194970846176,0.8733127117156982,0.6188831329345703,-0.07170531153678894,ए
0.0,0.0,0.0,0.0,0.0,0.0,0.0,0.0,0.0,0.0,0.0,0.0,0.0,0.0,0.0,0.0,0.0,0.0,0.0,0.0,0.0,0.0,0.0,0.0,0.0,0.0,0.0,0.0,0.0,0.0,0.0,0.0,0.0,0.0,0.0,0.0,0.0,0.0,0.0,0.0,0.0,0.0,0.0,0.0,0.0,0.0,0.0,0.0,0.0,0.0,0.0,0.0,0.0,0.0,0.0,0.0,0.0,0.0,0.0,0.0,0.0,0.0,0.0,0.906721830368042,0.8986437320709229,1.6234149313731905e-07,0.8425535559654236,0.8658400774002075,-0.029081692919135094,0.7950665354728699,0.7815306186676025,-0.04238545894622803,0.8058123588562012,0.6942242980003357,-0.05626349523663521,0.8325288891792297,0.6389148831367493,-0.07003594934940338,0.7585680484771729,0.6757054924964905,-0.012549960054457188,0.7082037329673767,0.5817250609397888,-0.03312770277261734,0.6805143356323242,0.5159788131713867,-0.052269097417593,0.658660888671875,0.4642377197742462,-0.06780952215194702,0.8063855767250061,0.6517382264137268,-0.016217000782489777,0.7839001417160034,0.5345419645309448,-0.05566079169511795,0.7959514856338501,0.5499241352081299,-0.08320070058107376,0.8080372214317322,0.589297354221344,-0.09233520925045013,0.8538486361503601,0.6479674577713013,-0.022748956456780434,0.836635172367096,0.5511287450790405,-0.058005236089229584,0.8403345942497253,0.5737259984016418,-0.07536299526691437,0.8482093214988708,0.6201295852661133,-0.07721307873725891,0.8999491930007935,0.6631837487220764,-0.03169471025466919,0.8778664469718933,0.5993030071258545,-0.05520779266953468,0.867750346660614,0.5944409966468811,-0.06382525712251663,0.86417555809021,0.6107128262519836,-0.06479416787624359,ए
0.0,0.0,0.0,0.0,0.0,0.0,0.0,0.0,0.0,0.0,0.0,0.0,0.0,0.0,0.0,0.0,0.0,0.0,0.0,0.0,0.0,0.0,0.0,0.0,0.0,0.0,0.0,0.0,0.0,0.0,0.0,0.0,0.0,0.0,0.0,0.0,0.0,0.0,0.0,0.0,0.0,0.0,0.0,0.0,0.0,0.0,0.0,0.0,0.0,0.0,0.0,0.0,0.0,0.0,0.0,0.0,0.0,0.0,0.0,0.0,0.0,0.0,0.0,0.9055957198143005,0.8971570134162903,2.029721315466304e-07,0.8425096273422241,0.8651778697967529,-0.03015858493745327,0.7953575253486633,0.7911621928215027,-0.045846469700336456,0.8042836785316467,0.7072997689247131,-0.06231456249952316,0.8298460245132446,0.6468837857246399,-0.07854124158620834,0.7601659297943115,0.6763272285461426,-0.01612556166946888,0.7091718912124634,0.582332968711853,-0.03731707111001015,0.6811756491661072,0.5172861814498901,-0.05602342635393143,0.6589246392250061,0.4651426076889038,-0.07131970673799515,0.8073102831840515,0.6527401208877563,-0.02054622769355774,0.786361575126648,0.5361682176589966,-0.05633172765374184,0.7959047555923462,0.5473876595497131,-0.08082040399312973,0.8049189448356628,0.5831010341644287,-0.09020727127790451,0.8547654151916504,0.6511192321777344,-0.028202569112181664,0.8412315249443054,0.5518001317977905,-0.0643177404999733,0.8461353182792664,0.582573413848877,-0.07910314202308655,0.8543991446495056,0.6351786851882935,-0.08007273077964783,0.9008117914199829,0.6688060164451599,-0.03828747197985649,0.8809807300567627,0.6044565439224243,-0.06394825130701065,0.8767910003662109,0.6200907230377197,-0.06981537491083145,0.8800959587097168,0.6580890417098999,-0.06884752959012985,ए
0.0,0.0,0.0,0.0,0.0,0.0,0.0,0.0,0.0,0.0,0.0,0.0,0.0,0.0,0.0,0.0,0.0,0.0,0.0,0.0,0.0,0.0,0.0,0.0,0.0,0.0,0.0,0.0,0.0,0.0,0.0,0.0,0.0,0.0,0.0,0.0,0.0,0.0,0.0,0.0,0.0,0.0,0.0,0.0,0.0,0.0,0.0,0.0,0.0,0.0,0.0,0.0,0.0,0.0,0.0,0.0,0.0,0.0,0.0,0.0,0.0,0.0,0.0,0.904465913772583,0.8954933285713196,1.2890625100681063e-07,0.8389949202537537,0.8678575754165649,-0.02897634357213974,0.7901915907859802,0.7863936424255371,-0.0423685759305954,0.8036026358604431,0.6999529004096985,-0.05642663687467575,0.8337375521659851,0.6462054252624512,-0.07090680301189423,0.7578136920928955,0.6741127371788025,-0.016164150089025497,0.7080870866775513,0.5795314908027649,-0.037135105580091476,0.680522620677948,0.5156827569007874,-0.05544806644320488,0.6587628722190857,0.464840292930603,-0.07059551775455475,0.8069657683372498,0.6505459547042847,-0.0208713561296463,0.7839828133583069,0.532383918762207,-0.0598527155816555,0.7958568930625916,0.5521548986434937,-0.08544810116291046,0.8074526786804199,0.5949686765670776,-0.09369350969791412,0.8549356460571289,0.6485406756401062,-0.028375739231705666,0.8403505682945251,0.5491760969161987,-0.06587007641792297,0.8445086479187012,0.5778563618659973,-0.08258490264415741,0.8517410159111023,0.6279032826423645,-0.08388112485408783,0.9009973406791687,0.6653925776481628,-0.03801043704152107,0.8788674473762512,0.6033179759979248,-0.06436024606227875,0.8720567226409912,0.6138433814048767,-0.0720895305275917,0.8725578784942627,0.6445815563201904,-0.07210050523281097,ए
0.0,0.0,0.0,0.0,0.0,0.0,0.0,0.0,0.0,0.0,0.0,0.0,0.0,0.0,0.0,0.0,0.0,0.0,0.0,0.0,0.0,0.0,0.0,0.0,0.0,0.0,0.0,0.0,0.0,0.0,0.0,0.0,0.0,0.0,0.0,0.0,0.0,0.0,0.0,0.0,0.0,0.0,0.0,0.0,0.0,0.0,0.0,0.0,0.0,0.0,0.0,0.0,0.0,0.0,0.0,0.0,0.0,0.0,0.0,0.0,0.0,0.0,0.0,0.9061232209205627,0.8953293561935425,1.6243089362433238e-07,0.843032956123352,0.8660025596618652,-0.03224509581923485,0.793230414390564,0.7854950428009033,-0.04791327938437462,0.8022162318229675,0.6972805857658386,-0.06399544328451157,0.8323190808296204,0.6414700746536255,-0.07988814264535904,0.7569421529769897,0.6752932071685791,-0.017146827653050423,0.7067770957946777,0.5795780420303345,-0.04107867181301117,0.6789292693138123,0.5143471360206604,-0.06036536768078804,0.6570799350738525,0.4623919129371643,-0.07512369006872177,0.805142879486084,0.6508737206459045,-0.020498303696513176,0.7844374775886536,0.5294621586799622,-0.06639879941940308,0.8011390566825867,0.5558417439460754,-0.09367340803146362,0.8165524005889893,0.6038965582847595,-0.09961353242397308,0.8528810143470764,0.6469395756721497,-0.026848291978240013,0.8377290368080139,0.5497027635574341,-0.06973159313201904,0.8458275198936462,0.586139440536499,-0.08476417511701584,0.8567093014717102,0.6393226385116577,-0.08130881935358047,0.8986617922782898,0.6624886989593506,-0.035522542893886566,0.8764415979385376,0.5989218354225159,-0.06372545659542084,0.868547797203064,0.5969703197479248,-0.0708484873175621,0.8675276041030884,0.6141079068183899,-0.06839940696954727,ए
0.0,0.0,0.0,0.0,0.0,0.0,0.0,0.0,0.0,0.0,0.0,0.0,0.0,0.0,0.0,0.0,0.0,0.0,0.0,0.0,0.0,0.0,0.0,0.0,0.0,0.0,0.0,0.0,0.0,0.0,0.0,0.0,0.0,0.0,0.0,0.0,0.0,0.0,0.0,0.0,0.0,0.0,0.0,0.0,0.0,0.0,0.0,0.0,0.0,0.0,0.0,0.0,0.0,0.0,0.0,0.0,0.0,0.0,0.0,0.0,0.0,0.0,0.0,0.9043558239936829,0.899608850479126,1.9023099184778403e-07,0.8375821709632874,0.8672763705253601,-0.02883695252239704,0.7902717590332031,0.7845684289932251,-0.04172564297914505,0.8007786273956299,0.6961567401885986,-0.055239565670490265,0.8311607241630554,0.6422837376594543,-0.06851518899202347,0.7577712535858154,0.6808101534843445,-0.012367628514766693,0.7065130472183228,0.5821411609649658,-0.03143129125237465,0.6776834726333618,0.5147792100906372,-0.04922318831086159,0.6548159122467041,0.4627891182899475,-0.06416699290275574,0.8068294525146484,0.6576052308082581,-0.016239920631051064,0.7880989909172058,0.539289653301239,-0.05185136944055557,0.7916431427001953,0.5445944666862488,-0.0771171972155571,0.7962771654129028,0.5781540870666504,-0.08667706698179245,0.8546403050422668,0.6546911001205444,-0.023327499628067017,0.8402172923088074,0.5558065176010132,-0.05667509883642197,0.8399431705474854,0.5710926651954651,-0.07386503368616104,0.8454612493515015,0.6151673197746277,-0.07696714997291565,0.9000927805900574,0.670186460018158,-0.032881882041692734,0.8784914612770081,0.6039029359817505,-0.0556960254907608,0.8675745725631714,0.6003519892692566,-0.06398986279964447,0.8644132018089294,0.621097207069397,-0.06560644507408142,ए
0.0,0.0,0.0,0.0,0.0,0.0,0.0,0.0,0.0,0.0,0.0,0.0,0.0,0.0,0.0,0.0,0.0,0.0,0.0,0.0,0.0,0.0,0.0,0.0,0.0,0.0,0.0,0.0,0.0,0.0,0.0,0.0,0.0,0.0,0.0,0.0,0.0,0.0,0.0,0.0,0.0,0.0,0.0,0.0,0.0,0.0,0.0,0.0,0.0,0.0,0.0,0.0,0.0,0.0,0.0,0.0,0.0,0.0,0.0,0.0,0.0,0.0,0.0,0.8995881080627441,0.9017603993415833,1.6563160443183733e-07,0.8364551067352295,0.8732893466949463,-0.02737111784517765,0.7851257920265198,0.7906827330589294,-0.039502501487731934,0.7955341339111328,0.702308714389801,-0.052563246339559555,0.8254971504211426,0.6455679535865784,-0.06583485752344131,0.7541057467460632,0.6806771755218506,-0.013950862921774387,0.7030600309371948,0.583680272102356,-0.0334990955889225,0.6754906177520752,0.516637921333313,-0.050921376794576645,0.6528046131134033,0.4643119275569916,-0.06560837477445602,0.8019887804985046,0.6566437482833862,-0.01855422928929329,0.7818807363510132,0.5381507277488708,-0.05369557812809944,0.789680004119873,0.5464074611663818,-0.07746289670467377,0.7965046167373657,0.578932523727417,-0.08616117388010025,0.8492217659950256,0.6537202596664429,-0.026096394285559654,0.8359439373016357,0.5542593002319336,-0.0614425390958786,0.8388701677322388,0.5829442143440247,-0.07693690806627274,0.8450106382369995,0.6330558657646179,-0.07832922786474228,0.8947330713272095,0.668985903263092,-0.03571171313524246,0.8727704286575317,0.6066097021102905,-0.06123657524585724,0.8646311163902283,0.6166839599609375,-0.06861820816993713,0.8637117743492126,0.6460413336753845,-0.06896397471427917,ए
0.0,0.0,0.0,0.0,0.0,0.0,0.0,0.0,0.0,0.0,0.0,0.0,0.0,0.0,0.0,0.0,0.0,0.0,0.0,0.0,0.0,0.0,0.0,0.0,0.0,0.0,0.0,0.0,0.0,0.0,0.0,0.0,0.0,0.0,0.0,0.0,0.0,0.0,0.0,0.0,0.0,0.0,0.0,0.0,0.0,0.0,0.0,0.0,0.0,0.0,0.0,0.0,0.0,0.0,0.0,0.0,0.0,0.0,0.0,0.0,0.0,0.0,0.0,0.8981411457061768,0.891581118106842,1.7392851248132501e-07,0.8354610204696655,0.8663924336433411,-0.03175089880824089,0.7843960523605347,0.7908137440681458,-0.04732701927423477,0.7924718260765076,0.7050886750221252,-0.06290692836046219,0.8200869560241699,0.6476023197174072,-0.07838448137044907,0.75150066614151,0.674204409122467,-0.02079477347433567,0.6996160745620728,0.5803688168525696,-0.04294981062412262,0.6706280708312988,0.5150101184844971,-0.061711251735687256,0.6480129957199097,0.4636372923851013,-0.07682165503501892,0.800309956073761,0.6501567959785461,-0.02390969544649124,0.7800748348236084,0.5340813994407654,-0.06268975883722305,0.7887960076332092,0.545783519744873,-0.08770351111888885,0.7963203191757202,0.5814939141273499,-0.09633783251047134,0.8478246331214905,0.6476031541824341,-0.03008696809411049,0.8336376547813416,0.5531130433082581,-0.0682707354426384,0.8375990390777588,0.5824626684188843,-0.0842459499835968,0.8441805839538574,0.6324556469917297,-0.08501995354890823,0.8932347297668457,0.6637830138206482,-0.038597915321588516,0.8703327775001526,0.6004132032394409,-0.06562088429927826,0.8636669516563416,0.6088125705718994,-0.07325155287981033,0.8639240860939026,0.6375502347946167,-0.07312850654125214,ए
0.0,0.0,0.0,0.0,0.0,0.0,0.0,0.0,0.0,0.0,0.0,0.0,0.0,0.0,0.0,0.0,0.0,0.0,0.0,0.0,0.0,0.0,0.0,0.0,0.0,0.0,0.0,0.0,0.0,0.0,0.0,0.0,0.0,0.0,0.0,0.0,0.0,0.0,0.0,0.0,0.0,0.0,0.0,0.0,0.0,0.0,0.0,0.0,0.0,0.0,0.0,0.0,0.0,0.0,0.0,0.0,0.0,0.0,0.0,0.0,0.0,0.0,0.0,0.8976341485977173,0.8968572020530701,1.8310075233785028e-07,0.8315681219100952,0.8650423288345337,-0.030731091275811195,0.7817944884300232,0.7811635732650757,-0.04373046010732651,0.7947644591331482,0.6923289895057678,-0.05760440602898598,0.827050507068634,0.6406526565551758,-0.07152577489614487,0.7513580322265625,0.6768829226493835,-0.01350914966315031,0.7001752257347107,0.5802216529846191,-0.03454992175102234,0.6712135672569275,0.5139910578727722,-0.05335129424929619,0.6478102207183838,0.4607500433921814,-0.06906380504369736,0.8003424406051636,0.6514063477516174,-0.01716122031211853,0.778921365737915,0.5337694883346558,-0.05658428743481636,0.7904446125030518,0.5485564470291138,-0.08328885585069656,0.8008296489715576,0.5853812098503113,-0.0923701748251915,0.8482590913772583,0.6478504538536072,-0.02415189892053604,0.8331537842750549,0.5497634410858154,-0.06255798786878586,0.8382419347763062,0.5803277492523193,-0.08040208369493484,0.8472040891647339,0.6317452192306519,-0.08178897202014923,0.8938689231872559,0.6629647612571716,-0.03358720615506172,0.8709741830825806,0.6007485389709473,-0.06100364029407501,0.8626664280891418,0.6099616289138794,-0.07058237493038177,0.86309415102005,0.6401033401489258,-0.0715520828962326,ए
0.0,0.0,0.0,0.0,0.0,0.0,0.0,0.0,0.0,0.0,0.0,0.0,0.0,0.0,0.0,0.0,0.0,0.0,0.0,0.0,0.0,0.0,0.0,0.0,0.0,0.0,0.0,0.0,0.0,0.0,0.0,0.0,0.0,0.0,0.0,0.0,0.0,0.0,0.0,0.0,0.0,0.0,0.0,0.0,0.0,0.0,0.0,0.0,0.0,0.0,0.0,0.0,0.0,0.0,0.0,0.0,0.0,0.0,0.0,0.0,0.0,0.0,0.0,0.8955304622650146,0.897261381149292,1.9715889720828272e-07,0.8305234909057617,0.8629665374755859,-0.03033217415213585,0.7806001901626587,0.7846288681030273,-0.04426904767751694,0.7872745394706726,0.6967602372169495,-0.05958876013755798,0.8186079859733582,0.6401740312576294,-0.07466251403093338,0.7495174407958984,0.6783442497253418,-0.010923606343567371,0.697517454624176,0.5822998285293579,-0.03311292827129364,0.6680212020874023,0.5152505040168762,-0.052345119416713715,0.644737720489502,0.4620630741119385,-0.06769001483917236,0.7974646091461182,0.6532182097434998,-0.015369150787591934,0.7754434943199158,0.531883955001831,-0.0559193380177021,0.7840911149978638,0.5460770726203918,-0.08240006864070892,0.7932001948356628,0.5837212204933167,-0.09036713093519211,0.8449565172195435,0.6496518850326538,-0.023443246260285378,0.8296167254447937,0.5540754199028015,-0.06282913684844971,0.8331776261329651,0.588782787322998,-0.07850058376789093,0.8418903946876526,0.64129638671875,-0.07712613046169281,0.8904932141304016,0.6656777858734131,-0.03402179479598999,0.8673356771469116,0.5989157557487488,-0.05972554162144661,0.8571044206619263,0.6042018532752991,-0.06668907403945923,0.8556441068649292,0.6305978894233704,-0.06542807817459106,ए
0.0,0.0,0.0,0.0,0.0,0.0,0.0,0.0,0.0,0.0,0.0,0.0,0.0,0.0,0.0,0.0,0.0,0.0,0.0,0.0,0.0,0.0,0.0,0.0,0.0,0.0,0.0,0.0,0.0,0.0,0.0,0.0,0.0,0.0,0.0,0.0,0.0,0.0,0.0,0.0,0.0,0.0,0.0,0.0,0.0,0.0,0.0,0.0,0.0,0.0,0.0,0.0,0.0,0.0,0.0,0.0,0.0,0.0,0.0,0.0,0.0,0.0,0.0,0.8954182863235474,0.8989825248718262,1.713973460937268e-07,0.8312845826148987,0.8702830076217651,-0.029524756595492363,0.7801220417022705,0.7921167612075806,-0.04285696893930435,0.7872729301452637,0.7057058215141296,-0.057541169226169586,0.814749538898468,0.6489080190658569,-0.07227452844381332,0.7461363077163696,0.6797797679901123,-0.011644609272480011,0.6944554448127747,0.5835117697715759,-0.0321664996445179,0.6662863492965698,0.5180125832557678,-0.04963432624936104,0.6440590023994446,0.46553748846054077,-0.06353019177913666,0.7936251759529114,0.6547532677650452,-0.015578755177557468,0.7699509263038635,0.536803662776947,-0.05370915308594704,0.7826554179191589,0.5505080819129944,-0.07888925075531006,0.7942547798156738,0.5858743190765381,-0.08673904836177826,0.8405827879905701,0.6493273973464966,-0.02286982163786888,0.8233519792556763,0.5531205534934998,-0.061806902289390564,0.8323510885238647,0.5906463265419006,-0.07709184288978577,0.8435575366020203,0.6437915563583374,-0.07582008093595505,0.8856677412986755,0.6611968278884888,-0.0323454849421978,0.8597804307937622,0.5915799736976624,-0.058684926480054855,0.8549110293388367,0.6029484272003174,-0.06498095393180847,0.8580707311630249,0.6335098147392273,-0.06320001184940338,ए
0.0,0.0,0.0,0.0,0.0,0.0,0.0,0.0,0.0,0.0,0.0,0.0,0.0,0.0,0.0,0.0,0.0,0.0,0.0,0.0,0.0,0.0,0.0,0.0,0.0,0.0,0.0,0.0,0.0,0.0,0.0,0.0,0.0,0.0,0.0,0.0,0.0,0.0,0.0,0.0,0.0,0.0,0.0,0.0,0.0,0.0,0.0,0.0,0.0,0.0,0.0,0.0,0.0,0.0,0.0,0.0,0.0,0.0,0.0,0.0,0.0,0.0,0.0,0.8970804214477539,0.8976695537567139,1.8361672005084984e-07,0.8315794467926025,0.8672473430633545,-0.030819812789559364,0.779712975025177,0.7868600487709045,-0.045841947197914124,0.7877445816993713,0.6977396607398987,-0.06171648949384689,0.8202555179595947,0.6430525183677673,-0.07732082158327103,0.7459285259246826,0.6776334643363953,-0.015116242691874504,0.6951898336410522,0.581436812877655,-0.03737230971455574,0.6665476560592651,0.5163537859916687,-0.05604841560125351,0.6432283520698547,0.4650248885154724,-0.07104326039552689,0.7930400967597961,0.6519358158111572,-0.019403578713536263,0.7697947025299072,0.5284581184387207,-0.060670021921396255,0.783556342124939,0.5498517751693726,-0.08580425381660461,0.7966354489326477,0.5946725010871887,-0.09214767813682556,0.8403463959693909,0.6470196843147278,-0.02688060700893402,0.825257420539856,0.548854410648346,-0.06515862047672272,0.8298830389976501,0.58218914270401,-0.0795847699046135,0.8379406332969666,0.6336790323257446,-0.07777132838964462,0.8858807682991028,0.6613329648971558,-0.03691891208291054,0.8638113141059875,0.5963361263275146,-0.06152114272117615,0.8559659123420715,0.6035090088844299,-0.0675048828125,0.8561410903930664,0.6312127113342285,-0.06560181081295013,ए
0.0,0.0,0.0,0.0,0.0,0.0,0.0,0.0,0.0,0.0,0.0,0.0,0.0,0.0,0.0,0.0,0.0,0.0,0.0,0.0,0.0,0.0,0.0,0.0,0.0,0.0,0.0,0.0,0.0,0.0,0.0,0.0,0.0,0.0,0.0,0.0,0.0,0.0,0.0,0.0,0.0,0.0,0.0,0.0,0.0,0.0,0.0,0.0,0.0,0.0,0.0,0.0,0.0,0.0,0.0,0.0,0.0,0.0,0.0,0.0,0.0,0.0,0.0,0.8978191018104553,0.8949850797653198,1.6118353585170553e-07,0.833861231803894,0.8638356924057007,-0.03083067573606968,0.7815521955490112,0.7856588363647461,-0.04641430452466011,0.7887914180755615,0.6988048553466797,-0.06313395500183105,0.8185907006263733,0.6408647894859314,-0.07973314076662064,0.7486081719398499,0.6807578206062317,-0.016459079459309578,0.6969437599182129,0.5847192406654358,-0.040306251496076584,0.6676687002182007,0.5193575024604797,-0.06057852879166603,0.6437845826148987,0.4672735929489136,-0.07665884494781494,0.7960339188575745,0.6549133658409119,-0.02087239921092987,0.7744401097297668,0.5346231460571289,-0.06265262514352798,0.7846023440361023,0.5551862716674805,-0.08869001269340515,0.7940800189971924,0.5963600873947144,-0.09662877023220062,0.8433362245559692,0.6495935916900635,-0.0285025704652071,0.8281847238540649,0.5488204956054688,-0.06714189052581787,0.8316774964332581,0.5868860483169556,-0.08029033988714218,0.8396158218383789,0.641289234161377,-0.07812885195016861,0.8894670009613037,0.6637598276138306,-0.038813043385744095,0.8677889108657837,0.5967273712158203,-0.0637308657169342,0.8592562079429626,0.6047132015228271,-0.06901238113641739,0.8593820333480835,0.631897509098053,-0.06696265190839767,ए
0.0,0.0,0.0,0.0,0.0,0.0,0.0,0.0,0.0,0.0,0.0,0.0,0.0,0.0,0.0,0.0,0.0,0.0,0.0,0.0,0.0,0.0,0.0,0.0,0.0,0.0,0.0,0.0,0.0,0.0,0.0,0.0,0.0,0.0,0.0,0.0,0.0,0.0,0.0,0.0,0.0,0.0,0.0,0.0,0.0,0.0,0.0,0.0,0.0,0.0,0.0,0.0,0.0,0.0,0.0,0.0,0.0,0.0,0.0,0.0,0.0,0.0,0.0,0.8962870836257935,0.8932468891143799,1.5099982419997104e-07,0.8332959413528442,0.8654765486717224,-0.02893741801381111,0.7816282510757446,0.7853531837463379,-0.041406501084566116,0.789447009563446,0.6963898539543152,-0.0548643097281456,0.8173220157623291,0.6395066976547241,-0.06816591322422028,0.7472023367881775,0.6753930449485779,-0.010794964618980885,0.6959406137466431,0.580471932888031,-0.030383441597223282,0.6676915884017944,0.5150976181030273,-0.048015762120485306,0.6451374292373657,0.4625930190086365,-0.06275864690542221,0.7942231297492981,0.6508910059928894,-0.014817356131970882,0.7720743417739868,0.5339693427085876,-0.05282607674598694,0.7829298973083496,0.5466229319572449,-0.07871342450380325,0.7935550212860107,0.5825408697128296,-0.08735831081867218,0.8415259718894958,0.6468937993049622,-0.02208082564175129,0.8257260322570801,0.5505244135856628,-0.05945485085248947,0.8311173915863037,0.5781184434890747,-0.07664806395769119,0.8398900032043457,0.6267894506454468,-0.07801803946495056,0.8877474069595337,0.6612277626991272,-0.03155750781297684,0.864092230796814,0.5980230569839478,-0.058191847056150436,0.8563677668571472,0.6068458557128906,-0.06684397161006927,0.8566635847091675,0.6359872221946716,-0.06748179346323013,ए
0.0,0.0,0.0,0.0,0.0,0.0,0.0,0.0,0.0,0.0,0.0,0.0,0.0,0.0,0.0,0.0,0.0,0.0,0.0,0.0,0.0,0.0,0.0,0.0,0.0,0.0,0.0,0.0,0.0,0.0,0.0,0.0,0.0,0.0,0.0,0.0,0.0,0.0,0.0,0.0,0.0,0.0,0.0,0.0,0.0,0.0,0.0,0.0,0.0,0.0,0.0,0.0,0.0,0.0,0.0,0.0,0.0,0.0,0.0,0.0,0.0,0.0,0.0,0.8969305157661438,0.8914913535118103,1.0144331241690452e-07,0.8336076140403748,0.8653661012649536,-0.03079223446547985,0.780007004737854,0.7890684008598328,-0.044920142740011215,0.787555992603302,0.7009141445159912,-0.059690166264772415,0.8185833096504211,0.6451176404953003,-0.07438383251428604,0.7452545166015625,0.6717162728309631,-0.01593780890107155,0.6953669786453247,0.5775968432426453,-0.037834834307432175,0.6682980060577393,0.5142852067947388,-0.0546238087117672,0.6458578109741211,0.46289384365081787,-0.06769725680351257,0.793004035949707,0.646135151386261,-0.0195468682795763,0.7711719870567322,0.5256150364875793,-0.06072080135345459,0.7894110083580017,0.5583660006523132,-0.08284616470336914,0.803123950958252,0.6080427765846252,-0.08598403632640839,0.8399485945701599,0.6414193511009216,-0.026353461667895317,0.8262453079223633,0.5485292077064514,-0.0666351318359375,0.836246907711029,0.5924710631370544,-0.07793841511011124,0.8456485867500305,0.645808219909668,-0.07240774482488632,0.8844307065010071,0.6554893255233765,-0.03543318808078766,0.8617349863052368,0.5918104648590088,-0.06081724539399147,0.8585869073867798,0.6093152761459351,-0.06373309344053268,0.8615807294845581,0.6428049802780151,-0.058655187487602234,ए
0.0,0.0,0.0,0.0,0.0,0.0,0.0,0.0,0.0,0.0,0.0,0.0,0.0,0.0,0.0,0.0,0.0,0.0,0.0,0.0,0.0,0.0,0.0,0.0,0.0,0.0,0.0,0.0,0.0,0.0,0.0,0.0,0.0,0.0,0.0,0.0,0.0,0.0,0.0,0.0,0.0,0.0,0.0,0.0,0.0,0.0,0.0,0.0,0.0,0.0,0.0,0.0,0.0,0.0,0.0,0.0,0.0,0.0,0.0,0.0,0.0,0.0,0.0,0.8954572081565857,0.8927696943283081,1.9214418500723696e-07,0.8307653069496155,0.8625020384788513,-0.03012540005147457,0.779555082321167,0.7854986190795898,-0.04388749599456787,0.7862352728843689,0.6988272666931152,-0.05890795588493347,0.813430905342102,0.6400407552719116,-0.07375660538673401,0.7480934858322144,0.6780949831008911,-0.01316643226891756,0.6964676380157471,0.583512008190155,-0.03562168404459953,0.6673574447631836,0.519067645072937,-0.054047971963882446,0.6436224579811096,0.4669063687324524,-0.06859888881444931,0.7959203124046326,0.6526573896408081,-0.017819080501794815,0.7741865515708923,0.5319615602493286,-0.05769789218902588,0.7845690250396729,0.5469130277633667,-0.08177521079778671,0.7939877510070801,0.5840907096862793,-0.08830272406339645,0.8436152338981628,0.6486507654190063,-0.026102058589458466,0.8306354284286499,0.5550197958946228,-0.06655462831258774,0.8357124328613281,0.5969497561454773,-0.0800551176071167,0.8430436849594116,0.6511698365211487,-0.0772019550204277,0.8893628120422363,0.6635245084762573,-0.03674975782632828,0.8681145310401917,0.6014754772186279,-0.06388693302869797,0.8619353175163269,0.6230815649032593,-0.06874500960111618,0.8629684448242188,0.6609180569648743,-0.06570693850517273,ए
0.0,0.0,0.0,0.0,0.0,0.0,0.0,0.0,0.0,0.0,0.0,0.0,0.0,0.0,0.0,0.0,0.0,0.0,0.0,0.0,0.0,0.0,0.0,0.0,0.0,0.0,0.0,0.0,0.0,0.0,0.0,0.0,0.0,0.0,0.0,0.0,0.0,0.0,0.0,0.0,0.0,0.0,0.0,0.0,0.0,0.0,0.0,0.0,0.0,0.0,0.0,0.0,0.0,0.0,0.0,0.0,0.0,0.0,0.0,0.0,0.0,0.0,0.0,0.8942819833755493,0.8947230577468872,1.4026710459802416e-07,0.8309968709945679,0.865868091583252,-0.028393058106303215,0.778955340385437,0.788733720779419,-0.04156548157334328,0.7878199219703674,0.7008556723594666,-0.0557950884103775,0.8168970942497253,0.6431506872177124,-0.07019106298685074,0.7458212971687317,0.6761878132820129,-0.013602384366095066,0.6944693922996521,0.5812236070632935,-0.03371944651007652,0.6667641401290894,0.5166629552841187,-0.05140304937958717,0.6442704200744629,0.4642829895019531,-0.06634976714849472,0.7928622364997864,0.6502792239189148,-0.018109867349267006,0.7693157196044922,0.5317161679267883,-0.05548226460814476,0.7859854698181152,0.5547760128974915,-0.07931733131408691,0.7995393872261047,0.5991179347038269,-0.08651366084814072,0.8400349020957947,0.6464023590087891,-0.025560811161994934,0.8246269822120667,0.5491465330123901,-0.061674442142248154,0.8330912590026855,0.5861870646476746,-0.07476288080215454,0.8423919677734375,0.6402013301849365,-0.07353556901216507,0.8857361674308777,0.6621438264846802,-0.03533560037612915,0.863266110420227,0.596291184425354,-0.06055421754717827,0.8595030307769775,0.6130737662315369,-0.06611152738332748,0.8626399636268616,0.650156557559967,-0.06447199732065201,ए
0.0,0.0,0.0,0.0,0.0,0.0,0.0,0.0,0.0,0.0,0.0,0.0,0.0,0.0,0.0,0.0,0.0,0.0,0.0,0.0,0.0,0.0,0.0,0.0,0.0,0.0,0.0,0.0,0.0,0.0,0.0,0.0,0.0,0.0,0.0,0.0,0.0,0.0,0.0,0.0,0.0,0.0,0.0,0.0,0.0,0.0,0.0,0.0,0.0,0.0,0.0,0.0,0.0,0.0,0.0,0.0,0.0,0.0,0.0,0.0,0.0,0.0,0.0,0.8970938920974731,0.892682671546936,8.50624388704091e-08,0.8346274495124817,0.8688583374023438,-0.032526616007089615,0.7810551524162292,0.7925617694854736,-0.04799910634756088,0.7867741584777832,0.7047913074493408,-0.06377074122428894,0.8167372345924377,0.648189902305603,-0.07903993874788284,0.7445211410522461,0.6763653755187988,-0.015652576461434364,0.6939019560813904,0.5798075795173645,-0.03694026172161102,0.6662369966506958,0.5157157182693481,-0.05450146272778511,0.6441026329994202,0.46446239948272705,-0.06872331351041794,0.7919988036155701,0.6521212458610535,-0.017993567511439323,0.7708912491798401,0.5424217581748962,-0.06074962019920349,0.7882358431816101,0.5742483139038086,-0.08590158820152283,0.8030180335044861,0.6220259666442871,-0.09184742718935013,0.8390231728553772,0.6466776728630066,-0.02367527037858963,0.8220895528793335,0.5542201995849609,-0.06364144384860992,0.8307952880859375,0.5882276892662048,-0.07835061103105545,0.8420332670211792,0.6383470892906189,-0.07640764117240906,0.8847246170043945,0.6586003303527832,-0.031805288046598434,0.8598664999008179,0.5942963361740112,-0.05847340449690819,0.8528438806533813,0.5971802473068237,-0.0658821389079094,0.8535661697387695,0.6179885268211365,-0.06469754129648209,ए
0.0,0.0,0.0,0.0,0.0,0.0,0.0,0.0,0.0,0.0,0.0,0.0,0.0,0.0,0.0,0.0,0.0,0.0,0.0,0.0,0.0,0.0,0.0,0.0,0.0,0.0,0.0,0.0,0.0,0.0,0.0,0.0,0.0,0.0,0.0,0.0,0.0,0.0,0.0,0.0,0.0,0.0,0.0,0.0,0.0,0.0,0.0,0.0,0.0,0.0,0.0,0.0,0.0,0.0,0.0,0.0,0.0,0.0,0.0,0.0,0.0,0.0,0.0,0.8989413380622864,0.8954293131828308,1.4746271403964784e-07,0.8343994617462158,0.8666279911994934,-0.030657803639769554,0.780269980430603,0.7904437184333801,-0.045188724994659424,0.7838493585586548,0.7027066946029663,-0.061167459934949875,0.8146656155586243,0.646963894367218,-0.07700630277395248,0.7484609484672546,0.6797748804092407,-0.015404035337269306,0.6966618895530701,0.5835078358650208,-0.03893064334988594,0.6677781939506531,0.5181928277015686,-0.05743718519806862,0.6442316174507141,0.46494343876838684,-0.0716690644621849,0.7959598302841187,0.6516399383544922,-0.019968993961811066,0.773711085319519,0.5270086526870728,-0.06291487067937851,0.7890430688858032,0.5536057353019714,-0.08702044934034348,0.8011904358863831,0.602324903011322,-0.09159550070762634,0.842801570892334,0.6454172730445862,-0.027782654389739037,0.827332615852356,0.5516979098320007,-0.06954900920391083,0.8345170021057129,0.6003170609474182,-0.0815272405743599,0.8434203863143921,0.661374568939209,-0.07599308341741562,0.8869646191596985,0.6591284275054932,-0.03804805502295494,0.8635824918746948,0.595189094543457,-0.06444688141345978,0.8582589626312256,0.6118063926696777,-0.0680641159415245,0.8610306978225708,0.6490519642829895,-0.06322280317544937,ए
0.0,0.0,0.0,0.0,0.0,0.0,0.0,0.0,0.0,0.0,0.0,0.0,0.0,0.0,0.0,0.0,0.0,0.0,0.0,0.0,0.0,0.0,0.0,0.0,0.0,0.0,0.0,0.0,0.0,0.0,0.0,0.0,0.0,0.0,0.0,0.0,0.0,0.0,0.0,0.0,0.0,0.0,0.0,0.0,0.0,0.0,0.0,0.0,0.0,0.0,0.0,0.0,0.0,0.0,0.0,0.0,0.0,0.0,0.0,0.0,0.0,0.0,0.0,0.8979854583740234,0.8905894756317139,1.2178867336842814e-07,0.83186936378479,0.859724760055542,-0.031351711601018906,0.780106246471405,0.7800778150558472,-0.04651470109820366,0.7882809638977051,0.6912845969200134,-0.06264138221740723,0.8183916211128235,0.6349172592163086,-0.0787140354514122,0.7468669414520264,0.6769528388977051,-0.014756091870367527,0.6963497400283813,0.5804402232170105,-0.037709854543209076,0.6680889129638672,0.5159310102462769,-0.05718110874295235,0.6456986665725708,0.4626665711402893,-0.07266316562891006,0.793333113193512,0.6507012248039246,-0.018360231071710587,0.768284261226654,0.5315965414047241,-0.06153381988406181,0.7855271100997925,0.5601695775985718,-0.08869407325983047,0.8015841841697693,0.6064266562461853,-0.09620301425457001,0.8401045203208923,0.6436203718185425,-0.024999912828207016,0.821331262588501,0.5450876951217651,-0.06520148366689682,0.8293354511260986,0.5816377997398376,-0.08027449250221252,0.8410021662712097,0.6347405910491943,-0.07849515974521637,0.885719358921051,0.6551594734191895,-0.03408569470047951,0.860554039478302,0.5855547189712524,-0.06023140996694565,0.8537532091140747,0.5894622802734375,-0.06675045937299728,0.8553217053413391,0.6136197447776794,-0.06509057432413101,ए
0.0,0.0,0.0,0.0,0.0,0.0,0.0,0.0,0.0,0.0,0.0,0.0,0.0,0.0,0.0,0.0,0.0,0.0,0.0,0.0,0.0,0.0,0.0,0.0,0.0,0.0,0.0,0.0,0.0,0.0,0.0,0.0,0.0,0.0,0.0,0.0,0.0,0.0,0.0,0.0,0.0,0.0,0.0,0.0,0.0,0.0,0.0,0.0,0.0,0.0,0.0,0.0,0.0,0.0,0.0,0.0,0.0,0.0,0.0,0.0,0.0,0.0,0.0,0.8911835551261902,0.8897836804389954,1.5124719254799857e-07,0.8258436918258667,0.8607761859893799,-0.02888810820877552,0.7755314111709595,0.7806674242019653,-0.042904701083898544,0.7867025136947632,0.6945961117744446,-0.05785616487264633,0.8194815516471863,0.6432715654373169,-0.07314003258943558,0.7447840571403503,0.6719719767570496,-0.016176864504814148,0.6933016777038574,0.5767261981964111,-0.036685023456811905,0.6647222638130188,0.5128744840621948,-0.054610475897789,0.6416422128677368,0.4612199664115906,-0.0697530135512352,0.7920853495597839,0.6471225023269653,-0.02052486315369606,0.7694753408432007,0.5289592742919922,-0.05911373719573021,0.780718982219696,0.5454913973808289,-0.08474355190992355,0.7912867069244385,0.5848989486694336,-0.0934511348605156,0.8389851450920105,0.6434071660041809,-0.027569623664021492,0.820405900478363,0.5440124869346619,-0.06413140147924423,0.8263186812400818,0.5733140707015991,-0.08050531148910522,0.836320161819458,0.624668300151825,-0.0817563384771347,0.8848123550415039,0.6583952307701111,-0.03690393269062042,0.8598632216453552,0.5960202813148499,-0.06257446110248566,0.851952075958252,0.602805495262146,-0.07102560997009277,0.852418839931488,0.6307839155197144,-0.07184524834156036,ए
0.0,0.0,0.0,0.0,0.0,0.0,0.0,0.0,0.0,0.0,0.0,0.0,0.0,0.0,0.0,0.0,0.0,0.0,0.0,0.0,0.0,0.0,0.0,0.0,0.0,0.0,0.0,0.0,0.0,0.0,0.0,0.0,0.0,0.0,0.0,0.0,0.0,0.0,0.0,0.0,0.0,0.0,0.0,0.0,0.0,0.0,0.0,0.0,0.0,0.0,0.0,0.0,0.0,0.0,0.0,0.0,0.0,0.0,0.0,0.0,0.0,0.0,0.0,0.8939297199249268,0.8938058614730835,1.590475875445918e-07,0.8288244009017944,0.864227294921875,-0.02787788212299347,0.776524007320404,0.7830636501312256,-0.04121930152177811,0.7847821116447449,0.6961187720298767,-0.05592487379908562,0.8164345026016235,0.6415025591850281,-0.07085881382226944,0.7449397444725037,0.676124095916748,-0.014278300106525421,0.6935239434242249,0.5815595984458923,-0.03539424017071724,0.6647776365280151,0.5168842077255249,-0.05379412695765495,0.6412678956985474,0.46548330783843994,-0.0688595250248909,0.7917703986167908,0.65040123462677,-0.01925572380423546,0.7680888175964355,0.5317937135696411,-0.057771094143390656,0.778920590877533,0.548021137714386,-0.08296293765306473,0.7898135185241699,0.5876696705818176,-0.09093137830495834,0.839374303817749,0.6463141441345215,-0.026969585567712784,0.8215409517288208,0.5460646748542786,-0.06357521563768387,0.8261845707893372,0.5798607468605042,-0.07828807830810547,0.8360214233398438,0.633778989315033,-0.07781290262937546,0.885726273059845,0.6617501378059387,-0.036946430802345276,0.8605377674102783,0.6001251339912415,-0.06204497441649437,0.851017951965332,0.6066604852676392,-0.0690404623746872,0.8515134453773499,0.6332780122756958,-0.06833425909280777,ए
0.0,0.0,0.0,0.0,0.0,0.0,0.0,0.0,0.0,0.0,0.0,0.0,0.0,0.0,0.0,0.0,0.0,0.0,0.0,0.0,0.0,0.0,0.0,0.0,0.0,0.0,0.0,0.0,0.0,0.0,0.0,0.0,0.0,0.0,0.0,0.0,0.0,0.0,0.0,0.0,0.0,0.0,0.0,0.0,0.0,0.0,0.0,0.0,0.0,0.0,0.0,0.0,0.0,0.0,0.0,0.0,0.0,0.0,0.0,0.0,0.0,0.0,0.0,0.8937569856643677,0.8940579295158386,1.5383281493086542e-07,0.828521728515625,0.8664249181747437,-0.03145555406808853,0.7769379019737244,0.786582350730896,-0.046195339411497116,0.7835875749588013,0.6985825896263123,-0.06127496808767319,0.8128250241279602,0.6438409090042114,-0.07613848149776459,0.7437283992767334,0.6765331029891968,-0.017405584454536438,0.6928454637527466,0.5822290778160095,-0.04036189243197441,0.6629467010498047,0.5185074806213379,-0.05902697518467903,0.6390207409858704,0.4665504992008209,-0.07368838042020798,0.7921509146690369,0.6504104137420654,-0.02070789597928524,0.7675824761390686,0.5296069979667664,-0.06284075230360031,0.7815653085708618,0.5519422888755798,-0.08843183517456055,0.7949873805046082,0.5948854088783264,-0.0947418138384819,0.8401004672050476,0.6458637118339539,-0.02700718492269516,0.8247498869895935,0.5521718263626099,-0.06706181913614273,0.8304108381271362,0.5870966911315918,-0.08219020068645477,0.8393464088439941,0.6375144124031067,-0.08010626584291458,0.8860302567481995,0.6607421040534973,-0.035646773874759674,0.8631867170333862,0.5972119569778442,-0.0622311569750309,0.8537768721580505,0.6005403399467468,-0.06951820105314255,0.8519682884216309,0.622441828250885,-0.06803631782531738,ए
0.0,0.0,0.0,0.0,0.0,0.0,0.0,0.0,0.0,0.0,0.0,0.0,0.0,0.0,0.0,0.0,0.0,0.0,0.0,0.0,0.0,0.0,0.0,0.0,0.0,0.0,0.0,0.0,0.0,0.0,0.0,0.0,0.0,0.0,0.0,0.0,0.0,0.0,0.0,0.0,0.0,0.0,0.0,0.0,0.0,0.0,0.0,0.0,0.0,0.0,0.0,0.0,0.0,0.0,0.0,0.0,0.0,0.0,0.0,0.0,0.0,0.0,0.0,0.8911703824996948,0.892369270324707,1.4620263755205087e-07,0.8293433785438538,0.8649918437004089,-0.03272346779704094,0.7768120169639587,0.7933561205863953,-0.049507491290569305,0.7805904150009155,0.7063586115837097,-0.06677649170160294,0.807357907295227,0.6437773704528809,-0.0835232064127922,0.7412843704223633,0.6769739389419556,-0.018694093450903893,0.6895853281021118,0.5817812085151672,-0.04301076382398605,0.6599397659301758,0.5166308879852295,-0.06286007165908813,0.6366405487060547,0.4633529782295227,-0.07860656082630157,0.7893247604370117,0.6500794887542725,-0.02273295819759369,0.7650471329689026,0.5286580324172974,-0.06465031206607819,0.7774854898452759,0.5546220541000366,-0.08926630020141602,0.7893961668014526,0.6004247069358826,-0.09565896540880203,0.8374410271644592,0.645311713218689,-0.030148601159453392,0.8215468525886536,0.5473532676696777,-0.06987138092517853,0.8256698846817017,0.5893921256065369,-0.08193851262331009,0.8334205746650696,0.644079327583313,-0.07881414145231247,0.883923351764679,0.6610983610153198,-0.040297262370586395,0.8606373071670532,0.6012952923774719,-0.06758790463209152,0.852391242980957,0.6204611659049988,-0.07269161194562912,0.8530522584915161,0.6555943489074707,-0.06991028040647507,ए
0.0,0.0,0.0,0.0,0.0,0.0,0.0,0.0,0.0,0.0,0.0,0.0,0.0,0.0,0.0,0.0,0.0,0.0,0.0,0.0,0.0,0.0,0.0,0.0,0.0,0.0,0.0,0.0,0.0,0.0,0.0,0.0,0.0,0.0,0.0,0.0,0.0,0.0,0.0,0.0,0.0,0.0,0.0,0.0,0.0,0.0,0.0,0.0,0.0,0.0,0.0,0.0,0.0,0.0,0.0,0.0,0.0,0.0,0.0,0.0,0.0,0.0,0.0,0.8888535499572754,0.8960301280021667,7.66525971584997e-08,0.8260546326637268,0.8668942451477051,-0.03150930628180504,0.7725564241409302,0.7903298735618591,-0.047413937747478485,0.7771661877632141,0.702631950378418,-0.064509816467762,0.808216392993927,0.6449428796768188,-0.08145324140787125,0.7392460107803345,0.6771570444107056,-0.015482987277209759,0.6884029507637024,0.5812076330184937,-0.03953956067562103,0.6600306034088135,0.517664909362793,-0.05933419242501259,0.636908769607544,0.46471911668777466,-0.07526367157697678,0.7864824533462524,0.6516007781028748,-0.02039002999663353,0.7624833583831787,0.533452033996582,-0.06552278250455856,0.7804040908813477,0.5722712278366089,-0.091166190803051,0.7962751984596252,0.6246321201324463,-0.0967964306473732,0.8343363404273987,0.6467422246932983,-0.02861200086772442,0.8173366785049438,0.5480839014053345,-0.06971278041601181,0.8240373730659485,0.5937319397926331,-0.08145295828580856,0.8338423371315002,0.6502683758735657,-0.07709592580795288,0.8810070157051086,0.6616818904876709,-0.039484426379203796,0.8566341400146484,0.5956200957298279,-0.0653529241681099,0.8489603400230408,0.6114965677261353,-0.06942424178123474,0.8503298163414001,0.6446607708930969,-0.06587433815002441,ए
0.0,0.0,0.0,0.0,0.0,0.0,0.0,0.0,0.0,0.0,0.0,0.0,0.0,0.0,0.0,0.0,0.0,0.0,0.0,0.0,0.0,0.0,0.0,0.0,0.0,0.0,0.0,0.0,0.0,0.0,0.0,0.0,0.0,0.0,0.0,0.0,0.0,0.0,0.0,0.0,0.0,0.0,0.0,0.0,0.0,0.0,0.0,0.0,0.0,0.0,0.0,0.0,0.0,0.0,0.0,0.0,0.0,0.0,0.0,0.0,0.0,0.0,0.0,0.8887395262718201,0.899524450302124,1.9851127319725492e-07,0.8252930045127869,0.8688541650772095,-0.03242724388837814,0.7739817500114441,0.7909166812896729,-0.048116449266672134,0.7787890434265137,0.7042726874351501,-0.06454595923423767,0.8076210618019104,0.6456785798072815,-0.08068868517875671,0.7413675785064697,0.6807025074958801,-0.015945591032505035,0.6894271969795227,0.5847721695899963,-0.0377090647816658,0.6600567102432251,0.518968939781189,-0.05690828338265419,0.6365649104118347,0.4665749669075012,-0.07289120554924011,0.790203869342804,0.6558217406272888,-0.01954769715666771,0.7681292295455933,0.5340135097503662,-0.05854623392224312,0.7780587077140808,0.5496574640274048,-0.08450658619403839,0.7868399024009705,0.5890889167785645,-0.09355007857084274,0.8385330438613892,0.6532869338989258,-0.026601945981383324,0.8231855630874634,0.5538657903671265,-0.06462310254573822,0.8268546462059021,0.5893265604972839,-0.08008010685443878,0.8337946534156799,0.6439780592918396,-0.0802566334605217,0.884870171546936,0.6707436442375183,-0.0363219752907753,0.8622626662254333,0.6050059795379639,-0.06259983032941818,0.8540254235267639,0.6172096133232117,-0.07006823271512985,0.8536492586135864,0.6512743830680847,-0.06993758678436279,ए
0.0,0.0,0.0,0.0,0.0,0.0,0.0,0.0,0.0,0.0,0.0,0.0,0.0,0.0,0.0,0.0,0.0,0.0,0.0,0.0,0.0,0.0,0.0,0.0,0.0,0.0,0.0,0.0,0.0,0.0,0.0,0.0,0.0,0.0,0.0,0.0,0.0,0.0,0.0,0.0,0.0,0.0,0.0,0.0,0.0,0.0,0.0,0.0,0.0,0.0,0.0,0.0,0.0,0.0,0.0,0.0,0.0,0.0,0.0,0.0,0.0,0.0,0.0,0.8905816674232483,0.8999228477478027,1.7132715868228843e-07,0.8270360231399536,0.8745662569999695,-0.032230526208877563,0.7747232913970947,0.7961979508399963,-0.047109197825193405,0.7826210856437683,0.7076177597045898,-0.061797723174095154,0.8140215873718262,0.6522032022476196,-0.07604972273111343,0.7410171031951904,0.6785776615142822,-0.01706385612487793,0.6896530389785767,0.5847658514976501,-0.038032952696084976,0.6597260236740112,0.5205304622650146,-0.055513568222522736,0.636294960975647,0.46995657682418823,-0.06978359818458557,0.7896190881729126,0.6542326807975769,-0.01951216347515583,0.7653630971908569,0.5395049452781677,-0.05968877300620079,0.7770090103149414,0.5523754954338074,-0.0850728377699852,0.7897695302963257,0.5894307494163513,-0.09219620376825333,0.838149905204773,0.651345431804657,-0.02523166500031948,0.8237401843070984,0.559532880783081,-0.06409584730863571,0.8286262154579163,0.5845711827278137,-0.08143381029367447,0.8368294835090637,0.6294970512390137,-0.08206448704004288,0.8850236535072327,0.6670409440994263,-0.033312756568193436,0.8627949953079224,0.6109601855278015,-0.06121189519762993,0.8522757887840271,0.6137703061103821,-0.07130802422761917,0.8487567901611328,0.6334520578384399,-0.07230329513549805,ए
0.0,0.0,0.0,0.0,0.0,0.0,0.0,0.0,0.0,0.0,0.0,0.0,0.0,0.0,0.0,0.0,0.0,0.0,0.0,0.0,0.0,0.0,0.0,0.0,0.0,0.0,0.0,0.0,0.0,0.0,0.0,0.0,0.0,0.0,0.0,0.0,0.0,0.0,0.0,0.0,0.0,0.0,0.0,0.0,0.0,0.0,0.0,0.0,0.0,0.0,0.0,0.0,0.0,0.0,0.0,0.0,0.0,0.0,0.0,0.0,0.0,0.0,0.0,0.8929300308227539,0.891555905342102,2.1996976329319295e-07,0.829053521156311,0.8640872836112976,-0.031317226588726044,0.7770729660987854,0.7914466261863708,-0.04738963395357132,0.7844133973121643,0.7046458721160889,-0.06355807930231094,0.815851628780365,0.6484837532043457,-0.07940372824668884,0.7436863780021667,0.6774188280105591,-0.018497126176953316,0.6910380721092224,0.5838990807533264,-0.040295638144016266,0.6612730622291565,0.5180779695510864,-0.05942358449101448,0.6380974054336548,0.4667787253856659,-0.07481715083122253,0.7915927767753601,0.6535969376564026,-0.021257931366562843,0.7692638635635376,0.5405818223953247,-0.0595070980489254,0.7767214775085449,0.545566201210022,-0.08514690399169922,0.7853288054466248,0.5760527849197388,-0.09441640228033066,0.8392511010169983,0.6505022048950195,-0.027155261486768723,0.8226222395896912,0.5583981275558472,-0.06393387168645859,0.8252123594284058,0.5803816318511963,-0.080398790538311,0.833014190196991,0.6263057589530945,-0.08161789178848267,0.8856257200241089,0.6659597158432007,-0.03549319878220558,0.8617165684700012,0.6028913259506226,-0.06159954145550728,0.8503545522689819,0.5978981852531433,-0.07063766568899155,0.8467383980751038,0.6149049401283264,-0.07157842069864273,ए
0.0,0.0,0.0,0.0,0.0,0.0,0.0,0.0,0.0,0.0,0.0,0.0,0.0,0.0,0.0,0.0,0.0,0.0,0.0,0.0,0.0,0.0,0.0,0.0,0.0,0.0,0.0,0.0,0.0,0.0,0.0,0.0,0.0,0.0,0.0,0.0,0.0,0.0,0.0,0.0,0.0,0.0,0.0,0.0,0.0,0.0,0.0,0.0,0.0,0.0,0.0,0.0,0.0,0.0,0.0,0.0,0.0,0.0,0.0,0.0,0.0,0.0,0.0,0.8018205761909485,1.068033218383789,7.795213150529889e-07,0.7498282194137573,1.0044360160827637,-0.0354035310447216,0.7358006238937378,0.8996834754943848,-0.05801822617650032,0.7679383158683777,0.8232182860374451,-0.08200235664844513,0.8238304257392883,0.7986096143722534,-0.10458894073963165,0.8009113073348999,0.7793906331062317,-0.03653072193264961,0.8227941989898682,0.650506317615509,-0.06556780636310577,0.8397196531295776,0.576337456703186,-0.08202280849218369,0.8589003086090088,0.5126217603683472,-0.09467967599630356,0.8544744849205017,0.7947408556938171,-0.04392177611589432,0.9158081412315369,0.6656984686851501,-0.07713121175765991,0.9498195648193359,0.5904980897903442,-0.09880401194095612,0.9798430800437927,0.5314159393310547,-0.11247824877500534,0.8908682465553284,0.8350170254707336,-0.05519914999604225,0.934361457824707,0.7202388644218445,-0.104058638215065,0.8895413875579834,0.7608237862586975,-0.11619088798761368,0.8576606512069702,0.8116121888160706,-0.11323673278093338,0.9146371483802795,0.8917458653450012,-0.06840696930885315,0.9098497629165649,0.8235903382301331,-0.11117482930421829,0.8676157593727112,0.844540536403656,-0.11999846249818802,0.8386030793190002,0.8826121091842651,-0.11844602972269058,ऐ
0.0,0.0,0.0,0.0,0.0,0.0,0.0,0.0,0.0,0.0,0.0,0.0,0.0,0.0,0.0,0.0,0.0,0.0,0.0,0.0,0.0,0.0,0.0,0.0,0.0,0.0,0.0,0.0,0.0,0.0,0.0,0.0,0.0,0.0,0.0,0.0,0.0,0.0,0.0,0.0,0.0,0.0,0.0,0.0,0.0,0.0,0.0,0.0,0.0,0.0,0.0,0.0,0.0,0.0,0.0,0.0,0.0,0.0,0.0,0.0,0.0,0.0,0.0,0.8001646995544434,1.064362645149231,7.685422929171182e-07,0.7488192915916443,1.0020220279693604,-0.03323734179139137,0.7386016249656677,0.8957362174987793,-0.05352097749710083,0.7778315544128418,0.8200209140777588,-0.07519955933094025,0.8341605067253113,0.7962359189987183,-0.09575141966342926,0.8017073273658752,0.7757942080497742,-0.03380380570888519,0.823591947555542,0.649841845035553,-0.06012812629342079,0.8414856195449829,0.5765199661254883,-0.07515591382980347,0.8612011075019836,0.513921856880188,-0.08730170130729675,0.8557021021842957,0.790607213973999,-0.041350286453962326,0.9181885123252869,0.6640751361846924,-0.07229135185480118,0.9543532133102417,0.5898100137710571,-0.0934416726231575,0.9857139587402344,0.5332894325256348,-0.10743873566389084,0.8920518159866333,0.8313276767730713,-0.05253605544567108,0.9357349276542664,0.7202056646347046,-0.09834517538547516,0.8937321305274963,0.7562336921691895,-0.11096556484699249,0.8631826639175415,0.8032318353652954,-0.10968191921710968,0.9163106083869934,0.887134850025177,-0.06559131294488907,0.9138970375061035,0.8190253973007202,-0.10648907721042633,0.8732991814613342,0.8397330045700073,-0.1157621219754219,0.844330906867981,0.8777337074279785,-0.11545851826667786,ऐ
0.0,0.0,0.0,0.0,0.0,0.0,0.0,0.0,0.0,0.0,0.0,0.0,0.0,0.0,0.0,0.0,0.0,0.0,0.0,0.0,0.0,0.0,0.0,0.0,0.0,0.0,0.0,0.0,0.0,0.0,0.0,0.0,0.0,0.0,0.0,0.0,0.0,0.0,0.0,0.0,0.0,0.0,0.0,0.0,0.0,0.0,0.0,0.0,0.0,0.0,0.0,0.0,0.0,0.0,0.0,0.0,0.0,0.0,0.0,0.0,0.0,0.0,0.0,0.8039475083351135,1.0537657737731934,8.276506378024351e-07,0.7541610598564148,0.9929701089859009,-0.0364711731672287,0.7403862476348877,0.8928042650222778,-0.06037600710988045,0.7776225805282593,0.8206924796104431,-0.08567778021097183,0.8379330039024353,0.8019523024559021,-0.10961360484361649,0.8036729097366333,0.7641817927360535,-0.036904945969581604,0.8237805962562561,0.6435681581497192,-0.06650041788816452,0.8408235907554626,0.5742998719215393,-0.08404748141765594,0.8609243035316467,0.5144977569580078,-0.09805183112621307,0.8577063083648682,0.7803026437759399,-0.04459550231695175,0.9207667112350464,0.6588239669799805,-0.07811882346868515,0.9568278789520264,0.5879244804382324,-0.10132449120283127,0.9889057278633118,0.5323506593704224,-0.11687388271093369,0.8935530185699463,0.8245418667793274,-0.05633562058210373,0.9374058246612549,0.7171267867088318,-0.104363352060318,0.8936387300491333,0.7611001133918762,-0.11648049205541611,0.8633131384849548,0.8114653825759888,-0.11454425752162933,0.9170581102371216,0.8859714269638062,-0.07027959078550339,0.9139364957809448,0.8238847851753235,-0.11233071982860565,0.8746325969696045,0.8484577536582947,-0.12132399529218674,0.8491826057434082,0.8862577676773071,-0.12064601480960846,ऐ
0.0,0.0,0.0,0.0,0.0,0.0,0.0,0.0,0.0,0.0,0.0,0.0,0.0,0.0,0.0,0.0,0.0,0.0,0.0,0.0,0.0,0.0,0.0,0.0,0.0,0.0,0.0,0.0,0.0,0.0,0.0,0.0,0.0,0.0,0.0,0.0,0.0,0.0,0.0,0.0,0.0,0.0,0.0,0.0,0.0,0.0,0.0,0.0,0.0,0.0,0.0,0.0,0.0,0.0,0.0,0.0,0.0,0.0,0.0,0.0,0.0,0.0,0.0,0.8011927604675293,1.0589090585708618,8.117843890431686e-07,0.7504914999008179,0.9945726990699768,-0.032104384154081345,0.7388378381729126,0.8906358480453491,-0.05237764120101929,0.7794057130813599,0.8212771415710449,-0.07432346045970917,0.8388038277626038,0.8050879836082458,-0.09528914093971252,0.803342878818512,0.7713783979415894,-0.034966547042131424,0.8241919279098511,0.6513583660125732,-0.06202700361609459,0.8403968811035156,0.5792920589447021,-0.07716522365808487,0.8580607175827026,0.5176132917404175,-0.08879076689481735,0.858616292476654,0.787662148475647,-0.043041959404945374,0.9230083227157593,0.6665650606155396,-0.07263632118701935,0.9570140242576599,0.5958293676376343,-0.09097638726234436,0.9861473441123962,0.5418948531150818,-0.10231335461139679,0.895930290222168,0.8309722542762756,-0.05478754639625549,0.9327340126037598,0.7292232513427734,-0.09897258877754211,0.8867449164390564,0.7674310207366943,-0.10980073362588882,0.8560140132904053,0.8141761422157288,-0.10686194151639938,0.9188408255577087,0.8894237875938416,-0.06844623386859894,0.9140791893005371,0.827641487121582,-0.10624878853559494,0.8700905442237854,0.8451321721076965,-0.11343317478895187,0.8407770991325378,0.8787772059440613,-0.11166326701641083,ऐ
0.0,0.0,0.0,0.0,0.0,0.0,0.0,0.0,0.0,0.0,0.0,0.0,0.0,0.0,0.0,0.0,0.0,0.0,0.0,0.0,0.0,0.0,0.0,0.0,0.0,0.0,0.0,0.0,0.0,0.0,0.0,0.0,0.0,0.0,0.0,0.0,0.0,0.0,0.0,0.0,0.0,0.0,0.0,0.0,0.0,0.0,0.0,0.0,0.0,0.0,0.0,0.0,0.0,0.0,0.0,0.0,0.0,0.0,0.0,0.0,0.0,0.0,0.0,0.8108512163162231,1.0628913640975952,7.849384928704239e-07,0.7591888308525085,1.0046110153198242,-0.033761877566576004,0.743681788444519,0.9064825773239136,-0.056101687252521515,0.7754985094070435,0.8328226804733276,-0.08027894794940948,0.8299530148506165,0.8088399767875671,-0.1027313768863678,0.8058485984802246,0.7784551978111267,-0.03404627740383148,0.82439786195755,0.6552059650421143,-0.062386006116867065,0.8401138782501221,0.5832297801971436,-0.07794200628995895,0.858599841594696,0.5213468074798584,-0.08955632895231247,0.8617197275161743,0.791996955871582,-0.04156531020998955,0.9219120740890503,0.6686004400253296,-0.07316413521766663,0.9543898105621338,0.5971328020095825,-0.09205665439367294,0.983331561088562,0.5419453382492065,-0.10311424732208252,0.8997550010681152,0.832071840763092,-0.05303623154759407,0.9331103563308716,0.727715790271759,-0.09909553080797195,0.8856116533279419,0.7738240361213684,-0.10629180073738098,0.8552687764167786,0.8251292109489441,-0.0996025875210762,0.9238933324813843,0.8880806565284729,-0.06663340330123901,0.9137548208236694,0.8255320191383362,-0.1053302139043808,0.8707684278488159,0.8471425771713257,-0.11008775234222412,0.8445470333099365,0.8834254145622253,-0.10551360994577408,ऐ
0.0,0.0,0.0,0.0,0.0,0.0,0.0,0.0,0.0,0.0,0.0,0.0,0.0,0.0,0.0,0.0,0.0,0.0,0.0,0.0,0.0,0.0,0.0,0.0,0.0,0.0,0.0,0.0,0.0,0.0,0.0,0.0,0.0,0.0,0.0,0.0,0.0,0.0,0.0,0.0,0.0,0.0,0.0,0.0,0.0,0.0,0.0,0.0,0.0,0.0,0.0,0.0,0.0,0.0,0.0,0.0,0.0,0.0,0.0,0.0,0.0,0.0,0.0,0.8038018941879272,1.0716676712036133,7.400516892630549e-07,0.7533292770385742,1.0098634958267212,-0.03483586013317108,0.7406195998191833,0.9092100262641907,-0.056808389723300934,0.7769722938537598,0.8375913500785828,-0.07954409718513489,0.8324035406112671,0.8115606307983398,-0.10100450366735458,0.801166296005249,0.7897627353668213,-0.036467257887125015,0.8224679827690125,0.665573000907898,-0.06534986197948456,0.8391558527946472,0.5929362177848816,-0.08203255385160446,0.8582291007041931,0.5295703411102295,-0.0946752279996872,0.8550768494606018,0.8039532899856567,-0.04299960285425186,0.9167380928993225,0.6811370849609375,-0.07459478825330734,0.9519448280334473,0.6082437634468079,-0.09453301876783371,0.9828796982765198,0.5498762130737305,-0.10722390562295914,0.8917109370231628,0.8428217768669128,-0.053413573652505875,0.9312910437583923,0.7346683740615845,-0.09975861012935638,0.8903170824050903,0.7735075950622559,-0.11031704396009445,0.8621256351470947,0.8211618661880493,-0.10704798996448517,0.9165063500404358,0.8967239260673523,-0.0658961609005928,0.9087437987327576,0.8334320783615112,-0.1066446602344513,0.8683560490608215,0.8558473587036133,-0.11440151184797287,0.8429703712463379,0.8926476836204529,-0.11253909021615982,ऐ
0.0,0.0,0.0,0.0,0.0,0.0,0.0,0.0,0.0,0.0,0.0,0.0,0.0,0.0,0.0,0.0,0.0,0.0,0.0,0.0,0.0,0.0,0.0,0.0,0.0,0.0,0.0,0.0,0.0,0.0,0.0,0.0,0.0,0.0,0.0,0.0,0.0,0.0,0.0,0.0,0.0,0.0,0.0,0.0,0.0,0.0,0.0,0.0,0.0,0.0,0.0,0.0,0.0,0.0,0.0,0.0,0.0,0.0,0.0,0.0,0.0,0.0,0.0,0.8005159497261047,1.0742099285125732,7.530456969107036e-07,0.7516286373138428,1.0099629163742065,-0.03633122146129608,0.7385769486427307,0.9123810529708862,-0.05962352827191353,0.7762947678565979,0.8414919376373291,-0.08401928842067719,0.834700882434845,0.8198003768920898,-0.10701581835746765,0.8002191781997681,0.7903640866279602,-0.03586023673415184,0.8191253542900085,0.6694832444190979,-0.06506730616092682,0.834634006023407,0.5992590188980103,-0.08274120837450027,0.8539211750030518,0.5371630191802979,-0.09662946313619614,0.8538307547569275,0.8045573234558105,-0.04237034544348717,0.9133053421974182,0.6843335628509521,-0.07380025833845139,0.9469442367553711,0.6150003671646118,-0.09438648819923401,0.9775850176811218,0.5596875548362732,-0.10815440863370895,0.8901987671852112,0.8465152382850647,-0.05310329422354698,0.9343662261962891,0.7395127415657043,-0.10014867037534714,0.8910841345787048,0.7812509536743164,-0.11117445677518845,0.8605494499206543,0.8311359882354736,-0.10849086940288544,0.9143686890602112,0.9070309996604919,-0.06612899899482727,0.9133901000022888,0.8456489443778992,-0.10802081227302551,0.8732966184616089,0.8678640127182007,-0.11653635650873184,0.8456736207008362,0.9048097729682922,-0.11534566432237625,ऐ
0.0,0.0,0.0,0.0,0.0,0.0,0.0,0.0,0.0,0.0,0.0,0.0,0.0,0.0,0.0,0.0,0.0,0.0,0.0,0.0,0.0,0.0,0.0,0.0,0.0,0.0,0.0,0.0,0.0,0.0,0.0,0.0,0.0,0.0,0.0,0.0,0.0,0.0,0.0,0.0,0.0,0.0,0.0,0.0,0.0,0.0,0.0,0.0,0.0,0.0,0.0,0.0,0.0,0.0,0.0,0.0,0.0,0.0,0.0,0.0,0.0,0.0,0.0,0.7992125153541565,1.0821491479873657,7.883413672971074e-07,0.7514150738716125,1.024404525756836,-0.036120232194662094,0.7374600172042847,0.9299520254135132,-0.059866491705179214,0.7696055173873901,0.8552727699279785,-0.08486542850732803,0.8227609992027283,0.8246586918830872,-0.10825366526842117,0.7971715927124023,0.8049232959747314,-0.03710564970970154,0.8158135414123535,0.6805912852287292,-0.06524796783924103,0.8310419917106628,0.6097990274429321,-0.08098041266202927,0.8494609594345093,0.5475655198097229,-0.09322819113731384,0.8511121273040771,0.817492663860321,-0.043548889458179474,0.9123092889785767,0.6932601928710938,-0.07478754222393036,0.9459273219108582,0.6245116591453552,-0.09414289146661758,0.9754606485366821,0.5713574886322021,-0.10653475672006607,0.8874454498291016,0.8560850024223328,-0.05409543961286545,0.9258366227149963,0.7480250000953674,-0.0997249111533165,0.8813160061836243,0.7891848087310791,-0.10956306010484695,0.8512890934944153,0.8376818299293518,-0.1062493622303009,0.9108206033706665,0.9109099507331848,-0.06697709858417511,0.9083690643310547,0.847659170627594,-0.1068948432803154,0.867392361164093,0.8697336316108704,-0.11468569189310074,0.8397842049598694,0.9071022272109985,-0.113298699259758,ऐ
0.0,0.0,0.0,0.0,0.0,0.0,0.0,0.0,0.0,0.0,0.0,0.0,0.0,0.0,0.0,0.0,0.0,0.0,0.0,0.0,0.0,0.0,0.0,0.0,0.0,0.0,0.0,0.0,0.0,0.0,0.0,0.0,0.0,0.0,0.0,0.0,0.0,0.0,0.0,0.0,0.0,0.0,0.0,0.0,0.0,0.0,0.0,0.0,0.0,0.0,0.0,0.0,0.0,0.0,0.0,0.0,0.0,0.0,0.0,0.0,0.0,0.0,0.0,0.7973846197128296,1.0742731094360352,7.709239753239672e-07,0.7477258443832397,1.0151993036270142,-0.035778678953647614,0.7324005365371704,0.920837938785553,-0.05895711109042168,0.7691954970359802,0.8508315682411194,-0.08257216960191727,0.8233851790428162,0.8266738057136536,-0.10528375953435898,0.791888415813446,0.799793004989624,-0.04143165796995163,0.8105241060256958,0.6779344081878662,-0.0697888508439064,0.8257129788398743,0.6084237098693848,-0.08652816712856293,0.8446774482727051,0.5463750958442688,-0.09982524812221527,0.8451319932937622,0.8121401071548462,-0.04732445254921913,0.904051661491394,0.6911210417747498,-0.07659788429737091,0.9389761686325073,0.625094473361969,-0.09546339511871338,0.9698824882507324,0.5736585855484009,-0.10861587524414062,0.8811696171760559,0.8516185283660889,-0.05689968541264534,0.9234148263931274,0.7453011870384216,-0.10099297016859055,0.8820496201515198,0.7835850119590759,-0.11364583671092987,0.852823793888092,0.8312265872955322,-0.113630510866642,0.9049907922744751,0.9085794687271118,-0.06860257685184479,0.9031103253364563,0.8505266308784485,-0.10933445394039154,0.8627504110336304,0.8715336322784424,-0.11981413513422012,0.8348602652549744,0.9075329303741455,-0.12100016325712204,ऐ
0.0,0.0,0.0,0.0,0.0,0.0,0.0,0.0,0.0,0.0,0.0,0.0,0.0,0.0,0.0,0.0,0.0,0.0,0.0,0.0,0.0,0.0,0.0,0.0,0.0,0.0,0.0,0.0,0.0,0.0,0.0,0.0,0.0,0.0,0.0,0.0,0.0,0.0,0.0,0.0,0.0,0.0,0.0,0.0,0.0,0.0,0.0,0.0,0.0,0.0,0.0,0.0,0.0,0.0,0.0,0.0,0.0,0.0,0.0,0.0,0.0,0.0,0.0,0.7945225834846497,1.0809993743896484,8.124620194394083e-07,0.7452331781387329,1.0230321884155273,-0.0356065109372139,0.7324641942977905,0.9282432198524475,-0.0591350719332695,0.7651993036270142,0.8556578159332275,-0.0832085981965065,0.8173626065254211,0.8267130255699158,-0.10633378475904465,0.7899972200393677,0.8096325993537903,-0.04095243662595749,0.807243824005127,0.684350311756134,-0.06903458386659622,0.8211055397987366,0.612154483795166,-0.08462642133235931,0.8377225399017334,0.5490486025810242,-0.09693633019924164,0.843281626701355,0.8221572637557983,-0.0474962517619133,0.9025701880455017,0.6956950426101685,-0.0792226567864418,0.9370877742767334,0.625020444393158,-0.09995940327644348,0.9664350152015686,0.5716820359230042,-0.11346765607595444,0.8797324895858765,0.8598260283470154,-0.05746806785464287,0.9159036874771118,0.7481088638305664,-0.10311393439769745,0.8748862743377686,0.7855473756790161,-0.11551689356565475,0.8472325205802917,0.8326674103736877,-0.11463774740695953,0.9037879109382629,0.9129680395126343,-0.0693296566605568,0.8941261768341064,0.8520985245704651,-0.10955339670181274,0.8537641167640686,0.8780476450920105,-0.11836380511522293,0.8292583227157593,0.9172816872596741,-0.11810597777366638,ऐ
0.0,0.0,0.0,0.0,0.0,0.0,0.0,0.0,0.0,0.0,0.0,0.0,0.0,0.0,0.0,0.0,0.0,0.0,0.0,0.0,0.0,0.0,0.0,0.0,0.0,0.0,0.0,0.0,0.0,0.0,0.0,0.0,0.0,0.0,0.0,0.0,0.0,0.0,0.0,0.0,0.0,0.0,0.0,0.0,0.0,0.0,0.0,0.0,0.0,0.0,0.0,0.0,0.0,0.0,0.0,0.0,0.0,0.0,0.0,0.0,0.0,0.0,0.0,0.7900864481925964,1.090240478515625,7.475958341274236e-07,0.7427576780319214,1.0316742658615112,-0.03238233923912048,0.7311954498291016,0.932842493057251,-0.05267127603292465,0.7642415761947632,0.8619711399078369,-0.07444512844085693,0.8173841834068298,0.8341778516769409,-0.09528101980686188,0.7880120277404785,0.8162193298339844,-0.03389142453670502,0.8060969114303589,0.6909221410751343,-0.06068343669176102,0.8203034996986389,0.6190952062606812,-0.07458281517028809,0.8373873829841614,0.5563492774963379,-0.08508867770433426,0.8425332903862,0.8305799961090088,-0.0413973331451416,0.9002655148506165,0.7044417262077332,-0.07179072499275208,0.9316980838775635,0.6360212564468384,-0.0898788720369339,0.9594216346740723,0.5836755037307739,-0.10022632032632828,0.879511833190918,0.8698506951332092,-0.052529409527778625,0.9121723175048828,0.7596999406814575,-0.09954830259084702,0.8683629035949707,0.8070490956306458,-0.10857231169939041,0.8415327668190002,0.8587207198143005,-0.1030765175819397,0.9031942486763,0.9248059988021851,-0.06524727493524551,0.8912780284881592,0.8642446994781494,-0.10623200237751007,0.8502660393714905,0.8916299939155579,-0.11246193200349808,0.8279769420623779,0.9310016632080078,-0.1087711825966835,ऐ
0.0,0.0,0.0,0.0,0.0,0.0,0.0,0.0,0.0,0.0,0.0,0.0,0.0,0.0,0.0,0.0,0.0,0.0,0.0,0.0,0.0,0.0,0.0,0.0,0.0,0.0,0.0,0.0,0.0,0.0,0.0,0.0,0.0,0.0,0.0,0.0,0.0,0.0,0.0,0.0,0.0,0.0,0.0,0.0,0.0,0.0,0.0,0.0,0.0,0.0,0.0,0.0,0.0,0.0,0.0,0.0,0.0,0.0,0.0,0.0,0.0,0.0,0.0,0.7922359108924866,1.080029845237732,8.060175673563208e-07,0.744289219379425,1.0183475017547607,-0.03616248071193695,0.7308571934700012,0.9210019111633301,-0.05875447392463684,0.766526460647583,0.8475719094276428,-0.08191972225904465,0.8248428702354431,0.8246939182281494,-0.10397050529718399,0.7871441841125488,0.80796217918396,-0.03792771324515343,0.8034195303916931,0.6829060912132263,-0.06565502285957336,0.8174466490745544,0.6116806864738464,-0.08208267390727997,0.8349668979644775,0.5493263006210327,-0.09555753320455551,0.8400565981864929,0.8209546208381653,-0.043962523341178894,0.8974428772926331,0.6983978748321533,-0.0753636509180069,0.9308732151985168,0.6316449642181396,-0.09690206497907639,0.9607795476913452,0.579028844833374,-0.1117546334862709,0.8749262690544128,0.8593695759773254,-0.05370691791176796,0.9193136692047119,0.7462366819381714,-0.10061708092689514,0.876474142074585,0.7876160144805908,-0.11329644173383713,0.845924973487854,0.8359876871109009,-0.11268622428178787,0.8978589773178101,0.9151070713996887,-0.06546474248170853,0.8977543115615845,0.8546826243400574,-0.10890188813209534,0.8576593995094299,0.8815565705299377,-0.1193697601556778,0.8297335505485535,0.9216400384902954,-0.12003432959318161,ऐ
0.0,0.0,0.0,0.0,0.0,0.0,0.0,0.0,0.0,0.0,0.0,0.0,0.0,0.0,0.0,0.0,0.0,0.0,0.0,0.0,0.0,0.0,0.0,0.0,0.0,0.0,0.0,0.0,0.0,0.0,0.0,0.0,0.0,0.0,0.0,0.0,0.0,0.0,0.0,0.0,0.0,0.0,0.0,0.0,0.0,0.0,0.0,0.0,0.0,0.0,0.0,0.0,0.0,0.0,0.0,0.0,0.0,0.0,0.0,0.0,0.0,0.0,0.0,0.7966746091842651,1.0729542970657349,7.784256581544469e-07,0.7457874417304993,1.019681692123413,-0.036102063953876495,0.7265763878822327,0.922619104385376,-0.05889128893613815,0.7572040557861328,0.8470829129219055,-0.0816895142197609,0.8128513693809509,0.8190606832504272,-0.10319432616233826,0.7859082818031311,0.8035287261009216,-0.04059356078505516,0.802314817905426,0.6796212792396545,-0.06754392385482788,0.8157148957252502,0.6093080043792725,-0.08185484260320663,0.8319873213768005,0.5477109551429749,-0.0935056284070015,0.8388247489929199,0.8164031505584717,-0.04624941200017929,0.8964231610298157,0.693969190120697,-0.0770721361041069,0.9276003837585449,0.6264127492904663,-0.09628575295209885,0.954746425151825,0.574052631855011,-0.10863099247217178,0.87400221824646,0.854032576084137,-0.055363789200782776,0.9118012189865112,0.7433179616928101,-0.10224021226167679,0.8693309426307678,0.7870607972145081,-0.11357937753200531,0.8415027260780334,0.8369542956352234,-0.11125154048204422,0.8972961902618408,0.9072047472000122,-0.06625843793153763,0.8859570026397705,0.8510832786560059,-0.11014466732740402,0.8459095358848572,0.8811148405075073,-0.12015191465616226,0.8226500153541565,0.9218154549598694,-0.11965503543615341,ऐ
0.0,0.0,0.0,0.0,0.0,0.0,0.0,0.0,0.0,0.0,0.0,0.0,0.0,0.0,0.0,0.0,0.0,0.0,0.0,0.0,0.0,0.0,0.0,0.0,0.0,0.0,0.0,0.0,0.0,0.0,0.0,0.0,0.0,0.0,0.0,0.0,0.0,0.0,0.0,0.0,0.0,0.0,0.0,0.0,0.0,0.0,0.0,0.0,0.0,0.0,0.0,0.0,0.0,0.0,0.0,0.0,0.0,0.0,0.0,0.0,0.0,0.0,0.0,0.7910887002944946,1.0698556900024414,7.707834015491244e-07,0.7385732531547546,1.015160322189331,-0.03487585857510567,0.7216445803642273,0.9191960096359253,-0.05657624825835228,0.754100501537323,0.8457933664321899,-0.07891647517681122,0.806813657283783,0.8138554692268372,-0.10028041154146194,0.779377818107605,0.798897922039032,-0.03606235980987549,0.795204758644104,0.6774259805679321,-0.06308674812316895,0.8083176612854004,0.6069876551628113,-0.07854403555393219,0.8242354393005371,0.545188307762146,-0.0911673754453659,0.830854058265686,0.8103746175765991,-0.0427127443253994,0.8884983062744141,0.6887140870094299,-0.073633573949337,0.920860767364502,0.6204891204833984,-0.0946529284119606,0.9487791061401367,0.5677120685577393,-0.10867661237716675,0.8658466339111328,0.847217857837677,-0.05312766879796982,0.903861939907074,0.7353761792182922,-0.09993085265159607,0.8639206886291504,0.7745070457458496,-0.11365072429180145,0.8367592096328735,0.8224796056747437,-0.11356199532747269,0.889629065990448,0.9002142548561096,-0.06531712412834167,0.8819241523742676,0.8390567898750305,-0.10863097012042999,0.8437378406524658,0.8662653565406799,-0.11960649490356445,0.819922149181366,0.9050256609916687,-0.12049474567174911,ऐ
0.0,0.0,0.0,0.0,0.0,0.0,0.0,0.0,0.0,0.0,0.0,0.0,0.0,0.0,0.0,0.0,0.0,0.0,0.0,0.0,0.0,0.0,0.0,0.0,0.0,0.0,0.0,0.0,0.0,0.0,0.0,0.0,0.0,0.0,0.0,0.0,0.0,0.0,0.0,0.0,0.0,0.0,0.0,0.0,0.0,0.0,0.0,0.0,0.0,0.0,0.0,0.0,0.0,0.0,0.0,0.0,0.0,0.0,0.0,0.0,0.0,0.0,0.0,0.7956582307815552,1.0651975870132446,8.001732680895657e-07,0.7433131337165833,1.0110621452331543,-0.03792626038193703,0.7257391810417175,0.9198468923568726,-0.06260740011930466,0.7502160668373108,0.8433851003646851,-0.08749420195817947,0.801185131072998,0.8056185841560364,-0.11013779044151306,0.7803921103477478,0.7959421277046204,-0.03818270191550255,0.7955390810966492,0.6736754179000854,-0.06553615629673004,0.8079254031181335,0.6022514700889587,-0.08030880987644196,0.8230174779891968,0.5419555306434631,-0.09189675748348236,0.8326317071914673,0.8054940104484558,-0.04255613312125206,0.8891588449478149,0.6848214268684387,-0.07363036274909973,0.91892409324646,0.6168783903121948,-0.09298129379749298,0.9449167251586914,0.5634875297546387,-0.10531629621982574,0.867664098739624,0.8392259478569031,-0.050924018025398254,0.9017750024795532,0.7296625375747681,-0.0961478054523468,0.8601865172386169,0.7722263336181641,-0.10545308887958527,0.8327075242996216,0.8216934204101562,-0.10205407440662384,0.890790581703186,0.8888278603553772,-0.06154613196849823,0.8797563910484314,0.8316810131072998,-0.10215417295694351,0.8405176997184753,0.8580197095870972,-0.11022687703371048,0.8157492876052856,0.8969964981079102,-0.10876194387674332,ऐ
0.0,0.0,0.0,0.0,0.0,0.0,0.0,0.0,0.0,0.0,0.0,0.0,0.0,0.0,0.0,0.0,0.0,0.0,0.0,0.0,0.0,0.0,0.0,0.0,0.0,0.0,0.0,0.0,0.0,0.0,0.0,0.0,0.0,0.0,0.0,0.0,0.0,0.0,0.0,0.0,0.0,0.0,0.0,0.0,0.0,0.0,0.0,0.0,0.0,0.0,0.0,0.0,0.0,0.0,0.0,0.0,0.0,0.0,0.0,0.0,0.0,0.0,0.0,0.792803943157196,1.0663611888885498,7.616025072820776e-07,0.7422508597373962,1.0126349925994873,-0.03525625914335251,0.7247250080108643,0.9153560996055603,-0.05703922361135483,0.7517586350440979,0.8374717831611633,-0.07978316396474838,0.80327308177948,0.8043689131736755,-0.10112495720386505,0.7798365354537964,0.7961826920509338,-0.035064611583948135,0.79506516456604,0.6731710433959961,-0.06177058815956116,0.8081883192062378,0.6010004878044128,-0.07675804942846298,0.823668897151947,0.5386760234832764,-0.08882195502519608,0.8314697742462158,0.8073250651359558,-0.04136968031525612,0.8882442712783813,0.6816896200180054,-0.07225503027439117,0.9181408286094666,0.6115070581436157,-0.09258529543876648,0.9435886740684509,0.5592895746231079,-0.10588343441486359,0.8671907186508179,0.8433724045753479,-0.05156581848859787,0.90498948097229,0.7251990437507629,-0.09804370999336243,0.8670912981033325,0.7650254964828491,-0.10946810990571976,0.8414648175239563,0.8156904578208923,-0.10718970745801926,0.891963541507721,0.8958249688148499,-0.0637018010020256,0.8877266049385071,0.825149416923523,-0.10572535544633865,0.8520492315292358,0.8514916300773621,-0.11450795829296112,0.8285733461380005,0.894758939743042,-0.11353942006826401,ऐ
0.0,0.0,0.0,0.0,0.0,0.0,0.0,0.0,0.0,0.0,0.0,0.0,0.0,0.0,0.0,0.0,0.0,0.0,0.0,0.0,0.0,0.0,0.0,0.0,0.0,0.0,0.0,0.0,0.0,0.0,0.0,0.0,0.0,0.0,0.0,0.0,0.0,0.0,0.0,0.0,0.0,0.0,0.0,0.0,0.0,0.0,0.0,0.0,0.0,0.0,0.0,0.0,0.0,0.0,0.0,0.0,0.0,0.0,0.0,0.0,0.0,0.0,0.0,0.7926509380340576,1.062328577041626,7.736315410511452e-07,0.7424294948577881,1.0070502758026123,-0.032917845994234085,0.7264641523361206,0.9143077731132507,-0.05475858226418495,0.7530126571655273,0.8389963507652283,-0.07790139317512512,0.802839994430542,0.8078004121780396,-0.10012482851743698,0.782231867313385,0.7882057428359985,-0.03576217219233513,0.7972920536994934,0.6697951555252075,-0.06243135407567024,0.8098729252815247,0.599412202835083,-0.07746632397174835,0.8255686163902283,0.5377728939056396,-0.08972439914941788,0.8350706100463867,0.7984734773635864,-0.04346198961138725,0.8921377062797546,0.6748913526535034,-0.07393654435873032,0.9212548732757568,0.6084235906600952,-0.09354308247566223,0.94660884141922,0.5588415861129761,-0.10618305951356888,0.872220516204834,0.8365390300750732,-0.054610323160886765,0.9063495397567749,0.7239781022071838,-0.10040199011564255,0.8637186288833618,0.7684012651443481,-0.110897958278656,0.8365330100059509,0.8197875022888184,-0.1080775260925293,0.8976016044616699,0.8923773765563965,-0.06743644177913666,0.8884782791137695,0.8266346454620361,-0.1082710474729538,0.8498353362083435,0.8539685606956482,-0.11584805697202682,0.8265675902366638,0.8951794505119324,-0.11411894857883453,ऐ
0.0,0.0,0.0,0.0,0.0,0.0,0.0,0.0,0.0,0.0,0.0,0.0,0.0,0.0,0.0,0.0,0.0,0.0,0.0,0.0,0.0,0.0,0.0,0.0,0.0,0.0,0.0,0.0,0.0,0.0,0.0,0.0,0.0,0.0,0.0,0.0,0.0,0.0,0.0,0.0,0.0,0.0,0.0,0.0,0.0,0.0,0.0,0.0,0.0,0.0,0.0,0.0,0.0,0.0,0.0,0.0,0.0,0.0,0.0,0.0,0.0,0.0,0.0,0.7934276461601257,1.06641685962677,7.971156605890428e-07,0.7444257736206055,1.0065381526947021,-0.035269636660814285,0.728980302810669,0.9112074375152588,-0.05858612805604935,0.7585204839706421,0.8371375203132629,-0.08229940384626389,0.8102549314498901,0.7998481392860413,-0.10485049337148666,0.7841150164604187,0.7902774214744568,-0.03989627584815025,0.7991390824317932,0.6675662994384766,-0.06695977598428726,0.8116886019706726,0.5962622761726379,-0.08198032528162003,0.8271003365516663,0.5340054631233215,-0.09371244162321091,0.8372671604156494,0.8010696768760681,-0.04562899470329285,0.894382655620575,0.6779694557189941,-0.07524721324443817,0.9250761866569519,0.6115397214889526,-0.09371055662631989,0.9515668153762817,0.5593091249465942,-0.105836421251297,0.8740052580833435,0.8380897045135498,-0.05497627332806587,0.9072498083114624,0.7275909781455994,-0.1001366451382637,0.8636729121208191,0.7684804201126099,-0.11244674772024155,0.8346217274665833,0.8184961676597595,-0.11147291213274002,0.8990209102630615,0.8917493224143982,-0.06607533246278763,0.8930087089538574,0.8285419344902039,-0.10656794905662537,0.8528134226799011,0.8528773784637451,-0.11562106758356094,0.826535165309906,0.8926003575325012,-0.11543800681829453,ऐ
0.0,0.0,0.0,0.0,0.0,0.0,0.0,0.0,0.0,0.0,0.0,0.0,0.0,0.0,0.0,0.0,0.0,0.0,0.0,0.0,0.0,0.0,0.0,0.0,0.0,0.0,0.0,0.0,0.0,0.0,0.0,0.0,0.0,0.0,0.0,0.0,0.0,0.0,0.0,0.0,0.0,0.0,0.0,0.0,0.0,0.0,0.0,0.0,0.0,0.0,0.0,0.0,0.0,0.0,0.0,0.0,0.0,0.0,0.0,0.0,0.0,0.0,0.0,0.7983306050300598,1.0662695169448853,7.525741239078343e-07,0.7462189197540283,1.0120452642440796,-0.03464866802096367,0.7314727902412415,0.9195532202720642,-0.05685916170477867,0.755342960357666,0.8442392945289612,-0.07975370436906815,0.7996925115585327,0.8009888529777527,-0.10154125094413757,0.7851728796958923,0.7889564037322998,-0.03618520870804787,0.800223171710968,0.6683629155158997,-0.06328122317790985,0.8138023018836975,0.5963147282600403,-0.07927253097295761,0.8300309181213379,0.5339751243591309,-0.0920211598277092,0.8367932438850403,0.7997197508811951,-0.043004512786865234,0.893994152545929,0.6767314672470093,-0.07323888689279556,0.9256454706192017,0.6079415678977966,-0.09406772255897522,0.9521644711494446,0.5564067363739014,-0.10840820521116257,0.8732463121414185,0.8367763161659241,-0.0536222942173481,0.9118390083312988,0.7210317850112915,-0.099521204829216,0.8751078248023987,0.7542582750320435,-0.11412017792463303,0.8486460447311401,0.8001032471656799,-0.11543531715869904,0.8989208340644836,0.8915913105010986,-0.06589823216199875,0.8944258093833923,0.8229907751083374,-0.10820073634386063,0.8569831848144531,0.8460791707038879,-0.11871696263551712,0.8300463557243347,0.8857510089874268,-0.1198020800948143,ऐ
0.0,0.0,0.0,0.0,0.0,0.0,0.0,0.0,0.0,0.0,0.0,0.0,0.0,0.0,0.0,0.0,0.0,0.0,0.0,0.0,0.0,0.0,0.0,0.0,0.0,0.0,0.0,0.0,0.0,0.0,0.0,0.0,0.0,0.0,0.0,0.0,0.0,0.0,0.0,0.0,0.0,0.0,0.0,0.0,0.0,0.0,0.0,0.0,0.0,0.0,0.0,0.0,0.0,0.0,0.0,0.0,0.0,0.0,0.0,0.0,0.0,0.0,0.0,0.799017071723938,1.0469428300857544,8.197484362426621e-07,0.7468924522399902,0.9878969192504883,-0.0332782045006752,0.7309216856956482,0.8918275833129883,-0.0549512580037117,0.7660626173019409,0.8227162957191467,-0.07765024900436401,0.8229074478149414,0.7982860803604126,-0.09950319677591324,0.7881911396980286,0.7757980823516846,-0.03640371188521385,0.8037834763526917,0.6565802097320557,-0.06233791634440422,0.8172411322593689,0.5879291296005249,-0.07652753591537476,0.8340606093406677,0.5277499556541443,-0.08825322240591049,0.8424256443977356,0.786364734172821,-0.0429082028567791,0.8989563584327698,0.6680217385292053,-0.07313188910484314,0.9318813681602478,0.6046780347824097,-0.09195791184902191,0.960523247718811,0.5544052124023438,-0.10418349504470825,0.8797978758811951,0.8226255178451538,-0.052954573184251785,0.911628007888794,0.7182950377464294,-0.09931778162717819,0.867911696434021,0.765433132648468,-0.11150150746107101,0.8392300605773926,0.8180475831031799,-0.10980746895074844,0.9049949645996094,0.8752440810203552,-0.06464367359876633,0.8964181542396545,0.817889928817749,-0.10668022930622101,0.8569079041481018,0.8457692861557007,-0.11670340597629547,0.8319629430770874,0.8860922455787659,-0.11681907624006271,ऐ
0.0,0.0,0.0,0.0,0.0,0.0,0.0,0.0,0.0,0.0,0.0,0.0,0.0,0.0,0.0,0.0,0.0,0.0,0.0,0.0,0.0,0.0,0.0,0.0,0.0,0.0,0.0,0.0,0.0,0.0,0.0,0.0,0.0,0.0,0.0,0.0,0.0,0.0,0.0,0.0,0.0,0.0,0.0,0.0,0.0,0.0,0.0,0.0,0.0,0.0,0.0,0.0,0.0,0.0,0.0,0.0,0.0,0.0,0.0,0.0,0.0,0.0,0.0,0.8130520582199097,1.0462092161178589,7.863125119911274e-07,0.7587582468986511,0.9850484132766724,-0.033938661217689514,0.7413954138755798,0.8847340941429138,-0.05481661483645439,0.7743494510650635,0.8097774386405945,-0.07639920711517334,0.8316125273704529,0.7864623069763184,-0.09651660174131393,0.7931338548660278,0.7668167948722839,-0.03326161950826645,0.8089065551757812,0.6461851000785828,-0.0580657497048378,0.8226777911186218,0.5773316621780396,-0.07212581485509872,0.8398732542991638,0.5183301568031311,-0.08389503508806229,0.846795916557312,0.7794858813285828,-0.03939332813024521,0.9025809168815613,0.660563588142395,-0.06850305199623108,0.9355912208557129,0.5953369140625,-0.08789081871509552,0.9648588299751282,0.5457049608230591,-0.10104496031999588,0.8832759857177734,0.8164294958114624,-0.04915667325258255,0.9226948618888855,0.7087130546569824,-0.09409065544605255,0.8821278214454651,0.7545416355133057,-0.1045069545507431,0.8544544577598572,0.8065625429153442,-0.10216096043586731,0.907530665397644,0.8693386316299438,-0.06073790043592453,0.8986169695854187,0.8127047419548035,-0.10200069844722748,0.8630261421203613,0.8430095314979553,-0.11035587638616562,0.8419561982154846,0.8848868012428284,-0.10936388373374939,ऐ
0.0,0.0,0.0,0.0,0.0,0.0,0.0,0.0,0.0,0.0,0.0,0.0,0.0,0.0,0.0,0.0,0.0,0.0,0.0,0.0,0.0,0.0,0.0,0.0,0.0,0.0,0.0,0.0,0.0,0.0,0.0,0.0,0.0,0.0,0.0,0.0,0.0,0.0,0.0,0.0,0.0,0.0,0.0,0.0,0.0,0.0,0.0,0.0,0.0,0.0,0.0,0.0,0.0,0.0,0.0,0.0,0.0,0.0,0.0,0.0,0.0,0.0,0.0,0.8070388436317444,1.0492563247680664,8.290174946523621e-07,0.7562934160232544,0.9843426942825317,-0.03259771689772606,0.7453770041465759,0.8802728056907654,-0.053120434284210205,0.776919960975647,0.8040141463279724,-0.07549747824668884,0.8299128413200378,0.7726621627807617,-0.09675240516662598,0.8003737926483154,0.7595002055168152,-0.032358020544052124,0.8166564106941223,0.6376096606254578,-0.0595490038394928,0.8308250308036804,0.5649622082710266,-0.07614807784557343,0.8478624224662781,0.5025420188903809,-0.08963905274868011,0.8521379232406616,0.7737075090408325,-0.04053056612610817,0.9119030237197876,0.6499108076095581,-0.0721728652715683,0.9445784091949463,0.5823794603347778,-0.09421508759260178,0.9745473265647888,0.5313951969146729,-0.10903403162956238,0.8880060911178589,0.8152281641960144,-0.052306294441223145,0.930078387260437,0.698930025100708,-0.09771348536014557,0.8853803277015686,0.7431873083114624,-0.10758357495069504,0.8553784489631653,0.796293318271637,-0.10465401411056519,0.9123806953430176,0.8740022778511047,-0.06608791649341583,0.9142836928367615,0.8002690076828003,-0.10575272887945175,0.8784724473953247,0.8248029351234436,-0.11205494403839111,0.8551499247550964,0.8670452237129211,-0.10974951833486557,ऐ
0.0,0.0,0.0,0.0,0.0,0.0,0.0,0.0,0.0,0.0,0.0,0.0,0.0,0.0,0.0,0.0,0.0,0.0,0.0,0.0,0.0,0.0,0.0,0.0,0.0,0.0,0.0,0.0,0.0,0.0,0.0,0.0,0.0,0.0,0.0,0.0,0.0,0.0,0.0,0.0,0.0,0.0,0.0,0.0,0.0,0.0,0.0,0.0,0.0,0.0,0.0,0.0,0.0,0.0,0.0,0.0,0.0,0.0,0.0,0.0,0.0,0.0,0.0,0.812463641166687,1.045807123184204,7.907368626547395e-07,0.759956955909729,0.9839389324188232,-0.034040696918964386,0.7481610774993896,0.8771898746490479,-0.05452316999435425,0.7847544550895691,0.7989567518234253,-0.07587955892086029,0.8405200839042664,0.7652162313461304,-0.09596129506826401,0.806679368019104,0.7547174096107483,-0.03379032388329506,0.8256452679634094,0.6319399476051331,-0.059980835765600204,0.8412224650382996,0.5587032437324524,-0.07534345239400864,0.8579180240631104,0.4955610930919647,-0.08779396861791611,0.8598560094833374,0.7681291103363037,-0.04039132967591286,0.9229137897491455,0.643656849861145,-0.0698540061712265,0.9572914242744446,0.5737491846084595,-0.08991634100675583,0.9859157204627991,0.5227012634277344,-0.10332053154706955,0.896164059638977,0.8082637786865234,-0.05086321011185646,0.9353224039077759,0.6952664852142334,-0.09510874003171921,0.8938655853271484,0.7282260656356812,-0.10849521309137344,0.8651359677314758,0.7748024463653564,-0.10851390659809113,0.9201234579086304,0.8648346066474915,-0.06319514662027359,0.9160647392272949,0.7965214252471924,-0.10297461599111557,0.8772276043891907,0.8165254592895508,-0.11240823566913605,0.8514294028282166,0.8544093370437622,-0.11270566284656525,ऐ
0.0,0.0,0.0,0.0,0.0,0.0,0.0,0.0,0.0,0.0,0.0,0.0,0.0,0.0,0.0,0.0,0.0,0.0,0.0,0.0,0.0,0.0,0.0,0.0,0.0,0.0,0.0,0.0,0.0,0.0,0.0,0.0,0.0,0.0,0.0,0.0,0.0,0.0,0.0,0.0,0.0,0.0,0.0,0.0,0.0,0.0,0.0,0.0,0.0,0.0,0.0,0.0,0.0,0.0,0.0,0.0,0.0,0.0,0.0,0.0,0.0,0.0,0.0,0.8061133027076721,1.0491217374801636,8.218987090913288e-07,0.7562661170959473,0.9775125980377197,-0.033988628536462784,0.7475403547286987,0.8704223036766052,-0.05412720516324043,0.7875413298606873,0.7966060042381287,-0.07598742842674255,0.8463160991668701,0.7766239047050476,-0.09681253135204315,0.8069989085197449,0.7573025226593018,-0.03012111224234104,0.8259162902832031,0.6319446563720703,-0.05632319301366806,0.8429387211799622,0.5588805675506592,-0.0726742148399353,0.8623742461204529,0.4968995153903961,-0.08606068044900894,0.8610734343528748,0.7727028131484985,-0.03716132044792175,0.9270331859588623,0.6501554846763611,-0.0676179826259613,0.9631656408309937,0.5772517323493958,-0.09001928567886353,0.9940887689590454,0.5215080976486206,-0.10523194074630737,0.8968738913536072,0.8136658072471619,-0.04833459481596947,0.9394136667251587,0.6962525248527527,-0.09341249614953995,0.8989830017089844,0.7292617559432983,-0.10756396502256393,0.8698047399520874,0.7766425013542175,-0.10779524594545364,0.9209579229354858,0.8712278604507446,-0.06158788129687309,0.921989917755127,0.7977492213249207,-0.10144921392202377,0.8839224576950073,0.8181995749473572,-0.11086109280586243,0.85704505443573,0.8585116267204285,-0.11119993031024933,ऐ
0.0,0.0,0.0,0.0,0.0,0.0,0.0,0.0,0.0,0.0,0.0,0.0,0.0,0.0,0.0,0.0,0.0,0.0,0.0,0.0,0.0,0.0,0.0,0.0,0.0,0.0,0.0,0.0,0.0,0.0,0.0,0.0,0.0,0.0,0.0,0.0,0.0,0.0,0.0,0.0,0.0,0.0,0.0,0.0,0.0,0.0,0.0,0.0,0.0,0.0,0.0,0.0,0.0,0.0,0.0,0.0,0.0,0.0,0.0,0.0,0.0,0.0,0.0,0.8138239979743958,1.0453722476959229,8.722775532987725e-07,0.7628439664840698,0.9767984747886658,-0.033534906804561615,0.7526766061782837,0.8719556331634521,-0.054985903203487396,0.7892386317253113,0.7977718710899353,-0.0779431089758873,0.8455711603164673,0.7700328230857849,-0.0997859388589859,0.809968113899231,0.7517235279083252,-0.03428292274475098,0.8278080821037292,0.6273254752159119,-0.06075800210237503,0.844436526298523,0.555428147315979,-0.07587655633687973,0.862777590751648,0.4937244653701782,-0.08808630704879761,0.8642222285270691,0.7673227190971375,-0.04186328127980232,0.9302743673324585,0.6445028781890869,-0.07253696024417877,0.9658239483833313,0.5770060420036316,-0.09257537871599197,0.9954443573951721,0.5238068103790283,-0.10567440092563629,0.9000307321548462,0.8095192909240723,-0.05326800420880318,0.9364486932754517,0.6944475173950195,-0.09968947619199753,0.8923221230506897,0.7356101274490356,-0.11197970807552338,0.8624526262283325,0.7858185768127441,-0.11035101860761642,0.9231512546539307,0.8690271377563477,-0.06644763797521591,0.9205102920532227,0.7984777688980103,-0.10713806003332138,0.881736695766449,0.8219197392463684,-0.11547169089317322,0.8561360239982605,0.8619985580444336,-0.11465775966644287,ऐ
0.0,0.0,0.0,0.0,0.0,0.0,0.0,0.0,0.0,0.0,0.0,0.0,0.0,0.0,0.0,0.0,0.0,0.0,0.0,0.0,0.0,0.0,0.0,0.0,0.0,0.0,0.0,0.0,0.0,0.0,0.0,0.0,0.0,0.0,0.0,0.0,0.0,0.0,0.0,0.0,0.0,0.0,0.0,0.0,0.0,0.0,0.0,0.0,0.0,0.0,0.0,0.0,0.0,0.0,0.0,0.0,0.0,0.0,0.0,0.0,0.0,0.0,0.0,0.808078944683075,1.0420992374420166,8.374489084417291e-07,0.7595190405845642,0.9724254608154297,-0.03249819949269295,0.7502349019050598,0.8636147975921631,-0.05259124934673309,0.789555013179779,0.7892408967018127,-0.074785515666008,0.8510613441467285,0.7721665501594543,-0.09603893011808395,0.809826135635376,0.7470593452453613,-0.03092185966670513,0.8277673125267029,0.6248850226402283,-0.057183682918548584,0.8445679545402527,0.5539491176605225,-0.07282070070505142,0.8645029067993164,0.49416470527648926,-0.08608855307102203,0.8640953898429871,0.7633460760116577,-0.03927801549434662,0.929680347442627,0.6418129801750183,-0.07139664143323898,0.9645245671272278,0.5713639855384827,-0.09458360075950623,0.9958070516586304,0.5184136629104614,-0.11020754277706146,0.8992053270339966,0.8063871264457703,-0.05119744688272476,0.9427834153175354,0.6899049282073975,-0.09865929186344147,0.8971648216247559,0.7343741059303284,-0.11066660284996033,0.866802990436554,0.7877851128578186,-0.10858725756406784,0.9226303696632385,0.8668421506881714,-0.06484965980052948,0.9189683198928833,0.79753577709198,-0.10730547457933426,0.8795034885406494,0.8252537250518799,-0.11597882211208344,0.8545607328414917,0.8692009449005127,-0.11493314057588577,ऐ
0.0,0.0,0.0,0.0,0.0,0.0,0.0,0.0,0.0,0.0,0.0,0.0,0.0,0.0,0.0,0.0,0.0,0.0,0.0,0.0,0.0,0.0,0.0,0.0,0.0,0.0,0.0,0.0,0.0,0.0,0.0,0.0,0.0,0.0,0.0,0.0,0.0,0.0,0.0,0.0,0.0,0.0,0.0,0.0,0.0,0.0,0.0,0.0,0.0,0.0,0.0,0.0,0.0,0.0,0.0,0.0,0.0,0.0,0.0,0.0,0.0,0.0,0.0,0.813980758190155,1.0434411764144897,7.868194416005281e-07,0.7629455327987671,0.9785242080688477,-0.03477775305509567,0.7536646127700806,0.8736051321029663,-0.05575034022331238,0.785381019115448,0.7967115044593811,-0.0779385194182396,0.8351962566375732,0.7573913335800171,-0.0987924337387085,0.810944676399231,0.7480894327163696,-0.03267071768641472,0.8293594717979431,0.6251211762428284,-0.05961236357688904,0.8458810448646545,0.5534698963165283,-0.0762234777212143,0.8645201921463013,0.49151769280433655,-0.08982614427804947,0.8647350668907166,0.7636058926582336,-0.03982648625969887,0.9293798208236694,0.640845775604248,-0.07166985422372818,0.9646434783935547,0.5714761018753052,-0.09505835920572281,0.9952052235603333,0.5173786878585815,-0.11104537546634674,0.9004130959510803,0.8043802380561829,-0.05097074806690216,0.9423735737800598,0.6864126920700073,-0.09884059429168701,0.9014792442321777,0.7217640280723572,-0.11458311229944229,0.8726253509521484,0.7700541019439697,-0.11588270962238312,0.9252399206161499,0.8616986870765686,-0.06384561955928802,0.9242147207260132,0.7924655675888062,-0.10734771192073822,0.8871433734893799,0.8145702481269836,-0.11875531077384949,0.8620220422744751,0.8545634746551514,-0.12017033994197845,ऐ
0.0,0.0,0.0,0.0,0.0,0.0,0.0,0.0,0.0,0.0,0.0,0.0,0.0,0.0,0.0,0.0,0.0,0.0,0.0,0.0,0.0,0.0,0.0,0.0,0.0,0.0,0.0,0.0,0.0,0.0,0.0,0.0,0.0,0.0,0.0,0.0,0.0,0.0,0.0,0.0,0.0,0.0,0.0,0.0,0.0,0.0,0.0,0.0,0.0,0.0,0.0,0.0,0.0,0.0,0.0,0.0,0.0,0.0,0.0,0.0,0.0,0.0,0.0,0.8136416077613831,1.030582070350647,7.872665150898683e-07,0.7587346434593201,0.9660837650299072,-0.03273243457078934,0.7504451274871826,0.8520795106887817,-0.04945598542690277,0.7927881479263306,0.7748104929924011,-0.06738277524709702,0.8508514165878296,0.7565416097640991,-0.08473517745733261,0.8083213567733765,0.7356547117233276,-0.025944774970412254,0.82878178358078,0.6151025295257568,-0.04820866510272026,0.8455067873001099,0.5433089733123779,-0.06169639900326729,0.8630934953689575,0.48202815651893616,-0.07335953414440155,0.8626115322113037,0.7515549659729004,-0.03203257545828819,0.9257047772407532,0.6313563585281372,-0.05996842682361603,0.9610978364944458,0.5614714622497559,-0.08039241284132004,0.9893199801445007,0.5087225437164307,-0.09407595545053482,0.8994179964065552,0.7905581593513489,-0.0422603115439415,0.9407819509506226,0.6793889999389648,-0.08938109874725342,0.9001567363739014,0.716787576675415,-0.10767504572868347,0.8693656921386719,0.7668878436088562,-0.11001743376255035,0.9246196150779724,0.8435839414596558,-0.053781360387802124,0.9202976822853088,0.7782782316207886,-0.09796644747257233,0.8805209994316101,0.8044079542160034,-0.11162091791629791,0.8526808023452759,0.8464128971099854,-0.1143888309597969,ऐ
0.0,0.0,0.0,0.0,0.0,0.0,0.0,0.0,0.0,0.0,0.0,0.0,0.0,0.0,0.0,0.0,0.0,0.0,0.0,0.0,0.0,0.0,0.0,0.0,0.0,0.0,0.0,0.0,0.0,0.0,0.0,0.0,0.0,0.0,0.0,0.0,0.0,0.0,0.0,0.0,0.0,0.0,0.0,0.0,0.0,0.0,0.0,0.0,0.0,0.0,0.0,0.0,0.0,0.0,0.0,0.0,0.0,0.0,0.0,0.0,0.0,0.0,0.0,0.8115140199661255,1.0223277807235718,8.085781360023248e-07,0.7611932754516602,0.956193208694458,-0.0337710864841938,0.7489104270935059,0.8476956486701965,-0.05351484194397926,0.7862723469734192,0.7721291780471802,-0.07443375885486603,0.8466329574584961,0.7528210282325745,-0.0943526178598404,0.8062474727630615,0.7312682867050171,-0.0303821824491024,0.8247454762458801,0.609382152557373,-0.055574677884578705,0.8421315550804138,0.5388389825820923,-0.07101806253194809,0.8622022271156311,0.4795006215572357,-0.08402479439973831,0.8595908880233765,0.7476261258125305,-0.03720911964774132,0.9222240447998047,0.6275001168251038,-0.06725656986236572,0.9594010710716248,0.5579817295074463,-0.08957091718912125,0.9914411902427673,0.5042970180511475,-0.1050427034497261,0.8948947787284851,0.7882665395736694,-0.047937311232089996,0.9374889135360718,0.6750837564468384,-0.0938417911529541,0.897831380367279,0.7143930792808533,-0.1084166020154953,0.8688969016075134,0.7639491558074951,-0.10910220444202423,0.9183972477912903,0.8441139459609985,-0.06043823063373566,0.9117088317871094,0.7794976234436035,-0.10234186053276062,0.8754441738128662,0.8069124221801758,-0.11295750737190247,0.852159321308136,0.8484001159667969,-0.11407031863927841,ऐ
0.0,0.0,0.0,0.0,0.0,0.0,0.0,0.0,0.0,0.0,0.0,0.0,0.0,0.0,0.0,0.0,0.0,0.0,0.0,0.0,0.0,0.0,0.0,0.0,0.0,0.0,0.0,0.0,0.0,0.0,0.0,0.0,0.0,0.0,0.0,0.0,0.0,0.0,0.0,0.0,0.0,0.0,0.0,0.0,0.0,0.0,0.0,0.0,0.0,0.0,0.0,0.0,0.0,0.0,0.0,0.0,0.0,0.0,0.0,0.0,0.0,0.0,0.0,0.8073959946632385,1.0193079710006714,8.196001886062732e-07,0.7561126351356506,0.9525826573371887,-0.03156555816531181,0.7473514080047607,0.8396191000938416,-0.04875559359788895,0.7899901270866394,0.7654584646224976,-0.06776529550552368,0.8503296971321106,0.7480106949806213,-0.08592355996370316,0.8038718700408936,0.7270353436470032,-0.025366228073835373,0.8248623013496399,0.607329785823822,-0.04881494492292404,0.8432062864303589,0.5377141237258911,-0.0635714903473854,0.8620414137840271,0.4795761704444885,-0.07634741812944412,0.8552456498146057,0.743817925453186,-0.03227841109037399,0.9187194108963013,0.6259362101554871,-0.0615515261888504,0.9544782638549805,0.559747040271759,-0.08312234282493591,0.9845873117446899,0.5082024335861206,-0.09794730693101883,0.889545202255249,0.7839549779891968,-0.04317263141274452,0.9318366646766663,0.67023766040802,-0.08851724863052368,0.8908477425575256,0.7120586633682251,-0.10312532633543015,0.8619643449783325,0.7637970447540283,-0.10372801125049591,0.9129926562309265,0.8398188352584839,-0.05574497580528259,0.9102887511253357,0.7752342820167542,-0.09755051881074905,0.8730783462524414,0.8013315796852112,-0.1089901402592659,0.8489568829536438,0.8425626158714294,-0.11072444915771484,ऐ
0.0,0.0,0.0,0.0,0.0,0.0,0.0,0.0,0.0,0.0,0.0,0.0,0.0,0.0,0.0,0.0,0.0,0.0,0.0,0.0,0.0,0.0,0.0,0.0,0.0,0.0,0.0,0.0,0.0,0.0,0.0,0.0,0.0,0.0,0.0,0.0,0.0,0.0,0.0,0.0,0.0,0.0,0.0,0.0,0.0,0.0,0.0,0.0,0.0,0.0,0.0,0.0,0.0,0.0,0.0,0.0,0.0,0.0,0.0,0.0,0.0,0.0,0.0,0.8077211380004883,1.0182161331176758,8.112828027151409e-07,0.751619815826416,0.9535057544708252,-0.03255406394600868,0.7433183193206787,0.8430164456367493,-0.049137916415929794,0.7839311361312866,0.76749187707901,-0.06674762070178986,0.8383141160011292,0.7384885549545288,-0.0836184099316597,0.8001037836074829,0.7275406718254089,-0.024407939985394478,0.8218532204627991,0.6080267429351807,-0.04647814854979515,0.8406720757484436,0.5380423069000244,-0.06133459508419037,0.8603668212890625,0.4793696701526642,-0.07427864521741867,0.8522977232933044,0.7437971234321594,-0.030208708718419075,0.9138205051422119,0.6243581771850586,-0.057281430810689926,0.9499058723449707,0.5562925934791565,-0.079901322722435,0.9801077842712402,0.5039945840835571,-0.09645688533782959,0.886798083782196,0.7828384041786194,-0.04012316092848778,0.9314546585083008,0.6706809401512146,-0.08485729247331619,0.8932324647903442,0.705498993396759,-0.1042095497250557,0.8633237481117249,0.7545120716094971,-0.10918036103248596,0.9100197553634644,0.8358232378959656,-0.05148141831159592,0.9104350209236145,0.7716844081878662,-0.0947808250784874,0.8746211528778076,0.797564685344696,-0.10943062603473663,0.8480995893478394,0.839510440826416,-0.11401402950286865,ऐ
0.0,0.0,0.0,0.0,0.0,0.0,0.0,0.0,0.0,0.0,0.0,0.0,0.0,0.0,0.0,0.0,0.0,0.0,0.0,0.0,0.0,0.0,0.0,0.0,0.0,0.0,0.0,0.0,0.0,0.0,0.0,0.0,0.0,0.0,0.0,0.0,0.0,0.0,0.0,0.0,0.0,0.0,0.0,0.0,0.0,0.0,0.0,0.0,0.0,0.0,0.0,0.0,0.0,0.0,0.0,0.0,0.0,0.0,0.0,0.0,0.0,0.0,0.0,0.7982926964759827,1.0129302740097046,7.860440973672667e-07,0.7461988925933838,0.9458320736885071,-0.03106207773089409,0.7393316030502319,0.8319649696350098,-0.04728655144572258,0.7823172807693481,0.7564758062362671,-0.0653892531991005,0.841500461101532,0.7400392293930054,-0.08296633511781693,0.7979992628097534,0.7218998670578003,-0.02460135705769062,0.820022702217102,0.6026679873466492,-0.04733026400208473,0.838402509689331,0.5341311693191528,-0.062161002308130264,0.8575673699378967,0.4756123423576355,-0.0751861035823822,0.849480390548706,0.7385238409042358,-0.03197908774018288,0.9111829996109009,0.6181862354278564,-0.060502033680677414,0.9460585117340088,0.5494705438613892,-0.08254559338092804,0.9757481813430786,0.49713078141212463,-0.09792976081371307,0.8834311366081238,0.7789028882980347,-0.043152499943971634,0.9277705550193787,0.6629961133003235,-0.0878821313381195,0.8864126205444336,0.7026833295822144,-0.10211427509784698,0.8562682271003723,0.7528935670852661,-0.10267877578735352,0.9061795473098755,0.8343953490257263,-0.056007664650678635,0.905705988407135,0.763500452041626,-0.09786397218704224,0.8691273331642151,0.7920340895652771,-0.10827600210905075,0.8448196649551392,0.8363143801689148,-0.10923537611961365,ऐ
0.0,0.0,0.0,0.0,0.0,0.0,0.0,0.0,0.0,0.0,0.0,0.0,0.0,0.0,0.0,0.0,0.0,0.0,0.0,0.0,0.0,0.0,0.0,0.0,0.0,0.0,0.0,0.0,0.0,0.0,0.0,0.0,0.0,0.0,0.0,0.0,0.0,0.0,0.0,0.0,0.0,0.0,0.0,0.0,0.0,0.0,0.0,0.0,0.0,0.0,0.0,0.0,0.0,0.0,0.0,0.0,0.0,0.0,0.0,0.0,0.0,0.0,0.0,0.799266517162323,1.0086381435394287,7.931295158414287e-07,0.7443723082542419,0.9442052841186523,-0.032365698367357254,0.7351446747779846,0.8321639895439148,-0.049720730632543564,0.7750945091247559,0.7562326788902283,-0.06806273013353348,0.8326810002326965,0.7336066365242004,-0.0859559029340744,0.7947651147842407,0.7228649258613586,-0.028797220438718796,0.8166560530662537,0.6003339290618896,-0.05138310045003891,0.8345158100128174,0.5308334231376648,-0.06599453091621399,0.8538010716438293,0.47203072905540466,-0.0789494663476944,0.8462146520614624,0.7385518550872803,-0.03484272211790085,0.9051374793052673,0.6149358153343201,-0.062475595623254776,0.9402719736099243,0.5463684797286987,-0.08435487747192383,0.9702455997467041,0.4950644075870514,-0.10041217505931854,0.8808295130729675,0.7772119045257568,-0.04447896406054497,0.9233017563819885,0.6568014621734619,-0.0882551521062851,0.8834095001220703,0.6944509744644165,-0.10447317361831665,0.8531266450881958,0.745333194732666,-0.10760065168142319,0.9048415422439575,0.8296273946762085,-0.05573428049683571,0.9007948637008667,0.7617009282112122,-0.09855616092681885,0.86431485414505,0.7893011569976807,-0.11171794682741165,0.8394959568977356,0.8320043683052063,-0.11522848904132843,ऐ
0.0,0.0,0.0,0.0,0.0,0.0,0.0,0.0,0.0,0.0,0.0,0.0,0.0,0.0,0.0,0.0,0.0,0.0,0.0,0.0,0.0,0.0,0.0,0.0,0.0,0.0,0.0,0.0,0.0,0.0,0.0,0.0,0.0,0.0,0.0,0.0,0.0,0.0,0.0,0.0,0.0,0.0,0.0,0.0,0.0,0.0,0.0,0.0,0.0,0.0,0.0,0.0,0.0,0.0,0.0,0.0,0.0,0.0,0.0,0.0,0.0,0.0,0.0,0.7923457026481628,1.0048105716705322,7.969865691848099e-07,0.7397730946540833,0.9379147291183472,-0.03388514369726181,0.7303133010864258,0.8302107453346252,-0.05331457406282425,0.7658448815345764,0.7518346905708313,-0.07425489276647568,0.8252285122871399,0.729031503200531,-0.0939672589302063,0.788221538066864,0.7201418876647949,-0.02727416530251503,0.8095757961273193,0.5984362363815308,-0.05213922634720802,0.8279725909233093,0.528821587562561,-0.06719215959310532,0.8480637669563293,0.47028282284736633,-0.07944445312023163,0.8403598070144653,0.7357010245323181,-0.033460672944784164,0.9013218879699707,0.6130462884902954,-0.06363916397094727,0.935297966003418,0.5439010858535767,-0.08535455167293549,0.9639790058135986,0.49097496271133423,-0.09969030320644379,0.8745525479316711,0.7734254002571106,-0.043777644634246826,0.917573094367981,0.6594622135162354,-0.09033656120300293,0.875064492225647,0.7027114629745483,-0.10363391041755676,0.8440943360328674,0.7549566626548767,-0.10243118554353714,0.8972153663635254,0.8251885771751404,-0.055891551077365875,0.8930999040603638,0.7585802674293518,-0.09748465567827225,0.8562824130058289,0.7876326441764832,-0.10696511715650558,0.83228600025177,0.8309255838394165,-0.10672486573457718,ऐ
0.0,0.0,0.0,0.0,0.0,0.0,0.0,0.0,0.0,0.0,0.0,0.0,0.0,0.0,0.0,0.0,0.0,0.0,0.0,0.0,0.0,0.0,0.0,0.0,0.0,0.0,0.0,0.0,0.0,0.0,0.0,0.0,0.0,0.0,0.0,0.0,0.0,0.0,0.0,0.0,0.0,0.0,0.0,0.0,0.0,0.0,0.0,0.0,0.0,0.0,0.0,0.0,0.0,0.0,0.0,0.0,0.0,0.0,0.0,0.0,0.0,0.0,0.0,0.7832872271537781,1.0083831548690796,8.113740932458313e-07,0.730513334274292,0.9389954805374146,-0.03155490756034851,0.7163569927215576,0.827527642250061,-0.050062019377946854,0.7520248889923096,0.7466291189193726,-0.07058452069759369,0.8142547607421875,0.7305242419242859,-0.08989306539297104,0.7780184745788574,0.7193021774291992,-0.026581931859254837,0.7972953915596008,0.5970373153686523,-0.05047336965799332,0.8145421147346497,0.5267006158828735,-0.06549826264381409,0.8324206471443176,0.46838125586509705,-0.07793103903532028,0.8293992280960083,0.7349702715873718,-0.03406253829598427,0.8897925019264221,0.6117027997970581,-0.06253622472286224,0.9212161302566528,0.5405340194702148,-0.08292990922927856,0.9476879239082336,0.4872712194919586,-0.09668807685375214,0.8643983602523804,0.7741054892539978,-0.045532986521720886,0.9014720916748047,0.6551975011825562,-0.08810068666934967,0.860285758972168,0.6913954019546509,-0.099735789000988,0.8326157927513123,0.7409024834632874,-0.09845861047506332,0.8885896801948547,0.8285101652145386,-0.05900730565190315,0.8867133259773254,0.7504884600639343,-0.09634062647819519,0.8507362008094788,0.7728620767593384,-0.10372831672430038,0.8280227184295654,0.8156837224960327,-0.10289841890335083,ऐ
0.0,0.0,0.0,0.0,0.0,0.0,0.0,0.0,0.0,0.0,0.0,0.0,0.0,0.0,0.0,0.0,0.0,0.0,0.0,0.0,0.0,0.0,0.0,0.0,0.0,0.0,0.0,0.0,0.0,0.0,0.0,0.0,0.0,0.0,0.0,0.0,0.0,0.0,0.0,0.0,0.0,0.0,0.0,0.0,0.0,0.0,0.0,0.0,0.0,0.0,0.0,0.0,0.0,0.0,0.0,0.0,0.0,0.0,0.0,0.0,0.0,0.0,0.0,0.7758848071098328,1.0000309944152832,8.158826858561952e-07,0.7189295887947083,0.939858078956604,-0.03398307412862778,0.70318603515625,0.8281029462814331,-0.05193169787526131,0.7378473877906799,0.7465914487838745,-0.07097247987985611,0.7961301207542419,0.7248073816299438,-0.0889139324426651,0.7650469541549683,0.7173824310302734,-0.029696911573410034,0.7826272249221802,0.5928727388381958,-0.052565235644578934,0.7985676527023315,0.5217596292495728,-0.06622802466154099,0.8154056072235107,0.4632102847099304,-0.07782959192991257,0.816093921661377,0.7315694093704224,-0.03546436131000519,0.8766117095947266,0.6052343845367432,-0.06349249184131622,0.9084586501121521,0.5344001650810242,-0.08327963203191757,0.9347705841064453,0.48146188259124756,-0.09671805053949356,0.84969162940979,0.7685349583625793,-0.045193690806627274,0.8888958096504211,0.6486588716506958,-0.08915592730045319,0.8481531143188477,0.6871161460876465,-0.1024986132979393,0.8194497227668762,0.737034797668457,-0.10252238810062408,0.8717394471168518,0.8203612565994263,-0.05681663379073143,0.8696033358573914,0.7485342621803284,-0.09722524136304855,0.8337846398353577,0.7758381962776184,-0.10706344991922379,0.8107011914253235,0.8190084099769592,-0.10789313167333603,ऐ
0.0,0.0,0.0,0.0,0.0,0.0,0.0,0.0,0.0,0.0,0.0,0.0,0.0,0.0,0.0,0.0,0.0,0.0,0.0,0.0,0.0,0.0,0.0,0.0,0.0,0.0,0.0,0.0,0.0,0.0,0.0,0.0,0.0,0.0,0.0,0.0,0.0,0.0,0.0,0.0,0.0,0.0,0.0,0.0,0.0,0.0,0.0,0.0,0.0,0.0,0.0,0.0,0.0,0.0,0.0,0.0,0.0,0.0,0.0,0.0,0.0,0.0,0.0,0.7583019137382507,0.998523473739624,8.467373504572606e-07,0.7045437693595886,0.9305920004844666,-0.03253262862563133,0.6918014287948608,0.8211440443992615,-0.051553379744291306,0.7235478162765503,0.7399694919586182,-0.07261360436677933,0.7858386635780334,0.7221043109893799,-0.0924825370311737,0.7543905377388,0.7112211585044861,-0.024417327716946602,0.7723031044006348,0.5881993174552917,-0.047688283026218414,0.7880082130432129,0.5177534818649292,-0.06235169991850853,0.8051451444625854,0.46050208806991577,-0.07508525997400284,0.8046321272850037,0.7287567853927612,-0.03186342492699623,0.8651351928710938,0.6031883955001831,-0.06145317479968071,0.89576655626297,0.5305713415145874,-0.08435873687267303,0.9224551916122437,0.47763529419898987,-0.10032215714454651,0.83722323179245,0.7689210772514343,-0.043313100934028625,0.8771794438362122,0.645294189453125,-0.08782540261745453,0.8350558876991272,0.6844092011451721,-0.10108411312103271,0.8066953420639038,0.7355928421020508,-0.10117939114570618,0.8584935665130615,0.8229905962944031,-0.05658533051609993,0.8506171703338623,0.7499893307685852,-0.09696846455335617,0.8152663707733154,0.7803019285202026,-0.10625506192445755,0.7955554723739624,0.8256606459617615,-0.1067657470703125,ऐ
0.0,0.0,0.0,0.0,0.0,0.0,0.0,0.0,0.0,0.0,0.0,0.0,0.0,0.0,0.0,0.0,0.0,0.0,0.0,0.0,0.0,0.0,0.0,0.0,0.0,0.0,0.0,0.0,0.0,0.0,0.0,0.0,0.0,0.0,0.0,0.0,0.0,0.0,0.0,0.0,0.0,0.0,0.0,0.0,0.0,0.0,0.0,0.0,0.0,0.0,0.0,0.0,0.0,0.0,0.0,0.0,0.0,0.0,0.0,0.0,0.0,0.0,0.0,0.7555208802223206,0.997504711151123,7.944126423353737e-07,0.7007376551628113,0.9292298555374146,-0.030336134135723114,0.6826993823051453,0.8191328048706055,-0.04840782284736633,0.7117588520050049,0.7380894422531128,-0.0688033252954483,0.7735692262649536,0.7230497002601624,-0.08787443488836288,0.7476978898048401,0.7099323868751526,-0.0239524245262146,0.7636428475379944,0.5899765491485596,-0.047254204750061035,0.7792669534683228,0.520472526550293,-0.06150998920202255,0.7963753938674927,0.4632364511489868,-0.07339377701282501,0.7974448204040527,0.7250885367393494,-0.03212869539856911,0.8561990857124329,0.6023079752922058,-0.06048284098505974,0.8854414820671082,0.5301843285560608,-0.07968214154243469,0.9103385806083679,0.47658103704452515,-0.09230179339647293,0.8305808305740356,0.7633040547370911,-0.04436921328306198,0.866256058216095,0.6441175937652588,-0.08863172680139542,0.8214783668518066,0.6839139461517334,-0.09915617853403091,0.791357696056366,0.7352938055992126,-0.09624464064836502,0.8523828983306885,0.8165181875228882,-0.05838984623551369,0.8456265926361084,0.739137589931488,-0.09782803058624268,0.8084016442298889,0.7666143774986267,-0.10464779287576675,0.7859163880348206,0.8121497631072998,-0.10268288850784302,ऐ
0.0,0.0,0.0,0.0,0.0,0.0,0.0,0.0,0.0,0.0,0.0,0.0,0.0,0.0,0.0,0.0,0.0,0.0,0.0,0.0,0.0,0.0,0.0,0.0,0.0,0.0,0.0,0.0,0.0,0.0,0.0,0.0,0.0,0.0,0.0,0.0,0.0,0.0,0.0,0.0,0.0,0.0,0.0,0.0,0.0,0.0,0.0,0.0,0.0,0.0,0.0,0.0,0.0,0.0,0.0,0.0,0.0,0.0,0.0,0.0,0.0,0.0,0.0,0.7468169331550598,0.992006778717041,8.229590662267583e-07,0.6946929097175598,0.9270486235618591,-0.030324628576636314,0.6785481572151184,0.8175373673439026,-0.04850582033395767,0.7058943510055542,0.7338790893554688,-0.06849216669797897,0.7676397562026978,0.7145618796348572,-0.08712027221918106,0.7390968799591064,0.7088343501091003,-0.025698458775877953,0.7555651068687439,0.5862917304039001,-0.04822247847914696,0.7706959843635559,0.5172405242919922,-0.06182335689663887,0.7877588868141174,0.46011972427368164,-0.0734834223985672,0.7882014513015747,0.7236632704734802,-0.033016104251146317,0.849236786365509,0.5993378162384033,-0.0601922832429409,0.8813233971595764,0.5284513235092163,-0.07929988950490952,0.9083848595619202,0.4760214388370514,-0.09253860265016556,0.8211917281150818,0.7612947225570679,-0.04404954984784126,0.8586925268173218,0.6415324211120605,-0.08597709238529205,0.8168792724609375,0.6776368618011475,-0.09726601094007492,0.78778475522995,0.7268691658973694,-0.09635540097951889,0.8434253931045532,0.8135461211204529,-0.05688042566180229,0.8383462429046631,0.7400141358375549,-0.09542571008205414,0.803715169429779,0.7669585943222046,-0.10354451835155487,0.7828675508499146,0.8113039135932922,-0.10333330929279327,ऐ
0.0,0.0,0.0,0.0,0.0,0.0,0.0,0.0,0.0,0.0,0.0,0.0,0.0,0.0,0.0,0.0,0.0,0.0,0.0,0.0,0.0,0.0,0.0,0.0,0.0,0.0,0.0,0.0,0.0,0.0,0.0,0.0,0.0,0.0,0.0,0.0,0.0,0.0,0.0,0.0,0.0,0.0,0.0,0.0,0.0,0.0,0.0,0.0,0.0,0.0,0.0,0.0,0.0,0.0,0.0,0.0,0.0,0.0,0.0,0.0,0.0,0.0,0.0,0.7458539009094238,0.9912728667259216,8.533242521480133e-07,0.691053569316864,0.9254892468452454,-0.03091440536081791,0.6758762001991272,0.8153612613677979,-0.04867233335971832,0.7029145359992981,0.7309929132461548,-0.0680859312415123,0.7633617520332336,0.7096529603004456,-0.0858108326792717,0.7356784343719482,0.7066740393638611,-0.023107046261429787,0.750365674495697,0.582905113697052,-0.044032640755176544,0.7645913362503052,0.5133556723594666,-0.05666996166110039,0.7813032269477844,0.4555324912071228,-0.06768972426652908,0.783970832824707,0.7201551198959351,-0.02920473739504814,0.8464362621307373,0.5998702049255371,-0.05461036041378975,0.8819139003753662,0.5309213399887085,-0.07251548767089844,0.9117165803909302,0.4787786304950714,-0.08498775213956833,0.8163342475891113,0.7562403678894043,-0.03940140828490257,0.854996383190155,0.6403529644012451,-0.08032699674367905,0.8109369874000549,0.6763767600059509,-0.09300849586725235,0.7790455222129822,0.7254670262336731,-0.09301795810461044,0.8379537463188171,0.8061195611953735,-0.05146323889493942,0.8362284898757935,0.7339312434196472,-0.08964207768440247,0.8006892800331116,0.7568857669830322,-0.09942696243524551,0.7767422795295715,0.7976441979408264,-0.10053019970655441,ऐ
0.0,0.0,0.0,0.0,0.0,0.0,0.0,0.0,0.0,0.0,0.0,0.0,0.0,0.0,0.0,0.0,0.0,0.0,0.0,0.0,0.0,0.0,0.0,0.0,0.0,0.0,0.0,0.0,0.0,0.0,0.0,0.0,0.0,0.0,0.0,0.0,0.0,0.0,0.0,0.0,0.0,0.0,0.0,0.0,0.0,0.0,0.0,0.0,0.0,0.0,0.0,0.0,0.0,0.0,0.0,0.0,0.0,0.0,0.0,0.0,0.0,0.0,0.0,0.7388569116592407,0.9844570755958557,8.580195753893349e-07,0.6839739084243774,0.9200611710548401,-0.031649794429540634,0.6666032075881958,0.8082296252250671,-0.04896460473537445,0.6918942928314209,0.720488429069519,-0.06813830137252808,0.7540727853775024,0.7033678293228149,-0.08595941960811615,0.7259983420372009,0.7055977582931519,-0.023150091990828514,0.7398025393486023,0.5811729431152344,-0.04358960688114166,0.7543206810951233,0.5094423890113831,-0.05618959292769432,0.7711393237113953,0.4511975646018982,-0.06753646582365036,0.7737932801246643,0.7180323600769043,-0.028967075049877167,0.8357238173484802,0.595708966255188,-0.05413130298256874,0.8714141845703125,0.5245656967163086,-0.07329452782869339,0.9005897045135498,0.47377315163612366,-0.08702453225851059,0.8056161999702454,0.7523528337478638,-0.03890882804989815,0.8445889353752136,0.6315343379974365,-0.07805290073156357,0.8040845394134521,0.6545599699020386,-0.0931277796626091,0.7741213440895081,0.6970068216323853,-0.09590102732181549,0.8269976377487183,0.7995175719261169,-0.050874438136816025,0.8268216848373413,0.722591757774353,-0.08687452226877213,0.7936777472496033,0.7413271069526672,-0.0981622040271759,0.7713074088096619,0.7820175886154175,-0.10145330429077148,ऐ
0.0,0.0,0.0,0.0,0.0,0.0,0.0,0.0,0.0,0.0,0.0,0.0,0.0,0.0,0.0,0.0,0.0,0.0,0.0,0.0,0.0,0.0,0.0,0.0,0.0,0.0,0.0,0.0,0.0,0.0,0.0,0.0,0.0,0.0,0.0,0.0,0.0,0.0,0.0,0.0,0.0,0.0,0.0,0.0,0.0,0.0,0.0,0.0,0.0,0.0,0.0,0.0,0.0,0.0,0.0,0.0,0.0,0.0,0.0,0.0,0.0,0.0,0.0,0.7318562865257263,0.9794306755065918,8.815847536425281e-07,0.6782630681991577,0.9124354720115662,-0.03262242674827576,0.6620522737503052,0.8063178658485413,-0.05186649039387703,0.6864745020866394,0.7191378474235535,-0.07335265725851059,0.7475913166999817,0.6990319490432739,-0.09295106679201126,0.7198464870452881,0.696826696395874,-0.020780766382813454,0.7335137128829956,0.5736929178237915,-0.04264659807085991,0.7482739090919495,0.5032296776771545,-0.05614915117621422,0.7655563354492188,0.4485986530780792,-0.0676194429397583,0.7684332728385925,0.7121710777282715,-0.0272385086864233,0.8288789987564087,0.5903605222702026,-0.05502863973379135,0.8633368015289307,0.5168705582618713,-0.07631422579288483,0.8922417163848877,0.467361181974411,-0.09088676422834396,0.8003866076469421,0.7490058541297913,-0.03826337307691574,0.8406040072441101,0.629795491695404,-0.07910711318254471,0.8003904819488525,0.6526167392730713,-0.09364914894104004,0.7707592844963074,0.694822371006012,-0.0953330546617508,0.8208031058311462,0.7977332472801208,-0.05142480507493019,0.816216766834259,0.7225062251091003,-0.08851227164268494,0.7831767797470093,0.7422906756401062,-0.09896811097860336,0.7613435983657837,0.783084511756897,-0.10084445029497147,ऐ
0.0,0.0,0.0,0.0,0.0,0.0,0.0,0.0,0.0,0.0,0.0,0.0,0.0,0.0,0.0,0.0,0.0,0.0,0.0,0.0,0.0,0.0,0.0,0.0,0.0,0.0,0.0,0.0,0.0,0.0,0.0,0.0,0.0,0.0,0.0,0.0,0.0,0.0,0.0,0.0,0.0,0.0,0.0,0.0,0.0,0.0,0.0,0.0,0.0,0.0,0.0,0.0,0.0,0.0,0.0,0.0,0.0,0.0,0.0,0.0,0.0,0.0,0.0,0.7267591953277588,0.9777059555053711,8.573086915930617e-07,0.6733601689338684,0.9122089147567749,-0.029950497671961784,0.6570090651512146,0.8041726350784302,-0.04795139655470848,0.6783065795898438,0.7167758941650391,-0.06838961690664291,0.7391421794891357,0.7014241814613342,-0.08727136999368668,0.7188642024993896,0.6970318555831909,-0.022342825308442116,0.7309486269950867,0.5759308338165283,-0.04486284404993057,0.7443107962608337,0.5061770081520081,-0.059011783450841904,0.7602156400680542,0.4500619173049927,-0.07140251994132996,0.7665355801582336,0.7116272449493408,-0.030203858390450478,0.8275083899497986,0.5898239612579346,-0.058346301317214966,0.8602691888809204,0.5173396468162537,-0.07904332876205444,0.8875004053115845,0.4670901894569397,-0.09336287528276443,0.7974843382835388,0.7491278052330017,-0.042004626244306564,0.8337127566337585,0.6273127198219299,-0.08250062167644501,0.7921741008758545,0.655434250831604,-0.09407243877649307,0.7636951208114624,0.6999793648719788,-0.0938040241599083,0.8169777393341064,0.7995903491973877,-0.055909737944602966,0.8101299405097961,0.7227765321731567,-0.09273118525743484,0.7764587998390198,0.7473925352096558,-0.10111486911773682,0.7568531632423401,0.7910066843032837,-0.10151463001966476,ऐ
0.0,0.0,0.0,0.0,0.0,0.0,0.0,0.0,0.0,0.0,0.0,0.0,0.0,0.0,0.0,0.0,0.0,0.0,0.0,0.0,0.0,0.0,0.0,0.0,0.0,0.0,0.0,0.0,0.0,0.0,0.0,0.0,0.0,0.0,0.0,0.0,0.0,0.0,0.0,0.0,0.0,0.0,0.0,0.0,0.0,0.0,0.0,0.0,0.0,0.0,0.0,0.0,0.0,0.0,0.0,0.0,0.0,0.0,0.0,0.0,0.0,0.0,0.0,0.7310895919799805,0.9795849323272705,8.42316865146131e-07,0.6747669577598572,0.9164026379585266,-0.03128217160701752,0.6572206616401672,0.8074809312820435,-0.048989586532115936,0.6787786483764648,0.7194644212722778,-0.06834375858306885,0.7373999953269958,0.6983490586280823,-0.08602681010961533,0.7157160043716431,0.6998739838600159,-0.023220311850309372,0.7280043959617615,0.5759732127189636,-0.045498184859752655,0.7416775822639465,0.5057899951934814,-0.059403300285339355,0.7582400441169739,0.4482930898666382,-0.07135763019323349,0.7645030617713928,0.7130669951438904,-0.029618196189403534,0.8251575827598572,0.5906471610069275,-0.05703981593251228,0.8588758707046509,0.5189830660820007,-0.0767131820321083,0.8867359757423401,0.46665239334106445,-0.0902421772480011,0.796676754951477,0.7481507658958435,-0.040122419595718384,0.8332227468490601,0.6265991926193237,-0.0820407122373581,0.792557418346405,0.6573534607887268,-0.0948057547211647,0.764012336730957,0.7031504511833191,-0.09492054581642151,0.8177146911621094,0.7961568832397461,-0.05256647244095802,0.811250627040863,0.7218947410583496,-0.09169836342334747,0.7771720886230469,0.7474752068519592,-0.1014665961265564,0.7566296458244324,0.7904546856880188,-0.10241082310676575,ऐ
0.0,0.0,0.0,0.0,0.0,0.0,0.0,0.0,0.0,0.0,0.0,0.0,0.0,0.0,0.0,0.0,0.0,0.0,0.0,0.0,0.0,0.0,0.0,0.0,0.0,0.0,0.0,0.0,0.0,0.0,0.0,0.0,0.0,0.0,0.0,0.0,0.0,0.0,0.0,0.0,0.0,0.0,0.0,0.0,0.0,0.0,0.0,0.0,0.0,0.0,0.0,0.0,0.0,0.0,0.0,0.0,0.0,0.0,0.0,0.0,0.0,0.0,0.0,0.7322646975517273,0.9805401563644409,8.364598897969699e-07,0.6773117780685425,0.9178755879402161,-0.030490631237626076,0.6592466235160828,0.809123694896698,-0.04861454293131828,0.6804310083389282,0.7225975394248962,-0.0687493309378624,0.7387890219688416,0.7008559703826904,-0.08738069236278534,0.7198604345321655,0.7063069343566895,-0.024668941274285316,0.7325120568275452,0.5811840295791626,-0.04784341901540756,0.7455909848213196,0.5101264119148254,-0.061443034559488297,0.7617283463478088,0.4515765309333801,-0.07285722345113754,0.7671867609024048,0.7186501622200012,-0.031542595475912094,0.8278759717941284,0.5937597751617432,-0.059487566351890564,0.8618053793907166,0.5218467712402344,-0.0782003402709961,0.8899506330490112,0.46930649876594543,-0.09064451605081558,0.7993934154510498,0.7526830434799194,-0.042380545288324356,0.8348859548568726,0.6276639699935913,-0.08507739752531052,0.7928527593612671,0.6597942113876343,-0.09684567898511887,0.7631552815437317,0.7092825770378113,-0.09569007158279419,0.821990966796875,0.7998921871185303,-0.05512640252709389,0.8182019591331482,0.7211243510246277,-0.09433836489915848,0.7835684418678284,0.7467568516731262,-0.10335688292980194,0.7619262933731079,0.7928005456924438,-0.10349240154027939,ऐ
0.0,0.0,0.0,0.0,0.0,0.0,0.0,0.0,0.0,0.0,0.0,0.0,0.0,0.0,0.0,0.0,0.0,0.0,0.0,0.0,0.0,0.0,0.0,0.0,0.0,0.0,0.0,0.0,0.0,0.0,0.0,0.0,0.0,0.0,0.0,0.0,0.0,0.0,0.0,0.0,0.0,0.0,0.0,0.0,0.0,0.0,0.0,0.0,0.0,0.0,0.0,0.0,0.0,0.0,0.0,0.0,0.0,0.0,0.0,0.0,0.0,0.0,0.0,0.7298896312713623,0.9742698669433594,8.440428587164206e-07,0.6782845258712769,0.9100369811058044,-0.030140195041894913,0.6643821001052856,0.8050940632820129,-0.04876543954014778,0.687518835067749,0.7227422595024109,-0.06966817378997803,0.7461267113685608,0.7016922831535339,-0.08905980736017227,0.723374605178833,0.6907340288162231,-0.021466273814439774,0.7373151183128357,0.5701984167098999,-0.043885037302970886,0.7503043413162231,0.5026662945747375,-0.05798735469579697,0.766740083694458,0.44626671075820923,-0.06983921676874161,0.7706573009490967,0.7059116959571838,-0.028970619663596153,0.8319430947303772,0.5864733457565308,-0.05600547790527344,0.8661807179450989,0.5180348753929138,-0.07550515234470367,0.8949421644210815,0.4671802818775177,-0.08882734179496765,0.8027806878089905,0.7435926198959351,-0.04068470746278763,0.8432518839836121,0.6283870935440063,-0.08355072140693665,0.7985109686851501,0.6649377346038818,-0.09716066718101501,0.7659915089607239,0.715147078037262,-0.09729129076004028,0.8238653540611267,0.7943992614746094,-0.05413288623094559,0.8239222764968872,0.7217536568641663,-0.09351257979869843,0.7875487804412842,0.7477654814720154,-0.10311512649059296,0.7627713084220886,0.7919851541519165,-0.10368499159812927,ऐ
0.0,0.0,0.0,0.0,0.0,0.0,0.0,0.0,0.0,0.0,0.0,0.0,0.0,0.0,0.0,0.0,0.0,0.0,0.0,0.0,0.0,0.0,0.0,0.0,0.0,0.0,0.0,0.0,0.0,0.0,0.0,0.0,0.0,0.0,0.0,0.0,0.0,0.0,0.0,0.0,0.0,0.0,0.0,0.0,0.0,0.0,0.0,0.0,0.0,0.0,0.0,0.0,0.0,0.0,0.0,0.0,0.0,0.0,0.0,0.0,0.0,0.0,0.0,0.7342525720596313,0.9752665162086487,8.560484161534987e-07,0.6795259714126587,0.9108321070671082,-0.030762217938899994,0.66327303647995,0.8030734062194824,-0.04871286824345589,0.6884415149688721,0.717355489730835,-0.06844614446163177,0.7487083077430725,0.6994408369064331,-0.08652367442846298,0.7240371704101562,0.6967319250106812,-0.0236393790692091,0.7379932403564453,0.5747016072273254,-0.045742884278297424,0.7519960999488831,0.5059048533439636,-0.059185173362493515,0.7687110900878906,0.4490317106246948,-0.07079631090164185,0.7716479897499084,0.709882915019989,-0.030139895156025887,0.8336264491081238,0.5885217189788818,-0.05694342032074928,0.8682677149772644,0.5177924036979675,-0.07534883171319962,0.8970984816551208,0.46713292598724365,-0.08784911036491394,0.8032824397087097,0.7460245490074158,-0.040676772594451904,0.8408910036087036,0.6245201826095581,-0.08214235305786133,0.8002215623855591,0.6589058041572571,-0.09322454780340195,0.7720257043838501,0.7090850472450256,-0.09182479977607727,0.8245149254798889,0.7959952354431152,-0.053185977041721344,0.8204171061515808,0.7203084230422974,-0.09193365275859833,0.786638081073761,0.7469776272773743,-0.1005377471446991,0.7661124467849731,0.792802631855011,-0.10030612349510193,ऐ
0.0,0.0,0.0,0.0,0.0,0.0,0.0,0.0,0.0,0.0,0.0,0.0,0.0,0.0,0.0,0.0,0.0,0.0,0.0,0.0,0.0,0.0,0.0,0.0,0.0,0.0,0.0,0.0,0.0,0.0,0.0,0.0,0.0,0.0,0.0,0.0,0.0,0.0,0.0,0.0,0.0,0.0,0.0,0.0,0.0,0.0,0.0,0.0,0.0,0.0,0.0,0.0,0.0,0.0,0.0,0.0,0.0,0.0,0.0,0.0,0.0,0.0,0.0,0.7342333793640137,0.9798675179481506,8.403669653489487e-07,0.6810789108276367,0.9136939644813538,-0.030019350349903107,0.6651871800422668,0.8044611215591431,-0.04761125147342682,0.6889433264732361,0.7179226875305176,-0.06766663491725922,0.7501650452613831,0.7004650235176086,-0.0859379842877388,0.7240267395973206,0.6987978219985962,-0.02121461182832718,0.7374163866043091,0.5762618780136108,-0.04264790937304497,0.7518386840820312,0.5074684023857117,-0.05571252852678299,0.7684669494628906,0.45008617639541626,-0.06738747656345367,0.7722441554069519,0.7113632559776306,-0.02862728387117386,0.8338088393211365,0.591245174407959,-0.05602158606052399,0.8682847619056702,0.5220140814781189,-0.07544206827878952,0.896767795085907,0.4721732437610626,-0.08865928649902344,0.803504467010498,0.7470171451568604,-0.04003891348838806,0.8380966782569885,0.6272194981575012,-0.08105475455522537,0.7966614365577698,0.6635560393333435,-0.09129120409488678,0.7685558199882507,0.7130905389785767,-0.0894850343465805,0.8252372145652771,0.7965341210365295,-0.05352317541837692,0.8203563690185547,0.720138430595398,-0.09000891447067261,0.7855738997459412,0.7469901442527771,-0.0972861796617508,0.7642396688461304,0.7922030687332153,-0.09670650959014893,ऐ
0.0,0.0,0.0,0.0,0.0,0.0,0.0,0.0,0.0,0.0,0.0,0.0,0.0,0.0,0.0,0.0,0.0,0.0,0.0,0.0,0.0,0.0,0.0,0.0,0.0,0.0,0.0,0.0,0.0,0.0,0.0,0.0,0.0,0.0,0.0,0.0,0.0,0.0,0.0,0.0,0.0,0.0,0.0,0.0,0.0,0.0,0.0,0.0,0.0,0.0,0.0,0.0,0.0,0.0,0.0,0.0,0.0,0.0,0.0,0.0,0.0,0.0,0.0,0.7363420724868774,0.9760754704475403,8.27075666620658e-07,0.682877779006958,0.9105240702629089,-0.029613828286528587,0.6669708490371704,0.8032031655311584,-0.047349732369184494,0.6893542408943176,0.7180259227752686,-0.0672711431980133,0.7494837641716003,0.6956604719161987,-0.08563739061355591,0.7249772548675537,0.6965360045433044,-0.021003853529691696,0.7382622957229614,0.5721476078033447,-0.04348796233534813,0.7523473501205444,0.5022855997085571,-0.05720090866088867,0.7695759534835815,0.4449400007724762,-0.06872210651636124,0.7720878720283508,0.7096441388130188,-0.02809637226164341,0.8328972458839417,0.5862998962402344,-0.05548601970076561,0.8674716353416443,0.5156345367431641,-0.07522741705179214,0.8962603211402893,0.46480458974838257,-0.08875614404678345,0.8040982484817505,0.7446959018707275,-0.03923676162958145,0.8438197374343872,0.624288022518158,-0.0814095214009285,0.802423357963562,0.6573137044906616,-0.09407700598239899,0.7723022699356079,0.7065187096595764,-0.09384565055370331,0.8261114358901978,0.7927541732788086,-0.05212490260601044,0.8236783146858215,0.7180300354957581,-0.09094595909118652,0.7901235222816467,0.7451040148735046,-0.10001051425933838,0.7684193849563599,0.7911770939826965,-0.10032948851585388,ऐ
0.0,0.0,0.0,0.0,0.0,0.0,0.0,0.0,0.0,0.0,0.0,0.0,0.0,0.0,0.0,0.0,0.0,0.0,0.0,0.0,0.0,0.0,0.0,0.0,0.0,0.0,0.0,0.0,0.0,0.0,0.0,0.0,0.0,0.0,0.0,0.0,0.0,0.0,0.0,0.0,0.0,0.0,0.0,0.0,0.0,0.0,0.0,0.0,0.0,0.0,0.0,0.0,0.0,0.0,0.0,0.0,0.0,0.0,0.0,0.0,0.0,0.0,0.0,0.7359539270401001,0.9761806726455688,8.618373499302834e-07,0.6819348335266113,0.908200740814209,-0.031059490516781807,0.6678279638290405,0.8027669787406921,-0.05032971128821373,0.6903928518295288,0.7198198437690735,-0.07196401059627533,0.7492298483848572,0.6964371800422668,-0.09196246415376663,0.7259597182273865,0.6969373226165771,-0.02299611270427704,0.7403709888458252,0.573616087436676,-0.047138456255197525,0.7555267810821533,0.5038666129112244,-0.06148184835910797,0.7734526991844177,0.4464428126811981,-0.07298185676336288,0.7739216089248657,0.7110925912857056,-0.029968386515975,0.8359476327896118,0.588869035243988,-0.058128438889980316,0.871044933795929,0.5200179815292358,-0.07626102864742279,0.8998080492019653,0.46920302510261536,-0.08777492493391037,0.8063734173774719,0.7474628686904907,-0.041328687220811844,0.8395937085151672,0.6274098753929138,-0.08488154411315918,0.7976046800613403,0.6649541258811951,-0.09532102197408676,0.7694259285926819,0.716077446937561,-0.09249512851238251,0.8282958269119263,0.7973233461380005,-0.05463212728500366,0.8228057622909546,0.7213394045829773,-0.09347661584615707,0.7881253957748413,0.7486986517906189,-0.10082238167524338,0.7676537036895752,0.7939282655715942,-0.09930532425642014,ऐ
0.0,0.0,0.0,0.0,0.0,0.0,0.0,0.0,0.0,0.0,0.0,0.0,0.0,0.0,0.0,0.0,0.0,0.0,0.0,0.0,0.0,0.0,0.0,0.0,0.0,0.0,0.0,0.0,0.0,0.0,0.0,0.0,0.0,0.0,0.0,0.0,0.0,0.0,0.0,0.0,0.0,0.0,0.0,0.0,0.0,0.0,0.0,0.0,0.0,0.0,0.0,0.0,0.0,0.0,0.0,0.0,0.0,0.0,0.0,0.0,0.0,0.0,0.0,0.7351688742637634,0.9758474826812744,8.605649668425031e-07,0.682671070098877,0.9077505469322205,-0.030441144481301308,0.6674555540084839,0.8011050224304199,-0.04861767962574959,0.6938669085502625,0.719929575920105,-0.06895653903484344,0.7537089586257935,0.700752317905426,-0.08769163489341736,0.7282713055610657,0.6928851008415222,-0.02225668355822563,0.7426602244377136,0.5706292390823364,-0.04395361989736557,0.7566224336624146,0.5020534992218018,-0.05768432468175888,0.7731815576553345,0.44564130902290344,-0.06949017941951752,0.775270938873291,0.7071911096572876,-0.02907051518559456,0.8373904228210449,0.5867056250572205,-0.05510130524635315,0.8722482323646545,0.5183444023132324,-0.07411091774702072,0.9015067219734192,0.46724647283554077,-0.08747174590826035,0.8063116669654846,0.7445400357246399,-0.04002592712640762,0.8468629121780396,0.6290720701217651,-0.08027149736881256,0.8038884401321411,0.6637089252471924,-0.09271840751171112,0.7723340392112732,0.7115905284881592,-0.09298358112573624,0.8262400031089783,0.796074628829956,-0.052999332547187805,0.8274794220924377,0.7249241471290588,-0.08954358845949173,0.7925412654876709,0.7471564412117004,-0.09854070842266083,0.7686977386474609,0.7870326638221741,-0.09955078363418579,ऐ
0.0,0.0,0.0,0.0,0.0,0.0,0.0,0.0,0.0,0.0,0.0,0.0,0.0,0.0,0.0,0.0,0.0,0.0,0.0,0.0,0.0,0.0,0.0,0.0,0.0,0.0,0.0,0.0,0.0,0.0,0.0,0.0,0.0,0.0,0.0,0.0,0.0,0.0,0.0,0.0,0.0,0.0,0.0,0.0,0.0,0.0,0.0,0.0,0.0,0.0,0.0,0.0,0.0,0.0,0.0,0.0,0.0,0.0,0.0,0.0,0.0,0.0,0.0,0.7368950247764587,0.9777994155883789,8.695976134731609e-07,0.6852622032165527,0.9124536514282227,-0.03184131532907486,0.6695836782455444,0.8044922351837158,-0.051641736179590225,0.691124677658081,0.7174132466316223,-0.07385242730379105,0.7506939768791199,0.6965957880020142,-0.09407804906368256,0.7287042140960693,0.6977344751358032,-0.02505543641746044,0.743006706237793,0.5745598077774048,-0.049533408135175705,0.7573404312133789,0.5048667788505554,-0.06445211172103882,0.7744141817092896,0.4481697082519531,-0.07710181921720505,0.7764862179756165,0.7111837863922119,-0.03221549838781357,0.8389813899993896,0.5886539220809937,-0.061644766479730606,0.8724983930587769,0.5194670557975769,-0.08211098611354828,0.90167635679245,0.46709227561950684,-0.09598167985677719,0.8077292442321777,0.7477654218673706,-0.043467286974191666,0.8451342582702637,0.6250479817390442,-0.08547486364841461,0.8010944724082947,0.6631577014923096,-0.09471021592617035,0.7715446949005127,0.7137282490730286,-0.09200026839971542,0.8289727568626404,0.7985990047454834,-0.05708518996834755,0.8258136510848999,0.7220470905303955,-0.09443770349025726,0.7908002138137817,0.7452017664909363,-0.1019265279173851,0.7694345116615295,0.7872602343559265,-0.10117930173873901,ऐ
0.0,0.0,0.0,0.0,0.0,0.0,0.0,0.0,0.0,0.0,0.0,0.0,0.0,0.0,0.0,0.0,0.0,0.0,0.0,0.0,0.0,0.0,0.0,0.0,0.0,0.0,0.0,0.0,0.0,0.0,0.0,0.0,0.0,0.0,0.0,0.0,0.0,0.0,0.0,0.0,0.0,0.0,0.0,0.0,0.0,0.0,0.0,0.0,0.0,0.0,0.0,0.0,0.0,0.0,0.0,0.0,0.0,0.0,0.0,0.0,0.0,0.0,0.0,0.7351773381233215,0.9775593280792236,8.44522560328187e-07,0.6828179359436035,0.9118167161941528,-0.0299078356474638,0.6674314737319946,0.8042100071907043,-0.048380639404058456,0.6914812922477722,0.7214388847351074,-0.0692301094532013,0.7511836886405945,0.7018641233444214,-0.08863616734743118,0.7278764247894287,0.6978548169136047,-0.02371225878596306,0.7412351965904236,0.5750091075897217,-0.047047775238752365,0.7556754946708679,0.5060657262802124,-0.06136484444141388,0.7731226086616516,0.4491569995880127,-0.07342299073934555,0.7753809690475464,0.7119830250740051,-0.031213531270623207,0.8370689749717712,0.5908209085464478,-0.05894484743475914,0.8720707297325134,0.5221250653266907,-0.07852642983198166,0.9019167423248291,0.47027522325515747,-0.09199266135692596,0.8071064949035645,0.7484874129295349,-0.04271300882101059,0.8442596197128296,0.6293853521347046,-0.08500364422798157,0.8012380599975586,0.6651736497879028,-0.0974365770816803,0.7718676328659058,0.7159947752952576,-0.09700744599103928,0.8277748823165894,0.7988924980163574,-0.05610597878694534,0.824621856212616,0.7250484228134155,-0.09450454264879227,0.7884684801101685,0.7497701644897461,-0.1039004772901535,0.7659885883331299,0.7936867475509644,-0.10465458780527115,ऐ
0.0,0.0,0.0,0.0,0.0,0.0,0.0,0.0,0.0,0.0,0.0,0.0,0.0,0.0,0.0,0.0,0.0,0.0,0.0,0.0,0.0,0.0,0.0,0.0,0.0,0.0,0.0,0.0,0.0,0.0,0.0,0.0,0.0,0.0,0.0,0.0,0.0,0.0,0.0,0.0,0.0,0.0,0.0,0.0,0.0,0.0,0.0,0.0,0.0,0.0,0.0,0.0,0.0,0.0,0.0,0.0,0.0,0.0,0.0,0.0,0.0,0.0,0.0,0.7354007363319397,0.9759128093719482,8.714709451851377e-07,0.6829014420509338,0.9113898277282715,-0.032770149409770966,0.6677142977714539,0.8066946864128113,-0.05307899788022041,0.6903032064437866,0.7248077392578125,-0.0752042829990387,0.7486127018928528,0.6992695331573486,-0.09568268060684204,0.7265903353691101,0.6968753933906555,-0.02627241425216198,0.7411567568778992,0.5738088488578796,-0.050362881273031235,0.755068838596344,0.5047317743301392,-0.06478364765644073,0.7723240256309509,0.4476782977581024,-0.0766770988702774,0.7743566036224365,0.7118109464645386,-0.033143460750579834,0.8369641304016113,0.5891231894493103,-0.06207658350467682,0.8714288473129272,0.520027756690979,-0.08224374055862427,0.9014551043510437,0.46778959035873413,-0.09579779952764511,0.8058803081512451,0.7490148544311523,-0.04423511400818825,0.8442274332046509,0.6275154948234558,-0.08864052593708038,0.8005124926567078,0.664079487323761,-0.10169591754674911,0.7709409594535828,0.7138462066650391,-0.10127054154872894,0.8265948295593262,0.799105167388916,-0.05721569433808327,0.8226627111434937,0.7237085103988647,-0.09757794439792633,0.7865731716156006,0.7501175403594971,-0.10698772966861725,0.7646222114562988,0.7941012382507324,-0.10731785744428635,ऐ
0.0,0.0,0.0,0.0,0.0,0.0,0.0,0.0,0.0,0.0,0.0,0.0,0.0,0.0,0.0,0.0,0.0,0.0,0.0,0.0,0.0,0.0,0.0,0.0,0.0,0.0,0.0,0.0,0.0,0.0,0.0,0.0,0.0,0.0,0.0,0.0,0.0,0.0,0.0,0.0,0.0,0.0,0.0,0.0,0.0,0.0,0.0,0.0,0.0,0.0,0.0,0.0,0.0,0.0,0.0,0.0,0.0,0.0,0.0,0.0,0.0,0.0,0.0,0.7401850819587708,0.9834285974502563,8.540337717022339e-07,0.685599684715271,0.9223175048828125,-0.030836764723062515,0.6677389144897461,0.8146523237228394,-0.049408119171857834,0.6910539269447327,0.7310516238212585,-0.069808728992939,0.7488647699356079,0.7096483111381531,-0.08847060799598694,0.7282553315162659,0.7010873556137085,-0.023388151079416275,0.7416995167732239,0.5778010487556458,-0.04457782208919525,0.7553966641426086,0.5088083744049072,-0.056967929005622864,0.7715960144996643,0.4531024396419525,-0.06763825565576553,0.7758321166038513,0.7153449058532715,-0.030291248112916946,0.8376120924949646,0.5932165384292603,-0.05628093332052231,0.8718770146369934,0.5241713523864746,-0.07448744028806686,0.9004948139190674,0.47369131445884705,-0.08677461743354797,0.8075445294380188,0.7519495487213135,-0.04125288128852844,0.843477189540863,0.6326490640640259,-0.08277833461761475,0.802151083946228,0.6669541001319885,-0.09547169506549835,0.7738245725631714,0.7160705327987671,-0.09537763893604279,0.8284672498703003,0.8022706508636475,-0.05401100218296051,0.8225398659706116,0.730793297290802,-0.09274116158485413,0.7885557413101196,0.7585954666137695,-0.10222964733839035,0.7689534425735474,0.8030762076377869,-0.10287287831306458,ऐ
0.0,0.0,0.0,0.0,0.0,0.0,0.0,0.0,0.0,0.0,0.0,0.0,0.0,0.0,0.0,0.0,0.0,0.0,0.0,0.0,0.0,0.0,0.0,0.0,0.0,0.0,0.0,0.0,0.0,0.0,0.0,0.0,0.0,0.0,0.0,0.0,0.0,0.0,0.0,0.0,0.0,0.0,0.0,0.0,0.0,0.0,0.0,0.0,0.0,0.0,0.0,0.0,0.0,0.0,0.0,0.0,0.0,0.0,0.0,0.0,0.0,0.0,0.0,0.7372008562088013,0.9940673112869263,8.27520409529825e-07,0.6863990426063538,0.9341287612915039,-0.02852405607700348,0.6694468855857849,0.8259745836257935,-0.04596703127026558,0.6902346014976501,0.7423646450042725,-0.06545070558786392,0.7463640570640564,0.7175004482269287,-0.08340713381767273,0.7303396463394165,0.714824914932251,-0.023943286389112473,0.7427654266357422,0.5907467603683472,-0.04474111273884773,0.7561146020889282,0.5212911367416382,-0.05653829500079155,0.770988941192627,0.464189738035202,-0.0667383149266243,0.7779566049575806,0.7292876243591309,-0.031903818249702454,0.8407402634620667,0.6055652499198914,-0.05768336355686188,0.875007152557373,0.5352336764335632,-0.07517321407794952,0.902248740196228,0.4848698079586029,-0.08689603954553604,0.809541642665863,0.7661150693893433,-0.04358949512243271,0.8415126800537109,0.6470268964767456,-0.08319342881441116,0.8007153272628784,0.6737750768661499,-0.09517968446016312,0.7729074358940125,0.7167086601257324,-0.09521152079105377,0.8305652141571045,0.8154067397117615,-0.05697178095579147,0.8236985206604004,0.7393139004707336,-0.09271812438964844,0.7884405255317688,0.7615557909011841,-0.10066046565771103,0.7675296068191528,0.8025815486907959,-0.10094188898801804,ऐ
0.0,0.0,0.0,0.0,0.0,0.0,0.0,0.0,0.0,0.0,0.0,0.0,0.0,0.0,0.0,0.0,0.0,0.0,0.0,0.0,0.0,0.0,0.0,0.0,0.0,0.0,0.0,0.0,0.0,0.0,0.0,0.0,0.0,0.0,0.0,0.0,0.0,0.0,0.0,0.0,0.0,0.0,0.0,0.0,0.0,0.0,0.0,0.0,0.0,0.0,0.0,0.0,0.0,0.0,0.0,0.0,0.0,0.0,0.0,0.0,0.0,0.0,0.0,0.7392956018447876,0.9966344833374023,8.567229770051199e-07,0.6866462230682373,0.9332316517829895,-0.028734125196933746,0.6689019799232483,0.8257927894592285,-0.04598245024681091,0.6924875378608704,0.7430304884910583,-0.0654618889093399,0.7512643933296204,0.7235273122787476,-0.08319465070962906,0.7285247445106506,0.7153063416481018,-0.021482327952980995,0.740994393825531,0.5932946801185608,-0.04151235893368721,0.7554125785827637,0.524838387966156,-0.052747081965208054,0.7725418210029602,0.4691360592842102,-0.06262706220149994,0.7764536142349243,0.7291224002838135,-0.028778115287423134,0.8390635848045349,0.6099112033843994,-0.05376080051064491,0.8755279779434204,0.5420169234275818,-0.0703054666519165,0.9060015082359314,0.49284374713897705,-0.08125071227550507,0.8087142705917358,0.7653899192810059,-0.04005848616361618,0.8428804278373718,0.6482125520706177,-0.0805819109082222,0.8009753227233887,0.6813375949859619,-0.09227848052978516,0.7724315524101257,0.7306365370750427,-0.09131823480129242,0.8304415941238403,0.8154823184013367,-0.05313964933156967,0.8266115188598633,0.7432082891464233,-0.0908099040389061,0.7912402749061584,0.7677732110023499,-0.09993178397417068,0.7691043615341187,0.8120664358139038,-0.10035017132759094,ऐ
0.0,0.0,0.0,0.0,0.0,0.0,0.0,0.0,0.0,0.0,0.0,0.0,0.0,0.0,0.0,0.0,0.0,0.0,0.0,0.0,0.0,0.0,0.0,0.0,0.0,0.0,0.0,0.0,0.0,0.0,0.0,0.0,0.0,0.0,0.0,0.0,0.0,0.0,0.0,0.0,0.0,0.0,0.0,0.0,0.0,0.0,0.0,0.0,0.0,0.0,0.0,0.0,0.0,0.0,0.0,0.0,0.0,0.0,0.0,0.0,0.0,0.0,0.0,0.739666759967804,1.0019062757492065,9.294685128224955e-07,0.685450553894043,0.9418225288391113,-0.031214337795972824,0.668309211730957,0.8361258506774902,-0.05073218047618866,0.6893978714942932,0.7541630268096924,-0.07232256233692169,0.7473549842834473,0.7306531667709351,-0.09181741625070572,0.7265663146972656,0.7188087701797485,-0.02334221638739109,0.7397278547286987,0.5977388620376587,-0.04423915967345238,0.7539352774620056,0.530115008354187,-0.05634857341647148,0.7711253762245178,0.47492197155952454,-0.06709319353103638,0.7747371792793274,0.7329851984977722,-0.03067128174006939,0.8401682376861572,0.6157664060592651,-0.0572415292263031,0.8781140446662903,0.5496090650558472,-0.07547224313020706,0.9105970859527588,0.4989357590675354,-0.08765465021133423,0.805540919303894,0.7698811292648315,-0.042217280715703964,0.8407942652702332,0.6573572158813477,-0.08366851508617401,0.7977059483528137,0.6967847347259521,-0.09493368864059448,0.7695768475532532,0.7458770871162415,-0.09372292459011078,0.8252431154251099,0.820501983165741,-0.055775053799152374,0.8199939131736755,0.7519130110740662,-0.09309437870979309,0.7853937745094299,0.7798189520835876,-0.1015620231628418,0.7655097246170044,0.8220605254173279,-0.10175599902868271,ऐ
0.0,0.0,0.0,0.0,0.0,0.0,0.0,0.0,0.0,0.0,0.0,0.0,0.0,0.0,0.0,0.0,0.0,0.0,0.0,0.0,0.0,0.0,0.0,0.0,0.0,0.0,0.0,0.0,0.0,0.0,0.0,0.0,0.0,0.0,0.0,0.0,0.0,0.0,0.0,0.0,0.0,0.0,0.0,0.0,0.0,0.0,0.0,0.0,0.0,0.0,0.0,0.0,0.0,0.0,0.0,0.0,0.0,0.0,0.0,0.0,0.0,0.0,0.0,0.741304337978363,1.0086346864700317,9.082000929083733e-07,0.6855204701423645,0.9474443197250366,-0.03468339517712593,0.6658667922019958,0.8483222723007202,-0.056943103671073914,0.6859394907951355,0.7668489217758179,-0.08057321608066559,0.7432938814163208,0.742180585861206,-0.10225699096918106,0.723122239112854,0.7312827110290527,-0.027877286076545715,0.7363647818565369,0.6097865104675293,-0.05101165920495987,0.750174880027771,0.5420211553573608,-0.06472338736057281,0.7675004601478577,0.4850144684314728,-0.07633078098297119,0.7715794444084167,0.7436955571174622,-0.033620886504650116,0.835020124912262,0.6253446340560913,-0.060440775007009506,0.8717283010482788,0.558414101600647,-0.07898343354463577,0.9017311334609985,0.5070269703865051,-0.0920044556260109,0.8032428026199341,0.7784820199012756,-0.043977297842502594,0.8406850099563599,0.6642273664474487,-0.08694867789745331,0.7994500398635864,0.6971501708030701,-0.1026797667145729,0.7698140144348145,0.7450863718986511,-0.10486593842506409,0.8232455849647522,0.8271101117134094,-0.05632748082280159,0.8207414150238037,0.7596284747123718,-0.09567517042160034,0.7852489352226257,0.7849937081336975,-0.10756579041481018,0.7608917951583862,0.8284707069396973,-0.11042409390211105,ऐ
0.0,0.0,0.0,0.0,0.0,0.0,0.0,0.0,0.0,0.0,0.0,0.0,0.0,0.0,0.0,0.0,0.0,0.0,0.0,0.0,0.0,0.0,0.0,0.0,0.0,0.0,0.0,0.0,0.0,0.0,0.0,0.0,0.0,0.0,0.0,0.0,0.0,0.0,0.0,0.0,0.0,0.0,0.0,0.0,0.0,0.0,0.0,0.0,0.0,0.0,0.0,0.0,0.0,0.0,0.0,0.0,0.0,0.0,0.0,0.0,0.0,0.0,0.0,0.7425649762153625,1.027334451675415,8.140894465213933e-07,0.6880043745040894,0.9744214415550232,-0.029930876567959785,0.6657384634017944,0.8752752542495728,-0.047757044434547424,0.6883790493011475,0.7958067059516907,-0.06679154187440872,0.7378952503204346,0.7675314545631409,-0.08400428295135498,0.72003573179245,0.7543904781341553,-0.027681278064846992,0.7321888208389282,0.6346205472946167,-0.050058454275131226,0.7470829486846924,0.5648212432861328,-0.06255506724119186,0.7632020115852356,0.5064443945884705,-0.07259184122085571,0.7691222429275513,0.7646332383155823,-0.03444679081439972,0.8293277025222778,0.6466174125671387,-0.06085596978664398,0.8647641539573669,0.5796684622764587,-0.07579486817121506,0.8928046226501465,0.5291993021965027,-0.08483873307704926,0.8023948669433594,0.7970091104507446,-0.04524390399456024,0.8279322981834412,0.6910724639892578,-0.08649150282144547,0.7918079495429993,0.7239745855331421,-0.09677525609731674,0.7686553597450256,0.7697871327400208,-0.09439112991094589,0.8246904015541077,0.8436697721481323,-0.057876359671354294,0.8156779408454895,0.7765557169914246,-0.0940541997551918,0.7816201448440552,0.8016151785850525,-0.10080236941576004,0.7614628672599792,0.8428859710693359,-0.09940913319587708,ऐ
0.0,0.0,0.0,0.0,0.0,0.0,0.0,0.0,0.0,0.0,0.0,0.0,0.0,0.0,0.0,0.0,0.0,0.0,0.0,0.0,0.0,0.0,0.0,0.0,0.0,0.0,0.0,0.0,0.0,0.0,0.0,0.0,0.0,0.0,0.0,0.0,0.0,0.0,0.0,0.0,0.0,0.0,0.0,0.0,0.0,0.0,0.0,0.0,0.0,0.0,0.0,0.0,0.0,0.0,0.0,0.0,0.0,0.0,0.0,0.0,0.0,0.0,0.0,0.7407887578010559,1.0424684286117554,8.285009585051739e-07,0.6880077123641968,0.9918469190597534,-0.031246714293956757,0.666088342666626,0.8939436078071594,-0.050205573439598083,0.6878331899642944,0.8143202662467957,-0.07074540853500366,0.7413235902786255,0.7884606122970581,-0.09003530442714691,0.7234545946121216,0.7730602622032166,-0.02821042761206627,0.7352211475372314,0.656891942024231,-0.04974251985549927,0.7486022114753723,0.5894106030464172,-0.06182137504220009,0.7640919089317322,0.5314520597457886,-0.07281667739152908,0.7726871967315674,0.7840599417686462,-0.03543608635663986,0.8336618542671204,0.6672402024269104,-0.06198925897479057,0.867620050907135,0.6021737456321716,-0.07976061850786209,0.8962724804878235,0.5517836809158325,-0.09209991246461868,0.8056058287620544,0.8200187087059021,-0.04655281826853752,0.8360811471939087,0.7088552713394165,-0.08823200315237045,0.7986655831336975,0.7408027648925781,-0.10067229717969894,0.7745152711868286,0.7848070859909058,-0.10083786398172379,0.8286212086677551,0.8708995580673218,-0.05950744077563286,0.8217912316322327,0.7990315556526184,-0.0974462553858757,0.7882435917854309,0.8261833190917969,-0.1063922867178917,0.7670288681983948,0.8711460828781128,-0.10725420713424683,ऐ
0.0,0.0,0.0,0.0,0.0,0.0,0.0,0.0,0.0,0.0,0.0,0.0,0.0,0.0,0.0,0.0,0.0,0.0,0.0,0.0,0.0,0.0,0.0,0.0,0.0,0.0,0.0,0.0,0.0,0.0,0.0,0.0,0.0,0.0,0.0,0.0,0.0,0.0,0.0,0.0,0.0,0.0,0.0,0.0,0.0,0.0,0.0,0.0,0.0,0.0,0.0,0.0,0.0,0.0,0.0,0.0,0.0,0.0,0.0,0.0,0.0,0.0,0.0,0.7546311616897583,1.0379968881607056,9.09924835923448e-07,0.699626088142395,0.9841203093528748,-0.0322452113032341,0.6759173274040222,0.8889052271842957,-0.053565528243780136,0.6947678327560425,0.8116593360900879,-0.0764218345284462,0.7494791746139526,0.7861167192459106,-0.09682940691709518,0.7313732504844666,0.7673308849334717,-0.02962016873061657,0.7428345084190369,0.6478512287139893,-0.05245614051818848,0.75633305311203,0.5813443660736084,-0.06463134288787842,0.7726945281028748,0.5262788534164429,-0.0749342143535614,0.7801915407180786,0.7783904075622559,-0.035997677594423294,0.8400724530220032,0.6630513668060303,-0.06385371088981628,0.8755294680595398,0.5982303619384766,-0.08047149330377579,0.9065569043159485,0.5483949184417725,-0.09129390865564346,0.8124562501907349,0.8132529258728027,-0.04646135866641998,0.8414777517318726,0.7049345374107361,-0.08745811134576797,0.799721360206604,0.7449948191642761,-0.09600915014743805,0.7736451029777527,0.7934076189994812,-0.09285086393356323,0.8351238369941711,0.862877607345581,-0.05917995423078537,0.8295001983642578,0.7973355650901794,-0.0950702354311943,0.7944729328155518,0.8225141763687134,-0.10205832123756409,0.7721171975135803,0.862947404384613,-0.10110320150852203,ऐ
0.0,0.0,0.0,0.0,0.0,0.0,0.0,0.0,0.0,0.0,0.0,0.0,0.0,0.0,0.0,0.0,0.0,0.0,0.0,0.0,0.0,0.0,0.0,0.0,0.0,0.0,0.0,0.0,0.0,0.0,0.0,0.0,0.0,0.0,0.0,0.0,0.0,0.0,0.0,0.0,0.0,0.0,0.0,0.0,0.0,0.0,0.0,0.0,0.0,0.0,0.0,0.0,0.0,0.0,0.0,0.0,0.0,0.0,0.0,0.0,0.0,0.0,0.0,0.7555426359176636,1.0484238862991333,9.079345204554556e-07,0.7030761241912842,0.9984762668609619,-0.03398486599326134,0.6789645552635193,0.907084047794342,-0.056596871465444565,0.6973048448562622,0.8276130557060242,-0.0803154930472374,0.7492226958274841,0.7971422672271729,-0.10207629203796387,0.7337192296981812,0.7843942046165466,-0.03475111350417137,0.7459664940834045,0.6635093092918396,-0.05883944779634476,0.7595391869544983,0.5930780172348022,-0.07151424884796143,0.775761604309082,0.5345073938369751,-0.08223359286785126,0.7819963693618774,0.794724702835083,-0.041500627994537354,0.8458593487739563,0.6733947992324829,-0.06972592324018478,0.8816624879837036,0.6072274446487427,-0.08588460087776184,0.9116611480712891,0.5563260316848755,-0.09645604342222214,0.8146353363990784,0.8303092122077942,-0.05231139063835144,0.8475850820541382,0.7136194705963135,-0.09485939890146255,0.8096252679824829,0.7482686042785645,-0.1042790338397026,0.7849419116973877,0.7931215167045593,-0.10194063186645508,0.8370225429534912,0.8832180500030518,-0.06528294831514359,0.8325690627098083,0.8081420063972473,-0.10338512808084488,0.7965057492256165,0.8365036845207214,-0.1102948933839798,0.7718761563301086,0.8818872570991516,-0.1092749834060669,ऐ
0.0,0.0,0.0,0.0,0.0,0.0,0.0,0.0,0.0,0.0,0.0,0.0,0.0,0.0,0.0,0.0,0.0,0.0,0.0,0.0,0.0,0.0,0.0,0.0,0.0,0.0,0.0,0.0,0.0,0.0,0.0,0.0,0.0,0.0,0.0,0.0,0.0,0.0,0.0,0.0,0.0,0.0,0.0,0.0,0.0,0.0,0.0,0.0,0.0,0.0,0.0,0.0,0.0,0.0,0.0,0.0,0.0,0.0,0.0,0.0,0.0,0.0,0.0,0.7543529868125916,1.0457011461257935,8.704736842446437e-07,0.7028364539146423,0.9964929223060608,-0.03478923439979553,0.6800869107246399,0.9063957333564758,-0.057918649166822433,0.7000794410705566,0.830451250076294,-0.08189012110233307,0.7521767616271973,0.800175666809082,-0.10405126959085464,0.7369900345802307,0.7844710350036621,-0.0356966070830822,0.7503588199615479,0.6660389304161072,-0.06046997010707855,0.7640314102172852,0.5973321795463562,-0.07344382256269455,0.7807427048683167,0.5396826267242432,-0.08443449437618256,0.7860387563705444,0.7964624762535095,-0.04213076829910278,0.8479428291320801,0.6775998473167419,-0.0711199939250946,0.8817710280418396,0.6110248565673828,-0.08892563730478287,0.910433292388916,0.5597870349884033,-0.10090242326259613,0.8188260197639465,0.8320622444152832,-0.052641935646533966,0.8534010052680969,0.716781497001648,-0.09710240364074707,0.8141995072364807,0.7480565905570984,-0.10950310528278351,0.7876957058906555,0.792228102684021,-0.1091151088476181,0.8405135869979858,0.8823833465576172,-0.0650426596403122,0.8338372111320496,0.8125754594802856,-0.10597935318946838,0.7967177033424377,0.8376991748809814,-0.11602964252233505,0.7717921733856201,0.8794615864753723,-0.11695042252540588,ऐ
0.0,0.0,0.0,0.0,0.0,0.0,0.0,0.0,0.0,0.0,0.0,0.0,0.0,0.0,0.0,0.0,0.0,0.0,0.0,0.0,0.0,0.0,0.0,0.0,0.0,0.0,0.0,0.0,0.0,0.0,0.0,0.0,0.0,0.0,0.0,0.0,0.0,0.0,0.0,0.0,0.0,0.0,0.0,0.0,0.0,0.0,0.0,0.0,0.0,0.0,0.0,0.0,0.0,0.0,0.0,0.0,0.0,0.0,0.0,0.0,0.0,0.0,0.0,0.7596753239631653,1.0540964603424072,8.920424647840264e-07,0.7069281339645386,1.0057522058486938,-0.03313101828098297,0.6845499873161316,0.9116796255111694,-0.05531474947929382,0.7067453265190125,0.8355904817581177,-0.07835206389427185,0.7624842524528503,0.8107693791389465,-0.09969843178987503,0.7448602318763733,0.7883394360542297,-0.03579249233007431,0.7579657435417175,0.6714446544647217,-0.05883742868900299,0.7714452147483826,0.6047049164772034,-0.0708710327744484,0.787542998790741,0.5480917692184448,-0.08143363893032074,0.7958184480667114,0.7999117374420166,-0.04219552502036095,0.8582847714424133,0.683928370475769,-0.07001341134309769,0.8917179107666016,0.6192981600761414,-0.08618837594985962,0.9201618432998657,0.5677153468132019,-0.09690608084201813,0.8296648859977722,0.8363540768623352,-0.05230758711695671,0.856665849685669,0.7292958498001099,-0.09412583708763123,0.8135247230529785,0.7665941715240479,-0.1041090339422226,0.7863431572914124,0.8118358254432678,-0.1022174283862114,0.8524331450462341,0.8878260850906372,-0.06440431624650955,0.8419396877288818,0.8214308023452759,-0.10158882290124893,0.8039434552192688,0.8468353748321533,-0.10971767455339432,0.7798556685447693,0.8870093822479248,-0.10981230437755585,ऐ
0.0,0.0,0.0,0.0,0.0,0.0,0.0,0.0,0.0,0.0,0.0,0.0,0.0,0.0,0.0,0.0,0.0,0.0,0.0,0.0,0.0,0.0,0.0,0.0,0.0,0.0,0.0,0.0,0.0,0.0,0.0,0.0,0.0,0.0,0.0,0.0,0.0,0.0,0.0,0.0,0.0,0.0,0.0,0.0,0.0,0.0,0.0,0.0,0.0,0.0,0.0,0.0,0.0,0.0,0.0,0.0,0.0,0.0,0.0,0.0,0.0,0.0,0.0,0.762033224105835,1.0476908683776855,8.855364512783126e-07,0.7107275724411011,0.9921771287918091,-0.030049744993448257,0.6891584396362305,0.8985764980316162,-0.05134310573339462,0.7137753367424011,0.8293939232826233,-0.07412604987621307,0.7701956629753113,0.8113981485366821,-0.09576491266489029,0.7502192854881287,0.7818800806999207,-0.035878539085388184,0.7642660737037659,0.6647177934646606,-0.06009910628199577,0.778285801410675,0.5970324277877808,-0.0727415606379509,0.7955926656723022,0.5408400297164917,-0.08355776965618134,0.801354169845581,0.7966173887252808,-0.04413484036922455,0.8637933135032654,0.6812540292739868,-0.07211741805076599,0.8970215320587158,0.6174260377883911,-0.08877700567245483,0.9260168075561523,0.566563606262207,-0.0999358594417572,0.8349045515060425,0.8358635902404785,-0.055589091032743454,0.8650359511375427,0.7265573740005493,-0.09755438566207886,0.8220706582069397,0.765739917755127,-0.10608523339033127,0.7952110767364502,0.8122694492340088,-0.103032685816288,0.8565601110458374,0.8903632164001465,-0.06872642040252686,0.8464637398719788,0.8232473134994507,-0.10653834044933319,0.8091987371444702,0.8487263321876526,-0.11322645843029022,0.7869110107421875,0.888530969619751,-0.11180797964334488,ऐ
0.0,0.0,0.0,0.0,0.0,0.0,0.0,0.0,0.0,0.0,0.0,0.0,0.0,0.0,0.0,0.0,0.0,0.0,0.0,0.0,0.0,0.0,0.0,0.0,0.0,0.0,0.0,0.0,0.0,0.0,0.0,0.0,0.0,0.0,0.0,0.0,0.0,0.0,0.0,0.0,0.0,0.0,0.0,0.0,0.0,0.0,0.0,0.0,0.0,0.0,0.0,0.0,0.0,0.0,0.0,0.0,0.0,0.0,0.0,0.0,0.0,0.0,0.0,0.7601280212402344,1.0579460859298706,8.732722562854178e-07,0.7093379497528076,1.002038836479187,-0.035483356565237045,0.6911874413490295,0.9107809066772461,-0.059976812452077866,0.7148952484130859,0.8379524350166321,-0.08533630520105362,0.7697235345840454,0.8096563816070557,-0.10922185331583023,0.7511082291603088,0.7932420969009399,-0.03927699103951454,0.7662851214408875,0.6693483591079712,-0.06566539406776428,0.7810131907463074,0.5986543297767639,-0.07904653996229172,0.7986325621604919,0.5396709442138672,-0.08990489691495895,0.801834225654602,0.806373119354248,-0.04579373821616173,0.8672834038734436,0.6839562654495239,-0.0764724388718605,0.8994676470756531,0.6176215410232544,-0.09385491162538528,0.9262131452560425,0.5653373003005981,-0.10465925186872482,0.8344036340713501,0.8435598015785217,-0.05622590333223343,0.8654576539993286,0.7261358499526978,-0.10297444462776184,0.8230758309364319,0.7660814523696899,-0.1132022887468338,0.7962501645088196,0.8137757182121277,-0.11008047312498093,0.8548073768615723,0.8960493803024292,-0.06849219650030136,0.8435688018798828,0.8251751661300659,-0.11044283956289291,0.8033954501152039,0.8556792140007019,-0.11858968436717987,0.7784236669540405,0.8993789553642273,-0.11744561046361923,ऐ
0.0,0.0,0.0,0.0,0.0,0.0,0.0,0.0,0.0,0.0,0.0,0.0,0.0,0.0,0.0,0.0,0.0,0.0,0.0,0.0,0.0,0.0,0.0,0.0,0.0,0.0,0.0,0.0,0.0,0.0,0.0,0.0,0.0,0.0,0.0,0.0,0.0,0.0,0.0,0.0,0.0,0.0,0.0,0.0,0.0,0.0,0.0,0.0,0.0,0.0,0.0,0.0,0.0,0.0,0.0,0.0,0.0,0.0,0.0,0.0,0.0,0.0,0.0,0.7665252089500427,1.0627294778823853,8.393359962610702e-07,0.7149156928062439,1.0107741355895996,-0.034275513142347336,0.6941024661064148,0.9176580309867859,-0.05695561692118645,0.7166010141372681,0.8415390849113464,-0.0809304267168045,0.7704638242721558,0.8140741586685181,-0.10311219096183777,0.7525169253349304,0.7947187423706055,-0.035512976348400116,0.7677745819091797,0.6750084757804871,-0.06193108484148979,0.7829996943473816,0.6057772040367126,-0.07561168819665909,0.7998119592666626,0.5476067066192627,-0.08658546209335327,0.8024035096168518,0.8052607774734497,-0.04208998754620552,0.8673216104507446,0.6861891746520996,-0.07316632568836212,0.8990523815155029,0.6202211380004883,-0.09131710231304169,0.9244248867034912,0.5726645588874817,-0.1020970568060875,0.835124671459198,0.8406424522399902,-0.05255963280797005,0.8653160929679871,0.733390212059021,-0.09686881303787231,0.82376629114151,0.773510217666626,-0.10504192858934402,0.7978386282920837,0.8217139840126038,-0.10042746365070343,0.8563947677612305,0.8914356231689453,-0.06521590054035187,0.8475103378295898,0.8259479999542236,-0.10368341207504272,0.8105834722518921,0.8537542819976807,-0.10982843488454819,0.7882983684539795,0.8956336975097656,-0.10718614608049393,ऐ
0.0,0.0,0.0,0.0,0.0,0.0,0.0,0.0,0.0,0.0,0.0,0.0,0.0,0.0,0.0,0.0,0.0,0.0,0.0,0.0,0.0,0.0,0.0,0.0,0.0,0.0,0.0,0.0,0.0,0.0,0.0,0.0,0.0,0.0,0.0,0.0,0.0,0.0,0.0,0.0,0.0,0.0,0.0,0.0,0.0,0.0,0.0,0.0,0.0,0.0,0.0,0.0,0.0,0.0,0.0,0.0,0.0,0.0,0.0,0.0,0.0,0.0,0.0,0.7726243734359741,1.0562113523483276,8.687582067068433e-07,0.7215673923492432,1.0050044059753418,-0.033614274114370346,0.6988546848297119,0.9168609976768494,-0.056980546563863754,0.7173639535903931,0.8419287204742432,-0.08129923790693283,0.7682601809501648,0.8097401857376099,-0.10387696325778961,0.7571056485176086,0.7858729958534241,-0.03625175356864929,0.7719234228134155,0.6677793860435486,-0.06131473556160927,0.7856733202934265,0.6001598238945007,-0.07442173361778259,0.8028102517127991,0.5430407524108887,-0.08527854084968567,0.8078445196151733,0.7984946966171265,-0.042979054152965546,0.8711892366409302,0.6809496879577637,-0.07150872051715851,0.9047778844833374,0.6177664995193481,-0.08835568279027939,0.9336948990821838,0.5669492483139038,-0.09946729987859726,0.8417109847068787,0.8367244005203247,-0.053528640419244766,0.873073399066925,0.7276860475540161,-0.09746071696281433,0.8304353356361389,0.7646701335906982,-0.10815377533435822,0.8033130764961243,0.8100915551185608,-0.10642820596694946,0.8643320202827454,0.8917092084884644,-0.06585578620433807,0.8547353148460388,0.8276870250701904,-0.10509326308965683,0.8160573840141296,0.8535284996032715,-0.1132185310125351,0.7915087938308716,0.8934646844863892,-0.11277863383293152,ऐ
0.0,0.0,0.0,0.0,0.0,0.0,0.0,0.0,0.0,0.0,0.0,0.0,0.0,0.0,0.0,0.0,0.0,0.0,0.0,0.0,0.0,0.0,0.0,0.0,0.0,0.0,0.0,0.0,0.0,0.0,0.0,0.0,0.0,0.0,0.0,0.0,0.0,0.0,0.0,0.0,0.0,0.0,0.0,0.0,0.0,0.0,0.0,0.0,0.0,0.0,0.0,0.0,0.0,0.0,0.0,0.0,0.0,0.0,0.0,0.0,0.0,0.0,0.0,0.7660759687423706,1.0656994581222534,8.428452815678611e-07,0.716070830821991,1.0103312730789185,-0.03390344977378845,0.6967161893844604,0.9150179624557495,-0.05680951103568077,0.7236438393592834,0.8408634662628174,-0.08079482614994049,0.7813919186592102,0.8178494572639465,-0.10353169590234756,0.7593412399291992,0.7958337664604187,-0.03664980083703995,0.7763661742210388,0.6763470768928528,-0.06170468032360077,0.7915471792221069,0.6074357628822327,-0.07482655346393585,0.8086169958114624,0.548845648765564,-0.08579650521278381,0.8095333576202393,0.8103343844413757,-0.04385076090693474,0.8755227327346802,0.6915546655654907,-0.07328824698925018,0.9080666303634644,0.6253023147583008,-0.09094707667827606,0.9348676800727844,0.5725811719894409,-0.10249488800764084,0.8425089716911316,0.8492352366447449,-0.05486120283603668,0.8778414130210876,0.7379197478294373,-0.10048463940620422,0.8369223475456238,0.7732542157173157,-0.11245230585336685,0.8095187544822693,0.8188452124595642,-0.11100933700799942,0.863509476184845,0.9035876989364624,-0.06758840382099152,0.8575732111930847,0.8319203853607178,-0.10836891084909439,0.8189067840576172,0.8595969676971436,-0.11685256659984589,0.7926188707351685,0.9037396907806396,-0.11645300686359406,ऐ
0.0,0.0,0.0,0.0,0.0,0.0,0.0,0.0,0.0,0.0,0.0,0.0,0.0,0.0,0.0,0.0,0.0,0.0,0.0,0.0,0.0,0.0,0.0,0.0,0.0,0.0,0.0,0.0,0.0,0.0,0.0,0.0,0.0,0.0,0.0,0.0,0.0,0.0,0.0,0.0,0.0,0.0,0.0,0.0,0.0,0.0,0.0,0.0,0.0,0.0,0.0,0.0,0.0,0.0,0.0,0.0,0.0,0.0,0.0,0.0,0.0,0.0,0.0,0.7705930471420288,1.0641942024230957,8.524167469659005e-07,0.7199448347091675,1.0087074041366577,-0.033755455166101456,0.6993558406829834,0.918335497379303,-0.05724461376667023,0.7226289510726929,0.8445056080818176,-0.08224579691886902,0.776445209980011,0.8200269937515259,-0.1059972420334816,0.7607691884040833,0.7982606887817383,-0.036936115473508835,0.7779245376586914,0.6791921854019165,-0.06301845610141754,0.792609691619873,0.610811710357666,-0.07667185366153717,0.8095892071723938,0.5519673824310303,-0.08821579068899155,0.810591995716095,0.8107351064682007,-0.04464052990078926,0.8773406147956848,0.6914278268814087,-0.07458598911762238,0.9099006056785583,0.6272273063659668,-0.09261459112167358,0.9366748332977295,0.5761152505874634,-0.10456335544586182,0.8434711694717407,0.8486814498901367,-0.056121453642845154,0.878242015838623,0.7347366213798523,-0.10116972029209137,0.8353890180587769,0.7719895839691162,-0.11190556734800339,0.807315468788147,0.8182721734046936,-0.11001096665859222,0.8650256991386414,0.9034124612808228,-0.06952939182519913,0.8578928709030151,0.8360239863395691,-0.10961881279945374,0.8192338943481445,0.8617420196533203,-0.1180826872587204,0.7944858074188232,0.9025049209594727,-0.11787639558315277,ऐ
0.0,0.0,0.0,0.0,0.0,0.0,0.0,0.0,0.0,0.0,0.0,0.0,0.0,0.0,0.0,0.0,0.0,0.0,0.0,0.0,0.0,0.0,0.0,0.0,0.0,0.0,0.0,0.0,0.0,0.0,0.0,0.0,0.0,0.0,0.0,0.0,0.0,0.0,0.0,0.0,0.0,0.0,0.0,0.0,0.0,0.0,0.0,0.0,0.0,0.0,0.0,0.0,0.0,0.0,0.0,0.0,0.0,0.0,0.0,0.0,0.0,0.0,0.0,0.7724489569664001,1.0600409507751465,8.605925927440694e-07,0.7196180820465088,1.0094555616378784,-0.03501618653535843,0.6990886330604553,0.9222434163093567,-0.05982973426580429,0.721634030342102,0.8503806591033936,-0.08569619059562683,0.774476170539856,0.8236002326011658,-0.11025332659482956,0.7618474364280701,0.7977553606033325,-0.03971210867166519,0.7790454626083374,0.6805881261825562,-0.06585496664047241,0.7939393520355225,0.6123420596122742,-0.07967336475849152,0.8112500905990601,0.5533544421195984,-0.09150656312704086,0.8129104375839233,0.8090524077415466,-0.04703627899289131,0.8799325823783875,0.6922118663787842,-0.07713405042886734,0.913893461227417,0.6293097734451294,-0.09481813758611679,0.9412760734558105,0.5768387317657471,-0.10670683532953262,0.8455615043640137,0.845953106880188,-0.0581573024392128,0.8775416016578674,0.7363678812980652,-0.10430293530225754,0.8367777466773987,0.7747064828872681,-0.1160324215888977,0.8095183372497559,0.8200390934944153,-0.11503377556800842,0.8659206628799438,0.8997517228126526,-0.07111300528049469,0.8563982248306274,0.8346269726753235,-0.1127002090215683,0.8154899477958679,0.8628439903259277,-0.12192214280366898,0.7870551943778992,0.9042619466781616,-0.1224207878112793,ऐ
0.0,0.0,0.0,0.0,0.0,0.0,0.0,0.0,0.0,0.0,0.0,0.0,0.0,0.0,0.0,0.0,0.0,0.0,0.0,0.0,0.0,0.0,0.0,0.0,0.0,0.0,0.0,0.0,0.0,0.0,0.0,0.0,0.0,0.0,0.0,0.0,0.0,0.0,0.0,0.0,0.0,0.0,0.0,0.0,0.0,0.0,0.0,0.0,0.0,0.0,0.0,0.0,0.0,0.0,0.0,0.0,0.0,0.0,0.0,0.0,0.0,0.0,0.0,0.7696373462677002,1.0598082542419434,8.740331054468697e-07,0.7190565466880798,1.0089468955993652,-0.03784177452325821,0.699627161026001,0.919579267501831,-0.06303226202726364,0.7250116467475891,0.8475116491317749,-0.0890682116150856,0.7806918621063232,0.8196426033973694,-0.11340121179819107,0.7601248621940613,0.7967610955238342,-0.03881116583943367,0.7781645655632019,0.6770622730255127,-0.06691869348287582,0.7941649556159973,0.608712375164032,-0.08145517855882645,0.8118789196014404,0.550351619720459,-0.09306356310844421,0.8100187182426453,0.8095746636390686,-0.04484983906149864,0.8762540817260742,0.6919224262237549,-0.07812797278165817,0.9094892740249634,0.626692533493042,-0.0975048840045929,0.9359951615333557,0.577247142791748,-0.10924707353115082,0.8420372605323792,0.8463039398193359,-0.05528949201107025,0.874721109867096,0.7406364679336548,-0.10394984483718872,0.8321928977966309,0.782713770866394,-0.11435187608003616,0.8050117492675781,0.8307382464408875,-0.11066580563783646,0.8618795275688171,0.8971652388572693,-0.06791763007640839,0.8542273044586182,0.8327698111534119,-0.1111874133348465,0.816207766532898,0.8657501935958862,-0.11955031752586365,0.792952835559845,0.9101020097732544,-0.11801877617835999,ऐ
0.0,0.0,0.0,0.0,0.0,0.0,0.0,0.0,0.0,0.0,0.0,0.0,0.0,0.0,0.0,0.0,0.0,0.0,0.0,0.0,0.0,0.0,0.0,0.0,0.0,0.0,0.0,0.0,0.0,0.0,0.0,0.0,0.0,0.0,0.0,0.0,0.0,0.0,0.0,0.0,0.0,0.0,0.0,0.0,0.0,0.0,0.0,0.0,0.0,0.0,0.0,0.0,0.0,0.0,0.0,0.0,0.0,0.0,0.0,0.0,0.0,0.0,0.0,0.768514096736908,1.0614380836486816,8.921983862819616e-07,0.7181510925292969,1.006804347038269,-0.036815084517002106,0.6974810361862183,0.9164571166038513,-0.06249278783798218,0.7233043313026428,0.8445422053337097,-0.08925049006938934,0.7822775840759277,0.823076605796814,-0.11408494412899017,0.7606417536735535,0.7937541007995605,-0.04009798914194107,0.7782819867134094,0.676006555557251,-0.06783100962638855,0.7937895655632019,0.6081047654151917,-0.08253369480371475,0.8112455010414124,0.5499322414398193,-0.09441845864057541,0.811348021030426,0.8060460686683655,-0.04637836664915085,0.8791163563728333,0.6906048059463501,-0.07758589833974838,0.9113932847976685,0.6269054412841797,-0.09511084854602814,0.9379830956459045,0.5756033062934875,-0.10605365037918091,0.8436899185180664,0.8444654941558838,-0.056814081966876984,0.8775272965431213,0.7384265065193176,-0.10185576230287552,0.8328441977500916,0.7813335061073303,-0.1097772866487503,0.8040633797645569,0.8295464515686035,-0.1050223708152771,0.8634478449821472,0.899540901184082,-0.06968403607606888,0.8590505123138428,0.8334913849830627,-0.10842891037464142,0.8198230862617493,0.8585163950920105,-0.1148633360862732,0.793569803237915,0.8980692028999329,-0.11268138140439987,ऐ
0.0,0.0,0.0,0.0,0.0,0.0,0.0,0.0,0.0,0.0,0.0,0.0,0.0,0.0,0.0,0.0,0.0,0.0,0.0,0.0,0.0,0.0,0.0,0.0,0.0,0.0,0.0,0.0,0.0,0.0,0.0,0.0,0.0,0.0,0.0,0.0,0.0,0.0,0.0,0.0,0.0,0.0,0.0,0.0,0.0,0.0,0.0,0.0,0.0,0.0,0.0,0.0,0.0,0.0,0.0,0.0,0.0,0.0,0.0,0.0,0.0,0.0,0.0,0.7671183347702026,1.0604289770126343,8.701807701072539e-07,0.7167520523071289,1.008310079574585,-0.0349387601017952,0.6970334649085999,0.9182597398757935,-0.05905698984861374,0.724004864692688,0.8479819297790527,-0.08393607288599014,0.7787238359451294,0.8191159963607788,-0.10714069753885269,0.7611385583877563,0.7979722023010254,-0.03934786468744278,0.7777929306030273,0.6784743070602417,-0.06591324508190155,0.7924436330795288,0.6096147894859314,-0.07899778336286545,0.8097121715545654,0.5522469282150269,-0.08922179788351059,0.8129711151123047,0.8094691038131714,-0.04554127901792526,0.8798283934593201,0.691412091255188,-0.07590902596712112,0.9107245206832886,0.6263260245323181,-0.09176567196846008,0.9363706111907959,0.5761762857437134,-0.10066166520118713,0.8464733362197876,0.8464969396591187,-0.05562323331832886,0.873225212097168,0.7387738227844238,-0.10105940699577332,0.828615665435791,0.7804203629493713,-0.10917593538761139,0.80242919921875,0.8287379145622253,-0.10405410826206207,0.8677086234092712,0.8991525173187256,-0.06763965636491776,0.8515042662620544,0.8362569212913513,-0.10748804360628128,0.8097895979881287,0.8632557988166809,-0.11417590826749802,0.7866452932357788,0.9022238850593567,-0.11161341518163681,ऐ
0.0,0.0,0.0,0.0,0.0,0.0,0.0,0.0,0.0,0.0,0.0,0.0,0.0,0.0,0.0,0.0,0.0,0.0,0.0,0.0,0.0,0.0,0.0,0.0,0.0,0.0,0.0,0.0,0.0,0.0,0.0,0.0,0.0,0.0,0.0,0.0,0.0,0.0,0.0,0.0,0.0,0.0,0.0,0.0,0.0,0.0,0.0,0.0,0.0,0.0,0.0,0.0,0.0,0.0,0.0,0.0,0.0,0.0,0.0,0.0,0.0,0.0,0.0,0.7662044167518616,1.0718191862106323,8.801169997241232e-07,0.7160478830337524,1.017493724822998,-0.03607327118515968,0.6966545581817627,0.9234630465507507,-0.06083215773105621,0.7197861075401306,0.8450509309768677,-0.08699645847082138,0.7741128206253052,0.82050621509552,-0.11132418364286423,0.758285403251648,0.8016564846038818,-0.03815767541527748,0.7767552137374878,0.6786197423934937,-0.06577261537313461,0.7925827503204346,0.6076592206954956,-0.08048053085803986,0.8106378316879272,0.5489982962608337,-0.09271949529647827,0.8082372546195984,0.8163161873817444,-0.04508279263973236,0.8741918206214905,0.6948367953300476,-0.0771891251206398,0.9070295095443726,0.6271678805351257,-0.09700267016887665,0.935660719871521,0.5740938186645508,-0.11008752882480621,0.8409227728843689,0.8551323413848877,-0.05594198405742645,0.8804047107696533,0.7346609830856323,-0.10121887922286987,0.8367452621459961,0.7715127468109131,-0.11017768830060959,0.8076472282409668,0.818539559841156,-0.10699667781591415,0.8625923991203308,0.910184919834137,-0.06920494139194489,0.8577460646629333,0.8380986452102661,-0.10979662090539932,0.8187453150749207,0.8622094988822937,-0.11798350512981415,0.7928112149238586,0.9020630121231079,-0.11725270748138428,ऐ
0.0,0.0,0.0,0.0,0.0,0.0,0.0,0.0,0.0,0.0,0.0,0.0,0.0,0.0,0.0,0.0,0.0,0.0,0.0,0.0,0.0,0.0,0.0,0.0,0.0,0.0,0.0,0.0,0.0,0.0,0.0,0.0,0.0,0.0,0.0,0.0,0.0,0.0,0.0,0.0,0.0,0.0,0.0,0.0,0.0,0.0,0.0,0.0,0.0,0.0,0.0,0.0,0.0,0.0,0.0,0.0,0.0,0.0,0.0,0.0,0.0,0.0,0.0,0.760927677154541,1.0608738660812378,8.589010462856095e-07,0.7132554054260254,1.0057437419891357,-0.037567269057035446,0.6952420473098755,0.9165322780609131,-0.06307296454906464,0.7186793684959412,0.8436900973320007,-0.08925198018550873,0.7731583118438721,0.815152108669281,-0.11395043879747391,0.756711483001709,0.7931639552116394,-0.04021800309419632,0.774289071559906,0.6729109287261963,-0.06791269779205322,0.7893490195274353,0.6040406823158264,-0.08287037909030914,0.8073795437812805,0.5444618463516235,-0.0949258953332901,0.8067823648452759,0.8068597912788391,-0.04612032324075699,0.8712747693061829,0.6866623163223267,-0.0768955796957016,0.9038050770759583,0.6215773224830627,-0.09568079560995102,0.9315009713172913,0.5704843997955322,-0.10798551142215729,0.8396941423416138,0.8460415005683899,-0.056190092116594315,0.8747833967208862,0.7344582080841064,-0.10230454802513123,0.8316220641136169,0.770808756351471,-0.11452774703502655,0.8030507564544678,0.8168889880180359,-0.11342932283878326,0.8605554103851318,0.9010562896728516,-0.06841164827346802,0.8554498553276062,0.8351433277130127,-0.10955226421356201,0.8152287602424622,0.8586934208869934,-0.11914519220590591,0.7879028916358948,0.897405743598938,-0.11952816694974899,ऐ
0.0,0.0,0.0,0.0,0.0,0.0,0.0,0.0,0.0,0.0,0.0,0.0,0.0,0.0,0.0,0.0,0.0,0.0,0.0,0.0,0.0,0.0,0.0,0.0,0.0,0.0,0.0,0.0,0.0,0.0,0.0,0.0,0.0,0.0,0.0,0.0,0.0,0.0,0.0,0.0,0.0,0.0,0.0,0.0,0.0,0.0,0.0,0.0,0.0,0.0,0.0,0.0,0.0,0.0,0.0,0.0,0.0,0.0,0.0,0.0,0.0,0.0,0.0,0.7711350917816162,1.0511583089828491,8.545569585294288e-07,0.7200455069541931,0.9997807145118713,-0.035699401050806046,0.6959425210952759,0.9121936559677124,-0.06048141047358513,0.7166398167610168,0.8372842669487,-0.08649587631225586,0.7716015577316284,0.8094282150268555,-0.11056185513734818,0.7559524178504944,0.7866485714912415,-0.03654325753450394,0.7720574140548706,0.6696555614471436,-0.06324170529842377,0.7865116000175476,0.6027626991271973,-0.07686436921358109,0.8039599657058716,0.5453595519065857,-0.08809669315814972,0.8061116337776184,0.7969945669174194,-0.042886920273303986,0.8695213198661804,0.680378258228302,-0.07405300438404083,0.9012268781661987,0.6167970299720764,-0.09119971096515656,0.9277320504188538,0.5663934946060181,-0.10138842463493347,0.8389516472816467,0.8335196375846863,-0.05337666720151901,0.8671744465827942,0.7268105149269104,-0.10066591948270798,0.8233437538146973,0.7724417448043823,-0.10863569378852844,0.7962676286697388,0.8221058249473572,-0.10325610637664795,0.8607615828514099,0.8874329924583435,-0.0659409612417221,0.8488123416900635,0.8253622055053711,-0.10797417163848877,0.8092958927154541,0.8574173450469971,-0.11502882093191147,0.7852249145507812,0.9006333351135254,-0.1125168576836586,ऐ
0.0,0.0,0.0,0.0,0.0,0.0,0.0,0.0,0.0,0.0,0.0,0.0,0.0,0.0,0.0,0.0,0.0,0.0,0.0,0.0,0.0,0.0,0.0,0.0,0.0,0.0,0.0,0.0,0.0,0.0,0.0,0.0,0.0,0.0,0.0,0.0,0.0,0.0,0.0,0.0,0.0,0.0,0.0,0.0,0.0,0.0,0.0,0.0,0.0,0.0,0.0,0.0,0.0,0.0,0.0,0.0,0.0,0.0,0.0,0.0,0.0,0.0,0.0,0.7683171629905701,1.053972840309143,8.442324315183214e-07,0.7171633839607239,1.0044050216674805,-0.03633099049329758,0.6948643922805786,0.9151589870452881,-0.06016432121396065,0.7153937220573425,0.8413888216018677,-0.08466090261936188,0.766679584980011,0.8078110814094543,-0.10731775313615799,0.7538070678710938,0.7864925265312195,-0.036429353058338165,0.770435094833374,0.6684285402297974,-0.06256254762411118,0.7849340438842773,0.600098729133606,-0.07636279612779617,0.8023664951324463,0.5410135984420776,-0.08752108365297318,0.8030261397361755,0.7972947359085083,-0.0421983078122139,0.8665030002593994,0.6798086762428284,-0.07153195142745972,0.8996888399124146,0.6159013509750366,-0.0888025239109993,0.9279009103775024,0.5639695525169373,-0.09989181905984879,0.8360980749130249,0.8338212370872498,-0.052273113280534744,0.870886504650116,0.7252904176712036,-0.0984041690826416,0.8296489119529724,0.7636046409606934,-0.10988824814558029,0.8018304109573364,0.8104507923126221,-0.10789917409420013,0.8577209711074829,0.8874503374099731,-0.06436526030302048,0.8541263937950134,0.8213832974433899,-0.10616360604763031,0.8164597153663635,0.8485767245292664,-0.11509401351213455,0.790473461151123,0.889987051486969,-0.11457160860300064,ऐ
0.0,0.0,0.0,0.0,0.0,0.0,0.0,0.0,0.0,0.0,0.0,0.0,0.0,0.0,0.0,0.0,0.0,0.0,0.0,0.0,0.0,0.0,0.0,0.0,0.0,0.0,0.0,0.0,0.0,0.0,0.0,0.0,0.0,0.0,0.0,0.0,0.0,0.0,0.0,0.0,0.0,0.0,0.0,0.0,0.0,0.0,0.0,0.0,0.0,0.0,0.0,0.0,0.0,0.0,0.0,0.0,0.0,0.0,0.0,0.0,0.0,0.0,0.0,0.7655203938484192,1.052237629890442,8.863568154993118e-07,0.7140827178955078,0.9986058473587036,-0.036720160394907,0.69111168384552,0.9081134796142578,-0.061748407781124115,0.7132163643836975,0.8330041170120239,-0.08791408687829971,0.7688904404640198,0.8045799136161804,-0.11201926320791245,0.751131534576416,0.7863854765892029,-0.037199318408966064,0.7673500776290894,0.6676362156867981,-0.06447115540504456,0.7823329567909241,0.5985560417175293,-0.07875968515872955,0.8002235889434814,0.5406621694564819,-0.09034159034490585,0.8006292581558228,0.7978266477584839,-0.04323282465338707,0.8642694354057312,0.6788005828857422,-0.07436089962720871,0.8967005610466003,0.6123290061950684,-0.09231217950582504,0.9246186017990112,0.5598989725112915,-0.10369516164064407,0.8334444165229797,0.8342012763023376,-0.05362271890044212,0.8676266670227051,0.719193696975708,-0.10037827491760254,0.823855996131897,0.7583097815513611,-0.11020980775356293,0.7950518131256104,0.8072147369384766,-0.10679188370704651,0.8550649285316467,0.8869966268539429,-0.06621676683425903,0.8476787209510803,0.8169693946838379,-0.10827130824327469,0.8079480528831482,0.843887984752655,-0.11674071848392487,0.7810723185539246,0.8867034912109375,-0.11566458642482758,ऐ
0.0,0.0,0.0,0.0,0.0,0.0,0.0,0.0,0.0,0.0,0.0,0.0,0.0,0.0,0.0,0.0,0.0,0.0,0.0,0.0,0.0,0.0,0.0,0.0,0.0,0.0,0.0,0.0,0.0,0.0,0.0,0.0,0.0,0.0,0.0,0.0,0.0,0.0,0.0,0.0,0.0,0.0,0.0,0.0,0.0,0.0,0.0,0.0,0.0,0.0,0.0,0.0,0.0,0.0,0.0,0.0,0.0,0.0,0.0,0.0,0.0,0.0,0.0,0.7616220712661743,1.042885661125183,8.734430139156757e-07,0.711463451385498,0.989786684513092,-0.03480168431997299,0.6896970272064209,0.9011452794075012,-0.05831146985292435,0.7127487063407898,0.8285980224609375,-0.08238092064857483,0.7671460509300232,0.8008984327316284,-0.1049589067697525,0.7482501268386841,0.7791235446929932,-0.03712330758571625,0.7640970349311829,0.6626202464103699,-0.06164710596203804,0.778441846370697,0.5954728126525879,-0.07441570609807968,0.7960591316223145,0.5386074781417847,-0.0851002112030983,0.7987708449363708,0.7906363010406494,-0.04288886487483978,0.8616196513175964,0.673777163028717,-0.07006549090147018,0.894831120967865,0.6097715497016907,-0.08621089160442352,0.9224889278411865,0.5580646395683289,-0.09720734506845474,0.8324713706970215,0.8268999457359314,-0.05264926329255104,0.8659842014312744,0.718299150466919,-0.09612246602773666,0.824196994304657,0.7537833452224731,-0.10807070881128311,0.7959259748458862,0.7989882826805115,-0.10741999745368958,0.8536665439605713,0.8786417245864868,-0.06421206891536713,0.8461965918540955,0.8135867714881897,-0.1039215475320816,0.808838427066803,0.8387987613677979,-0.11331368237733841,0.7842063307762146,0.8788735866546631,-0.11393653601408005,ऐ
0.0,0.0,0.0,0.0,0.0,0.0,0.0,0.0,0.0,0.0,0.0,0.0,0.0,0.0,0.0,0.0,0.0,0.0,0.0,0.0,0.0,0.0,0.0,0.0,0.0,0.0,0.0,0.0,0.0,0.0,0.0,0.0,0.0,0.0,0.0,0.0,0.0,0.0,0.0,0.0,0.0,0.0,0.0,0.0,0.0,0.0,0.0,0.0,0.0,0.0,0.0,0.0,0.0,0.0,0.0,0.0,0.0,0.0,0.0,0.0,0.0,0.0,0.0,0.7637914419174194,1.0497090816497803,9.23943730413157e-07,0.7127488851547241,0.9918426871299744,-0.03461416810750961,0.6901949644088745,0.8968321084976196,-0.05825043097138405,0.7105077505111694,0.81862473487854,-0.08337962627410889,0.7656090259552002,0.7947638630867004,-0.10619888454675674,0.7482854723930359,0.7801623344421387,-0.034805819392204285,0.7625656723976135,0.6572995781898499,-0.060025837272405624,0.7761685848236084,0.5881543159484863,-0.07290665060281754,0.7927818894386292,0.5308547019958496,-0.08365337550640106,0.7982712984085083,0.7926073670387268,-0.041428979486227036,0.8608061075210571,0.6725988984107971,-0.07131770253181458,0.8934549689292908,0.6057255268096924,-0.08879581093788147,0.9225444793701172,0.5519067645072937,-0.09994423389434814,0.8306297063827515,0.828923761844635,-0.05208536982536316,0.8603218197822571,0.7136217355728149,-0.09526118636131287,0.8158665299415588,0.7556177973747253,-0.10226406157016754,0.7888747453689575,0.8045573234558105,-0.09736225008964539,0.8513026833534241,0.8810360431671143,-0.065183125436306,0.8456854224205017,0.8089539408683777,-0.10300193727016449,0.8104336857795715,0.8347623348236084,-0.10919882357120514,0.7899617552757263,0.8761504292488098,-0.10704703629016876,ऐ
0.0,0.0,0.0,0.0,0.0,0.0,0.0,0.0,0.0,0.0,0.0,0.0,0.0,0.0,0.0,0.0,0.0,0.0,0.0,0.0,0.0,0.0,0.0,0.0,0.0,0.0,0.0,0.0,0.0,0.0,0.0,0.0,0.0,0.0,0.0,0.0,0.0,0.0,0.0,0.0,0.0,0.0,0.0,0.0,0.0,0.0,0.0,0.0,0.0,0.0,0.0,0.0,0.0,0.0,0.0,0.0,0.0,0.0,0.0,0.0,0.0,0.0,0.0,0.7664095163345337,1.04572594165802,8.665368227411818e-07,0.7115328311920166,0.9936267733573914,-0.034256041049957275,0.688414990901947,0.8947370648384094,-0.05495879426598549,0.7069780230522156,0.8112388849258423,-0.07647210359573364,0.7608205676078796,0.781785786151886,-0.09609043598175049,0.7446128726005554,0.7771331071853638,-0.03093639761209488,0.7594736218452454,0.6548798680305481,-0.05417035147547722,0.7743151187896729,0.5843918323516846,-0.06695222109556198,0.7911057472229004,0.5259182453155518,-0.07794936746358871,0.7937021255493164,0.7886942028999329,-0.036597516387701035,0.8550913333892822,0.6693297028541565,-0.06487175077199936,0.8895634412765503,0.6006659269332886,-0.08340021967887878,0.9182270765304565,0.5490099787712097,-0.09591211378574371,0.8267934918403625,0.8233155608177185,-0.04645036160945892,0.860733687877655,0.7071800231933594,-0.0893285870552063,0.8212951421737671,0.7364040017127991,-0.10283642262220383,0.7947434186935425,0.7808812260627747,-0.1033802255988121,0.8488054275512695,0.871637225151062,-0.0582592748105526,0.8397127985954285,0.8007432222366333,-0.09752026200294495,0.8042722344398499,0.8231208324432373,-0.10840575397014618,0.7819613814353943,0.8634666204452515,-0.11024748533964157,ऐ
0.0,0.0,0.0,0.0,0.0,0.0,0.0,0.0,0.0,0.0,0.0,0.0,0.0,0.0,0.0,0.0,0.0,0.0,0.0,0.0,0.0,0.0,0.0,0.0,0.0,0.0,0.0,0.0,0.0,0.0,0.0,0.0,0.0,0.0,0.0,0.0,0.0,0.0,0.0,0.0,0.0,0.0,0.0,0.0,0.0,0.0,0.0,0.0,0.0,0.0,0.0,0.0,0.0,0.0,0.0,0.0,0.0,0.0,0.0,0.0,0.0,0.0,0.0,0.7620170712471008,1.0304300785064697,8.71384258971375e-07,0.7093088626861572,0.976533055305481,-0.03371480107307434,0.6871093511581421,0.881166934967041,-0.055392976850271225,0.7074532508850098,0.8033605813980103,-0.07810451835393906,0.7618667483329773,0.7768129110336304,-0.09901553392410278,0.7427753210067749,0.7626348733901978,-0.032120078802108765,0.7562514543533325,0.6451563835144043,-0.055750906467437744,0.7690914273262024,0.5782456398010254,-0.06884820759296417,0.7853326201438904,0.5213258862495422,-0.08016081154346466,0.792109489440918,0.7732515335083008,-0.03803331404924393,0.8520893454551697,0.656134843826294,-0.0658976212143898,0.8846626281738281,0.591660737991333,-0.08359310030937195,0.9134235978126526,0.5401697158813477,-0.09576314687728882,0.8251572251319885,0.8084235191345215,-0.0479087233543396,0.8591040968894958,0.6951121091842651,-0.09151560813188553,0.8168110251426697,0.7369533181190491,-0.10241658240556717,0.7896842956542969,0.7879114747047424,-0.10073157399892807,0.8475844860076904,0.85959792137146,-0.05970071256160736,0.8413664698600769,0.7928908467292786,-0.09953571856021881,0.8058344125747681,0.820966899394989,-0.10848583281040192,0.7841391563415527,0.8644803762435913,-0.1085638478398323,ऐ
0.0,0.0,0.0,0.0,0.0,0.0,0.0,0.0,0.0,0.0,0.0,0.0,0.0,0.0,0.0,0.0,0.0,0.0,0.0,0.0,0.0,0.0,0.0,0.0,0.0,0.0,0.0,0.0,0.0,0.0,0.0,0.0,0.0,0.0,0.0,0.0,0.0,0.0,0.0,0.0,0.0,0.0,0.0,0.0,0.0,0.0,0.0,0.0,0.0,0.0,0.0,0.0,0.0,0.0,0.0,0.0,0.0,0.0,0.0,0.0,0.0,0.0,0.0,0.7631116509437561,1.020432472229004,9.189485012939258e-07,0.7082945704460144,0.967663586139679,-0.033880021423101425,0.6893345713615417,0.8733771443367004,-0.0552242137491703,0.7120462656021118,0.7981114387512207,-0.077071413397789,0.7671875357627869,0.7734414935112,-0.09708846360445023,0.7441323399543762,0.7513483762741089,-0.030191272497177124,0.7578612565994263,0.6344007849693298,-0.052379310131073,0.7714472413063049,0.5689202547073364,-0.065296471118927,0.7873938679695129,0.51386559009552,-0.07624738663434982,0.7925159335136414,0.7629932165145874,-0.03502971678972244,0.8519169688224792,0.6486939191818237,-0.06148488447070122,0.8863945007324219,0.5848309993743896,-0.07896500825881958,0.9152165651321411,0.5352039337158203,-0.09086385369300842,0.8245928883552551,0.7971987724304199,-0.0439794547855854,0.8555616736412048,0.6931315660476685,-0.08435676991939545,0.8140617609024048,0.7293756008148193,-0.09738180041313171,0.7864020466804504,0.7751652002334595,-0.09813560545444489,0.845660924911499,0.8452011942863464,-0.055039867758750916,0.8412287831306458,0.7877639532089233,-0.09153448790311813,0.8079526424407959,0.8128767013549805,-0.10174264013767242,0.7877618074417114,0.8500613570213318,-0.10367652773857117,ऐ
0.0,0.0,0.0,0.0,0.0,0.0,0.0,0.0,0.0,0.0,0.0,0.0,0.0,0.0,0.0,0.0,0.0,0.0,0.0,0.0,0.0,0.0,0.0,0.0,0.0,0.0,0.0,0.0,0.0,0.0,0.0,0.0,0.0,0.0,0.0,0.0,0.0,0.0,0.0,0.0,0.0,0.0,0.0,0.0,0.0,0.0,0.0,0.0,0.0,0.0,0.0,0.0,0.0,0.0,0.0,0.0,0.0,0.0,0.0,0.0,0.0,0.0,0.0,0.7623671293258667,1.0285634994506836,8.715352919352881e-07,0.7088418006896973,0.9723984003067017,-0.030161011964082718,0.6897300481796265,0.872336745262146,-0.04915093258023262,0.7138549089431763,0.7931142449378967,-0.06960730254650116,0.7712941765785217,0.7667533159255981,-0.08824063837528229,0.7455470561981201,0.7580676078796387,-0.026474080979824066,0.7585843801498413,0.6382514238357544,-0.04794580116868019,0.7727681994438171,0.5714882612228394,-0.0599302314221859,0.7890795469284058,0.5157248377799988,-0.07043628394603729,0.7943748235702515,0.7704783082008362,-0.03343592584133148,0.8548287749290466,0.6528140306472778,-0.06072435528039932,0.8882744908332825,0.5858041048049927,-0.07882340997457504,0.9171698093414307,0.5343157649040222,-0.09106142818927765,0.8265990614891052,0.8056060075759888,-0.044107869267463684,0.8582450151443481,0.6920153498649597,-0.08631201088428497,0.816338062286377,0.7299544215202332,-0.09737890213727951,0.7893393635749817,0.7776052355766296,-0.09604918211698532,0.848598062992096,0.8547402620315552,-0.05648142471909523,0.841177225112915,0.7860074043273926,-0.09517305344343185,0.8052334189414978,0.8149227499961853,-0.10369060933589935,0.7828354239463806,0.8584539890289307,-0.10362366586923599,ऐ
0.0,0.0,0.0,0.0,0.0,0.0,0.0,0.0,0.0,0.0,0.0,0.0,0.0,0.0,0.0,0.0,0.0,0.0,0.0,0.0,0.0,0.0,0.0,0.0,0.0,0.0,0.0,0.0,0.0,0.0,0.0,0.0,0.0,0.0,0.0,0.0,0.0,0.0,0.0,0.0,0.0,0.0,0.0,0.0,0.0,0.0,0.0,0.0,0.0,0.0,0.0,0.0,0.0,0.0,0.0,0.0,0.0,0.0,0.0,0.0,0.0,0.0,0.0,0.7598694562911987,1.0277328491210938,9.004099865705939e-07,0.7090771198272705,0.972468376159668,-0.031245319172739983,0.6894738078117371,0.8745230436325073,-0.05179067701101303,0.7108754515647888,0.7967721223831177,-0.07394254207611084,0.7666794061660767,0.7694225907325745,-0.09418105334043503,0.7458693981170654,0.7557781934738159,-0.027730770409107208,0.759028434753418,0.6352609395980835,-0.04959123209118843,0.7726994752883911,0.5669227838516235,-0.06130845844745636,0.7887586355209351,0.5119550824165344,-0.07127558439970016,0.7946965098381042,0.7711504101753235,-0.03487259894609451,0.8556036949157715,0.6515849232673645,-0.06218499317765236,0.8879188299179077,0.5832681059837341,-0.08035659044981003,0.9159011244773865,0.531246542930603,-0.0924224704504013,0.827410876750946,0.8088593482971191,-0.04596919193863869,0.858553946018219,0.6941860318183899,-0.08832696825265884,0.8154983520507812,0.7275492548942566,-0.10061968117952347,0.7875353693962097,0.7732728123664856,-0.09992668777704239,0.8494318723678589,0.860081672668457,-0.05873623490333557,0.843114972114563,0.7868706583976746,-0.09660352766513824,0.8078542351722717,0.8106354475021362,-0.10528115928173065,0.7859466671943665,0.8518989086151123,-0.1054319515824318,ऐ
0.0,0.0,0.0,0.0,0.0,0.0,0.0,0.0,0.0,0.0,0.0,0.0,0.0,0.0,0.0,0.0,0.0,0.0,0.0,0.0,0.0,0.0,0.0,0.0,0.0,0.0,0.0,0.0,0.0,0.0,0.0,0.0,0.0,0.0,0.0,0.0,0.0,0.0,0.0,0.0,0.0,0.0,0.0,0.0,0.0,0.0,0.0,0.0,0.0,0.0,0.0,0.0,0.0,0.0,0.0,0.0,0.0,0.0,0.0,0.0,0.0,0.0,0.0,0.7578796744346619,1.0263004302978516,8.73308920290583e-07,0.7076889276504517,0.9700949192047119,-0.03185632452368736,0.690708339214325,0.8717915415763855,-0.05208113044500351,0.7109894156455994,0.7939887642860413,-0.07382161170244217,0.7664808034896851,0.7679731249809265,-0.0939355343580246,0.7438835501670837,0.7537633776664734,-0.02726222202181816,0.7570359706878662,0.6348358988761902,-0.05001236870884895,0.7704166769981384,0.5666383504867554,-0.062961645424366,0.786048948764801,0.5109384655952454,-0.07399722188711166,0.7919757962226868,0.7672197818756104,-0.03375193104147911,0.8516530394554138,0.6496856212615967,-0.061656832695007324,0.8849956393241882,0.5819541215896606,-0.08078083395957947,0.9135414361953735,0.531823456287384,-0.09384240955114365,0.8246246576309204,0.8032676577568054,-0.04417852312326431,0.8589702844619751,0.6873030662536621,-0.08592472225427628,0.8186020851135254,0.7214099764823914,-0.09763973951339722,0.791788637638092,0.7686300873756409,-0.09711546450853348,0.847643256187439,0.8529656529426575,-0.05652953311800957,0.8418657779693604,0.7834399938583374,-0.09475018084049225,0.8085981607437134,0.8104732036590576,-0.10363174974918365,0.7884859442710876,0.8535271286964417,-0.10399122536182404,ऐ
0.0,0.0,0.0,0.0,0.0,0.0,0.0,0.0,0.0,0.0,0.0,0.0,0.0,0.0,0.0,0.0,0.0,0.0,0.0,0.0,0.0,0.0,0.0,0.0,0.0,0.0,0.0,0.0,0.0,0.0,0.0,0.0,0.0,0.0,0.0,0.0,0.0,0.0,0.0,0.0,0.0,0.0,0.0,0.0,0.0,0.0,0.0,0.0,0.0,0.0,0.0,0.0,0.0,0.0,0.0,0.0,0.0,0.0,0.0,0.0,0.0,0.0,0.0,0.7619049549102783,1.0246423482894897,8.834550158098864e-07,0.7096107602119446,0.967816174030304,-0.033448733389377594,0.6901683211326599,0.8718778491020203,-0.05482231080532074,0.7106314897537231,0.7934463024139404,-0.0773477703332901,0.7657007575035095,0.7638715505599976,-0.09802383929491043,0.7431801557540894,0.754327654838562,-0.030056072399020195,0.756037175655365,0.6351048946380615,-0.05394139140844345,0.7692095041275024,0.5681610703468323,-0.06768045574426651,0.7859885692596436,0.5114164352416992,-0.0792771577835083,0.7919182181358337,0.7657216191291809,-0.0361817292869091,0.8515012264251709,0.6479263305664062,-0.06454408913850784,0.8841928243637085,0.5812366604804993,-0.0838615894317627,0.9128010272979736,0.5297057628631592,-0.09716414660215378,0.824582576751709,0.8012202978134155,-0.046352896839380264,0.8591583371162415,0.6870888471603394,-0.08955664187669754,0.8166484832763672,0.7248793840408325,-0.10153013467788696,0.7884440422058105,0.7740064263343811,-0.10083303600549698,0.8464826345443726,0.8518643379211426,-0.058463916182518005,0.8434088230133057,0.7821868658065796,-0.09774041175842285,0.809231698513031,0.8087408542633057,-0.10663608461618423,0.7877241373062134,0.8522906303405762,-0.10678942501544952,ऐ
0.0,0.0,0.0,0.0,0.0,0.0,0.0,0.0,0.0,0.0,0.0,0.0,0.0,0.0,0.0,0.0,0.0,0.0,0.0,0.0,0.0,0.0,0.0,0.0,0.0,0.0,0.0,0.0,0.0,0.0,0.0,0.0,0.0,0.0,0.0,0.0,0.0,0.0,0.0,0.0,0.0,0.0,0.0,0.0,0.0,0.0,0.0,0.0,0.0,0.0,0.0,0.0,0.0,0.0,0.0,0.0,0.0,0.0,0.0,0.0,0.0,0.0,0.0,0.7630462646484375,1.0180619955062866,8.727764679861139e-07,0.7108258605003357,0.9643282890319824,-0.03566046059131622,0.6906177401542664,0.8669852614402771,-0.05775084346532822,0.7120161056518555,0.7885181307792664,-0.0804683268070221,0.7670838236808777,0.7584707140922546,-0.10113692283630371,0.7423136830329895,0.7501915693283081,-0.03173114359378815,0.7565315365791321,0.6307859420776367,-0.0552092008292675,0.7700105905532837,0.5638641119003296,-0.06835997104644775,0.7867202758789062,0.508438229560852,-0.07964026927947998,0.7913389801979065,0.7601698637008667,-0.03596097603440285,0.8518686294555664,0.64346843957901,-0.063496895134449,0.8843652009963989,0.578237771987915,-0.08207011222839355,0.9126264452934265,0.526111364364624,-0.09503411501646042,0.823943018913269,0.7923382520675659,-0.04439099505543709,0.8590103387832642,0.6797103881835938,-0.08655732870101929,0.8170811533927917,0.7191908359527588,-0.09886505454778671,0.7893851399421692,0.7694907784461975,-0.09888906031847,0.8463214635848999,0.8392763733863831,-0.055013906210660934,0.8404408693313599,0.7775728702545166,-0.09423986822366714,0.8059536218643188,0.8050615787506104,-0.10501968115568161,0.7853723168373108,0.8473166227340698,-0.10684404522180557,ऐ
0.0,0.0,0.0,0.0,0.0,0.0,0.0,0.0,0.0,0.0,0.0,0.0,0.0,0.0,0.0,0.0,0.0,0.0,0.0,0.0,0.0,0.0,0.0,0.0,0.0,0.0,0.0,0.0,0.0,0.0,0.0,0.0,0.0,0.0,0.0,0.0,0.0,0.0,0.0,0.0,0.0,0.0,0.0,0.0,0.0,0.0,0.0,0.0,0.0,0.0,0.0,0.0,0.0,0.0,0.0,0.0,0.0,0.0,0.0,0.0,0.0,0.0,0.0,0.7589747905731201,1.0251933336257935,9.107207006309181e-07,0.7066867351531982,0.9686309695243835,-0.031146103516221046,0.6891136169433594,0.8673261404037476,-0.05122702941298485,0.7091752886772156,0.7851362824440002,-0.07324712723493576,0.7668743133544922,0.7607472538948059,-0.09309860318899155,0.7430847883224487,0.7521710395812988,-0.026520458981394768,0.7554473280906677,0.6310238838195801,-0.04871708154678345,0.7685372233390808,0.5627134442329407,-0.06112714111804962,0.7840126752853394,0.5075709819793701,-0.07193513959646225,0.7916402816772461,0.7643488645553589,-0.0332229807972908,0.8522550463676453,0.6441366672515869,-0.060729507356882095,0.8845360279083252,0.5752968192100525,-0.07875192910432816,0.9124955534934998,0.5244140625,-0.09083068370819092,0.823885440826416,0.7997063398361206,-0.04382346197962761,0.8559156656265259,0.6798635721206665,-0.08314713835716248,0.8141196966171265,0.7174286246299744,-0.09124009311199188,0.7876657843589783,0.7663559913635254,-0.08832606673240662,0.8460216522216797,0.849098801612854,-0.05673399940133095,0.839993953704834,0.776848554611206,-0.09214808791875839,0.8062337040901184,0.8014798760414124,-0.09928513318300247,0.7861813902854919,0.8426820039749146,-0.09853528439998627,ऐ
0.0,0.0,0.0,0.0,0.0,0.0,0.0,0.0,0.0,0.0,0.0,0.0,0.0,0.0,0.0,0.0,0.0,0.0,0.0,0.0,0.0,0.0,0.0,0.0,0.0,0.0,0.0,0.0,0.0,0.0,0.0,0.0,0.0,0.0,0.0,0.0,0.0,0.0,0.0,0.0,0.0,0.0,0.0,0.0,0.0,0.0,0.0,0.0,0.0,0.0,0.0,0.0,0.0,0.0,0.0,0.0,0.0,0.0,0.0,0.0,0.0,0.0,0.0,0.7673764824867249,1.022050142288208,7.851832037886197e-07,0.7118221521377563,0.9712556600570679,-0.029551120474934578,0.6892204880714417,0.8688316345214844,-0.045854486525058746,0.7120783925056458,0.7868222594261169,-0.06329575181007385,0.7672275304794312,0.7600748538970947,-0.07887402921915054,0.7445902824401855,0.742276132106781,-0.020881621167063713,0.7573660612106323,0.6290526986122131,-0.039269305765628815,0.7706776261329651,0.5646336078643799,-0.05036753788590431,0.7852100133895874,0.5103862881660461,-0.06071927398443222,0.7927961349487305,0.7545733451843262,-0.027269719168543816,0.8497316837310791,0.6404939293861389,-0.0505993478000164,0.881460428237915,0.574469804763794,-0.06711811572313309,0.9075199365615845,0.524474024772644,-0.07879181951284409,0.8259438872337341,0.7903519868850708,-0.03782081976532936,0.8557029366493225,0.6805761456489563,-0.07823267579078674,0.8177688717842102,0.712709367275238,-0.09212169051170349,0.7921812534332275,0.7577255964279175,-0.09343336522579193,0.8489812016487122,0.8407949209213257,-0.049936894327402115,0.8393238186836243,0.7750500440597534,-0.08911886811256409,0.8052748441696167,0.8025438189506531,-0.10003884136676788,0.7841993570327759,0.8455853462219238,-0.10195580124855042,ऐ
0.0,0.0,0.0,0.0,0.0,0.0,0.0,0.0,0.0,0.0,0.0,0.0,0.0,0.0,0.0,0.0,0.0,0.0,0.0,0.0,0.0,0.0,0.0,0.0,0.0,0.0,0.0,0.0,0.0,0.0,0.0,0.0,0.0,0.0,0.0,0.0,0.0,0.0,0.0,0.0,0.0,0.0,0.0,0.0,0.0,0.0,0.0,0.0,0.0,0.0,0.0,0.0,0.0,0.0,0.0,0.0,0.0,0.0,0.0,0.0,0.0,0.0,0.0,0.759925365447998,1.0236603021621704,8.588942250753462e-07,0.7073390483856201,0.9649441242218018,-0.029129236936569214,0.690284252166748,0.8618811964988708,-0.046840548515319824,0.7146915793418884,0.783410370349884,-0.06652556359767914,0.7723381519317627,0.7615264058113098,-0.0847635343670845,0.7453734874725342,0.7498014569282532,-0.023645799607038498,0.7573457360267639,0.6317643523216248,-0.04515945538878441,0.7712696194648743,0.5650006532669067,-0.05839265510439873,0.7869051694869995,0.5089038014411926,-0.06987659633159637,0.7937216758728027,0.7622650861740112,-0.030902525410056114,0.8512449264526367,0.6441915035247803,-0.05805502459406853,0.8831856846809387,0.5758110284805298,-0.07771114259958267,0.9105629920959473,0.5237756967544556,-0.09128805994987488,0.8263766169548035,0.7979606986045837,-0.041819047182798386,0.8577698469161987,0.6841322779655457,-0.0825149193406105,0.8168184757232666,0.7221079468727112,-0.09403827041387558,0.7900032997131348,0.7712228894233704,-0.09320534765720367,0.848717987537384,0.8475029468536377,-0.05453501641750336,0.8447046875953674,0.7761711478233337,-0.09094629436731339,0.811306357383728,0.8016701340675354,-0.09885980933904648,0.7908406257629395,0.8439478874206543,-0.09872619807720184,ऐ
0.0,0.0,0.0,0.0,0.0,0.0,0.0,0.0,0.0,0.0,0.0,0.0,0.0,0.0,0.0,0.0,0.0,0.0,0.0,0.0,0.0,0.0,0.0,0.0,0.0,0.0,0.0,0.0,0.0,0.0,0.0,0.0,0.0,0.0,0.0,0.0,0.0,0.0,0.0,0.0,0.0,0.0,0.0,0.0,0.0,0.0,0.0,0.0,0.0,0.0,0.0,0.0,0.0,0.0,0.0,0.0,0.0,0.0,0.0,0.0,0.0,0.0,0.0,0.7654526233673096,1.0205323696136475,8.760688956499507e-07,0.7104053497314453,0.9670833945274353,-0.031046753749251366,0.6896382570266724,0.8680881261825562,-0.0501934252679348,0.7109729051589966,0.7891191244125366,-0.07071582973003387,0.7664873003959656,0.7624175548553467,-0.08939947932958603,0.7425916790962219,0.7469721436500549,-0.02570667676627636,0.7550872564315796,0.6287832856178284,-0.047457318753004074,0.7691410779953003,0.5611889362335205,-0.0597502775490284,0.785385012626648,0.5064947605133057,-0.07009674608707428,0.7909636497497559,0.7585832476615906,-0.0323193185031414,0.8496559858322144,0.6406583786010742,-0.058760736137628555,0.8824265599250793,0.5729745626449585,-0.07625674456357956,0.9102230072021484,0.5230646133422852,-0.08785044401884079,0.823923647403717,0.7936691045761108,-0.04295485466718674,0.8558434247970581,0.6810373663902283,-0.08448956906795502,0.8157784342765808,0.7181487083435059,-0.09594156593084335,0.7898104190826416,0.7667809724807739,-0.09478706121444702,0.8461451530456543,0.8435452580451965,-0.0554039403796196,0.8388158679008484,0.7771561145782471,-0.09368649870157242,0.8054125905036926,0.8058979511260986,-0.10225503891706467,0.7859176993370056,0.8494508266448975,-0.10204904526472092,ऐ
0.0,0.0,0.0,0.0,0.0,0.0,0.0,0.0,0.0,0.0,0.0,0.0,0.0,0.0,0.0,0.0,0.0,0.0,0.0,0.0,0.0,0.0,0.0,0.0,0.0,0.0,0.0,0.0,0.0,0.0,0.0,0.0,0.0,0.0,0.0,0.0,0.0,0.0,0.0,0.0,0.0,0.0,0.0,0.0,0.0,0.0,0.0,0.0,0.0,0.0,0.0,0.0,0.0,0.0,0.0,0.0,0.0,0.0,0.0,0.0,0.0,0.0,0.0,0.7575329542160034,1.024677038192749,8.861085234457278e-07,0.7061717510223389,0.9668197631835938,-0.030918944627046585,0.6867538690567017,0.8669735193252563,-0.05015585198998451,0.7094774842262268,0.7878161072731018,-0.0712185949087143,0.7661317586898804,0.7606871724128723,-0.09053479880094528,0.7420229315757751,0.7481403350830078,-0.02506095916032791,0.7543039321899414,0.6300888061523438,-0.04672880843281746,0.7680108547210693,0.5627683401107788,-0.058993276208639145,0.784056544303894,0.5066457390785217,-0.06943345069885254,0.7901834845542908,0.7607542872428894,-0.032368253916502,0.8492168188095093,0.640448808670044,-0.05886981636285782,0.8814716339111328,0.5721430778503418,-0.07645195722579956,0.9093542695045471,0.520643949508667,-0.08789608627557755,0.8232207298278809,0.7985498309135437,-0.043789494782686234,0.8531690835952759,0.6843889951705933,-0.08612864464521408,0.8105306625366211,0.7231925129890442,-0.09721680730581284,0.7831495404243469,0.772425651550293,-0.09523778408765793,0.8452416062355042,0.8519245386123657,-0.05701493099331856,0.8392707109451294,0.7784520387649536,-0.09502803534269333,0.80411696434021,0.8052166700363159,-0.1027023121714592,0.7825068235397339,0.8488088250160217,-0.10176153481006622,ऐ
0.0,0.0,0.0,0.0,0.0,0.0,0.0,0.0,0.0,0.0,0.0,0.0,0.0,0.0,0.0,0.0,0.0,0.0,0.0,0.0,0.0,0.0,0.0,0.0,0.0,0.0,0.0,0.0,0.0,0.0,0.0,0.0,0.0,0.0,0.0,0.0,0.0,0.0,0.0,0.0,0.0,0.0,0.0,0.0,0.0,0.0,0.0,0.0,0.0,0.0,0.0,0.0,0.0,0.0,0.0,0.0,0.0,0.0,0.0,0.0,0.0,0.0,0.0,0.7683637142181396,1.0205100774765015,8.988307627078029e-07,0.711388349533081,0.9680150747299194,-0.03175069019198418,0.6889595985412598,0.8663250207901001,-0.05115421116352081,0.7126363515853882,0.784366250038147,-0.07184681296348572,0.7713937759399414,0.7604608535766602,-0.09035424888134003,0.7426164150238037,0.7440095543861389,-0.024816153571009636,0.7546871304512024,0.6255933046340942,-0.0454099141061306,0.7684320211410522,0.5591204166412354,-0.05682172253727913,0.7838250398635864,0.5050041675567627,-0.0667588859796524,0.7906995415687561,0.7550873160362244,-0.030662819743156433,0.8497130870819092,0.6385470628738403,-0.05648414045572281,0.882838249206543,0.5725998878479004,-0.07285796105861664,0.9100548028945923,0.5223701000213623,-0.08352051675319672,0.8230108618736267,0.7891614437103271,-0.04073375463485718,0.852304220199585,0.6795939803123474,-0.08162912726402283,0.8115372061729431,0.7207836508750916,-0.09265575557947159,0.7849394679069519,0.7703436613082886,-0.09112152457237244,0.845379650592804,0.8376424908638,-0.05281383916735649,0.8392457365989685,0.7743447422981262,-0.09045729041099548,0.8063372373580933,0.8032922744750977,-0.09964103996753693,0.7864531874656677,0.8453577160835266,-0.10000985860824585,ऐ
0.0,0.0,0.0,0.0,0.0,0.0,0.0,0.0,0.0,0.0,0.0,0.0,0.0,0.0,0.0,0.0,0.0,0.0,0.0,0.0,0.0,0.0,0.0,0.0,0.0,0.0,0.0,0.0,0.0,0.0,0.0,0.0,0.0,0.0,0.0,0.0,0.0,0.0,0.0,0.0,0.0,0.0,0.0,0.0,0.0,0.0,0.0,0.0,0.0,0.0,0.0,0.0,0.0,0.0,0.0,0.0,0.0,0.0,0.0,0.0,0.0,0.0,0.0,0.7680937051773071,1.025679588317871,8.080366455942567e-07,0.7107952237129211,0.9740769863128662,-0.03221292421221733,0.6863589286804199,0.8757715821266174,-0.05009398236870766,0.708465576171875,0.7941920757293701,-0.06844619661569595,0.7608963251113892,0.7663908004760742,-0.08509453386068344,0.7382009625434875,0.7543962597846985,-0.027393082156777382,0.7523902058601379,0.635471761226654,-0.047747135162353516,0.7669891715049744,0.5672816634178162,-0.05946654453873634,0.7827994227409363,0.5097811222076416,-0.06999356299638748,0.7871197462081909,0.76338130235672,-0.032950419932603836,0.8452795743942261,0.6448184847831726,-0.057340897619724274,0.8796991109848022,0.5742362141609192,-0.07443495094776154,0.9061839580535889,0.522784948348999,-0.08682878315448761,0.8206931352615356,0.7957445383071899,-0.04266407713294029,0.8543010354042053,0.6831226348876953,-0.084161177277565,0.8218847513198853,0.7052586674690247,-0.1013287901878357,0.7967150211334229,0.7459991574287415,-0.1055125743150711,0.8434610962867737,0.8431757092475891,-0.05398082733154297,0.8372418284416199,0.7782101035118103,-0.0951356515288353,0.8033125996589661,0.8027392625808716,-0.1088518276810646,0.7781927585601807,0.8453616499900818,-0.11308439821004868,ऐ
0.0,0.0,0.0,0.0,0.0,0.0,0.0,0.0,0.0,0.0,0.0,0.0,0.0,0.0,0.0,0.0,0.0,0.0,0.0,0.0,0.0,0.0,0.0,0.0,0.0,0.0,0.0,0.0,0.0,0.0,0.0,0.0,0.0,0.0,0.0,0.0,0.0,0.0,0.0,0.0,0.0,0.0,0.0,0.0,0.0,0.0,0.0,0.0,0.0,0.0,0.0,0.0,0.0,0.0,0.0,0.0,0.0,0.0,0.0,0.0,0.0,0.0,0.0,0.7610581517219543,1.0221887826919556,8.415676120421267e-07,0.7072446942329407,0.9669772982597351,-0.032027747482061386,0.6853283643722534,0.8668181896209717,-0.05045706778764725,0.7090433239936829,0.7878912091255188,-0.07019896805286407,0.7630559206008911,0.7623416781425476,-0.08805756270885468,0.7400729656219482,0.7468327283859253,-0.02556425891816616,0.7534486055374146,0.6292506456375122,-0.04645270109176636,0.7670469284057617,0.5619198083877563,-0.0579429566860199,0.7830379009246826,0.5061959624290466,-0.06803888082504272,0.7884051203727722,0.7577816843986511,-0.03167332336306572,0.8472068309783936,0.6418553590774536,-0.05771629512310028,0.8793032169342041,0.5737094283103943,-0.07520323991775513,0.9064369201660156,0.5220082402229309,-0.08691999316215515,0.8210038542747498,0.7924827933311462,-0.04200689494609833,0.8528567552566528,0.6826930046081543,-0.08442966639995575,0.8110643029212952,0.718133270740509,-0.09798818081617355,0.782974362373352,0.7660051584243774,-0.09819451719522476,0.8423617482185364,0.8427210450172424,-0.054158952087163925,0.8359249234199524,0.778315544128418,-0.09319046884775162,0.8006170392036438,0.8031388521194458,-0.10381618142127991,0.7782951593399048,0.8447613716125488,-0.10529720038175583,ऐ
0.0,0.0,0.0,0.0,0.0,0.0,0.0,0.0,0.0,0.0,0.0,0.0,0.0,0.0,0.0,0.0,0.0,0.0,0.0,0.0,0.0,0.0,0.0,0.0,0.0,0.0,0.0,0.0,0.0,0.0,0.0,0.0,0.0,0.0,0.0,0.0,0.0,0.0,0.0,0.0,0.0,0.0,0.0,0.0,0.0,0.0,0.0,0.0,0.0,0.0,0.0,0.0,0.0,0.0,0.0,0.0,0.0,0.0,0.0,0.0,0.0,0.0,0.0,0.7667031288146973,1.0270243883132935,8.398552040489449e-07,0.7082523107528687,0.9775732755661011,-0.03345285356044769,0.6838853359222412,0.8760937452316284,-0.05242161825299263,0.7075932621955872,0.7916326522827148,-0.07189355790615082,0.7633225917816162,0.7652968168258667,-0.08964809775352478,0.7376298308372498,0.7562231421470642,-0.029159942641854286,0.7513221502304077,0.637306272983551,-0.05105498433113098,0.7659945487976074,0.5681980848312378,-0.0634341761469841,0.7824780941009521,0.5104503631591797,-0.07444435358047485,0.7870499491691589,0.7655504941940308,-0.0346294529736042,0.8463694453239441,0.6452211141586304,-0.06188249960541725,0.8791285157203674,0.5749433636665344,-0.08004889637231827,0.9055134654045105,0.5225770473480225,-0.09233607351779938,0.8202224969863892,0.7982743978500366,-0.04409978166222572,0.8526289463043213,0.6814590096473694,-0.08749296516180038,0.8166568279266357,0.7139722108840942,-0.10075770318508148,0.7919359803199768,0.7598078846931458,-0.10096903145313263,0.8435536026954651,0.8463593125343323,-0.05533149838447571,0.8327438831329346,0.7774818539619446,-0.09673254191875458,0.7983662486076355,0.8089376091957092,-0.10734834522008896,0.7768006920814514,0.8556573390960693,-0.10850014537572861,ऐ
0.0,0.0,0.0,0.0,0.0,0.0,0.0,0.0,0.0,0.0,0.0,0.0,0.0,0.0,0.0,0.0,0.0,0.0,0.0,0.0,0.0,0.0,0.0,0.0,0.0,0.0,0.0,0.0,0.0,0.0,0.0,0.0,0.0,0.0,0.0,0.0,0.0,0.0,0.0,0.0,0.0,0.0,0.0,0.0,0.0,0.0,0.0,0.0,0.0,0.0,0.0,0.0,0.0,0.0,0.0,0.0,0.0,0.0,0.0,0.0,0.0,0.0,0.0,0.7531618475914001,1.0247688293457031,9.232609841092199e-07,0.7013337016105652,0.9701902866363525,-0.030376432463526726,0.6822880506515503,0.8694907426834106,-0.04979019612073898,0.7035956382751465,0.7897594571113586,-0.07153712958097458,0.7615430951118469,0.7692630887031555,-0.09115728735923767,0.7407615184783936,0.7474373579025269,-0.022677142173051834,0.7525017857551575,0.6305206418037415,-0.043647829443216324,0.7661041021347046,0.5618963241577148,-0.05542370304465294,0.7815370559692383,0.5080360174179077,-0.0658356249332428,0.7896729111671448,0.7618416547775269,-0.030531980097293854,0.8487938046455383,0.6437925100326538,-0.058086320757865906,0.8803203701972961,0.5751073360443115,-0.07662921398878098,0.9078435897827148,0.5240960121154785,-0.08872814476490021,0.8216328620910645,0.7991140484809875,-0.04257943481206894,0.8500243425369263,0.6850140690803528,-0.08451668918132782,0.8065429329872131,0.723416805267334,-0.09538337588310242,0.7794113755226135,0.7722284197807312,-0.09341201931238174,0.8423895835876465,0.849818766117096,-0.0566168874502182,0.8338147401809692,0.7796969413757324,-0.09432654827833176,0.79855877161026,0.8067635297775269,-0.10304667800664902,0.777508020401001,0.8494174480438232,-0.10304077714681625,ऐ
