0.0,0.0,0.0,0.0,0.0,0.0,0.0,0.0,0.0,0.0,0.0,0.0,0.0,0.0,0.0,0.0,0.0,0.0,0.0,0.0,0.0,0.0,0.0,0.0,0.0,0.0,0.0,0.0,0.0,0.0,0.0,0.0,0.0,0.0,0.0,0.0,0.0,0.0,0.0,0.0,0.0,0.0,0.0,0.0,0.0,0.0,0.0,0.0,0.0,0.0,0.0,0.0,0.0,0.0,0.0,0.0,0.0,0.0,0.0,0.0,0.0,0.0,0.0,0.79774409532547,0.8267513513565063,-7.422605108331481e-07,0.7190853357315063,0.7817909717559814,-0.0047036330215632915,0.657112181186676,0.7010661363601685,-0.007909469306468964,0.6412578821182251,0.6223933696746826,-0.01763354241847992,0.6816505789756775,0.5938371419906616,-0.0208320003002882,0.7312966585159302,0.600022554397583,0.02604829892516136,0.6762866973876953,0.5642353296279907,-0.010582772083580494,0.6858727931976318,0.6438114047050476,-0.02890958823263645,0.7092207074165344,0.6553863883018494,-0.0375465452671051,0.7704216241836548,0.5955294966697693,0.013406513258814812,0.7088069319725037,0.5608727335929871,-0.029293950647115707,0.7210646867752075,0.6646267771720886,-0.03205975890159607,0.7534123063087463,0.6663792729377747,-0.021647151559591293,0.8104196190834045,0.5912476778030396,-0.007096938323229551,0.7479271292686462,0.5656927227973938,-0.047209396958351135,0.7535799145698547,0.6673161387443542,-0.02936510369181633,0.7857877016067505,0.6696611642837524,-0.004798317328095436,0.8534010648727417,0.5939164161682129,-0.029240330681204796,0.7925426363945007,0.5663183927536011,-0.0484558530151844,0.7909877300262451,0.6338676810264587,-0.033851347863674164,0.8196044564247131,0.6454786062240601,-0.01587018370628357,А
0.0,0.0,0.0,0.0,0.0,0.0,0.0,0.0,0.0,0.0,0.0,0.0,0.0,0.0,0.0,0.0,0.0,0.0,0.0,0.0,0.0,0.0,0.0,0.0,0.0,0.0,0.0,0.0,0.0,0.0,0.0,0.0,0.0,0.0,0.0,0.0,0.0,0.0,0.0,0.0,0.0,0.0,0.0,0.0,0.0,0.0,0.0,0.0,0.0,0.0,0.0,0.0,0.0,0.0,0.0,0.0,0.0,0.0,0.0,0.0,0.0,0.0,0.0,0.8056296110153198,0.836617112159729,-7.431881954289565e-07,0.726951003074646,0.79680335521698,-0.009603985585272312,0.662261962890625,0.711594820022583,-0.014940423890948296,0.6464596390724182,0.626456618309021,-0.025784822180867195,0.6874164938926697,0.5998064279556274,-0.029598025605082512,0.7335838675498962,0.6085124611854553,0.019426727667450905,0.6759471297264099,0.5709109902381897,-0.018657563254237175,0.6875291466712952,0.6487572193145752,-0.034958336502313614,0.7122125625610352,0.6599026322364807,-0.04127724468708038,0.7754976749420166,0.6027319431304932,0.009030950255692005,0.7132314443588257,0.569721519947052,-0.03397838771343231,0.7271078824996948,0.6718814373016357,-0.03302760794758797,0.7587957978248596,0.6707209944725037,-0.019581817090511322,0.8172286152839661,0.5986438393592834,-0.00985810998827219,0.7568745017051697,0.5733517408370972,-0.05111146718263626,0.7633534073829651,0.6729221940040588,-0.03129826486110687,0.7943613529205322,0.674035370349884,-0.004823668394237757,0.8615716695785522,0.5997885465621948,-0.0308469720184803,0.8028375506401062,0.5713598132133484,-0.05032109469175339,0.8018397092819214,0.6357545852661133,-0.03565141558647156,0.8291499614715576,0.6454452276229858,-0.017436642199754715,А
0.0,0.0,0.0,0.0,0.0,0.0,0.0,0.0,0.0,0.0,0.0,0.0,0.0,0.0,0.0,0.0,0.0,0.0,0.0,0.0,0.0,0.0,0.0,0.0,0.0,0.0,0.0,0.0,0.0,0.0,0.0,0.0,0.0,0.0,0.0,0.0,0.0,0.0,0.0,0.0,0.0,0.0,0.0,0.0,0.0,0.0,0.0,0.0,0.0,0.0,0.0,0.0,0.0,0.0,0.0,0.0,0.0,0.0,0.0,0.0,0.0,0.0,0.0,0.8073419332504272,0.8398500680923462,-7.761163374198077e-07,0.7273766994476318,0.7974585294723511,-0.006635845638811588,0.6642568707466125,0.707007884979248,-0.009400793351233006,0.6486916542053223,0.6217866539955139,-0.018525123596191406,0.6864446401596069,0.6014807224273682,-0.02084730751812458,0.7398443818092346,0.6037471890449524,0.024905085563659668,0.6820427179336548,0.5684037208557129,-0.011367911472916603,0.6911905407905579,0.6475873589515686,-0.027331192046403885,0.7143893241882324,0.6612279415130615,-0.03365159407258034,0.7799890637397766,0.5985985994338989,0.013129492290318012,0.7163488268852234,0.5684278607368469,-0.029011661186814308,0.7282705903053284,0.6710770726203918,-0.02917621284723282,0.7600299119949341,0.6717243790626526,-0.016737038269639015,0.8201611042022705,0.5959193706512451,-0.006981252692639828,0.756653904914856,0.5717827081680298,-0.04743991047143936,0.7618197798728943,0.6728988885879517,-0.02802473120391369,0.7933934926986694,0.6748310923576355,-0.002046370878815651,0.8622913360595703,0.5995724201202393,-0.029047852382063866,0.8003838062286377,0.5696514844894409,-0.04796343296766281,0.7976071238517761,0.6356518268585205,-0.03312293067574501,0.825088381767273,0.6473226547241211,-0.014882569201290607,А
0.0,0.0,0.0,0.0,0.0,0.0,0.0,0.0,0.0,0.0,0.0,0.0,0.0,0.0,0.0,0.0,0.0,0.0,0.0,0.0,0.0,0.0,0.0,0.0,0.0,0.0,0.0,0.0,0.0,0.0,0.0,0.0,0.0,0.0,0.0,0.0,0.0,0.0,0.0,0.0,0.0,0.0,0.0,0.0,0.0,0.0,0.0,0.0,0.0,0.0,0.0,0.0,0.0,0.0,0.0,0.0,0.0,0.0,0.0,0.0,0.0,0.0,0.0,0.805915117263794,0.8474032878875732,-7.607518455188256e-07,0.7251613140106201,0.8020174503326416,-0.007340027950704098,0.6608542203903198,0.7176961898803711,-0.010960598476231098,0.6433044672012329,0.6340039968490601,-0.02079593390226364,0.6816696524620056,0.6072363257408142,-0.0236898772418499,0.7331600785255432,0.6157211661338806,0.025619618594646454,0.6789200901985168,0.5807971358299255,-0.01096589956432581,0.6885937452316284,0.6595629453659058,-0.027164841070771217,0.7134808897972107,0.6703311800956726,-0.03369228169322014,0.7733538150787354,0.6111752986907959,0.013923784717917442,0.7146233320236206,0.5808303952217102,-0.02922123670578003,0.7261967062950134,0.6822274923324585,-0.03032526932656765,0.7577067017555237,0.6816961169242859,-0.01856073923408985,0.8143748044967651,0.6077625751495361,-0.006211667321622372,0.7551130056381226,0.5840256214141846,-0.04802383854985237,0.7598085999488831,0.6831393837928772,-0.030292686074972153,0.7913221716880798,0.6850671768188477,-0.005163922440260649,0.8578155040740967,0.6106001138687134,-0.028290612623095512,0.7975225448608398,0.5830392837524414,-0.047559093683958054,0.7951583862304688,0.6455577611923218,-0.033641472458839417,0.8233450055122375,0.6552377939224243,-0.016073130071163177,А
0.0,0.0,0.0,0.0,0.0,0.0,0.0,0.0,0.0,0.0,0.0,0.0,0.0,0.0,0.0,0.0,0.0,0.0,0.0,0.0,0.0,0.0,0.0,0.0,0.0,0.0,0.0,0.0,0.0,0.0,0.0,0.0,0.0,0.0,0.0,0.0,0.0,0.0,0.0,0.0,0.0,0.0,0.0,0.0,0.0,0.0,0.0,0.0,0.0,0.0,0.0,0.0,0.0,0.0,0.0,0.0,0.0,0.0,0.0,0.0,0.0,0.0,0.0,0.7993963956832886,0.8552076816558838,-7.701528375037014e-07,0.7218976616859436,0.8169610500335693,-0.006452719680964947,0.6589406132698059,0.7356569766998291,-0.010150895453989506,0.644616961479187,0.6528303623199463,-0.020135274156928062,0.6831603050231934,0.6232229471206665,-0.023911915719509125,0.7281463146209717,0.6329920887947083,0.022598611190915108,0.6704058647155762,0.5990149974822998,-0.015390482731163502,0.6805058121681213,0.6752451062202454,-0.03231870010495186,0.7064021825790405,0.6899117827415466,-0.038873422890901566,0.7674806118011475,0.6258571147918701,0.010181093588471413,0.7051305770874023,0.595832347869873,-0.03325735032558441,0.7179369330406189,0.6958209872245789,-0.03400658816099167,0.7510919570922852,0.6975479125976562,-0.021937698125839233,0.8084601163864136,0.6213157773017883,-0.010420380160212517,0.7464572191238403,0.5977146625518799,-0.052638277411460876,0.7526599764823914,0.6964462995529175,-0.033584531396627426,0.784150242805481,0.6993106603622437,-0.007715847808867693,0.8530339002609253,0.6234450936317444,-0.03287731111049652,0.7920607328414917,0.596369743347168,-0.05386875942349434,0.7901012897491455,0.661284863948822,-0.03935549408197403,0.8176470994949341,0.6721993088722229,-0.021102765575051308,А
0.0,0.0,0.0,0.0,0.0,0.0,0.0,0.0,0.0,0.0,0.0,0.0,0.0,0.0,0.0,0.0,0.0,0.0,0.0,0.0,0.0,0.0,0.0,0.0,0.0,0.0,0.0,0.0,0.0,0.0,0.0,0.0,0.0,0.0,0.0,0.0,0.0,0.0,0.0,0.0,0.0,0.0,0.0,0.0,0.0,0.0,0.0,0.0,0.0,0.0,0.0,0.0,0.0,0.0,0.0,0.0,0.0,0.0,0.0,0.0,0.0,0.0,0.0,0.8038656115531921,0.8642356395721436,-7.180142915785837e-07,0.7247549295425415,0.8321937322616577,-0.0068620662204921246,0.6583204865455627,0.7515364289283752,-0.009907420724630356,0.6426795721054077,0.6664068698883057,-0.0194401778280735,0.6844327449798584,0.6435381770133972,-0.022966042160987854,0.7202404737472534,0.6568475961685181,0.02723998948931694,0.6684646010398865,0.6193238496780396,-0.009940269403159618,0.6800029277801514,0.6912389993667603,-0.02703816257417202,0.7044857144355774,0.7063427567481995,-0.03366420045495033,0.7602399587631226,0.6460279822349548,0.015695221722126007,0.7046093344688416,0.6130101680755615,-0.028133541345596313,0.719338059425354,0.7101496458053589,-0.030662622302770615,0.7497345805168152,0.7123991250991821,-0.019031621515750885,0.8011595606803894,0.6385172605514526,-0.004321372602134943,0.7448602318763733,0.6136729717254639,-0.04692330211400986,0.7541198134422302,0.711077094078064,-0.03035815618932247,0.7835681438446045,0.7140951752662659,-0.005365174729377031,0.8458030223846436,0.6359733939170837,-0.026061449199914932,0.7870213985443115,0.6110345125198364,-0.04650060459971428,0.7884095907211304,0.6762846112251282,-0.03315536677837372,0.8153473138809204,0.6868744492530823,-0.01567177288234234,А
0.0,0.0,0.0,0.0,0.0,0.0,0.0,0.0,0.0,0.0,0.0,0.0,0.0,0.0,0.0,0.0,0.0,0.0,0.0,0.0,0.0,0.0,0.0,0.0,0.0,0.0,0.0,0.0,0.0,0.0,0.0,0.0,0.0,0.0,0.0,0.0,0.0,0.0,0.0,0.0,0.0,0.0,0.0,0.0,0.0,0.0,0.0,0.0,0.0,0.0,0.0,0.0,0.0,0.0,0.0,0.0,0.0,0.0,0.0,0.0,0.0,0.0,0.0,0.7983242273330688,0.880131185054779,-7.143028142309049e-07,0.720001757144928,0.8420723080635071,-0.0055884625762701035,0.6583324670791626,0.7651740312576294,-0.008611345663666725,0.6411806344985962,0.6860141754150391,-0.01844000071287155,0.6773532629013062,0.655301570892334,-0.022450361400842667,0.7201415300369263,0.6667162775993347,0.029003586620092392,0.6714701652526855,0.6325089335441589,-0.0071880994364619255,0.6815503239631653,0.7051928043365479,-0.0242597796022892,0.7057193517684937,0.7202978134155273,-0.030948137864470482,0.7577906847000122,0.6587147116661072,0.01674199104309082,0.7043620347976685,0.6272315979003906,-0.02564610168337822,0.7170883417129517,0.7233152985572815,-0.028760837391018867,0.7483893036842346,0.7255180478096008,-0.01798599772155285,0.7978851199150085,0.651649534702301,-0.003791420254856348,0.742963969707489,0.627295970916748,-0.04576335474848747,0.7500143647193909,0.7224844694137573,-0.030989736318588257,0.7806332111358643,0.7265915274620056,-0.007447975687682629,0.8418071269989014,0.6502323150634766,-0.02590063028037548,0.7842598557472229,0.626377284526825,-0.04690257087349892,0.7844944596290588,0.6892443299293518,-0.03478096053004265,0.8125290870666504,0.7003313302993774,-0.01803063601255417,А
0.0,0.0,0.0,0.0,0.0,0.0,0.0,0.0,0.0,0.0,0.0,0.0,0.0,0.0,0.0,0.0,0.0,0.0,0.0,0.0,0.0,0.0,0.0,0.0,0.0,0.0,0.0,0.0,0.0,0.0,0.0,0.0,0.0,0.0,0.0,0.0,0.0,0.0,0.0,0.0,0.0,0.0,0.0,0.0,0.0,0.0,0.0,0.0,0.0,0.0,0.0,0.0,0.0,0.0,0.0,0.0,0.0,0.0,0.0,0.0,0.0,0.0,0.0,0.7926667928695679,0.8973159790039062,-6.946121402506833e-07,0.7154145240783691,0.8605460524559021,-0.007554122246801853,0.6523565053939819,0.7850030064582825,-0.011440634727478027,0.6374533176422119,0.7044618725776672,-0.021355904638767242,0.6776742935180664,0.6753559112548828,-0.025496380403637886,0.7155556678771973,0.6917065382003784,0.02425672858953476,0.6705443263053894,0.6539269685745239,-0.010702529922127724,0.6780204176902771,0.7242281436920166,-0.02503552846610546,0.6995630264282227,0.7391165494918823,-0.02987769804894924,0.7537497878074646,0.6828708648681641,0.013077029958367348,0.7036375403404236,0.6487768888473511,-0.028023239225149155,0.7138768434524536,0.7422049641609192,-0.02898244373500347,0.7428628206253052,0.743559718132019,-0.01730804517865181,0.7939896583557129,0.6755468845367432,-0.00627037463709712,0.7420150637626648,0.6474241018295288,-0.048843540251255035,0.7467477917671204,0.7403550744056702,-0.03328092768788338,0.7747981548309326,0.7461409568786621,-0.009300244972109795,0.8375310897827148,0.6741078495979309,-0.027145979925990105,0.7821933031082153,0.6437855958938599,-0.048818062990903854,0.7793692946434021,0.7068493962287903,-0.03612661734223366,0.8042349219322205,0.7217564582824707,-0.019047386944293976,А
0.0,0.0,0.0,0.0,0.0,0.0,0.0,0.0,0.0,0.0,0.0,0.0,0.0,0.0,0.0,0.0,0.0,0.0,0.0,0.0,0.0,0.0,0.0,0.0,0.0,0.0,0.0,0.0,0.0,0.0,0.0,0.0,0.0,0.0,0.0,0.0,0.0,0.0,0.0,0.0,0.0,0.0,0.0,0.0,0.0,0.0,0.0,0.0,0.0,0.0,0.0,0.0,0.0,0.0,0.0,0.0,0.0,0.0,0.0,0.0,0.0,0.0,0.0,0.7953994274139404,0.902878999710083,-7.133951953619544e-07,0.7198613286018372,0.8789894580841064,-0.0059009431861341,0.6525233387947083,0.7989163398742676,-0.00723390793427825,0.6354382634162903,0.7148562669754028,-0.01445707120001316,0.6724408864974976,0.6921975016593933,-0.015566576272249222,0.7125859260559082,0.7012314200401306,0.02718513272702694,0.6607190370559692,0.6687988638877869,-0.007951744832098484,0.6732985377311707,0.7386860847473145,-0.02473359741270542,0.6963344216346741,0.7526758313179016,-0.0311514250934124,0.751370906829834,0.6921818256378174,0.01669275388121605,0.6951499581336975,0.6607589721679688,-0.024099603295326233,0.7116777896881104,0.7552824020385742,-0.02662520483136177,0.7395748496055603,0.7584508061408997,-0.015333123505115509,0.7909359335899353,0.6845804452896118,-0.001755353296175599,0.7353968024253845,0.6611645817756653,-0.041503868997097015,0.7459582090377808,0.7553297281265259,-0.026642421260476112,0.7733525633811951,0.7584947943687439,-0.0034448199439793825,0.8336949348449707,0.6800154447555542,-0.021588871255517006,0.7768996953964233,0.6568617224693298,-0.04083079844713211,0.7806550860404968,0.7199370861053467,-0.028620516881346703,0.8073955774307251,0.7289538383483887,-0.01219732966274023,А
0.0,0.0,0.0,0.0,0.0,0.0,0.0,0.0,0.0,0.0,0.0,0.0,0.0,0.0,0.0,0.0,0.0,0.0,0.0,0.0,0.0,0.0,0.0,0.0,0.0,0.0,0.0,0.0,0.0,0.0,0.0,0.0,0.0,0.0,0.0,0.0,0.0,0.0,0.0,0.0,0.0,0.0,0.0,0.0,0.0,0.0,0.0,0.0,0.0,0.0,0.0,0.0,0.0,0.0,0.0,0.0,0.0,0.0,0.0,0.0,0.0,0.0,0.0,0.7933616638183594,0.8939921855926514,-6.793695774831576e-07,0.7179850935935974,0.861708402633667,-0.004968441557139158,0.651980996131897,0.7851995229721069,-0.008093751035630703,0.6357833743095398,0.70466148853302,-0.01727493479847908,0.6758568286895752,0.6797962188720703,-0.020583897829055786,0.7161194682121277,0.6909853219985962,0.025236347690224648,0.6632468700408936,0.6569503545761108,-0.00847749225795269,0.6738108396530151,0.7271461486816406,-0.023548640310764313,0.6952896118164062,0.7380849719047546,-0.0295795276761055,0.7546887397766113,0.680875301361084,0.013678554445505142,0.6950335502624512,0.6461513042449951,-0.026125652715563774,0.7099462747573853,0.7426570653915405,-0.02713635563850403,0.7392168641090393,0.7445170283317566,-0.015132023021578789,0.7938913702964783,0.6735671162605286,-0.00548004312440753,0.7344478368759155,0.6479439735412598,-0.043993156403303146,0.7432145476341248,0.7438645362854004,-0.027709197252988815,0.7717608213424683,0.7466280460357666,-0.0040335943922400475,0.8359804153442383,0.6719009876251221,-0.025975113734602928,0.7773325443267822,0.6440759301185608,-0.0447884276509285,0.7782155871391296,0.7089230418205261,-0.031687986105680466,0.804332971572876,0.720495343208313,-0.014760556630790234,А
0.0,0.0,0.0,0.0,0.0,0.0,0.0,0.0,0.0,0.0,0.0,0.0,0.0,0.0,0.0,0.0,0.0,0.0,0.0,0.0,0.0,0.0,0.0,0.0,0.0,0.0,0.0,0.0,0.0,0.0,0.0,0.0,0.0,0.0,0.0,0.0,0.0,0.0,0.0,0.0,0.0,0.0,0.0,0.0,0.0,0.0,0.0,0.0,0.0,0.0,0.0,0.0,0.0,0.0,0.0,0.0,0.0,0.0,0.0,0.0,0.0,0.0,0.0,0.7947437167167664,0.8955113887786865,-6.942215691196907e-07,0.7171783447265625,0.8605025410652161,-0.0044226436875760555,0.6524162888526917,0.7833802103996277,-0.007716025225818157,0.6369796991348267,0.7014912962913513,-0.018500758334994316,0.6762012243270874,0.6788638830184937,-0.02434641867876053,0.7143280506134033,0.6895884871482849,0.029091617092490196,0.6622083783149719,0.6564208269119263,-0.006567697506397963,0.6737172603607178,0.7244225740432739,-0.022115793079137802,0.6972945928573608,0.7382804155349731,-0.026984823867678642,0.752409815788269,0.6793738007545471,0.016535324975848198,0.6956583857536316,0.6492246389389038,-0.02503015846014023,0.7119511365890503,0.7417716383934021,-0.02595856972038746,0.7420246601104736,0.7422218918800354,-0.012706859968602657,0.7924191355705261,0.6714819073677063,-0.004252100363373756,0.7350718379020691,0.6480374932289124,-0.04496198892593384,0.7463140487670898,0.7406507730484009,-0.029008924961090088,0.7749780416488647,0.741836667060852,-0.0042316182516515255,0.8374134302139282,0.6694427728652954,-0.026449745520949364,0.7798542380332947,0.6395748853683472,-0.044618479907512665,0.7818723320960999,0.7023369073867798,-0.030302245169878006,0.8081791996955872,0.7141855359077454,-0.012162704952061176,А
0.0,0.0,0.0,0.0,0.0,0.0,0.0,0.0,0.0,0.0,0.0,0.0,0.0,0.0,0.0,0.0,0.0,0.0,0.0,0.0,0.0,0.0,0.0,0.0,0.0,0.0,0.0,0.0,0.0,0.0,0.0,0.0,0.0,0.0,0.0,0.0,0.0,0.0,0.0,0.0,0.0,0.0,0.0,0.0,0.0,0.0,0.0,0.0,0.0,0.0,0.0,0.0,0.0,0.0,0.0,0.0,0.0,0.0,0.0,0.0,0.0,0.0,0.0,0.7963854074478149,0.8904941082000732,-6.394067781911872e-07,0.7197372913360596,0.8643827438354492,-0.007334476336836815,0.6517446041107178,0.7818025350570679,-0.010581211186945438,0.6351425647735596,0.6977017521858215,-0.020083189010620117,0.6748816967010498,0.681431770324707,-0.023954354226589203,0.712080180644989,0.6911092400550842,0.02644803561270237,0.6637312769889832,0.6595980525016785,-0.0077375262044370174,0.6758474707603455,0.7240111231803894,-0.02277362160384655,0.6958463191986084,0.7351204752922058,-0.02830328792333603,0.7515493631362915,0.6795677542686462,0.015513263642787933,0.6986912488937378,0.6495122313499451,-0.02544832043349743,0.7147859930992126,0.7385618090629578,-0.028392300009727478,0.7395527362823486,0.7378416657447815,-0.017433948814868927,0.7906845808029175,0.6720274090766907,-0.0034726804587990046,0.7375621199607849,0.6476919054985046,-0.04306003078818321,0.7477889060974121,0.7401648163795471,-0.02827492542564869,0.7716139554977417,0.7404834628105164,-0.00516845379024744,0.8324080109596252,0.6674966812133789,-0.023986581712961197,0.7758733034133911,0.6439523696899414,-0.04191887378692627,0.7801259756088257,0.7046409249305725,-0.02951611392199993,0.805208683013916,0.7123688459396362,-0.013381444849073887,А
0.0,0.0,0.0,0.0,0.0,0.0,0.0,0.0,0.0,0.0,0.0,0.0,0.0,0.0,0.0,0.0,0.0,0.0,0.0,0.0,0.0,0.0,0.0,0.0,0.0,0.0,0.0,0.0,0.0,0.0,0.0,0.0,0.0,0.0,0.0,0.0,0.0,0.0,0.0,0.0,0.0,0.0,0.0,0.0,0.0,0.0,0.0,0.0,0.0,0.0,0.0,0.0,0.0,0.0,0.0,0.0,0.0,0.0,0.0,0.0,0.0,0.0,0.0,0.7959937453269958,0.8921265006065369,-7.163103532548121e-07,0.7181620597839355,0.8600894808769226,-0.003130408702418208,0.6537894010543823,0.782760739326477,-0.005166805814951658,0.6390749216079712,0.7023317217826843,-0.014455129392445087,0.6752749085426331,0.6747667789459229,-0.018285514786839485,0.7122967839241028,0.6901787519454956,0.028784051537513733,0.6584627628326416,0.6517603397369385,-0.006777050904929638,0.6719443202018738,0.7220247387886047,-0.02302279882133007,0.6965357661247253,0.7397571802139282,-0.02827933244407177,0.7500326633453369,0.6797940731048584,0.016457268968224525,0.6937958002090454,0.6434600353240967,-0.023873984813690186,0.7103170156478882,0.7388824224472046,-0.025936992838978767,0.7395094633102417,0.7444431781768799,-0.014128398150205612,0.7897791862487793,0.6710811257362366,-0.003615104127675295,0.7323107123374939,0.6420820951461792,-0.04240059107542038,0.7429689168930054,0.7376465201377869,-0.02679564617574215,0.7722097635269165,0.7436951994895935,-0.0030255953315645456,0.8341930508613586,0.6674814224243164,-0.0249590165913105,0.7756053805351257,0.6372094750404358,-0.04314771667122841,0.7765452265739441,0.7005376815795898,-0.029529914259910583,0.8030520081520081,0.7146541476249695,-0.01191443856805563,А
0.0,0.0,0.0,0.0,0.0,0.0,0.0,0.0,0.0,0.0,0.0,0.0,0.0,0.0,0.0,0.0,0.0,0.0,0.0,0.0,0.0,0.0,0.0,0.0,0.0,0.0,0.0,0.0,0.0,0.0,0.0,0.0,0.0,0.0,0.0,0.0,0.0,0.0,0.0,0.0,0.0,0.0,0.0,0.0,0.0,0.0,0.0,0.0,0.0,0.0,0.0,0.0,0.0,0.0,0.0,0.0,0.0,0.0,0.0,0.0,0.0,0.0,0.0,0.7975783348083496,0.8928205966949463,-6.840178912170813e-07,0.7196047306060791,0.8667007088661194,-0.007475400809198618,0.6531263589859009,0.7855864763259888,-0.010987934656441212,0.6355264186859131,0.7003389596939087,-0.020230580121278763,0.6730894446372986,0.6797672510147095,-0.023487169295549393,0.7115553021430969,0.6903765201568604,0.02277807705104351,0.6580684185028076,0.6551268100738525,-0.012560046277940273,0.6725366115570068,0.7223436832427979,-0.028514614328742027,0.6958577632904053,0.7361641526222229,-0.03402739018201828,0.7507457733154297,0.6802934408187866,0.012745292857289314,0.6950275301933289,0.6484830379486084,-0.027077244594693184,0.7130531668663025,0.7395721077919006,-0.02841985411942005,0.7401447296142578,0.741767942905426,-0.016709456220269203,0.7904562950134277,0.6724287867546082,-0.0050975121557712555,0.7355563044548035,0.647485077381134,-0.04317118972539902,0.7472369074821472,0.7401885390281677,-0.026684438809752464,0.7738506197929382,0.7426484823226929,-0.0028280133847147226,0.8340721130371094,0.6685287952423096,-0.024545269086956978,0.7779784798622131,0.6399441957473755,-0.04144572094082832,0.7815972566604614,0.7018449902534485,-0.02724093571305275,0.8070754408836365,0.7126150727272034,-0.009730048477649689,А
0.0,0.0,0.0,0.0,0.0,0.0,0.0,0.0,0.0,0.0,0.0,0.0,0.0,0.0,0.0,0.0,0.0,0.0,0.0,0.0,0.0,0.0,0.0,0.0,0.0,0.0,0.0,0.0,0.0,0.0,0.0,0.0,0.0,0.0,0.0,0.0,0.0,0.0,0.0,0.0,0.0,0.0,0.0,0.0,0.0,0.0,0.0,0.0,0.0,0.0,0.0,0.0,0.0,0.0,0.0,0.0,0.0,0.0,0.0,0.0,0.0,0.0,0.0,0.796227216720581,0.8939650058746338,-7.004337021498941e-07,0.7178958058357239,0.8589205741882324,-0.007376953959465027,0.6537217497825623,0.7815269827842712,-0.010320603847503662,0.6377092599868774,0.701855480670929,-0.019368527457118034,0.6758788824081421,0.6781344413757324,-0.02249719761312008,0.7128985524177551,0.6863652467727661,0.025646977126598358,0.6630011796951294,0.6515694260597229,-0.00833411980420351,0.6741958260536194,0.7250744700431824,-0.02291538380086422,0.6958948969841003,0.7352041602134705,-0.027960509061813354,0.7517433762550354,0.6766796112060547,0.015259470790624619,0.6983820796012878,0.6445057988166809,-0.024679003283381462,0.7124143242835999,0.7403817176818848,-0.02541608177125454,0.7402139902114868,0.7401635050773621,-0.012843404896557331,0.7919309735298157,0.668840765953064,-0.0032174389343708754,0.7381705641746521,0.6452221870422363,-0.042329974472522736,0.7455238699913025,0.7389275431632996,-0.02670855075120926,0.7725654244422913,0.7394927144050598,-0.0026969967875629663,0.8358434438705444,0.6667475700378418,-0.023306718096137047,0.7804796099662781,0.6374832987785339,-0.03997015953063965,0.7796318531036377,0.699048638343811,-0.025630947202444077,0.8042761087417603,0.7095728516578674,-0.007823577150702477,А
0.0,0.0,0.0,0.0,0.0,0.0,0.0,0.0,0.0,0.0,0.0,0.0,0.0,0.0,0.0,0.0,0.0,0.0,0.0,0.0,0.0,0.0,0.0,0.0,0.0,0.0,0.0,0.0,0.0,0.0,0.0,0.0,0.0,0.0,0.0,0.0,0.0,0.0,0.0,0.0,0.0,0.0,0.0,0.0,0.0,0.0,0.0,0.0,0.0,0.0,0.0,0.0,0.0,0.0,0.0,0.0,0.0,0.0,0.0,0.0,0.0,0.0,0.0,0.8008275032043457,0.8897801637649536,-6.990355245761748e-07,0.7201590538024902,0.862097442150116,-0.00596204400062561,0.6543178558349609,0.7806563377380371,-0.008499475196003914,0.6380161643028259,0.6962388157844543,-0.017250655218958855,0.674068808555603,0.6764153838157654,-0.02030041068792343,0.7150753140449524,0.6870890259742737,0.025558818131685257,0.6641229391098022,0.6522834300994873,-0.008952070958912373,0.6767763495445251,0.7214298248291016,-0.024719059467315674,0.6991975903511047,0.7374607920646667,-0.030476225540041924,0.7531447410583496,0.6764934659004211,0.014763232320547104,0.6980831623077393,0.646507978439331,-0.02568877302110195,0.7150667905807495,0.7394953966140747,-0.027718862518668175,0.7434148192405701,0.743391752243042,-0.01641230471432209,0.7923630475997925,0.6685917377471924,-0.0038226975593715906,0.7369295358657837,0.6437535285949707,-0.04322988912463188,0.7479332089424133,0.7381367683410645,-0.02722317725419998,0.7754184603691101,0.7431271076202393,-0.003408379852771759,0.8356403708457947,0.6655862927436829,-0.023875335231423378,0.779041051864624,0.6378068327903748,-0.04257696121931076,0.781431257724762,0.7017590999603271,-0.02910809963941574,0.806913435459137,0.7145622372627258,-0.011864447966217995,А
0.0,0.0,0.0,0.0,0.0,0.0,0.0,0.0,0.0,0.0,0.0,0.0,0.0,0.0,0.0,0.0,0.0,0.0,0.0,0.0,0.0,0.0,0.0,0.0,0.0,0.0,0.0,0.0,0.0,0.0,0.0,0.0,0.0,0.0,0.0,0.0,0.0,0.0,0.0,0.0,0.0,0.0,0.0,0.0,0.0,0.0,0.0,0.0,0.0,0.0,0.0,0.0,0.0,0.0,0.0,0.0,0.0,0.0,0.0,0.0,0.0,0.0,0.0,0.7989684343338013,0.8910321593284607,-7.058532673909212e-07,0.7230360507965088,0.8638314008712769,-0.006129065062850714,0.656110405921936,0.7870614528656006,-0.009230908937752247,0.6394016742706299,0.7041726112365723,-0.01829981431365013,0.6747732162475586,0.6736268997192383,-0.021473737433552742,0.7134246826171875,0.6865883469581604,0.026489194482564926,0.6612378358840942,0.6518660187721252,-0.008613555692136288,0.6745857000350952,0.7213644981384277,-0.024622639641165733,0.6990883350372314,0.736642599105835,-0.03015814535319805,0.7521186470985413,0.676195502281189,0.01609209179878235,0.6948260068893433,0.6472089290618896,-0.02415417693555355,0.713148832321167,0.7416033744812012,-0.025556977838277817,0.7430180311203003,0.7449150085449219,-0.013498032465577126,0.7917513847351074,0.6679320931434631,-0.0024115133564919233,0.7345408201217651,0.6449291706085205,-0.04219140112400055,0.7463871836662292,0.7393709421157837,-0.02729586511850357,0.7757271528244019,0.7450803518295288,-0.0040335156954824924,0.8348318338394165,0.66390061378479,-0.022319242358207703,0.7757942080497742,0.6406333446502686,-0.04235014319419861,0.7781089544296265,0.7065007090568542,-0.03060786984860897,0.804167628288269,0.719953179359436,-0.01416547130793333,А
0.0,0.0,0.0,0.0,0.0,0.0,0.0,0.0,0.0,0.0,0.0,0.0,0.0,0.0,0.0,0.0,0.0,0.0,0.0,0.0,0.0,0.0,0.0,0.0,0.0,0.0,0.0,0.0,0.0,0.0,0.0,0.0,0.0,0.0,0.0,0.0,0.0,0.0,0.0,0.0,0.0,0.0,0.0,0.0,0.0,0.0,0.0,0.0,0.0,0.0,0.0,0.0,0.0,0.0,0.0,0.0,0.0,0.0,0.0,0.0,0.0,0.0,0.0,0.7964373826980591,0.88120037317276,-6.816915174567839e-07,0.7180821895599365,0.8518200516700745,-0.0034412776585668325,0.6555629968643188,0.7762280106544495,-0.0055335150100290775,0.6385430097579956,0.6957236528396606,-0.014493674039840698,0.6736626625061035,0.6736491322517395,-0.017910581082105637,0.7144040465354919,0.683897852897644,0.029224663972854614,0.6658949851989746,0.6487235426902771,-0.004884124267846346,0.6784324049949646,0.7171337008476257,-0.020961245521903038,0.7003342509269714,0.7353386282920837,-0.02688223123550415,0.7511741518974304,0.6742467284202576,0.01724054105579853,0.6981427669525146,0.6411409378051758,-0.022802693769335747,0.7152753472328186,0.733731746673584,-0.026238657534122467,0.7431506514549255,0.739005982875824,-0.01596146821975708,0.7899829745292664,0.6655887961387634,-0.002312029479071498,0.7357100248336792,0.6395984888076782,-0.041100434958934784,0.7474899888038635,0.7331035137176514,-0.02597549930214882,0.7749760746955872,0.7380940914154053,-0.0029329415410757065,0.8323999047279358,0.6611108183860779,-0.023051688447594643,0.7754412889480591,0.6350790858268738,-0.0413561649620533,0.7788556814193726,0.6992818117141724,-0.027922004461288452,0.8047522902488708,0.7117565870285034,-0.010757026262581348,А
0.0,0.0,0.0,0.0,0.0,0.0,0.0,0.0,0.0,0.0,0.0,0.0,0.0,0.0,0.0,0.0,0.0,0.0,0.0,0.0,0.0,0.0,0.0,0.0,0.0,0.0,0.0,0.0,0.0,0.0,0.0,0.0,0.0,0.0,0.0,0.0,0.0,0.0,0.0,0.0,0.0,0.0,0.0,0.0,0.0,0.0,0.0,0.0,0.0,0.0,0.0,0.0,0.0,0.0,0.0,0.0,0.0,0.0,0.0,0.0,0.0,0.0,0.0,0.7970576286315918,0.8828558921813965,-6.884095000714296e-07,0.7208989858627319,0.843496561050415,-0.00500633055344224,0.6595058441162109,0.7686147093772888,-0.008577292785048485,0.64081209897995,0.6918463110923767,-0.019084829837083817,0.675207257270813,0.6634629368782043,-0.02375910058617592,0.7200022339820862,0.6722772121429443,0.02888401225209236,0.6703346967697144,0.6384487152099609,-0.005495591554790735,0.6807911992073059,0.7103499174118042,-0.021724214777350426,0.7023320198059082,0.722703218460083,-0.027950439602136612,0.7568713426589966,0.6652461290359497,0.017064934596419334,0.7016150951385498,0.6346521377563477,-0.02302621491253376,0.7150207757949829,0.728251039981842,-0.02542075514793396,0.7442499995231628,0.7293232083320618,-0.014540160074830055,0.7953227758407593,0.6582530736923218,-0.002735332353040576,0.7381576299667358,0.6326693296432495,-0.04163488373160362,0.7456982135772705,0.7261300683021545,-0.02655329741537571,0.7753327488899231,0.7299554944038391,-0.0033824327401816845,0.8373575806617737,0.6569128632545471,-0.024109505116939545,0.7805233597755432,0.6276933550834656,-0.04227425903081894,0.7801181077957153,0.6899554133415222,-0.0291217640042305,0.8070075511932373,0.7032191753387451,-0.01201331615447998,А
0.0,0.0,0.0,0.0,0.0,0.0,0.0,0.0,0.0,0.0,0.0,0.0,0.0,0.0,0.0,0.0,0.0,0.0,0.0,0.0,0.0,0.0,0.0,0.0,0.0,0.0,0.0,0.0,0.0,0.0,0.0,0.0,0.0,0.0,0.0,0.0,0.0,0.0,0.0,0.0,0.0,0.0,0.0,0.0,0.0,0.0,0.0,0.0,0.0,0.0,0.0,0.0,0.0,0.0,0.0,0.0,0.0,0.0,0.0,0.0,0.0,0.0,0.0,0.7958598136901855,0.8702012896537781,-6.748152259206108e-07,0.7183867692947388,0.8431733250617981,-0.008207644335925579,0.6525079011917114,0.7656409740447998,-0.011957863345742226,0.636370837688446,0.683154821395874,-0.021694710478186607,0.675687849521637,0.6620929837226868,-0.025782709941267967,0.7101549506187439,0.6749384999275208,0.02304803393781185,0.6598154902458191,0.6390255093574524,-0.011839819140732288,0.6720494031906128,0.7072767019271851,-0.02652859501540661,0.6948935389518738,0.7212559580802917,-0.03149415925145149,0.7490987181663513,0.6628363728523254,0.012925202958285809,0.6951853036880493,0.628527820110321,-0.02856477163732052,0.7099072933197021,0.7228670716285706,-0.029726266860961914,0.7378460764884949,0.7270599603652954,-0.017220256850123405,0.7892778515815735,0.6533800363540649,-0.005237889010459185,0.7344212532043457,0.6256524324417114,-0.04552539065480232,0.7435730695724487,0.7201573848724365,-0.02901238203048706,0.7707381248474121,0.726546585559845,-0.004278055392205715,0.8336036801338196,0.6479519605636597,-0.025148486718535423,0.7758721113204956,0.6212263107299805,-0.04460371658205986,0.7767419815063477,0.6853983998298645,-0.0314539410173893,0.8020129203796387,0.6992971897125244,-0.014138906262814999,А
0.0,0.0,0.0,0.0,0.0,0.0,0.0,0.0,0.0,0.0,0.0,0.0,0.0,0.0,0.0,0.0,0.0,0.0,0.0,0.0,0.0,0.0,0.0,0.0,0.0,0.0,0.0,0.0,0.0,0.0,0.0,0.0,0.0,0.0,0.0,0.0,0.0,0.0,0.0,0.0,0.0,0.0,0.0,0.0,0.0,0.0,0.0,0.0,0.0,0.0,0.0,0.0,0.0,0.0,0.0,0.0,0.0,0.0,0.0,0.0,0.0,0.0,0.0,0.7930529117584229,0.8672943115234375,-6.826484195698868e-07,0.716339647769928,0.8381817936897278,-0.007538470905274153,0.6523535847663879,0.7632550597190857,-0.011121365241706371,0.6347062587738037,0.6845903992652893,-0.020237959921360016,0.668891966342926,0.6557242274284363,-0.02323361672461033,0.7117788791656494,0.6674167513847351,0.023546529933810234,0.6621781587600708,0.63361656665802,-0.010479279793798923,0.6738621592521667,0.7035719156265259,-0.02570853941142559,0.6956419348716736,0.7172355651855469,-0.03144900128245354,0.7485252618789673,0.6576818823814392,0.0135172875598073,0.695268988609314,0.6273415088653564,-0.026047315448522568,0.7113527059555054,0.7205200791358948,-0.027750656008720398,0.7394379377365112,0.7215344905853271,-0.01660637930035591,0.7874959111213684,0.6496801972389221,-0.004277773667126894,0.7343428134918213,0.6260873675346375,-0.042581528425216675,0.7440352439880371,0.7194200158119202,-0.026581456884741783,0.7714962959289551,0.7220224142074585,-0.0032881477382034063,0.8305206298828125,0.6459439992904663,-0.02369723841547966,0.7751620411872864,0.6234827041625977,-0.042257241904735565,0.7775706648826599,0.6851896047592163,-0.02936655469238758,0.80353182554245,0.6942092180252075,-0.012679891660809517,А
0.0,0.0,0.0,0.0,0.0,0.0,0.0,0.0,0.0,0.0,0.0,0.0,0.0,0.0,0.0,0.0,0.0,0.0,0.0,0.0,0.0,0.0,0.0,0.0,0.0,0.0,0.0,0.0,0.0,0.0,0.0,0.0,0.0,0.0,0.0,0.0,0.0,0.0,0.0,0.0,0.0,0.0,0.0,0.0,0.0,0.0,0.0,0.0,0.0,0.0,0.0,0.0,0.0,0.0,0.0,0.0,0.0,0.0,0.0,0.0,0.0,0.0,0.0,0.7903867959976196,0.8589414358139038,-6.840513151473715e-07,0.7133725881576538,0.8327285647392273,-0.0053387894295156,0.6462026238441467,0.759422779083252,-0.008936779573559761,0.6310648322105408,0.6782895922660828,-0.019342804327607155,0.6718615889549255,0.6538168787956238,-0.02473144792020321,0.7031344771385193,0.667324423789978,0.022142697125673294,0.650824248790741,0.6323201656341553,-0.01348220743238926,0.6637745499610901,0.6992529630661011,-0.02816074714064598,0.6880927681922913,0.7136442065238953,-0.03282404690980911,0.741835355758667,0.6552895307540894,0.01007596030831337,0.6860401034355164,0.6186913251876831,-0.031471509486436844,0.702379584312439,0.712287187576294,-0.03167693316936493,0.7315313220024109,0.7161073088645935,-0.018373452126979828,0.7820541262626648,0.6459745764732361,-0.009616199880838394,0.7260990738868713,0.6190066337585449,-0.049778055399656296,0.7378239631652832,0.7122051119804382,-0.03206930309534073,0.7654647827148438,0.7159819602966309,-0.006601921748369932,0.8272424340248108,0.6410386562347412,-0.030772825703024864,0.7706121802330017,0.6104418039321899,-0.04992545023560524,0.7732132077217102,0.6730653047561646,-0.03537842631340027,0.7988337874412537,0.6861076951026917,-0.017160315066576004,А
0.0,0.0,0.0,0.0,0.0,0.0,0.0,0.0,0.0,0.0,0.0,0.0,0.0,0.0,0.0,0.0,0.0,0.0,0.0,0.0,0.0,0.0,0.0,0.0,0.0,0.0,0.0,0.0,0.0,0.0,0.0,0.0,0.0,0.0,0.0,0.0,0.0,0.0,0.0,0.0,0.0,0.0,0.0,0.0,0.0,0.0,0.0,0.0,0.0,0.0,0.0,0.0,0.0,0.0,0.0,0.0,0.0,0.0,0.0,0.0,0.0,0.0,0.0,0.7849816679954529,0.8577244281768799,-6.649412398473942e-07,0.7086686491966248,0.8247593641281128,-0.00333940121345222,0.6452503204345703,0.7483765482902527,-0.006055771838873625,0.6282389760017395,0.670472264289856,-0.015723086893558502,0.6670470237731934,0.6491622924804688,-0.020184848457574844,0.7041449546813965,0.6566701531410217,0.026709705591201782,0.652632474899292,0.6233143210411072,-0.005620965734124184,0.6652392148971558,0.6916425824165344,-0.01909366250038147,0.6880632638931274,0.7059370875358582,-0.023738520219922066,0.741576075553894,0.6450143456459045,0.014279996044933796,0.685380220413208,0.6118250489234924,-0.023586338385939598,0.7014638781547546,0.705862283706665,-0.024008017033338547,0.7303773164749146,0.7096822261810303,-0.01181305106729269,0.7810144424438477,0.6370166540145874,-0.005491629242897034,0.7239674925804138,0.6124748587608337,-0.041645050048828125,0.7343412637710571,0.7058666944503784,-0.024980919435620308,0.7619634866714478,0.708665668964386,-0.0015435712411999702,0.8247653245925903,0.6354109048843384,-0.026589227840304375,0.768110990524292,0.6060641407966614,-0.04285683110356331,0.7695007920265198,0.6696195602416992,-0.028486931696534157,0.7951047420501709,0.6823416948318481,-0.011131876148283482,А
0.0,0.0,0.0,0.0,0.0,0.0,0.0,0.0,0.0,0.0,0.0,0.0,0.0,0.0,0.0,0.0,0.0,0.0,0.0,0.0,0.0,0.0,0.0,0.0,0.0,0.0,0.0,0.0,0.0,0.0,0.0,0.0,0.0,0.0,0.0,0.0,0.0,0.0,0.0,0.0,0.0,0.0,0.0,0.0,0.0,0.0,0.0,0.0,0.0,0.0,0.0,0.0,0.0,0.0,0.0,0.0,0.0,0.0,0.0,0.0,0.0,0.0,0.0,0.7865711450576782,0.8472409844398499,-6.807369459238544e-07,0.7086677551269531,0.8186411261558533,-0.006046795751899481,0.6446274518966675,0.7456955313682556,-0.009985547512769699,0.6303315162658691,0.6660029292106628,-0.01964721828699112,0.669638991355896,0.6387640237808228,-0.02356756664812565,0.7028840780258179,0.6520535945892334,0.020346617326140404,0.651692271232605,0.6197461485862732,-0.01411508396267891,0.6650833487510681,0.6898139715194702,-0.029237516224384308,0.6881830096244812,0.7030141949653625,-0.034904833883047104,0.7402989864349365,0.6414062976837158,0.009520445019006729,0.6854966282844543,0.610641360282898,-0.0297484640032053,0.7032880783081055,0.7037196755409241,-0.030080096796154976,0.7327163815498352,0.7054538726806641,-0.018412677571177483,0.7795250415802002,0.6323891878128052,-0.008678602054715157,0.7252296209335327,0.6093038320541382,-0.04599664732813835,0.7365070581436157,0.7014042735099792,-0.02869596891105175,0.7646921277046204,0.7035066485404968,-0.0051073417998850346,0.8236131072044373,0.6285728812217712,-0.02844044752418995,0.7702736258506775,0.6001330614089966,-0.04536549746990204,0.7719098925590515,0.6627557873725891,-0.030736755579710007,0.7966294288635254,0.6744869947433472,-0.013361303135752678,А
0.0,0.0,0.0,0.0,0.0,0.0,0.0,0.0,0.0,0.0,0.0,0.0,0.0,0.0,0.0,0.0,0.0,0.0,0.0,0.0,0.0,0.0,0.0,0.0,0.0,0.0,0.0,0.0,0.0,0.0,0.0,0.0,0.0,0.0,0.0,0.0,0.0,0.0,0.0,0.0,0.0,0.0,0.0,0.0,0.0,0.0,0.0,0.0,0.0,0.0,0.0,0.0,0.0,0.0,0.0,0.0,0.0,0.0,0.0,0.0,0.0,0.0,0.0,0.7842972278594971,0.8425984382629395,-6.888261623316794e-07,0.7069624066352844,0.8170123100280762,-0.0048735314048826694,0.6424919962882996,0.7448827624320984,-0.006816152948886156,0.6278810501098633,0.6648640632629395,-0.015124013647437096,0.6667751669883728,0.6387662291526794,-0.01777680777013302,0.7009841203689575,0.6517288684844971,0.025919146835803986,0.6504279971122742,0.6170666217803955,-0.008940009400248528,0.6636317372322083,0.6853647232055664,-0.02537125162780285,0.68606036901474,0.6978629231452942,-0.03175216540694237,0.7383968830108643,0.6411652565002441,0.014627233147621155,0.6847614645957947,0.6080201864242554,-0.02562645636498928,0.7018750905990601,0.6996473670005798,-0.028290927410125732,0.7291300296783447,0.7005705833435059,-0.01764996536076069,0.7773615717887878,0.6309598088264465,-0.004306789021939039,0.7234166860580444,0.6047820448875427,-0.04267469793558121,0.7345436215400696,0.6967383027076721,-0.027066193521022797,0.7612605094909668,0.6991329193115234,-0.0038888065610080957,0.8203572034835815,0.6251398324966431,-0.02473459392786026,0.765755832195282,0.5987777709960938,-0.042877934873104095,0.7693893909454346,0.6595906019210815,-0.029897592961788177,0.7952724099159241,0.6687542200088501,-0.013286970555782318,А
0.0,0.0,0.0,0.0,0.0,0.0,0.0,0.0,0.0,0.0,0.0,0.0,0.0,0.0,0.0,0.0,0.0,0.0,0.0,0.0,0.0,0.0,0.0,0.0,0.0,0.0,0.0,0.0,0.0,0.0,0.0,0.0,0.0,0.0,0.0,0.0,0.0,0.0,0.0,0.0,0.0,0.0,0.0,0.0,0.0,0.0,0.0,0.0,0.0,0.0,0.0,0.0,0.0,0.0,0.0,0.0,0.0,0.0,0.0,0.0,0.0,0.0,0.0,0.7808781862258911,0.8502819538116455,-6.899901450196921e-07,0.7036012411117554,0.8207525014877319,-0.006411713548004627,0.6395289897918701,0.7479382157325745,-0.010439991019666195,0.6231878399848938,0.670364499092102,-0.020733358338475227,0.6623618602752686,0.641520619392395,-0.025030789896845818,0.7024615406990051,0.6538541913032532,0.022441081702709198,0.649193525314331,0.6209806799888611,-0.013416496105492115,0.6618282794952393,0.6904568076133728,-0.02825477346777916,0.6838918924331665,0.7005932331085205,-0.03305858373641968,0.7391014099121094,0.6439001560211182,0.010906917974352837,0.6805270910263062,0.612811267375946,-0.03083447553217411,0.6979426741600037,0.7067064046859741,-0.030762897804379463,0.7270849347114563,0.7041618227958679,-0.017455564811825752,0.7766949534416199,0.6345056891441345,-0.00852122250944376,0.718982458114624,0.6105151176452637,-0.04851897805929184,0.7301539182662964,0.7037051320075989,-0.030663877725601196,0.7582363486289978,0.7028419971466064,-0.005255246534943581,0.818631112575531,0.6300082206726074,-0.029639407992362976,0.7636124491691589,0.6012080907821655,-0.04791237786412239,0.7641887068748474,0.6635555028915405,-0.0331965833902359,0.7885414958000183,0.6742249131202698,-0.014987388625741005,А
0.0,0.0,0.0,0.0,0.0,0.0,0.0,0.0,0.0,0.0,0.0,0.0,0.0,0.0,0.0,0.0,0.0,0.0,0.0,0.0,0.0,0.0,0.0,0.0,0.0,0.0,0.0,0.0,0.0,0.0,0.0,0.0,0.0,0.0,0.0,0.0,0.0,0.0,0.0,0.0,0.0,0.0,0.0,0.0,0.0,0.0,0.0,0.0,0.0,0.0,0.0,0.0,0.0,0.0,0.0,0.0,0.0,0.0,0.0,0.0,0.0,0.0,0.0,0.7850984930992126,0.8509942889213562,-6.87044973801676e-07,0.7058950066566467,0.8195596933364868,-0.0062978616915643215,0.6401577591896057,0.7460556030273438,-0.009440136142075062,0.624454915523529,0.6668349504470825,-0.018760500475764275,0.6651554703712463,0.6409198045730591,-0.022496121004223824,0.7023648619651794,0.6539093255996704,0.022966869175434113,0.6507216095924377,0.620253324508667,-0.011759506538510323,0.6636698246002197,0.6896726489067078,-0.026489945128560066,0.685236930847168,0.7019081711769104,-0.031329445540905,0.739804744720459,0.6422690153121948,0.012099990621209145,0.6861746311187744,0.6109013557434082,-0.028114324435591698,0.7031781077384949,0.7022659778594971,-0.029189351946115494,0.7300033569335938,0.7024419903755188,-0.017198270186781883,0.7780313491821289,0.6325737237930298,-0.006418996024876833,0.7243496179580688,0.6095158457756042,-0.045763202011585236,0.7363637089729309,0.7017855644226074,-0.02947269380092621,0.7623215317726135,0.7025375962257385,-0.005227743182331324,0.8205906748771667,0.6289868354797363,-0.0263737253844738,0.765584409236908,0.599795401096344,-0.044193729758262634,0.768724262714386,0.6608607769012451,-0.029909588396549225,0.7936621308326721,0.6713460087776184,-0.012056808918714523,А
0.0,0.0,0.0,0.0,0.0,0.0,0.0,0.0,0.0,0.0,0.0,0.0,0.0,0.0,0.0,0.0,0.0,0.0,0.0,0.0,0.0,0.0,0.0,0.0,0.0,0.0,0.0,0.0,0.0,0.0,0.0,0.0,0.0,0.0,0.0,0.0,0.0,0.0,0.0,0.0,0.0,0.0,0.0,0.0,0.0,0.0,0.0,0.0,0.0,0.0,0.0,0.0,0.0,0.0,0.0,0.0,0.0,0.0,0.0,0.0,0.0,0.0,0.0,0.7911283373832703,0.8381069898605347,-6.618522547796601e-07,0.7122256755828857,0.8129974007606506,-0.004922186490148306,0.645354688167572,0.7422102093696594,-0.008038297295570374,0.6272284388542175,0.6634226441383362,-0.017869865521788597,0.6673857569694519,0.6380080580711365,-0.022407125681638718,0.7033199071884155,0.6516693830490112,0.024096230044960976,0.6532206535339355,0.6155325174331665,-0.010037942789494991,0.6654134392738342,0.6817493438720703,-0.024569425731897354,0.6866205334663391,0.6954161524772644,-0.029631542041897774,0.7408826351165771,0.6384342312812805,0.012387731112539768,0.6870095729827881,0.6024364829063416,-0.027882572263479233,0.7037315368652344,0.6936517357826233,-0.0294822808355093,0.7311824560165405,0.6952105760574341,-0.01776459999382496,0.77980637550354,0.6272148489952087,-0.006740509066730738,0.7250816822052002,0.6022161841392517,-0.04554148390889168,0.7371062636375427,0.6942293047904968,-0.029213832691311836,0.7637409567832947,0.6959221959114075,-0.005224712658673525,0.8229771852493286,0.6204204559326172,-0.027198558673262596,0.7667367458343506,0.5970237851142883,-0.04512912407517433,0.771233081817627,0.6573047637939453,-0.031241990625858307,0.7975866198539734,0.6657638549804688,-0.013930334709584713,А
0.0,0.0,0.0,0.0,0.0,0.0,0.0,0.0,0.0,0.0,0.0,0.0,0.0,0.0,0.0,0.0,0.0,0.0,0.0,0.0,0.0,0.0,0.0,0.0,0.0,0.0,0.0,0.0,0.0,0.0,0.0,0.0,0.0,0.0,0.0,0.0,0.0,0.0,0.0,0.0,0.0,0.0,0.0,0.0,0.0,0.0,0.0,0.0,0.0,0.0,0.0,0.0,0.0,0.0,0.0,0.0,0.0,0.0,0.0,0.0,0.0,0.0,0.0,0.7969748377799988,0.8178378939628601,-6.668326477665687e-07,0.7202304601669312,0.7937299609184265,-0.007227297872304916,0.6545681953430176,0.7256143093109131,-0.010735195130109787,0.6380070447921753,0.6504080295562744,-0.01980552263557911,0.6775791049003601,0.6203691959381104,-0.023404374718666077,0.7134755849838257,0.6305347681045532,0.01866748183965683,0.6651262044906616,0.5962878465652466,-0.013594101183116436,0.6777185201644897,0.665246307849884,-0.026313571259379387,0.6982049345970154,0.6780062317848206,-0.030553285032510757,0.7506779432296753,0.6188953518867493,0.008391357958316803,0.7017990946769714,0.5868178606033325,-0.028850486502051353,0.7164885401725769,0.6749721169471741,-0.029268363490700722,0.7414637804031372,0.676882266998291,-0.01819431036710739,0.7892332077026367,0.6100767254829407,-0.008998018689453602,0.7396624088287354,0.5851325392723083,-0.04544256627559662,0.7499951720237732,0.6747651100158691,-0.028128497302532196,0.7734987735748291,0.677422285079956,-0.004698379430919886,0.8323814868927002,0.6060444712638855,-0.02794109471142292,0.7795660495758057,0.5823952555656433,-0.044402651488780975,0.7822433114051819,0.6411539912223816,-0.02975207194685936,0.8060415983200073,0.6498320698738098,-0.012560425326228142,А
0.0,0.0,0.0,0.0,0.0,0.0,0.0,0.0,0.0,0.0,0.0,0.0,0.0,0.0,0.0,0.0,0.0,0.0,0.0,0.0,0.0,0.0,0.0,0.0,0.0,0.0,0.0,0.0,0.0,0.0,0.0,0.0,0.0,0.0,0.0,0.0,0.0,0.0,0.0,0.0,0.0,0.0,0.0,0.0,0.0,0.0,0.0,0.0,0.0,0.0,0.0,0.0,0.0,0.0,0.0,0.0,0.0,0.0,0.0,0.0,0.0,0.0,0.0,0.8096579909324646,0.7894124984741211,-6.607411364711879e-07,0.7333781719207764,0.7674864530563354,-0.004310831893235445,0.6666975021362305,0.7001926898956299,-0.006198196206241846,0.6503901481628418,0.626353919506073,-0.013748149387538433,0.6897146105766296,0.5969773530960083,-0.015877773985266685,0.7255255579948425,0.6109958291053772,0.019334230571985245,0.6785644292831421,0.5766464471817017,-0.013136443682014942,0.690666913986206,0.6431435346603394,-0.026775363832712173,0.7106717824935913,0.6564015746116638,-0.03181631490588188,0.7612578272819519,0.6007375717163086,0.00801087636500597,0.710932731628418,0.5653285384178162,-0.03010568581521511,0.7283812761306763,0.6524293422698975,-0.03132219612598419,0.7555822134017944,0.6536853313446045,-0.020541692152619362,0.7995900511741638,0.5903447270393372,-0.009966142475605011,0.7491649389266968,0.5632672905921936,-0.04641260579228401,0.760951578617096,0.6513867378234863,-0.029373880475759506,0.7856335639953613,0.6524050831794739,-0.00638929707929492,0.8429819345474243,0.5835147500038147,-0.029240483418107033,0.7915627360343933,0.5587647557258606,-0.04642398655414581,0.7952215671539307,0.6179788708686829,-0.03213486820459366,0.8191483616828918,0.6253513693809509,-0.015271092765033245,А
0.0,0.0,0.0,0.0,0.0,0.0,0.0,0.0,0.0,0.0,0.0,0.0,0.0,0.0,0.0,0.0,0.0,0.0,0.0,0.0,0.0,0.0,0.0,0.0,0.0,0.0,0.0,0.0,0.0,0.0,0.0,0.0,0.0,0.0,0.0,0.0,0.0,0.0,0.0,0.0,0.0,0.0,0.0,0.0,0.0,0.0,0.0,0.0,0.0,0.0,0.0,0.0,0.0,0.0,0.0,0.0,0.0,0.0,0.0,0.0,0.0,0.0,0.0,0.8156374096870422,0.7667189836502075,-6.216957331162121e-07,0.7382456064224243,0.7429091930389404,-0.006986246444284916,0.672441303730011,0.6794403195381165,-0.010905803181231022,0.6536660194396973,0.6053309440612793,-0.020107269287109375,0.6942235231399536,0.5756850242614746,-0.023241018876433372,0.7289139032363892,0.5850791931152344,0.019574958831071854,0.684710681438446,0.551150918006897,-0.013651550747454166,0.6981673240661621,0.6188408732414246,-0.028225764632225037,0.7155022025108337,0.6296566724777222,-0.03403327986598015,0.7666265368461609,0.5755203366279602,0.009167405776679516,0.720430314540863,0.541440486907959,-0.029217323288321495,0.7377576231956482,0.6285631060600281,-0.031670983880758286,0.7608655691146851,0.6282399296760559,-0.021977977827191353,0.805623471736908,0.5657647252082825,-0.00828302837908268,0.7585088014602661,0.5399233102798462,-0.044452082365751266,0.7713149189949036,0.6287857294082642,-0.02740400843322277,0.7939856648445129,0.6290032863616943,-0.004339884035289288,0.8492218852043152,0.5594948530197144,-0.027301594614982605,0.7989603877067566,0.5364118814468384,-0.04308239743113518,0.8048328757286072,0.5946131348609924,-0.028104012832045555,0.8288203477859497,0.6000955700874329,-0.010850010439753532,А
0.0,0.0,0.0,0.0,0.0,0.0,0.0,0.0,0.0,0.0,0.0,0.0,0.0,0.0,0.0,0.0,0.0,0.0,0.0,0.0,0.0,0.0,0.0,0.0,0.0,0.0,0.0,0.0,0.0,0.0,0.0,0.0,0.0,0.0,0.0,0.0,0.0,0.0,0.0,0.0,0.0,0.0,0.0,0.0,0.0,0.0,0.0,0.0,0.0,0.0,0.0,0.0,0.0,0.0,0.0,0.0,0.0,0.0,0.0,0.0,0.0,0.0,0.0,0.8203231692314148,0.7579586505889893,-6.832140684309707e-07,0.7430996894836426,0.7311307787895203,-0.002508283592760563,0.6780151724815369,0.6690131425857544,-0.004950074478983879,0.6626768112182617,0.5966565608978271,-0.014329517260193825,0.6988703608512878,0.5612817406654358,-0.019017601385712624,0.7356305718421936,0.5774844288825989,0.024908481165766716,0.6833803653717041,0.5427038669586182,-0.009962241165339947,0.6964997053146362,0.6093277335166931,-0.025704601779580116,0.7193483710289001,0.6271592974662781,-0.030696455389261246,0.7710860967636108,0.565059244632721,0.01235232688486576,0.7168205380439758,0.5298098921775818,-0.02817007154226303,0.7354187369346619,0.6219838261604309,-0.031097576022148132,0.7647898197174072,0.6285069584846497,-0.019694030284881592,0.8093527555465698,0.5532124042510986,-0.007273816037923098,0.75400710105896,0.5295278429985046,-0.04677411541342735,0.7689343690872192,0.6205147504806519,-0.03217051550745964,0.7977431416511536,0.6242969036102295,-0.008783761411905289,0.8530084490776062,0.5478032827377319,-0.0277644582092762,0.7966114282608032,0.5225590467453003,-0.04793044179677963,0.8037199974060059,0.5845025777816772,-0.03449469804763794,0.8326574563980103,0.5953289866447449,-0.01647864654660225,А
0.0,0.0,0.0,0.0,0.0,0.0,0.0,0.0,0.0,0.0,0.0,0.0,0.0,0.0,0.0,0.0,0.0,0.0,0.0,0.0,0.0,0.0,0.0,0.0,0.0,0.0,0.0,0.0,0.0,0.0,0.0,0.0,0.0,0.0,0.0,0.0,0.0,0.0,0.0,0.0,0.0,0.0,0.0,0.0,0.0,0.0,0.0,0.0,0.0,0.0,0.0,0.0,0.0,0.0,0.0,0.0,0.0,0.0,0.0,0.0,0.0,0.0,0.0,0.8246461153030396,0.7473031282424927,-6.584706966350495e-07,0.7481408715248108,0.7250759601593018,-0.007872103713452816,0.6805490851402283,0.6612023711204529,-0.011409744620323181,0.6658381223678589,0.5856205821037292,-0.02011748217046261,0.7050895094871521,0.5523766279220581,-0.022935206070542336,0.735457718372345,0.5685040354728699,0.019784599542617798,0.6860564351081848,0.5369549989700317,-0.014841055497527122,0.7025139927864075,0.60367351770401,-0.029588516801595688,0.724016547203064,0.6139121651649475,-0.03466474264860153,0.7721938490867615,0.5558710098266602,0.009832221083343029,0.7204568386077881,0.5250740051269531,-0.029281578958034515,0.7415890097618103,0.6142471432685852,-0.0301209744066,0.7667823433876038,0.6124221086502075,-0.01841260865330696,0.810734212398529,0.5442819595336914,-0.00768441054970026,0.759907066822052,0.5206747055053711,-0.04662409797310829,0.7754484415054321,0.6106154918670654,-0.029980992898344994,0.7995689511299133,0.6105374693870544,-0.006039137952029705,0.8538608551025391,0.5388033986091614,-0.0266952533274889,0.8025885820388794,0.5143102407455444,-0.045965950936079025,0.8091461658477783,0.5755914449691772,-0.031965479254722595,0.8328030705451965,0.5843044519424438,-0.014353383332490921,А
0.0,0.0,0.0,0.0,0.0,0.0,0.0,0.0,0.0,0.0,0.0,0.0,0.0,0.0,0.0,0.0,0.0,0.0,0.0,0.0,0.0,0.0,0.0,0.0,0.0,0.0,0.0,0.0,0.0,0.0,0.0,0.0,0.0,0.0,0.0,0.0,0.0,0.0,0.0,0.0,0.0,0.0,0.0,0.0,0.0,0.0,0.0,0.0,0.0,0.0,0.0,0.0,0.0,0.0,0.0,0.0,0.0,0.0,0.0,0.0,0.0,0.0,0.0,0.8184795379638672,0.7500325441360474,-6.404782766367134e-07,0.7434885501861572,0.7258668541908264,-0.008592341095209122,0.679314136505127,0.6602731943130493,-0.013470114208757877,0.6629657745361328,0.5837949514389038,-0.023761732503771782,0.7001050710678101,0.5503937005996704,-0.02853134647011757,0.7345792055130005,0.5646297335624695,0.01936424896121025,0.6853375434875488,0.5341609120368958,-0.014390483498573303,0.699110209941864,0.5987892150878906,-0.028345197439193726,0.7214799523353577,0.608517587184906,-0.03316609933972359,0.7713268995285034,0.5520884394645691,0.009458537213504314,0.7202277183532715,0.5234124660491943,-0.028788503259420395,0.7373979687690735,0.6134463548660278,-0.028485747054219246,0.7640367150306702,0.6115062832832336,-0.016356324777007103,0.809694766998291,0.5428401231765747,-0.00810642447322607,0.7594048380851746,0.5231152772903442,-0.04658200591802597,0.7708466649055481,0.6129298210144043,-0.0297512449324131,0.7966043949127197,0.6129408478736877,-0.005909213796257973,0.8519803881645203,0.5399738550186157,-0.027324657887220383,0.8011277318000793,0.5166968703269958,-0.04603198915719986,0.8032700419425964,0.5765071511268616,-0.03240647912025452,0.8268079161643982,0.5856332182884216,-0.01532004214823246,А
0.0,0.0,0.0,0.0,0.0,0.0,0.0,0.0,0.0,0.0,0.0,0.0,0.0,0.0,0.0,0.0,0.0,0.0,0.0,0.0,0.0,0.0,0.0,0.0,0.0,0.0,0.0,0.0,0.0,0.0,0.0,0.0,0.0,0.0,0.0,0.0,0.0,0.0,0.0,0.0,0.0,0.0,0.0,0.0,0.0,0.0,0.0,0.0,0.0,0.0,0.0,0.0,0.0,0.0,0.0,0.0,0.0,0.0,0.0,0.0,0.0,0.0,0.0,0.814123809337616,0.7536991834640503,-6.637838509959693e-07,0.7389444708824158,0.727429986000061,-0.00611595343798399,0.6774084568023682,0.660771906375885,-0.00960492342710495,0.6629232168197632,0.5876317024230957,-0.019022246822714806,0.7009190320968628,0.5632216930389404,-0.023325162008404732,0.7355191707611084,0.5665017366409302,0.02316570281982422,0.684634804725647,0.5388706922531128,-0.011247658170759678,0.695775032043457,0.6058046221733093,-0.027608094736933708,0.719029426574707,0.6191876530647278,-0.034198518842458725,0.7708438038825989,0.555245578289032,0.01190944667905569,0.7180325388908386,0.5302144885063171,-0.028196290135383606,0.7327131628990173,0.6189640760421753,-0.03109036386013031,0.7621311545372009,0.6203001141548157,-0.021059473976492882,0.8077800273895264,0.5468237996101379,-0.006869419012218714,0.7561696767807007,0.528557538986206,-0.04603199288249016,0.765923261642456,0.6173980236053467,-0.030769310891628265,0.7939227223396301,0.6202462911605835,-0.007867202162742615,0.8489758968353271,0.5433846712112427,-0.02724147029221058,0.7937238216400146,0.5261325240135193,-0.04726773127913475,0.7956368923187256,0.5882315039634705,-0.03494052588939667,0.8213018774986267,0.5989691019058228,-0.01848512515425682,А
0.0,0.0,0.0,0.0,0.0,0.0,0.0,0.0,0.0,0.0,0.0,0.0,0.0,0.0,0.0,0.0,0.0,0.0,0.0,0.0,0.0,0.0,0.0,0.0,0.0,0.0,0.0,0.0,0.0,0.0,0.0,0.0,0.0,0.0,0.0,0.0,0.0,0.0,0.0,0.0,0.0,0.0,0.0,0.0,0.0,0.0,0.0,0.0,0.0,0.0,0.0,0.0,0.0,0.0,0.0,0.0,0.0,0.0,0.0,0.0,0.0,0.0,0.0,0.805814266204834,0.7513214945793152,-6.674604833278863e-07,0.7356138229370117,0.7264436483383179,-0.004587286617606878,0.6786011457443237,0.6595984697341919,-0.008111423812806606,0.6671000719070435,0.5877159237861633,-0.017306968569755554,0.7017208337783813,0.5600720047950745,-0.021694883704185486,0.7328440546989441,0.5682213306427002,0.020693454891443253,0.6812149286270142,0.5396919846534729,-0.013383515179157257,0.691473662853241,0.6043844819068909,-0.029031207785010338,0.7157511115074158,0.6220967769622803,-0.034917715936899185,0.7672105431556702,0.5545626878738403,0.009247137233614922,0.7117388248443604,0.5300938487052917,-0.03136199712753296,0.7251518368721008,0.618440568447113,-0.0342186838388443,0.7549822330474854,0.6265913844108582,-0.02381877973675728,0.8026315569877625,0.5455098152160645,-0.009164613671600819,0.7464891076087952,0.532508134841919,-0.04842206835746765,0.7554251551628113,0.6209717988967896,-0.03409359231591225,0.7844440340995789,0.6280513405799866,-0.011915919370949268,0.8416191339492798,0.5423768162727356,-0.028879376128315926,0.7822572588920593,0.5336471199989319,-0.05047636106610298,0.7839382290840149,0.5956670045852661,-0.04025796800851822,0.810218334197998,0.6069426536560059,-0.025053121149539948,А
0.0,0.0,0.0,0.0,0.0,0.0,0.0,0.0,0.0,0.0,0.0,0.0,0.0,0.0,0.0,0.0,0.0,0.0,0.0,0.0,0.0,0.0,0.0,0.0,0.0,0.0,0.0,0.0,0.0,0.0,0.0,0.0,0.0,0.0,0.0,0.0,0.0,0.0,0.0,0.0,0.0,0.0,0.0,0.0,0.0,0.0,0.0,0.0,0.0,0.0,0.0,0.0,0.0,0.0,0.0,0.0,0.0,0.0,0.0,0.0,0.0,0.0,0.0,0.7997292280197144,0.7534071803092957,-6.768216280761408e-07,0.7313928604125977,0.7171255946159363,-0.0020112874917685986,0.6920889019966125,0.6466797590255737,-0.005544273182749748,0.680857241153717,0.5873612761497498,-0.014551486819982529,0.7006569504737854,0.5606701970100403,-0.01881720870733261,0.7506269812583923,0.5521191358566284,0.022907117381691933,0.6912315487861633,0.5307177305221558,-0.009784038178622723,0.6970205307006836,0.5935516953468323,-0.026155557483434677,0.7207316756248474,0.6168478727340698,-0.03227434307336807,0.780623733997345,0.5398983955383301,0.0107284439727664,0.7128964066505432,0.5238342881202698,-0.026745185256004333,0.7228822708129883,0.610501766204834,-0.03072003275156021,0.7540392279624939,0.6230652332305908,-0.02196504734456539,0.8106001019477844,0.5349484086036682,-0.007796348072588444,0.7406285405158997,0.5334779024124146,-0.043356601148843765,0.7472818493843079,0.6168422102928162,-0.03185487911105156,0.7785036563873291,0.6249979734420776,-0.013041608035564423,0.8392316699028015,0.5386793613433838,-0.027501346543431282,0.7691205739974976,0.5424453020095825,-0.047738511115312576,0.770298182964325,0.5992300510406494,-0.03978094458580017,0.7978881597518921,0.6102986335754395,-0.02654803916811943,А
0.0,0.0,0.0,0.0,0.0,0.0,0.0,0.0,0.0,0.0,0.0,0.0,0.0,0.0,0.0,0.0,0.0,0.0,0.0,0.0,0.0,0.0,0.0,0.0,0.0,0.0,0.0,0.0,0.0,0.0,0.0,0.0,0.0,0.0,0.0,0.0,0.0,0.0,0.0,0.0,0.0,0.0,0.0,0.0,0.0,0.0,0.0,0.0,0.0,0.0,0.0,0.0,0.0,0.0,0.0,0.0,0.0,0.0,0.0,0.0,0.0,0.0,0.0,0.7914784550666809,0.7581347227096558,-6.587601433238888e-07,0.7281777262687683,0.7145932912826538,1.8266715414938517e-05,0.6986955404281616,0.6443308591842651,-0.003908014390617609,0.690366804599762,0.5862511396408081,-0.013216067105531693,0.7022231817245483,0.5576749444007874,-0.017118405550718307,0.7680953145027161,0.5478922724723816,0.02419900894165039,0.7025377154350281,0.5266953706741333,-0.008005620911717415,0.7047569751739502,0.5870018005371094,-0.026444748044013977,0.7261707782745361,0.6169911026954651,-0.034371428191661835,0.7944875359535217,0.5356534719467163,0.01194937527179718,0.7157860398292542,0.5223720669746399,-0.023155365139245987,0.7242299318313599,0.6029061675071716,-0.02800290659070015,0.7559599280357361,0.6197338104248047,-0.021662184968590736,0.8182967901229858,0.5310313105583191,-0.006226235534995794,0.7375324964523315,0.5311905741691589,-0.037644583731889725,0.7450438737869263,0.6103488206863403,-0.026176659390330315,0.7771018147468567,0.6239896416664124,-0.00984992552548647,0.837806761264801,0.5362292528152466,-0.025975394994020462,0.7635056376457214,0.5446510910987854,-0.04534009099006653,0.7642102241516113,0.6021589636802673,-0.03925120458006859,0.7898190021514893,0.617756724357605,-0.02809305489063263,А
0.0,0.0,0.0,0.0,0.0,0.0,0.0,0.0,0.0,0.0,0.0,0.0,0.0,0.0,0.0,0.0,0.0,0.0,0.0,0.0,0.0,0.0,0.0,0.0,0.0,0.0,0.0,0.0,0.0,0.0,0.0,0.0,0.0,0.0,0.0,0.0,0.0,0.0,0.0,0.0,0.0,0.0,0.0,0.0,0.0,0.0,0.0,0.0,0.0,0.0,0.0,0.0,0.0,0.0,0.0,0.0,0.0,0.0,0.0,0.0,0.0,0.0,0.0,0.7997473478317261,0.7602788805961609,-6.904086262693454e-07,0.7321544885635376,0.7215468883514404,-0.0023512565530836582,0.7001960277557373,0.6468950510025024,-0.00453021377325058,0.6944041848182678,0.5896726250648499,-0.010256830602884293,0.7034161686897278,0.5586464405059814,-0.010286274366080761,0.7741895914077759,0.5455361008644104,0.021052099764347076,0.7057992815971375,0.5267021656036377,-0.010060364380478859,0.7061566114425659,0.5903651118278503,-0.03012571856379509,0.7267630100250244,0.618139386177063,-0.040227871388196945,0.7995849847793579,0.5371766686439514,0.011622779071331024,0.7170429229736328,0.525956392288208,-0.02309330180287361,0.7232719659805298,0.60657799243927,-0.02987316995859146,0.7549200057983398,0.6240453720092773,-0.025873899459838867,0.819980800151825,0.5344680547714233,-0.0035590357147157192,0.7381038069725037,0.5323190689086914,-0.03481544926762581,0.7422875761985779,0.6121708750724792,-0.025521161034703255,0.7753133773803711,0.62852942943573,-0.01167757622897625,0.8349754810333252,0.5375791788101196,-0.02040872350335121,0.7563167810440063,0.5506618618965149,-0.043134886771440506,0.7563958764076233,0.6105601787567139,-0.04094572737812996,0.784471869468689,0.6253045797348022,-0.03267668932676315,А
0.0,0.0,0.0,0.0,0.0,0.0,0.0,0.0,0.0,0.0,0.0,0.0,0.0,0.0,0.0,0.0,0.0,0.0,0.0,0.0,0.0,0.0,0.0,0.0,0.0,0.0,0.0,0.0,0.0,0.0,0.0,0.0,0.0,0.0,0.0,0.0,0.0,0.0,0.0,0.0,0.0,0.0,0.0,0.0,0.0,0.0,0.0,0.0,0.0,0.0,0.0,0.0,0.0,0.0,0.0,0.0,0.0,0.0,0.0,0.0,0.0,0.0,0.0,0.7987133860588074,0.7603963017463684,-6.594871138076996e-07,0.7314417362213135,0.7235696315765381,-0.004961470142006874,0.6985406279563904,0.6431453824043274,-0.007319801487028599,0.6945168375968933,0.5834035873413086,-0.01239849254488945,0.7071729302406311,0.5663515329360962,-0.011462987400591373,0.7766873240470886,0.5425080060958862,0.019862795248627663,0.7013794183731079,0.5277531147003174,-0.010891903191804886,0.7029458284378052,0.5914137363433838,-0.0302286259829998,0.7239784598350525,0.6190152168273926,-0.039825890213251114,0.8028183579444885,0.5336583256721497,0.012084940448403358,0.7141851782798767,0.5273529291152954,-0.020960640162229538,0.7215011715888977,0.6080582141876221,-0.02555445209145546,0.7530490159988403,0.6222455501556396,-0.020351747050881386,0.822307825088501,0.5325847864151001,-0.0018622467759996653,0.7367656826972961,0.5371611714363098,-0.03202325850725174,0.7412006855010986,0.6164836883544922,-0.02181215025484562,0.7731764912605286,0.6297230124473572,-0.007634731475263834,0.834654688835144,0.5376138091087341,-0.017885863780975342,0.7550938725471497,0.5537112951278687,-0.03993063420057297,0.7554476857185364,0.6138893961906433,-0.03806772083044052,0.7826616764068604,0.6273963451385498,-0.030268410220742226,А
0.0,0.0,0.0,0.0,0.0,0.0,0.0,0.0,0.0,0.0,0.0,0.0,0.0,0.0,0.0,0.0,0.0,0.0,0.0,0.0,0.0,0.0,0.0,0.0,0.0,0.0,0.0,0.0,0.0,0.0,0.0,0.0,0.0,0.0,0.0,0.0,0.0,0.0,0.0,0.0,0.0,0.0,0.0,0.0,0.0,0.0,0.0,0.0,0.0,0.0,0.0,0.0,0.0,0.0,0.0,0.0,0.0,0.0,0.0,0.0,0.0,0.0,0.0,0.7903028726577759,0.7624092698097229,-6.707311399622995e-07,0.7240034937858582,0.7059057354927063,0.0027315884362906218,0.703705906867981,0.6320130825042725,0.0011624391190707684,0.6980115175247192,0.5842613577842712,-0.005748771131038666,0.704044759273529,0.5565189123153687,-0.007679386530071497,0.7806156873703003,0.5385216474533081,0.0254850871860981,0.7102807760238647,0.5185887813568115,-0.00405473867431283,0.7072684168815613,0.5792300701141357,-0.022683393210172653,0.7267267107963562,0.607248067855835,-0.031168553978204727,0.8029809594154358,0.530674934387207,0.013008510693907738,0.7172071933746338,0.5238455533981323,-0.018757471814751625,0.7198069095611572,0.599475622177124,-0.024916356429457664,0.7507371306419373,0.6136773824691772,-0.020992890000343323,0.8205406069755554,0.5296985507011414,-0.004621151369065046,0.7334610223770142,0.5347251296043396,-0.03192765265703201,0.7352132201194763,0.6094442009925842,-0.022738037630915642,0.7673625349998474,0.6220239996910095,-0.009681007824838161,0.830025315284729,0.5368248224258423,-0.023761440068483353,0.7507070899009705,0.5502374768257141,-0.04146532341837883,0.749925971031189,0.6067630648612976,-0.036514732986688614,0.7773131132125854,0.6222344040870667,-0.02681725099682808,А
0.0,0.0,0.0,0.0,0.0,0.0,0.0,0.0,0.0,0.0,0.0,0.0,0.0,0.0,0.0,0.0,0.0,0.0,0.0,0.0,0.0,0.0,0.0,0.0,0.0,0.0,0.0,0.0,0.0,0.0,0.0,0.0,0.0,0.0,0.0,0.0,0.0,0.0,0.0,0.0,0.0,0.0,0.0,0.0,0.0,0.0,0.0,0.0,0.0,0.0,0.0,0.0,0.0,0.0,0.0,0.0,0.0,0.0,0.0,0.0,0.0,0.0,0.0,0.7954066395759583,0.7627434134483337,-6.78674780374422e-07,0.725775957107544,0.7102228999137878,-0.0017091622576117516,0.7003014087677002,0.6370071768760681,-0.004728475585579872,0.6924097537994385,0.5838595628738403,-0.011985533870756626,0.6962233185768127,0.5585302710533142,-0.013621016405522823,0.7835536599159241,0.5377576351165771,0.022458646446466446,0.7124075889587402,0.5163550972938538,-0.007761821150779724,0.707359254360199,0.5798608660697937,-0.02728528529405594,0.7262535095214844,0.6101788282394409,-0.03673997148871422,0.8045193552970886,0.5315884947776794,0.01207610685378313,0.7176558971405029,0.5219917297363281,-0.020610228180885315,0.7183879613876343,0.6013427376747131,-0.02653883397579193,0.7492051124572754,0.6200018525123596,-0.0224147941917181,0.820259153842926,0.5313137173652649,-0.0039857602678239346,0.7330248951911926,0.5333173274993896,-0.03306534141302109,0.733997106552124,0.6110498905181885,-0.02377956174314022,0.7661018967628479,0.6293309926986694,-0.01031564176082611,0.8286194801330566,0.538392961025238,-0.022052016109228134,0.7491962313652039,0.5519764423370361,-0.04214965179562569,0.7465715408325195,0.6103527545928955,-0.03856030851602554,0.7724172472953796,0.628545880317688,-0.029370469972491264,А
0.0,0.0,0.0,0.0,0.0,0.0,0.0,0.0,0.0,0.0,0.0,0.0,0.0,0.0,0.0,0.0,0.0,0.0,0.0,0.0,0.0,0.0,0.0,0.0,0.0,0.0,0.0,0.0,0.0,0.0,0.0,0.0,0.0,0.0,0.0,0.0,0.0,0.0,0.0,0.0,0.0,0.0,0.0,0.0,0.0,0.0,0.0,0.0,0.0,0.0,0.0,0.0,0.0,0.0,0.0,0.0,0.0,0.0,0.0,0.0,0.0,0.0,0.0,0.7935383319854736,0.7658507227897644,-6.478735485870857e-07,0.7281366586685181,0.7156366109848022,-0.008708709850907326,0.700427234172821,0.6386452913284302,-0.013657694682478905,0.6897053122520447,0.5839792490005493,-0.021259931847453117,0.6935722231864929,0.5590224862098694,-0.022409940138459206,0.7780861854553223,0.5373494029045105,0.015732822939753532,0.7105557918548584,0.5156132578849792,-0.01404846366494894,0.708303689956665,0.5806294083595276,-0.031227506697177887,0.7289917469024658,0.6085670590400696,-0.03873758390545845,0.8001494407653809,0.5315832495689392,0.009066627360880375,0.7169936299324036,0.5256346464157104,-0.02281876467168331,0.721053421497345,0.6042826175689697,-0.02623945288360119,0.7521136999130249,0.6178184747695923,-0.020240003243088722,0.8178671002388,0.531822144985199,-0.0038663942832499743,0.7346121668815613,0.5361772775650024,-0.03280072286725044,0.7375745177268982,0.611960768699646,-0.022972160950303078,0.7688394784927368,0.6278111934661865,-0.008715691976249218,0.8287825584411621,0.5391941070556641,-0.01945757493376732,0.7534885406494141,0.5498405694961548,-0.03874785080552101,0.7501035928726196,0.6047342419624329,-0.035313766449689865,0.773161768913269,0.6231619715690613,-0.026125052943825722,А
0.0,0.0,0.0,0.0,0.0,0.0,0.0,0.0,0.0,0.0,0.0,0.0,0.0,0.0,0.0,0.0,0.0,0.0,0.0,0.0,0.0,0.0,0.0,0.0,0.0,0.0,0.0,0.0,0.0,0.0,0.0,0.0,0.0,0.0,0.0,0.0,0.0,0.0,0.0,0.0,0.0,0.0,0.0,0.0,0.0,0.0,0.0,0.0,0.0,0.0,0.0,0.0,0.0,0.0,0.0,0.0,0.0,0.0,0.0,0.0,0.0,0.0,0.0,0.7970751523971558,0.767493724822998,-6.953713977964071e-07,0.727476179599762,0.7147974967956543,-0.0015390504850074649,0.7015812397003174,0.635114848613739,-0.003414388746023178,0.6965614557266235,0.5822761654853821,-0.00925616454333067,0.7036321759223938,0.5575849413871765,-0.009110714308917522,0.7855674028396606,0.5386553406715393,0.02050277218222618,0.7122623324394226,0.5181805491447449,-0.010767299681901932,0.7109411954879761,0.583940863609314,-0.030948316678404808,0.7316269874572754,0.6121866106987,-0.04089562967419624,0.8052297234535217,0.5339041352272034,0.010226358659565449,0.7173476815223694,0.5224745869636536,-0.025014519691467285,0.7209432721138,0.6043779850006104,-0.03188374638557434,0.7528724074363708,0.6222226619720459,-0.027878768742084503,0.820214569568634,0.5333402156829834,-0.00559965381398797,0.734050989151001,0.532076895236969,-0.036207932978868484,0.7360142469406128,0.6121918559074402,-0.02639537677168846,0.7689788937568665,0.6290321946144104,-0.012085944414138794,0.8286940455436707,0.5389561653137207,-0.02327607572078705,0.750048816204071,0.5501355528831482,-0.043882325291633606,0.7498034238815308,0.6094348430633545,-0.0398450642824173,0.7782499194145203,0.6242299675941467,-0.030309442430734634,А
0.0,0.0,0.0,0.0,0.0,0.0,0.0,0.0,0.0,0.0,0.0,0.0,0.0,0.0,0.0,0.0,0.0,0.0,0.0,0.0,0.0,0.0,0.0,0.0,0.0,0.0,0.0,0.0,0.0,0.0,0.0,0.0,0.0,0.0,0.0,0.0,0.0,0.0,0.0,0.0,0.0,0.0,0.0,0.0,0.0,0.0,0.0,0.0,0.0,0.0,0.0,0.0,0.0,0.0,0.0,0.0,0.0,0.0,0.0,0.0,0.0,0.0,0.0,0.7910939455032349,0.7636918425559998,-6.428080041587236e-07,0.7242529988288879,0.7143237590789795,-0.007726044859737158,0.7003882527351379,0.6370511054992676,-0.013421515002846718,0.6967158317565918,0.58349609375,-0.021617555990815163,0.7028587460517883,0.5606164336204529,-0.023438137024641037,0.7877131700515747,0.5385363698005676,0.014084957540035248,0.7139992713928223,0.5188561677932739,-0.01878144033253193,0.7123460173606873,0.5829518437385559,-0.039915531873703,0.7327979803085327,0.6085239052772522,-0.05074475333094597,0.8097345232963562,0.5343008041381836,0.007156440056860447,0.7192091345787048,0.522519052028656,-0.030084233731031418,0.7228531241416931,0.6032233834266663,-0.03761140629649162,0.7545404434204102,0.6179786324501038,-0.03396936506032944,0.8246006369590759,0.534326434135437,-0.005584302358329296,0.7347123622894287,0.53261399269104,-0.03717678412795067,0.736771285533905,0.6107470393180847,-0.027366917580366135,0.769433856010437,0.6251970529556274,-0.013199198991060257,0.83088618516922,0.5387957692146301,-0.02066734805703163,0.7470213770866394,0.5517042875289917,-0.042344190180301666,0.7484229803085327,0.6099916100502014,-0.03959929570555687,0.7780844569206238,0.6223658323287964,-0.031088607385754585,А
0.0,0.0,0.0,0.0,0.0,0.0,0.0,0.0,0.0,0.0,0.0,0.0,0.0,0.0,0.0,0.0,0.0,0.0,0.0,0.0,0.0,0.0,0.0,0.0,0.0,0.0,0.0,0.0,0.0,0.0,0.0,0.0,0.0,0.0,0.0,0.0,0.0,0.0,0.0,0.0,0.0,0.0,0.0,0.0,0.0,0.0,0.0,0.0,0.0,0.0,0.0,0.0,0.0,0.0,0.0,0.0,0.0,0.0,0.0,0.0,0.0,0.0,0.0,0.7925634980201721,0.7671345472335815,-6.854359071439831e-07,0.725946843624115,0.7146435379981995,0.001860940596088767,0.7026892900466919,0.6392526626586914,-0.00036370664020068944,0.6979592442512512,0.5874378085136414,-0.007188162766396999,0.7036857604980469,0.5602491497993469,-0.008762962184846401,0.7847955226898193,0.5407809019088745,0.024322502315044403,0.7075223326683044,0.5224586129188538,-0.005247702822089195,0.7032130360603333,0.584135890007019,-0.02472977340221405,0.7212355136871338,0.6150329113006592,-0.03400813788175583,0.8074362874031067,0.5339705348014832,0.012806707061827183,0.7156713008880615,0.5261534452438354,-0.018317533656954765,0.7188277244567871,0.6034908294677734,-0.024144716560840607,0.7503718137741089,0.621061384677887,-0.0206330306828022,0.8231485486030579,0.5344629287719727,-0.004001375287771225,0.7348856925964355,0.5352346301078796,-0.030435865744948387,0.7362028360366821,0.6108270287513733,-0.020987432450056076,0.7688512206077576,0.6266663074493408,-0.00874340906739235,0.8306390047073364,0.5407851934432983,-0.02245219610631466,0.7515417337417603,0.5525112748146057,-0.041086114943027496,0.7483145594596863,0.6108080744743347,-0.037992075085639954,0.7746403217315674,0.6270982027053833,-0.030058864504098892,А
0.0,0.0,0.0,0.0,0.0,0.0,0.0,0.0,0.0,0.0,0.0,0.0,0.0,0.0,0.0,0.0,0.0,0.0,0.0,0.0,0.0,0.0,0.0,0.0,0.0,0.0,0.0,0.0,0.0,0.0,0.0,0.0,0.0,0.0,0.0,0.0,0.0,0.0,0.0,0.0,0.0,0.0,0.0,0.0,0.0,0.0,0.0,0.0,0.0,0.0,0.0,0.0,0.0,0.0,0.0,0.0,0.0,0.0,0.0,0.0,0.0,0.0,0.0,0.7932602763175964,0.7644097805023193,-6.619615078307106e-07,0.7255409359931946,0.7156181335449219,-0.0029336262959986925,0.6982633471488953,0.6426948308944702,-0.006597019731998444,0.6942000985145569,0.5911388397216797,-0.013929362408816814,0.7052478194236755,0.5612567663192749,-0.015737101435661316,0.7705776691436768,0.5430078506469727,0.01918332464993,0.701654314994812,0.5285266041755676,-0.013285567052662373,0.7011450529098511,0.5908225178718567,-0.033872414380311966,0.7210828065872192,0.6196520328521729,-0.04339480400085449,0.7948276400566101,0.5346980690956116,0.009570617228746414,0.7123170495033264,0.5306937098503113,-0.02429022826254368,0.7186203002929688,0.6089518666267395,-0.030102046206593513,0.7505761981010437,0.6236842274665833,-0.025605227798223495,0.8159446716308594,0.5331487655639648,-0.005863883998245001,0.7340888381004333,0.538091242313385,-0.03580443561077118,0.7378559112548828,0.6138707995414734,-0.02569873072206974,0.7698043584823608,0.627862274646759,-0.011469470337033272,0.8310469388961792,0.5390481948852539,-0.02317935787141323,0.7549024820327759,0.5507695078849792,-0.04339633882045746,0.7528622150421143,0.6081728935241699,-0.038714177906513214,0.7781610488891602,0.6241771578788757,-0.02868896722793579,А
0.0,0.0,0.0,0.0,0.0,0.0,0.0,0.0,0.0,0.0,0.0,0.0,0.0,0.0,0.0,0.0,0.0,0.0,0.0,0.0,0.0,0.0,0.0,0.0,0.0,0.0,0.0,0.0,0.0,0.0,0.0,0.0,0.0,0.0,0.0,0.0,0.0,0.0,0.0,0.0,0.0,0.0,0.0,0.0,0.0,0.0,0.0,0.0,0.0,0.0,0.0,0.0,0.0,0.0,0.0,0.0,0.0,0.0,0.0,0.0,0.0,0.0,0.0,0.7909470796585083,0.7630391120910645,-6.877391456328041e-07,0.7255972027778625,0.7159130573272705,-0.00018690645811147988,0.6973099112510681,0.6435920000076294,-0.002695637522265315,0.6902544498443604,0.591742992401123,-0.009442024864256382,0.6934482455253601,0.5607374906539917,-0.010865950956940651,0.768153727054596,0.5475893616676331,0.0207031462341547,0.7024062275886536,0.5248574018478394,-0.009081055410206318,0.7004807591438293,0.5882259607315063,-0.027386421337723732,0.7188805937767029,0.6197317242622375,-0.03579835221171379,0.7914892435073853,0.5400282740592957,0.010062634944915771,0.711483895778656,0.5288686752319336,-0.022114107385277748,0.7167568206787109,0.6069324016571045,-0.027608271688222885,0.7462405562400818,0.6258565783500671,-0.0232391394674778,0.811262845993042,0.5383513569831848,-0.0059569114819169044,0.7308897376060486,0.5386369228363037,-0.03453967720270157,0.7363904714584351,0.6152887940406799,-0.025797830894589424,0.7681366801261902,0.6322907209396362,-0.013011272996664047,0.8256030082702637,0.5435717701911926,-0.02352227456867695,0.7494403719902039,0.5554686784744263,-0.04384782910346985,0.7494504451751709,0.6120378971099854,-0.04108762368559837,0.7752581834793091,0.6283952593803406,-0.03284047544002533,А
0.0,0.0,0.0,0.0,0.0,0.0,0.0,0.0,0.0,0.0,0.0,0.0,0.0,0.0,0.0,0.0,0.0,0.0,0.0,0.0,0.0,0.0,0.0,0.0,0.0,0.0,0.0,0.0,0.0,0.0,0.0,0.0,0.0,0.0,0.0,0.0,0.0,0.0,0.0,0.0,0.0,0.0,0.0,0.0,0.0,0.0,0.0,0.0,0.0,0.0,0.0,0.0,0.0,0.0,0.0,0.0,0.0,0.0,0.0,0.0,0.0,0.0,0.0,0.7939690947532654,0.7601743340492249,-6.528564426844241e-07,0.7261301279067993,0.7133301496505737,-0.0008906698785722256,0.7001205682754517,0.6371983885765076,-0.002114534378051758,0.6940452456474304,0.5840004086494446,-0.007464118767529726,0.6990553140640259,0.5569536089897156,-0.007525914814323187,0.7686429619789124,0.5476940274238586,0.02119668386876583,0.7060739994049072,0.526005208492279,-0.008462048135697842,0.704369843006134,0.5835223197937012,-0.026401909068226814,0.7225300669670105,0.6117253303527832,-0.03460056707262993,0.7918297052383423,0.538718044757843,0.01117092464119196,0.7141435742378235,0.5284964442253113,-0.021863188594579697,0.7189034819602966,0.6047805547714233,-0.02799140475690365,0.7496040463447571,0.6194174289703369,-0.023665959015488625,0.8130608201026917,0.5351395606994629,-0.004307765047997236,0.7340185642242432,0.5349868535995483,-0.03458523005247116,0.7370961904525757,0.6118440628051758,-0.025529250502586365,0.7686417698860168,0.625689685344696,-0.011556080542504787,0.829119861125946,0.5382134914398193,-0.021290920674800873,0.7542330026626587,0.5492841005325317,-0.04163186624646187,0.7525251507759094,0.6068321466445923,-0.03781568631529808,0.7784324884414673,0.6220889687538147,-0.028499111533164978,А
0.0,0.0,0.0,0.0,0.0,0.0,0.0,0.0,0.0,0.0,0.0,0.0,0.0,0.0,0.0,0.0,0.0,0.0,0.0,0.0,0.0,0.0,0.0,0.0,0.0,0.0,0.0,0.0,0.0,0.0,0.0,0.0,0.0,0.0,0.0,0.0,0.0,0.0,0.0,0.0,0.0,0.0,0.0,0.0,0.0,0.0,0.0,0.0,0.0,0.0,0.0,0.0,0.0,0.0,0.0,0.0,0.0,0.0,0.0,0.0,0.0,0.0,0.0,0.792384147644043,0.7591728568077087,-6.733297936989402e-07,0.7240381240844727,0.7113298177719116,-0.0020510952454060316,0.6984113454818726,0.6388716697692871,-0.005226611625403166,0.6923907995223999,0.5851180553436279,-0.012739968486130238,0.6975318789482117,0.5614168047904968,-0.014781185425817966,0.7768338322639465,0.5429185032844543,0.02240617945790291,0.7075633406639099,0.522422194480896,-0.009311270900070667,0.705022931098938,0.5855780839920044,-0.029183339327573776,0.7253279089927673,0.6144063472747803,-0.03853540122509003,0.7999404072761536,0.5346089005470276,0.01219195406883955,0.7155910730361938,0.5258733034133911,-0.022529873996973038,0.7186316847801208,0.6050286293029785,-0.02885296382009983,0.7501060366630554,0.6213024854660034,-0.024419354274868965,0.8185574412345886,0.5320520401000977,-0.004011352080851793,0.734562873840332,0.5339981317520142,-0.034585677087306976,0.7366392016410828,0.6108836531639099,-0.025575444102287292,0.7693987488746643,0.6258446574211121,-0.011938541196286678,0.8309930562973022,0.5357785820960999,-0.022145789116621017,0.7532830238342285,0.5503652691841125,-0.0426839143037796,0.7511201500892639,0.6089326739311218,-0.03984234482049942,0.7778021097183228,0.624909520149231,-0.031438156962394714,А
0.0,0.0,0.0,0.0,0.0,0.0,0.0,0.0,0.0,0.0,0.0,0.0,0.0,0.0,0.0,0.0,0.0,0.0,0.0,0.0,0.0,0.0,0.0,0.0,0.0,0.0,0.0,0.0,0.0,0.0,0.0,0.0,0.0,0.0,0.0,0.0,0.0,0.0,0.0,0.0,0.0,0.0,0.0,0.0,0.0,0.0,0.0,0.0,0.0,0.0,0.0,0.0,0.0,0.0,0.0,0.0,0.0,0.0,0.0,0.0,0.0,0.0,0.0,0.7942168712615967,0.7647954225540161,-6.557987717314973e-07,0.7247509956359863,0.7139114141464233,-0.0018712056335061789,0.6998983025550842,0.6391257643699646,-0.00416982127353549,0.6939414143562317,0.5862550735473633,-0.010188582353293896,0.6960480213165283,0.557315468788147,-0.010330873541533947,0.7809177041053772,0.5416901111602783,0.022575106471776962,0.7106730937957764,0.5266446471214294,-0.007597643416374922,0.7090089321136475,0.5887769460678101,-0.0277274027466774,0.7280207872390747,0.6159790754318237,-0.03804919868707657,0.8033204078674316,0.5358941555023193,0.012292147614061832,0.7148343324661255,0.5276885032653809,-0.021575111895799637,0.7191659808158875,0.6076468229293823,-0.028902217745780945,0.7517513036727905,0.6241422891616821,-0.025600166991353035,0.8193206787109375,0.5362560749053955,-0.0036467176396399736,0.7315123081207275,0.5353012084960938,-0.03434112295508385,0.7344708442687988,0.6134140491485596,-0.024931926280260086,0.7686705589294434,0.6288224458694458,-0.011043396778404713,0.827102541923523,0.5419579744338989,-0.021387886255979538,0.745840311050415,0.5508275032043457,-0.043658092617988586,0.7442662119865417,0.6084891557693481,-0.04062981158494949,0.7721565961837769,0.6239234209060669,-0.03159927949309349,А
0.0,0.0,0.0,0.0,0.0,0.0,0.0,0.0,0.0,0.0,0.0,0.0,0.0,0.0,0.0,0.0,0.0,0.0,0.0,0.0,0.0,0.0,0.0,0.0,0.0,0.0,0.0,0.0,0.0,0.0,0.0,0.0,0.0,0.0,0.0,0.0,0.0,0.0,0.0,0.0,0.0,0.0,0.0,0.0,0.0,0.0,0.0,0.0,0.0,0.0,0.0,0.0,0.0,0.0,0.0,0.0,0.0,0.0,0.0,0.0,0.0,0.0,0.0,0.7908620238304138,0.7652838230133057,-6.710742468385433e-07,0.7230241894721985,0.7135900855064392,0.0038109365850687027,0.6979928612709045,0.6419959664344788,0.003423095913603902,0.6945257186889648,0.592107892036438,-0.002172576729208231,0.7012859582901001,0.5598847270011902,-0.0029799288604408503,0.7613587379455566,0.5568511486053467,0.025163671001791954,0.6956555843353271,0.5322664976119995,-0.005947041790932417,0.6933083534240723,0.5903676748275757,-0.025073163211345673,0.7114934325218201,0.621499240398407,-0.03297270089387894,0.7854930758476257,0.5475355386734009,0.012462974525988102,0.7096702456474304,0.5325051546096802,-0.021932175382971764,0.7153313159942627,0.6083898544311523,-0.029542041942477226,0.7465283870697021,0.6268455982208252,-0.02516389824450016,0.8073330521583557,0.5428276658058167,-0.005459921434521675,0.7302075028419495,0.5389071702957153,-0.03499786928296089,0.7341125011444092,0.6139652132987976,-0.026894377544522285,0.7667205929756165,0.6286544799804688,-0.013312350027263165,0.825160801410675,0.5447823405265808,-0.02448585070669651,0.7516906261444092,0.5498895645141602,-0.04382169246673584,0.7512199878692627,0.6056343913078308,-0.03941384702920914,0.7780884504318237,0.6206762790679932,-0.029442619532346725,А
0.0,0.0,0.0,0.0,0.0,0.0,0.0,0.0,0.0,0.0,0.0,0.0,0.0,0.0,0.0,0.0,0.0,0.0,0.0,0.0,0.0,0.0,0.0,0.0,0.0,0.0,0.0,0.0,0.0,0.0,0.0,0.0,0.0,0.0,0.0,0.0,0.0,0.0,0.0,0.0,0.0,0.0,0.0,0.0,0.0,0.0,0.0,0.0,0.0,0.0,0.0,0.0,0.0,0.0,0.0,0.0,0.0,0.0,0.0,0.0,0.0,0.0,0.0,0.7892808318138123,0.7676629424095154,-6.974186135266791e-07,0.7212626338005066,0.7198973894119263,0.000435019435826689,0.6967867612838745,0.6443051099777222,-0.0016787347849458456,0.6926935315132141,0.5892228484153748,-0.008555451408028603,0.7004373669624329,0.5663134455680847,-0.010658837854862213,0.7712060809135437,0.5481606125831604,0.023648563772439957,0.7042019367218018,0.5314590930938721,-0.006379460915923119,0.7008967995643616,0.5925773978233337,-0.02475872077047825,0.7194185853004456,0.6242043375968933,-0.032959431409835815,0.7954484224319458,0.5402711629867554,0.012284333817660809,0.7123405933380127,0.5338857769966125,-0.02015865407884121,0.7157026529312134,0.6115387678146362,-0.025210147723555565,0.7461037635803223,0.6294772624969482,-0.02025962434709072,0.8151637315750122,0.5388084053993225,-0.004801726900041103,0.7315824627876282,0.5404137969017029,-0.03465855494141579,0.7334429025650024,0.6174485087394714,-0.025146732106804848,0.7654971480369568,0.6342142224311829,-0.011182521469891071,0.8279003500938416,0.5436213612556458,-0.02348637580871582,0.7490459680557251,0.5574800372123718,-0.04402024298906326,0.744777500629425,0.6179179549217224,-0.04081928730010986,0.7698346972465515,0.6363387107849121,-0.03215944021940231,А
0.0,0.0,0.0,0.0,0.0,0.0,0.0,0.0,0.0,0.0,0.0,0.0,0.0,0.0,0.0,0.0,0.0,0.0,0.0,0.0,0.0,0.0,0.0,0.0,0.0,0.0,0.0,0.0,0.0,0.0,0.0,0.0,0.0,0.0,0.0,0.0,0.0,0.0,0.0,0.0,0.0,0.0,0.0,0.0,0.0,0.0,0.0,0.0,0.0,0.0,0.0,0.0,0.0,0.0,0.0,0.0,0.0,0.0,0.0,0.0,0.0,0.0,0.0,0.7893045544624329,0.7734915614128113,-6.646457109127368e-07,0.7221533060073853,0.728585422039032,-0.0019021438201889396,0.6936879754066467,0.6543454527854919,-0.004810222424566746,0.6854201555252075,0.5984712839126587,-0.011937504634261131,0.6903108358383179,0.5728538036346436,-0.013555856421589851,0.7624120712280273,0.5595707297325134,0.020752636715769768,0.6992676258087158,0.5370769500732422,-0.009630376473069191,0.6992658972740173,0.5994004011154175,-0.02738909050822258,0.7194444537162781,0.6294426918029785,-0.035566296428442,0.7863948941230774,0.548863410949707,0.010587086901068687,0.7080982327461243,0.5376073122024536,-0.022652659565210342,0.7138012051582336,0.618155837059021,-0.02699432708323002,0.744868278503418,0.6336656212806702,-0.0212864950299263,0.8081187009811401,0.5462018847465515,-0.005268308334052563,0.7289291620254517,0.547679603099823,-0.03544190526008606,0.7336510419845581,0.6265877485275269,-0.024120723828673363,0.7649921178817749,0.6403473019599915,-0.008783082477748394,0.8246753215789795,0.5517260432243347,-0.022913092747330666,0.7497515082359314,0.5657569169998169,-0.042759284377098083,0.7499149441719055,0.623136579990387,-0.03784771263599396,0.7761452198028564,0.6369624733924866,-0.02796480990946293,А
0.0,0.0,0.0,0.0,0.0,0.0,0.0,0.0,0.0,0.0,0.0,0.0,0.0,0.0,0.0,0.0,0.0,0.0,0.0,0.0,0.0,0.0,0.0,0.0,0.0,0.0,0.0,0.0,0.0,0.0,0.0,0.0,0.0,0.0,0.0,0.0,0.0,0.0,0.0,0.0,0.0,0.0,0.0,0.0,0.0,0.0,0.0,0.0,0.0,0.0,0.0,0.0,0.0,0.0,0.0,0.0,0.0,0.0,0.0,0.0,0.0,0.0,0.0,0.7825076580047607,0.7819485068321228,-6.528015887852234e-07,0.7207639813423157,0.7336398959159851,0.0014043155824765563,0.6931524872779846,0.6649519801139832,-0.0018705461407080293,0.6795037984848022,0.6115751266479492,-0.010874684900045395,0.6852061748504639,0.5773221850395203,-0.01457002479583025,0.7635175585746765,0.5708416104316711,0.027195623144507408,0.7079803347587585,0.5425875186920166,-0.004652137868106365,0.7062875032424927,0.6023141741752625,-0.024504248052835464,0.7270500659942627,0.6365979909896851,-0.03309974446892738,0.7847219705581665,0.5628641247749329,0.014754132367670536,0.7112359404563904,0.5482101440429688,-0.01792408898472786,0.7142691612243652,0.6217016577720642,-0.024078672751784325,0.7446039319038391,0.6406895518302917,-0.01961921900510788,0.8048444986343384,0.5590537786483765,-0.003726142691448331,0.7264277935028076,0.5556626319885254,-0.03329921141266823,0.7285614609718323,0.6290565133094788,-0.024528339505195618,0.7600539922714233,0.6478383541107178,-0.010523353703320026,0.8206443786621094,0.5635219812393188,-0.023909006267786026,0.7443297505378723,0.5729913711547852,-0.04330078512430191,0.7413511276245117,0.6292047500610352,-0.03931093215942383,0.7663914561271667,0.6496740579605103,-0.02965732477605343,А
0.0,0.0,0.0,0.0,0.0,0.0,0.0,0.0,0.0,0.0,0.0,0.0,0.0,0.0,0.0,0.0,0.0,0.0,0.0,0.0,0.0,0.0,0.0,0.0,0.0,0.0,0.0,0.0,0.0,0.0,0.0,0.0,0.0,0.0,0.0,0.0,0.0,0.0,0.0,0.0,0.0,0.0,0.0,0.0,0.0,0.0,0.0,0.0,0.0,0.0,0.0,0.0,0.0,0.0,0.0,0.0,0.0,0.0,0.0,0.0,0.0,0.0,0.0,0.786989688873291,0.8211985230445862,-6.672389645245858e-07,0.7228800058364868,0.7652815580368042,0.0013233883073553443,0.6959692239761353,0.691636860370636,-0.00042887547169812024,0.6827118992805481,0.6402068734169006,-0.007938013412058353,0.6817793846130371,0.611059308052063,-0.009410996921360493,0.7665915489196777,0.6003454923629761,0.02783089503645897,0.7038173675537109,0.5745314359664917,-0.004188135266304016,0.7039963006973267,0.6355288028717041,-0.024020591750741005,0.7268070578575134,0.6611403822898865,-0.03282097727060318,0.7852650880813599,0.5953904986381531,0.015029768459498882,0.7067223191261292,0.5832233428955078,-0.019341260194778442,0.711281418800354,0.6562132239341736,-0.025931881740689278,0.7425448298454285,0.6688442826271057,-0.021411284804344177,0.8028569221496582,0.5929763913154602,-0.0038331777323037386,0.7219292521476746,0.5898635983467102,-0.03432145714759827,0.7251356840133667,0.6617592573165894,-0.0253194198012352,0.7574357986450195,0.6756464242935181,-0.01051856204867363,0.8165166974067688,0.5983896851539612,-0.02446817234158516,0.7423956990242004,0.6025364398956299,-0.042376164346933365,0.7417717576026917,0.6544833779335022,-0.0366002693772316,0.7676745057106018,0.6720806956291199,-0.02553255297243595,А
0.0,0.0,0.0,0.0,0.0,0.0,0.0,0.0,0.0,0.0,0.0,0.0,0.0,0.0,0.0,0.0,0.0,0.0,0.0,0.0,0.0,0.0,0.0,0.0,0.0,0.0,0.0,0.0,0.0,0.0,0.0,0.0,0.0,0.0,0.0,0.0,0.0,0.0,0.0,0.0,0.0,0.0,0.0,0.0,0.0,0.0,0.0,0.0,0.0,0.0,0.0,0.0,0.0,0.0,0.0,0.0,0.0,0.0,0.0,0.0,0.0,0.0,0.0,0.7954450845718384,0.8188315033912659,-6.153970275590837e-07,0.724817156791687,0.7619258165359497,-0.002351537346839905,0.6955195665359497,0.6916652917861938,-0.007495758589357138,0.6835513114929199,0.6419720649719238,-0.01788497157394886,0.6860305070877075,0.6122555732727051,-0.023105014115571976,0.7694889903068542,0.5941668152809143,0.022234167903661728,0.7004343867301941,0.5783016681671143,-0.010886569507420063,0.7036558985710144,0.6404723525047302,-0.03113733045756817,0.7264882922172546,0.666893482208252,-0.040078092366456985,0.7909106016159058,0.5865734219551086,0.011306533589959145,0.7092289328575134,0.579483151435852,-0.024974020197987556,0.7150688767433167,0.6585819721221924,-0.032204363495111465,0.7458248138427734,0.6717748641967773,-0.02748526819050312,0.8094701170921326,0.5857642292976379,-0.005508825648576021,0.7269402742385864,0.5912336707115173,-0.03829783573746681,0.7311757802963257,0.6675714254379272,-0.02910294383764267,0.7623926997184753,0.6794294118881226,-0.013682924211025238,0.8216437101364136,0.5945067405700684,-0.024051779881119728,0.7465723752975464,0.6088114976882935,-0.04349281266331673,0.7482584118843079,0.663761556148529,-0.03746550902724266,0.7760726809501648,0.6763433814048767,-0.02606060728430748,А
0.0,0.0,0.0,0.0,0.0,0.0,0.0,0.0,0.0,0.0,0.0,0.0,0.0,0.0,0.0,0.0,0.0,0.0,0.0,0.0,0.0,0.0,0.0,0.0,0.0,0.0,0.0,0.0,0.0,0.0,0.0,0.0,0.0,0.0,0.0,0.0,0.0,0.0,0.0,0.0,0.0,0.0,0.0,0.0,0.0,0.0,0.0,0.0,0.0,0.0,0.0,0.0,0.0,0.0,0.0,0.0,0.0,0.0,0.0,0.0,0.0,0.0,0.0,0.7947849035263062,0.8164547085762024,-6.499591904685076e-07,0.7288652062416077,0.7673743963241577,-0.002685616258531809,0.6966310739517212,0.6902963519096375,-0.0054581561125814915,0.6822828650474548,0.6364794969558716,-0.012941651046276093,0.6904677152633667,0.6168155074119568,-0.014339023269712925,0.7725588083267212,0.5916339755058289,0.023495154455304146,0.7058988809585571,0.569719135761261,-0.007680772803723812,0.7074669003486633,0.6345809698104858,-0.02626427821815014,0.7301288843154907,0.6593561768531799,-0.03472703695297241,0.7940071821212769,0.586345374584198,0.013185095973312855,0.7132906913757324,0.5787810683250427,-0.021270260214805603,0.7184502482414246,0.6583148837089539,-0.025994278490543365,0.749981701374054,0.671399712562561,-0.02009095624089241,0.8122767806053162,0.5861298441886902,-0.003386136842891574,0.7320338487625122,0.5873023867607117,-0.033875636756420135,0.7354141473770142,0.6649214029312134,-0.022890107706189156,0.7674338817596436,0.6786344647407532,-0.0069383541122078896,0.8257094621658325,0.5944690704345703,-0.022104401141405106,0.7540773749351501,0.6050691604614258,-0.03994905948638916,0.7535793781280518,0.660515546798706,-0.03420693427324295,0.7797703742980957,0.6757777333259583,-0.02350025624036789,А
0.0,0.0,0.0,0.0,0.0,0.0,0.0,0.0,0.0,0.0,0.0,0.0,0.0,0.0,0.0,0.0,0.0,0.0,0.0,0.0,0.0,0.0,0.0,0.0,0.0,0.0,0.0,0.0,0.0,0.0,0.0,0.0,0.0,0.0,0.0,0.0,0.0,0.0,0.0,0.0,0.0,0.0,0.0,0.0,0.0,0.0,0.0,0.0,0.0,0.0,0.0,0.0,0.0,0.0,0.0,0.0,0.0,0.0,0.0,0.0,0.0,0.0,0.0,0.8003355264663696,0.8279105424880981,-6.502572773570137e-07,0.7295264005661011,0.7727960348129272,-0.0021613510325551033,0.6979163289070129,0.6964383721351624,-0.006413035560399294,0.6892665028572083,0.6413446664810181,-0.015838464722037315,0.6993251442909241,0.6244379878044128,-0.02027113363146782,0.7726112008094788,0.6019175052642822,0.02218719571828842,0.7016128897666931,0.5855401754379272,-0.008792777545750141,0.7015931606292725,0.6489173173904419,-0.026464197784662247,0.7219014763832092,0.6778421998023987,-0.0341598279774189,0.7963122129440308,0.593117356300354,0.010817117989063263,0.7133587598800659,0.5888016819953918,-0.02313333749771118,0.7181837558746338,0.6681393980979919,-0.027468513697385788,0.7485839128494263,0.6839839816093445,-0.02145361714065075,0.8159797191619873,0.5936056971549988,-0.006583452224731445,0.7340737581253052,0.6003686189651489,-0.03781713545322418,0.7380953431129456,0.6776122450828552,-0.02732458896934986,0.7691220045089722,0.6913734674453735,-0.011876842938363552,0.8291652202606201,0.6041174530982971,-0.025859368965029716,0.7562642097473145,0.6177242398262024,-0.04529973864555359,0.7568606734275818,0.6726862192153931,-0.03999297320842743,0.7829882502555847,0.6871675848960876,-0.02957599051296711,А
0.0,0.0,0.0,0.0,0.0,0.0,0.0,0.0,0.0,0.0,0.0,0.0,0.0,0.0,0.0,0.0,0.0,0.0,0.0,0.0,0.0,0.0,0.0,0.0,0.0,0.0,0.0,0.0,0.0,0.0,0.0,0.0,0.0,0.0,0.0,0.0,0.0,0.0,0.0,0.0,0.0,0.0,0.0,0.0,0.0,0.0,0.0,0.0,0.0,0.0,0.0,0.0,0.0,0.0,0.0,0.0,0.0,0.0,0.0,0.0,0.0,0.0,0.0,0.8020713925361633,0.8253663778305054,-6.587701477656083e-07,0.7315365672111511,0.7695545554161072,0.0024888927582651377,0.7033687233924866,0.7006514668464661,-0.0002996776602230966,0.6958390474319458,0.6531983017921448,-0.00854628998786211,0.701531708240509,0.6182253956794739,-0.011847137473523617,0.7761075496673584,0.6045971512794495,0.023232825100421906,0.7016780376434326,0.5857787132263184,-0.008592777885496616,0.700008749961853,0.6460346579551697,-0.028462620452046394,0.7182170152664185,0.6767573356628418,-0.03727971017360687,0.7998688220977783,0.5957033634185791,0.010723995976150036,0.7136579155921936,0.5891105532646179,-0.023899899795651436,0.7205426692962646,0.66706383228302,-0.03151441365480423,0.7518751621246338,0.6841058731079102,-0.027907544746994972,0.8195147514343262,0.5947009325027466,-0.006905504036694765,0.7345359921455383,0.5987685322761536,-0.03679155558347702,0.7404278516769409,0.6749282479286194,-0.028069736436009407,0.7726666331291199,0.6882739067077637,-0.014731251634657383,0.8323506712913513,0.6021392345428467,-0.025765255093574524,0.7568185329437256,0.6162005662918091,-0.045787546783685684,0.7589572668075562,0.6717119216918945,-0.041498925536870956,0.7863683700561523,0.6842003464698792,-0.031814686954021454,А
0.0,0.0,0.0,0.0,0.0,0.0,0.0,0.0,0.0,0.0,0.0,0.0,0.0,0.0,0.0,0.0,0.0,0.0,0.0,0.0,0.0,0.0,0.0,0.0,0.0,0.0,0.0,0.0,0.0,0.0,0.0,0.0,0.0,0.0,0.0,0.0,0.0,0.0,0.0,0.0,0.0,0.0,0.0,0.0,0.0,0.0,0.0,0.0,0.0,0.0,0.0,0.0,0.0,0.0,0.0,0.0,0.0,0.0,0.0,0.0,0.0,0.0,0.0,0.7998489737510681,0.8267130255699158,-6.654946105300041e-07,0.7315641045570374,0.7734035849571228,-0.0005573775852099061,0.7034298181533813,0.7001045942306519,-0.0032899740617722273,0.6951239109039307,0.6504808664321899,-0.010732107795774937,0.7003219723701477,0.6233062148094177,-0.013064518570899963,0.7738490700721741,0.6020389199256897,0.023023827001452446,0.7033578753471375,0.5884218811988831,-0.00870238896459341,0.7060078382492065,0.652641773223877,-0.028654880821704865,0.7278284430503845,0.6812304258346558,-0.03757558763027191,0.7984727621078491,0.5928730964660645,0.012018205597996712,0.7149035930633545,0.5897436141967773,-0.020829735323786736,0.7218237519264221,0.66804438829422,-0.026486944407224655,0.7522478699684143,0.6843352317810059,-0.021927334368228912,0.8186730742454529,0.5925861597061157,-0.004722017329186201,0.7361215949058533,0.5985050201416016,-0.03396537899971008,0.7413216233253479,0.6746683120727539,-0.023947255685925484,0.7720665335655212,0.6890580058097839,-0.00960551481693983,0.8323171138763428,0.6017229557037354,-0.023182446137070656,0.7596819996833801,0.6170371174812317,-0.04182432219386101,0.7603862285614014,0.6724625825881958,-0.0365835465490818,0.7857538461685181,0.6873012781143188,-0.026395978406071663,А
0.0,0.0,0.0,0.0,0.0,0.0,0.0,0.0,0.0,0.0,0.0,0.0,0.0,0.0,0.0,0.0,0.0,0.0,0.0,0.0,0.0,0.0,0.0,0.0,0.0,0.0,0.0,0.0,0.0,0.0,0.0,0.0,0.0,0.0,0.0,0.0,0.0,0.0,0.0,0.0,0.0,0.0,0.0,0.0,0.0,0.0,0.0,0.0,0.0,0.0,0.0,0.0,0.0,0.0,0.0,0.0,0.0,0.0,0.0,0.0,0.0,0.0,0.0,0.7999852299690247,0.8232082724571228,-6.322576950879011e-07,0.731719434261322,0.7748091816902161,-0.0031790935900062323,0.6999637484550476,0.6983327269554138,-0.006813047453761101,0.6885632276535034,0.6438882946968079,-0.01481302548199892,0.6971709132194519,0.6274580359458923,-0.017156582325696945,0.7757930755615234,0.6025919318199158,0.019672252237796783,0.7089628577232361,0.5826695561408997,-0.011321326717734337,0.7109014391899109,0.6468679308891296,-0.030072858557105064,0.732355535030365,0.6729344129562378,-0.03923894464969635,0.7995166182518005,0.5961413383483887,0.010015342384576797,0.7185587286949158,0.589522659778595,-0.025339292362332344,0.7251278162002563,0.6693828105926514,-0.031331807374954224,0.7562341690063477,0.6838331818580627,-0.026774872094392776,0.8191949129104614,0.5963510274887085,-0.005421943496912718,0.7389460802078247,0.5976167321205139,-0.03626912087202072,0.7437303066253662,0.675469696521759,-0.025648988783359528,0.7752866744995117,0.6890141367912292,-0.010521328076720238,0.8333301544189453,0.603223979473114,-0.022858738899230957,0.7599215507507324,0.6153856515884399,-0.04210317134857178,0.7604489922523499,0.6713684797286987,-0.03764886036515236,0.786723792552948,0.6850359439849854,-0.028135161846876144,А
0.0,0.0,0.0,0.0,0.0,0.0,0.0,0.0,0.0,0.0,0.0,0.0,0.0,0.0,0.0,0.0,0.0,0.0,0.0,0.0,0.0,0.0,0.0,0.0,0.0,0.0,0.0,0.0,0.0,0.0,0.0,0.0,0.0,0.0,0.0,0.0,0.0,0.0,0.0,0.0,0.0,0.0,0.0,0.0,0.0,0.0,0.0,0.0,0.0,0.0,0.0,0.0,0.0,0.0,0.0,0.0,0.0,0.0,0.0,0.0,0.0,0.0,0.0,0.8006273508071899,0.8235406875610352,-6.510851449093025e-07,0.7312741279602051,0.772557258605957,-0.005661551840603352,0.7000370025634766,0.6954397559165955,-0.008850120939314365,0.6870076656341553,0.6403299570083618,-0.016102179884910583,0.6908466815948486,0.6231417059898376,-0.017206549644470215,0.7738091945648193,0.5975112915039062,0.02192387916147709,0.7092546820640564,0.5771541595458984,-0.010053836740553379,0.7109731435775757,0.6438643336296082,-0.02905942127108574,0.7337275147438049,0.67049640417099,-0.03752124682068825,0.7971756458282471,0.5928285121917725,0.013212944380939007,0.7189282774925232,0.5868024826049805,-0.022332899272441864,0.7238269448280334,0.6680593490600586,-0.027551716193556786,0.7545641660690308,0.6830918788909912,-0.021353010088205338,0.8171029686927795,0.5939152240753174,-0.0020826561376452446,0.739017128944397,0.5975162982940674,-0.035044971853494644,0.7424749135971069,0.6755151748657227,-0.02577727474272251,0.7743090391159058,0.6906751990318298,-0.009859875775873661,0.8320625424385071,0.6026695966720581,-0.019541949033737183,0.7618980407714844,0.6140212416648865,-0.03970335051417351,0.7611870765686035,0.6688513159751892,-0.03516111150383949,0.7862621545791626,0.6851124167442322,-0.02446577697992325,А
0.0,0.0,0.0,0.0,0.0,0.0,0.0,0.0,0.0,0.0,0.0,0.0,0.0,0.0,0.0,0.0,0.0,0.0,0.0,0.0,0.0,0.0,0.0,0.0,0.0,0.0,0.0,0.0,0.0,0.0,0.0,0.0,0.0,0.0,0.0,0.0,0.0,0.0,0.0,0.0,0.0,0.0,0.0,0.0,0.0,0.0,0.0,0.0,0.0,0.0,0.0,0.0,0.0,0.0,0.0,0.0,0.0,0.0,0.0,0.0,0.0,0.0,0.0,0.7995564341545105,0.821574866771698,-6.212904395397345e-07,0.7293609380722046,0.7674118280410767,-0.0047331745736300945,0.7012823224067688,0.6956007480621338,-0.00966466125100851,0.6896451711654663,0.6426559686660767,-0.018946388736367226,0.6913483738899231,0.6231579780578613,-0.022580062970519066,0.772875964641571,0.5984365940093994,0.021072689443826675,0.707154393196106,0.5797239542007446,-0.010037277825176716,0.7081600427627563,0.6446462869644165,-0.027961518615484238,0.73052579164505,0.6691138744354248,-0.03607317805290222,0.7968994379043579,0.5918784141540527,0.011425971053540707,0.7154830694198608,0.5859851837158203,-0.022731563076376915,0.7204954624176025,0.6656093597412109,-0.026884650811553,0.7526624202728271,0.6757139563560486,-0.020827800035476685,0.8174245953559875,0.5932276248931885,-0.004512613173574209,0.7363269925117493,0.5974793434143066,-0.0367327481508255,0.7396448850631714,0.6739670634269714,-0.02634814754128456,0.7719216346740723,0.6847806572914124,-0.0105564184486866,0.8313961625099182,0.6031736135482788,-0.02243163250386715,0.7573469877243042,0.6140522360801697,-0.041719093918800354,0.7576029896736145,0.6673945784568787,-0.0361085906624794,0.7845651507377625,0.6804049015045166,-0.025429129600524902,А
0.0,0.0,0.0,0.0,0.0,0.0,0.0,0.0,0.0,0.0,0.0,0.0,0.0,0.0,0.0,0.0,0.0,0.0,0.0,0.0,0.0,0.0,0.0,0.0,0.0,0.0,0.0,0.0,0.0,0.0,0.0,0.0,0.0,0.0,0.0,0.0,0.0,0.0,0.0,0.0,0.0,0.0,0.0,0.0,0.0,0.0,0.0,0.0,0.0,0.0,0.0,0.0,0.0,0.0,0.0,0.0,0.0,0.0,0.0,0.0,0.0,0.0,0.0,0.8005282878875732,0.8207191228866577,-6.547512612087303e-07,0.7301384210586548,0.7719077467918396,-0.004406282678246498,0.6974306702613831,0.6941538453102112,-0.008829019032418728,0.6857547760009766,0.638159990310669,-0.017476478591561317,0.6910020709037781,0.6195586919784546,-0.01948009990155697,0.7779879570007324,0.5952337384223938,0.019550735130906105,0.7072699069976807,0.5733942985534668,-0.012333671562373638,0.7078849673271179,0.6395235657691956,-0.030448563396930695,0.7296254634857178,0.6641240119934082,-0.03885985538363457,0.7998003363609314,0.5906206965446472,0.009672270156443119,0.716023862361908,0.5831637978553772,-0.0258687362074852,0.7214820981025696,0.6656534075737,-0.029532991349697113,0.7536080479621887,0.6759526133537292,-0.0231183934956789,0.8178281784057617,0.5917711853981018,-0.006565478630363941,0.736416757106781,0.5939000844955444,-0.038460053503513336,0.7397318482398987,0.6736530661582947,-0.026004880666732788,0.7721977233886719,0.6855862140655518,-0.009226708672940731,0.8303678631782532,0.5995189547538757,-0.025059206411242485,0.7571159601211548,0.6104555726051331,-0.045091141015291214,0.7575868964195251,0.6654313802719116,-0.03975890949368477,0.784800112247467,0.6777034997940063,-0.029289787635207176,А
0.0,0.0,0.0,0.0,0.0,0.0,0.0,0.0,0.0,0.0,0.0,0.0,0.0,0.0,0.0,0.0,0.0,0.0,0.0,0.0,0.0,0.0,0.0,0.0,0.0,0.0,0.0,0.0,0.0,0.0,0.0,0.0,0.0,0.0,0.0,0.0,0.0,0.0,0.0,0.0,0.0,0.0,0.0,0.0,0.0,0.0,0.0,0.0,0.0,0.0,0.0,0.0,0.0,0.0,0.0,0.0,0.0,0.0,0.0,0.0,0.0,0.0,0.0,0.7963916659355164,0.8288801908493042,-6.51898005799012e-07,0.7298378944396973,0.7764297723770142,-0.001227360451593995,0.6956838965415955,0.698307454586029,-0.0042019616812467575,0.6791170239448547,0.6430542469024658,-0.012803353369235992,0.6890189051628113,0.6267825961112976,-0.015016341581940651,0.7719024419784546,0.6006606221199036,0.026147691532969475,0.7042924165725708,0.5785039067268372,-0.005811372306197882,0.7072964310646057,0.6452596187591553,-0.024637065827846527,0.7314119935035706,0.6689562201499939,-0.03343583270907402,0.7929521799087524,0.5960144400596619,0.01388078834861517,0.7128943204879761,0.58782559633255,-0.021277057006955147,0.7192317247390747,0.6685051918029785,-0.025808949023485184,0.7515795230865479,0.6793678402900696,-0.01974903792142868,0.812098503112793,0.5961357355117798,-0.004872134421020746,0.7326546907424927,0.5978600382804871,-0.03561228886246681,0.73691326379776,0.6763010025024414,-0.023660169914364815,0.7692906260490417,0.6877689361572266,-0.00702139874920249,0.8272017240524292,0.6048768758773804,-0.025832021608948708,0.7564372420310974,0.6115512847900391,-0.04307644069194794,0.7578422427177429,0.665672242641449,-0.036194272339344025,0.7853614687919617,0.6796486377716064,-0.024776801466941833,А
0.0,0.0,0.0,0.0,0.0,0.0,0.0,0.0,0.0,0.0,0.0,0.0,0.0,0.0,0.0,0.0,0.0,0.0,0.0,0.0,0.0,0.0,0.0,0.0,0.0,0.0,0.0,0.0,0.0,0.0,0.0,0.0,0.0,0.0,0.0,0.0,0.0,0.0,0.0,0.0,0.0,0.0,0.0,0.0,0.0,0.0,0.0,0.0,0.0,0.0,0.0,0.0,0.0,0.0,0.0,0.0,0.0,0.0,0.0,0.0,0.0,0.0,0.0,0.7953597903251648,0.8290650248527527,-6.521497084577277e-07,0.7244011759757996,0.7708368301391602,-0.0028615265619009733,0.694179892539978,0.6927791237831116,-0.006657704245299101,0.6833546757698059,0.6378128528594971,-0.015499071218073368,0.692645251750946,0.6247369647026062,-0.018632031977176666,0.7716923952102661,0.5996907353401184,0.023549456149339676,0.6973621845245361,0.5838525891304016,-0.008921168744564056,0.7002736926078796,0.6498647928237915,-0.027522077783942223,0.723139226436615,0.6766124963760376,-0.035860106348991394,0.7957199215888977,0.5915290117263794,0.012354792095720768,0.7086483836174011,0.5837188959121704,-0.02371968887746334,0.7150874733924866,0.6654008030891418,-0.028964828699827194,0.7468985319137573,0.6790660619735718,-0.02311149798333645,0.8157949447631836,0.5923999547958374,-0.0050708698108792305,0.7300131320953369,0.5961935520172119,-0.037891633808612823,0.7352696657180786,0.6758660078048706,-0.026452040299773216,0.7669261693954468,0.6872594356536865,-0.00977871660143137,0.8289715051651001,0.6027026772499084,-0.024457596242427826,0.7534680366516113,0.6137527823448181,-0.04371488839387894,0.7558888792991638,0.6691848635673523,-0.03703642264008522,0.783261775970459,0.6814557909965515,-0.02545745298266411,А
0.0,0.0,0.0,0.0,0.0,0.0,0.0,0.0,0.0,0.0,0.0,0.0,0.0,0.0,0.0,0.0,0.0,0.0,0.0,0.0,0.0,0.0,0.0,0.0,0.0,0.0,0.0,0.0,0.0,0.0,0.0,0.0,0.0,0.0,0.0,0.0,0.0,0.0,0.0,0.0,0.0,0.0,0.0,0.0,0.0,0.0,0.0,0.0,0.0,0.0,0.0,0.0,0.0,0.0,0.0,0.0,0.0,0.0,0.0,0.0,0.0,0.0,0.0,0.8004118800163269,0.8286521434783936,-6.224501589713327e-07,0.7290238738059998,0.7746965289115906,-0.0034355700481683016,0.6962952017784119,0.7028936743736267,-0.008495074696838856,0.6820095181465149,0.6493948101997375,-0.018166057765483856,0.6871336698532104,0.6254761219024658,-0.021977003663778305,0.7674655914306641,0.6034992337226868,0.020831190049648285,0.7046473622322083,0.5816985368728638,-0.011170820333063602,0.7059730887413025,0.6473649740219116,-0.03016427718102932,0.7277683615684509,0.6745988130569458,-0.03869404271245003,0.7909631729125977,0.5985342264175415,0.010646350681781769,0.7146406769752502,0.5898340940475464,-0.024100199341773987,0.7195010185241699,0.6706666946411133,-0.028754834085702896,0.7505092620849609,0.684643566608429,-0.02276623249053955,0.8119474649429321,0.6001034379005432,-0.0056861527264118195,0.7356326580047607,0.6004523634910583,-0.03733334690332413,0.7384182214736938,0.6778454184532166,-0.02642025426030159,0.7699009776115417,0.6914900541305542,-0.010110665112733841,0.8280817270278931,0.6097502708435059,-0.023880165070295334,0.7572034001350403,0.6155756711959839,-0.04229986295104027,0.7557561993598938,0.6699596047401428,-0.035641979426145554,0.7812129855155945,0.6857476830482483,-0.0239449143409729,А
0.0,0.0,0.0,0.0,0.0,0.0,0.0,0.0,0.0,0.0,0.0,0.0,0.0,0.0,0.0,0.0,0.0,0.0,0.0,0.0,0.0,0.0,0.0,0.0,0.0,0.0,0.0,0.0,0.0,0.0,0.0,0.0,0.0,0.0,0.0,0.0,0.0,0.0,0.0,0.0,0.0,0.0,0.0,0.0,0.0,0.0,0.0,0.0,0.0,0.0,0.0,0.0,0.0,0.0,0.0,0.0,0.0,0.0,0.0,0.0,0.0,0.0,0.0,0.7955148220062256,0.828805685043335,-6.464270541073347e-07,0.7274768352508545,0.7747619152069092,-0.0021312555763870478,0.6973553895950317,0.7027066946029663,-0.00658956216648221,0.6850601434707642,0.6525678038597107,-0.01571093685925007,0.690521240234375,0.6269183158874512,-0.018953902646899223,0.7699151039123535,0.6006460785865784,0.02105838805437088,0.7019768357276917,0.5841003656387329,-0.010824994184076786,0.7036902904510498,0.6512755751609802,-0.029933463782072067,0.725407063961029,0.6764603853225708,-0.038798410445451736,0.793401837348938,0.5942462086677551,0.010172145441174507,0.7117326259613037,0.5890483856201172,-0.02333882637321949,0.7175880670547485,0.6701457500457764,-0.027736254036426544,0.7489657998085022,0.6810752153396606,-0.022408317774534225,0.8134187459945679,0.5957118272781372,-0.006656199228018522,0.732968270778656,0.600871205329895,-0.036727357655763626,0.7362873554229736,0.6781080365180969,-0.025502106174826622,0.7676730751991272,0.6889445185661316,-0.010142422281205654,0.8269344568252563,0.6059091091156006,-0.02536984160542488,0.755020260810852,0.6184502840042114,-0.04342682287096977,0.7547781467437744,0.6724950075149536,-0.037227291613817215,0.7808628678321838,0.6853320002555847,-0.026493532583117485,А
0.0,0.0,0.0,0.0,0.0,0.0,0.0,0.0,0.0,0.0,0.0,0.0,0.0,0.0,0.0,0.0,0.0,0.0,0.0,0.0,0.0,0.0,0.0,0.0,0.0,0.0,0.0,0.0,0.0,0.0,0.0,0.0,0.0,0.0,0.0,0.0,0.0,0.0,0.0,0.0,0.0,0.0,0.0,0.0,0.0,0.0,0.0,0.0,0.0,0.0,0.0,0.0,0.0,0.0,0.0,0.0,0.0,0.0,0.0,0.0,0.0,0.0,0.0,0.7949004173278809,0.8324670791625977,-6.510423986583191e-07,0.7272980809211731,0.7754579186439514,-0.003840978257358074,0.6975380182266235,0.6971988081932068,-0.007464478258043528,0.6846857070922852,0.6439610719680786,-0.015230105258524418,0.6904149651527405,0.6250663995742798,-0.016748707741498947,0.7761654853820801,0.6004644632339478,0.021784087643027306,0.7057241797447205,0.5830596089363098,-0.00934057030826807,0.7073749303817749,0.6497116088867188,-0.028304480016231537,0.7299644351005554,0.6726690530776978,-0.037248190492391586,0.7978543043136597,0.5961703062057495,0.012298913672566414,0.7131338715553284,0.5891295075416565,-0.021674903109669685,0.7186918258666992,0.6699607372283936,-0.026384487748146057,0.7507320046424866,0.681151807308197,-0.020786140114068985,0.8164470195770264,0.597374439239502,-0.0032441415823996067,0.7336559295654297,0.5995527505874634,-0.03400823846459389,0.7367092370986938,0.6776459813117981,-0.023728594183921814,0.7688582539558411,0.6902574300765991,-0.008227604441344738,0.8289341926574707,0.6064836382865906,-0.0208537969738245,0.7556445598602295,0.616632878780365,-0.03889906033873558,0.7550525069236755,0.6715209484100342,-0.03321326524019241,0.7813156843185425,0.6855031847953796,-0.022415269166231155,А
0.0,0.0,0.0,0.0,0.0,0.0,0.0,0.0,0.0,0.0,0.0,0.0,0.0,0.0,0.0,0.0,0.0,0.0,0.0,0.0,0.0,0.0,0.0,0.0,0.0,0.0,0.0,0.0,0.0,0.0,0.0,0.0,0.0,0.0,0.0,0.0,0.0,0.0,0.0,0.0,0.0,0.0,0.0,0.0,0.0,0.0,0.0,0.0,0.0,0.0,0.0,0.0,0.0,0.0,0.0,0.0,0.0,0.0,0.0,0.0,0.0,0.0,0.0,0.7954503893852234,0.8315916061401367,-6.569811148438021e-07,0.7271897792816162,0.778407871723175,-0.0036806194111704826,0.6978061199188232,0.7012728452682495,-0.008248724974691868,0.6861257553100586,0.6451789140701294,-0.017282448709011078,0.6920307278633118,0.6259798407554626,-0.019945558160543442,0.7742997407913208,0.6006441712379456,0.020746083930134773,0.7014825344085693,0.5841081142425537,-0.011395481415092945,0.7030672430992126,0.6512274146080017,-0.030030827969312668,0.7253748774528503,0.6756495237350464,-0.03889288380742073,0.7974759340286255,0.5944361090660095,0.0100952023640275,0.7113675475120544,0.5886843800544739,-0.02497444860637188,0.717897891998291,0.671458899974823,-0.02907918393611908,0.750660240650177,0.6809545755386353,-0.023214614018797874,0.8171461820602417,0.596257209777832,-0.0067013767547905445,0.7319281697273254,0.5998843312263489,-0.038875117897987366,0.7363883256912231,0.6803694367408752,-0.026396378874778748,0.7688992023468018,0.6909181475639343,-0.00970784667879343,0.8296360969543457,0.60626220703125,-0.02554030530154705,0.7524045705795288,0.6166120767593384,-0.04558827355504036,0.7549238801002502,0.6722028255462646,-0.03926976025104523,0.7838056087493896,0.6838539242744446,-0.028064843267202377,А
0.0,0.0,0.0,0.0,0.0,0.0,0.0,0.0,0.0,0.0,0.0,0.0,0.0,0.0,0.0,0.0,0.0,0.0,0.0,0.0,0.0,0.0,0.0,0.0,0.0,0.0,0.0,0.0,0.0,0.0,0.0,0.0,0.0,0.0,0.0,0.0,0.0,0.0,0.0,0.0,0.0,0.0,0.0,0.0,0.0,0.0,0.0,0.0,0.0,0.0,0.0,0.0,0.0,0.0,0.0,0.0,0.0,0.0,0.0,0.0,0.0,0.0,0.0,0.798323929309845,0.8343669772148132,-6.500518452412507e-07,0.7269808650016785,0.7793247699737549,-0.005016392096877098,0.6982189416885376,0.703705370426178,-0.010288119316101074,0.6849653124809265,0.6482828259468079,-0.01976519450545311,0.6881654262542725,0.6283062696456909,-0.022952940315008163,0.7806243300437927,0.6020901799201965,0.01988881640136242,0.7059581279754639,0.5833829641342163,-0.012716135010123253,0.7075681686401367,0.6498898267745972,-0.03222137689590454,0.7300776839256287,0.6766970753669739,-0.04130055010318756,0.8027896881103516,0.5957061052322388,0.010369602590799332,0.7126979827880859,0.5883026719093323,-0.0256057009100914,0.7176940441131592,0.6706070899963379,-0.03108733892440796,0.7506110668182373,0.6828866600990295,-0.02581794746220112,0.8199028372764587,0.5979964733123779,-0.005224649794399738,0.7320069074630737,0.6002982258796692,-0.03816691040992737,0.734520673751831,0.6802200078964233,-0.02659664675593376,0.7674972414970398,0.6923561096191406,-0.009889928624033928,0.8288701176643372,0.6083260774612427,-0.02288989908993244,0.7519528865814209,0.6185892224311829,-0.04304725304245949,0.7523703575134277,0.6742529273033142,-0.03687727078795433,0.7807279825210571,0.6873600482940674,-0.025464573875069618,А
0.0,0.0,0.0,0.0,0.0,0.0,0.0,0.0,0.0,0.0,0.0,0.0,0.0,0.0,0.0,0.0,0.0,0.0,0.0,0.0,0.0,0.0,0.0,0.0,0.0,0.0,0.0,0.0,0.0,0.0,0.0,0.0,0.0,0.0,0.0,0.0,0.0,0.0,0.0,0.0,0.0,0.0,0.0,0.0,0.0,0.0,0.0,0.0,0.0,0.0,0.0,0.0,0.0,0.0,0.0,0.0,0.0,0.0,0.0,0.0,0.0,0.0,0.0,0.7916948795318604,0.8280120491981506,-6.512928507618199e-07,0.7261204719543457,0.778781533241272,-0.004058993421494961,0.6947746276855469,0.7027189135551453,-0.007765030488371849,0.6822183728218079,0.6452560424804688,-0.01593872532248497,0.68879234790802,0.6279864311218262,-0.017960965633392334,0.7672502994537354,0.607597291469574,0.02156873419880867,0.7024335861206055,0.5839527249336243,-0.010990684852004051,0.7043510675430298,0.6471750140190125,-0.02937430888414383,0.7265880703926086,0.6755209565162659,-0.03735947608947754,0.7909746170043945,0.6004131436347961,0.011854181066155434,0.711298942565918,0.591444194316864,-0.02380620688199997,0.7175808548927307,0.6716576814651489,-0.028168529272079468,0.7493038177490234,0.6846859455108643,-0.021699512377381325,0.812206506729126,0.599887490272522,-0.004319826140999794,0.73251873254776,0.6031886339187622,-0.037097543478012085,0.7367796897888184,0.6818119287490845,-0.02568039298057556,0.768050491809845,0.6949182748794556,-0.008800612762570381,0.8285606503486633,0.6073778867721558,-0.02259507030248642,0.7562474608421326,0.619687557220459,-0.042324163019657135,0.7561075091362,0.6755775809288025,-0.036687061190605164,0.7813654541969299,0.6898452043533325,-0.0256660133600235,А
0.0,0.0,0.0,0.0,0.0,0.0,0.0,0.0,0.0,0.0,0.0,0.0,0.0,0.0,0.0,0.0,0.0,0.0,0.0,0.0,0.0,0.0,0.0,0.0,0.0,0.0,0.0,0.0,0.0,0.0,0.0,0.0,0.0,0.0,0.0,0.0,0.0,0.0,0.0,0.0,0.0,0.0,0.0,0.0,0.0,0.0,0.0,0.0,0.0,0.0,0.0,0.0,0.0,0.0,0.0,0.0,0.0,0.0,0.0,0.0,0.0,0.0,0.0,0.7970775961875916,0.8307161331176758,-6.736665909556905e-07,0.728395402431488,0.7798479199409485,-0.0036808839067816734,0.6971805095672607,0.7031909227371216,-0.007865775376558304,0.685813844203949,0.6468212604522705,-0.016146311536431313,0.6905576586723328,0.6232171058654785,-0.01768440194427967,0.7792208194732666,0.6040247678756714,0.019334621727466583,0.7035763263702393,0.5807712078094482,-0.014300231821835041,0.7042874097824097,0.6469899415969849,-0.03441083803772926,0.7261607646942139,0.6743817925453186,-0.043783266097307205,0.8004994988441467,0.5973936915397644,0.009205793030560017,0.7108356952667236,0.586890459060669,-0.027608808130025864,0.7179174423217773,0.6698154807090759,-0.03308528661727905,0.7511888742446899,0.6837380528450012,-0.02758960612118244,0.8180071711540222,0.5968248844146729,-0.006970452144742012,0.729793906211853,0.5986472368240356,-0.03924411162734032,0.7353511452674866,0.6796977519989014,-0.027532704174518585,0.768448531627655,0.693369448184967,-0.01117352582514286,0.8291218280792236,0.604554295539856,-0.02530895546078682,0.7512281537055969,0.6177466511726379,-0.046109676361083984,0.7539689540863037,0.6746399998664856,-0.04091879725456238,0.7820737957954407,0.6872421503067017,-0.03009207360446453,А
0.0,0.0,0.0,0.0,0.0,0.0,0.0,0.0,0.0,0.0,0.0,0.0,0.0,0.0,0.0,0.0,0.0,0.0,0.0,0.0,0.0,0.0,0.0,0.0,0.0,0.0,0.0,0.0,0.0,0.0,0.0,0.0,0.0,0.0,0.0,0.0,0.0,0.0,0.0,0.0,0.0,0.0,0.0,0.0,0.0,0.0,0.0,0.0,0.0,0.0,0.0,0.0,0.0,0.0,0.0,0.0,0.0,0.0,0.0,0.0,0.0,0.0,0.0,0.7973181009292603,0.8314844369888306,-6.715529252687702e-07,0.7301698327064514,0.7811373472213745,-0.00017331865092273802,0.6963837146759033,0.7020500898361206,-0.002045833272859454,0.6835221648216248,0.6439470648765564,-0.008974014781415462,0.6935374140739441,0.6257326602935791,-0.010215552523732185,0.762170135974884,0.6070116758346558,0.02439178340137005,0.6991323232650757,0.5857939720153809,-0.0048039695248007774,0.7013927698135376,0.6514395475387573,-0.020804546773433685,0.7225008606910706,0.6780914068222046,-0.027986695989966393,0.7875728607177734,0.5981106758117676,0.012737894430756569,0.7097414135932922,0.5884937644004822,-0.019306449219584465,0.7161473035812378,0.6707918047904968,-0.021632496267557144,0.7471978068351746,0.6838333606719971,-0.01438365038484335,0.811001718044281,0.5978084802627563,-0.004844833165407181,0.7332737445831299,0.6012880802154541,-0.03478291258215904,0.7373527884483337,0.6811299324035645,-0.0228053517639637,0.7684082388877869,0.6934897899627686,-0.0064547378569841385,0.8291130065917969,0.6064417958259583,-0.024127542972564697,0.756576418876648,0.6184963583946228,-0.04186736419796944,0.7556990385055542,0.675778329372406,-0.03552292287349701,0.7809083461761475,0.6904036402702332,-0.024734552949666977,А
0.0,0.0,0.0,0.0,0.0,0.0,0.0,0.0,0.0,0.0,0.0,0.0,0.0,0.0,0.0,0.0,0.0,0.0,0.0,0.0,0.0,0.0,0.0,0.0,0.0,0.0,0.0,0.0,0.0,0.0,0.0,0.0,0.0,0.0,0.0,0.0,0.0,0.0,0.0,0.0,0.0,0.0,0.0,0.0,0.0,0.0,0.0,0.0,0.0,0.0,0.0,0.0,0.0,0.0,0.0,0.0,0.0,0.0,0.0,0.0,0.0,0.0,0.0,0.7987068891525269,0.8209376335144043,-6.403496968232503e-07,0.727950394153595,0.773537278175354,-0.0014645614428445697,0.6958512663841248,0.699860155582428,-0.004162935074418783,0.6850235462188721,0.6455082893371582,-0.01170420553535223,0.6936342120170593,0.6229279041290283,-0.01353764533996582,0.7652317881584167,0.6036778688430786,0.022718554362654686,0.7004388570785522,0.5829811096191406,-0.008836673572659492,0.7020503282546997,0.646270215511322,-0.027459371834993362,0.7234816551208496,0.6737707257270813,-0.03589358925819397,0.7901537418365479,0.5953086018562317,0.011939088813960552,0.7125532031059265,0.5874898433685303,-0.02244601398706436,0.7194823622703552,0.6671643257141113,-0.027344588190317154,0.7519415616989136,0.6796057224273682,-0.021817585453391075,0.8126519322395325,0.594305694103241,-0.004908839240670204,0.7361607551574707,0.5960772037506104,-0.035378433763980865,0.7401144504547119,0.6733567714691162,-0.024309879168868065,0.7721740007400513,0.6849889159202576,-0.008776298724114895,0.8301756978034973,0.6009043455123901,-0.023643432185053825,0.7600591778755188,0.611279308795929,-0.04214709624648094,0.7591955065727234,0.6666702628135681,-0.03669121861457825,0.7850244641304016,0.6802738904953003,-0.02643633261322975,А
0.0,0.0,0.0,0.0,0.0,0.0,0.0,0.0,0.0,0.0,0.0,0.0,0.0,0.0,0.0,0.0,0.0,0.0,0.0,0.0,0.0,0.0,0.0,0.0,0.0,0.0,0.0,0.0,0.0,0.0,0.0,0.0,0.0,0.0,0.0,0.0,0.0,0.0,0.0,0.0,0.0,0.0,0.0,0.0,0.0,0.0,0.0,0.0,0.0,0.0,0.0,0.0,0.0,0.0,0.0,0.0,0.0,0.0,0.0,0.0,0.0,0.0,0.0,0.798758864402771,0.8362829089164734,-6.547961675096303e-07,0.7290187478065491,0.7775705456733704,-0.001287351013161242,0.6974533796310425,0.7001359462738037,-0.004245959687978029,0.6848551630973816,0.6435118913650513,-0.012205682694911957,0.6914548277854919,0.620847225189209,-0.014178515411913395,0.7679136991500854,0.6113378405570984,0.024020034819841385,0.6998462080955505,0.5891298651695251,-0.006836913526058197,0.7034046053886414,0.6544031500816345,-0.02429293654859066,0.7259125113487244,0.6766555309295654,-0.0320453979074955,0.7919370532035828,0.6026060581207275,0.012560481205582619,0.7091913223266602,0.5904603004455566,-0.021302925422787666,0.7164348363876343,0.6708685159683228,-0.02491213195025921,0.7477426528930664,0.6825639605522156,-0.018328404054045677,0.8135151267051697,0.6007152795791626,-0.004947390872985125,0.7326966524124146,0.6029473543167114,-0.035880863666534424,0.7373483777046204,0.6807536482810974,-0.024411629885435104,0.7682966589927673,0.6917266249656677,-0.00809007789939642,0.8294970989227295,0.6075387597084045,-0.02426804043352604,0.7592162489891052,0.6169751882553101,-0.04144615679979324,0.7588831186294556,0.6717919707298279,-0.034160204231739044,0.783703625202179,0.6855406165122986,-0.022540399804711342,А
0.0,0.0,0.0,0.0,0.0,0.0,0.0,0.0,0.0,0.0,0.0,0.0,0.0,0.0,0.0,0.0,0.0,0.0,0.0,0.0,0.0,0.0,0.0,0.0,0.0,0.0,0.0,0.0,0.0,0.0,0.0,0.0,0.0,0.0,0.0,0.0,0.0,0.0,0.0,0.0,0.0,0.0,0.0,0.0,0.0,0.0,0.0,0.0,0.0,0.0,0.0,0.0,0.0,0.0,0.0,0.0,0.0,0.0,0.0,0.0,0.0,0.0,0.0,0.7968202233314514,0.8307839035987854,-6.5116660152853e-07,0.7277678847312927,0.7791486978530884,-0.004196116700768471,0.6983661651611328,0.7015997767448425,-0.008496099151670933,0.6863551735877991,0.648287832736969,-0.016875745728611946,0.688258945941925,0.6260495781898499,-0.019112374633550644,0.7773101329803467,0.6000728011131287,0.019402535632252693,0.7071971297264099,0.5814056396484375,-0.012903375551104546,0.707811176776886,0.6483306288719177,-0.032220449298620224,0.7298450469970703,0.6754680275917053,-0.04120631143450737,0.8004905581474304,0.5965926051139832,0.009814408607780933,0.7156479358673096,0.5907806158065796,-0.025388773530721664,0.7205212116241455,0.6731299757957458,-0.03036634810268879,0.7518997192382812,0.6860089898109436,-0.02504766173660755,0.8187605738639832,0.6002378463745117,-0.005924123339354992,0.7345955967903137,0.602604329586029,-0.03763704001903534,0.7387769818305969,0.6812976598739624,-0.026532268151640892,0.7715741991996765,0.6938977837562561,-0.01082570105791092,0.8297268152236938,0.6110247373580933,-0.023674912750720978,0.7532358169555664,0.621321439743042,-0.04361237585544586,0.7541685700416565,0.6766690611839294,-0.03837147727608681,0.781794011592865,0.6903036236763,-0.027940791100263596,А
0.0,0.0,0.0,0.0,0.0,0.0,0.0,0.0,0.0,0.0,0.0,0.0,0.0,0.0,0.0,0.0,0.0,0.0,0.0,0.0,0.0,0.0,0.0,0.0,0.0,0.0,0.0,0.0,0.0,0.0,0.0,0.0,0.0,0.0,0.0,0.0,0.0,0.0,0.0,0.0,0.0,0.0,0.0,0.0,0.0,0.0,0.0,0.0,0.0,0.0,0.0,0.0,0.0,0.0,0.0,0.0,0.0,0.0,0.0,0.0,0.0,0.0,0.0,0.7973250150680542,0.8333573341369629,-6.616024847971858e-07,0.7298257350921631,0.7823975086212158,-0.0038763033226132393,0.6984040141105652,0.705910861492157,-0.00800407212227583,0.6850983500480652,0.6495640277862549,-0.016545254737138748,0.6901713609695435,0.6299556493759155,-0.018961168825626373,0.770608127117157,0.6031422019004822,0.021929634734988213,0.7047832012176514,0.5835060477256775,-0.009956449270248413,0.706936776638031,0.6504485607147217,-0.029025821015238762,0.7297987341880798,0.6777889728546143,-0.037666063755750656,0.7942485809326172,0.5972585082054138,0.012248478829860687,0.7150846123695374,0.591806173324585,-0.02198020927608013,0.7209262251853943,0.6743160486221313,-0.02642507664859295,0.7518636584281921,0.6880639791488647,-0.020326387137174606,0.8151202201843262,0.598531186580658,-0.0036717343609780073,0.7356931567192078,0.6030150651931763,-0.03487158194184303,0.739600658416748,0.6821424961090088,-0.024181386455893517,0.770578920841217,0.695729672908783,-0.008147761225700378,0.8307321071624756,0.6085211634635925,-0.021600404754281044,0.7589126825332642,0.6174249649047852,-0.03979941084980965,0.7600114345550537,0.67204350233078,-0.03364553302526474,0.7861061096191406,0.6869596838951111,-0.022360028699040413,А
0.0,0.0,0.0,0.0,0.0,0.0,0.0,0.0,0.0,0.0,0.0,0.0,0.0,0.0,0.0,0.0,0.0,0.0,0.0,0.0,0.0,0.0,0.0,0.0,0.0,0.0,0.0,0.0,0.0,0.0,0.0,0.0,0.0,0.0,0.0,0.0,0.0,0.0,0.0,0.0,0.0,0.0,0.0,0.0,0.0,0.0,0.0,0.0,0.0,0.0,0.0,0.0,0.0,0.0,0.0,0.0,0.0,0.0,0.0,0.0,0.0,0.0,0.0,0.7961028814315796,0.8332807421684265,-6.59453462503734e-07,0.7302195429801941,0.7805851697921753,-0.00589925330132246,0.6987733840942383,0.7023062109947205,-0.011410274542868137,0.6854842305183411,0.6478497982025146,-0.02105575054883957,0.6914863586425781,0.6221987009048462,-0.024480091407895088,0.7795144319534302,0.5963323712348938,0.019582219421863556,0.7059048414230347,0.5825058817863464,-0.013393313623964787,0.7072657942771912,0.6499287486076355,-0.033226002007722855,0.7303788661956787,0.6752747893333435,-0.04239647462964058,0.8010014295578003,0.5904736518859863,0.0100257508456707,0.7134906053543091,0.5888482928276062,-0.025989189743995667,0.7196815013885498,0.671651303768158,-0.03099171258509159,0.7518877387046814,0.6855665445327759,-0.02496200241148472,0.8191322088241577,0.5921273231506348,-0.005924052093178034,0.7316758632659912,0.6015170812606812,-0.03876423090696335,0.7371155619621277,0.6808580756187439,-0.028017649427056313,0.7696268558502197,0.6948544979095459,-0.011818930506706238,0.8306707739830017,0.6038768291473389,-0.02415715530514717,0.7532590627670288,0.6179249882698059,-0.04473040997982025,0.7547289729118347,0.6750848293304443,-0.03921295702457428,0.7819356918334961,0.6909438967704773,-0.02791191264986992,А
0.0,0.0,0.0,0.0,0.0,0.0,0.0,0.0,0.0,0.0,0.0,0.0,0.0,0.0,0.0,0.0,0.0,0.0,0.0,0.0,0.0,0.0,0.0,0.0,0.0,0.0,0.0,0.0,0.0,0.0,0.0,0.0,0.0,0.0,0.0,0.0,0.0,0.0,0.0,0.0,0.0,0.0,0.0,0.0,0.0,0.0,0.0,0.0,0.0,0.0,0.0,0.0,0.0,0.0,0.0,0.0,0.0,0.0,0.0,0.0,0.0,0.0,0.0,0.8013067245483398,0.8319109678268433,-6.519026669593586e-07,0.7323856949806213,0.779430627822876,-0.004832024686038494,0.6995945572853088,0.6988731622695923,-0.008807902224361897,0.6843226552009583,0.6396392583847046,-0.016836028546094894,0.6922285556793213,0.6232262849807739,-0.017858285456895828,0.7821896076202393,0.5947514176368713,0.022375207394361496,0.7078040838241577,0.5767643451690674,-0.009164796210825443,0.7099578380584717,0.646448016166687,-0.028594404458999634,0.7338738441467285,0.6689378023147583,-0.038502585142850876,0.8056491613388062,0.5902863144874573,0.013094744645059109,0.7163223028182983,0.5843997001647949,-0.021341027691960335,0.721117377281189,0.6679947376251221,-0.02560705877840519,0.7536514401435852,0.6788884401321411,-0.020205562934279442,0.8231866359710693,0.593316912651062,-0.002642866689711809,0.7366775274276733,0.5964534282684326,-0.033422861248254776,0.7385172843933105,0.6771720051765442,-0.021503299474716187,0.7707118391990662,0.689957320690155,-0.005468388088047504,0.8329020142555237,0.6040083765983582,-0.020820828154683113,0.7573205828666687,0.616620659828186,-0.0393831804394722,0.7567906379699707,0.6728832721710205,-0.03427845239639282,0.7838127613067627,0.6864088773727417,-0.02425374463200569,А
0.0,0.0,0.0,0.0,0.0,0.0,0.0,0.0,0.0,0.0,0.0,0.0,0.0,0.0,0.0,0.0,0.0,0.0,0.0,0.0,0.0,0.0,0.0,0.0,0.0,0.0,0.0,0.0,0.0,0.0,0.0,0.0,0.0,0.0,0.0,0.0,0.0,0.0,0.0,0.0,0.0,0.0,0.0,0.0,0.0,0.0,0.0,0.0,0.0,0.0,0.0,0.0,0.0,0.0,0.0,0.0,0.0,0.0,0.0,0.0,0.0,0.0,0.0,0.8011784553527832,0.8329219818115234,-6.624545108024904e-07,0.7312008142471313,0.7752761840820312,-0.0007548268768005073,0.701438844203949,0.7021887898445129,-0.005247443914413452,0.6911171674728394,0.6509518623352051,-0.01498227845877409,0.6969714164733887,0.622802734375,-0.019228648394346237,0.7785056233406067,0.6022733449935913,0.020188791677355766,0.7028853893280029,0.5831438899040222,-0.01277597714215517,0.703768789768219,0.6497143507003784,-0.03183737397193909,0.7254992127418518,0.6767833828926086,-0.040330756455659866,0.8010194897651672,0.5947669148445129,0.008037186227738857,0.713334321975708,0.5853550434112549,-0.028155624866485596,0.7195405960083008,0.6670500636100769,-0.0336742103099823,0.7518501281738281,0.6796477437019348,-0.02837412618100643,0.8200753331184387,0.5957855582237244,-0.009673825465142727,0.7343395948410034,0.5986072421073914,-0.04250124469399452,0.7391104102134705,0.6782111525535583,-0.031071322038769722,0.7716432809829712,0.6892744898796082,-0.014908512122929096,0.8321170210838318,0.6061984896659851,-0.028935667127370834,0.7560253739356995,0.6166256666183472,-0.049426451325416565,0.7584640979766846,0.6727773547172546,-0.04273203760385513,0.7870010137557983,0.6849225759506226,-0.03110208734869957,А
0.0,0.0,0.0,0.0,0.0,0.0,0.0,0.0,0.0,0.0,0.0,0.0,0.0,0.0,0.0,0.0,0.0,0.0,0.0,0.0,0.0,0.0,0.0,0.0,0.0,0.0,0.0,0.0,0.0,0.0,0.0,0.0,0.0,0.0,0.0,0.0,0.0,0.0,0.0,0.0,0.0,0.0,0.0,0.0,0.0,0.0,0.0,0.0,0.0,0.0,0.0,0.0,0.0,0.0,0.0,0.0,0.0,0.0,0.0,0.0,0.0,0.0,0.0,0.8027385473251343,0.8267728686332703,-6.423048262149678e-07,0.7334825992584229,0.7706343531608582,-0.00377596914768219,0.7024164199829102,0.6985825896263123,-0.009718665853142738,0.6876581907272339,0.6450445652008057,-0.021001888439059258,0.6919852495193481,0.619134783744812,-0.026401065289974213,0.7769460082054138,0.5971596240997314,0.022066229954361916,0.7110266089439392,0.5754222869873047,-0.010867214761674404,0.7126525640487671,0.6432619690895081,-0.029369834810495377,0.7352418899536133,0.6689411997795105,-0.03755127638578415,0.8002835512161255,0.5916727781295776,0.010743984021246433,0.7189615964889526,0.5829420685768127,-0.026210859417915344,0.7239595651626587,0.6678510904312134,-0.030516324564814568,0.7569056749343872,0.6783203482627869,-0.023543061688542366,0.8211109042167664,0.5938478708267212,-0.007065368350595236,0.7398358583450317,0.5970422029495239,-0.041827425360679626,0.742698609828949,0.6770252585411072,-0.030149059370160103,0.7757379412651062,0.6875909566879272,-0.012373496778309345,0.8359386920928955,0.6055715680122375,-0.026767848059535027,0.7622747421264648,0.6141618490219116,-0.04703185707330704,0.7624863982200623,0.6685807108879089,-0.03995084762573242,0.7906140685081482,0.6821705102920532,-0.027599414810538292,А
0.0,0.0,0.0,0.0,0.0,0.0,0.0,0.0,0.0,0.0,0.0,0.0,0.0,0.0,0.0,0.0,0.0,0.0,0.0,0.0,0.0,0.0,0.0,0.0,0.0,0.0,0.0,0.0,0.0,0.0,0.0,0.0,0.0,0.0,0.0,0.0,0.0,0.0,0.0,0.0,0.0,0.0,0.0,0.0,0.0,0.0,0.0,0.0,0.0,0.0,0.0,0.0,0.0,0.0,0.0,0.0,0.0,0.0,0.0,0.0,0.0,0.0,0.0,0.7981610298156738,0.8225916624069214,-6.745244718331378e-07,0.7325863838195801,0.7731236815452576,-0.004340462386608124,0.7011929154396057,0.6978704333305359,-0.008634156547486782,0.6895904541015625,0.6410647630691528,-0.017494063824415207,0.6998744010925293,0.6214596033096313,-0.020536426454782486,0.7726204991340637,0.6019197702407837,0.019521160051226616,0.7067128419876099,0.5758079886436462,-0.012933485209941864,0.7059471607208252,0.6410130858421326,-0.029594410210847855,0.7267782092094421,0.6717249155044556,-0.036034371703863144,0.7967565059661865,0.5941329598426819,0.009688100777566433,0.7186196446418762,0.5843851566314697,-0.02653251774609089,0.7239248156547546,0.6679250597953796,-0.029676614329218864,0.7548868060112,0.6827530860900879,-0.02187998965382576,0.8191441297531128,0.5937219858169556,-0.00651551503688097,0.7397468090057373,0.5967464447021484,-0.039865411818027496,0.7441238760948181,0.6780540943145752,-0.028164107352495193,0.7755115628242493,0.6918725967407227,-0.01095038466155529,0.8371355533599854,0.6023781299591064,-0.024681605398654938,0.7636955976486206,0.6123629808425903,-0.04509052634239197,0.764117956161499,0.6691136956214905,-0.03946014493703842,0.7900360226631165,0.6840620636940002,-0.028299052268266678,А
0.0,0.0,0.0,0.0,0.0,0.0,0.0,0.0,0.0,0.0,0.0,0.0,0.0,0.0,0.0,0.0,0.0,0.0,0.0,0.0,0.0,0.0,0.0,0.0,0.0,0.0,0.0,0.0,0.0,0.0,0.0,0.0,0.0,0.0,0.0,0.0,0.0,0.0,0.0,0.0,0.0,0.0,0.0,0.0,0.0,0.0,0.0,0.0,0.0,0.0,0.0,0.0,0.0,0.0,0.0,0.0,0.0,0.0,0.0,0.0,0.0,0.0,0.0,0.8043177127838135,0.8255305290222168,-6.622335035899596e-07,0.7360730171203613,0.773949921131134,-0.003100617090240121,0.7030740976333618,0.6998992562294006,-0.007744715549051762,0.688402533531189,0.6435379981994629,-0.017411815002560616,0.6995800733566284,0.6218852400779724,-0.020633284002542496,0.7777844071388245,0.5994940996170044,0.022857919335365295,0.7093419432640076,0.5757644772529602,-0.011250660754740238,0.7115198969841003,0.643576979637146,-0.03116007149219513,0.7355771064758301,0.6715041399002075,-0.03984137624502182,0.8007862567901611,0.5945348143577576,0.01224331371486187,0.7200157046318054,0.5870217084884644,-0.023842716589570045,0.7263328433036804,0.6699268817901611,-0.02856111340224743,0.7590120434761047,0.6821258068084717,-0.022380178794264793,0.8215307593345642,0.5950971841812134,-0.004941301885992289,0.7410154342651367,0.5974606275558472,-0.03719710558652878,0.7453413009643555,0.6781845688819885,-0.025347763672471046,0.7783535718917847,0.6912189722061157,-0.008254758082330227,0.8377478122711182,0.6044144034385681,-0.02422974817454815,0.7647679448127747,0.6126528382301331,-0.042893216013908386,0.7650328874588013,0.6687498092651367,-0.03626606985926628,0.7920897006988525,0.6838880181312561,-0.024474069476127625,А
0.0,0.0,0.0,0.0,0.0,0.0,0.0,0.0,0.0,0.0,0.0,0.0,0.0,0.0,0.0,0.0,0.0,0.0,0.0,0.0,0.0,0.0,0.0,0.0,0.0,0.0,0.0,0.0,0.0,0.0,0.0,0.0,0.0,0.0,0.0,0.0,0.0,0.0,0.0,0.0,0.0,0.0,0.0,0.0,0.0,0.0,0.0,0.0,0.0,0.0,0.0,0.0,0.0,0.0,0.0,0.0,0.0,0.0,0.0,0.0,0.0,0.0,0.0,0.810448408126831,0.8281328082084656,-6.279884132709412e-07,0.7366723418235779,0.7712341547012329,-0.0005919774994254112,0.7037398219108582,0.6965438723564148,-0.00469899270683527,0.6900932192802429,0.6408029198646545,-0.014473178423941135,0.6979108452796936,0.621800422668457,-0.018257517367601395,0.7788493633270264,0.5990629196166992,0.025474151596426964,0.709810733795166,0.5803481936454773,-0.006631108000874519,0.7136620879173279,0.6460500359535217,-0.02590210922062397,0.7365490794181824,0.6709840297698975,-0.03505384549498558,0.8030425906181335,0.5928114652633667,0.013033868744969368,0.7210580706596375,0.5850780606269836,-0.02171827293932438,0.7280567288398743,0.6658768057823181,-0.02680676430463791,0.7605958580970764,0.6764829158782959,-0.021615779027342796,0.8242074251174927,0.5940499305725098,-0.0055410005152225494,0.7433863282203674,0.5974664092063904,-0.03680654242634773,0.7477518320083618,0.6755749583244324,-0.024910859763622284,0.779769778251648,0.6863428354263306,-0.008641590364277363,0.839120626449585,0.6034187078475952,-0.025970246642827988,0.7658648490905762,0.6129063367843628,-0.04364808648824692,0.7676689624786377,0.6676406264305115,-0.03620308265089989,0.795462429523468,0.6801082491874695,-0.024556469172239304,А
0.0,0.0,0.0,0.0,0.0,0.0,0.0,0.0,0.0,0.0,0.0,0.0,0.0,0.0,0.0,0.0,0.0,0.0,0.0,0.0,0.0,0.0,0.0,0.0,0.0,0.0,0.0,0.0,0.0,0.0,0.0,0.0,0.0,0.0,0.0,0.0,0.0,0.0,0.0,0.0,0.0,0.0,0.0,0.0,0.0,0.0,0.0,0.0,0.0,0.0,0.0,0.0,0.0,0.0,0.0,0.0,0.0,0.0,0.0,0.0,0.0,0.0,0.0,0.8090856671333313,0.8284429311752319,-6.741497600160073e-07,0.7383426427841187,0.7684797644615173,0.00031109104747883976,0.7045077085494995,0.6964452266693115,-0.004741321317851543,0.69122713804245,0.6377308964729309,-0.015843717381358147,0.6998584270477295,0.6175119876861572,-0.021579017862677574,0.7746957540512085,0.6010124087333679,0.024292808026075363,0.7064933776855469,0.5800338387489319,-0.00881376676261425,0.7088733315467834,0.6475285291671753,-0.027339987456798553,0.7303577065467834,0.6790067553520203,-0.03511703386902809,0.7996858954429626,0.5925935506820679,0.011339981108903885,0.7193953394889832,0.5817497372627258,-0.025863099843263626,0.7256119251251221,0.6678262948989868,-0.03103674203157425,0.7567810416221619,0.686410665512085,-0.02448694035410881,0.8227125406265259,0.5920107364654541,-0.007517651189118624,0.7418380379676819,0.5929563045501709,-0.041108064353466034,0.7465381622314453,0.6761171221733093,-0.02932720258831978,0.7783676385879517,0.6920849084854126,-0.011799267493188381,0.8411548733711243,0.6017892360687256,-0.02788330614566803,0.7674068212509155,0.6085805892944336,-0.046798136085271835,0.7673536539077759,0.6665775179862976,-0.039199355989694595,0.7937929034233093,0.6836859583854675,-0.02667948044836521,А
0.0,0.0,0.0,0.0,0.0,0.0,0.0,0.0,0.0,0.0,0.0,0.0,0.0,0.0,0.0,0.0,0.0,0.0,0.0,0.0,0.0,0.0,0.0,0.0,0.0,0.0,0.0,0.0,0.0,0.0,0.0,0.0,0.0,0.0,0.0,0.0,0.0,0.0,0.0,0.0,0.0,0.0,0.0,0.0,0.0,0.0,0.0,0.0,0.0,0.0,0.0,0.0,0.0,0.0,0.0,0.0,0.0,0.0,0.0,0.0,0.0,0.0,0.0,0.8009422421455383,0.8236250877380371,-6.300596737673914e-07,0.7335913777351379,0.7640646696090698,-0.004119983874261379,0.7052208781242371,0.6918060779571533,-0.01083004754036665,0.6930646896362305,0.6420155763626099,-0.022586114704608917,0.6970746517181396,0.6181825399398804,-0.028788352385163307,0.7799705862998962,0.593957245349884,0.019740277901291847,0.7100183963775635,0.5747607946395874,-0.013289866968989372,0.7108003497123718,0.642082691192627,-0.03192731738090515,0.7326062917709351,0.6664426922798157,-0.04029371589422226,0.8043204545974731,0.5864108800888062,0.008817757479846478,0.7202381491661072,0.5779026746749878,-0.028314141556620598,0.7259054780006409,0.662392795085907,-0.0329974964261055,0.7582176327705383,0.6737315654754639,-0.026476921513676643,0.8259649872779846,0.5879746079444885,-0.008223317563533783,0.7427420020103455,0.5923159718513489,-0.04217405989766121,0.7463864088058472,0.6725983619689941,-0.030688026919960976,0.7781699895858765,0.6842617392539978,-0.013609972782433033,0.8411628603935242,0.5990015268325806,-0.027178741991519928,0.7672748565673828,0.6103459596633911,-0.04718073457479477,0.7676548957824707,0.6649568676948547,-0.04062400013208389,0.7944229245185852,0.6782699227333069,-0.028927190229296684,А
0.0,0.0,0.0,0.0,0.0,0.0,0.0,0.0,0.0,0.0,0.0,0.0,0.0,0.0,0.0,0.0,0.0,0.0,0.0,0.0,0.0,0.0,0.0,0.0,0.0,0.0,0.0,0.0,0.0,0.0,0.0,0.0,0.0,0.0,0.0,0.0,0.0,0.0,0.0,0.0,0.0,0.0,0.0,0.0,0.0,0.0,0.0,0.0,0.0,0.0,0.0,0.0,0.0,0.0,0.0,0.0,0.0,0.0,0.0,0.0,0.0,0.0,0.0,0.8084846138954163,0.8223283290863037,-6.545950554937008e-07,0.736488938331604,0.7696630954742432,-0.00408605020493269,0.7051144242286682,0.6951234340667725,-0.008467123843729496,0.6903939843177795,0.6367696523666382,-0.017888780683279037,0.6954259276390076,0.6194252967834473,-0.021044941619038582,0.7775154113769531,0.5968665480613708,0.024185242131352425,0.71433424949646,0.5710577368736267,-0.00883698370307684,0.7147077322006226,0.6371355056762695,-0.027173565700650215,0.7369790077209473,0.6652870774269104,-0.034978024661540985,0.8012524843215942,0.5910314321517944,0.013581827282905579,0.722597062587738,0.5804446339607239,-0.023268502205610275,0.7268692255020142,0.663905918598175,-0.02774248830974102,0.7590935826301575,0.6755814552307129,-0.020742373540997505,0.822658360004425,0.5920481085777283,-0.0038094455376267433,0.7431243658065796,0.593278706073761,-0.0382159985601902,0.7455071210861206,0.6742476224899292,-0.026552587747573853,0.7777997851371765,0.6854311227798462,-0.008607004769146442,0.8387677669525146,0.6017935872077942,-0.023207517340779305,0.7658637762069702,0.6098515391349792,-0.0426441989839077,0.7653055787086487,0.6651796698570251,-0.03572927415370941,0.7922351956367493,0.6785444617271423,-0.023531971499323845,А
0.0,0.0,0.0,0.0,0.0,0.0,0.0,0.0,0.0,0.0,0.0,0.0,0.0,0.0,0.0,0.0,0.0,0.0,0.0,0.0,0.0,0.0,0.0,0.0,0.0,0.0,0.0,0.0,0.0,0.0,0.0,0.0,0.0,0.0,0.0,0.0,0.0,0.0,0.0,0.0,0.0,0.0,0.0,0.0,0.0,0.0,0.0,0.0,0.0,0.0,0.0,0.0,0.0,0.0,0.0,0.0,0.0,0.0,0.0,0.0,0.0,0.0,0.0,0.8089621663093567,0.8279132843017578,-6.231757652130909e-07,0.7365469932556152,0.7709869742393494,-0.005421102046966553,0.7028106451034546,0.6944656372070312,-0.012310142628848553,0.6894338726997375,0.6369582414627075,-0.023572038859128952,0.6993444561958313,0.6233517527580261,-0.02853296883404255,0.7850335836410522,0.5957070589065552,0.018764933571219444,0.711040735244751,0.5794929265975952,-0.0138718131929636,0.7153519988059998,0.647298276424408,-0.03252195194363594,0.7386985421180725,0.6704765558242798,-0.04162772372364998,0.8087176084518433,0.5885509252548218,0.00832185335457325,0.7204657196998596,0.5824601650238037,-0.02863822691142559,0.7285561561584473,0.6666551828384399,-0.03308858722448349,0.7615867853164673,0.6772679686546326,-0.026914821937680244,0.8282654285430908,0.5899645686149597,-0.00828024372458458,0.7420478463172913,0.5948153138160706,-0.041780341416597366,0.7476475238800049,0.6763098239898682,-0.029185837134718895,0.7804166078567505,0.6874997615814209,-0.011841429397463799,0.8411301374435425,0.6003389358520508,-0.027086392045021057,0.764597475528717,0.6128510236740112,-0.04745255783200264,0.7676692008972168,0.6686111092567444,-0.041069746017456055,0.79659104347229,0.6802549362182617,-0.029638972133398056,А
0.0,0.0,0.0,0.0,0.0,0.0,0.0,0.0,0.0,0.0,0.0,0.0,0.0,0.0,0.0,0.0,0.0,0.0,0.0,0.0,0.0,0.0,0.0,0.0,0.0,0.0,0.0,0.0,0.0,0.0,0.0,0.0,0.0,0.0,0.0,0.0,0.0,0.0,0.0,0.0,0.0,0.0,0.0,0.0,0.0,0.0,0.0,0.0,0.0,0.0,0.0,0.0,0.0,0.0,0.0,0.0,0.0,0.0,0.0,0.0,0.0,0.0,0.0,0.8076476454734802,0.8369885087013245,-6.413031314878026e-07,0.7358275651931763,0.7772549390792847,-0.0014367077965289354,0.7025144100189209,0.6966822147369385,-0.004905171692371368,0.6901460289955139,0.6404798030853271,-0.013550441712141037,0.6985844969749451,0.6251109838485718,-0.01619851402938366,0.7755119800567627,0.6045652627944946,0.02393321692943573,0.7048705220222473,0.5859253406524658,-0.007207137532532215,0.708996057510376,0.653194785118103,-0.02482299506664276,0.7325664758682251,0.6740421652793884,-0.0333157517015934,0.7999123334884644,0.5962223410606384,0.011694144457578659,0.7169361710548401,0.585837721824646,-0.022437546402215958,0.7241331934928894,0.668367326259613,-0.025363337248563766,0.7564383149147034,0.6773332953453064,-0.018680090084671974,0.8217422962188721,0.5962326526641846,-0.006756927818059921,0.7394357323646545,0.5964223146438599,-0.03829572722315788,0.7439965009689331,0.6763588786125183,-0.02566141076385975,0.7759642004966736,0.6866803169250488,-0.00882517360150814,0.8376184701919556,0.6056153774261475,-0.027166107669472694,0.7643353343009949,0.6124409437179565,-0.04561544582247734,0.7653456926345825,0.6672842502593994,-0.038448456674814224,0.7923118472099304,0.679958701133728,-0.026998957619071007,А
0.0,0.0,0.0,0.0,0.0,0.0,0.0,0.0,0.0,0.0,0.0,0.0,0.0,0.0,0.0,0.0,0.0,0.0,0.0,0.0,0.0,0.0,0.0,0.0,0.0,0.0,0.0,0.0,0.0,0.0,0.0,0.0,0.0,0.0,0.0,0.0,0.0,0.0,0.0,0.0,0.0,0.0,0.0,0.0,0.0,0.0,0.0,0.0,0.0,0.0,0.0,0.0,0.0,0.0,0.0,0.0,0.0,0.0,0.0,0.0,0.0,0.0,0.0,0.8064022064208984,0.829414963722229,-6.484415280283429e-07,0.7339094877243042,0.7745650410652161,0.0007157835643738508,0.7006193995475769,0.701068103313446,-0.00189608009532094,0.6877897381782532,0.6444209814071655,-0.010348974727094173,0.6976815462112427,0.626662015914917,-0.013263758271932602,0.7699220776557922,0.6044002175331116,0.02614597976207733,0.7027577757835388,0.5826907753944397,-0.005701128393411636,0.7051307559013367,0.6464930772781372,-0.02397998794913292,0.7272427082061768,0.6763988733291626,-0.03214948624372482,0.7956889271736145,0.5958967208862305,0.013207281939685345,0.7149014472961426,0.5888040661811829,-0.022530822083353996,0.7219507694244385,0.6699601411819458,-0.027980590239167213,0.7544288039207458,0.6855136752128601,-0.022328348830342293,0.8184369802474976,0.596298336982727,-0.005759239662438631,0.7367692589759827,0.5996488928794861,-0.03751735761761665,0.7424376606941223,0.6793549060821533,-0.025889188051223755,0.7749959230422974,0.6929614543914795,-0.009324858896434307,0.8361363410949707,0.6065575480461121,-0.026503704488277435,0.7608595490455627,0.6164259910583496,-0.045730069279670715,0.7620900869369507,0.6727153658866882,-0.039541419595479965,0.7890346646308899,0.6876778602600098,-0.028312159702181816,А
0.0,0.0,0.0,0.0,0.0,0.0,0.0,0.0,0.0,0.0,0.0,0.0,0.0,0.0,0.0,0.0,0.0,0.0,0.0,0.0,0.0,0.0,0.0,0.0,0.0,0.0,0.0,0.0,0.0,0.0,0.0,0.0,0.0,0.0,0.0,0.0,0.0,0.0,0.0,0.0,0.0,0.0,0.0,0.0,0.0,0.0,0.0,0.0,0.0,0.0,0.0,0.0,0.0,0.0,0.0,0.0,0.0,0.0,0.0,0.0,0.0,0.0,0.0,0.8002888560295105,0.8273580074310303,-6.335001216939418e-07,0.7328386306762695,0.7765516638755798,-0.00841175764799118,0.6986715793609619,0.6989900469779968,-0.014645613729953766,0.6817189455032349,0.6396999359130859,-0.024660415947437286,0.6928161382675171,0.6250375509262085,-0.02756631374359131,0.7794747948646545,0.595350444316864,0.019475923851132393,0.7090352177619934,0.5722259283065796,-0.01428372971713543,0.7129050493240356,0.6410742998123169,-0.03409752622246742,0.7369129061698914,0.6659011244773865,-0.0431947223842144,0.803146481513977,0.5911462903022766,0.011637195944786072,0.7193182110786438,0.587455689907074,-0.0250595323741436,0.7270698547363281,0.6711915731430054,-0.029341183602809906,0.7595592737197876,0.6806023716926575,-0.022733351215720177,0.8221356272697449,0.5936997532844543,-0.0032120603136718273,0.7411453723907471,0.5991679430007935,-0.03585872799158096,0.7458482384681702,0.678688645362854,-0.023848606273531914,0.7778692245483398,0.6888836026191711,-0.006445052567869425,0.8350618481636047,0.6046156883239746,-0.020731095224618912,0.7648224234580994,0.6162499785423279,-0.03953069448471069,0.7671459913253784,0.6699959635734558,-0.03362027555704117,0.7941076159477234,0.6816172003746033,-0.02232678234577179,А
0.0,0.0,0.0,0.0,0.0,0.0,0.0,0.0,0.0,0.0,0.0,0.0,0.0,0.0,0.0,0.0,0.0,0.0,0.0,0.0,0.0,0.0,0.0,0.0,0.0,0.0,0.0,0.0,0.0,0.0,0.0,0.0,0.0,0.0,0.0,0.0,0.0,0.0,0.0,0.0,0.0,0.0,0.0,0.0,0.0,0.0,0.0,0.0,0.0,0.0,0.0,0.0,0.0,0.0,0.0,0.0,0.0,0.0,0.0,0.0,0.0,0.0,0.0,0.8003396987915039,0.8295590877532959,-6.834117698417685e-07,0.7327724099159241,0.7770512104034424,-0.0025235842913389206,0.7004914879798889,0.7057892680168152,-0.008126074448227882,0.6863510608673096,0.6483047604560852,-0.018729478120803833,0.6915236711502075,0.6227969527244568,-0.02329414151608944,0.7721148133277893,0.6026250123977661,0.020228920504450798,0.7002602219581604,0.5817986130714417,-0.013124302960932255,0.7008888721466064,0.6476529240608215,-0.030825631693005562,0.7217304110527039,0.6767632365226746,-0.03807893767952919,0.7957240343093872,0.5927926898002625,0.008840234950184822,0.7108303904533386,0.5846607089042664,-0.02762500010430813,0.718232274055481,0.6690549850463867,-0.031324952840805054,0.7504510879516602,0.6812571883201599,-0.024214742705225945,0.8175628781318665,0.5916488766670227,-0.00857714843004942,0.7333181500434875,0.5966805815696716,-0.042051997035741806,0.7395730018615723,0.6783765554428101,-0.029127269983291626,0.7714500427246094,0.689010739326477,-0.011340604163706303,0.8339625597000122,0.6008828282356262,-0.027777239680290222,0.7591745853424072,0.6133826971054077,-0.04794967919588089,0.7620003819465637,0.6698904037475586,-0.04082822799682617,0.78955078125,0.6814412474632263,-0.028645411133766174,А
0.0,0.0,0.0,0.0,0.0,0.0,0.0,0.0,0.0,0.0,0.0,0.0,0.0,0.0,0.0,0.0,0.0,0.0,0.0,0.0,0.0,0.0,0.0,0.0,0.0,0.0,0.0,0.0,0.0,0.0,0.0,0.0,0.0,0.0,0.0,0.0,0.0,0.0,0.0,0.0,0.0,0.0,0.0,0.0,0.0,0.0,0.0,0.0,0.0,0.0,0.0,0.0,0.0,0.0,0.0,0.0,0.0,0.0,0.0,0.0,0.0,0.0,0.0,0.8059359192848206,0.8336885571479797,-6.509010859190312e-07,0.7347771525382996,0.7761925458908081,-0.006038008723407984,0.6995033621788025,0.6960709095001221,-0.011865836568176746,0.6844327449798584,0.6386752128601074,-0.021627742797136307,0.6947034597396851,0.6253355145454407,-0.024632951244711876,0.7840594053268433,0.5945210456848145,0.019092369824647903,0.70632004737854,0.5766746401786804,-0.013435527682304382,0.7094968557357788,0.6467530131340027,-0.03210841119289398,0.7331705689430237,0.6697018146514893,-0.04086146503686905,0.8071416616439819,0.5899609923362732,0.010013274848461151,0.7158322334289551,0.5833890438079834,-0.02601921744644642,0.7226304411888123,0.668927013874054,-0.029745446518063545,0.7563179135322571,0.678398609161377,-0.023280950263142586,0.8256087899208069,0.593420684337616,-0.005410370882600546,0.7381316423416138,0.5943660736083984,-0.03762887790799141,0.7419109344482422,0.6765261888504028,-0.024389294907450676,0.7753299474716187,0.6864633560180664,-0.006809691898524761,0.8370845913887024,0.6063147783279419,-0.023133713752031326,0.761459231376648,0.6121245622634888,-0.041897524148225784,0.7624448537826538,0.667695164680481,-0.0349748358130455,0.7912386059761047,0.6794195175170898,-0.02335822582244873,А
0.0,0.0,0.0,0.0,0.0,0.0,0.0,0.0,0.0,0.0,0.0,0.0,0.0,0.0,0.0,0.0,0.0,0.0,0.0,0.0,0.0,0.0,0.0,0.0,0.0,0.0,0.0,0.0,0.0,0.0,0.0,0.0,0.0,0.0,0.0,0.0,0.0,0.0,0.0,0.0,0.0,0.0,0.0,0.0,0.0,0.0,0.0,0.0,0.0,0.0,0.0,0.0,0.0,0.0,0.0,0.0,0.0,0.0,0.0,0.0,0.0,0.0,0.0,0.8061140775680542,0.8293414115905762,-6.143649784462468e-07,0.7330147624015808,0.7768081426620483,-0.006467022001743317,0.6970891952514648,0.6966437697410583,-0.01155782863497734,0.6809535026550293,0.6354821920394897,-0.020514750853180885,0.691871166229248,0.6247948408126831,-0.022292105481028557,0.7752766013145447,0.5979260802268982,0.021348698064684868,0.7026007175445557,0.5790911316871643,-0.01132586132735014,0.7092013359069824,0.6466434001922607,-0.030122168362140656,0.7344299554824829,0.6677973866462708,-0.03936546668410301,0.799853503704071,0.5903943181037903,0.01220727153122425,0.7135093212127686,0.5838100910186768,-0.024405816569924355,0.7234822511672974,0.6677064299583435,-0.02864043600857258,0.7572460174560547,0.6757680773735046,-0.022235170006752014,0.8207623958587646,0.5903241634368896,-0.003563730977475643,0.7365107536315918,0.5951433777809143,-0.035877637565135956,0.7432450652122498,0.6775006055831909,-0.02183118276298046,0.7756168842315674,0.6865298748016357,-0.0035130290780216455,0.8359737396240234,0.5994415879249573,-0.02196110412478447,0.7608621716499329,0.6113576889038086,-0.040473856031894684,0.7643780708312988,0.669105052947998,-0.03321237117052078,0.7922016382217407,0.6800215840339661,-0.021271850913763046,А
0.0,0.0,0.0,0.0,0.0,0.0,0.0,0.0,0.0,0.0,0.0,0.0,0.0,0.0,0.0,0.0,0.0,0.0,0.0,0.0,0.0,0.0,0.0,0.0,0.0,0.0,0.0,0.0,0.0,0.0,0.0,0.0,0.0,0.0,0.0,0.0,0.0,0.0,0.0,0.0,0.0,0.0,0.0,0.0,0.0,0.0,0.0,0.0,0.0,0.0,0.0,0.0,0.0,0.0,0.0,0.0,0.0,0.0,0.0,0.0,0.0,0.0,0.0,0.7990159392356873,0.8250826001167297,-6.568444632648607e-07,0.7342843413352966,0.7749587297439575,-0.0026243426837027073,0.6991623640060425,0.699120044708252,-0.007460553199052811,0.6828020811080933,0.6404227614402771,-0.017673103138804436,0.6925032734870911,0.6236864924430847,-0.022161299362778664,0.7629743814468384,0.6029979586601257,0.021757809445261955,0.7022506594657898,0.5794005393981934,-0.00926436297595501,0.7042443752288818,0.6450169086456299,-0.024979984387755394,0.724887490272522,0.6720818877220154,-0.031370311975479126,0.7883246541023254,0.5944893956184387,0.010305673815310001,0.7141863107681274,0.5857740044593811,-0.024522999301552773,0.721351683139801,0.6701595783233643,-0.026635464280843735,0.7526871562004089,0.6814950108528137,-0.01836582086980343,0.8131421208381653,0.5938884019851685,-0.007495092693716288,0.7387189865112305,0.5979263186454773,-0.04000985622406006,0.7429660558700562,0.6793060898780823,-0.027240365743637085,0.7738060355186462,0.6894717812538147,-0.009402208030223846,0.8342556953430176,0.6024765968322754,-0.027052700519561768,0.7643782496452332,0.6104503870010376,-0.04458407685160637,0.7637386322021484,0.6672603487968445,-0.03668215125799179,0.7894535064697266,0.6810871362686157,-0.024567393586039543,А
0.0,0.0,0.0,0.0,0.0,0.0,0.0,0.0,0.0,0.0,0.0,0.0,0.0,0.0,0.0,0.0,0.0,0.0,0.0,0.0,0.0,0.0,0.0,0.0,0.0,0.0,0.0,0.0,0.0,0.0,0.0,0.0,0.0,0.0,0.0,0.0,0.0,0.0,0.0,0.0,0.0,0.0,0.0,0.0,0.0,0.0,0.0,0.0,0.0,0.0,0.0,0.0,0.0,0.0,0.0,0.0,0.0,0.0,0.0,0.0,0.0,0.0,0.0,0.8062957525253296,0.82380211353302,-6.363553097799013e-07,0.7375896573066711,0.7755818367004395,-0.00466562993824482,0.7000820636749268,0.6959609985351562,-0.009016986936330795,0.6835294365882874,0.6328778862953186,-0.017750827595591545,0.6958271861076355,0.6198900938034058,-0.019763706251978874,0.7732000946998596,0.5966683030128479,0.0227047111839056,0.7029564380645752,0.5775014162063599,-0.008722204715013504,0.7071950435638428,0.6424772143363953,-0.025969404727220535,0.729894757270813,0.6664160490036011,-0.03393406420946121,0.7988637685775757,0.5888189673423767,0.012906137853860855,0.7149025201797485,0.5793632864952087,-0.02305302396416664,0.7229818105697632,0.6636078953742981,-0.026876289397478104,0.7563723921775818,0.6745047569274902,-0.020008504390716553,0.8207195401191711,0.5887508392333984,-0.0033900158014148474,0.7384832501411438,0.5880131125450134,-0.03581136465072632,0.7425609230995178,0.671067476272583,-0.022115200757980347,0.7754256129264832,0.6813352108001709,-0.0037775207310914993,0.8373124599456787,0.59709632396698,-0.021868828684091568,0.7632555365562439,0.6047569513320923,-0.040251877158880234,0.7632890343666077,0.6626999378204346,-0.033149782568216324,0.7906423807144165,0.6756458282470703,-0.021397331729531288,А
0.0,0.0,0.0,0.0,0.0,0.0,0.0,0.0,0.0,0.0,0.0,0.0,0.0,0.0,0.0,0.0,0.0,0.0,0.0,0.0,0.0,0.0,0.0,0.0,0.0,0.0,0.0,0.0,0.0,0.0,0.0,0.0,0.0,0.0,0.0,0.0,0.0,0.0,0.0,0.0,0.0,0.0,0.0,0.0,0.0,0.0,0.0,0.0,0.0,0.0,0.0,0.0,0.0,0.0,0.0,0.0,0.0,0.0,0.0,0.0,0.0,0.0,0.0,0.8079594373703003,0.8182183504104614,-6.437639399337058e-07,0.737701416015625,0.7683524489402771,-0.0036829146556556225,0.7004718780517578,0.6907371878623962,-0.00814859475940466,0.6839807033538818,0.6298168301582336,-0.017295170575380325,0.6955327987670898,0.6194717884063721,-0.020267676562070847,0.7715182900428772,0.5919244885444641,0.021234828978776932,0.7039952278137207,0.576702356338501,-0.009548156522214413,0.7105042934417725,0.6444649696350098,-0.026055393740534782,0.7345594763755798,0.6654776930809021,-0.033955395221710205,0.7990248799324036,0.5846779942512512,0.010259617120027542,0.7170535326004028,0.5813555717468262,-0.02496335469186306,0.7264787554740906,0.6646334528923035,-0.02770189568400383,0.7591949105262756,0.6723805665969849,-0.0206550695002079,0.8223986625671387,0.586347758769989,-0.006997436750680208,0.7413722276687622,0.5911557078361511,-0.039963990449905396,0.747296154499054,0.6719444394111633,-0.026580095291137695,0.7797874808311462,0.680753231048584,-0.008602653630077839,0.8396779298782349,0.5968422889709473,-0.026233041658997536,0.7662883996963501,0.6051816344261169,-0.045526646077632904,0.7675468921661377,0.6605413556098938,-0.03850995749235153,0.7951027750968933,0.6730310916900635,-0.026998024433851242,А
0.0,0.0,0.0,0.0,0.0,0.0,0.0,0.0,0.0,0.0,0.0,0.0,0.0,0.0,0.0,0.0,0.0,0.0,0.0,0.0,0.0,0.0,0.0,0.0,0.0,0.0,0.0,0.0,0.0,0.0,0.0,0.0,0.0,0.0,0.0,0.0,0.0,0.0,0.0,0.0,0.0,0.0,0.0,0.0,0.0,0.0,0.0,0.0,0.0,0.0,0.0,0.0,0.0,0.0,0.0,0.0,0.0,0.0,0.0,0.0,0.0,0.0,0.0,0.8066105246543884,0.8188412189483643,-6.750190664206457e-07,0.7391666769981384,0.7738064527511597,-0.00513634504750371,0.7041398882865906,0.6987518668174744,-0.009685711935162544,0.690433144569397,0.6401552557945251,-0.018589375540614128,0.7013161778450012,0.6246668696403503,-0.021619271486997604,0.7725217342376709,0.5968151688575745,0.02027891017496586,0.7059453725814819,0.5790942907333374,-0.011642444878816605,0.7095494866371155,0.6464205980300903,-0.028513386845588684,0.7318018674850464,0.6739476323127747,-0.03534190356731415,0.7987683415412903,0.5900506973266602,0.010883414186537266,0.7214029431343079,0.5838392972946167,-0.024670010432600975,0.7286349534988403,0.6693651080131531,-0.027708232402801514,0.7588784694671631,0.6831991672515869,-0.019804196432232857,0.8223700523376465,0.591836154460907,-0.004977807868272066,0.745829701423645,0.5967636704444885,-0.039351776242256165,0.7506140470504761,0.6791475415229797,-0.02775629051029682,0.7820327877998352,0.6917368769645691,-0.009872237220406532,0.8411398530006409,0.6023316979408264,-0.022611282765865326,0.770012378692627,0.6104658842086792,-0.04290289059281349,0.7699570655822754,0.6671152114868164,-0.03658105805516243,0.7962297201156616,0.681308388710022,-0.024781445041298866,А
0.0,0.0,0.0,0.0,0.0,0.0,0.0,0.0,0.0,0.0,0.0,0.0,0.0,0.0,0.0,0.0,0.0,0.0,0.0,0.0,0.0,0.0,0.0,0.0,0.0,0.0,0.0,0.0,0.0,0.0,0.0,0.0,0.0,0.0,0.0,0.0,0.0,0.0,0.0,0.0,0.0,0.0,0.0,0.0,0.0,0.0,0.0,0.0,0.0,0.0,0.0,0.0,0.0,0.0,0.0,0.0,0.0,0.0,0.0,0.0,0.0,0.0,0.0,0.7714431881904602,1.0354865789413452,5.26906774211966e-07,0.8212984800338745,0.9326325058937073,0.027749519795179367,0.8157784938812256,0.8275389075279236,0.031040800735354424,0.7721091508865356,0.7629225850105286,0.028877664357423782,0.7255188226699829,0.7413452863693237,0.024858571588993073,0.828655481338501,0.7760777473449707,-0.0059079560451209545,0.7946043014526367,0.6340014338493347,-0.009273719973862171,0.777509331703186,0.5644453763961792,-0.007380603812634945,0.7595705986022949,0.5082792043685913,-0.004206702578812838,0.771294116973877,0.778881847858429,-0.022651487961411476,0.74555504322052,0.6207858920097351,-0.02327760122716427,0.7300429940223694,0.5392443537712097,-0.021608224138617516,0.7134422063827515,0.4818320572376251,-0.01985212042927742,0.7144973874092102,0.7973159551620483,-0.03324452415108681,0.6966993808746338,0.6856553554534912,-0.02594671957194805,0.7113733887672424,0.7312933206558228,-0.009504063986241817,0.7180238962173462,0.7776366472244263,0.003080368274822831,0.6688755750656128,0.8267722725868225,-0.04182805120944977,0.6761776208877563,0.7617008686065674,-0.026850702241063118,0.6924681067466736,0.7923895120620728,-0.004793171770870686,0.699665904045105,0.8250432014465332,0.01264512725174427,И
0.0,0.0,0.0,0.0,0.0,0.0,0.0,0.0,0.0,0.0,0.0,0.0,0.0,0.0,0.0,0.0,0.0,0.0,0.0,0.0,0.0,0.0,0.0,0.0,0.0,0.0,0.0,0.0,0.0,0.0,0.0,0.0,0.0,0.0,0.0,0.0,0.0,0.0,0.0,0.0,0.0,0.0,0.0,0.0,0.0,0.0,0.0,0.0,0.0,0.0,0.0,0.0,0.0,0.0,0.0,0.0,0.0,0.0,0.0,0.0,0.0,0.0,0.0,0.7760322690010071,1.0387239456176758,5.506916522790561e-07,0.8238419890403748,0.9324640035629272,0.022198069840669632,0.8163602352142334,0.8271743059158325,0.02319759503006935,0.7694839835166931,0.7695377469062805,0.018910901620984077,0.722231388092041,0.7501388192176819,0.012959412299096584,0.8265005350112915,0.7807310223579407,-0.008041072636842728,0.7948054671287537,0.6382927894592285,-0.014667225070297718,0.7771999835968018,0.5685718655586243,-0.015326972119510174,0.7585269808769226,0.5121576189994812,-0.014215920120477676,0.7701902985572815,0.7794250249862671,-0.023403005674481392,0.747228741645813,0.6240946054458618,-0.02670428715646267,0.7323984503746033,0.5427607297897339,-0.02678515389561653,0.7165005803108215,0.4825604259967804,-0.026629719883203506,0.7136195302009583,0.7954502701759338,-0.03364938870072365,0.6962441205978394,0.6810823082923889,-0.031192056834697723,0.7092546820640564,0.7283508777618408,-0.016952775418758392,0.7149062156677246,0.7761514186859131,-0.005324887577444315,0.6678134202957153,0.8241094350814819,-0.04242668300867081,0.6759225130081177,0.7669726610183716,-0.03402211517095566,0.6920944452285767,0.7985190749168396,-0.01610313355922699,0.6990541219711304,0.8304477334022522,-0.000993083813227713,И
0.0,0.0,0.0,0.0,0.0,0.0,0.0,0.0,0.0,0.0,0.0,0.0,0.0,0.0,0.0,0.0,0.0,0.0,0.0,0.0,0.0,0.0,0.0,0.0,0.0,0.0,0.0,0.0,0.0,0.0,0.0,0.0,0.0,0.0,0.0,0.0,0.0,0.0,0.0,0.0,0.0,0.0,0.0,0.0,0.0,0.0,0.0,0.0,0.0,0.0,0.0,0.0,0.0,0.0,0.0,0.0,0.0,0.0,0.0,0.0,0.0,0.0,0.0,0.7704323530197144,1.034395694732666,5.061843353360018e-07,0.8179710507392883,0.9300757646560669,0.028433486819267273,0.8108457326889038,0.8291459679603577,0.03340185061097145,0.7678436040878296,0.7696983814239502,0.032099392265081406,0.7233092188835144,0.751113772392273,0.028722088783979416,0.822808563709259,0.7802515625953674,0.00028490531258285046,0.790570855140686,0.6396869421005249,-0.0020547376479953527,0.7725381255149841,0.5707021951675415,-9.529660746920854e-05,0.7541233897209167,0.5154389142990112,0.0027640799526125193,0.7678604125976562,0.7790659070014954,-0.01653457060456276,0.742097020149231,0.623826265335083,-0.015147094614803791,0.7256228923797607,0.5424551367759705,-0.013613458722829819,0.7092634439468384,0.48465675115585327,-0.01252203993499279,0.7127649784088135,0.796111524105072,-0.02776576392352581,0.690834105014801,0.6859662532806396,-0.020138612017035484,0.7043370604515076,0.7299634218215942,-0.005930284038186073,0.7117459774017334,0.7758709788322449,0.004865981638431549,0.6675072312355042,0.8260591626167297,-0.03700193390250206,0.6707106232643127,0.7641122341156006,-0.02381845936179161,0.6863701939582825,0.7935187816619873,-0.004613337107002735,0.694295346736908,0.8257302045822144,0.01083656307309866,И
0.0,0.0,0.0,0.0,0.0,0.0,0.0,0.0,0.0,0.0,0.0,0.0,0.0,0.0,0.0,0.0,0.0,0.0,0.0,0.0,0.0,0.0,0.0,0.0,0.0,0.0,0.0,0.0,0.0,0.0,0.0,0.0,0.0,0.0,0.0,0.0,0.0,0.0,0.0,0.0,0.0,0.0,0.0,0.0,0.0,0.0,0.0,0.0,0.0,0.0,0.0,0.0,0.0,0.0,0.0,0.0,0.0,0.0,0.0,0.0,0.0,0.0,0.0,0.768100380897522,1.0278956890106201,5.160910632184823e-07,0.8163291215896606,0.9275307655334473,0.027538755908608437,0.8091716766357422,0.8293863534927368,0.0318617969751358,0.764411985874176,0.76699298620224,0.03042064793407917,0.7205398678779602,0.7455910444259644,0.02738374099135399,0.8204636573791504,0.7834125757217407,-0.0031901223119348288,0.7885783314704895,0.6417746543884277,-0.005681530572474003,0.7714179158210754,0.5727452039718628,-0.003372532082721591,0.7535679340362549,0.5167478322982788,-0.0004164496494922787,0.7653098702430725,0.7817385196685791,-0.018789345398545265,0.7412028312683105,0.6284869313240051,-0.01797182485461235,0.7256017923355103,0.5465056896209717,-0.01606215536594391,0.7095716595649719,0.4865497052669525,-0.014851284213364124,0.7109420895576477,0.7974259853363037,-0.028462717309594154,0.6918529272079468,0.6910123825073242,-0.018518773838877678,0.7055909633636475,0.7382115125656128,-0.0013325470499694347,0.7122668027877808,0.7842614054679871,0.01077975519001484,0.666671633720398,0.8271620869636536,-0.03652556985616684,0.6717897057533264,0.7711129188537598,-0.021064767614006996,0.6863358020782471,0.8018218874931335,-0.0005123596056364477,0.6928579211235046,0.8333697319030762,0.015479170717298985,И
0.0,0.0,0.0,0.0,0.0,0.0,0.0,0.0,0.0,0.0,0.0,0.0,0.0,0.0,0.0,0.0,0.0,0.0,0.0,0.0,0.0,0.0,0.0,0.0,0.0,0.0,0.0,0.0,0.0,0.0,0.0,0.0,0.0,0.0,0.0,0.0,0.0,0.0,0.0,0.0,0.0,0.0,0.0,0.0,0.0,0.0,0.0,0.0,0.0,0.0,0.0,0.0,0.0,0.0,0.0,0.0,0.0,0.0,0.0,0.0,0.0,0.0,0.0,0.7700310349464417,1.036511778831482,5.719603564102727e-07,0.8155943751335144,0.9323458671569824,0.023408984765410423,0.8078985810279846,0.8293029069900513,0.02480831928551197,0.7617487907409668,0.7707157731056213,0.021218324080109596,0.7142871022224426,0.7521134614944458,0.016017122194170952,0.819449782371521,0.7838365435600281,-0.00836584996432066,0.7873764038085938,0.6434001326560974,-0.013606379739940166,0.7696670889854431,0.5735164880752563,-0.013224809430539608,0.7507612109184265,0.5172123908996582,-0.011385757476091385,0.763484001159668,0.7855318188667297,-0.023431265726685524,0.7399857640266418,0.6318072080612183,-0.025950631126761436,0.7245082259178162,0.5497426986694336,-0.025918645784258842,0.7082571387290955,0.4899712800979614,-0.025602838024497032,0.7077375650405884,0.8033724427223206,-0.032873887568712234,0.6893524527549744,0.6934809684753418,-0.027084998786449432,0.7023837566375732,0.7392494082450867,-0.011286416091024876,0.7083014249801636,0.7855442762374878,0.0007673255749978125,0.6630712151527405,0.8327187299728394,-0.04085993766784668,0.6694475412368774,0.7758398056030273,-0.028043590486049652,0.6849172711372375,0.8054004311561584,-0.007987141609191895,0.6918166875839233,0.8359971046447754,0.00801786221563816,И
0.0,0.0,0.0,0.0,0.0,0.0,0.0,0.0,0.0,0.0,0.0,0.0,0.0,0.0,0.0,0.0,0.0,0.0,0.0,0.0,0.0,0.0,0.0,0.0,0.0,0.0,0.0,0.0,0.0,0.0,0.0,0.0,0.0,0.0,0.0,0.0,0.0,0.0,0.0,0.0,0.0,0.0,0.0,0.0,0.0,0.0,0.0,0.0,0.0,0.0,0.0,0.0,0.0,0.0,0.0,0.0,0.0,0.0,0.0,0.0,0.0,0.0,0.0,0.7636564373970032,1.0504450798034668,4.7381575996041647e-07,0.8092993497848511,0.9458631873130798,0.03478865697979927,0.801141083240509,0.8436466455459595,0.04232968017458916,0.7574157118797302,0.777937114238739,0.04234674572944641,0.7150384783744812,0.7539642453193665,0.0409090481698513,0.8121638298034668,0.7898546457290649,0.006161507219076157,0.7795200347900391,0.6515753269195557,0.003450691467151046,0.7627290487289429,0.5825385451316833,0.003373019164428115,0.7452999353408813,0.526484489440918,0.004050395451486111,0.7584391236305237,0.7911574244499207,-0.013482242822647095,0.7353172302246094,0.6408917307853699,-0.013658604584634304,0.719311535358429,0.556761622428894,-0.014601921662688255,0.7024191617965698,0.49585825204849243,-0.015897223725914955,0.7038763761520386,0.8094975352287292,-0.026807114481925964,0.6856429576873779,0.702764630317688,-0.016050126403570175,0.6980044841766357,0.7493611574172974,0.002337891608476639,0.7039414644241333,0.7935925126075745,0.01486394926905632,0.6591330766677856,0.8421018123626709,-0.03818987309932709,0.6643617749214172,0.781262993812561,-0.021437974646687508,0.6780825853347778,0.8125335574150085,0.0008756056777201593,0.6852355599403381,0.844173014163971,0.018004996702075005,И
0.0,0.0,0.0,0.0,0.0,0.0,0.0,0.0,0.0,0.0,0.0,0.0,0.0,0.0,0.0,0.0,0.0,0.0,0.0,0.0,0.0,0.0,0.0,0.0,0.0,0.0,0.0,0.0,0.0,0.0,0.0,0.0,0.0,0.0,0.0,0.0,0.0,0.0,0.0,0.0,0.0,0.0,0.0,0.0,0.0,0.0,0.0,0.0,0.0,0.0,0.0,0.0,0.0,0.0,0.0,0.0,0.0,0.0,0.0,0.0,0.0,0.0,0.0,0.7589144706726074,1.051490068435669,5.283084192342358e-07,0.8027863502502441,0.9529235363006592,0.015211754478514194,0.7961193919181824,0.8508573770523071,0.011991658248007298,0.7474843263626099,0.7909676432609558,0.005169442389160395,0.7007607221603394,0.7701499462127686,-0.002935346681624651,0.8022814393043518,0.8119676113128662,-0.019554825499653816,0.7695062160491943,0.6749445199966431,-0.030039675533771515,0.7524074912071228,0.6088457107543945,-0.03210857883095741,0.7347431182861328,0.553892970085144,-0.03181525692343712,0.7483275532722473,0.8169135451316833,-0.03347737342119217,0.7232356667518616,0.6633666753768921,-0.0414179228246212,0.7079945206642151,0.5832733511924744,-0.04255864769220352,0.6915367841720581,0.5210256576538086,-0.04291916638612747,0.6951785087585449,0.8369264602661133,-0.04255972057580948,0.6769791841506958,0.7242743372917175,-0.04602767154574394,0.6924049258232117,0.7701790928840637,-0.031105078756809235,0.7001598477363586,0.814590334892273,-0.017936423420906067,0.6521766781806946,0.8675779700279236,-0.05045140162110329,0.6577991843223572,0.8038899302482605,-0.04636086896061897,0.6740450859069824,0.8330879807472229,-0.02797730453312397,0.6807419061660767,0.8628565669059753,-0.012245021760463715,И
0.0,0.0,0.0,0.0,0.0,0.0,0.0,0.0,0.0,0.0,0.0,0.0,0.0,0.0,0.0,0.0,0.0,0.0,0.0,0.0,0.0,0.0,0.0,0.0,0.0,0.0,0.0,0.0,0.0,0.0,0.0,0.0,0.0,0.0,0.0,0.0,0.0,0.0,0.0,0.0,0.0,0.0,0.0,0.0,0.0,0.0,0.0,0.0,0.0,0.0,0.0,0.0,0.0,0.0,0.0,0.0,0.0,0.0,0.0,0.0,0.0,0.0,0.0,0.7466237545013428,1.0761287212371826,4.496376106999378e-07,0.7935764789581299,0.9812511205673218,0.021058086305856705,0.7902681827545166,0.8822911381721497,0.0220210999250412,0.7448856830596924,0.8202618360519409,0.018889043480157852,0.6996419429779053,0.7986526489257812,0.01437974814325571,0.794743537902832,0.835647702217102,-0.01275042537599802,0.7604363560676575,0.6996594667434692,-0.019615082070231438,0.742489218711853,0.633240818977356,-0.02040363848209381,0.7253270149230957,0.5787948369979858,-0.01923329196870327,0.7407487034797668,0.8376328945159912,-0.026417430490255356,0.7151564359664917,0.6893864274024963,-0.030588548630475998,0.6991409063339233,0.6101065278053284,-0.03114790841937065,0.6825403571128845,0.5509677529335022,-0.031057870015501976,0.6890740394592285,0.8549308776855469,-0.03444666415452957,0.6708424687385559,0.7516555190086365,-0.030932782217860222,0.6842355132102966,0.7940924763679504,-0.015949677675962448,0.6912156343460083,0.8366011381149292,-0.0037263936828821898,0.6474822759628296,0.8850774168968201,-0.0409475602209568,0.6520915031433105,0.8266627788543701,-0.029960066080093384,0.6681022047996521,0.8544673919677734,-0.010245336219668388,0.6765716671943665,0.8849431872367859,0.00604966189712286,И
0.0,0.0,0.0,0.0,0.0,0.0,0.0,0.0,0.0,0.0,0.0,0.0,0.0,0.0,0.0,0.0,0.0,0.0,0.0,0.0,0.0,0.0,0.0,0.0,0.0,0.0,0.0,0.0,0.0,0.0,0.0,0.0,0.0,0.0,0.0,0.0,0.0,0.0,0.0,0.0,0.0,0.0,0.0,0.0,0.0,0.0,0.0,0.0,0.0,0.0,0.0,0.0,0.0,0.0,0.0,0.0,0.0,0.0,0.0,0.0,0.0,0.0,0.0,0.753409743309021,1.0689173936843872,5.295121923154511e-07,0.7978299260139465,0.9700750112533569,0.02997404709458351,0.7921040058135986,0.8738487958908081,0.03382664546370506,0.7502260208129883,0.8103419542312622,0.031470272690057755,0.704586386680603,0.7921334505081177,0.02711692824959755,0.7998435497283936,0.8222370743751526,-0.003434054320678115,0.7644188404083252,0.6908606886863708,-0.006874311249703169,0.7470957636833191,0.6247035264968872,-0.0062497458420693874,0.7300894260406494,0.5713583827018738,-0.004415849689394236,0.7451534867286682,0.8252443671226501,-0.021237554028630257,0.718192458152771,0.6788911819458008,-0.022568074986338615,0.7029715776443481,0.5982954502105713,-0.022516325116157532,0.6887016296386719,0.542941689491272,-0.022052226588129997,0.69117271900177,0.8448870182037354,-0.03251587226986885,0.6737287044525146,0.746579647064209,-0.022139020264148712,0.6862428188323975,0.7894014120101929,-0.0032709590159356594,0.691547691822052,0.8325852751731873,0.009960082359611988,0.6483126282691956,0.876786470413208,-0.042086161673069,0.6521152257919312,0.8193190097808838,-0.023402169346809387,0.6668227314949036,0.8486878871917725,0.0011634656693786383,0.6733593940734863,0.8799290060997009,0.01983759179711342,И
0.0,0.0,0.0,0.0,0.0,0.0,0.0,0.0,0.0,0.0,0.0,0.0,0.0,0.0,0.0,0.0,0.0,0.0,0.0,0.0,0.0,0.0,0.0,0.0,0.0,0.0,0.0,0.0,0.0,0.0,0.0,0.0,0.0,0.0,0.0,0.0,0.0,0.0,0.0,0.0,0.0,0.0,0.0,0.0,0.0,0.0,0.0,0.0,0.0,0.0,0.0,0.0,0.0,0.0,0.0,0.0,0.0,0.0,0.0,0.0,0.0,0.0,0.0,0.7568659782409668,1.0459234714508057,5.75853732698306e-07,0.8003655076026917,0.9523465633392334,0.015887020155787468,0.7936487793922424,0.8561395406723022,0.012246871367096901,0.7460072040557861,0.7968366146087646,0.005274799186736345,0.6985465288162231,0.7777531147003174,-0.002922208048403263,0.8028215765953064,0.8143978714942932,-0.020722756162285805,0.7691318988800049,0.6786899566650391,-0.030186956748366356,0.7523326873779297,0.6117879152297974,-0.031317856162786484,0.7348039150238037,0.5571765899658203,-0.03007838875055313,0.7486491203308105,0.8182757496833801,-0.03346505016088486,0.7227455377578735,0.6675653457641602,-0.04010724276304245,0.7065082788467407,0.5876342058181763,-0.039900343865156174,0.6901636123657227,0.5297836661338806,-0.03902189061045647,0.695367693901062,0.836276650428772,-0.04108867421746254,0.6751870512962341,0.7314369678497314,-0.03987054526805878,0.6886072754859924,0.7785380482673645,-0.023188820108771324,0.6960194110870361,0.8248295783996582,-0.009679209440946579,0.6526919007301331,0.8638800382614136,-0.04774549975991249,0.6558675169944763,0.8091063499450684,-0.03886224702000618,0.6705262660980225,0.8391594290733337,-0.01934540830552578,0.6770091652870178,0.8685210347175598,-0.0033210404217243195,И
0.0,0.0,0.0,0.0,0.0,0.0,0.0,0.0,0.0,0.0,0.0,0.0,0.0,0.0,0.0,0.0,0.0,0.0,0.0,0.0,0.0,0.0,0.0,0.0,0.0,0.0,0.0,0.0,0.0,0.0,0.0,0.0,0.0,0.0,0.0,0.0,0.0,0.0,0.0,0.0,0.0,0.0,0.0,0.0,0.0,0.0,0.0,0.0,0.0,0.0,0.0,0.0,0.0,0.0,0.0,0.0,0.0,0.0,0.0,0.0,0.0,0.0,0.0,0.7577918767929077,1.0590791702270508,5.018295041736565e-07,0.8011319041252136,0.9684256315231323,0.01525908149778843,0.7968819737434387,0.8661998510360718,0.011420577764511108,0.7492944598197937,0.8004018068313599,0.004753698594868183,0.7021932601928711,0.7750456929206848,-0.003110738005489111,0.8055872321128845,0.823143482208252,-0.024317001923918724,0.7704527974128723,0.6837649345397949,-0.03416982665657997,0.7528789639472961,0.6177794337272644,-0.034679412841796875,0.7348588109016418,0.5639301538467407,-0.03294375538825989,0.7515819072723389,0.8301520943641663,-0.03781818225979805,0.7239182591438293,0.6758842468261719,-0.045563001185655594,0.7061852216720581,0.5965549945831299,-0.045325856655836105,0.6880706548690796,0.5376532077789307,-0.044318292289972305,0.6981355547904968,0.850310742855072,-0.04596604406833649,0.678304135799408,0.7419052124023438,-0.04720384627580643,0.6927922964096069,0.7866557836532593,-0.03024078905582428,0.7001144289970398,0.8294886350631714,-0.016172602772712708,0.6548140048980713,0.8790606260299683,-0.05289741978049278,0.6583183407783508,0.8153990507125854,-0.045649535953998566,0.671962559223175,0.8463687300682068,-0.025008227676153183,0.6771803498268127,0.8758072257041931,-0.008063283748924732,И
0.0,0.0,0.0,0.0,0.0,0.0,0.0,0.0,0.0,0.0,0.0,0.0,0.0,0.0,0.0,0.0,0.0,0.0,0.0,0.0,0.0,0.0,0.0,0.0,0.0,0.0,0.0,0.0,0.0,0.0,0.0,0.0,0.0,0.0,0.0,0.0,0.0,0.0,0.0,0.0,0.0,0.0,0.0,0.0,0.0,0.0,0.0,0.0,0.0,0.0,0.0,0.0,0.0,0.0,0.0,0.0,0.0,0.0,0.0,0.0,0.0,0.0,0.0,0.7589648962020874,1.0679678916931152,4.90064223868103e-07,0.8035314083099365,0.9741877317428589,0.020894166082143784,0.7973838448524475,0.8747971653938293,0.020951690152287483,0.7500538229942322,0.8099417090415955,0.016346627846360207,0.7032830715179443,0.7873440384864807,0.010415737517178059,0.8052074313163757,0.8259081244468689,-0.011071398854255676,0.7712479829788208,0.6908707618713379,-0.017782215029001236,0.7543562054634094,0.6252714991569519,-0.018126187846064568,0.7370942831039429,0.571168065071106,-0.01700674369931221,0.7520221471786499,0.8276092410087585,-0.02634653076529503,0.7254959344863892,0.6789438724517822,-0.03177997097373009,0.7082696557044983,0.5981892943382263,-0.03302210569381714,0.6907361745834351,0.5383162498474121,-0.0333748385310173,0.6993947625160217,0.8470457196235657,-0.036143504083156586,0.679470956325531,0.7450425624847412,-0.03336412459611893,0.6936216354370117,0.7928157448768616,-0.015705445781350136,0.700219988822937,0.8365815877914429,-0.0018362493719905615,0.6567137241363525,0.8792836666107178,-0.04469948261976242,0.6596938967704773,0.8172383904457092,-0.03401165083050728,0.6744735240936279,0.8487018942832947,-0.012187452986836433,0.6803812384605408,0.879302978515625,0.00535579351708293,И
0.0,0.0,0.0,0.0,0.0,0.0,0.0,0.0,0.0,0.0,0.0,0.0,0.0,0.0,0.0,0.0,0.0,0.0,0.0,0.0,0.0,0.0,0.0,0.0,0.0,0.0,0.0,0.0,0.0,0.0,0.0,0.0,0.0,0.0,0.0,0.0,0.0,0.0,0.0,0.0,0.0,0.0,0.0,0.0,0.0,0.0,0.0,0.0,0.0,0.0,0.0,0.0,0.0,0.0,0.0,0.0,0.0,0.0,0.0,0.0,0.0,0.0,0.0,0.7588155269622803,1.059101939201355,5.136968752594839e-07,0.8034406304359436,0.9661129713058472,0.01577032171189785,0.8004107475280762,0.8664940595626831,0.012799982912838459,0.7564241886138916,0.8066456913948059,0.005759574938565493,0.7099404335021973,0.7875476479530334,-0.0030131691601127386,0.8088546991348267,0.8194700479507446,-0.017925076186656952,0.7748900651931763,0.6862010955810547,-0.029115552082657814,0.7571718096733093,0.6191123723983765,-0.031897470355033875,0.7397453188896179,0.5645943880081177,-0.03166897967457771,0.7555010318756104,0.8234224319458008,-0.0328846238553524,0.728378176689148,0.6745539903640747,-0.04243946820497513,0.7105074524879456,0.593153178691864,-0.045288726687431335,0.6936358213424683,0.5335636138916016,-0.0458996407687664,0.7024939060211182,0.8427491784095764,-0.0430818572640419,0.6826142072677612,0.7418606281280518,-0.048117876052856445,0.6947974562644958,0.7874758243560791,-0.034874241799116135,0.7018565535545349,0.831085741519928,-0.021889707073569298,0.6583601832389832,0.8722318410873413,-0.051966045051813126,0.6600149273872375,0.8119014501571655,-0.04753676429390907,0.6736932396888733,0.8433696627616882,-0.028334971517324448,0.6803880333900452,0.873781681060791,-0.011541110463440418,И
0.0,0.0,0.0,0.0,0.0,0.0,0.0,0.0,0.0,0.0,0.0,0.0,0.0,0.0,0.0,0.0,0.0,0.0,0.0,0.0,0.0,0.0,0.0,0.0,0.0,0.0,0.0,0.0,0.0,0.0,0.0,0.0,0.0,0.0,0.0,0.0,0.0,0.0,0.0,0.0,0.0,0.0,0.0,0.0,0.0,0.0,0.0,0.0,0.0,0.0,0.0,0.0,0.0,0.0,0.0,0.0,0.0,0.0,0.0,0.0,0.0,0.0,0.0,0.7569916844367981,1.0653599500656128,5.307355195327546e-07,0.8045575022697449,0.9757257103919983,0.015083382837474346,0.8034518957138062,0.8752122521400452,0.013096723705530167,0.7587190270423889,0.807891309261322,0.008229752071201801,0.7120290398597717,0.784052848815918,0.002280688378959894,0.8077381253242493,0.8257771730422974,-0.019372377544641495,0.7737582325935364,0.6881492137908936,-0.027494901791214943,0.755939781665802,0.6205580234527588,-0.02709362655878067,0.7378825545310974,0.565899133682251,-0.024520939216017723,0.7539008259773254,0.8301824331283569,-0.03152965381741524,0.7256371378898621,0.6780751943588257,-0.03865599259734154,0.7084863781929016,0.5964486598968506,-0.0391128733754158,0.6925104856491089,0.538148045539856,-0.037927232682704926,0.7011144161224365,0.8491294980049133,-0.038550425320863724,0.6817305684089661,0.7454455494880676,-0.039047591388225555,0.6958853602409363,0.7907159328460693,-0.02332758717238903,0.7037962079048157,0.8349266648292542,-0.009412865154445171,0.6582518219947815,0.8776451349258423,-0.04436146095395088,0.6607711911201477,0.8154553174972534,-0.03542822226881981,0.6747642755508423,0.84652179479599,-0.01494031585752964,0.6813721060752869,0.87706458568573,0.0022682487033307552,И
0.0,0.0,0.0,0.0,0.0,0.0,0.0,0.0,0.0,0.0,0.0,0.0,0.0,0.0,0.0,0.0,0.0,0.0,0.0,0.0,0.0,0.0,0.0,0.0,0.0,0.0,0.0,0.0,0.0,0.0,0.0,0.0,0.0,0.0,0.0,0.0,0.0,0.0,0.0,0.0,0.0,0.0,0.0,0.0,0.0,0.0,0.0,0.0,0.0,0.0,0.0,0.0,0.0,0.0,0.0,0.0,0.0,0.0,0.0,0.0,0.0,0.0,0.0,0.7580471038818359,1.073335886001587,4.1910834625014104e-07,0.8046897053718567,0.97934490442276,0.036578353494405746,0.8007566928863525,0.8830881714820862,0.044812269508838654,0.7593235969543457,0.8137603402137756,0.046251796185970306,0.714789628982544,0.788565456867218,0.04624949023127556,0.8103503584861755,0.8224000930786133,0.005291849374771118,0.7736039757728577,0.6903157234191895,0.005693597719073296,0.7550903558731079,0.6242912411689758,0.008316786959767342,0.736943781375885,0.5707314014434814,0.010924963280558586,0.7572720050811768,0.8278561234474182,-0.014184460043907166,0.7289838194847107,0.6805016994476318,-0.012650720775127411,0.7125447988510132,0.6007134318351746,-0.011342798359692097,0.697351336479187,0.5457953214645386,-0.01092897355556488,0.7039700746536255,0.8480007648468018,-0.026820648461580276,0.682145357131958,0.7469245195388794,-0.012671396136283875,0.6929865479469299,0.7940667867660522,0.007814900018274784,0.7000733017921448,0.8372977375984192,0.020647717639803886,0.6606408953666687,0.8798430562019348,-0.03726687654852867,0.6598547101020813,0.8201145529747009,-0.015424846671521664,0.6713127493858337,0.8532118797302246,0.009829409420490265,0.6785301566123962,0.8844119906425476,0.02793630212545395,И
0.0,0.0,0.0,0.0,0.0,0.0,0.0,0.0,0.0,0.0,0.0,0.0,0.0,0.0,0.0,0.0,0.0,0.0,0.0,0.0,0.0,0.0,0.0,0.0,0.0,0.0,0.0,0.0,0.0,0.0,0.0,0.0,0.0,0.0,0.0,0.0,0.0,0.0,0.0,0.0,0.0,0.0,0.0,0.0,0.0,0.0,0.0,0.0,0.0,0.0,0.0,0.0,0.0,0.0,0.0,0.0,0.0,0.0,0.0,0.0,0.0,0.0,0.0,0.7663230299949646,1.0570979118347168,5.339575750440417e-07,0.8109816908836365,0.9613562226295471,0.0172167606651783,0.8052465915679932,0.8617010116577148,0.014386717230081558,0.7578584551811218,0.7988085150718689,0.007817752659320831,0.7100713849067688,0.7781825065612793,-0.00018459060811437666,0.8141906261444092,0.8139421939849854,-0.017272088676691055,0.7788854241371155,0.6820006370544434,-0.026223428547382355,0.7618393301963806,0.6159154176712036,-0.027783680707216263,0.7447460889816284,0.5620561838150024,-0.026891913264989853,0.7606987953186035,0.8183056116104126,-0.031182080507278442,0.733291506767273,0.6709870100021362,-0.03790140151977539,0.7165665626525879,0.5925890207290649,-0.03908827155828476,0.7006397843360901,0.5372294783592224,-0.03893626481294632,0.7078827619552612,0.8381797075271606,-0.03988771513104439,0.6866779327392578,0.7400022149085999,-0.038731079548597336,0.699225127696991,0.7856553792953491,-0.02292492985725403,0.7062563896179199,0.8301306962966919,-0.009887313470244408,0.6647768616676331,0.8680415749549866,-0.04746323451399803,0.6649645566940308,0.810001790523529,-0.03698951378464699,0.678679347038269,0.8409436941146851,-0.015860743820667267,0.6849398612976074,0.87147456407547,0.0011783750960603356,И
0.0,0.0,0.0,0.0,0.0,0.0,0.0,0.0,0.0,0.0,0.0,0.0,0.0,0.0,0.0,0.0,0.0,0.0,0.0,0.0,0.0,0.0,0.0,0.0,0.0,0.0,0.0,0.0,0.0,0.0,0.0,0.0,0.0,0.0,0.0,0.0,0.0,0.0,0.0,0.0,0.0,0.0,0.0,0.0,0.0,0.0,0.0,0.0,0.0,0.0,0.0,0.0,0.0,0.0,0.0,0.0,0.0,0.0,0.0,0.0,0.0,0.0,0.0,0.770781397819519,1.0351747274398804,5.956213726676651e-07,0.8184751868247986,0.9339531660079956,0.020585818216204643,0.8133342862129211,0.8347265124320984,0.020276056602597237,0.7723997235298157,0.7710629105567932,0.01591259241104126,0.7284756302833557,0.7520974278450012,0.009989792481064796,0.8219406008720398,0.7840248942375183,-0.013235755264759064,0.7868763208389282,0.6502959728240967,-0.02083101123571396,0.7698758840560913,0.583695650100708,-0.022145573049783707,0.7528150677680969,0.5311276912689209,-0.020340558141469955,0.7664905786514282,0.7912867665290833,-0.027219444513320923,0.7400803565979004,0.6417824029922485,-0.03222384676337242,0.7249771356582642,0.5598331689834595,-0.033340759575366974,0.7091686725616455,0.5023268461227417,-0.032598916441202164,0.7121694087982178,0.8098093867301941,-0.035644691437482834,0.6940163373947144,0.708698570728302,-0.03198452666401863,0.7081723809242249,0.74016934633255,-0.018010087311267853,0.7150839567184448,0.7787159085273743,-0.006002445239573717,0.6687109470367432,0.8367797136306763,-0.042600683867931366,0.6746066808700562,0.774692714214325,-0.02885964699089527,0.6895707249641418,0.8003199100494385,-0.007095972541719675,0.6961736083030701,0.8311392664909363,0.010651366785168648,И
0.0,0.0,0.0,0.0,0.0,0.0,0.0,0.0,0.0,0.0,0.0,0.0,0.0,0.0,0.0,0.0,0.0,0.0,0.0,0.0,0.0,0.0,0.0,0.0,0.0,0.0,0.0,0.0,0.0,0.0,0.0,0.0,0.0,0.0,0.0,0.0,0.0,0.0,0.0,0.0,0.0,0.0,0.0,0.0,0.0,0.0,0.0,0.0,0.0,0.0,0.0,0.0,0.0,0.0,0.0,0.0,0.0,0.0,0.0,0.0,0.0,0.0,0.0,0.783180296421051,1.0136442184448242,6.100378300288867e-07,0.8279898762702942,0.9021116495132446,0.02887645736336708,0.8178845643997192,0.8000190258026123,0.029052630066871643,0.7716401219367981,0.7411003708839417,0.023297056555747986,0.7246769666671753,0.7244407534599304,0.015367202460765839,0.8314206004142761,0.7537417411804199,-0.011584501713514328,0.7981249094009399,0.6174472570419312,-0.019672537222504616,0.7820910215377808,0.5475829839706421,-0.022125359624624252,0.7653654217720032,0.4925180673599243,-0.02188197337090969,0.7760179042816162,0.7603626251220703,-0.029787061735987663,0.7523183226585388,0.6067854166030884,-0.034216418862342834,0.7362639307975769,0.522560715675354,-0.035694293677806854,0.7186196446418762,0.4636487066745758,-0.03668680414557457,0.7193096280097961,0.7802217602729797,-0.04120056703686714,0.6962567567825317,0.6694525480270386,-0.03255431354045868,0.7107735872268677,0.703024685382843,-0.014495736919343472,0.7175159454345703,0.7427241206169128,-0.0019519071793183684,0.6736406683921814,0.8104279637336731,-0.05084340646862984,0.6756993532180786,0.7432429790496826,-0.03329304978251457,0.6918337345123291,0.7705130577087402,-0.008897358551621437,0.6990985870361328,0.8024084568023682,0.00963551551103592,И
0.0,0.0,0.0,0.0,0.0,0.0,0.0,0.0,0.0,0.0,0.0,0.0,0.0,0.0,0.0,0.0,0.0,0.0,0.0,0.0,0.0,0.0,0.0,0.0,0.0,0.0,0.0,0.0,0.0,0.0,0.0,0.0,0.0,0.0,0.0,0.0,0.0,0.0,0.0,0.0,0.0,0.0,0.0,0.0,0.0,0.0,0.0,0.0,0.0,0.0,0.0,0.0,0.0,0.0,0.0,0.0,0.0,0.0,0.0,0.0,0.0,0.0,0.0,0.7850353717803955,0.9993239641189575,5.786687893305498e-07,0.8274620771408081,0.8912198543548584,0.024922147393226624,0.8178871273994446,0.7856633067131042,0.0246075801551342,0.7687764763832092,0.7218181490898132,0.019315553829073906,0.7210036516189575,0.6997339725494385,0.012517677620053291,0.8325271010398865,0.7410908937454224,-0.012387207709252834,0.7974516153335571,0.5992186069488525,-0.018556741997599602,0.7804875373840332,0.5293810367584229,-0.018587220460176468,0.7630218267440796,0.47211602330207825,-0.01708558015525341,0.7773101329803467,0.7448872923851013,-0.028729360550642014,0.750963032245636,0.589441180229187,-0.031838562339544296,0.7344312071800232,0.5052579641342163,-0.03180701658129692,0.7178541421890259,0.4438863694667816,-0.032129161059856415,0.7202042937278748,0.7641196846961975,-0.038833972066640854,0.6979867815971375,0.6555019617080688,-0.03082900680601597,0.7127481698989868,0.703172504901886,-0.01143028773367405,0.7200925946235657,0.7495390176773071,0.0020428821444511414,0.6736212968826294,0.7950156927108765,-0.04757846146821976,0.6758298873901367,0.7319038510322571,-0.03193057328462601,0.6915474534034729,0.7642587423324585,-0.00843820720911026,0.6980533599853516,0.7966079711914062,0.009390323422849178,И
0.0,0.0,0.0,0.0,0.0,0.0,0.0,0.0,0.0,0.0,0.0,0.0,0.0,0.0,0.0,0.0,0.0,0.0,0.0,0.0,0.0,0.0,0.0,0.0,0.0,0.0,0.0,0.0,0.0,0.0,0.0,0.0,0.0,0.0,0.0,0.0,0.0,0.0,0.0,0.0,0.0,0.0,0.0,0.0,0.0,0.0,0.0,0.0,0.0,0.0,0.0,0.0,0.0,0.0,0.0,0.0,0.0,0.0,0.0,0.0,0.0,0.0,0.0,0.7762688398361206,1.020002841949463,5.077727109892294e-07,0.8238174915313721,0.9131481051445007,0.029937222599983215,0.8170515298843384,0.8068860769271851,0.03529157117009163,0.7724287509918213,0.742628812789917,0.03433966636657715,0.7271795868873596,0.7197678685188293,0.03140248358249664,0.8273199796676636,0.7550923824310303,-0.0002607238420750946,0.7940579056739807,0.6136584281921387,-0.0037014049012213945,0.7769268751144409,0.5436742305755615,-0.0033691551070660353,0.7588748931884766,0.4853961169719696,-0.0017622242448851466,0.7710594534873962,0.7561845779418945,-0.018272891640663147,0.7477335333824158,0.5999369621276855,-0.017952460795640945,0.7328892946243286,0.5166131258010864,-0.017366599291563034,0.7173019647598267,0.45469826459884644,-0.017185313627123833,0.7145236730575562,0.7740885615348816,-0.030339587479829788,0.6990082263946533,0.6628226637840271,-0.02374495379626751,0.7118042707443237,0.7108602523803711,-0.00812274869531393,0.7178096175193787,0.7575079798698425,0.0038593050558120012,0.6677104830741882,0.8052497506141663,-0.04025072231888771,0.6743344664573669,0.7394645810127258,-0.026666201651096344,0.6885521411895752,0.7727850675582886,-0.004829374607652426,0.6950066089630127,0.8063504099845886,0.012583204545080662,И
0.0,0.0,0.0,0.0,0.0,0.0,0.0,0.0,0.0,0.0,0.0,0.0,0.0,0.0,0.0,0.0,0.0,0.0,0.0,0.0,0.0,0.0,0.0,0.0,0.0,0.0,0.0,0.0,0.0,0.0,0.0,0.0,0.0,0.0,0.0,0.0,0.0,0.0,0.0,0.0,0.0,0.0,0.0,0.0,0.0,0.0,0.0,0.0,0.0,0.0,0.0,0.0,0.0,0.0,0.0,0.0,0.0,0.0,0.0,0.0,0.0,0.0,0.0,0.7708961367607117,1.0258915424346924,4.888460694019159e-07,0.8196656107902527,0.919624388217926,0.03658147528767586,0.8144403696060181,0.8187112808227539,0.04425329715013504,0.7722363471984863,0.7537720799446106,0.043801795691251755,0.7279743552207947,0.7316322922706604,0.04095085337758064,0.8228088021278381,0.7609732151031494,0.0070264884270727634,0.7875809073448181,0.6189365983009338,0.0054225679486989975,0.7695738673210144,0.548834502696991,0.00719042681157589,0.7515013813972473,0.4933934807777405,0.009954086504876614,0.7685924768447876,0.7600936889648438,-0.013587679713964462,0.7442971467971802,0.6059890985488892,-0.012429967522621155,0.7280755639076233,0.5224355459213257,-0.011483396403491497,0.7127765417098999,0.4654488265514374,-0.01059621013700962,0.7130662202835083,0.7780395746231079,-0.02775752544403076,0.6941531896591187,0.6728877425193787,-0.01624782383441925,0.7052326202392578,0.7186790108680725,0.001936234999448061,0.7105084657669067,0.763795018196106,0.014655139297246933,0.6670928597450256,0.8105887174606323,-0.03968995809555054,0.6701732873916626,0.7477794885635376,-0.0210522823035717,0.6838241815567017,0.7806358337402344,0.0030091123189777136,0.690281331539154,0.8145349025726318,0.021526306867599487,И
0.0,0.0,0.0,0.0,0.0,0.0,0.0,0.0,0.0,0.0,0.0,0.0,0.0,0.0,0.0,0.0,0.0,0.0,0.0,0.0,0.0,0.0,0.0,0.0,0.0,0.0,0.0,0.0,0.0,0.0,0.0,0.0,0.0,0.0,0.0,0.0,0.0,0.0,0.0,0.0,0.0,0.0,0.0,0.0,0.0,0.0,0.0,0.0,0.0,0.0,0.0,0.0,0.0,0.0,0.0,0.0,0.0,0.0,0.0,0.0,0.0,0.0,0.0,0.7706847190856934,1.0161008834838867,4.821841912416858e-07,0.8175931572914124,0.9112052321434021,0.03550911322236061,0.8100348711013794,0.8095826506614685,0.04321672394871712,0.7663793563842773,0.7438825964927673,0.04370295628905296,0.7207181453704834,0.7225271463394165,0.042011648416519165,0.8230761289596558,0.7571141123771667,0.005150628741830587,0.7868471741676331,0.6141612529754639,0.00476631335914135,0.7688707113265991,0.5445536971092224,0.007370777893811464,0.7511726021766663,0.4894685745239258,0.010518339462578297,0.7682543992996216,0.7582759261131287,-0.013680190779268742,0.7413564920425415,0.6023118495941162,-0.010137531906366348,0.7253866791725159,0.5196109414100647,-0.007772253360599279,0.7097917795181274,0.4621192514896393,-0.006831678096204996,0.7121018767356873,0.776069700717926,-0.026107750833034515,0.6890896558761597,0.6670969128608704,-0.013918708078563213,0.7020947337150574,0.7121821045875549,0.0029395739547908306,0.7091420888900757,0.758948802947998,0.014183561317622662,0.6650055646896362,0.8073652982711792,-0.03617442026734352,0.6670840978622437,0.7441994547843933,-0.01885337568819523,0.6820718050003052,0.7758075594902039,0.0028133816085755825,0.6894145011901855,0.8101321458816528,0.019274964928627014,И
0.0,0.0,0.0,0.0,0.0,0.0,0.0,0.0,0.0,0.0,0.0,0.0,0.0,0.0,0.0,0.0,0.0,0.0,0.0,0.0,0.0,0.0,0.0,0.0,0.0,0.0,0.0,0.0,0.0,0.0,0.0,0.0,0.0,0.0,0.0,0.0,0.0,0.0,0.0,0.0,0.0,0.0,0.0,0.0,0.0,0.0,0.0,0.0,0.0,0.0,0.0,0.0,0.0,0.0,0.0,0.0,0.0,0.0,0.0,0.0,0.0,0.0,0.0,0.7735300064086914,1.012071967124939,5.580902211477223e-07,0.8180793523788452,0.90384840965271,0.022471534088253975,0.8097964525222778,0.7993219494819641,0.023663869127631187,0.7630504965782166,0.7414963841438293,0.019413145259022713,0.7155297994613647,0.7249570488929749,0.013311713002622128,0.8213522434234619,0.7501363158226013,-0.005182009190320969,0.7887411117553711,0.6124946475028992,-0.01156951766461134,0.7699037790298462,0.5417822599411011,-0.01291349995881319,0.7502821087837219,0.4844854176044464,-0.012061858549714088,0.7667779326438904,0.7528863549232483,-0.02088366262614727,0.7407572865486145,0.6004748344421387,-0.023915935307741165,0.7237772345542908,0.5184764266014099,-0.025062812492251396,0.706704318523407,0.45932507514953613,-0.025301115587353706,0.7115400433540344,0.7732741236686707,-0.031496189534664154,0.6896753907203674,0.6672423481941223,-0.02811981923878193,0.7020361423492432,0.7131382822990417,-0.014045439660549164,0.7083117961883545,0.7599707245826721,-0.002202612115070224,0.6655994057655334,0.8049160242080688,-0.04064647853374481,0.6667057871818542,0.7447900176048279,-0.029334144666790962,0.681580126285553,0.7752377986907959,-0.009091238491237164,0.6888523101806641,0.8071133494377136,0.007561369799077511,И
0.0,0.0,0.0,0.0,0.0,0.0,0.0,0.0,0.0,0.0,0.0,0.0,0.0,0.0,0.0,0.0,0.0,0.0,0.0,0.0,0.0,0.0,0.0,0.0,0.0,0.0,0.0,0.0,0.0,0.0,0.0,0.0,0.0,0.0,0.0,0.0,0.0,0.0,0.0,0.0,0.0,0.0,0.0,0.0,0.0,0.0,0.0,0.0,0.0,0.0,0.0,0.0,0.0,0.0,0.0,0.0,0.0,0.0,0.0,0.0,0.0,0.0,0.0,0.7714366912841797,1.0054819583892822,5.214511133999622e-07,0.8172109127044678,0.9015415906906128,0.02505362220108509,0.8100013732910156,0.800064206123352,0.026024967432022095,0.7645025849342346,0.741857647895813,0.021681100130081177,0.716766893863678,0.7252171635627747,0.01516419742256403,0.8219412565231323,0.7567481398582458,-0.01151585578918457,0.7864544987678528,0.6138576865196228,-0.01758367381989956,0.7675582766532898,0.5445573925971985,-0.01661178469657898,0.7489255666732788,0.48852914571762085,-0.014079800806939602,0.7680632472038269,0.7607964277267456,-0.027974488213658333,0.7393354773521423,0.6022869348526001,-0.030757423490285873,0.7219446897506714,0.5203061103820801,-0.029331283643841743,0.7049724459648132,0.46152833104133606,-0.028309142217040062,0.7126961946487427,0.7799584865570068,-0.03853309899568558,0.6892647743225098,0.6650956273078918,-0.0346832312643528,0.7021719217300415,0.7106098532676697,-0.01822742074728012,0.7088505625724792,0.7573541402816772,-0.005444267299026251,0.6665496230125427,0.8099568486213684,-0.04720233753323555,0.6684982776641846,0.7432512640953064,-0.036275990307331085,0.6838471293449402,0.7744753956794739,-0.015294535085558891,0.6901291012763977,0.8081694841384888,0.0015012979274615645,И
0.0,0.0,0.0,0.0,0.0,0.0,0.0,0.0,0.0,0.0,0.0,0.0,0.0,0.0,0.0,0.0,0.0,0.0,0.0,0.0,0.0,0.0,0.0,0.0,0.0,0.0,0.0,0.0,0.0,0.0,0.0,0.0,0.0,0.0,0.0,0.0,0.0,0.0,0.0,0.0,0.0,0.0,0.0,0.0,0.0,0.0,0.0,0.0,0.0,0.0,0.0,0.0,0.0,0.0,0.0,0.0,0.0,0.0,0.0,0.0,0.0,0.0,0.0,0.7702698111534119,1.0225472450256348,4.963071091879101e-07,0.8189867734909058,0.9181355834007263,0.03208369016647339,0.8110630512237549,0.8157976269721985,0.03936046361923218,0.7677670121192932,0.7504062652587891,0.03979691118001938,0.7226144075393677,0.729485809803009,0.03845272585749626,0.8218374848365784,0.7589443325996399,0.004618362057954073,0.7873173952102661,0.6178872585296631,0.0038018471095710993,0.7692323327064514,0.546787679195404,0.006237715017050505,0.750647783279419,0.4898988902568817,0.009208773262798786,0.7677931785583496,0.7567859292030334,-0.013100601732730865,0.7407923340797424,0.6039943695068359,-0.011386578902602196,0.7230056524276733,0.5190455317497253,-0.010186145082116127,0.7058064341545105,0.4591321647167206,-0.009126882068812847,0.7130675911903381,0.7734739184379578,-0.024743948131799698,0.6882174015045166,0.6700990200042725,-0.014149189926683903,0.6987490057945251,0.7138811349868774,0.0017113973153755069,0.7050307989120483,0.7594454288482666,0.013292588293552399,0.667159378528595,0.804931104183197,-0.03442360833287239,0.6676273941993713,0.7488687038421631,-0.01780836284160614,0.6809854507446289,0.7789750099182129,0.0028928196988999844,0.6886988878250122,0.8116174936294556,0.019337479025125504,И
0.0,0.0,0.0,0.0,0.0,0.0,0.0,0.0,0.0,0.0,0.0,0.0,0.0,0.0,0.0,0.0,0.0,0.0,0.0,0.0,0.0,0.0,0.0,0.0,0.0,0.0,0.0,0.0,0.0,0.0,0.0,0.0,0.0,0.0,0.0,0.0,0.0,0.0,0.0,0.0,0.0,0.0,0.0,0.0,0.0,0.0,0.0,0.0,0.0,0.0,0.0,0.0,0.0,0.0,0.0,0.0,0.0,0.0,0.0,0.0,0.0,0.0,0.0,0.7709404826164246,1.019905924797058,5.01492763760325e-07,0.8163922429084778,0.9115532636642456,0.03359636291861534,0.807830274105072,0.8067097663879395,0.040803201496601105,0.7612298130989075,0.7435102462768555,0.0407525971531868,0.7138009071350098,0.7237462997436523,0.03881095349788666,0.8231098055839539,0.7545192241668701,0.008693751879036427,0.7868767976760864,0.6135919690132141,0.010086234658956528,0.7688223123550415,0.5442703366279602,0.01358943060040474,0.7509228587150574,0.48662620782852173,0.016806544736027718,0.7677496671676636,0.7554299235343933,-0.010124914348125458,0.741104006767273,0.6016649007797241,-0.005638421047478914,0.724706768989563,0.5198253989219666,-0.003841620637103915,0.7085312604904175,0.4610099792480469,-0.003391123143956065,0.7116294503211975,0.7736406922340393,-0.02305719070136547,0.6911718249320984,0.6647903919219971,-0.011537286452949047,0.7033482193946838,0.7134639620780945,0.0034609364811331034,0.7092451453208923,0.7607905864715576,0.013694281689822674,0.6654394865036011,0.8043348789215088,-0.03375587984919548,0.670191764831543,0.7436099052429199,-0.016922375187277794,0.6856245994567871,0.7756164073944092,0.0031340273562818766,0.6925531625747681,0.808242678642273,0.018356528133153915,И
0.0,0.0,0.0,0.0,0.0,0.0,0.0,0.0,0.0,0.0,0.0,0.0,0.0,0.0,0.0,0.0,0.0,0.0,0.0,0.0,0.0,0.0,0.0,0.0,0.0,0.0,0.0,0.0,0.0,0.0,0.0,0.0,0.0,0.0,0.0,0.0,0.0,0.0,0.0,0.0,0.0,0.0,0.0,0.0,0.0,0.0,0.0,0.0,0.0,0.0,0.0,0.0,0.0,0.0,0.0,0.0,0.0,0.0,0.0,0.0,0.0,0.0,0.0,0.768326461315155,1.0131152868270874,5.116614261169161e-07,0.8137682676315308,0.9075703620910645,0.027917932718992233,0.8072503805160522,0.8074083924293518,0.03180680423974991,0.7650521993637085,0.749061644077301,0.029164982959628105,0.7202329039573669,0.7308202981948853,0.024135885760188103,0.8198229670524597,0.7595676183700562,-0.0009082361939363182,0.7860023975372314,0.6184939742088318,-0.0060966042801737785,0.7676588892936707,0.5484376549720764,-0.00670224754139781,0.7491759657859802,0.49169889092445374,-0.005423248279839754,0.7654394507408142,0.760877251625061,-0.01815619133412838,0.7397099733352661,0.6056496500968933,-0.019573064520955086,0.7234287858009338,0.523941695690155,-0.019745487719774246,0.706997275352478,0.46495625376701355,-0.019733622670173645,0.7103495597839355,0.7787705659866333,-0.029966585338115692,0.6881603002548218,0.6674517393112183,-0.025851065292954445,0.7000986933708191,0.7136601209640503,-0.012229669839143753,0.7064668536186218,0.7604537606239319,-0.0010320487199351192,0.66409832239151,0.8084588646888733,-0.03971654176712036,0.6662899851799011,0.7449774146080017,-0.029132790863513947,0.6810120344161987,0.7756310105323792,-0.009736812673509121,0.6881734132766724,0.8083456158638,0.006309629883617163,И
0.0,0.0,0.0,0.0,0.0,0.0,0.0,0.0,0.0,0.0,0.0,0.0,0.0,0.0,0.0,0.0,0.0,0.0,0.0,0.0,0.0,0.0,0.0,0.0,0.0,0.0,0.0,0.0,0.0,0.0,0.0,0.0,0.0,0.0,0.0,0.0,0.0,0.0,0.0,0.0,0.0,0.0,0.0,0.0,0.0,0.0,0.0,0.0,0.0,0.0,0.0,0.0,0.0,0.0,0.0,0.0,0.0,0.0,0.0,0.0,0.0,0.0,0.0,0.7711300253868103,1.0191222429275513,5.22802110936027e-07,0.8142548203468323,0.9103259444236755,0.031175358220934868,0.805079460144043,0.8081115484237671,0.03577688708901405,0.7596160173416138,0.7455745935440063,0.033654164522886276,0.7126896381378174,0.7265883088111877,0.029570283368229866,0.8178077340126038,0.7567609548568726,0.0013894146541133523,0.7830979824066162,0.6161779761314392,-0.001822072546929121,0.7656287550926208,0.5467523336410522,-0.0009793969802558422,0.7476909756660461,0.4912797808647156,0.0013549959985539317,0.7630307078361511,0.7606853246688843,-0.017095493152737617,0.7373088002204895,0.6052125096321106,-0.016717392951250076,0.721767008304596,0.5225412845611572,-0.01606191322207451,0.7055158615112305,0.46372637152671814,-0.015536410734057426,0.7083292007446289,0.7808745503425598,-0.029655560851097107,0.6877803802490234,0.675483763217926,-0.021519768983125687,0.7018618583679199,0.7199054956436157,-0.0066118561662733555,0.7095397114753723,0.7654529213905334,0.0046543856151402,0.6633837819099426,0.8128023147583008,-0.04007239639759064,0.6670427322387695,0.7527144551277161,-0.02479768916964531,0.6826969981193542,0.7824737429618835,-0.0038857702165842056,0.6905757188796997,0.814531147480011,0.012562147341668606,И
0.0,0.0,0.0,0.0,0.0,0.0,0.0,0.0,0.0,0.0,0.0,0.0,0.0,0.0,0.0,0.0,0.0,0.0,0.0,0.0,0.0,0.0,0.0,0.0,0.0,0.0,0.0,0.0,0.0,0.0,0.0,0.0,0.0,0.0,0.0,0.0,0.0,0.0,0.0,0.0,0.0,0.0,0.0,0.0,0.0,0.0,0.0,0.0,0.0,0.0,0.0,0.0,0.0,0.0,0.0,0.0,0.0,0.0,0.0,0.0,0.0,0.0,0.0,0.7662053108215332,1.0212033987045288,5.429069460660685e-07,0.8145900368690491,0.9150791168212891,0.03112855926156044,0.8070648908615112,0.8134227991104126,0.03770551458001137,0.7623015642166138,0.7529805898666382,0.03737345710396767,0.716705858707428,0.7354505062103271,0.03513549268245697,0.8190144896507263,0.758895218372345,0.006768509279936552,0.7873027324676514,0.6212186813354492,0.006013557314872742,0.7703635692596436,0.5506816506385803,0.007723758462816477,0.7527773380279541,0.49489447474479675,0.010177714750170708,0.7631781101226807,0.7573574185371399,-0.010694789700210094,0.7403965592384338,0.6063010692596436,-0.009042787365615368,0.7256197929382324,0.5245113372802734,-0.008642199449241161,0.7103742361068726,0.4670261740684509,-0.008007052354514599,0.7076306939125061,0.7741755843162537,-0.022409312427043915,0.6887524127960205,0.6724629402160645,-0.011676640249788761,0.7012900114059448,0.7178446054458618,0.0033455982338637114,0.7073079347610474,0.764441967010498,0.014240927994251251,0.6622984409332275,0.8044245839118958,-0.032291579991579056,0.6666855812072754,0.751139223575592,-0.014901475049555302,0.6821166276931763,0.7809022665023804,0.005860400851815939,0.6901890635490417,0.8129201531410217,0.022021636366844177,И
0.0,0.0,0.0,0.0,0.0,0.0,0.0,0.0,0.0,0.0,0.0,0.0,0.0,0.0,0.0,0.0,0.0,0.0,0.0,0.0,0.0,0.0,0.0,0.0,0.0,0.0,0.0,0.0,0.0,0.0,0.0,0.0,0.0,0.0,0.0,0.0,0.0,0.0,0.0,0.0,0.0,0.0,0.0,0.0,0.0,0.0,0.0,0.0,0.0,0.0,0.0,0.0,0.0,0.0,0.0,0.0,0.0,0.0,0.0,0.0,0.0,0.0,0.0,0.7688894271850586,1.0209001302719116,5.436949663817359e-07,0.813489556312561,0.9133049249649048,0.027231406420469284,0.8041255474090576,0.8076898455619812,0.030669422820210457,0.757504940032959,0.7466407418251038,0.027788450941443443,0.710060715675354,0.7256546020507812,0.02305018901824951,0.8200648427009583,0.7607404589653015,-0.0009385962621308863,0.7899191975593567,0.620010495185852,-0.005627273116260767,0.7735502123832703,0.5492606163024902,-0.005404216703027487,0.7559427618980408,0.4917042851448059,-0.003869258100166917,0.7660517692565918,0.761540412902832,-0.018461614847183228,0.7444408535957336,0.6079005002975464,-0.020421646535396576,0.7296764850616455,0.5251635313034058,-0.0206519216299057,0.713842511177063,0.46435031294822693,-0.02080012857913971,0.7102816700935364,0.7789812684059143,-0.03058660961687565,0.691308856010437,0.6688970327377319,-0.026169298216700554,0.7036163806915283,0.7165796756744385,-0.01146635040640831,0.7091801166534424,0.7635400295257568,0.00017960176046472043,0.6638651490211487,0.8088841438293457,-0.04086766764521599,0.6701144576072693,0.7491788864135742,-0.02986741252243519,0.6862576007843018,0.7802605032920837,-0.010701261460781097,0.6935864686965942,0.8120770454406738,0.0048615653067827225,И
0.0,0.0,0.0,0.0,0.0,0.0,0.0,0.0,0.0,0.0,0.0,0.0,0.0,0.0,0.0,0.0,0.0,0.0,0.0,0.0,0.0,0.0,0.0,0.0,0.0,0.0,0.0,0.0,0.0,0.0,0.0,0.0,0.0,0.0,0.0,0.0,0.0,0.0,0.0,0.0,0.0,0.0,0.0,0.0,0.0,0.0,0.0,0.0,0.0,0.0,0.0,0.0,0.0,0.0,0.0,0.0,0.0,0.0,0.0,0.0,0.0,0.0,0.0,0.7653180956840515,1.014886736869812,5.87772319704527e-07,0.8139388561248779,0.908552885055542,0.025574037805199623,0.8056901097297668,0.8074690103530884,0.02876225672662258,0.7590532302856445,0.7457643151283264,0.026076368987560272,0.7139448523521423,0.723588764667511,0.022047599777579308,0.8181734681129456,0.7558997273445129,-0.0013300614664331079,0.7905558347702026,0.6181725263595581,-0.005607954692095518,0.7764390707015991,0.5480002760887146,-0.0051296125166118145,0.7608919143676758,0.49108850955963135,-0.0033686873503029346,0.7629179954528809,0.7544756531715393,-0.01716494932770729,0.7435446381568909,0.603435754776001,-0.019642362371087074,0.7312190532684326,0.5211220979690552,-0.019992206245660782,0.717433750629425,0.46148502826690674,-0.019521912559866905,0.7082353830337524,0.7701060771942139,-0.02765427716076374,0.6914684772491455,0.669302225112915,-0.02181842550635338,0.7043498754501343,0.7159878611564636,-0.007595093455165625,0.7106305360794067,0.7635433673858643,0.003693952225148678,0.6641083359718323,0.7988283038139343,-0.0366826057434082,0.6718288660049438,0.7531588077545166,-0.023988815024495125,0.6883008480072021,0.7828538417816162,-0.005734127480536699,0.6971756219863892,0.8131964802742004,0.00917590782046318,И
0.0,0.0,0.0,0.0,0.0,0.0,0.0,0.0,0.0,0.0,0.0,0.0,0.0,0.0,0.0,0.0,0.0,0.0,0.0,0.0,0.0,0.0,0.0,0.0,0.0,0.0,0.0,0.0,0.0,0.0,0.0,0.0,0.0,0.0,0.0,0.0,0.0,0.0,0.0,0.0,0.0,0.0,0.0,0.0,0.0,0.0,0.0,0.0,0.0,0.0,0.0,0.0,0.0,0.0,0.0,0.0,0.0,0.0,0.0,0.0,0.0,0.0,0.0,0.7685474157333374,1.0191518068313599,6.317513907561079e-07,0.8169084191322327,0.9103295803070068,0.021258452907204628,0.8069643974304199,0.8058547973632812,0.0224154070019722,0.7592109441757202,0.7485796213150024,0.017996037378907204,0.7139495015144348,0.7289509773254395,0.012271257117390633,0.8198839426040649,0.7582332491874695,-0.004777671303600073,0.7968617081642151,0.6196678876876831,-0.012640836648643017,0.7839888334274292,0.5475559234619141,-0.014939813874661922,0.7689257860183716,0.48843851685523987,-0.014821002259850502,0.7654030919075012,0.7564528584480286,-0.02021912671625614,0.7490516901016235,0.60500168800354,-0.02608310803771019,0.7373688817024231,0.5192557573318481,-0.02835371345281601,0.7231987118721008,0.4553455114364624,-0.02886369451880455,0.7108444571495056,0.7711694240570068,-0.031050240620970726,0.6974068880081177,0.6696274876594543,-0.030048858374357224,0.7122707962989807,0.7156962156295776,-0.017283476889133453,0.718489944934845,0.7618975043296814,-0.005623362958431244,0.6665496826171875,0.7979637384414673,-0.04066222161054611,0.6774334907531738,0.7431038618087769,-0.03127141296863556,0.6953638195991516,0.7719495296478271,-0.012827061116695404,0.7036804556846619,0.8023896813392639,0.0028237998485565186,И
0.0,0.0,0.0,0.0,0.0,0.0,0.0,0.0,0.0,0.0,0.0,0.0,0.0,0.0,0.0,0.0,0.0,0.0,0.0,0.0,0.0,0.0,0.0,0.0,0.0,0.0,0.0,0.0,0.0,0.0,0.0,0.0,0.0,0.0,0.0,0.0,0.0,0.0,0.0,0.0,0.0,0.0,0.0,0.0,0.0,0.0,0.0,0.0,0.0,0.0,0.0,0.0,0.0,0.0,0.0,0.0,0.0,0.0,0.0,0.0,0.0,0.0,0.0,0.7704376578330994,1.0190247297286987,6.103786631683761e-07,0.8182178735733032,0.9118145704269409,0.020329419523477554,0.8067685961723328,0.803283154964447,0.020840739831328392,0.7564217448234558,0.7421140074729919,0.01673281565308571,0.7086523771286011,0.7180307507514954,0.011507725343108177,0.8230205178260803,0.760776937007904,-0.009690817445516586,0.7987633943557739,0.6188669204711914,-0.016305023804306984,0.7852708697319031,0.5480301380157471,-0.017264077439904213,0.7688329815864563,0.4883035123348236,-0.016961129382252693,0.7663842439651489,0.758471667766571,-0.024301286786794662,0.7521103024482727,0.6041474342346191,-0.02856661193072796,0.7420486211776733,0.5196184515953064,-0.02898314967751503,0.7281734347343445,0.45320242643356323,-0.029363077133893967,0.7101984620094299,0.7716541886329651,-0.033962737768888474,0.6999147534370422,0.6608524322509766,-0.03186923637986183,0.714870810508728,0.7079525589942932,-0.01791289821267128,0.7200201749801636,0.7553695440292358,-0.006754426285624504,0.6653808951377869,0.7969445586204529,-0.0424518808722496,0.681434154510498,0.7446562051773071,-0.034276120364665985,0.7006608843803406,0.7732546925544739,-0.017598643898963928,0.7091836929321289,0.8025904297828674,-0.0038714094553142786,И
0.0,0.0,0.0,0.0,0.0,0.0,0.0,0.0,0.0,0.0,0.0,0.0,0.0,0.0,0.0,0.0,0.0,0.0,0.0,0.0,0.0,0.0,0.0,0.0,0.0,0.0,0.0,0.0,0.0,0.0,0.0,0.0,0.0,0.0,0.0,0.0,0.0,0.0,0.0,0.0,0.0,0.0,0.0,0.0,0.0,0.0,0.0,0.0,0.0,0.0,0.0,0.0,0.0,0.0,0.0,0.0,0.0,0.0,0.0,0.0,0.0,0.0,0.0,0.7662712335586548,1.0188652276992798,5.383332108976902e-07,0.8158570528030396,0.9140781760215759,0.04292306303977966,0.8039497137069702,0.8132743835449219,0.054896943271160126,0.7594990730285645,0.7462437152862549,0.05855943262577057,0.7175783514976501,0.7190553545951843,0.06073824688792229,0.8232426643371582,0.7573075890541077,0.014619994908571243,0.797710657119751,0.6175183057785034,0.016442997381091118,0.7866491079330444,0.5452548861503601,0.017567452043294907,0.7741173505783081,0.48488649725914,0.018364446237683296,0.7680754065513611,0.7544566988945007,-0.005598059389740229,0.7514880299568176,0.6026321649551392,0.001219240017235279,0.7423771619796753,0.5181108713150024,0.002603476634249091,0.7314808368682861,0.45610055327415466,0.001297438982874155,0.7126975059509277,0.7679216861724854,-0.0187083650380373,0.697130024433136,0.6670088768005371,0.001847870065830648,0.7093185186386108,0.7112277150154114,0.019882993772625923,0.7147901654243469,0.7559812664985657,0.02907622791826725,0.6690971851348877,0.7948621511459351,-0.0295566376298666,0.6812434196472168,0.7484797239303589,-0.006105488166213036,0.6985082626342773,0.7802313566207886,0.01466488465666771,0.7082950472831726,0.8120852708816528,0.028891079127788544,И
0.0,0.0,0.0,0.0,0.0,0.0,0.0,0.0,0.0,0.0,0.0,0.0,0.0,0.0,0.0,0.0,0.0,0.0,0.0,0.0,0.0,0.0,0.0,0.0,0.0,0.0,0.0,0.0,0.0,0.0,0.0,0.0,0.0,0.0,0.0,0.0,0.0,0.0,0.0,0.0,0.0,0.0,0.0,0.0,0.0,0.0,0.0,0.0,0.0,0.0,0.0,0.0,0.0,0.0,0.0,0.0,0.0,0.0,0.0,0.0,0.0,0.0,0.0,0.7665278911590576,1.018135905265808,6.171114250719256e-07,0.818632960319519,0.9158042073249817,0.021441929042339325,0.8083785772323608,0.8072741627693176,0.023771116510033607,0.7601637244224548,0.74635910987854,0.021269338205456734,0.7145289182662964,0.7225305438041687,0.01759510301053524,0.8217423558235168,0.7613697648048401,-0.007350790314376354,0.8012599945068359,0.6191924214363098,-0.012198403477668762,0.7892127633094788,0.5461715459823608,-0.011722791939973831,0.7742702960968018,0.48591166734695435,-0.010220547206699848,0.7647739052772522,0.7565335631370544,-0.02143665961921215,0.7530779838562012,0.6015136241912842,-0.023852644488215446,0.7443113923072815,0.5160239338874817,-0.023258371278643608,0.7311844229698181,0.45180898904800415,-0.022518962621688843,0.7093605399131775,0.7687133550643921,-0.0303899347782135,0.7008403539657593,0.661340057849884,-0.025980452075600624,0.7162072062492371,0.707003116607666,-0.012323022820055485,0.7211148142814636,0.7544242739677429,-0.0013755537802353501,0.6666285395622253,0.7933640480041504,-0.03806760907173157,0.6839975714683533,0.7432796359062195,-0.02747037447988987,0.7033930420875549,0.7715928554534912,-0.01032253634184599,0.7117384672164917,0.8019818663597107,0.003695480991154909,И
0.0,0.0,0.0,0.0,0.0,0.0,0.0,0.0,0.0,0.0,0.0,0.0,0.0,0.0,0.0,0.0,0.0,0.0,0.0,0.0,0.0,0.0,0.0,0.0,0.0,0.0,0.0,0.0,0.0,0.0,0.0,0.0,0.0,0.0,0.0,0.0,0.0,0.0,0.0,0.0,0.0,0.0,0.0,0.0,0.0,0.0,0.0,0.0,0.0,0.0,0.0,0.0,0.0,0.0,0.0,0.0,0.0,0.0,0.0,0.0,0.0,0.0,0.0,0.770901620388031,1.0202847719192505,6.22392462901189e-07,0.8195366859436035,0.9102781414985657,0.027361083775758743,0.8097429275512695,0.8098620176315308,0.030891038477420807,0.7654435634613037,0.748615026473999,0.028220510110259056,0.7245060205459595,0.7232837677001953,0.023852644488215446,0.8214436173439026,0.7598329186439514,-0.0033584933262318373,0.80118328332901,0.6185734272003174,-0.010689646936953068,0.7898304462432861,0.545352041721344,-0.013492180965840816,0.7764862775802612,0.4854004681110382,-0.013338507153093815,0.7657889127731323,0.7581832408905029,-0.019474098458886147,0.7543118000030518,0.6073188781738281,-0.02097257971763611,0.7452064752578735,0.5203132033348083,-0.02083028480410576,0.7325602173805237,0.4548821747303009,-0.020739244297146797,0.7112329602241516,0.7718406319618225,-0.030035948380827904,0.7028950452804565,0.6706295609474182,-0.02063833922147751,0.7189474105834961,0.7097386717796326,-0.004210238344967365,0.7243845462799072,0.7521829605102539,0.007459492888301611,0.6684025526046753,0.7992154359817505,-0.03940163925290108,0.6842663884162903,0.7439024448394775,-0.0229660551995039,0.702599823474884,0.7716031670570374,-0.0012929156655445695,0.7111845016479492,0.8035352826118469,0.015556829050183296,И
0.0,0.0,0.0,0.0,0.0,0.0,0.0,0.0,0.0,0.0,0.0,0.0,0.0,0.0,0.0,0.0,0.0,0.0,0.0,0.0,0.0,0.0,0.0,0.0,0.0,0.0,0.0,0.0,0.0,0.0,0.0,0.0,0.0,0.0,0.0,0.0,0.0,0.0,0.0,0.0,0.0,0.0,0.0,0.0,0.0,0.0,0.0,0.0,0.0,0.0,0.0,0.0,0.0,0.0,0.0,0.0,0.0,0.0,0.0,0.0,0.0,0.0,0.0,0.7713651657104492,1.0166478157043457,6.515338100143708e-07,0.8219770193099976,0.9103189706802368,0.01607002690434456,0.8103152513504028,0.801693856716156,0.015044711530208588,0.7592688798904419,0.7421291470527649,0.010073652490973473,0.7125848531723022,0.7180635333061218,0.004327853675931692,0.8232542276382446,0.7580418586730957,-0.010873334482312202,0.8024137616157532,0.6193511486053467,-0.017949283123016357,0.7923266887664795,0.5504014492034912,-0.01951330341398716,0.7795705795288086,0.49220380187034607,-0.01921146921813488,0.7654778361320496,0.7562564015388489,-0.023381495848298073,0.752950131893158,0.6034306287765503,-0.02744787558913231,0.7452576756477356,0.5193613767623901,-0.02831241488456726,0.732734739780426,0.4532221555709839,-0.028882360085844994,0.7096666693687439,0.7694591283798218,-0.031476862728595734,0.7041699886322021,0.6604584455490112,-0.030212802812457085,0.7213630080223083,0.7051657438278198,-0.01834126189351082,0.7265114188194275,0.7511042356491089,-0.00824697595089674,0.6669573783874512,0.7935441732406616,-0.038609329611063004,0.6883302927017212,0.7400799989700317,-0.030486810952425003,0.7088280320167542,0.7680882811546326,-0.014113407582044601,0.7159715890884399,0.7982872724533081,-0.0005762898363173008,И
0.0,0.0,0.0,0.0,0.0,0.0,0.0,0.0,0.0,0.0,0.0,0.0,0.0,0.0,0.0,0.0,0.0,0.0,0.0,0.0,0.0,0.0,0.0,0.0,0.0,0.0,0.0,0.0,0.0,0.0,0.0,0.0,0.0,0.0,0.0,0.0,0.0,0.0,0.0,0.0,0.0,0.0,0.0,0.0,0.0,0.0,0.0,0.0,0.0,0.0,0.0,0.0,0.0,0.0,0.0,0.0,0.0,0.0,0.0,0.0,0.0,0.0,0.0,0.7723455429077148,1.0204761028289795,6.417245117518178e-07,0.8202577233314514,0.9114745259284973,0.027064530178904533,0.8103150129318237,0.8074790239334106,0.029934287071228027,0.7642375230789185,0.7465259432792664,0.02660256437957287,0.7195034623146057,0.7232508063316345,0.021951040253043175,0.8245030641555786,0.7563907504081726,-0.002446839353069663,0.8022688031196594,0.6162149906158447,-0.007604878395795822,0.7903818488121033,0.5435069799423218,-0.007992898114025593,0.7756920456886292,0.4843144416809082,-0.006716002244502306,0.7692614197731018,0.7527737021446228,-0.019263848662376404,0.7554493546485901,0.6003815531730652,-0.02084481157362461,0.744867742061615,0.5146664381027222,-0.02053954266011715,0.7314004898071289,0.4510684013366699,-0.019921235740184784,0.7140711545944214,0.7671881318092346,-0.0305084977298975,0.7013303637504578,0.6665388941764832,-0.022070201113820076,0.7141183614730835,0.7121630907058716,-0.006581548601388931,0.7195265889167786,0.7586067318916321,0.004909454379230738,0.6698485016822815,0.7955688238143921,-0.04045460745692253,0.6806148886680603,0.7513279914855957,-0.02558010257780552,0.697263777256012,0.7808666229248047,-0.006428282242268324,0.7057541012763977,0.8105595707893372,0.008883094415068626,И
0.0,0.0,0.0,0.0,0.0,0.0,0.0,0.0,0.0,0.0,0.0,0.0,0.0,0.0,0.0,0.0,0.0,0.0,0.0,0.0,0.0,0.0,0.0,0.0,0.0,0.0,0.0,0.0,0.0,0.0,0.0,0.0,0.0,0.0,0.0,0.0,0.0,0.0,0.0,0.0,0.0,0.0,0.0,0.0,0.0,0.0,0.0,0.0,0.0,0.0,0.0,0.0,0.0,0.0,0.0,0.0,0.0,0.0,0.0,0.0,0.0,0.0,0.0,0.77253258228302,1.0212466716766357,6.35585649888526e-07,0.8209474086761475,0.91357421875,0.025348350405693054,0.8092945218086243,0.8080551624298096,0.028528500348329544,0.7619480490684509,0.7465904355049133,0.02595103159546852,0.7188407182693481,0.7218688130378723,0.022298486903309822,0.8250943422317505,0.7588944435119629,-0.0030894603114575148,0.8022910952568054,0.6172089576721191,-0.008613742887973785,0.7909557819366455,0.5449053645133972,-0.009227274917066097,0.7770993709564209,0.48625901341438293,-0.007915416732430458,0.7688665986061096,0.7541358470916748,-0.01828470267355442,0.7544503808021545,0.6008127927780151,-0.019334008917212486,0.7446913719177246,0.5159779787063599,-0.018655117601156235,0.7317312955856323,0.4517366588115692,-0.01781504601240158,0.7137352824211121,0.7668156027793884,-0.028108255937695503,0.6997548937797546,0.665012776851654,-0.019140424206852913,0.7139597535133362,0.7103796601295471,-0.0036348996218293905,0.7195325493812561,0.7555069327354431,0.007683319505304098,0.6701791286468506,0.7940648198127747,-0.03682691976428032,0.6832166910171509,0.7507309913635254,-0.021973593160510063,0.7016613483428955,0.780558168888092,-0.0032007379923015833,0.7105216979980469,0.8094407320022583,0.011729985475540161,И
0.0,0.0,0.0,0.0,0.0,0.0,0.0,0.0,0.0,0.0,0.0,0.0,0.0,0.0,0.0,0.0,0.0,0.0,0.0,0.0,0.0,0.0,0.0,0.0,0.0,0.0,0.0,0.0,0.0,0.0,0.0,0.0,0.0,0.0,0.0,0.0,0.0,0.0,0.0,0.0,0.0,0.0,0.0,0.0,0.0,0.0,0.0,0.0,0.0,0.0,0.0,0.0,0.0,0.0,0.0,0.0,0.0,0.0,0.0,0.0,0.0,0.0,0.0,0.7701611518859863,1.0140330791473389,6.343034897327016e-07,0.8196053504943848,0.9051047563552856,0.023024842143058777,0.8115810751914978,0.8036131858825684,0.024278946220874786,0.7678498029708862,0.7436614632606506,0.020014563575387,0.7240524291992188,0.7217707633972168,0.014312890358269215,0.8246345520019531,0.7565945386886597,-0.005952749401330948,0.8020734786987305,0.6181920766830444,-0.012698004022240639,0.7901420593261719,0.5465399026870728,-0.014583459123969078,0.7767300009727478,0.4881542921066284,-0.013963530771434307,0.7686235904693604,0.7544208765029907,-0.021353676915168762,0.7540990710258484,0.6047114729881287,-0.024294260889291763,0.7445933222770691,0.5191613435745239,-0.025124041363596916,0.7327598929405212,0.4553184509277344,-0.025302186608314514,0.7133474946022034,0.7685632705688477,-0.03161038085818291,0.7038325071334839,0.6681229472160339,-0.026141250506043434,0.7179756760597229,0.7099762558937073,-0.012270070612430573,0.7232211232185364,0.7547993659973145,-0.0013119371142238379,0.6691519021987915,0.795364499092102,-0.04070097580552101,0.6827976107597351,0.743943989276886,-0.027604352682828903,0.6998570561408997,0.7724241614341736,-0.008028625510632992,0.707179605960846,0.8039551973342896,0.007738675456494093,И
0.0,0.0,0.0,0.0,0.0,0.0,0.0,0.0,0.0,0.0,0.0,0.0,0.0,0.0,0.0,0.0,0.0,0.0,0.0,0.0,0.0,0.0,0.0,0.0,0.0,0.0,0.0,0.0,0.0,0.0,0.0,0.0,0.0,0.0,0.0,0.0,0.0,0.0,0.0,0.0,0.0,0.0,0.0,0.0,0.0,0.0,0.0,0.0,0.0,0.0,0.0,0.0,0.0,0.0,0.0,0.0,0.0,0.0,0.0,0.0,0.0,0.0,0.0,0.7731059193611145,1.0220060348510742,6.357198003570375e-07,0.8233848810195923,0.915332555770874,0.023666007444262505,0.8131318688392639,0.8134157657623291,0.026991073042154312,0.7646830677986145,0.753984272480011,0.024419432505965233,0.7181341052055359,0.7324019074440002,0.02047908306121826,0.8219258785247803,0.7589914798736572,-0.0008122280123643577,0.8013784885406494,0.6207651495933533,-0.005206772591918707,0.7897433638572693,0.5479809045791626,-0.0060064708814024925,0.7759600281715393,0.4876411259174347,-0.005436432547867298,0.7667772769927979,0.7531183958053589,-0.01601206324994564,0.7537941336631775,0.6051665544509888,-0.016894852742552757,0.7438520789146423,0.5189476013183594,-0.01744990050792694,0.7320258021354675,0.45483464002609253,-0.018084263429045677,0.7126345038414001,0.765713095664978,-0.026272926479578018,0.703030526638031,0.6688074469566345,-0.0194806307554245,0.715302586555481,0.7120682001113892,-0.0063353413715958595,0.7195445895195007,0.7582685947418213,0.003513953648507595,0.6696291565895081,0.7917795181274414,-0.03542099893093109,0.6835349798202515,0.7459829449653625,-0.022649366408586502,0.7012881636619568,0.7745844125747681,-0.0046585602685809135,0.7098992466926575,0.8059097528457642,0.009739250876009464,И
0.0,0.0,0.0,0.0,0.0,0.0,0.0,0.0,0.0,0.0,0.0,0.0,0.0,0.0,0.0,0.0,0.0,0.0,0.0,0.0,0.0,0.0,0.0,0.0,0.0,0.0,0.0,0.0,0.0,0.0,0.0,0.0,0.0,0.0,0.0,0.0,0.0,0.0,0.0,0.0,0.0,0.0,0.0,0.0,0.0,0.0,0.0,0.0,0.0,0.0,0.0,0.0,0.0,0.0,0.0,0.0,0.0,0.0,0.0,0.0,0.0,0.0,0.0,0.7707948684692383,1.0132420063018799,6.113597237344948e-07,0.8209145069122314,0.9107750654220581,0.023054538294672966,0.8109791278839111,0.8059285283088684,0.025804560631513596,0.7630820870399475,0.7401654124259949,0.023725848644971848,0.719282865524292,0.7115114331245422,0.020449787378311157,0.824236273765564,0.7591680288314819,-0.006527297664433718,0.801360547542572,0.6162753105163574,-0.011173170991241932,0.7905212640762329,0.5447821617126465,-0.0110230827704072,0.7775274515151978,0.4848509430885315,-0.009492484852671623,0.7679725289344788,0.7555056214332581,-0.020429493859410286,0.7533636093139648,0.6037585735321045,-0.021234428510069847,0.7437293529510498,0.5181410908699036,-0.019966499879956245,0.7309797406196594,0.4517628252506256,-0.01920195296406746,0.7128077149391174,0.7677658796310425,-0.029016656801104546,0.7022830247879028,0.661079466342926,-0.021621184423565865,0.7169463634490967,0.7060180306434631,-0.005918948911130428,0.7216346263885498,0.7527412176132202,0.005534878931939602,0.6692260503768921,0.7935726642608643,-0.036417875438928604,0.6836884021759033,0.7406937479972839,-0.023871203884482384,0.7015341520309448,0.7699403762817383,-0.005148774012923241,0.7087355256080627,0.8013834357261658,0.00981969479471445,И
0.0,0.0,0.0,0.0,0.0,0.0,0.0,0.0,0.0,0.0,0.0,0.0,0.0,0.0,0.0,0.0,0.0,0.0,0.0,0.0,0.0,0.0,0.0,0.0,0.0,0.0,0.0,0.0,0.0,0.0,0.0,0.0,0.0,0.0,0.0,0.0,0.0,0.0,0.0,0.0,0.0,0.0,0.0,0.0,0.0,0.0,0.0,0.0,0.0,0.0,0.0,0.0,0.0,0.0,0.0,0.0,0.0,0.0,0.0,0.0,0.0,0.0,0.0,0.769240140914917,1.0225399732589722,5.961601914350467e-07,0.8204151391983032,0.9183725714683533,0.02403436414897442,0.8122808933258057,0.815108597278595,0.02776382490992546,0.7678001523017883,0.7520434260368347,0.026085568591952324,0.7253496050834656,0.7276621460914612,0.02306334488093853,0.8241041302680969,0.7626497745513916,-0.0032310704700648785,0.8013171553611755,0.6228348016738892,-0.007897499017417431,0.7890042662620544,0.5509927272796631,-0.008719226345419884,0.7743824124336243,0.4924446642398834,-0.007748945616185665,0.7672896981239319,0.7589502334594727,-0.01773541420698166,0.7527064681053162,0.6096950173377991,-0.018258223310112953,0.7424495220184326,0.5240859985351562,-0.018050523474812508,0.7292487621307373,0.4598555266857147,-0.01790190301835537,0.7119910717010498,0.772731363773346,-0.027010351419448853,0.7022099494934082,0.671097993850708,-0.018572689965367317,0.7166089415550232,0.7136965990066528,-0.003905708435922861,0.7214542627334595,0.7584249973297119,0.006832296494394541,0.6682314872741699,0.8001028299331665,-0.035167913883924484,0.682192325592041,0.7482048273086548,-0.020565291866660118,0.6995540857315063,0.7766249179840088,-0.0011973745422437787,0.7075714468955994,0.8079249858856201,0.014124938286840916,И
0.0,0.0,0.0,0.0,0.0,0.0,0.0,0.0,0.0,0.0,0.0,0.0,0.0,0.0,0.0,0.0,0.0,0.0,0.0,0.0,0.0,0.0,0.0,0.0,0.0,0.0,0.0,0.0,0.0,0.0,0.0,0.0,0.0,0.0,0.0,0.0,0.0,0.0,0.0,0.0,0.0,0.0,0.0,0.0,0.0,0.0,0.0,0.0,0.0,0.0,0.0,0.0,0.0,0.0,0.0,0.0,0.0,0.0,0.0,0.0,0.0,0.0,0.0,0.77208411693573,1.0208755731582642,5.908091793571657e-07,0.8238129615783691,0.9162119626998901,0.02643449977040291,0.8166024088859558,0.8131212592124939,0.03159347549080849,0.7734972238540649,0.7507501840591431,0.030637983232736588,0.7294968962669373,0.7296476364135742,0.027995534241199493,0.8257871866226196,0.7565222978591919,0.001247492851689458,0.8033912777900696,0.6165218353271484,-0.0026761817280203104,0.7908564209938049,0.5429539680480957,-0.0031637123320251703,0.7759537696838379,0.48416662216186523,-0.001958648208528757,0.7695844173431396,0.7511746287345886,-0.014676520600914955,0.7556678652763367,0.5998126864433289,-0.01576082408428192,0.7443190217018127,0.5143924951553345,-0.015942461788654327,0.7307766079902649,0.4534488916397095,-0.015319934114813805,0.714204728603363,0.7654516696929932,-0.02529255487024784,0.7020527720451355,0.6630756855010986,-0.017913954332470894,0.7150285840034485,0.7072149515151978,-0.0029098675586283207,0.7203749418258667,0.7535913586616516,0.008874396793544292,0.6699634194374084,0.7950928807258606,-0.034508466720581055,0.6807926893234253,0.7409833669662476,-0.02023123949766159,0.697326123714447,0.771493673324585,0.00024008535547181964,0.7057861089706421,0.804196834564209,0.016884956508874893,И
0.0,0.0,0.0,0.0,0.0,0.0,0.0,0.0,0.0,0.0,0.0,0.0,0.0,0.0,0.0,0.0,0.0,0.0,0.0,0.0,0.0,0.0,0.0,0.0,0.0,0.0,0.0,0.0,0.0,0.0,0.0,0.0,0.0,0.0,0.0,0.0,0.0,0.0,0.0,0.0,0.0,0.0,0.0,0.0,0.0,0.0,0.0,0.0,0.0,0.0,0.0,0.0,0.0,0.0,0.0,0.0,0.0,0.0,0.0,0.0,0.0,0.0,0.0,0.7728769183158875,1.0225629806518555,5.998792858008528e-07,0.820939302444458,0.9131534695625305,0.02989771217107773,0.8121233582496643,0.8084548115730286,0.035373955965042114,0.768268346786499,0.7470333576202393,0.03381866216659546,0.7237805128097534,0.7268389463424683,0.0307648703455925,0.8250280022621155,0.7557448744773865,0.005013827234506607,0.8010843992233276,0.6157116293907166,0.002716064453125,0.7878501415252686,0.5441176891326904,0.003955394960939884,0.7723757028579712,0.48659613728523254,0.006194303277879953,0.769700825214386,0.7534115314483643,-0.013241917826235294,0.7526587247848511,0.5985018610954285,-0.013767761178314686,0.7409298419952393,0.5139482021331787,-0.013491511344909668,0.7270597219467163,0.4534354507923126,-0.01259092427790165,0.7139989137649536,0.76887047290802,-0.02597537636756897,0.7020673751831055,0.6652008891105652,-0.01798936165869236,0.715332567691803,0.7114694714546204,-0.0026084869168698788,0.7198350429534912,0.7579635381698608,0.009275993332266808,0.6691777110099792,0.7976998686790466,-0.03701125830411911,0.6824154853820801,0.7419517636299133,-0.021594161167740822,0.6997581124305725,0.7724137306213379,-0.0006304914713837206,0.7073462605476379,0.8041858673095703,0.016007689759135246,И
0.0,0.0,0.0,0.0,0.0,0.0,0.0,0.0,0.0,0.0,0.0,0.0,0.0,0.0,0.0,0.0,0.0,0.0,0.0,0.0,0.0,0.0,0.0,0.0,0.0,0.0,0.0,0.0,0.0,0.0,0.0,0.0,0.0,0.0,0.0,0.0,0.0,0.0,0.0,0.0,0.0,0.0,0.0,0.0,0.0,0.0,0.0,0.0,0.0,0.0,0.0,0.0,0.0,0.0,0.0,0.0,0.0,0.0,0.0,0.0,0.0,0.0,0.0,0.7713546752929688,1.029785394668579,6.056205279492133e-07,0.8221758604049683,0.9239661693572998,0.024697763845324516,0.8112939596176147,0.8176023960113525,0.028893446549773216,0.7627255916595459,0.7536062598228455,0.02743091806769371,0.7186776995658875,0.7268519401550293,0.02503504604101181,0.8230268955230713,0.7643515467643738,0.0003861043369397521,0.801189661026001,0.621642529964447,-0.00223317532800138,0.7888444066047668,0.54947829246521,-0.0008841826347634196,0.7735766768455505,0.4910859167575836,0.0013068346306681633,0.7659897208213806,0.7600865364074707,-0.014807014726102352,0.7523133158683777,0.6068117618560791,-0.015189249999821186,0.7413057088851929,0.5224987268447876,-0.01455673761665821,0.7272863984107971,0.4598197937011719,-0.013730072416365147,0.7102487683296204,0.7736669182777405,-0.02491747960448265,0.7002579569816589,0.6668058037757874,-0.01800031028687954,0.7142013311386108,0.7132586240768433,-0.0038240503054112196,0.7192137241363525,0.7608073353767395,0.007220008876174688,0.6661576628684998,0.8013749718666077,-0.033636804670095444,0.6814677715301514,0.7491804361343384,-0.020911088213324547,0.6995425224304199,0.7771564722061157,-0.002978442469611764,0.7079541087150574,0.8067091107368469,0.011711521074175835,И
0.0,0.0,0.0,0.0,0.0,0.0,0.0,0.0,0.0,0.0,0.0,0.0,0.0,0.0,0.0,0.0,0.0,0.0,0.0,0.0,0.0,0.0,0.0,0.0,0.0,0.0,0.0,0.0,0.0,0.0,0.0,0.0,0.0,0.0,0.0,0.0,0.0,0.0,0.0,0.0,0.0,0.0,0.0,0.0,0.0,0.0,0.0,0.0,0.0,0.0,0.0,0.0,0.0,0.0,0.0,0.0,0.0,0.0,0.0,0.0,0.0,0.0,0.0,0.7696316838264465,1.0167850255966187,5.69231019653671e-07,0.818941593170166,0.9107416868209839,0.03158210590481758,0.8085019588470459,0.8068124651908875,0.0376996286213398,0.7589173316955566,0.7383278012275696,0.03788464143872261,0.714270830154419,0.7097622156143188,0.03701189532876015,0.8229650855064392,0.7582032084465027,0.0024041756987571716,0.797546923160553,0.6158397793769836,0.002939217956736684,0.7846076488494873,0.5458288788795471,0.006432574708014727,0.7694630026817322,0.4885305166244507,0.009714883752167225,0.766464114189148,0.7568613886833191,-0.013735245913267136,0.7506659626960754,0.6037724018096924,-0.01071749348193407,0.7391492128372192,0.5193560123443604,-0.00810632761567831,0.7243676781654358,0.4562704563140869,-0.00698446948081255,0.7108355760574341,0.7716540098190308,-0.023512987419962883,0.6971680521965027,0.6679869890213013,-0.007945203222334385,0.7129813432693481,0.7153463363647461,0.011243836022913456,0.7183041572570801,0.761690616607666,0.02304651401937008,0.667984664440155,0.7998599410057068,-0.03173253312706947,0.6801702380180359,0.747384786605835,-0.01054177526384592,0.6974700689315796,0.7775720357894897,0.011514255777001381,0.7044989466667175,0.8090768456459045,0.02732032723724842,И
0.0,0.0,0.0,0.0,0.0,0.0,0.0,0.0,0.0,0.0,0.0,0.0,0.0,0.0,0.0,0.0,0.0,0.0,0.0,0.0,0.0,0.0,0.0,0.0,0.0,0.0,0.0,0.0,0.0,0.0,0.0,0.0,0.0,0.0,0.0,0.0,0.0,0.0,0.0,0.0,0.0,0.0,0.0,0.0,0.0,0.0,0.0,0.0,0.0,0.0,0.0,0.0,0.0,0.0,0.0,0.0,0.0,0.0,0.0,0.0,0.0,0.0,0.0,0.7785042524337769,1.0252585411071777,5.67148276786611e-07,0.823994517326355,0.917057991027832,0.03523721173405647,0.8145142197608948,0.8125998973846436,0.043728917837142944,0.7721866369247437,0.7534447312355042,0.0441826768219471,0.7285128831863403,0.7366738319396973,0.04261317849159241,0.8267995119094849,0.7554286122322083,0.010908294469118118,0.8007071018218994,0.6188640594482422,0.011053977534174919,0.7879423499107361,0.5476671457290649,0.012829778715968132,0.7739167213439941,0.4898446202278137,0.01486233901232481,0.7715771794319153,0.7529935240745544,-0.008893067017197609,0.7525202035903931,0.6020243763923645,-0.005757822189480066,0.740501880645752,0.5177634954452515,-0.004743154626339674,0.7272602319717407,0.4577970504760742,-0.00438319519162178,0.7160173654556274,0.7701622843742371,-0.022730153053998947,0.6994150876998901,0.6671984791755676,-0.010328938253223896,0.7121016383171082,0.7117655873298645,0.00552839320152998,0.7179644107818604,0.7569717168807983,0.016316160559654236,0.6711324453353882,0.8019066452980042,-0.034566253423690796,0.6789509057998657,0.7480127215385437,-0.01655706577003002,0.696190357208252,0.7778974771499634,0.004243136383593082,0.7056652903556824,0.80936598777771,0.02008054405450821,И
0.0,0.0,0.0,0.0,0.0,0.0,0.0,0.0,0.0,0.0,0.0,0.0,0.0,0.0,0.0,0.0,0.0,0.0,0.0,0.0,0.0,0.0,0.0,0.0,0.0,0.0,0.0,0.0,0.0,0.0,0.0,0.0,0.0,0.0,0.0,0.0,0.0,0.0,0.0,0.0,0.0,0.0,0.0,0.0,0.0,0.0,0.0,0.0,0.0,0.0,0.0,0.0,0.0,0.0,0.0,0.0,0.0,0.0,0.0,0.0,0.0,0.0,0.0,0.7726327180862427,1.029508113861084,5.837421213072957e-07,0.8227753043174744,0.9211364984512329,0.027532845735549927,0.8146623373031616,0.817211389541626,0.03180694952607155,0.7687436938285828,0.7525166869163513,0.029700791463255882,0.7253863215446472,0.7268855571746826,0.02603166177868843,0.8266009092330933,0.763846218585968,0.0003896498237736523,0.8024768829345703,0.6249469518661499,-0.004918933846056461,0.7899541854858398,0.5520391464233398,-0.0058718654327094555,0.7753564715385437,0.49329403042793274,-0.004737561568617821,0.770759105682373,0.7617888450622559,-0.0167886670678854,0.7534084320068359,0.6092061996459961,-0.018905416131019592,0.7411327958106995,0.5237494111061096,-0.019426831975579262,0.7267552614212036,0.46200665831565857,-0.019014522433280945,0.715681791305542,0.7781303524971008,-0.028526708483695984,0.7006950378417969,0.6755416393280029,-0.021307868883013725,0.7149128317832947,0.7192610502243042,-0.005727419164031744,0.7207463383674622,0.7642314434051514,0.006499363575130701,0.6711331009864807,0.808954119682312,-0.03874753788113594,0.6795802116394043,0.7497373223304749,-0.02319195307791233,0.6961730122566223,0.7778723835945129,-0.0015455355169251561,0.7039657235145569,0.8090314865112305,0.015693992376327515,И
0.0,0.0,0.0,0.0,0.0,0.0,0.0,0.0,0.0,0.0,0.0,0.0,0.0,0.0,0.0,0.0,0.0,0.0,0.0,0.0,0.0,0.0,0.0,0.0,0.0,0.0,0.0,0.0,0.0,0.0,0.0,0.0,0.0,0.0,0.0,0.0,0.0,0.0,0.0,0.0,0.0,0.0,0.0,0.0,0.0,0.0,0.0,0.0,0.0,0.0,0.0,0.0,0.0,0.0,0.0,0.0,0.0,0.0,0.0,0.0,0.0,0.0,0.0,0.7727498412132263,1.0183005332946777,5.71781754388212e-07,0.82164067029953,0.9137097597122192,0.0284876711666584,0.8135126829147339,0.8107868432998657,0.03253984823822975,0.7649790048599243,0.7464911341667175,0.03076721727848053,0.7177504301071167,0.723498523235321,0.027465326711535454,0.8267195820808411,0.7611647844314575,-0.00014632506645284593,0.8000501394271851,0.62245774269104,-0.0023327702656388283,0.7867006063461304,0.5522565245628357,-0.0017203263705596328,0.7718410491943359,0.4938047230243683,-0.0004570060409605503,0.7706463932991028,0.7610646486282349,-0.016285618767142296,0.754093587398529,0.6095589399337769,-0.014892412349581718,0.741411030292511,0.5254024863243103,-0.014565055258572102,0.7262204885482788,0.4633983373641968,-0.015369833447039127,0.715563952922821,0.7765325903892517,-0.026536036282777786,0.700803816318512,0.6718253493309021,-0.014971482567489147,0.7147117257118225,0.7180162072181702,0.0009610389824956656,0.720533013343811,0.7644354104995728,0.011143714189529419,0.6724096536636353,0.8030639290809631,-0.03522047773003578,0.6813687086105347,0.7487137913703918,-0.017628999426960945,0.6977663040161133,0.7791662216186523,0.002833463717252016,0.7053281664848328,0.8106898665428162,0.017774861305952072,И
0.0,0.0,0.0,0.0,0.0,0.0,0.0,0.0,0.0,0.0,0.0,0.0,0.0,0.0,0.0,0.0,0.0,0.0,0.0,0.0,0.0,0.0,0.0,0.0,0.0,0.0,0.0,0.0,0.0,0.0,0.0,0.0,0.0,0.0,0.0,0.0,0.0,0.0,0.0,0.0,0.0,0.0,0.0,0.0,0.0,0.0,0.0,0.0,0.0,0.0,0.0,0.0,0.0,0.0,0.0,0.0,0.0,0.0,0.0,0.0,0.0,0.0,0.0,0.7638678550720215,1.0526766777038574,4.927580903313356e-07,0.8147422075271606,0.9520853161811829,0.02041999250650406,0.8097327947616577,0.8459165692329407,0.02301565185189247,0.7636590600013733,0.7807421088218689,0.021063854917883873,0.7220638394355774,0.7540160417556763,0.017680687829852104,0.8152049779891968,0.8009836077690125,-0.007940508425235748,0.7920649647712708,0.6630063056945801,-0.013250906951725483,0.778240978717804,0.5943524837493896,-0.012980869971215725,0.7631843090057373,0.5374563932418823,-0.011561536230146885,0.7611850500106812,0.800597071647644,-0.021856272593140602,0.7445990443229675,0.6499144434928894,-0.02442801743745804,0.7347045540809631,0.5697058439254761,-0.023223407566547394,0.7218561172485352,0.5072023868560791,-0.022254440933465958,0.7092828750610352,0.8172001242637634,-0.030841413885354996,0.6974777579307556,0.7050533294677734,-0.029351484030485153,0.7126417756080627,0.7484708428382874,-0.015390893444418907,0.7184837460517883,0.7926609516143799,-0.003624360542744398,0.6677228808403015,0.8479563593864441,-0.038274362683296204,0.6780375242233276,0.7854501605033875,-0.030558735132217407,0.6942198276519775,0.8128601908683777,-0.012751191854476929,0.7003272175788879,0.8441979289054871,0.0022202995605766773,И
0.0,0.0,0.0,0.0,0.0,0.0,0.0,0.0,0.0,0.0,0.0,0.0,0.0,0.0,0.0,0.0,0.0,0.0,0.0,0.0,0.0,0.0,0.0,0.0,0.0,0.0,0.0,0.0,0.0,0.0,0.0,0.0,0.0,0.0,0.0,0.0,0.0,0.0,0.0,0.0,0.0,0.0,0.0,0.0,0.0,0.0,0.0,0.0,0.0,0.0,0.0,0.0,0.0,0.0,0.0,0.0,0.0,0.0,0.0,0.0,0.0,0.0,0.0,0.7619476914405823,1.0606540441513062,5.254747748040245e-07,0.8087022304534912,0.9646003246307373,0.01593584008514881,0.8022180199623108,0.8627477884292603,0.015483088791370392,0.7568567991256714,0.8017550110816956,0.011339796707034111,0.7130589485168457,0.7795717120170593,0.00604988494887948,0.8117140531539917,0.8200040459632874,-0.01332315057516098,0.78313809633255,0.680995523929596,-0.02103138342499733,0.7679843306541443,0.6143215894699097,-0.021608620882034302,0.7514787316322327,0.5596377849578857,-0.02013380080461502,0.7577334642410278,0.8201764822006226,-0.025609897449612617,0.7372980713844299,0.6698617339134216,-0.030286654829978943,0.7247647643089294,0.592271625995636,-0.030076809227466583,0.7107200026512146,0.5332257151603699,-0.029189299792051315,0.7049037218093872,0.8362699747085571,-0.033377017825841904,0.6878975629806519,0.7285374402999878,-0.032835833728313446,0.7004795074462891,0.7752996683120728,-0.01874438300728798,0.706524670124054,0.820149302482605,-0.006687259301543236,0.6619911193847656,0.8643347024917603,-0.040112562477588654,0.6676837205886841,0.8091955184936523,-0.03296900913119316,0.6809396743774414,0.8392760157585144,-0.015551057644188404,0.6862257122993469,0.8686230778694153,-0.0007403111667372286,И
0.0,0.0,0.0,0.0,0.0,0.0,0.0,0.0,0.0,0.0,0.0,0.0,0.0,0.0,0.0,0.0,0.0,0.0,0.0,0.0,0.0,0.0,0.0,0.0,0.0,0.0,0.0,0.0,0.0,0.0,0.0,0.0,0.0,0.0,0.0,0.0,0.0,0.0,0.0,0.0,0.0,0.0,0.0,0.0,0.0,0.0,0.0,0.0,0.0,0.0,0.0,0.0,0.0,0.0,0.0,0.0,0.0,0.0,0.0,0.0,0.0,0.0,0.0,0.7605208158493042,1.0690343379974365,5.149847197571944e-07,0.8068233132362366,0.971366286277771,0.025715971365571022,0.8023355007171631,0.8721684217453003,0.029666868969798088,0.7607212066650391,0.8064901232719421,0.02790156379342079,0.717397153377533,0.7835752367973328,0.024695979431271553,0.8091285228729248,0.8172596096992493,-0.00048810121370479465,0.7799038887023926,0.6830698251724243,-0.0032575936056673527,0.7649807333946228,0.6158801913261414,-0.001985074020922184,0.7485230565071106,0.5614926815032959,0.0001103840404539369,0.7558823823928833,0.8169377446174622,-0.016469284892082214,0.7337668538093567,0.6704401969909668,-0.01781337894499302,0.720136821269989,0.5916503071784973,-0.017262335866689682,0.7050366401672363,0.534265398979187,-0.01626649498939514,0.7030392289161682,0.8352330327033997,-0.027001798152923584,0.6849373579025269,0.7340008020401001,-0.019950522109866142,0.6987578868865967,0.7806097865104675,-0.002836687956005335,0.7049363851547241,0.8253040909767151,0.010117213241755962,0.6603413224220276,0.867623507976532,-0.03613543137907982,0.6635755300521851,0.8115999698638916,-0.022295039147138596,0.678970992565155,0.8410122394561768,-0.0011825027177110314,0.6861633062362671,0.8711384534835815,0.015668876469135284,И
0.0,0.0,0.0,0.0,0.0,0.0,0.0,0.0,0.0,0.0,0.0,0.0,0.0,0.0,0.0,0.0,0.0,0.0,0.0,0.0,0.0,0.0,0.0,0.0,0.0,0.0,0.0,0.0,0.0,0.0,0.0,0.0,0.0,0.0,0.0,0.0,0.0,0.0,0.0,0.0,0.0,0.0,0.0,0.0,0.0,0.0,0.0,0.0,0.0,0.0,0.0,0.0,0.0,0.0,0.0,0.0,0.0,0.0,0.0,0.0,0.0,0.0,0.0,0.7619729042053223,1.056640625,5.704770273950999e-07,0.808114767074585,0.9625704884529114,0.016028234735131264,0.803601861000061,0.8633760809898376,0.01528537180274725,0.7588391900062561,0.801498532295227,0.010825632140040398,0.7130902409553528,0.7799599766731262,0.005432112142443657,0.8103535175323486,0.8148139119148254,-0.012769883498549461,0.7829680442810059,0.6802617907524109,-0.020423786714673042,0.768531322479248,0.6121843457221985,-0.02078947238624096,0.7527181506156921,0.5576199293136597,-0.01895902492105961,0.7563814520835876,0.8129810690879822,-0.025447433814406395,0.7348487377166748,0.6633913516998291,-0.031172536313533783,0.7207452058792114,0.5834895968437195,-0.03151610866189003,0.7057328224182129,0.526600182056427,-0.03015737421810627,0.7034657001495361,0.8285661339759827,-0.03350274637341499,0.6884150505065918,0.7285337448120117,-0.03343965858221054,0.7015271186828613,0.7750083804130554,-0.019363848492503166,0.7077118754386902,0.8212860822677612,-0.006498132366687059,0.6600704789161682,0.8565001487731934,-0.04052156209945679,0.6674743294715881,0.8050163984298706,-0.032505907118320465,0.6825457811355591,0.8346948623657227,-0.014178616926074028,0.6886387467384338,0.8645776510238647,0.0017287593800574541,И
0.0,0.0,0.0,0.0,0.0,0.0,0.0,0.0,0.0,0.0,0.0,0.0,0.0,0.0,0.0,0.0,0.0,0.0,0.0,0.0,0.0,0.0,0.0,0.0,0.0,0.0,0.0,0.0,0.0,0.0,0.0,0.0,0.0,0.0,0.0,0.0,0.0,0.0,0.0,0.0,0.0,0.0,0.0,0.0,0.0,0.0,0.0,0.0,0.0,0.0,0.0,0.0,0.0,0.0,0.0,0.0,0.0,0.0,0.0,0.0,0.0,0.0,0.0,0.7606686949729919,1.0601239204406738,5.302759973346838e-07,0.8062617778778076,0.9630138278007507,0.014858730137348175,0.8004832863807678,0.8627152442932129,0.012941365130245686,0.7529115080833435,0.8021760582923889,0.007356003858149052,0.7073783278465271,0.7794089913368225,0.0008137425757013261,0.8082449436187744,0.8219789862632751,-0.015249870717525482,0.7812374234199524,0.6849677562713623,-0.024499572813510895,0.7660742998123169,0.6178781986236572,-0.025991544127464294,0.7496132254600525,0.562619686126709,-0.02551623247563839,0.754881739616394,0.8217215538024902,-0.028142910450696945,0.733830988407135,0.6729535460472107,-0.03555053472518921,0.7205654382705688,0.5943739414215088,-0.03663705289363861,0.7053637504577637,0.5337021350860596,-0.03680016100406647,0.7025324702262878,0.8379382491111755,-0.03655382990837097,0.6868776679039001,0.7300444841384888,-0.038732707500457764,0.7024770975112915,0.7773135900497437,-0.023902371525764465,0.7088842391967773,0.8220435380935669,-0.01104668714106083,0.6604295969009399,0.8665928244590759,-0.044038113206624985,0.6683650612831116,0.808785080909729,-0.038961924612522125,0.6852181553840637,0.8374180197715759,-0.021255718544125557,0.691290020942688,0.8665832877159119,-0.006102574057877064,И
0.0,0.0,0.0,0.0,0.0,0.0,0.0,0.0,0.0,0.0,0.0,0.0,0.0,0.0,0.0,0.0,0.0,0.0,0.0,0.0,0.0,0.0,0.0,0.0,0.0,0.0,0.0,0.0,0.0,0.0,0.0,0.0,0.0,0.0,0.0,0.0,0.0,0.0,0.0,0.0,0.0,0.0,0.0,0.0,0.0,0.0,0.0,0.0,0.0,0.0,0.0,0.0,0.0,0.0,0.0,0.0,0.0,0.0,0.0,0.0,0.0,0.0,0.0,0.7623348236083984,1.061797857284546,5.207200501899933e-07,0.8060088157653809,0.9676545858383179,0.02734549716114998,0.7996033430099487,0.8707906007766724,0.032096415758132935,0.7567867040634155,0.8104459047317505,0.03092876449227333,0.7132812142372131,0.792355477809906,0.028274567797780037,0.8083794116973877,0.8213214874267578,-0.0007283918675966561,0.7797577381134033,0.6868220567703247,-0.0027847050223499537,0.764208197593689,0.619775116443634,-0.0007992862374521792,0.7478123903274536,0.5649770498275757,0.0013895309530198574,0.7554954290390015,0.8192704916000366,-0.016684506088495255,0.7337664365768433,0.6730706691741943,-0.016757572069764137,0.7200850248336792,0.5931780338287354,-0.015571735799312592,0.70579594373703,0.5349771976470947,-0.014876841567456722,0.7029785513877869,0.8351817727088928,-0.026900270953774452,0.6853797435760498,0.7320221066474915,-0.01768627017736435,0.6977488994598389,0.779138445854187,0.0002932371571660042,0.7028772830963135,0.8243030905723572,0.012953695841133595,0.660785973072052,0.8648744821548462,-0.035672612488269806,0.6650180220603943,0.8099293112754822,-0.021021194756031036,0.6800395250320435,0.8398594856262207,-0.00015938430442474782,0.6866766810417175,0.8702799081802368,0.016079818829894066,И
0.0,0.0,0.0,0.0,0.0,0.0,0.0,0.0,0.0,0.0,0.0,0.0,0.0,0.0,0.0,0.0,0.0,0.0,0.0,0.0,0.0,0.0,0.0,0.0,0.0,0.0,0.0,0.0,0.0,0.0,0.0,0.0,0.0,0.0,0.0,0.0,0.0,0.0,0.0,0.0,0.0,0.0,0.0,0.0,0.0,0.0,0.0,0.0,0.0,0.0,0.0,0.0,0.0,0.0,0.0,0.0,0.0,0.0,0.0,0.0,0.0,0.0,0.0,0.7597655057907104,1.0659345388412476,5.546867214434315e-07,0.8051563501358032,0.9712542295455933,0.016001515090465546,0.7989903092384338,0.8695326447486877,0.015759550034999847,0.752502977848053,0.807167649269104,0.011631579138338566,0.7075189352035522,0.7843713164329529,0.006726626772433519,0.8065401315689087,0.8243566155433655,-0.011225913651287556,0.7791675925254822,0.6890469789505005,-0.019297217950224876,0.7640591263771057,0.6201672554016113,-0.020496999844908714,0.7474870085716248,0.5651254057884216,-0.019635731354355812,0.7531216144561768,0.8233296275138855,-0.02365228161215782,0.7337231040000916,0.6772366762161255,-0.0305392537266016,0.7205067873001099,0.597143292427063,-0.031910452991724014,0.7056861519813538,0.5379158854484558,-0.03154567629098892,0.7007150053977966,0.8388671875,-0.03159549459815025,0.6846201419830322,0.7379000186920166,-0.03112388215959072,0.6979380249977112,0.7857638001441956,-0.01602707989513874,0.7041231989860535,0.8311730623245239,-0.0029704899061471224,0.6581053733825684,0.867300271987915,-0.03874140605330467,0.6646651029586792,0.8155580759048462,-0.030608417466282845,0.6793426871299744,0.8450590372085571,-0.012394375167787075,0.6857194304466248,0.8738759756088257,0.003093433566391468,И
0.0,0.0,0.0,0.0,0.0,0.0,0.0,0.0,0.0,0.0,0.0,0.0,0.0,0.0,0.0,0.0,0.0,0.0,0.0,0.0,0.0,0.0,0.0,0.0,0.0,0.0,0.0,0.0,0.0,0.0,0.0,0.0,0.0,0.0,0.0,0.0,0.0,0.0,0.0,0.0,0.0,0.0,0.0,0.0,0.0,0.0,0.0,0.0,0.0,0.0,0.0,0.0,0.0,0.0,0.0,0.0,0.0,0.0,0.0,0.0,0.0,0.0,0.0,0.7609713673591614,1.0610967874526978,5.295162281981902e-07,0.8036577701568604,0.9640763998031616,0.018961986526846886,0.7941780686378479,0.8635030388832092,0.019459566101431847,0.7464675903320312,0.8029455542564392,0.015545181930065155,0.7017789483070374,0.7807220816612244,0.010825435630977154,0.8058181405067444,0.8207244277000427,-0.008488120511174202,0.7751875519752502,0.6840648651123047,-0.014533298090100288,0.7590841054916382,0.618519127368927,-0.014630450867116451,0.7418486475944519,0.5646044015884399,-0.013587569817900658,0.7529633045196533,0.8207287788391113,-0.02189715765416622,0.7316464185714722,0.6757956147193909,-0.02625143527984619,0.7175531983375549,0.5975213050842285,-0.02643699012696743,0.7016121745109558,0.5362738370895386,-0.02641868405044079,0.7005975246429443,0.836510419845581,-0.030574370175600052,0.6815344095230103,0.7293314337730408,-0.027651408687233925,0.6953769326210022,0.7792184948921204,-0.011334046721458435,0.7014032602310181,0.8246946930885315,0.0012395110679790378,0.6585991382598877,0.865797758102417,-0.038364145904779434,0.6649103164672852,0.8131475448608398,-0.030196430161595345,0.6806541681289673,0.843937337398529,-0.012498038820922375,0.6872770190238953,0.8732326030731201,0.00209090206772089,И
0.0,0.0,0.0,0.0,0.0,0.0,0.0,0.0,0.0,0.0,0.0,0.0,0.0,0.0,0.0,0.0,0.0,0.0,0.0,0.0,0.0,0.0,0.0,0.0,0.0,0.0,0.0,0.0,0.0,0.0,0.0,0.0,0.0,0.0,0.0,0.0,0.0,0.0,0.0,0.0,0.0,0.0,0.0,0.0,0.0,0.0,0.0,0.0,0.0,0.0,0.0,0.0,0.0,0.0,0.0,0.0,0.0,0.0,0.0,0.0,0.0,0.0,0.0,0.7583951354026794,1.060600996017456,5.090888635095325e-07,0.8027385473251343,0.9644395112991333,0.02239944599568844,0.7954160571098328,0.8677080869674683,0.024788198992609978,0.7511063814163208,0.8105850219726562,0.02191285416483879,0.7091984152793884,0.791062593460083,0.017542950809001923,0.8033341765403748,0.8216665387153625,-0.007488512434065342,0.7753175497055054,0.6875947117805481,-0.014390559867024422,0.759172797203064,0.6210581660270691,-0.015358890406787395,0.7420616745948792,0.5666049718856812,-0.014842972159385681,0.750715970993042,0.8197088241577148,-0.022118981927633286,0.7287921905517578,0.6747576594352722,-0.025848815217614174,0.7147825360298157,0.5956360101699829,-0.025948014110326767,0.6993302702903748,0.535308837890625,-0.0259608905762434,0.6989374756813049,0.8356142640113831,-0.03159254044294357,0.677682638168335,0.7314969301223755,-0.026967044919729233,0.6919869780540466,0.7781805396080017,-0.010138732381165028,0.6989007592201233,0.8217111229896545,0.002587268827483058,0.6570533514022827,0.8667839169502258,-0.03999999910593033,0.6600012183189392,0.813748300075531,-0.030039584264159203,0.6757091879844666,0.842097282409668,-0.011387204751372337,0.6831747889518738,0.8698273301124573,0.0038760423194617033,И
0.0,0.0,0.0,0.0,0.0,0.0,0.0,0.0,0.0,0.0,0.0,0.0,0.0,0.0,0.0,0.0,0.0,0.0,0.0,0.0,0.0,0.0,0.0,0.0,0.0,0.0,0.0,0.0,0.0,0.0,0.0,0.0,0.0,0.0,0.0,0.0,0.0,0.0,0.0,0.0,0.0,0.0,0.0,0.0,0.0,0.0,0.0,0.0,0.0,0.0,0.0,0.0,0.0,0.0,0.0,0.0,0.0,0.0,0.0,0.0,0.0,0.0,0.0,0.7545071244239807,1.0626212358474731,5.223997163739114e-07,0.7998878955841064,0.9688979387283325,0.02073395997285843,0.7926564812660217,0.8690416216850281,0.02336251549422741,0.7465676665306091,0.8043540120124817,0.021271662786602974,0.7031298279762268,0.7801445126533508,0.018162358552217484,0.8032872676849365,0.8202152252197266,-0.004950016736984253,0.7743982076644897,0.6870814561843872,-0.009948897175490856,0.758923351764679,0.6199754476547241,-0.01005982980132103,0.7423179149627686,0.5654445290565491,-0.009117756970226765,0.7498213052749634,0.8197738528251648,-0.01851341687142849,0.728340744972229,0.6748499870300293,-0.02200271561741829,0.714583158493042,0.5950528383255005,-0.02305104397237301,0.6994264125823975,0.5369075536727905,-0.0233966875821352,0.6970422863960266,0.8371086120605469,-0.027152059599757195,0.6775816679000854,0.7358033061027527,-0.022423487156629562,0.6926082372665405,0.7823202610015869,-0.0066191465593874454,0.7003350853919983,0.826777458190918,0.005602607037872076,0.6544623374938965,0.8676902651786804,-0.03476553037762642,0.6591231822967529,0.8150344491004944,-0.02423212304711342,0.6745489835739136,0.844330906867981,-0.005907605867832899,0.6818618178367615,0.8730728030204773,0.009054107591509819,И
0.0,0.0,0.0,0.0,0.0,0.0,0.0,0.0,0.0,0.0,0.0,0.0,0.0,0.0,0.0,0.0,0.0,0.0,0.0,0.0,0.0,0.0,0.0,0.0,0.0,0.0,0.0,0.0,0.0,0.0,0.0,0.0,0.0,0.0,0.0,0.0,0.0,0.0,0.0,0.0,0.0,0.0,0.0,0.0,0.0,0.0,0.0,0.0,0.0,0.0,0.0,0.0,0.0,0.0,0.0,0.0,0.0,0.0,0.0,0.0,0.0,0.0,0.0,0.7603864669799805,1.0589704513549805,5.540765073419607e-07,0.8044684529304504,0.9584834575653076,0.02443792298436165,0.79804927110672,0.858350396156311,0.028098726645112038,0.7536956071853638,0.7962824702262878,0.026444410905241966,0.7086706757545471,0.7764109373092651,0.023532267659902573,0.8051665425300598,0.8056161999702454,0.0006255883490666747,0.7757321000099182,0.6742660999298096,-0.0010719981510192156,0.7615094780921936,0.6084229946136475,-2.7946260161115788e-05,0.7466955184936523,0.5543058514595032,0.0017128485487774014,0.7513380646705627,0.8061048984527588,-0.013990669511258602,0.729804515838623,0.6636419892311096,-0.01348078716546297,0.7157463431358337,0.5832110643386841,-0.013323480263352394,0.7005144953727722,0.5238533020019531,-0.013389472849667072,0.6987782120704651,0.8244146108627319,-0.02335311472415924,0.6818183064460754,0.7254032492637634,-0.014290646649897099,0.6968912482261658,0.7689895033836365,0.0013803368201479316,0.7039523124694824,0.8131077885627747,0.012401130050420761,0.6574324369430542,0.8554750084877014,-0.03148066624999046,0.6646308898925781,0.7998384237289429,-0.01638871245086193,0.6817681789398193,0.8279280066490173,0.0037515214644372463,0.6898747086524963,0.8584303259849548,0.01923118531703949,И
0.0,0.0,0.0,0.0,0.0,0.0,0.0,0.0,0.0,0.0,0.0,0.0,0.0,0.0,0.0,0.0,0.0,0.0,0.0,0.0,0.0,0.0,0.0,0.0,0.0,0.0,0.0,0.0,0.0,0.0,0.0,0.0,0.0,0.0,0.0,0.0,0.0,0.0,0.0,0.0,0.0,0.0,0.0,0.0,0.0,0.0,0.0,0.0,0.0,0.0,0.0,0.0,0.0,0.0,0.0,0.0,0.0,0.0,0.0,0.0,0.0,0.0,0.0,0.7574824690818787,1.0575915575027466,5.204244075684983e-07,0.802025556564331,0.9612571597099304,0.034561093896627426,0.7952921390533447,0.8659299612045288,0.043622832745313644,0.7533605098724365,0.8033584952354431,0.045665062963962555,0.7118064761161804,0.7823216915130615,0.04657377302646637,0.8032251596450806,0.8135694861412048,0.010841621086001396,0.7742317914962769,0.6805286407470703,0.0136551633477211,0.7606269717216492,0.6153469681739807,0.018383793532848358,0.746603786945343,0.5626398324966431,0.022440211847424507,0.7490355968475342,0.8153181672096252,-0.006886969320476055,0.7272467613220215,0.6688300967216492,-0.003901887219399214,0.7137724757194519,0.5881779193878174,-0.0016579029615968466,0.69963139295578,0.5301609039306641,-0.0001860612683231011,0.6958829164505005,0.8340009450912476,-0.018506133928894997,0.6801877617835999,0.7319453358650208,-0.0037873834371566772,0.6954830288887024,0.7766953706741333,0.015714721754193306,0.702757716178894,0.8193668127059937,0.028340203687548637,0.6548954248428345,0.8654177784919739,-0.028257790952920914,0.6629112362861633,0.8078122735023499,-0.0070558590814471245,0.6794437170028687,0.8362997770309448,0.016181711107492447,0.6872852444648743,0.8655410408973694,0.03302499279379845,И
0.0,0.0,0.0,0.0,0.0,0.0,0.0,0.0,0.0,0.0,0.0,0.0,0.0,0.0,0.0,0.0,0.0,0.0,0.0,0.0,0.0,0.0,0.0,0.0,0.0,0.0,0.0,0.0,0.0,0.0,0.0,0.0,0.0,0.0,0.0,0.0,0.0,0.0,0.0,0.0,0.0,0.0,0.0,0.0,0.0,0.0,0.0,0.0,0.0,0.0,0.0,0.0,0.0,0.0,0.0,0.0,0.0,0.0,0.0,0.0,0.0,0.0,0.0,0.7578414678573608,1.0544004440307617,4.981740175935556e-07,0.802570104598999,0.9552546143531799,0.04136551916599274,0.7955598831176758,0.8614745736122131,0.050606802105903625,0.7533518075942993,0.7971283793449402,0.05238589271903038,0.7108444571495056,0.7743714451789856,0.05306599289178848,0.8055673241615295,0.8058541417121887,0.0076716127805411816,0.7736741304397583,0.6751988530158997,0.008809206075966358,0.7589220404624939,0.6090003252029419,0.011485914699733257,0.743593156337738,0.5556443333625793,0.014061767607927322,0.7526832818984985,0.8102232217788696,-0.01192534901201725,0.7294957637786865,0.665036141872406,-0.01015595905482769,0.7150358557701111,0.583450436592102,-0.009222034364938736,0.6996894478797913,0.5270413160324097,-0.0092014754191041,0.6996467709541321,0.8289508819580078,-0.023761438205838203,0.6812195181846619,0.733782172203064,-0.003453892422839999,0.6951938271522522,0.7773705720901489,0.019710399210453033,0.7021236419677734,0.8191291093826294,0.03323260694742203,0.6581001281738281,0.8593272566795349,-0.03346254304051399,0.6618980765342712,0.8028447031974792,-0.004585233982652426,0.6768051385879517,0.8324029445648193,0.023061804473400116,0.6843993663787842,0.8627634048461914,0.042043719440698624,И
0.0,0.0,0.0,0.0,0.0,0.0,0.0,0.0,0.0,0.0,0.0,0.0,0.0,0.0,0.0,0.0,0.0,0.0,0.0,0.0,0.0,0.0,0.0,0.0,0.0,0.0,0.0,0.0,0.0,0.0,0.0,0.0,0.0,0.0,0.0,0.0,0.0,0.0,0.0,0.0,0.0,0.0,0.0,0.0,0.0,0.0,0.0,0.0,0.0,0.0,0.0,0.0,0.0,0.0,0.0,0.0,0.0,0.0,0.0,0.0,0.0,0.0,0.0,0.7595290541648865,1.0518373250961304,5.107979177410016e-07,0.8039727210998535,0.9555798172950745,0.022192999720573425,0.7963116765022278,0.8574825525283813,0.02510748989880085,0.7515285015106201,0.7960788011550903,0.02295522205531597,0.7076926827430725,0.7741485834121704,0.01934942416846752,0.805945634841919,0.8098520636558533,-0.003903808072209358,0.7757449746131897,0.675295352935791,-0.008420689031481743,0.7605441808700562,0.6087755560874939,-0.00791987031698227,0.7446149587631226,0.554378867149353,-0.006277687381953001,0.7531435489654541,0.8089706301689148,-0.018109576776623726,0.730798602104187,0.6640993356704712,-0.02026272937655449,0.7163695096969604,0.5856882333755493,-0.020400874316692352,0.7015032768249512,0.5271154642105103,-0.020208412781357765,0.7007591724395752,0.8256632089614868,-0.027369394898414612,0.6796489953994751,0.7235560417175293,-0.023691723123192787,0.6919729113578796,0.7715216875076294,-0.009800401516258717,0.6993703842163086,0.816917896270752,0.0014275446301326156,0.6579136848449707,0.8563259243965149,-0.0351845920085907,0.6610743999481201,0.8054224848747253,-0.026534544304013252,0.6752836108207703,0.8371390104293823,-0.009688109159469604,0.6828871965408325,0.8674950003623962,0.004602993372827768,И
0.0,0.0,0.0,0.0,0.0,0.0,0.0,0.0,0.0,0.0,0.0,0.0,0.0,0.0,0.0,0.0,0.0,0.0,0.0,0.0,0.0,0.0,0.0,0.0,0.0,0.0,0.0,0.0,0.0,0.0,0.0,0.0,0.0,0.0,0.0,0.0,0.0,0.0,0.0,0.0,0.0,0.0,0.0,0.0,0.0,0.0,0.0,0.0,0.0,0.0,0.0,0.0,0.0,0.0,0.0,0.0,0.0,0.0,0.0,0.0,0.0,0.0,0.0,0.7608119249343872,1.0457338094711304,5.359176498132001e-07,0.8049657940864563,0.9497693777084351,0.01959509775042534,0.7965748310089111,0.8525638580322266,0.020717715844511986,0.7513525485992432,0.7935664653778076,0.017315469682216644,0.7072582840919495,0.7739369869232178,0.012670106254518032,0.8062683343887329,0.8089165091514587,-0.0081773167476058,0.7767191529273987,0.6754934787750244,-0.014377408660948277,0.7604897618293762,0.6084065437316895,-0.014616566710174084,0.7430591583251953,0.5541375875473022,-0.013143827207386494,0.7530196309089661,0.8093881607055664,-0.021876536309719086,0.7312251925468445,0.6618449091911316,-0.026076819747686386,0.7166776061058044,0.5822272300720215,-0.026478352025151253,0.7005313634872437,0.5241100788116455,-0.02573586441576481,0.7008111476898193,0.8265638947486877,-0.030709922313690186,0.6820654273033142,0.7232246398925781,-0.028393510729074478,0.6959834694862366,0.7676195502281189,-0.0139136528596282,0.70295250415802,0.8119932413101196,-0.0015022694133222103,0.6585843563079834,0.8565423488616943,-0.038276419043540955,0.6634233593940735,0.8011558055877686,-0.02871369570493698,0.6786283850669861,0.8286228775978088,-0.010082784108817577,0.6853764057159424,0.8578002452850342,0.0055518485605716705,И
0.0,0.0,0.0,0.0,0.0,0.0,0.0,0.0,0.0,0.0,0.0,0.0,0.0,0.0,0.0,0.0,0.0,0.0,0.0,0.0,0.0,0.0,0.0,0.0,0.0,0.0,0.0,0.0,0.0,0.0,0.0,0.0,0.0,0.0,0.0,0.0,0.0,0.0,0.0,0.0,0.0,0.0,0.0,0.0,0.0,0.0,0.0,0.0,0.0,0.0,0.0,0.0,0.0,0.0,0.0,0.0,0.0,0.0,0.0,0.0,0.0,0.0,0.0,0.7572176456451416,1.041768193244934,5.624665959658159e-07,0.802993655204773,0.9496237635612488,0.020782895386219025,0.797593355178833,0.8542630076408386,0.022298235446214676,0.7568342089653015,0.7966976165771484,0.019299514591693878,0.7142454385757446,0.777633786201477,0.014799107797443867,0.8061797618865967,0.8085727691650391,-0.009575720876455307,0.7769045829772949,0.6729654669761658,-0.014485021121799946,0.7612650394439697,0.6069967746734619,-0.013240313157439232,0.7451898455619812,0.5533474087715149,-0.01058659516274929,0.7516752481460571,0.8089490532875061,-0.02317512221634388,0.7297446131706238,0.6599819660186768,-0.025325924158096313,0.7157213091850281,0.5800031423568726,-0.02378356270492077,0.7009068727493286,0.5221267938613892,-0.022038143128156662,0.6984293460845947,0.8259521126747131,-0.0317096933722496,0.6810621023178101,0.7196992635726929,-0.02714443765580654,0.6944403052330017,0.7647866010665894,-0.011927195824682713,0.7014668583869934,0.8098742961883545,0.0002091547939926386,0.6563272476196289,0.8542645573616028,-0.038886938244104385,0.6620728969573975,0.7992578744888306,-0.02804216369986534,0.6758731007575989,0.8286027908325195,-0.009341222234070301,0.6821430921554565,0.8579583764076233,0.005975922103971243,И
0.0,0.0,0.0,0.0,0.0,0.0,0.0,0.0,0.0,0.0,0.0,0.0,0.0,0.0,0.0,0.0,0.0,0.0,0.0,0.0,0.0,0.0,0.0,0.0,0.0,0.0,0.0,0.0,0.0,0.0,0.0,0.0,0.0,0.0,0.0,0.0,0.0,0.0,0.0,0.0,0.0,0.0,0.0,0.0,0.0,0.0,0.0,0.0,0.0,0.0,0.0,0.0,0.0,0.0,0.0,0.0,0.0,0.0,0.0,0.0,0.0,0.0,0.0,0.7587447762489319,1.0555729866027832,5.239837150838866e-07,0.8042058348655701,0.9587455987930298,0.022303225472569466,0.798002302646637,0.8592068552970886,0.025301944464445114,0.755913257598877,0.798709511756897,0.022869927808642387,0.712417721748352,0.7793480157852173,0.01885349117219448,0.8056551814079285,0.8078412413597107,-0.0027931611984968185,0.7772578001022339,0.6770578622817993,-0.0073923384770751,0.7615371942520142,0.6100473403930664,-0.00773558858782053,0.7446845769882202,0.555146336555481,-0.006820953916758299,0.7522191405296326,0.8079206943511963,-0.018003564327955246,0.730408251285553,0.6637154221534729,-0.020899711176753044,0.7165626287460327,0.5832309722900391,-0.02176947519183159,0.7013680934906006,0.5231542587280273,-0.021859385073184967,0.699676513671875,0.8262642025947571,-0.02828727290034294,0.6826040744781494,0.7232377529144287,-0.026049533858895302,0.696863055229187,0.7695745825767517,-0.012024719268083572,0.703334629535675,0.8140154480934143,-2.860282165784156e-06,0.6574188470840454,0.8579744696617126,-0.03709468990564346,0.6632509827613831,0.7984081506729126,-0.028318502008914948,0.6793100237846375,0.8286594152450562,-0.009488897398114204,0.6866788864135742,0.8598170876502991,0.006413753144443035,И
0.0,0.0,0.0,0.0,0.0,0.0,0.0,0.0,0.0,0.0,0.0,0.0,0.0,0.0,0.0,0.0,0.0,0.0,0.0,0.0,0.0,0.0,0.0,0.0,0.0,0.0,0.0,0.0,0.0,0.0,0.0,0.0,0.0,0.0,0.0,0.0,0.0,0.0,0.0,0.0,0.0,0.0,0.0,0.0,0.0,0.0,0.0,0.0,0.0,0.0,0.0,0.0,0.0,0.0,0.0,0.0,0.0,0.0,0.0,0.0,0.0,0.0,0.0,0.7625221014022827,1.0484144687652588,5.507968694473675e-07,0.8061708807945251,0.9485379457473755,0.029378769919276237,0.7977749705314636,0.8558064103126526,0.034205224364995956,0.7554111480712891,0.8008515238761902,0.03236699104309082,0.7123342752456665,0.7844659090042114,0.02848472259938717,0.8080905675888062,0.8077912330627441,0.0008272837148979306,0.7779974341392517,0.6739038228988647,-0.0023804728407412767,0.7618705630302429,0.6064713597297668,-0.0014469510642811656,0.7457172274589539,0.5519667863845825,0.0005762393702752888,0.7543215751647949,0.8072945475578308,-0.016357574611902237,0.73176509141922,0.659988522529602,-0.016473406925797462,0.7172672748565674,0.5797969102859497,-0.015005291439592838,0.7029448747634888,0.5227789878845215,-0.013686196878552437,0.701294481754303,0.8244431614875793,-0.027887266129255295,0.6826863288879395,0.7214683890342712,-0.019035937264561653,0.6944109797477722,0.7654712200164795,-0.00226318440400064,0.7003118395805359,0.8103302717208862,0.009906218387186527,0.6588653922080994,0.8552433848381042,-0.03772345930337906,0.6626564264297485,0.8008916974067688,-0.022966239601373672,0.6769378185272217,0.8290787935256958,-0.0021480361465364695,0.6841943264007568,0.8587798476219177,0.014212369918823242,И
0.0,0.0,0.0,0.0,0.0,0.0,0.0,0.0,0.0,0.0,0.0,0.0,0.0,0.0,0.0,0.0,0.0,0.0,0.0,0.0,0.0,0.0,0.0,0.0,0.0,0.0,0.0,0.0,0.0,0.0,0.0,0.0,0.0,0.0,0.0,0.0,0.0,0.0,0.0,0.0,0.0,0.0,0.0,0.0,0.0,0.0,0.0,0.0,0.0,0.0,0.0,0.0,0.0,0.0,0.0,0.0,0.0,0.0,0.0,0.0,0.0,0.0,0.0,0.7604500651359558,1.0472084283828735,5.12896008331154e-07,0.8044832944869995,0.9544081687927246,0.03268001973628998,0.7958802580833435,0.8581744432449341,0.04041634500026703,0.7519640922546387,0.7936217784881592,0.041669636964797974,0.7096611261367798,0.7709221839904785,0.04162922129034996,0.8059849739074707,0.8063778281211853,0.005862220656126738,0.7760847806930542,0.6691567897796631,0.007636964321136475,0.7610504031181335,0.6028718948364258,0.012026581913232803,0.7453623414039612,0.5487131476402283,0.015820162370800972,0.7514182329177856,0.8069704174995422,-0.010817368514835835,0.7290302515029907,0.6595697999000549,-0.007430182304233313,0.7153394222259521,0.5800333023071289,-0.004430020228028297,0.7009265422821045,0.5222485661506653,-0.0028100828640162945,0.69818115234375,0.8241996169090271,-0.021319851279258728,0.6826566457748413,0.7212487459182739,-0.006515840999782085,0.6976850628852844,0.7681366205215454,0.013420015573501587,0.703965961933136,0.8119357824325562,0.02603861875832081,0.6568248271942139,0.8545122742652893,-0.03012847527861595,0.6655588746070862,0.7979914546012878,-0.009771831333637238,0.681178867816925,0.8281477689743042,0.012981894426047802,0.6878167986869812,0.8584181666374207,0.029487701132893562,И
0.0,0.0,0.0,0.0,0.0,0.0,0.0,0.0,0.0,0.0,0.0,0.0,0.0,0.0,0.0,0.0,0.0,0.0,0.0,0.0,0.0,0.0,0.0,0.0,0.0,0.0,0.0,0.0,0.0,0.0,0.0,0.0,0.0,0.0,0.0,0.0,0.0,0.0,0.0,0.0,0.0,0.0,0.0,0.0,0.0,0.0,0.0,0.0,0.0,0.0,0.0,0.0,0.0,0.0,0.0,0.0,0.0,0.0,0.0,0.0,0.0,0.0,0.0,0.7597258687019348,1.0553863048553467,5.361138732951076e-07,0.8049876689910889,0.9548242092132568,0.018007352948188782,0.7966336607933044,0.8535020351409912,0.01880188100039959,0.751265823841095,0.794569194316864,0.014891956932842731,0.706893801689148,0.7736390829086304,0.00973978266119957,0.805597722530365,0.8051743507385254,-0.006415358278900385,0.7763321995735168,0.6743565797805786,-0.013543848879635334,0.7600354552268982,0.6075825095176697,-0.015119656920433044,0.7425366640090942,0.5533180832862854,-0.014756787568330765,0.7525347471237183,0.8064234852790833,-0.02040673978626728,0.7314767241477966,0.6619939804077148,-0.026516158133745193,0.7180953621864319,0.5833039879798889,-0.02848031371831894,0.7030817866325378,0.5254219770431519,-0.028624946251511574,0.7000343799591064,0.8248026967048645,-0.030041005462408066,0.6814612150192261,0.7208848595619202,-0.03125208616256714,0.6953955888748169,0.766357958316803,-0.01829054206609726,0.7026805877685547,0.8116434812545776,-0.006152167916297913,0.6574074029922485,0.8557207584381104,-0.038482364267110825,0.6612942814826965,0.7986031770706177,-0.032388899475336075,0.6767907738685608,0.8266409039497375,-0.014855042099952698,0.6844394207000732,0.8562545776367188,0.0005515844095498323,И
0.0,0.0,0.0,0.0,0.0,0.0,0.0,0.0,0.0,0.0,0.0,0.0,0.0,0.0,0.0,0.0,0.0,0.0,0.0,0.0,0.0,0.0,0.0,0.0,0.0,0.0,0.0,0.0,0.0,0.0,0.0,0.0,0.0,0.0,0.0,0.0,0.0,0.0,0.0,0.0,0.0,0.0,0.0,0.0,0.0,0.0,0.0,0.0,0.0,0.0,0.0,0.0,0.0,0.0,0.0,0.0,0.0,0.0,0.0,0.0,0.0,0.0,0.0,0.7633439302444458,1.0574066638946533,5.540249503610539e-07,0.8070494532585144,0.9554281830787659,0.016277695074677467,0.7958908081054688,0.853166937828064,0.01661510206758976,0.7469794750213623,0.7934520244598389,0.012879148125648499,0.702285647392273,0.7699266076087952,0.008273531682789326,0.8056584596633911,0.8097577095031738,-0.007698073983192444,0.7781051993370056,0.6754093766212463,-0.014926888979971409,0.7615334987640381,0.6078956723213196,-0.01675168238580227,0.7437477111816406,0.5518094897270203,-0.0166051983833313,0.7511899471282959,0.810343325138092,-0.020110316574573517,0.7314168214797974,0.6658797264099121,-0.025340456515550613,0.718551754951477,0.5859977006912231,-0.027149111032485962,0.7034456133842468,0.5237185955047607,-0.027818813920021057,0.698411226272583,0.8273687958717346,-0.028280047699809074,0.6825689077377319,0.7223207354545593,-0.02865888923406601,0.6983445882797241,0.7674038410186768,-0.01582975685596466,0.7050446271896362,0.8123672008514404,-0.004218965768814087,0.6563720107078552,0.8567758798599243,-0.035413309931755066,0.6648544073104858,0.7989742159843445,-0.028303325176239014,0.6819089651107788,0.8251662850379944,-0.010944707319140434,0.6894427537918091,0.8542569875717163,0.003947725985199213,И
0.0,0.0,0.0,0.0,0.0,0.0,0.0,0.0,0.0,0.0,0.0,0.0,0.0,0.0,0.0,0.0,0.0,0.0,0.0,0.0,0.0,0.0,0.0,0.0,0.0,0.0,0.0,0.0,0.0,0.0,0.0,0.0,0.0,0.0,0.0,0.0,0.0,0.0,0.0,0.0,0.0,0.0,0.0,0.0,0.0,0.0,0.0,0.0,0.0,0.0,0.0,0.0,0.0,0.0,0.0,0.0,0.0,0.0,0.0,0.0,0.0,0.0,0.0,0.7587288022041321,1.0534658432006836,5.266658718028339e-07,0.8052071332931519,0.9580424427986145,0.022531189024448395,0.7977475523948669,0.8585420846939087,0.025700658559799194,0.7536764144897461,0.7927641868591309,0.024458779022097588,0.7116337418556213,0.7681715488433838,0.022323448210954666,0.8044782280921936,0.8128738403320312,-0.008061840198934078,0.7759881019592285,0.6732819080352783,-0.012032868340611458,0.7607682347297668,0.6067246794700623,-0.010125700384378433,0.7434128522872925,0.5522069334983826,-0.007620854303240776,0.7505369782447815,0.8109235763549805,-0.021547144278883934,0.7295340299606323,0.6605549454689026,-0.024310899898409843,0.7158142924308777,0.5802030563354492,-0.02251136675477028,0.6996818780899048,0.5185292959213257,-0.02076917141675949,0.6976533532142639,0.8260536789894104,-0.02952822856605053,0.6786134243011475,0.7147178649902344,-0.023319195955991745,0.6945968270301819,0.7622783780097961,-0.0039059657137840986,0.7016114592552185,0.8063868284225464,0.01069414708763361,0.6564069986343384,0.8566245436668396,-0.0363929346203804,0.6628028750419617,0.7960017323493958,-0.024621207267045975,0.6790786385536194,0.8255560398101807,-0.00421863840892911,0.6858377456665039,0.8545917868614197,0.012321745976805687,И
0.0,0.0,0.0,0.0,0.0,0.0,0.0,0.0,0.0,0.0,0.0,0.0,0.0,0.0,0.0,0.0,0.0,0.0,0.0,0.0,0.0,0.0,0.0,0.0,0.0,0.0,0.0,0.0,0.0,0.0,0.0,0.0,0.0,0.0,0.0,0.0,0.0,0.0,0.0,0.0,0.0,0.0,0.0,0.0,0.0,0.0,0.0,0.0,0.0,0.0,0.0,0.0,0.0,0.0,0.0,0.0,0.0,0.0,0.0,0.0,0.0,0.0,0.0,0.7625184655189514,1.058876633644104,5.325117058418982e-07,0.8063609600067139,0.958314836025238,0.025638356804847717,0.79584139585495,0.8566164970397949,0.03095187246799469,0.7500891089439392,0.7972360253334045,0.030330928042531013,0.70594722032547,0.7770135402679443,0.028280610218644142,0.8058843016624451,0.8060632944107056,0.003214424243196845,0.7771762609481812,0.6719890832901001,0.0006271956954151392,0.7614864110946655,0.6048728227615356,0.0014576249523088336,0.7435740232467651,0.5501971244812012,0.003100030357018113,0.7520142793655396,0.8056879639625549,-0.01230147760361433,0.7322657704353333,0.659838080406189,-0.012640509754419327,0.7182493209838867,0.5814178586006165,-0.012097128666937351,0.7017621994018555,0.5238975286483765,-0.011283851228654385,0.6991214752197266,0.8231434226036072,-0.022882550954818726,0.6823575496673584,0.7169831395149231,-0.017124641686677933,0.6955683827400208,0.762561559677124,-0.002728800056502223,0.7010557055473328,0.8074561357498169,0.008692122995853424,0.656662106513977,0.8546748161315918,-0.03190014138817787,0.6646520495414734,0.8004881739616394,-0.02094127982854843,0.6806440353393555,0.8299742937088013,-0.0028979238122701645,0.6883041262626648,0.859745442867279,0.0120231369510293,И
0.0,0.0,0.0,0.0,0.0,0.0,0.0,0.0,0.0,0.0,0.0,0.0,0.0,0.0,0.0,0.0,0.0,0.0,0.0,0.0,0.0,0.0,0.0,0.0,0.0,0.0,0.0,0.0,0.0,0.0,0.0,0.0,0.0,0.0,0.0,0.0,0.0,0.0,0.0,0.0,0.0,0.0,0.0,0.0,0.0,0.0,0.0,0.0,0.0,0.0,0.0,0.0,0.0,0.0,0.0,0.0,0.0,0.0,0.0,0.0,0.0,0.0,0.0,0.7603529095649719,1.054099202156067,5.614632527795038e-07,0.8067098259925842,0.9523333311080933,0.03169531375169754,0.8002553582191467,0.8577024340629578,0.03838762640953064,0.7598648071289062,0.7974199652671814,0.03865324705839157,0.7183166742324829,0.7783102989196777,0.037409696727991104,0.8081203699111938,0.8048684597015381,0.0025497721508145332,0.7785806655883789,0.6727259159088135,0.0011060741962864995,0.7627279758453369,0.6049030423164368,0.002801497234031558,0.745927095413208,0.5506895184516907,0.005075161810964346,0.753402054309845,0.8038854002952576,-0.01442534476518631,0.7309155464172363,0.6577259302139282,-0.014737344346940517,0.7165812253952026,0.5761680603027344,-0.014266900718212128,0.701687216758728,0.519399106502533,-0.013438226655125618,0.699272871017456,0.820746898651123,-0.024954987689852715,0.6807808876037598,0.718866765499115,-0.012552744708955288,0.6947163343429565,0.7594369649887085,0.006483001168817282,0.7008547186851501,0.8025888204574585,0.019619183614850044,0.6572949886322021,0.851975679397583,-0.03387410566210747,0.6630896329879761,0.797119140625,-0.014453220181167126,0.6795327663421631,0.8242230415344238,0.008728164248168468,0.6876145005226135,0.854747474193573,0.026502786204218864,И
0.0,0.0,0.0,0.0,0.0,0.0,0.0,0.0,0.0,0.0,0.0,0.0,0.0,0.0,0.0,0.0,0.0,0.0,0.0,0.0,0.0,0.0,0.0,0.0,0.0,0.0,0.0,0.0,0.0,0.0,0.0,0.0,0.0,0.0,0.0,0.0,0.0,0.0,0.0,0.0,0.0,0.0,0.0,0.0,0.0,0.0,0.0,0.0,0.0,0.0,0.0,0.0,0.0,0.0,0.0,0.0,0.0,0.0,0.0,0.0,0.0,0.0,0.0,0.761987566947937,1.0504506826400757,5.251857260191173e-07,0.8077845573425293,0.9462176561355591,0.029236136004328728,0.8004024624824524,0.8498106002807617,0.034639984369277954,0.7569448351860046,0.7913782596588135,0.033363938331604004,0.7134820222854614,0.7731866836547852,0.030336380004882812,0.8091779947280884,0.7997221946716309,0.004354497417807579,0.7786173224449158,0.6661803126335144,0.001727580325677991,0.7620800733566284,0.5980224609375,0.0024676795583218336,0.7454993724822998,0.5438638925552368,0.004591612610965967,0.7558625936508179,0.8000055551528931,-0.012444213032722473,0.7332592606544495,0.654292643070221,-0.01264679804444313,0.718769907951355,0.5738038420677185,-0.012278555892407894,0.703831136226654,0.5170701742172241,-0.01159867737442255,0.7030077576637268,0.8169994354248047,-0.023765983060002327,0.6852971911430359,0.7170298099517822,-0.014617093838751316,0.6987805962562561,0.7575340270996094,0.001247192732989788,0.7050836682319641,0.8010575771331787,0.013032956048846245,0.6600601077079773,0.846798837184906,-0.033433545380830765,0.6649982333183289,0.7869969606399536,-0.016546636819839478,0.6810778379440308,0.8119261264801025,0.005175389815121889,0.6891500353813171,0.8422408103942871,0.022024860605597496,И
0.0,0.0,0.0,0.0,0.0,0.0,0.0,0.0,0.0,0.0,0.0,0.0,0.0,0.0,0.0,0.0,0.0,0.0,0.0,0.0,0.0,0.0,0.0,0.0,0.0,0.0,0.0,0.0,0.0,0.0,0.0,0.0,0.0,0.0,0.0,0.0,0.0,0.0,0.0,0.0,0.0,0.0,0.0,0.0,0.0,0.0,0.0,0.0,0.0,0.0,0.0,0.0,0.0,0.0,0.0,0.0,0.0,0.0,0.0,0.0,0.0,0.0,0.0,0.761208713054657,1.0534013509750366,5.530379780793737e-07,0.8090675473213196,0.954174280166626,0.02199532464146614,0.8026467561721802,0.8548535108566284,0.02562875486910343,0.7600938677787781,0.7947005033493042,0.024006947875022888,0.7163156270980835,0.7737622261047363,0.02120020240545273,0.8088814616203308,0.8014485239982605,-9.23469997360371e-06,0.7818045616149902,0.6671670079231262,-0.003098120680078864,0.7672959566116333,0.5995427966117859,-0.0021874778904020786,0.7510417103767395,0.5457503795623779,6.580467015737668e-05,0.7543687224388123,0.7992120981216431,-0.014162460342049599,0.7342905402183533,0.6515238285064697,-0.01554561872035265,0.7207937240600586,0.5719693303108215,-0.015734709799289703,0.7056376934051514,0.5139949321746826,-0.014741810970008373,0.7011495232582092,0.8157797455787659,-0.023585159331560135,0.6868695020675659,0.712069571018219,-0.019701547920703888,0.7006239295005798,0.7568683624267578,-0.006633942946791649,0.7062747478485107,0.8020874857902527,0.004899653140455484,0.6584258079528809,0.8458025455474854,-0.03149920701980591,0.6664152145385742,0.7876534461975098,-0.020422855392098427,0.682349681854248,0.8154279589653015,-0.0016152167227119207,0.6890366673469543,0.8458161354064941,0.014311738312244415,И
0.0,0.0,0.0,0.0,0.0,0.0,0.0,0.0,0.0,0.0,0.0,0.0,0.0,0.0,0.0,0.0,0.0,0.0,0.0,0.0,0.0,0.0,0.0,0.0,0.0,0.0,0.0,0.0,0.0,0.0,0.0,0.0,0.0,0.0,0.0,0.0,0.0,0.0,0.0,0.0,0.0,0.0,0.0,0.0,0.0,0.0,0.0,0.0,0.0,0.0,0.0,0.0,0.0,0.0,0.0,0.0,0.0,0.0,0.0,0.0,0.0,0.0,0.0,0.7627899646759033,1.050337553024292,5.607225261883286e-07,0.806168258190155,0.9486799240112305,0.02719089947640896,0.7964422106742859,0.8479169607162476,0.031724777072668076,0.7501581907272339,0.7889217138290405,0.030119439586997032,0.7049977779388428,0.7696959972381592,0.02718031033873558,0.8064037561416626,0.7966355085372925,0.002477561589330435,0.7774962186813354,0.6656677722930908,0.0002952160721179098,0.7626492977142334,0.5987740755081177,0.001427817391231656,0.7467012405395508,0.5456339716911316,0.003206901252269745,0.7531269192695618,0.7975531220436096,-0.013698450289666653,0.7331882119178772,0.6544163227081299,-0.014081806875765324,0.7197663187980652,0.5747891664505005,-0.013997659087181091,0.705022394657135,0.5186201333999634,-0.013953523710370064,0.7000406980514526,0.81546950340271,-0.024547500535845757,0.6815821528434753,0.7161829471588135,-0.01589679904282093,0.6945315003395081,0.758781373500824,-0.0008671925752423704,0.7009145617485046,0.8032504916191101,0.009846211411058903,0.6582362651824951,0.8453060388565063,-0.033912815153598785,0.6638898253440857,0.7950982451438904,-0.019230090081691742,0.6804958581924438,0.8220268487930298,-0.00039480486884713173,0.6893132328987122,0.8513303399085999,0.014182639308273792,И
0.0,0.0,0.0,0.0,0.0,0.0,0.0,0.0,0.0,0.0,0.0,0.0,0.0,0.0,0.0,0.0,0.0,0.0,0.0,0.0,0.0,0.0,0.0,0.0,0.0,0.0,0.0,0.0,0.0,0.0,0.0,0.0,0.0,0.0,0.0,0.0,0.0,0.0,0.0,0.0,0.0,0.0,0.0,0.0,0.0,0.0,0.0,0.0,0.0,0.0,0.0,0.0,0.0,0.0,0.0,0.0,0.0,0.0,0.0,0.0,0.0,0.0,0.0,0.7644663453102112,1.0417115688323975,5.722911851080426e-07,0.8061748147010803,0.9392006397247314,0.021982058882713318,0.7979981303215027,0.8406186699867249,0.023196876049041748,0.7545824646949768,0.7850908041000366,0.018764520063996315,0.708652675151825,0.7698044180870056,0.012850717641413212,0.8100462555885315,0.7942821979522705,-0.002905110130086541,0.779645562171936,0.6624284386634827,-0.00875529833137989,0.7630763649940491,0.5950040817260742,-0.009375986643135548,0.7463183999061584,0.5404701232910156,-0.007979234680533409,0.7571311593055725,0.7961190938949585,-0.018504438921809196,0.7331960797309875,0.6503967046737671,-0.02258644625544548,0.7181726694107056,0.5697055459022522,-0.02368965931236744,0.7031333446502686,0.5115429162979126,-0.023348325863480568,0.7041758298873901,0.8144580125808716,-0.02947566844522953,0.6855986714363098,0.716679036617279,-0.02736578695476055,0.6980064511299133,0.76227205991745,-0.014450855553150177,0.7048325538635254,0.8080554008483887,-0.0029534914065152407,0.6602930426597595,0.8437219858169556,-0.03905864059925079,0.6643286943435669,0.790908694267273,-0.028922736644744873,0.6788872480392456,0.8204228281974792,-0.010271312668919563,0.6861447095870972,0.8510406613349915,0.005336762871593237,И
0.0,0.0,0.0,0.0,0.0,0.0,0.0,0.0,0.0,0.0,0.0,0.0,0.0,0.0,0.0,0.0,0.0,0.0,0.0,0.0,0.0,0.0,0.0,0.0,0.0,0.0,0.0,0.0,0.0,0.0,0.0,0.0,0.0,0.0,0.0,0.0,0.0,0.0,0.0,0.0,0.0,0.0,0.0,0.0,0.0,0.0,0.0,0.0,0.0,0.0,0.0,0.0,0.0,0.0,0.0,0.0,0.0,0.0,0.0,0.0,0.0,0.0,0.0,0.7591493725776672,1.0525710582733154,5.280222694636905e-07,0.8072996139526367,0.9561536312103271,0.02036081813275814,0.8013989925384521,0.8558042049407959,0.022213896736502647,0.755970299243927,0.7968459129333496,0.018954234197735786,0.7112640738487244,0.7766854166984558,0.014196807518601418,0.8092840313911438,0.8017613887786865,-0.005433900281786919,0.7817630171775818,0.6690881848335266,-0.011343381367623806,0.7655349969863892,0.600217878818512,-0.012583296746015549,0.748936653137207,0.5445148944854736,-0.012238636612892151,0.7549617290496826,0.8009790778160095,-0.019901562482118607,0.7348878979682922,0.6576892733573914,-0.023462263867259026,0.7214676737785339,0.5769206881523132,-0.024362843483686447,0.7070420384407043,0.5170178413391113,-0.024571167305111885,0.701744019985199,0.8182627558708191,-0.029633665457367897,0.683768630027771,0.7147369384765625,-0.02723625674843788,0.6961521506309509,0.7599087357521057,-0.013151261955499649,0.7020955085754395,0.8052179217338562,-0.0014956442173570395,0.6585769057273865,0.8493571281433105,-0.03813119977712631,0.6628878116607666,0.7918562293052673,-0.02942311018705368,0.6777791380882263,0.8209742307662964,-0.010779778473079205,0.6853576302528381,0.8519063591957092,0.004874998237937689,И
0.0,0.0,0.0,0.0,0.0,0.0,0.0,0.0,0.0,0.0,0.0,0.0,0.0,0.0,0.0,0.0,0.0,0.0,0.0,0.0,0.0,0.0,0.0,0.0,0.0,0.0,0.0,0.0,0.0,0.0,0.0,0.0,0.0,0.0,0.0,0.0,0.0,0.0,0.0,0.0,0.0,0.0,0.0,0.0,0.0,0.0,0.0,0.0,0.0,0.0,0.0,0.0,0.0,0.0,0.0,0.0,0.0,0.0,0.0,0.0,0.0,0.0,0.0,0.7667093873023987,1.053491234779358,5.046975388722785e-07,0.8115170001983643,0.95064377784729,0.032951418310403824,0.8022241592407227,0.8516942858695984,0.04154133424162865,0.7581445574760437,0.7926158905029297,0.04261958971619606,0.7150634527206421,0.7719218134880066,0.04219220578670502,0.8126304745674133,0.7949667572975159,0.011508987285196781,0.7829576730728149,0.6608456373214722,0.012160684913396835,0.7664799094200134,0.5925184488296509,0.014886882156133652,0.7490819692611694,0.5381329655647278,0.017513925209641457,0.7591613531112671,0.7919653654098511,-0.006495220586657524,0.7378349304199219,0.6474486589431763,-0.003749581752344966,0.7233774662017822,0.5689865350723267,-0.002372773364186287,0.7080803513526917,0.5132720470428467,-0.0014768503606319427,0.7062270045280457,0.8079866170883179,-0.018962746486067772,0.6863409280776978,0.7092360854148865,-0.007967531681060791,0.698155403137207,0.7545170783996582,0.006592650897800922,0.7047464847564697,0.7993959188461304,0.01674657315015793,0.6627351641654968,0.8394461274147034,-0.029571758583188057,0.6680033206939697,0.7944551706314087,-0.014510702341794968,0.683831512928009,0.8233718276023865,0.0031972057186067104,0.6937524080276489,0.8527632355690002,0.017258822917938232,И
0.0,0.0,0.0,0.0,0.0,0.0,0.0,0.0,0.0,0.0,0.0,0.0,0.0,0.0,0.0,0.0,0.0,0.0,0.0,0.0,0.0,0.0,0.0,0.0,0.0,0.0,0.0,0.0,0.0,0.0,0.0,0.0,0.0,0.0,0.0,0.0,0.0,0.0,0.0,0.0,0.0,0.0,0.0,0.0,0.0,0.0,0.0,0.0,0.0,0.0,0.0,0.0,0.0,0.0,0.0,0.0,0.0,0.0,0.0,0.0,0.0,0.0,0.0,0.7635499835014343,1.0497432947158813,5.117842079016555e-07,0.8088574409484863,0.9468609690666199,0.036320704966783524,0.7993779182434082,0.8484814167022705,0.045529868453741074,0.7545005679130554,0.7870656251907349,0.04740554839372635,0.7104727625846863,0.7665922045707703,0.047975026071071625,0.8110498189926147,0.7952572703361511,0.011683243326842785,0.7794346213340759,0.6593244075775146,0.014166643843054771,0.7641106843948364,0.5918658971786499,0.017540181055665016,0.7484564781188965,0.536902904510498,0.020454851910471916,0.7554418444633484,0.7960410118103027,-0.00632478529587388,0.7328437566757202,0.6469205617904663,-0.0010748895583674312,0.7199282050132751,0.5672134160995483,0.0009083562763407826,0.7055662870407104,0.5102782249450684,0.0013275345554575324,0.7018104195594788,0.8130932450294495,-0.01804405264556408,0.685149610042572,0.7101541757583618,-0.0020051011815667152,0.7004774808883667,0.7548090219497681,0.01489038486033678,0.7079262137413025,0.7999942898750305,0.0252170842140913,0.6599371433258057,0.8423791527748108,-0.02768881805241108,0.6694024801254272,0.7892622351646423,-0.006688969675451517,0.6873772740364075,0.8156628608703613,0.013921349309384823,0.6970717310905457,0.8443549275398254,0.028804559260606766,И
0.0,0.0,0.0,0.0,0.0,0.0,0.0,0.0,0.0,0.0,0.0,0.0,0.0,0.0,0.0,0.0,0.0,0.0,0.0,0.0,0.0,0.0,0.0,0.0,0.0,0.0,0.0,0.0,0.0,0.0,0.0,0.0,0.0,0.0,0.0,0.0,0.0,0.0,0.0,0.0,0.0,0.0,0.0,0.0,0.0,0.0,0.0,0.0,0.0,0.0,0.0,0.0,0.0,0.0,0.0,0.0,0.0,0.0,0.0,0.0,0.0,0.0,0.0,0.7648928761482239,1.0475046634674072,5.680059302903828e-07,0.8094457387924194,0.9441534876823425,0.020324021577835083,0.7984213829040527,0.8431826233863831,0.02199993096292019,0.7501868605613708,0.7839725613594055,0.018910162150859833,0.7051825523376465,0.7623881101608276,0.014793542213737965,0.8092899918556213,0.7970086336135864,-0.004182125441730022,0.782133936882019,0.6650118827819824,-0.009584941901266575,0.7674667835235596,0.5977281928062439,-0.01054329052567482,0.7506813406944275,0.5426321029663086,-0.009863763116300106,0.7539946436882019,0.7975599765777588,-0.01758703961968422,0.7344247698783875,0.652442455291748,-0.020435577258467674,0.720501184463501,0.5714434385299683,-0.021349094808101654,0.7040991187095642,0.5115923881530762,-0.02168312296271324,0.7007017135620117,0.8145633935928345,-0.026335593312978745,0.683720052242279,0.7126612067222595,-0.021747244521975517,0.6996886730194092,0.7566708326339722,-0.008094603195786476,0.7074760794639587,0.802061140537262,0.002861786400899291,0.6590385437011719,0.8436735272407532,-0.03400394320487976,0.6668938398361206,0.7906329035758972,-0.022547347471117973,0.6845241189002991,0.8168085217475891,-0.004759445786476135,0.6934825778007507,0.8456450700759888,0.009674277156591415,И
0.0,0.0,0.0,0.0,0.0,0.0,0.0,0.0,0.0,0.0,0.0,0.0,0.0,0.0,0.0,0.0,0.0,0.0,0.0,0.0,0.0,0.0,0.0,0.0,0.0,0.0,0.0,0.0,0.0,0.0,0.0,0.0,0.0,0.0,0.0,0.0,0.0,0.0,0.0,0.0,0.0,0.0,0.0,0.0,0.0,0.0,0.0,0.0,0.0,0.0,0.0,0.0,0.0,0.0,0.0,0.0,0.0,0.0,0.0,0.0,0.0,0.0,0.0,0.7616757154464722,1.0433473587036133,5.060111334387329e-07,0.8092381954193115,0.9391279220581055,0.041900694370269775,0.8014142513275146,0.8480114936828613,0.05373410880565643,0.7619401812553406,0.7871317267417908,0.05686705559492111,0.7226657271385193,0.7672693729400635,0.0582321472465992,0.8119947910308838,0.7945976853370667,0.015767304226756096,0.7832911610603333,0.6610063314437866,0.017313161864876747,0.7675217390060425,0.5920501947402954,0.020806970074772835,0.7518603801727295,0.5379714965820312,0.024475499987602234,0.7587551474571228,0.7935478091239929,-0.004706607665866613,0.7364354729652405,0.646970272064209,-0.002436563838273287,0.7209857106208801,0.5645207762718201,-0.0004084462416358292,0.7060787081718445,0.5088098049163818,0.0016734026139602065,0.7054845094680786,0.8102213740348816,-0.018351318314671516,0.6862555146217346,0.7139948010444641,-0.0015042737359181046,0.698204517364502,0.7557129263877869,0.018942980095744133,0.7041215300559998,0.7982310056686401,0.032513804733753204,0.662474513053894,0.8428009152412415,-0.02971900813281536,0.665766716003418,0.7879137992858887,-0.005154912360012531,0.6800448298454285,0.8157341480255127,0.020291555672883987,0.688197672367096,0.8467727899551392,0.039133522659540176,И
0.0,0.0,0.0,0.0,0.0,0.0,0.0,0.0,0.0,0.0,0.0,0.0,0.0,0.0,0.0,0.0,0.0,0.0,0.0,0.0,0.0,0.0,0.0,0.0,0.0,0.0,0.0,0.0,0.0,0.0,0.0,0.0,0.0,0.0,0.0,0.0,0.0,0.0,0.0,0.0,0.0,0.0,0.0,0.0,0.0,0.0,0.0,0.0,0.0,0.0,0.0,0.0,0.0,0.0,0.0,0.0,0.0,0.0,0.0,0.0,0.0,0.0,0.0,0.7652245759963989,1.0461227893829346,5.407258640843793e-07,0.8101328611373901,0.9450718760490417,0.0268857479095459,0.8004927039146423,0.8451437950134277,0.030986817553639412,0.753921627998352,0.7817344069480896,0.029172519221901894,0.7101094126701355,0.7578018307685852,0.026262490078806877,0.8107481598854065,0.7950395941734314,0.0011055831564590335,0.7823031544685364,0.6595361232757568,-0.0009846072643995285,0.7674534320831299,0.5927480459213257,0.0008761105709709227,0.7510295510292053,0.5391771197319031,0.0033002099953591824,0.7555783987045288,0.7961036562919617,-0.014822147786617279,0.73509281873703,0.6490117907524109,-0.01569703221321106,0.7218496799468994,0.5689804553985596,-0.014863775111734867,0.7063682675361633,0.5101715326309204,-0.013993944972753525,0.7016426920890808,0.8142440319061279,-0.025303689762949944,0.6865553259849548,0.71095210313797,-0.016857342794537544,0.7026597261428833,0.7575513124465942,0.0005009929882362485,0.7093918323516846,0.8023386001586914,0.013055350631475449,0.6593562364578247,0.8455990552902222,-0.03430115059018135,0.6678459644317627,0.7883488535881042,-0.01912962645292282,0.6843318343162537,0.8169743418693542,0.0019473459105938673,0.6912720203399658,0.8470666408538818,0.018230782821774483,И
0.0,0.0,0.0,0.0,0.0,0.0,0.0,0.0,0.0,0.0,0.0,0.0,0.0,0.0,0.0,0.0,0.0,0.0,0.0,0.0,0.0,0.0,0.0,0.0,0.0,0.0,0.0,0.0,0.0,0.0,0.0,0.0,0.0,0.0,0.0,0.0,0.0,0.0,0.0,0.0,0.0,0.0,0.0,0.0,0.0,0.0,0.0,0.0,0.0,0.0,0.0,0.0,0.0,0.0,0.0,0.0,0.0,0.0,0.0,0.0,0.0,0.0,0.0,0.7637335658073425,1.0373358726501465,5.556948963203467e-07,0.8105396628379822,0.9358658194541931,0.02459206059575081,0.802666187286377,0.8402500748634338,0.028007227927446365,0.759308934211731,0.783696174621582,0.02555312216281891,0.7155188918113708,0.7661839127540588,0.02154410257935524,0.8104045391082764,0.7914548516273499,-0.0006108785164542496,0.7821760177612305,0.6584262847900391,-0.003780547995120287,0.7666046619415283,0.5916866660118103,-0.0031327900942415,0.7504368424415588,0.5365663766860962,-0.0014989167684689164,0.7559285759925842,0.7907033562660217,-0.015975022688508034,0.7342679500579834,0.6447344422340393,-0.017280595377087593,0.7209610342979431,0.5640732049942017,-0.0172487311065197,0.706609308719635,0.504418134689331,-0.016890430822968483,0.7028965353965759,0.8075933456420898,-0.026207035407423973,0.6873412728309631,0.705298662185669,-0.0208407174795866,0.7018117308616638,0.7498227953910828,-0.006529701873660088,0.7083094120025635,0.7954496145248413,0.004893684759736061,0.6608538627624512,0.8372400999069214,-0.0349171981215477,0.669593870639801,0.7817347049713135,-0.023156337440013885,0.6865674257278442,0.8091405630111694,-0.004089978523552418,0.6947048306465149,0.839927077293396,0.01148100383579731,И
0.0,0.0,0.0,0.0,0.0,0.0,0.0,0.0,0.0,0.0,0.0,0.0,0.0,0.0,0.0,0.0,0.0,0.0,0.0,0.0,0.0,0.0,0.0,0.0,0.0,0.0,0.0,0.0,0.0,0.0,0.0,0.0,0.0,0.0,0.0,0.0,0.0,0.0,0.0,0.0,0.0,0.0,0.0,0.0,0.0,0.0,0.0,0.0,0.0,0.0,0.0,0.0,0.0,0.0,0.0,0.0,0.0,0.0,0.0,0.0,0.0,0.0,0.0,0.7677301168441772,1.0409990549087524,5.561612397286808e-07,0.8108268976211548,0.938431441783905,0.026817165315151215,0.8000637888908386,0.8393517136573792,0.030834920704364777,0.7542348504066467,0.780045211315155,0.028980758041143417,0.7102814316749573,0.7595216035842896,0.02581479772925377,0.8106614947319031,0.7928885221481323,-0.0005210709059610963,0.7816526889801025,0.6567546725273132,-0.0034895744174718857,0.7662925124168396,0.590253472328186,-0.0022019874304533005,0.7499476671218872,0.5363973379135132,-0.00013200545799918473,0.7562294006347656,0.7934005856513977,-0.016432803124189377,0.735032320022583,0.6462845802307129,-0.017642194405198097,0.7218970656394958,0.5661832094192505,-0.016619985923171043,0.7067305445671082,0.5071358680725098,-0.015645619481801987,0.7027623653411865,0.8102289438247681,-0.026933221146464348,0.6840653419494629,0.7059592008590698,-0.019161393865942955,0.6997832655906677,0.751307487487793,-0.0024938026908785105,0.7073153853416443,0.7967098951339722,0.009714450687170029,0.6602732539176941,0.8407825827598572,-0.035962287336587906,0.667133629322052,0.7853788733482361,-0.02236773446202278,0.6840694546699524,0.8127632141113281,-0.0025235204957425594,0.6924862861633301,0.8422045707702637,0.013125039637088776,И
0.0,0.0,0.0,0.0,0.0,0.0,0.0,0.0,0.0,0.0,0.0,0.0,0.0,0.0,0.0,0.0,0.0,0.0,0.0,0.0,0.0,0.0,0.0,0.0,0.0,0.0,0.0,0.0,0.0,0.0,0.0,0.0,0.0,0.0,0.0,0.0,0.0,0.0,0.0,0.0,0.0,0.0,0.0,0.0,0.0,0.0,0.0,0.0,0.0,0.0,0.0,0.0,0.0,0.0,0.0,0.0,0.0,0.0,0.0,0.0,0.0,0.0,0.0,0.7703090906143188,1.041460394859314,5.444450152936042e-07,0.8124163746833801,0.9414189457893372,0.026674609631299973,0.8020804524421692,0.840529203414917,0.030852215364575386,0.7566134929656982,0.7786372303962708,0.029469285160303116,0.712126612663269,0.7582635879516602,0.027031350880861282,0.8137526512145996,0.7928935289382935,-0.0014500152319669724,0.7829505205154419,0.6568222045898438,-0.00358379352837801,0.76710444688797,0.5896050333976746,-0.0015578767051920295,0.7500790953636169,0.5347899198532104,0.0007486045360565186,0.7591527700424194,0.793267011642456,-0.01711573824286461,0.7352479100227356,0.6437678337097168,-0.01812611147761345,0.7213801741600037,0.563883364200592,-0.01707114465534687,0.7060142159461975,0.505702018737793,-0.01618099771440029,0.7049351930618286,0.8105868101119995,-0.027106042951345444,0.6858536601066589,0.7025967240333557,-0.018719250336289406,0.7009684443473816,0.7484310865402222,-0.0010490035638213158,0.7077785730361938,0.7934650182723999,0.011723454110324383,0.6619375348091125,0.8408309817314148,-0.03565925359725952,0.6694525480270386,0.7837401628494263,-0.021401332691311836,0.6867603063583374,0.8111137747764587,-0.001425005728378892,0.6946446895599365,0.839474081993103,0.014209708198904991,И
0.0,0.0,0.0,0.0,0.0,0.0,0.0,0.0,0.0,0.0,0.0,0.0,0.0,0.0,0.0,0.0,0.0,0.0,0.0,0.0,0.0,0.0,0.0,0.0,0.0,0.0,0.0,0.0,0.0,0.0,0.0,0.0,0.0,0.0,0.0,0.0,0.0,0.0,0.0,0.0,0.0,0.0,0.0,0.0,0.0,0.0,0.0,0.0,0.0,0.0,0.0,0.0,0.0,0.0,0.0,0.0,0.0,0.0,0.0,0.0,0.0,0.0,0.0,0.7652427554130554,1.0395662784576416,5.800889653073682e-07,0.8099411129951477,0.9388620257377625,0.025620251893997192,0.802162766456604,0.8392914533615112,0.029693741351366043,0.759860634803772,0.7801719307899475,0.02810255065560341,0.715577244758606,0.7628598213195801,0.025087077170610428,0.8121115565299988,0.7865898609161377,0.0012851801002398133,0.7826130986213684,0.6555647850036621,-0.0006692372262477875,0.7678577899932861,0.5896656513214111,0.00044547815923579037,0.7524212598800659,0.5361883640289307,0.0027347879949957132,0.7577518224716187,0.7878713011741638,-0.013954196125268936,0.7362790703773499,0.6440439224243164,-0.013758662156760693,0.7226617932319641,0.5620512366294861,-0.013732226565480232,0.708055317401886,0.5022590160369873,-0.01319216936826706,0.7044525742530823,0.8061795234680176,-0.023886365815997124,0.687735378742218,0.7110803723335266,-0.015441298484802246,0.7018790245056152,0.7525220513343811,-0.0014347779797390103,0.7087079882621765,0.7957892417907715,0.009337038733065128,0.662041962146759,0.8364118337631226,-0.03230692446231842,0.668954610824585,0.782335102558136,-0.016306135803461075,0.6847172975540161,0.8100012540817261,0.004238109104335308,0.6929492950439453,0.8406271934509277,0.020354485139250755,И
0.0,0.0,0.0,0.0,0.0,0.0,0.0,0.0,0.0,0.0,0.0,0.0,0.0,0.0,0.0,0.0,0.0,0.0,0.0,0.0,0.0,0.0,0.0,0.0,0.0,0.0,0.0,0.0,0.0,0.0,0.0,0.0,0.0,0.0,0.0,0.0,0.0,0.0,0.0,0.0,0.0,0.0,0.0,0.0,0.0,0.0,0.0,0.0,0.0,0.0,0.0,0.0,0.0,0.0,0.0,0.0,0.0,0.0,0.0,0.0,0.0,0.0,0.0,0.7670892477035522,1.041627287864685,5.348517788661411e-07,0.8127440810203552,0.941376805305481,0.03173431381583214,0.8062286972999573,0.8447329998016357,0.03948719799518585,0.765899121761322,0.7877434492111206,0.04014402627944946,0.7231525778770447,0.7715306282043457,0.038756098598241806,0.8127438426017761,0.7905751466751099,0.007569121662527323,0.7844640016555786,0.6577812433242798,0.007044831290841103,0.7693815231323242,0.5900520086288452,0.008668514899909496,0.753840446472168,0.5346226692199707,0.010785792954266071,0.7580552101135254,0.789954423904419,-0.009713331237435341,0.7367348074913025,0.644355833530426,-0.0074284495785832405,0.7237061858177185,0.5628281235694885,-0.006466622930020094,0.7096195816993713,0.5034041404724121,-0.006067281123250723,0.7044284343719482,0.8076725602149963,-0.021302012726664543,0.6873291730880737,0.7033441662788391,-0.011512026190757751,0.7013289928436279,0.748001217842102,0.003660613903775811,0.7080074548721313,0.7931696176528931,0.014675421640276909,0.6618871092796326,0.8392151594161987,-0.030853271484375,0.6674867272377014,0.7829687595367432,-0.015555423684418201,0.6841185092926025,0.8109552264213562,0.004536469932645559,0.6926650404930115,0.8416319489479065,0.020348170772194862,И
0.0,0.0,0.0,0.0,0.0,0.0,0.0,0.0,0.0,0.0,0.0,0.0,0.0,0.0,0.0,0.0,0.0,0.0,0.0,0.0,0.0,0.0,0.0,0.0,0.0,0.0,0.0,0.0,0.0,0.0,0.0,0.0,0.0,0.0,0.0,0.0,0.0,0.0,0.0,0.0,0.0,0.0,0.0,0.0,0.0,0.0,0.0,0.0,0.0,0.0,0.0,0.0,0.0,0.0,0.0,0.0,0.0,0.0,0.0,0.0,0.0,0.0,0.0,0.7706739902496338,1.0449762344360352,5.53769268663018e-07,0.8114497065544128,0.9407440423965454,0.030033981427550316,0.8019739389419556,0.8426063656806946,0.03542669489979744,0.7592176795005798,0.7859927415847778,0.03387856110930443,0.7166098356246948,0.7677876949310303,0.030757896602153778,0.81210857629776,0.7931963205337524,0.0042320843786001205,0.7840176224708557,0.6599633693695068,0.0018526194617152214,0.7688908576965332,0.5918737053871155,0.003177747130393982,0.7528801560401917,0.5369846820831299,0.0054070111364126205,0.7585523128509521,0.7930107712745667,-0.013825522735714912,0.7364851832389832,0.6475756168365479,-0.014328294433653355,0.7222335934638977,0.5672332644462585,-0.013822333887219429,0.7075316905975342,0.5099713802337646,-0.012928136624395847,0.705214262008667,0.8110337257385254,-0.0262918658554554,0.6881068348884583,0.7121663689613342,-0.01749289035797119,0.7014874815940857,0.7564206719398499,-0.0010399685706943274,0.7078315615653992,0.800842821598053,0.011104360222816467,0.6622790694236755,0.8423674702644348,-0.037085071206092834,0.6685566306114197,0.7888341546058655,-0.021383842453360558,0.6838671565055847,0.8173835873603821,-0.00017939141253009439,0.6913194060325623,0.8474069237709045,0.016461271792650223,И
0.0,0.0,0.0,0.0,0.0,0.0,0.0,0.0,0.0,0.0,0.0,0.0,0.0,0.0,0.0,0.0,0.0,0.0,0.0,0.0,0.0,0.0,0.0,0.0,0.0,0.0,0.0,0.0,0.0,0.0,0.0,0.0,0.0,0.0,0.0,0.0,0.0,0.0,0.0,0.0,0.0,0.0,0.0,0.0,0.0,0.0,0.0,0.0,0.0,0.0,0.0,0.0,0.0,0.0,0.0,0.0,0.0,0.0,0.0,0.0,0.0,0.0,0.0,0.7693672776222229,1.0446847677230835,5.811857022308686e-07,0.814989447593689,0.9423070549964905,0.02043149806559086,0.8068271279335022,0.8416151404380798,0.02132197469472885,0.7624714374542236,0.7872937917709351,0.016955137252807617,0.7178709506988525,0.7701081037521362,0.011050396598875523,0.8158708214759827,0.7920799851417542,-0.006412993185222149,0.7864320874214172,0.6595267057418823,-0.01361081749200821,0.7694268226623535,0.5914351940155029,-0.01546495407819748,0.7518790364265442,0.5362650752067566,-0.01515379548072815,0.7610644102096558,0.7927858829498291,-0.021159503608942032,0.739596962928772,0.6462305188179016,-0.026065239682793617,0.7257604002952576,0.5658135414123535,-0.027365025132894516,0.7111443877220154,0.5069411993026733,-0.027335474267601967,0.7066206336021423,0.8107932209968567,-0.03117699921131134,0.6888277530670166,0.7036019563674927,-0.030326666310429573,0.7019038796424866,0.748918890953064,-0.016790976747870445,0.708486795425415,0.7955502867698669,-0.004744039382785559,0.6629125475883484,0.841130256652832,-0.039898987859487534,0.668677031993866,0.785564124584198,-0.032476916909217834,0.6853022575378418,0.8143140077590942,-0.014617162756621838,0.6937623620033264,0.8446969389915466,0.000986367929726839,И
0.0,0.0,0.0,0.0,0.0,0.0,0.0,0.0,0.0,0.0,0.0,0.0,0.0,0.0,0.0,0.0,0.0,0.0,0.0,0.0,0.0,0.0,0.0,0.0,0.0,0.0,0.0,0.0,0.0,0.0,0.0,0.0,0.0,0.0,0.0,0.0,0.0,0.0,0.0,0.0,0.0,0.0,0.0,0.0,0.0,0.0,0.0,0.0,0.0,0.0,0.0,0.0,0.0,0.0,0.0,0.0,0.0,0.0,0.0,0.0,0.0,0.0,0.0,0.7703472375869751,1.0408291816711426,5.430578653431439e-07,0.8151680827140808,0.9348244667053223,0.028837859630584717,0.8045793175697327,0.8367503881454468,0.03367244824767113,0.7603832483291626,0.7766820192337036,0.03195570036768913,0.7177241444587708,0.7552328109741211,0.028763310983777046,0.8163913488388062,0.7899523377418518,0.0018647441174834967,0.7853289842605591,0.6545888781547546,-0.0012990772956982255,0.7693687677383423,0.5866530537605286,-0.0008412718307226896,0.752213180065155,0.5317225456237793,0.0005254335701465607,0.7621110677719116,0.7898640632629395,-0.0149197056889534,0.740553617477417,0.6433652639389038,-0.016384784132242203,0.7263079881668091,0.562663733959198,-0.01651746593415737,0.710682213306427,0.5034893751144409,-0.016534777358174324,0.707260012626648,0.8065406680107117,-0.02604987472295761,0.689907968044281,0.6987167596817017,-0.017819374799728394,0.7039530873298645,0.7446686625480652,-0.00041097967186942697,0.7098166942596436,0.7903499007225037,0.012188016436994076,0.6637932062149048,0.8372886776924133,-0.0356735996901989,0.6719886660575867,0.7801305651664734,-0.021920159459114075,0.6896806359291077,0.8087015151977539,-0.0016967214178293943,0.6980566382408142,0.839114785194397,0.014390705153346062,И
0.0,0.0,0.0,0.0,0.0,0.0,0.0,0.0,0.0,0.0,0.0,0.0,0.0,0.0,0.0,0.0,0.0,0.0,0.0,0.0,0.0,0.0,0.0,0.0,0.0,0.0,0.0,0.0,0.0,0.0,0.0,0.0,0.0,0.0,0.0,0.0,0.0,0.0,0.0,0.0,0.0,0.0,0.0,0.0,0.0,0.0,0.0,0.0,0.0,0.0,0.0,0.0,0.0,0.0,0.0,0.0,0.0,0.0,0.0,0.0,0.0,0.0,0.0,0.7688478231430054,1.0463614463806152,5.25500297499093e-07,0.8137170076370239,0.9384518265724182,0.04676128178834915,0.8055791854858398,0.847382128238678,0.05951396003365517,0.7663747668266296,0.7841435670852661,0.06228546425700188,0.728232204914093,0.7622113227844238,0.06365862488746643,0.8158456683158875,0.7906648516654968,0.02001004107296467,0.7858445048332214,0.6547248363494873,0.020384645089507103,0.7700802087783813,0.5853557586669922,0.02281956933438778,0.7547319531440735,0.5310138463973999,0.025767454877495766,0.7624951601028442,0.7899883985519409,-0.0033135374542325735,0.7398813366889954,0.6419490575790405,-0.00476713664829731,0.7252147197723389,0.557508111000061,-0.004574478603899479,0.7111684083938599,0.500548779964447,-0.0030057088006287813,0.7082298398017883,0.8080628514289856,-0.019231995567679405,0.6906129717826843,0.7095159888267517,-0.0030013613868504763,0.7036880850791931,0.7516271471977234,0.02134382724761963,0.7088388204574585,0.7927407622337341,0.03823113441467285,0.6650096774101257,0.8436980247497559,-0.03278793767094612,0.6696848273277283,0.7818955779075623,-0.006576085463166237,0.684569239616394,0.812076210975647,0.023025093600153923,0.6919344067573547,0.845054030418396,0.04533574730157852,И
0.0,0.0,0.0,0.0,0.0,0.0,0.0,0.0,0.0,0.0,0.0,0.0,0.0,0.0,0.0,0.0,0.0,0.0,0.0,0.0,0.0,0.0,0.0,0.0,0.0,0.0,0.0,0.0,0.0,0.0,0.0,0.0,0.0,0.0,0.0,0.0,0.0,0.0,0.0,0.0,0.0,0.0,0.0,0.0,0.0,0.0,0.0,0.0,0.0,0.0,0.0,0.0,0.0,0.0,0.0,0.0,0.0,0.0,0.0,0.0,0.0,0.0,0.0,0.7708677053451538,1.0459574460983276,5.426206826086855e-07,0.8158110976219177,0.9435619711875916,0.024530701339244843,0.8069266080856323,0.8422990441322327,0.02862587384879589,0.7613911628723145,0.7852241396903992,0.026822160929441452,0.7173855304718018,0.7670714259147644,0.023518867790699005,0.8155637979507446,0.7937812209129333,0.0012579431058838964,0.7877587676048279,0.6592457294464111,-0.0018740510568022728,0.7726571559906006,0.5913066864013672,-0.001067377277649939,0.7569576501846313,0.5362787246704102,0.0008481708937324584,0.7619441747665405,0.7919964790344238,-0.014053817838430405,0.7407903671264648,0.6460201144218445,-0.014166437089443207,0.7266209125518799,0.5666286945343018,-0.013584768399596214,0.7115694284439087,0.5090680122375488,-0.01284420769661665,0.708872377872467,0.8087695837020874,-0.024479804560542107,0.6903982758522034,0.7060609459877014,-0.01845126412808895,0.7031868100166321,0.7527808547019958,-0.004457482602447271,0.7094754576683044,0.7988289594650269,0.006636372767388821,0.6654894948005676,0.8395429253578186,-0.03338136896491051,0.6699861288070679,0.7847763895988464,-0.021674584597349167,0.6855520606040955,0.814811110496521,-0.0031530477572232485,0.6932234168052673,0.8458382487297058,0.012059841305017471,И
0.0,0.0,0.0,0.0,0.0,0.0,0.0,0.0,0.0,0.0,0.0,0.0,0.0,0.0,0.0,0.0,0.0,0.0,0.0,0.0,0.0,0.0,0.0,0.0,0.0,0.0,0.0,0.0,0.0,0.0,0.0,0.0,0.0,0.0,0.0,0.0,0.0,0.0,0.0,0.0,0.0,0.0,0.0,0.0,0.0,0.0,0.0,0.0,0.0,0.0,0.0,0.0,0.0,0.0,0.0,0.0,0.0,0.0,0.0,0.0,0.0,0.0,0.0,0.7706423997879028,1.0357342958450317,5.762867658631876e-07,0.8157877922058105,0.9369021058082581,0.022556455805897713,0.8072378039360046,0.8363505601882935,0.02442614734172821,0.7605963349342346,0.7737177014350891,0.02177923358976841,0.7154392004013062,0.7532932758331299,0.017865194007754326,0.816031813621521,0.7883175611495972,-0.006249244790524244,0.7851335406303406,0.6559585332870483,-0.009312573820352554,0.7707523107528687,0.5906636714935303,-0.008322776295244694,0.7547227740287781,0.536575973033905,-0.006477255839854479,0.7602443695068359,0.7918722033500671,-0.01983410306274891,0.7390551567077637,0.6456938982009888,-0.021344918757677078,0.7252859473228455,0.5646178126335144,-0.0215008407831192,0.7087029218673706,0.5037086606025696,-0.021430915221571922,0.7063518762588501,0.8106920719146729,-0.027807066217064857,0.6900216341018677,0.7084321975708008,-0.01994449645280838,0.707407534122467,0.7537515759468079,-0.003567242994904518,0.714628279209137,0.7978630661964417,0.008426281623542309,0.6648326516151428,0.8400964736938477,-0.0344710499048233,0.6730106472969055,0.7801840305328369,-0.019308961927890778,0.6902895569801331,0.8087863922119141,0.001771701266989112,0.6972584128379822,0.8388368487358093,0.017970407381653786,И
0.0,0.0,0.0,0.0,0.0,0.0,0.0,0.0,0.0,0.0,0.0,0.0,0.0,0.0,0.0,0.0,0.0,0.0,0.0,0.0,0.0,0.0,0.0,0.0,0.0,0.0,0.0,0.0,0.0,0.0,0.0,0.0,0.0,0.0,0.0,0.0,0.0,0.0,0.0,0.0,0.0,0.0,0.0,0.0,0.0,0.0,0.0,0.0,0.0,0.0,0.0,0.0,0.0,0.0,0.0,0.0,0.0,0.0,0.0,0.0,0.0,0.0,0.0,0.7704625725746155,1.0422017574310303,5.245815373200458e-07,0.8151219487190247,0.9416898488998413,0.019400743767619133,0.806083619594574,0.838541567325592,0.020529411733150482,0.7594130039215088,0.776701033115387,0.016970671713352203,0.7149779200553894,0.7539718747138977,0.012127632275223732,0.8171606659889221,0.7906852960586548,-0.006886516232043505,0.7873883843421936,0.6580148935317993,-0.012886092066764832,0.7708894610404968,0.5906973481178284,-0.013497492298483849,0.7538851499557495,0.5358864068984985,-0.012430837377905846,0.7631734609603882,0.7919402122497559,-0.021186713129281998,0.740602970123291,0.6464126706123352,-0.025507740676403046,0.7261983752250671,0.5658884644508362,-0.02675594948232174,0.7105413675308228,0.5058225989341736,-0.026892872527241707,0.7100637555122375,0.8107667565345764,-0.03079245798289776,0.6905705332756042,0.7110200524330139,-0.03020905703306198,0.7056242227554321,0.7559809684753418,-0.017528589814901352,0.7135797142982483,0.8005847334861755,-0.006076006218791008,0.6663072109222412,0.8419597744941711,-0.03897719085216522,0.6700191497802734,0.7824077010154724,-0.030703358352184296,0.6860211491584778,0.8104561567306519,-0.012418655678629875,0.6939409971237183,0.8408000469207764,0.0030903369188308716,И
0.0,0.0,0.0,0.0,0.0,0.0,0.0,0.0,0.0,0.0,0.0,0.0,0.0,0.0,0.0,0.0,0.0,0.0,0.0,0.0,0.0,0.0,0.0,0.0,0.0,0.0,0.0,0.0,0.0,0.0,0.0,0.0,0.0,0.0,0.0,0.0,0.0,0.0,0.0,0.0,0.0,0.0,0.0,0.0,0.0,0.0,0.0,0.0,0.0,0.0,0.0,0.0,0.0,0.0,0.0,0.0,0.0,0.0,0.0,0.0,0.0,0.0,0.0,0.7718844413757324,1.0458000898361206,5.033162437939609e-07,0.815399706363678,0.9449563026428223,0.03599772974848747,0.8063939809799194,0.8455510139465332,0.04559512808918953,0.7638272643089294,0.7820597290992737,0.04764695465564728,0.7218906283378601,0.7613353729248047,0.0483023039996624,0.8164181709289551,0.7922243475914001,0.01126626506447792,0.787243127822876,0.6581233143806458,0.012485318817198277,0.7719482183456421,0.5893479585647583,0.015372175723314285,0.7562087178230286,0.534914493560791,0.01791907101869583,0.7626833319664001,0.7922286987304688,-0.007265283260494471,0.7410412430763245,0.6447464227676392,-0.00377909024246037,0.7268033623695374,0.5635649561882019,-0.002809864468872547,0.7123422026634216,0.5072574615478516,-0.0027569946832954884,0.7087808847427368,0.8104246258735657,-0.01946687325835228,0.6904737949371338,0.7051109671592712,-0.004668599925935268,0.7036303281784058,0.7510213255882263,0.014144056476652622,0.7101414799690247,0.7956640124320984,0.026278739795088768,0.6656000018119812,0.8432426452636719,-0.029685093089938164,0.6702090501785278,0.7866777181625366,-0.009839646518230438,0.6855578422546387,0.8165137767791748,0.012233353219926357,0.6930938959121704,0.8468908667564392,0.02872505597770214,И
0.0,0.0,0.0,0.0,0.0,0.0,0.0,0.0,0.0,0.0,0.0,0.0,0.0,0.0,0.0,0.0,0.0,0.0,0.0,0.0,0.0,0.0,0.0,0.0,0.0,0.0,0.0,0.0,0.0,0.0,0.0,0.0,0.0,0.0,0.0,0.0,0.0,0.0,0.0,0.0,0.0,0.0,0.0,0.0,0.0,0.0,0.0,0.0,0.0,0.0,0.0,0.0,0.0,0.0,0.0,0.0,0.0,0.0,0.0,0.0,0.0,0.0,0.0,0.7715312242507935,1.0446867942810059,5.576558805842069e-07,0.8164834976196289,0.9425737261772156,0.023790299892425537,0.8058822154998779,0.8422585725784302,0.02698267623782158,0.7567824125289917,0.7831124067306519,0.02439815178513527,0.7117259502410889,0.7619615197181702,0.020403075963258743,0.8159487247467041,0.7965218424797058,4.88462546854862e-06,0.7883052825927734,0.6623764634132385,-0.004127296153455973,0.7735324501991272,0.5939767956733704,-0.003840753575786948,0.757867693901062,0.5382377505302429,-0.002575555583462119,0.7613913416862488,0.7949994802474976,-0.015587115660309792,0.7411283254623413,0.647473156452179,-0.018167845904827118,0.7273865938186646,0.5666622519493103,-0.018745386973023415,0.7130768299102783,0.5068442821502686,-0.018745550885796547,0.7077221870422363,0.8111785054206848,-0.026292242109775543,0.691974401473999,0.7066509127616882,-0.022557394579052925,0.7051299214363098,0.7548282146453857,-0.008090415969491005,0.7108219861984253,0.8011449575424194,0.0036815297789871693,0.664708137512207,0.8410590887069702,-0.03546648100018501,0.6715913414955139,0.7852704524993896,-0.025243639945983887,0.6874406933784485,0.8160581588745117,-0.006455466616898775,0.6944546699523926,0.8474539518356323,0.009007931686937809,И
0.0,0.0,0.0,0.0,0.0,0.0,0.0,0.0,0.0,0.0,0.0,0.0,0.0,0.0,0.0,0.0,0.0,0.0,0.0,0.0,0.0,0.0,0.0,0.0,0.0,0.0,0.0,0.0,0.0,0.0,0.0,0.0,0.0,0.0,0.0,0.0,0.0,0.0,0.0,0.0,0.0,0.0,0.0,0.0,0.0,0.0,0.0,0.0,0.0,0.0,0.0,0.0,0.0,0.0,0.0,0.0,0.0,0.0,0.0,0.0,0.0,0.0,0.0,0.7695724368095398,1.0371888875961304,5.481470566337521e-07,0.8130388855934143,0.9355589747428894,0.026282206177711487,0.8049449920654297,0.8381121158599854,0.028478426858782768,0.7585168480873108,0.7782517671585083,0.025115543976426125,0.7133335471153259,0.7582392692565918,0.02036919817328453,0.8169072270393372,0.795048713684082,-0.005209444556385279,0.7860469818115234,0.6562632918357849,-0.009274116717278957,0.7703556418418884,0.5889589786529541,-0.007733508013188839,0.7541374564170837,0.5354019403457642,-0.005146438721567392,0.7620287537574768,0.7959892749786377,-0.021082604303956032,0.7390872836112976,0.6439342498779297,-0.023074619472026825,0.7246881723403931,0.5641840696334839,-0.022109244018793106,0.7093840837478638,0.5063501596450806,-0.021159207448363304,0.7075706124305725,0.8124770522117615,-0.031135650351643562,0.6879491806030273,0.7046160101890564,-0.022979019209742546,0.7026007175445557,0.7514886856079102,-0.004727441351860762,0.7094882130622864,0.7968976497650146,0.008342860266566277,0.6644388437271118,0.8414413928985596,-0.03969242423772812,0.6702261567115784,0.7827611565589905,-0.02472344972193241,0.6875709295272827,0.8113230466842651,-0.003239478450268507,0.6952628493309021,0.8412591218948364,0.013361051678657532,И
0.0,0.0,0.0,0.0,0.0,0.0,0.0,0.0,0.0,0.0,0.0,0.0,0.0,0.0,0.0,0.0,0.0,0.0,0.0,0.0,0.0,0.0,0.0,0.0,0.0,0.0,0.0,0.0,0.0,0.0,0.0,0.0,0.0,0.0,0.0,0.0,0.0,0.0,0.0,0.0,0.0,0.0,0.0,0.0,0.0,0.0,0.0,0.0,0.0,0.0,0.0,0.0,0.0,0.0,0.0,0.0,0.0,0.0,0.0,0.0,0.0,0.0,0.0,0.7622628211975098,1.0508924722671509,5.068567361377063e-07,0.8089325428009033,0.9515967965126038,0.02661161869764328,0.8011443614959717,0.851344108581543,0.031976133584976196,0.7583498954772949,0.7885602712631226,0.03173239529132843,0.7168664932250977,0.7673680186271667,0.030189329758286476,0.8096024990081787,0.8046198487281799,-0.0006052523385733366,0.7795518636703491,0.6694278120994568,-0.002359377918764949,0.7637114524841309,0.604523241519928,-1.551911554997787e-05,0.7472990155220032,0.5516841411590576,0.0027202137280255556,0.7547781467437744,0.8048176169395447,-0.015931319445371628,0.7328943014144897,0.6573807597160339,-0.015638137236237526,0.7195401787757874,0.5771845579147339,-0.014436212368309498,0.7049212455749512,0.5178565979003906,-0.013674141839146614,0.7007327675819397,0.822009801864624,-0.025677725672721863,0.6819821000099182,0.7145815491676331,-0.017439650371670723,0.6969313025474548,0.7601464986801147,-0.0010527913691475987,0.7048640251159668,0.8043714165687561,0.010900014080107212,0.6580516695976257,0.8534458875656128,-0.033796049654483795,0.6642308235168457,0.7951557040214539,-0.020154990255832672,0.6792059540748596,0.8246172666549683,-0.0006237130728550255,0.6864055395126343,0.8544777631759644,0.014819283969700336,И
0.0,0.0,0.0,0.0,0.0,0.0,0.0,0.0,0.0,0.0,0.0,0.0,0.0,0.0,0.0,0.0,0.0,0.0,0.0,0.0,0.0,0.0,0.0,0.0,0.0,0.0,0.0,0.0,0.0,0.0,0.0,0.0,0.0,0.0,0.0,0.0,0.0,0.0,0.0,0.0,0.0,0.0,0.0,0.0,0.0,0.0,0.0,0.0,0.0,0.0,0.0,0.0,0.0,0.0,0.0,0.0,0.0,0.0,0.0,0.0,0.0,0.0,0.0,0.821061372756958,0.33317241072654724,2.507519809569203e-07,0.7409637570381165,0.37906479835510254,0.013017900288105011,0.6999197602272034,0.46043407917022705,0.007899691350758076,0.7010156512260437,0.5403543710708618,0.00197739084251225,0.717896044254303,0.6018807888031006,-0.008699949830770493,0.672282874584198,0.49157196283340454,-0.04301539435982704,0.641560435295105,0.6183197498321533,-0.06122796609997749,0.6270724534988403,0.6885238885879517,-0.06967823952436447,0.6154017448425293,0.7473294734954834,-0.07487247884273529,0.7168354988098145,0.49769964814186096,-0.05885296314954758,0.6950802803039551,0.6427024602890015,-0.07849103212356567,0.6845518946647644,0.7264590263366699,-0.09053824096918106,0.6789668202400208,0.7918685674667358,-0.10035020112991333,0.7660602331161499,0.49918147921562195,-0.06970422714948654,0.7633703351020813,0.6449933648109436,-0.08844315260648727,0.7639758586883545,0.7335113883018494,-0.10288441926240921,0.7654981017112732,0.7959727048873901,-0.11273583769798279,0.8108804225921631,0.49537530541419983,-0.07666420191526413,0.7921633720397949,0.6060917973518372,-0.08946845680475235,0.7843053936958313,0.6447336077690125,-0.09314549714326859,0.780032753944397,0.667495608329773,-0.09558415412902832,M
0.0,0.0,0.0,0.0,0.0,0.0,0.0,0.0,0.0,0.0,0.0,0.0,0.0,0.0,0.0,0.0,0.0,0.0,0.0,0.0,0.0,0.0,0.0,0.0,0.0,0.0,0.0,0.0,0.0,0.0,0.0,0.0,0.0,0.0,0.0,0.0,0.0,0.0,0.0,0.0,0.0,0.0,0.0,0.0,0.0,0.0,0.0,0.0,0.0,0.0,0.0,0.0,0.0,0.0,0.0,0.0,0.0,0.0,0.0,0.0,0.0,0.0,0.0,0.8278335332870483,0.33762097358703613,2.7345731723471545e-07,0.7449941039085388,0.37697261571884155,0.010413461364805698,0.702714204788208,0.4578772187232971,0.00537834782153368,0.7061754465103149,0.5404924154281616,0.0006684390245936811,0.7265239357948303,0.6029088497161865,-0.008142798207700253,0.6719404458999634,0.4910614788532257,-0.040767744183540344,0.6400836706161499,0.6184353232383728,-0.05704797804355621,0.625557541847229,0.6891836524009705,-0.06527747213840485,0.6139488220214844,0.747487485408783,-0.07028700411319733,0.7165371179580688,0.5002094507217407,-0.05335947498679161,0.6953728795051575,0.6457695364952087,-0.07067258656024933,0.6856238842010498,0.7287817001342773,-0.08172586560249329,0.6811612844467163,0.7927244901657104,-0.09077930450439453,0.7647199034690857,0.5058830976486206,-0.06111155077815056,0.762721061706543,0.6515824794769287,-0.07781880348920822,0.7641307711601257,0.7358800768852234,-0.09061922878026962,0.7669190168380737,0.7935261726379395,-0.09920191764831543,0.8077649474143982,0.5065756440162659,-0.06528063863515854,0.7909043431282043,0.6129417419433594,-0.07521748542785645,0.7854627966880798,0.6380097270011902,-0.07556736469268799,0.7836777567863464,0.6460409164428711,-0.07539362460374832,M
0.0,0.0,0.0,0.0,0.0,0.0,0.0,0.0,0.0,0.0,0.0,0.0,0.0,0.0,0.0,0.0,0.0,0.0,0.0,0.0,0.0,0.0,0.0,0.0,0.0,0.0,0.0,0.0,0.0,0.0,0.0,0.0,0.0,0.0,0.0,0.0,0.0,0.0,0.0,0.0,0.0,0.0,0.0,0.0,0.0,0.0,0.0,0.0,0.0,0.0,0.0,0.0,0.0,0.0,0.0,0.0,0.0,0.0,0.0,0.0,0.0,0.0,0.0,0.8242726922035217,0.33093661069869995,2.6019716869996046e-07,0.74326092004776,0.37475499510765076,0.008624044246971607,0.7023320198059082,0.45937711000442505,0.0004591215110849589,0.7077165246009827,0.5478621125221252,-0.007646957878023386,0.7281585335731506,0.613284170627594,-0.020578615367412567,0.6708495616912842,0.49017733335494995,-0.04744494706392288,0.6416072845458984,0.6179641485214233,-0.06639885157346725,0.6266166567802429,0.688213050365448,-0.07592576742172241,0.6140642166137695,0.7469922304153442,-0.08218774944543839,0.7169874310493469,0.4914645552635193,-0.06201598420739174,0.697136402130127,0.63885098695755,-0.08179869502782822,0.6873349547386169,0.7236524820327759,-0.09367811679840088,0.6821497678756714,0.7904478907585144,-0.10387405008077621,0.7685025930404663,0.49096041917800903,-0.0719732940196991,0.764883279800415,0.6439938545227051,-0.09277666360139847,0.7654287815093994,0.7338748574256897,-0.10712829977273941,0.7675774097442627,0.7973647117614746,-0.11684705317020416,0.8158515095710754,0.4878915846347809,-0.07819131761789322,0.7940284609794617,0.5999811887741089,-0.09320636838674545,0.7868271470069885,0.6348870992660522,-0.09667358547449112,0.7847597002983093,0.6542980074882507,-0.0988001748919487,M
0.0,0.0,0.0,0.0,0.0,0.0,0.0,0.0,0.0,0.0,0.0,0.0,0.0,0.0,0.0,0.0,0.0,0.0,0.0,0.0,0.0,0.0,0.0,0.0,0.0,0.0,0.0,0.0,0.0,0.0,0.0,0.0,0.0,0.0,0.0,0.0,0.0,0.0,0.0,0.0,0.0,0.0,0.0,0.0,0.0,0.0,0.0,0.0,0.0,0.0,0.0,0.0,0.0,0.0,0.0,0.0,0.0,0.0,0.0,0.0,0.0,0.0,0.0,0.8248339891433716,0.33651795983314514,2.676087831332552e-07,0.7417267560958862,0.37940463423728943,0.01161047350615263,0.6994523406028748,0.4620788097381592,0.006955966353416443,0.7010583877563477,0.5462482571601868,0.0019174081971868873,0.7181460857391357,0.6113777756690979,-0.0069640157744288445,0.6722389459609985,0.4959089756011963,-0.03814857080578804,0.6389645338058472,0.6250180006027222,-0.054161202162504196,0.6237074732780457,0.6967567205429077,-0.06172355264425278,0.611031174659729,0.7559685707092285,-0.06640366464853287,0.7167503237724304,0.5050255060195923,-0.051402878016233444,0.6958417892456055,0.6517046689987183,-0.06870874017477036,0.6855087876319885,0.7365755438804626,-0.07987760007381439,0.6795051097869873,0.8015275001525879,-0.08921299129724503,0.7649239897727966,0.5090762972831726,-0.059965942054986954,0.7637296319007874,0.6548668742179871,-0.07528188824653625,0.7648218870162964,0.7418071031570435,-0.08811449259519577,0.7655391693115234,0.8017400503158569,-0.097407765686512,0.8080828189849854,0.5082100629806519,-0.065091572701931,0.7933752536773682,0.6139364838600159,-0.07518133521080017,0.7867563962936401,0.6550566554069519,-0.07850902527570724,0.7812001705169678,0.6813747882843018,-0.08076062798500061,M
0.0,0.0,0.0,0.0,0.0,0.0,0.0,0.0,0.0,0.0,0.0,0.0,0.0,0.0,0.0,0.0,0.0,0.0,0.0,0.0,0.0,0.0,0.0,0.0,0.0,0.0,0.0,0.0,0.0,0.0,0.0,0.0,0.0,0.0,0.0,0.0,0.0,0.0,0.0,0.0,0.0,0.0,0.0,0.0,0.0,0.0,0.0,0.0,0.0,0.0,0.0,0.0,0.0,0.0,0.0,0.0,0.0,0.0,0.0,0.0,0.0,0.0,0.0,0.8241139650344849,0.3359951078891754,2.89435632794266e-07,0.7398305535316467,0.379101037979126,0.013504667207598686,0.7014721632003784,0.4635292589664459,0.00930735468864441,0.7119380831718445,0.545604944229126,0.004884807858616114,0.7375997304916382,0.6059391498565674,-0.0038747936487197876,0.671478271484375,0.4929121434688568,-0.03894675523042679,0.6387265920639038,0.6205953359603882,-0.05345039442181587,0.6238948702812195,0.6909677982330322,-0.06026826426386833,0.6115371584892273,0.7505204677581787,-0.06487837433815002,0.7189079523086548,0.5057804584503174,-0.05272062122821808,0.6943123936653137,0.64348965883255,-0.0698012262582779,0.684104859828949,0.7227581739425659,-0.08146367967128754,0.6771920919418335,0.7881934642791748,-0.09094502031803131,0.7689269781112671,0.5130664110183716,-0.061136629432439804,0.7638697028160095,0.6543557047843933,-0.07780734449625015,0.763168454170227,0.7393369674682617,-0.09241882711648941,0.7635848522186279,0.8025466203689575,-0.10247159004211426,0.8108402490615845,0.5121908783912659,-0.06538737565279007,0.7882077097892761,0.6124027967453003,-0.07370181381702423,0.7793482542037964,0.6387024521827698,-0.07435192167758942,0.7742186188697815,0.651734471321106,-0.07515312731266022,M
0.0,0.0,0.0,0.0,0.0,0.0,0.0,0.0,0.0,0.0,0.0,0.0,0.0,0.0,0.0,0.0,0.0,0.0,0.0,0.0,0.0,0.0,0.0,0.0,0.0,0.0,0.0,0.0,0.0,0.0,0.0,0.0,0.0,0.0,0.0,0.0,0.0,0.0,0.0,0.0,0.0,0.0,0.0,0.0,0.0,0.0,0.0,0.0,0.0,0.0,0.0,0.0,0.0,0.0,0.0,0.0,0.0,0.0,0.0,0.0,0.0,0.0,0.0,0.8211551904678345,0.3431491553783417,2.833657219980523e-07,0.737525224685669,0.38659101724624634,0.010876570828258991,0.6964622139930725,0.46914926171302795,0.004545336123555899,0.7023828625679016,0.5523269772529602,-0.001834288937970996,0.7234352231025696,0.6151564717292786,-0.012668135575950146,0.6681778430938721,0.4989018440246582,-0.04272816330194473,0.636740505695343,0.6283591389656067,-0.059287652373313904,0.6227079033851624,0.6997824907302856,-0.06774601340293884,0.6115288734436035,0.7591603994369507,-0.07314622402191162,0.7145224213600159,0.5070752501487732,-0.056355830281972885,0.6929206848144531,0.6495792269706726,-0.07367485761642456,0.6837978363037109,0.7326419353485107,-0.08507692813873291,0.679200291633606,0.7977091670036316,-0.09490734338760376,0.7646387219429016,0.5121250152587891,-0.06504229456186295,0.7613939642906189,0.65885329246521,-0.08133956044912338,0.7623489499092102,0.746730387210846,-0.09493806213140488,0.7644448280334473,0.8079334497451782,-0.10493394732475281,0.8086903691291809,0.5127228498458862,-0.07006481289863586,0.7883921265602112,0.6171261072158813,-0.0800953358411789,0.7800151109695435,0.6476064324378967,-0.0818360224366188,0.7754208445549011,0.6622201800346375,-0.08332858979701996,M
0.0,0.0,0.0,0.0,0.0,0.0,0.0,0.0,0.0,0.0,0.0,0.0,0.0,0.0,0.0,0.0,0.0,0.0,0.0,0.0,0.0,0.0,0.0,0.0,0.0,0.0,0.0,0.0,0.0,0.0,0.0,0.0,0.0,0.0,0.0,0.0,0.0,0.0,0.0,0.0,0.0,0.0,0.0,0.0,0.0,0.0,0.0,0.0,0.0,0.0,0.0,0.0,0.0,0.0,0.0,0.0,0.0,0.0,0.0,0.0,0.0,0.0,0.0,0.8134721517562866,0.3533604145050049,3.2506639513485425e-07,0.7331868410110474,0.3960687220096588,0.010358840227127075,0.6949572563171387,0.4798458516597748,0.00434206984937191,0.7036610841751099,0.5627172589302063,-0.0013878897298127413,0.7284088730812073,0.6252702474594116,-0.011373244225978851,0.6651688814163208,0.5105417966842651,-0.041475556790828705,0.6341791152954102,0.6407374739646912,-0.055518973618745804,0.6199802160263062,0.7106373906135559,-0.06169557571411133,0.6083560585975647,0.7686723470687866,-0.06578924506902695,0.7117430567741394,0.5178951621055603,-0.0544055812060833,0.6911467909812927,0.6617967486381531,-0.07063846290111542,0.6830863952636719,0.7428721189498901,-0.08137962967157364,0.6787557005882263,0.8076233863830566,-0.09041397273540497,0.7615234851837158,0.5216160416603088,-0.062339652329683304,0.7609547972679138,0.6659127473831177,-0.07908202707767487,0.7627091407775879,0.7512006163597107,-0.09327435493469238,0.7645431756973267,0.8132660984992981,-0.10334289819002151,0.8044432997703552,0.5205791592597961,-0.06642922013998032,0.7838321328163147,0.6173592209815979,-0.07645046710968018,0.776480495929718,0.6371702551841736,-0.07733716815710068,0.772668182849884,0.6441760063171387,-0.0781368762254715,M
0.0,0.0,0.0,0.0,0.0,0.0,0.0,0.0,0.0,0.0,0.0,0.0,0.0,0.0,0.0,0.0,0.0,0.0,0.0,0.0,0.0,0.0,0.0,0.0,0.0,0.0,0.0,0.0,0.0,0.0,0.0,0.0,0.0,0.0,0.0,0.0,0.0,0.0,0.0,0.0,0.0,0.0,0.0,0.0,0.0,0.0,0.0,0.0,0.0,0.0,0.0,0.0,0.0,0.0,0.0,0.0,0.0,0.0,0.0,0.0,0.0,0.0,0.0,0.8150128722190857,0.3502863645553589,3.7089924376232375e-07,0.731693685054779,0.3968915641307831,0.011866963468492031,0.6949482560157776,0.4807508587837219,0.007397881243377924,0.7070513963699341,0.5583886504173279,0.0028628220316022635,0.7344382405281067,0.616557240486145,-0.005404657684266567,0.6670339107513428,0.5097370147705078,-0.03648652881383896,0.6356359124183655,0.6380822658538818,-0.049864232540130615,0.6219671368598938,0.708430290222168,-0.05554872006177902,0.6106186509132385,0.7662467956542969,-0.05897335335612297,0.714426577091217,0.5227979421615601,-0.04948233440518379,0.6919357180595398,0.6623333692550659,-0.06586609035730362,0.6823828220367432,0.7415050864219666,-0.07599875330924988,0.6762256622314453,0.8047046661376953,-0.08354012668132782,0.7639366984367371,0.5290667414665222,-0.057536087930202484,0.7612722516059875,0.6685311794281006,-0.07412709295749664,0.7616690397262573,0.7519131302833557,-0.08738622814416885,0.7626304030418396,0.8135495185852051,-0.09593667834997177,0.8054913282394409,0.526654839515686,-0.061693865805864334,0.7810631394386292,0.6206567287445068,-0.06941381096839905,0.7721379399299622,0.6329056620597839,-0.06716147810220718,0.76871258020401,0.6309095621109009,-0.06533003598451614,M
0.0,0.0,0.0,0.0,0.0,0.0,0.0,0.0,0.0,0.0,0.0,0.0,0.0,0.0,0.0,0.0,0.0,0.0,0.0,0.0,0.0,0.0,0.0,0.0,0.0,0.0,0.0,0.0,0.0,0.0,0.0,0.0,0.0,0.0,0.0,0.0,0.0,0.0,0.0,0.0,0.0,0.0,0.0,0.0,0.0,0.0,0.0,0.0,0.0,0.0,0.0,0.0,0.0,0.0,0.0,0.0,0.0,0.0,0.0,0.0,0.0,0.0,0.0,0.807493269443512,0.35764655470848083,3.374567540959106e-07,0.7288447618484497,0.40467116236686707,0.008934229612350464,0.6900987029075623,0.4906051456928253,0.0019460325129330158,0.6975834965705872,0.5742795467376709,-0.004366714973002672,0.7231009006500244,0.6371476650238037,-0.014911875128746033,0.6639177203178406,0.5205249786376953,-0.04508012533187866,0.6337437033653259,0.6494959592819214,-0.06065080314874649,0.6200251579284668,0.7205908894538879,-0.06780458986759186,0.6091193556785583,0.7807014584541321,-0.07248109579086304,0.7096118330955505,0.5252201557159424,-0.05772155150771141,0.6924399137496948,0.6729841828346252,-0.07467236369848251,0.6842555403709412,0.757270872592926,-0.08532913029193878,0.6803734302520752,0.8235604166984558,-0.09457910805940628,0.758664071559906,0.52632075548172,-0.06535351276397705,0.7596957683563232,0.6761072278022766,-0.08260143548250198,0.7613439559936523,0.7632604837417603,-0.09675100445747375,0.7638087272644043,0.8243288993835449,-0.10704921185970306,0.8013625741004944,0.5240284204483032,-0.06922820210456848,0.7847420573234558,0.6280676126480103,-0.08040252327919006,0.7767760157585144,0.6489203572273254,-0.08174653351306915,0.7731438875198364,0.6537272930145264,-0.08284124732017517,M
0.0,0.0,0.0,0.0,0.0,0.0,0.0,0.0,0.0,0.0,0.0,0.0,0.0,0.0,0.0,0.0,0.0,0.0,0.0,0.0,0.0,0.0,0.0,0.0,0.0,0.0,0.0,0.0,0.0,0.0,0.0,0.0,0.0,0.0,0.0,0.0,0.0,0.0,0.0,0.0,0.0,0.0,0.0,0.0,0.0,0.0,0.0,0.0,0.0,0.0,0.0,0.0,0.0,0.0,0.0,0.0,0.0,0.0,0.0,0.0,0.0,0.0,0.0,0.800385594367981,0.3624155819416046,3.5815810406347737e-07,0.7242274880409241,0.41457462310791016,0.011085640639066696,0.689091682434082,0.50062495470047,0.006429087836295366,0.6965053081512451,0.5771822929382324,0.0020281514152884483,0.7212010025978088,0.635298490524292,-0.006360031198710203,0.6626656651496887,0.5317872762680054,-0.04129645228385925,0.6361838579177856,0.659648597240448,-0.055824387818574905,0.6235082745552063,0.7290761470794678,-0.06185101717710495,0.6136935353279114,0.787874698638916,-0.06548330187797546,0.709106981754303,0.5388952493667603,-0.05457444489002228,0.692659854888916,0.683993935585022,-0.07140015810728073,0.6854987144470215,0.7650400400161743,-0.08140836656093597,0.6822720170021057,0.8291345834732056,-0.08920780569314957,0.7585004568099976,0.5395751595497131,-0.06275605410337448,0.7613192796707153,0.6806915998458862,-0.0798579528927803,0.7636011242866516,0.7641191482543945,-0.0934259220957756,0.7664181590080261,0.824425220489502,-0.10250178724527359,0.8007376790046692,0.5337617993354797,-0.0670899823307991,0.7826002836227417,0.6313865184783936,-0.0767941027879715,0.7742753624916077,0.6468569040298462,-0.07631494104862213,0.7711060643196106,0.6479599475860596,-0.07576353847980499,M
0.0,0.0,0.0,0.0,0.0,0.0,0.0,0.0,0.0,0.0,0.0,0.0,0.0,0.0,0.0,0.0,0.0,0.0,0.0,0.0,0.0,0.0,0.0,0.0,0.0,0.0,0.0,0.0,0.0,0.0,0.0,0.0,0.0,0.0,0.0,0.0,0.0,0.0,0.0,0.0,0.0,0.0,0.0,0.0,0.0,0.0,0.0,0.0,0.0,0.0,0.0,0.0,0.0,0.0,0.0,0.0,0.0,0.0,0.0,0.0,0.0,0.0,0.0,0.7949405908584595,0.3658539652824402,3.6492752997219213e-07,0.7192244529724121,0.4182736873626709,0.009867529384791851,0.6853216886520386,0.5052778720855713,0.005353512242436409,0.6979199051856995,0.5804914236068726,0.0009276557248085737,0.7267394661903381,0.6349710822105408,-0.007703824900090694,0.6607601642608643,0.5346408486366272,-0.03767308592796326,0.6336132884025574,0.6580736637115479,-0.05093508958816528,0.6216425895690918,0.7273356914520264,-0.057118553668260574,0.6123104095458984,0.7857416868209839,-0.06125885993242264,0.7073716521263123,0.5421940088272095,-0.05039596930146217,0.693385899066925,0.6828305125236511,-0.06464342772960663,0.6880089044570923,0.7633742094039917,-0.0748138278722763,0.6857973337173462,0.8274422883987427,-0.08356110751628876,0.756560742855072,0.5443395376205444,-0.058344583958387375,0.7563590407371521,0.6845118403434753,-0.07400033622980118,0.7598612308502197,0.7654669284820557,-0.08816154301166534,0.7651122212409973,0.8241961002349854,-0.09837926924228668,0.798871636390686,0.5404641032218933,-0.06263841688632965,0.7779654860496521,0.6342291831970215,-0.07260284572839737,0.7688764333724976,0.6421578526496887,-0.07236102968454361,0.7664700150489807,0.635610044002533,-0.07213792204856873,M
0.0,0.0,0.0,0.0,0.0,0.0,0.0,0.0,0.0,0.0,0.0,0.0,0.0,0.0,0.0,0.0,0.0,0.0,0.0,0.0,0.0,0.0,0.0,0.0,0.0,0.0,0.0,0.0,0.0,0.0,0.0,0.0,0.0,0.0,0.0,0.0,0.0,0.0,0.0,0.0,0.0,0.0,0.0,0.0,0.0,0.0,0.0,0.0,0.0,0.0,0.0,0.0,0.0,0.0,0.0,0.0,0.0,0.0,0.0,0.0,0.0,0.0,0.0,0.7970736622810364,0.3693973422050476,3.5011655086236715e-07,0.7224041819572449,0.41922786831855774,0.0072097438387572765,0.6846142411231995,0.5049727559089661,0.0003500723105389625,0.6930652260780334,0.5839545130729675,-0.0058553083799779415,0.7189171314239502,0.6418565511703491,-0.016552573069930077,0.6609073281288147,0.5359060168266296,-0.04677564278244972,0.6338903307914734,0.6616201400756836,-0.06311801820993423,0.6208038330078125,0.7296509742736816,-0.06995709985494614,0.6110177040100098,0.7866036891937256,-0.07398485392332077,0.7079271078109741,0.5382813215255737,-0.05968841165304184,0.6925063729286194,0.6817752122879028,-0.07834742963314056,0.6860514283180237,0.7627137899398804,-0.08879774063825607,0.6839872598648071,0.82655930519104,-0.09698518365621567,0.7570800185203552,0.5373338460922241,-0.06785489618778229,0.7554022073745728,0.6819251179695129,-0.08807892352342606,0.7581230998039246,0.7641518712043762,-0.10205529630184174,0.7631233930587769,0.8229107856750488,-0.11084744334220886,0.7997763156890869,0.532223105430603,-0.07228962332010269,0.7773867845535278,0.6379536986351013,-0.08530420064926147,0.7688934803009033,0.6508418321609497,-0.0852050930261612,0.7685919404029846,0.6462408304214478,-0.08446093648672104,M
0.0,0.0,0.0,0.0,0.0,0.0,0.0,0.0,0.0,0.0,0.0,0.0,0.0,0.0,0.0,0.0,0.0,0.0,0.0,0.0,0.0,0.0,0.0,0.0,0.0,0.0,0.0,0.0,0.0,0.0,0.0,0.0,0.0,0.0,0.0,0.0,0.0,0.0,0.0,0.0,0.0,0.0,0.0,0.0,0.0,0.0,0.0,0.0,0.0,0.0,0.0,0.0,0.0,0.0,0.0,0.0,0.0,0.0,0.0,0.0,0.0,0.0,0.0,0.7952252626419067,0.36411014199256897,3.625568467668927e-07,0.7191869020462036,0.4155675768852234,0.010087497532367706,0.6866173148155212,0.5038023591041565,0.003986230585724115,0.7002796530723572,0.5837767124176025,-0.0016027041710913181,0.730114758014679,0.6435551643371582,-0.011698940768837929,0.660118579864502,0.5327821969985962,-0.04430941864848137,0.6334764361381531,0.6592442393302917,-0.05973241850733757,0.621167778968811,0.7287895679473877,-0.06686732172966003,0.6113801002502441,0.7863768935203552,-0.07149139791727066,0.7065582275390625,0.5379392504692078,-0.057468000799417496,0.6923635005950928,0.6810082197189331,-0.07514450699090958,0.6856284737586975,0.7626036405563354,-0.08627409487962723,0.6823080778121948,0.8266165256500244,-0.09532223641872406,0.7556122541427612,0.5372889637947083,-0.06545513868331909,0.7582332491874695,0.6806164979934692,-0.08443824201822281,0.7602502107620239,0.7657366394996643,-0.10019956529140472,0.7634088397026062,0.8275315761566162,-0.11118709295988083,0.7979735732078552,0.5300774574279785,-0.0692758858203888,0.7799267768859863,0.624442994594574,-0.08114141970872879,0.7717697620391846,0.6354768872261047,-0.08195161074399948,0.7691503167152405,0.632440984249115,-0.08261528611183167,M
0.0,0.0,0.0,0.0,0.0,0.0,0.0,0.0,0.0,0.0,0.0,0.0,0.0,0.0,0.0,0.0,0.0,0.0,0.0,0.0,0.0,0.0,0.0,0.0,0.0,0.0,0.0,0.0,0.0,0.0,0.0,0.0,0.0,0.0,0.0,0.0,0.0,0.0,0.0,0.0,0.0,0.0,0.0,0.0,0.0,0.0,0.0,0.0,0.0,0.0,0.0,0.0,0.0,0.0,0.0,0.0,0.0,0.0,0.0,0.0,0.0,0.0,0.0,0.7938281297683716,0.37462925910949707,3.7214263670648506e-07,0.717643141746521,0.4277278184890747,0.008001572452485561,0.6837823390960693,0.5163126587867737,0.0026854663155972958,0.6972845196723938,0.5964177846908569,-0.0021351035684347153,0.7256853580474854,0.6524440050125122,-0.011143920943140984,0.6606147289276123,0.5415694117546082,-0.0402037650346756,0.6343432664871216,0.6700589656829834,-0.05404018238186836,0.6235346794128418,0.741385817527771,-0.06040341407060623,0.6147770881652832,0.8012125492095947,-0.06447641551494598,0.7061675786972046,0.5471909046173096,-0.05212532356381416,0.6935151815414429,0.6891509294509888,-0.06760865449905396,0.6889896988868713,0.7724740505218506,-0.0781690776348114,0.6874889731407166,0.8369702100753784,-0.0870169997215271,0.7543933391571045,0.5479349493980408,-0.05935482308268547,0.7547522783279419,0.6910461187362671,-0.07643447816371918,0.7597668170928955,0.774395763874054,-0.09041789174079895,0.7653623223304749,0.8329242467880249,-0.10009174048900604,0.7972980737686157,0.5443815588951111,-0.0629822388291359,0.7781087160110474,0.6430584192276001,-0.07492197304964066,0.7689732313156128,0.6513295769691467,-0.07485777884721756,0.7652782201766968,0.6420773267745972,-0.07420776039361954,M
0.0,0.0,0.0,0.0,0.0,0.0,0.0,0.0,0.0,0.0,0.0,0.0,0.0,0.0,0.0,0.0,0.0,0.0,0.0,0.0,0.0,0.0,0.0,0.0,0.0,0.0,0.0,0.0,0.0,0.0,0.0,0.0,0.0,0.0,0.0,0.0,0.0,0.0,0.0,0.0,0.0,0.0,0.0,0.0,0.0,0.0,0.0,0.0,0.0,0.0,0.0,0.0,0.0,0.0,0.0,0.0,0.0,0.0,0.0,0.0,0.0,0.0,0.0,0.7875736355781555,0.3900035321712494,4.098722854450898e-07,0.7150957584381104,0.443278968334198,0.003539526602253318,0.6814473271369934,0.5328280925750732,-0.0059349010698497295,0.6972840428352356,0.615175724029541,-0.014078508131206036,0.7286210060119629,0.6739331483840942,-0.026635417714715004,0.6570045351982117,0.5640552639961243,-0.05169108882546425,0.6320127844810486,0.6925384998321533,-0.06944656372070312,0.6208083629608154,0.763268768787384,-0.07833817601203918,0.6127750277519226,0.8229618072509766,-0.08404207974672318,0.7038892507553101,0.5632473230361938,-0.06324400752782822,0.6890900135040283,0.7081113457679749,-0.08139698207378387,0.6840289235115051,0.7928589582443237,-0.09383682161569595,0.6831296682357788,0.8593152761459351,-0.10451696813106537,0.7537214756011963,0.5592211484909058,-0.07016947120428085,0.7540825009346008,0.705784797668457,-0.0887923538684845,0.7576373815536499,0.7920671701431274,-0.10509835928678513,0.7632582187652588,0.8509831428527832,-0.11690262705087662,0.7980924844741821,0.5528784990310669,-0.07373370230197906,0.7780865430831909,0.6569701433181763,-0.0872451514005661,0.7679629921913147,0.6810020208358765,-0.09072493761777878,0.7648532390594482,0.6872566342353821,-0.0932864397764206,M
0.0,0.0,0.0,0.0,0.0,0.0,0.0,0.0,0.0,0.0,0.0,0.0,0.0,0.0,0.0,0.0,0.0,0.0,0.0,0.0,0.0,0.0,0.0,0.0,0.0,0.0,0.0,0.0,0.0,0.0,0.0,0.0,0.0,0.0,0.0,0.0,0.0,0.0,0.0,0.0,0.0,0.0,0.0,0.0,0.0,0.0,0.0,0.0,0.0,0.0,0.0,0.0,0.0,0.0,0.0,0.0,0.0,0.0,0.0,0.0,0.0,0.0,0.0,0.7851254940032959,0.4075310230255127,3.7440494793372636e-07,0.7117578983306885,0.45851215720176697,0.004225627519190311,0.6757931709289551,0.5439140796661377,-0.004130211193114519,0.6875854134559631,0.6233288645744324,-0.011232106015086174,0.7149634957313538,0.6810047030448914,-0.022610200569033623,0.6561899781227112,0.5767227411270142,-0.049061551690101624,0.6307387351989746,0.7057310342788696,-0.0661110207438469,0.6201863288879395,0.7760974764823914,-0.07430372387170792,0.6129539012908936,0.8358705639839172,-0.07925582677125931,0.7024396061897278,0.5786388516426086,-0.060345109552145004,0.6891796588897705,0.7207071185112,-0.07836724817752838,0.6856939196586609,0.8041018843650818,-0.09002124518156052,0.686667263507843,0.869843065738678,-0.09953073412179947,0.7511467337608337,0.5773992538452148,-0.067021444439888,0.7520416378974915,0.7235708236694336,-0.08636154979467392,0.7570087909698486,0.8086356520652771,-0.10177010297775269,0.7639848589897156,0.8678494691848755,-0.11223030835390091,0.7938976287841797,0.5739296674728394,-0.07021314650774002,0.7754707336425781,0.6799221038818359,-0.08377127349376678,0.7668303847312927,0.695514440536499,-0.08508957177400589,0.7648442387580872,0.6927745938301086,-0.08542350679636002,M
0.0,0.0,0.0,0.0,0.0,0.0,0.0,0.0,0.0,0.0,0.0,0.0,0.0,0.0,0.0,0.0,0.0,0.0,0.0,0.0,0.0,0.0,0.0,0.0,0.0,0.0,0.0,0.0,0.0,0.0,0.0,0.0,0.0,0.0,0.0,0.0,0.0,0.0,0.0,0.0,0.0,0.0,0.0,0.0,0.0,0.0,0.0,0.0,0.0,0.0,0.0,0.0,0.0,0.0,0.0,0.0,0.0,0.0,0.0,0.0,0.0,0.0,0.0,0.7781492471694946,0.4089551270008087,3.390866822883254e-07,0.7060462236404419,0.4647217392921448,0.0056765698827803135,0.6729089617729187,0.5522199869155884,-0.0016156359342858195,0.6832140684127808,0.6302427649497986,-0.008190710097551346,0.7088297605514526,0.6872302889823914,-0.019298365339636803,0.6500179767608643,0.5837744474411011,-0.046617865562438965,0.6304107904434204,0.7112233638763428,-0.06351127475500107,0.6203551292419434,0.7808176279067993,-0.07211839407682419,0.6121985912322998,0.8404878377914429,-0.07786452025175095,0.6966249346733093,0.5837855935096741,-0.059111084789037704,0.689440906047821,0.723797082901001,-0.07830338925123215,0.6860562562942505,0.8065378665924072,-0.0911874994635582,0.6849111318588257,0.8739610910415649,-0.10157933831214905,0.7464389801025391,0.5793201923370361,-0.06705646216869354,0.7522518038749695,0.7242664694786072,-0.08780216425657272,0.7575421333312988,0.8101020455360413,-0.10412004590034485,0.7637000679969788,0.8734177350997925,-0.1149810254573822,0.790178120136261,0.5706408023834229,-0.07139772921800613,0.7741390466690063,0.6781805157661438,-0.0861283466219902,0.7656494379043579,0.6998503804206848,-0.08872369676828384,0.7633184790611267,0.7056066989898682,-0.0900348648428917,M
0.0,0.0,0.0,0.0,0.0,0.0,0.0,0.0,0.0,0.0,0.0,0.0,0.0,0.0,0.0,0.0,0.0,0.0,0.0,0.0,0.0,0.0,0.0,0.0,0.0,0.0,0.0,0.0,0.0,0.0,0.0,0.0,0.0,0.0,0.0,0.0,0.0,0.0,0.0,0.0,0.0,0.0,0.0,0.0,0.0,0.0,0.0,0.0,0.0,0.0,0.0,0.0,0.0,0.0,0.0,0.0,0.0,0.0,0.0,0.0,0.0,0.0,0.0,0.778161346912384,0.4077048897743225,3.185431296515162e-07,0.7037658095359802,0.46132493019104004,0.007636571768671274,0.6686375737190247,0.5468387007713318,0.0015140280593186617,0.6760223507881165,0.6234597563743591,-0.004278857260942459,0.6992740631103516,0.6815379858016968,-0.014360453002154827,0.64914870262146,0.581183135509491,-0.044803015887737274,0.6261874437332153,0.7069598436355591,-0.06226710230112076,0.6151973605155945,0.7763959169387817,-0.07095469534397125,0.6066253781318665,0.8354748487472534,-0.07637296617031097,0.6950291991233826,0.5853117108345032,-0.05761535093188286,0.6834598779678345,0.7261863350868225,-0.07615331560373306,0.679075300693512,0.8090262413024902,-0.08831693232059479,0.6778934597969055,0.8751362562179565,-0.09825179725885391,0.7437953948974609,0.5839840173721313,-0.06578261405229568,0.7468567490577698,0.7263292670249939,-0.08453179895877838,0.7517169117927551,0.8093026876449585,-0.09955703467130661,0.7571854591369629,0.868708074092865,-0.10984015464782715,0.7860679030418396,0.5771963596343994,-0.07043953239917755,0.7703629732131958,0.6821328997612,-0.08288915455341339,0.7633766531944275,0.7052862048149109,-0.08482381701469421,0.7617097496986389,0.7121920585632324,-0.08587972819805145,M
0.0,0.0,0.0,0.0,0.0,0.0,0.0,0.0,0.0,0.0,0.0,0.0,0.0,0.0,0.0,0.0,0.0,0.0,0.0,0.0,0.0,0.0,0.0,0.0,0.0,0.0,0.0,0.0,0.0,0.0,0.0,0.0,0.0,0.0,0.0,0.0,0.0,0.0,0.0,0.0,0.0,0.0,0.0,0.0,0.0,0.0,0.0,0.0,0.0,0.0,0.0,0.0,0.0,0.0,0.0,0.0,0.0,0.0,0.0,0.0,0.0,0.0,0.0,0.772083044052124,0.41057121753692627,4.072120987075323e-07,0.6986241936683655,0.46435248851776123,0.008574449457228184,0.6693475246429443,0.5528286099433899,0.003975634928792715,0.6864874362945557,0.6258224844932556,-0.0004639638355001807,0.7186241149902344,0.6766030788421631,-0.009198296815156937,0.6452839374542236,0.5862287282943726,-0.03738657012581825,0.6212266087532043,0.7125407457351685,-0.05050823837518692,0.6103262901306152,0.7815189361572266,-0.05662086233496666,0.6025791168212891,0.8404207229614258,-0.06047678738832474,0.6929750442504883,0.5948724746704102,-0.04977826401591301,0.6803535223007202,0.7312940955162048,-0.06466303765773773,0.6762694120407104,0.8113332986831665,-0.07521585375070572,0.6750583648681641,0.876758873462677,-0.08335158973932266,0.7423278093338013,0.5955970287322998,-0.057554684579372406,0.7453859448432922,0.7316765189170837,-0.07360910624265671,0.7496512532234192,0.8118337392807007,-0.08765098452568054,0.7546507120132446,0.8726946115493774,-0.09722740948200226,0.7842951416969299,0.589387834072113,-0.061876602470874786,0.7635466456413269,0.6823075413703918,-0.0720956027507782,0.754083514213562,0.6879915595054626,-0.0708194226026535,0.750558078289032,0.6797456741333008,-0.06933049112558365,M
0.0,0.0,0.0,0.0,0.0,0.0,0.0,0.0,0.0,0.0,0.0,0.0,0.0,0.0,0.0,0.0,0.0,0.0,0.0,0.0,0.0,0.0,0.0,0.0,0.0,0.0,0.0,0.0,0.0,0.0,0.0,0.0,0.0,0.0,0.0,0.0,0.0,0.0,0.0,0.0,0.0,0.0,0.0,0.0,0.0,0.0,0.0,0.0,0.0,0.0,0.0,0.0,0.0,0.0,0.0,0.0,0.0,0.0,0.0,0.0,0.0,0.0,0.0,0.7699077725410461,0.41209208965301514,3.123875558230793e-07,0.6966589689254761,0.46729856729507446,0.008659789338707924,0.6628553867340088,0.5527178049087524,0.0022479805629700422,0.671940803527832,0.6292109489440918,-0.003920912742614746,0.6965692043304443,0.6863166689872742,-0.01453892607241869,0.6416918039321899,0.5867079496383667,-0.044810522347688675,0.620924174785614,0.7120221853256226,-0.06268461793661118,0.6108319759368896,0.7814797163009644,-0.0718621090054512,0.6031427979469299,0.8407309055328369,-0.0775989517569542,0.687140166759491,0.5872588753700256,-0.05812057852745056,0.6768012642860413,0.7289954423904419,-0.07724075764417648,0.674132227897644,0.8129088878631592,-0.08953080326318741,0.6750580072402954,0.8799698948860168,-0.09951074421405792,0.7360767722129822,0.5834037661552429,-0.0666361004114151,0.7405911087989807,0.727756917476654,-0.08581507205963135,0.7471598982810974,0.8131211400032043,-0.10053487122058868,0.7543651461601257,0.8737484812736511,-0.11040292680263519,0.7791745066642761,0.575288712978363,-0.07146097719669342,0.7645285725593567,0.6827890276908875,-0.08375319093465805,0.7572495937347412,0.7083767056465149,-0.08520369976758957,0.7549351453781128,0.7171626687049866,-0.08589006215333939,M
0.0,0.0,0.0,0.0,0.0,0.0,0.0,0.0,0.0,0.0,0.0,0.0,0.0,0.0,0.0,0.0,0.0,0.0,0.0,0.0,0.0,0.0,0.0,0.0,0.0,0.0,0.0,0.0,0.0,0.0,0.0,0.0,0.0,0.0,0.0,0.0,0.0,0.0,0.0,0.0,0.0,0.0,0.0,0.0,0.0,0.0,0.0,0.0,0.0,0.0,0.0,0.0,0.0,0.0,0.0,0.0,0.0,0.0,0.0,0.0,0.0,0.0,0.0,0.7693322896957397,0.4114777147769928,3.695896282351896e-07,0.6961419582366943,0.46634119749069214,0.007594396360218525,0.6665074825286865,0.5559687614440918,0.001647208002395928,0.6829659938812256,0.6337809562683105,-0.0034448402002453804,0.7125723361968994,0.6900537610054016,-0.012669931165874004,0.6400469541549683,0.5855536460876465,-0.044151030480861664,0.6187916994094849,0.7120499610900879,-0.06043544411659241,0.609343409538269,0.7823827266693115,-0.06887953728437424,0.6017153859138489,0.8424258232116699,-0.0744827389717102,0.6863807439804077,0.589236319065094,-0.0561874583363533,0.6754025816917419,0.7279605865478516,-0.07441002130508423,0.6721383929252625,0.8112211227416992,-0.08755604922771454,0.6713643670082092,0.8790540099143982,-0.09816840291023254,0.7352640628814697,0.5882822871208191,-0.0632600411772728,0.7411436438560486,0.7277156114578247,-0.08248399943113327,0.7476208806037903,0.8123924732208252,-0.09921199828386307,0.7543140649795532,0.8748112916946411,-0.11080750077962875,0.777623176574707,0.5821326971054077,-0.06652852892875671,0.7613863348960876,0.6772018671035767,-0.07912886142730713,0.7532531023025513,0.6895454525947571,-0.08070763200521469,0.7501909732818604,0.6879020929336548,-0.08164766430854797,M
0.0,0.0,0.0,0.0,0.0,0.0,0.0,0.0,0.0,0.0,0.0,0.0,0.0,0.0,0.0,0.0,0.0,0.0,0.0,0.0,0.0,0.0,0.0,0.0,0.0,0.0,0.0,0.0,0.0,0.0,0.0,0.0,0.0,0.0,0.0,0.0,0.0,0.0,0.0,0.0,0.0,0.0,0.0,0.0,0.0,0.0,0.0,0.0,0.0,0.0,0.0,0.0,0.0,0.0,0.0,0.0,0.0,0.0,0.0,0.0,0.0,0.0,0.0,0.7662981748580933,0.40581709146499634,3.5984044188808184e-07,0.6949379444122314,0.4668043851852417,0.010111580602824688,0.6627440452575684,0.5544334650039673,0.004126777872443199,0.6743320822715759,0.6298351883888245,-0.001962327631190419,0.7017390131950378,0.6856991648674011,-0.012383825145661831,0.6383997797966003,0.5860780477523804,-0.04270102083683014,0.6163995265960693,0.7123331427574158,-0.05937102064490318,0.6055437922477722,0.7814024090766907,-0.06726765632629395,0.5969544649124146,0.8399824500083923,-0.07219083607196808,0.6840344071388245,0.5865142941474915,-0.05716496333479881,0.6732429265975952,0.7302019596099854,-0.07610418647527695,0.6688405871391296,0.8128063082695007,-0.08857319504022598,0.6680912375450134,0.8781877160072327,-0.09833989292383194,0.733256459236145,0.5812196731567383,-0.06671080738306046,0.739738941192627,0.724705696105957,-0.08625811338424683,0.7452783584594727,0.8106304407119751,-0.10241981595754623,0.7514148950576782,0.8723621368408203,-0.11308813840150833,0.7765799164772034,0.5712580680847168,-0.07229200005531311,0.762869119644165,0.6789554953575134,-0.08460579812526703,0.7560452222824097,0.7038118839263916,-0.08642405271530151,0.7545896172523499,0.7115864753723145,-0.0874219611287117,M
0.0,0.0,0.0,0.0,0.0,0.0,0.0,0.0,0.0,0.0,0.0,0.0,0.0,0.0,0.0,0.0,0.0,0.0,0.0,0.0,0.0,0.0,0.0,0.0,0.0,0.0,0.0,0.0,0.0,0.0,0.0,0.0,0.0,0.0,0.0,0.0,0.0,0.0,0.0,0.0,0.0,0.0,0.0,0.0,0.0,0.0,0.0,0.0,0.0,0.0,0.0,0.0,0.0,0.0,0.0,0.0,0.0,0.0,0.0,0.0,0.0,0.0,0.0,0.7667325735092163,0.40538471937179565,3.702643596170674e-07,0.6916837692260742,0.46594536304473877,0.008098922669887543,0.6613690853118896,0.5564373731613159,0.0017269764794036746,0.6799302101135254,0.6354867815971375,-0.004546568728983402,0.7113682627677917,0.6895866394042969,-0.014952780678868294,0.6367573142051697,0.5821320414543152,-0.040550779551267624,0.6162048578262329,0.7075234651565552,-0.05560130998492241,0.6073750257492065,0.777273952960968,-0.06274531781673431,0.600192129611969,0.8377261757850647,-0.0676291435956955,0.6840165853500366,0.5887084007263184,-0.05359717458486557,0.6732105016708374,0.728713870048523,-0.06986241787672043,0.6695441007614136,0.810488224029541,-0.08177457749843597,0.6684449315071106,0.8774740099906921,-0.09172680974006653,0.7341887950897217,0.5882936120033264,-0.06209193915128708,0.7407231330871582,0.729872465133667,-0.07912975549697876,0.74627685546875,0.8145022392272949,-0.09501883387565613,0.7522690892219543,0.876711368560791,-0.10626724362373352,0.7762190699577332,0.5817970037460327,-0.06702859699726105,0.760658860206604,0.6868641376495361,-0.07784219831228256,0.7511670589447021,0.713121771812439,-0.08014103770256042,0.7469706535339355,0.7240481972694397,-0.08205316960811615,M
0.0,0.0,0.0,0.0,0.0,0.0,0.0,0.0,0.0,0.0,0.0,0.0,0.0,0.0,0.0,0.0,0.0,0.0,0.0,0.0,0.0,0.0,0.0,0.0,0.0,0.0,0.0,0.0,0.0,0.0,0.0,0.0,0.0,0.0,0.0,0.0,0.0,0.0,0.0,0.0,0.0,0.0,0.0,0.0,0.0,0.0,0.0,0.0,0.0,0.0,0.0,0.0,0.0,0.0,0.0,0.0,0.0,0.0,0.0,0.0,0.0,0.0,0.0,0.7672126889228821,0.40760862827301025,3.505780910018075e-07,0.6911511421203613,0.46303123235702515,0.009418006055057049,0.6600017547607422,0.5500630736351013,0.004625082481652498,0.6737892031669617,0.6260908842086792,5.160456203157082e-05,0.7025740146636963,0.682097852230072,-0.00842614658176899,0.638512134552002,0.5805569291114807,-0.039451636373996735,0.6162401437759399,0.7091687321662903,-0.05411205440759659,0.6072335243225098,0.7787619233131409,-0.0605669729411602,0.6008202433586121,0.83656245470047,-0.06445402652025223,0.684891402721405,0.5883229970932007,-0.05208127945661545,0.6730202436447144,0.7296464443206787,-0.06957985460758209,0.669896125793457,0.8124004602432251,-0.08133723586797714,0.6700035333633423,0.8785872459411621,-0.09019821882247925,0.7335752844810486,0.5889967679977417,-0.05990004166960716,0.740082323551178,0.7284190654754639,-0.0779106467962265,0.7461509108543396,0.8111174702644348,-0.09301554411649704,0.7525231838226318,0.8720228672027588,-0.10298549383878708,0.7745287418365479,0.5825092196464539,-0.0639595314860344,0.7591370344161987,0.68109530210495,-0.07466786354780197,0.7517508268356323,0.6962205171585083,-0.07483822107315063,0.7491567730903625,0.6964957118034363,-0.07453754544258118,M
0.0,0.0,0.0,0.0,0.0,0.0,0.0,0.0,0.0,0.0,0.0,0.0,0.0,0.0,0.0,0.0,0.0,0.0,0.0,0.0,0.0,0.0,0.0,0.0,0.0,0.0,0.0,0.0,0.0,0.0,0.0,0.0,0.0,0.0,0.0,0.0,0.0,0.0,0.0,0.0,0.0,0.0,0.0,0.0,0.0,0.0,0.0,0.0,0.0,0.0,0.0,0.0,0.0,0.0,0.0,0.0,0.0,0.0,0.0,0.0,0.0,0.0,0.0,0.7702971696853638,0.3997669219970703,3.543647153492202e-07,0.6977328062057495,0.4534120559692383,0.0073284246027469635,0.6660773158073425,0.5390048027038574,0.0022685639560222626,0.6758591532707214,0.6160228252410889,-0.0018088064389303327,0.6978351473808289,0.6746623516082764,-0.009285754524171352,0.6417101621627808,0.5757973790168762,-0.04119671508669853,0.6201017498970032,0.7022795677185059,-0.056248538196086884,0.6111165881156921,0.7724599838256836,-0.06290002167224884,0.6042907238006592,0.8305021524429321,-0.06682924926280975,0.6889235377311707,0.5794447064399719,-0.05258410423994064,0.6783787608146667,0.7200415134429932,-0.07177166640758514,0.6754211187362671,0.8021435141563416,-0.0830748975276947,0.6758962273597717,0.8672581911087036,-0.0910411849617958,0.7377333641052246,0.5776686668395996,-0.059347230941057205,0.7434588670730591,0.7174578905105591,-0.07932480424642563,0.7499266862869263,0.7985954284667969,-0.0928858146071434,0.7575700283050537,0.8579995632171631,-0.10083986073732376,0.7786918878555298,0.5699264407157898,-0.06254173070192337,0.7627032399177551,0.6670758128166199,-0.07535616308450699,0.7567136883735657,0.6768314838409424,-0.07457596063613892,0.7571373581886292,0.6705995202064514,-0.07246260344982147,M
0.0,0.0,0.0,0.0,0.0,0.0,0.0,0.0,0.0,0.0,0.0,0.0,0.0,0.0,0.0,0.0,0.0,0.0,0.0,0.0,0.0,0.0,0.0,0.0,0.0,0.0,0.0,0.0,0.0,0.0,0.0,0.0,0.0,0.0,0.0,0.0,0.0,0.0,0.0,0.0,0.0,0.0,0.0,0.0,0.0,0.0,0.0,0.0,0.0,0.0,0.0,0.0,0.0,0.0,0.0,0.0,0.0,0.0,0.0,0.0,0.0,0.0,0.0,0.7746986150741577,0.38393622636795044,3.6202274600327655e-07,0.701353132724762,0.4384217858314514,0.005139779299497604,0.6672840714454651,0.5269738435745239,-0.0014729382237419486,0.6795092225074768,0.6073028445243835,-0.006583149544894695,0.7068504691123962,0.6669933199882507,-0.015116635710000992,0.6454101800918579,0.5612870454788208,-0.044617392122745514,0.6236211061477661,0.6870356202125549,-0.059556860476732254,0.6140415668487549,0.7561703324317932,-0.06527312844991684,0.6065877676010132,0.8143545389175415,-0.06872627884149551,0.6914036870002747,0.5632374882698059,-0.055218011140823364,0.6803663372993469,0.7037930488586426,-0.07396876066923141,0.6770822405815125,0.7849787473678589,-0.08439263701438904,0.6770493984222412,0.8504727482795715,-0.09196504205465317,0.7405195832252502,0.5600672960281372,-0.06128796562552452,0.7477600574493408,0.6996607780456543,-0.08091790229082108,0.7532199025154114,0.784990131855011,-0.09502438455820084,0.7598868608474731,0.8481577634811401,-0.10376709699630737,0.7827644944190979,0.5521272420883179,-0.06384758651256561,0.7674446702003479,0.6502201557159424,-0.07647699117660522,0.7594069838523865,0.6709678173065186,-0.07747036963701248,0.756898045539856,0.6778252124786377,-0.07729195803403854,M
0.0,0.0,0.0,0.0,0.0,0.0,0.0,0.0,0.0,0.0,0.0,0.0,0.0,0.0,0.0,0.0,0.0,0.0,0.0,0.0,0.0,0.0,0.0,0.0,0.0,0.0,0.0,0.0,0.0,0.0,0.0,0.0,0.0,0.0,0.0,0.0,0.0,0.0,0.0,0.0,0.0,0.0,0.0,0.0,0.0,0.0,0.0,0.0,0.0,0.0,0.0,0.0,0.0,0.0,0.0,0.0,0.0,0.0,0.0,0.0,0.0,0.0,0.0,0.7698115110397339,0.37361830472946167,3.9580675093020545e-07,0.6974688172340393,0.4338058829307556,0.007488719187676907,0.6705108284950256,0.5249572396278381,-0.0005776524776592851,0.6947793364524841,0.6021923422813416,-0.008337188512086868,0.7300254702568054,0.6539328098297119,-0.02051881141960621,0.6417801380157471,0.5522211790084839,-0.0427081398665905,0.6208291053771973,0.680942952632904,-0.058274105191230774,0.6106963753700256,0.7510424852371216,-0.06619523465633392,0.6031045317649841,0.8111435770988464,-0.07146710157394409,0.690232515335083,0.5538894534111023,-0.05588198080658913,0.6800922751426697,0.6928887963294983,-0.07325883954763412,0.6769207119941711,0.7757034301757812,-0.0853133350610733,0.6767976880073547,0.8433929085731506,-0.09508778154850006,0.7411478161811829,0.550610363483429,-0.06436345726251602,0.7466893792152405,0.6939595937728882,-0.08313551545143127,0.752056896686554,0.7772678732872009,-0.09808522462844849,0.7589238882064819,0.8392670750617981,-0.10820739716291428,0.7841377258300781,0.5428347587585449,-0.06914928555488586,0.7664741277694702,0.6458133459091187,-0.08097656816244125,0.7572898268699646,0.6595571041107178,-0.08047215640544891,0.7548593878746033,0.6580976843833923,-0.07981619238853455,M
0.0,0.0,0.0,0.0,0.0,0.0,0.0,0.0,0.0,0.0,0.0,0.0,0.0,0.0,0.0,0.0,0.0,0.0,0.0,0.0,0.0,0.0,0.0,0.0,0.0,0.0,0.0,0.0,0.0,0.0,0.0,0.0,0.0,0.0,0.0,0.0,0.0,0.0,0.0,0.0,0.0,0.0,0.0,0.0,0.0,0.0,0.0,0.0,0.0,0.0,0.0,0.0,0.0,0.0,0.0,0.0,0.0,0.0,0.0,0.0,0.0,0.0,0.0,0.7659168243408203,0.3780035972595215,3.602636979849194e-07,0.6945200562477112,0.4330991506576538,0.007936127483844757,0.6599194407463074,0.5204102993011475,0.0010148728033527732,0.6699376106262207,0.5971719026565552,-0.005635700188577175,0.6969649791717529,0.6522060632705688,-0.017018312588334084,0.639531672000885,0.5524214506149292,-0.04728430509567261,0.6171493530273438,0.6805042624473572,-0.06461071968078613,0.6059679388999939,0.7491921782493591,-0.07223975658416748,0.597538411617279,0.8075106143951416,-0.07674334943294525,0.6856576204299927,0.5521745085716248,-0.061112381517887115,0.6746445298194885,0.6962189674377441,-0.07966627925634384,0.6705607175827026,0.7786394357681274,-0.0909881666302681,0.6696349382400513,0.844544529914856,-0.1000729650259018,0.7349969148635864,0.5469979047775269,-0.07006191462278366,0.7409110069274902,0.6925804615020752,-0.09021960943937302,0.7469804883003235,0.7765450477600098,-0.10506957769393921,0.7530027627944946,0.8378235101699829,-0.1148839145898819,0.7787458896636963,0.5383788347244263,-0.07521089166402817,0.7611614465713501,0.6470022201538086,-0.08921568840742111,0.7524091601371765,0.6663264036178589,-0.09033317863941193,0.7497212886810303,0.6698625087738037,-0.09061739593744278,M
0.0,0.0,0.0,0.0,0.0,0.0,0.0,0.0,0.0,0.0,0.0,0.0,0.0,0.0,0.0,0.0,0.0,0.0,0.0,0.0,0.0,0.0,0.0,0.0,0.0,0.0,0.0,0.0,0.0,0.0,0.0,0.0,0.0,0.0,0.0,0.0,0.0,0.0,0.0,0.0,0.0,0.0,0.0,0.0,0.0,0.0,0.0,0.0,0.0,0.0,0.0,0.0,0.0,0.0,0.0,0.0,0.0,0.0,0.0,0.0,0.0,0.0,0.0,0.7628864049911499,0.37542062997817993,4.213400757180352e-07,0.6909825801849365,0.4338647723197937,0.005524624139070511,0.6636494398117065,0.5241866707801819,-0.0035694227553904057,0.6873716711997986,0.6017724275588989,-0.011784357950091362,0.7240945100784302,0.6551145315170288,-0.02458176389336586,0.6365114450454712,0.5511757135391235,-0.04861108958721161,0.6143395304679871,0.6814653873443604,-0.06447286158800125,0.6040067672729492,0.7512539029121399,-0.07176677882671356,0.5960251092910767,0.8109572529792786,-0.07673197239637375,0.6858169436454773,0.5514141917228699,-0.06139935925602913,0.6746634244918823,0.6938335299491882,-0.08108267188072205,0.6703177094459534,0.7741817831993103,-0.09389833360910416,0.6687851548194885,0.8393046855926514,-0.10393300652503967,0.7364596128463745,0.5474709868431091,-0.069254070520401,0.7406852841377258,0.6942037343978882,-0.09113690257072449,0.7456297874450684,0.7785714268684387,-0.10772320628166199,0.7524259686470032,0.8403869867324829,-0.1184857040643692,0.7785815000534058,0.53889399766922,-0.07321930676698685,0.7554453611373901,0.6457291841506958,-0.08700935542583466,0.7445927858352661,0.6557477712631226,-0.08722704648971558,0.7419207692146301,0.6482574939727783,-0.08715987205505371,M
0.0,0.0,0.0,0.0,0.0,0.0,0.0,0.0,0.0,0.0,0.0,0.0,0.0,0.0,0.0,0.0,0.0,0.0,0.0,0.0,0.0,0.0,0.0,0.0,0.0,0.0,0.0,0.0,0.0,0.0,0.0,0.0,0.0,0.0,0.0,0.0,0.0,0.0,0.0,0.0,0.0,0.0,0.0,0.0,0.0,0.0,0.0,0.0,0.0,0.0,0.0,0.0,0.0,0.0,0.0,0.0,0.0,0.0,0.0,0.0,0.0,0.0,0.0,0.7639330625534058,0.37241339683532715,3.5641664908325765e-07,0.6892480254173279,0.4309085011482239,0.010497410781681538,0.6580271124839783,0.5177721977233887,0.0058120074681937695,0.6719882488250732,0.5909060835838318,0.0009793508797883987,0.7001432180404663,0.6436958312988281,-0.007711526472121477,0.6362468004226685,0.5537649393081665,-0.037100814282894135,0.6147603392601013,0.6778547167778015,-0.0512106828391552,0.6060857772827148,0.7458207607269287,-0.057332899421453476,0.5997516512870789,0.8031969666481018,-0.06112240254878998,0.6824095845222473,0.5598555207252502,-0.050087153911590576,0.6718230247497559,0.6953642964363098,-0.06683097779750824,0.6695027351379395,0.7741819024085999,-0.07733914256095886,0.6700628399848938,0.8378257751464844,-0.08540251106023788,0.7311990261077881,0.5583149790763855,-0.058388955891132355,0.7383146286010742,0.690855860710144,-0.07462532818317413,0.7451802492141724,0.771641731262207,-0.08805050700902939,0.7519733309745789,0.8316752910614014,-0.09720360487699509,0.7729118466377258,0.5498883724212646,-0.06313543021678925,0.7602609395980835,0.6430354714393616,-0.07198197394609451,0.7534303069114685,0.6615856289863586,-0.07170745730400085,0.7508161067962646,0.6663028597831726,-0.07136348634958267,M
0.0,0.0,0.0,0.0,0.0,0.0,0.0,0.0,0.0,0.0,0.0,0.0,0.0,0.0,0.0,0.0,0.0,0.0,0.0,0.0,0.0,0.0,0.0,0.0,0.0,0.0,0.0,0.0,0.0,0.0,0.0,0.0,0.0,0.0,0.0,0.0,0.0,0.0,0.0,0.0,0.0,0.0,0.0,0.0,0.0,0.0,0.0,0.0,0.0,0.0,0.0,0.0,0.0,0.0,0.0,0.0,0.0,0.0,0.0,0.0,0.0,0.0,0.0,0.7645551562309265,0.37432461977005005,3.468882425750053e-07,0.6929455399513245,0.4301532506942749,0.008676854893565178,0.6617103815078735,0.5165508985519409,0.001584886573255062,0.6741306781768799,0.5922941565513611,-0.004885224159806967,0.701972484588623,0.647439181804657,-0.01591457985341549,0.6396596431732178,0.5471411943435669,-0.04819144681096077,0.6176472902297974,0.6760222911834717,-0.06495928019285202,0.6083149313926697,0.7452090978622437,-0.07269223779439926,0.6015166640281677,0.8038914203643799,-0.07752867788076401,0.686998724937439,0.5466213822364807,-0.06141044571995735,0.6754841804504395,0.6890555024147034,-0.08073447644710541,0.6719637513160706,0.7710975408554077,-0.09271743893623352,0.6727314591407776,0.8358855247497559,-0.1023077741265297,0.7361353039741516,0.5410890579223633,-0.06938176602125168,0.7410885691642761,0.6850830316543579,-0.089472696185112,0.7471354007720947,0.7695706486701965,-0.1044434979557991,0.7544222474098206,0.8302669525146484,-0.11440791934728622,0.7782198190689087,0.5313202738761902,-0.07333473116159439,0.7609812021255493,0.6359860897064209,-0.08617141097784042,0.7535576224327087,0.6515687704086304,-0.08633547276258469,0.7522256374359131,0.6504243016242981,-0.08606309443712234,M
0.0,0.0,0.0,0.0,0.0,0.0,0.0,0.0,0.0,0.0,0.0,0.0,0.0,0.0,0.0,0.0,0.0,0.0,0.0,0.0,0.0,0.0,0.0,0.0,0.0,0.0,0.0,0.0,0.0,0.0,0.0,0.0,0.0,0.0,0.0,0.0,0.0,0.0,0.0,0.0,0.0,0.0,0.0,0.0,0.0,0.0,0.0,0.0,0.0,0.0,0.0,0.0,0.0,0.0,0.0,0.0,0.0,0.0,0.0,0.0,0.0,0.0,0.0,0.7705048322677612,0.36996376514434814,3.8205917007871903e-07,0.6956945657730103,0.4265827536582947,0.00822928175330162,0.6655952334403992,0.5158244967460632,0.004673927091062069,0.6811040043830872,0.5905892252922058,0.0015591830015182495,0.7085495591163635,0.6444481015205383,-0.004934906959533691,0.6439439654350281,0.5465229749679565,-0.03640225902199745,0.6213710904121399,0.6706705093383789,-0.05012158304452896,0.6115238666534424,0.7410163879394531,-0.05620763450860977,0.6040163040161133,0.8006841540336609,-0.06017013639211655,0.6900532245635986,0.5552719235420227,-0.04785310477018356,0.676771879196167,0.690439760684967,-0.06476724147796631,0.6718901991844177,0.7718085050582886,-0.0759006068110466,0.6702620983123779,0.8381623029708862,-0.08397330343723297,0.7385134100914001,0.5564552545547485,-0.05490230396389961,0.7448726296424866,0.6902201175689697,-0.07231885939836502,0.7505851984024048,0.7714429497718811,-0.08676791191101074,0.7561944127082825,0.8327023983001709,-0.09590331465005875,0.7788723707199097,0.5500729084014893,-0.058492932468652725,0.7676723003387451,0.6432784199714661,-0.0694381445646286,0.7625328302383423,0.6615303754806519,-0.06997881084680557,0.7614189982414246,0.6651808023452759,-0.0694127306342125,M
0.0,0.0,0.0,0.0,0.0,0.0,0.0,0.0,0.0,0.0,0.0,0.0,0.0,0.0,0.0,0.0,0.0,0.0,0.0,0.0,0.0,0.0,0.0,0.0,0.0,0.0,0.0,0.0,0.0,0.0,0.0,0.0,0.0,0.0,0.0,0.0,0.0,0.0,0.0,0.0,0.0,0.0,0.0,0.0,0.0,0.0,0.0,0.0,0.0,0.0,0.0,0.0,0.0,0.0,0.0,0.0,0.0,0.0,0.0,0.0,0.0,0.0,0.0,0.7732839584350586,0.36994898319244385,3.9338550550382934e-07,0.6971968412399292,0.4240053594112396,0.006906246766448021,0.6652253270149231,0.5142368674278259,0.0015777295920997858,0.6796907782554626,0.5952818989753723,-0.0025955592282116413,0.7071545124053955,0.6538302302360535,-0.010654732584953308,0.6443071961402893,0.5427060127258301,-0.04216696321964264,0.6221363544464111,0.6710788607597351,-0.056170523166656494,0.6124892234802246,0.7418817281723022,-0.062089383602142334,0.6049646735191345,0.8008942604064941,-0.06574341654777527,0.6917843222618103,0.5490853786468506,-0.05330866202712059,0.6792362928390503,0.6900448799133301,-0.06977248936891556,0.6744178533554077,0.7725507020950317,-0.0805322602391243,0.6723912954330444,0.8378845453262329,-0.08874410390853882,0.7411080002784729,0.5497104525566101,-0.05970041826367378,0.7458195090293884,0.6939812898635864,-0.07854077219963074,0.7506304979324341,0.7778792381286621,-0.09431349486112595,0.756398618221283,0.8383273482322693,-0.10467768460512161,0.7823171615600586,0.5437368154525757,-0.0622202567756176,0.7651610374450684,0.6401160359382629,-0.07526136934757233,0.7552396059036255,0.6473088264465332,-0.07612471282482147,0.7507310509681702,0.6391483545303345,-0.07586254179477692,M
0.0,0.0,0.0,0.0,0.0,0.0,0.0,0.0,0.0,0.0,0.0,0.0,0.0,0.0,0.0,0.0,0.0,0.0,0.0,0.0,0.0,0.0,0.0,0.0,0.0,0.0,0.0,0.0,0.0,0.0,0.0,0.0,0.0,0.0,0.0,0.0,0.0,0.0,0.0,0.0,0.0,0.0,0.0,0.0,0.0,0.0,0.0,0.0,0.0,0.0,0.0,0.0,0.0,0.0,0.0,0.0,0.0,0.0,0.0,0.0,0.0,0.0,0.0,0.7722949385643005,0.3715897798538208,3.229995968467847e-07,0.702174723148346,0.4279012978076935,0.006512410938739777,0.6664117574691772,0.5157158374786377,-0.002435860922560096,0.6743288040161133,0.5953181982040405,-0.011026851832866669,0.6980410814285278,0.6549253463745117,-0.024382244795560837,0.6438703536987305,0.5486254096031189,-0.05090731382369995,0.6233930587768555,0.677414059638977,-0.07047312706708908,0.6131387948989868,0.7463028430938721,-0.079684779047966,0.6053687334060669,0.8046720027923584,-0.08528722077608109,0.6888015866279602,0.5439041256904602,-0.06508076936006546,0.6788536310195923,0.6900306344032288,-0.08572956174612045,0.6754838824272156,0.7736741304397583,-0.09785279631614685,0.6760793924331665,0.8399215936660767,-0.10763872414827347,0.7381986379623413,0.5356298685073853,-0.07463078200817108,0.7445791959762573,0.6849662661552429,-0.09603715687990189,0.7513661980628967,0.7710485458374023,-0.1114940345287323,0.758425235748291,0.832065761089325,-0.12174123525619507,0.7827333211898804,0.5250000953674316,-0.08048194646835327,0.7713703513145447,0.6392263770103455,-0.0957830622792244,0.7663856148719788,0.6671820282936096,-0.0985625684261322,0.7668944001197815,0.6770198345184326,-0.09996986389160156,M
0.0,0.0,0.0,0.0,0.0,0.0,0.0,0.0,0.0,0.0,0.0,0.0,0.0,0.0,0.0,0.0,0.0,0.0,0.0,0.0,0.0,0.0,0.0,0.0,0.0,0.0,0.0,0.0,0.0,0.0,0.0,0.0,0.0,0.0,0.0,0.0,0.0,0.0,0.0,0.0,0.0,0.0,0.0,0.0,0.0,0.0,0.0,0.0,0.0,0.0,0.0,0.0,0.0,0.0,0.0,0.0,0.0,0.0,0.0,0.0,0.0,0.0,0.0,0.7762030363082886,0.366272896528244,3.836034068172012e-07,0.7021864056587219,0.4194532036781311,0.008902615867555141,0.6697767376899719,0.5085765719413757,0.003008844330906868,0.6824772953987122,0.5859401226043701,-0.0019246520241722465,0.7086973786354065,0.6424066424369812,-0.011088947765529156,0.646661102771759,0.5397013425827026,-0.0454225018620491,0.6238533854484558,0.6700640916824341,-0.06075991690158844,0.6141904592514038,0.7414116859436035,-0.06635289639234543,0.6067621111869812,0.8005736470222473,-0.06924622505903244,0.6951979398727417,0.5422866940498352,-0.058604948222637177,0.6828146576881409,0.6880289316177368,-0.07906411588191986,0.6787403225898743,0.7705243825912476,-0.08925033360719681,0.6770994067192078,0.8357310891151428,-0.0956767126917839,0.7455747723579407,0.5399873852729797,-0.0665230080485344,0.7493154406547546,0.6876071691513062,-0.09056390821933746,0.7543278336524963,0.7708945870399475,-0.10450617223978043,0.7594677209854126,0.8321963548660278,-0.11169791221618652,0.7890082597732544,0.531527578830719,-0.07000871747732162,0.7685452699661255,0.631350576877594,-0.08522659540176392,0.7618117928504944,0.6249998807907104,-0.08164101094007492,0.7615889310836792,0.601487934589386,-0.07703106850385666,M
0.0,0.0,0.0,0.0,0.0,0.0,0.0,0.0,0.0,0.0,0.0,0.0,0.0,0.0,0.0,0.0,0.0,0.0,0.0,0.0,0.0,0.0,0.0,0.0,0.0,0.0,0.0,0.0,0.0,0.0,0.0,0.0,0.0,0.0,0.0,0.0,0.0,0.0,0.0,0.0,0.0,0.0,0.0,0.0,0.0,0.0,0.0,0.0,0.0,0.0,0.0,0.0,0.0,0.0,0.0,0.0,0.0,0.0,0.0,0.0,0.0,0.0,0.0,0.7789939641952515,0.36597496271133423,3.5926197483604483e-07,0.7046536803245544,0.42004871368408203,0.007874647155404091,0.6730205416679382,0.5066462159156799,0.002586083486676216,0.6856663823127747,0.5845832228660583,-0.001900792121887207,0.7122865319252014,0.6424808502197266,-0.01020003855228424,0.648565411567688,0.5398144125938416,-0.04155689850449562,0.6260019540786743,0.6678776144981384,-0.05628184601664543,0.6162166595458984,0.7384688258171082,-0.06288061290979385,0.6082430481910706,0.7982147932052612,-0.06697311252355576,0.695282518863678,0.5464426875114441,-0.05302988737821579,0.6843245029449463,0.6871641874313354,-0.07027003169059753,0.6803914308547974,0.768945038318634,-0.08128172159194946,0.6785882115364075,0.8346199989318848,-0.08973338454961777,0.744197428226471,0.5469327569007874,-0.05967788025736809,0.75014328956604,0.6865318417549133,-0.07760228216648102,0.7551775574684143,0.7680385708808899,-0.09172262251377106,0.7600575685501099,0.8274544477462769,-0.10102106630802155,0.7856960892677307,0.5408831238746643,-0.06271250545978546,0.769721269607544,0.6368927359580994,-0.07345612347126007,0.7613756656646729,0.6476461887359619,-0.07291342318058014,0.7579461336135864,0.6430250406265259,-0.07190442085266113,M
0.0,0.0,0.0,0.0,0.0,0.0,0.0,0.0,0.0,0.0,0.0,0.0,0.0,0.0,0.0,0.0,0.0,0.0,0.0,0.0,0.0,0.0,0.0,0.0,0.0,0.0,0.0,0.0,0.0,0.0,0.0,0.0,0.0,0.0,0.0,0.0,0.0,0.0,0.0,0.0,0.0,0.0,0.0,0.0,0.0,0.0,0.0,0.0,0.0,0.0,0.0,0.0,0.0,0.0,0.0,0.0,0.0,0.0,0.0,0.0,0.0,0.0,0.0,0.7769872546195984,0.3656104803085327,4.0739874407336174e-07,0.7033683061599731,0.4213482439517975,0.008824954740703106,0.6725368499755859,0.5092219114303589,0.003305422840639949,0.6897569298744202,0.5857042074203491,-0.0016817383002489805,0.7213016152381897,0.6406402587890625,-0.010590128600597382,0.6506075859069824,0.5381066203117371,-0.03997217118740082,0.6251951456069946,0.6685285568237305,-0.053369175642728806,0.614997923374176,0.7386860847473145,-0.058360353112220764,0.6075186133384705,0.796761155128479,-0.061175066977739334,0.6978247761726379,0.5445869565010071,-0.05225047469139099,0.6838313341140747,0.6876948475837708,-0.06881394237279892,0.6800152063369751,0.7689354419708252,-0.07902843505144119,0.6789828538894653,0.8339687585830688,-0.0865141898393631,0.7465904951095581,0.5449838638305664,-0.05963664501905441,0.7510851621627808,0.6853750348091125,-0.07750485837459564,0.7556979060173035,0.7675706148147583,-0.09154227375984192,0.7610037922859192,0.8288024663925171,-0.10066676139831543,0.7872485518455505,0.539214551448822,-0.06317746639251709,0.7686359882354736,0.6348952651023865,-0.07323894649744034,0.7592658400535583,0.6401425004005432,-0.07117456942796707,0.7558653354644775,0.6307186484336853,-0.06921081990003586,M
0.0,0.0,0.0,0.0,0.0,0.0,0.0,0.0,0.0,0.0,0.0,0.0,0.0,0.0,0.0,0.0,0.0,0.0,0.0,0.0,0.0,0.0,0.0,0.0,0.0,0.0,0.0,0.0,0.0,0.0,0.0,0.0,0.0,0.0,0.0,0.0,0.0,0.0,0.0,0.0,0.0,0.0,0.0,0.0,0.0,0.0,0.0,0.0,0.0,0.0,0.0,0.0,0.0,0.0,0.0,0.0,0.0,0.0,0.0,0.0,0.0,0.0,0.0,0.7765679359436035,0.3695984482765198,3.844535569896834e-07,0.7020111083984375,0.425510436296463,0.007907211780548096,0.6710965633392334,0.5160658359527588,0.0025886124931275845,0.6892648935317993,0.5911514163017273,-0.0018514676485210657,0.7229813933372498,0.642573893070221,-0.010810522362589836,0.6504182815551758,0.5447739958763123,-0.04253396764397621,0.6274630427360535,0.6733994483947754,-0.05527673661708832,0.6180915236473083,0.7432651519775391,-0.06036829948425293,0.6111996173858643,0.8023999929428101,-0.06371020525693893,0.6982107758522034,0.5469617247581482,-0.05453317612409592,0.6884458065032959,0.6903308629989624,-0.0706738606095314,0.6874964833259583,0.771722674369812,-0.08129967004060745,0.6884497404098511,0.8371988534927368,-0.08962098509073257,0.7473323345184326,0.5447056889533997,-0.06137337535619736,0.7520930767059326,0.6880202889442444,-0.08111971616744995,0.7591136693954468,0.7695422172546387,-0.09678252041339874,0.7660507559776306,0.829113781452179,-0.10693058371543884,0.7888673543930054,0.5376695990562439,-0.0641159638762474,0.7700530290603638,0.6356838345527649,-0.07721524685621262,0.7608934044837952,0.631394624710083,-0.0759851410984993,0.757396399974823,0.6101546287536621,-0.07435216009616852,M
0.0,0.0,0.0,0.0,0.0,0.0,0.0,0.0,0.0,0.0,0.0,0.0,0.0,0.0,0.0,0.0,0.0,0.0,0.0,0.0,0.0,0.0,0.0,0.0,0.0,0.0,0.0,0.0,0.0,0.0,0.0,0.0,0.0,0.0,0.0,0.0,0.0,0.0,0.0,0.0,0.0,0.0,0.0,0.0,0.0,0.0,0.0,0.0,0.0,0.0,0.0,0.0,0.0,0.0,0.0,0.0,0.0,0.0,0.0,0.0,0.0,0.0,0.0,0.7790764570236206,0.3674113154411316,3.585017793739098e-07,0.7052539587020874,0.422653466463089,0.006016514729708433,0.6733496189117432,0.5121101140975952,-0.00037143027293495834,0.6865373253822327,0.5897929668426514,-0.005738530773669481,0.7132479548454285,0.6462295651435852,-0.015198687091469765,0.65040123462677,0.5446446537971497,-0.045536741614341736,0.6291871666908264,0.6718794703483582,-0.06198209151625633,0.6194510459899902,0.7428573369979858,-0.07053403556346893,0.6120426654815674,0.8036084175109863,-0.07628036290407181,0.6977500319480896,0.54737389087677,-0.05727367848157883,0.6885887980461121,0.6872166395187378,-0.0747852697968483,0.6857443451881409,0.7708232402801514,-0.08756131678819656,0.6857466101646423,0.8385257124900818,-0.09813770651817322,0.7477180361747742,0.5449768304824829,-0.06430532038211823,0.754056453704834,0.6872889399528503,-0.08257795870304108,0.7594438195228577,0.7716716527938843,-0.09869781881570816,0.7653436064720154,0.8331661224365234,-0.11015897244215012,0.7900098562240601,0.5378703474998474,-0.06784520298242569,0.7753028869628906,0.6368204355239868,-0.08079275488853455,0.7662797570228577,0.655388593673706,-0.08317898213863373,0.7622286081314087,0.6589835286140442,-0.08458919823169708,M
0.0,0.0,0.0,0.0,0.0,0.0,0.0,0.0,0.0,0.0,0.0,0.0,0.0,0.0,0.0,0.0,0.0,0.0,0.0,0.0,0.0,0.0,0.0,0.0,0.0,0.0,0.0,0.0,0.0,0.0,0.0,0.0,0.0,0.0,0.0,0.0,0.0,0.0,0.0,0.0,0.0,0.0,0.0,0.0,0.0,0.0,0.0,0.0,0.0,0.0,0.0,0.0,0.0,0.0,0.0,0.0,0.0,0.0,0.0,0.0,0.0,0.0,0.0,0.7777296304702759,0.36957281827926636,3.6135705272499763e-07,0.703199028968811,0.42686933279037476,0.010344949550926685,0.6732620596885681,0.5158931612968445,0.005350405350327492,0.6908538937568665,0.5914166569709778,0.0006424887105822563,0.7231919765472412,0.645122230052948,-0.008427503518760204,0.6476435661315918,0.5469473600387573,-0.039827946573495865,0.6266518831253052,0.6758366823196411,-0.05322345718741417,0.6178302764892578,0.7460687160491943,-0.059025928378105164,0.6111595630645752,0.805081844329834,-0.06282708048820496,0.6961241364479065,0.5500199198722839,-0.0530436672270298,0.6866000890731812,0.6901479959487915,-0.07038230448961258,0.6839343309402466,0.7717417478561401,-0.08136843889951706,0.6839304566383362,0.837653636932373,-0.08982644975185394,0.746782124042511,0.5479612946510315,-0.06123153120279312,0.7524346113204956,0.687617301940918,-0.07998504489660263,0.7571887373924255,0.7701730728149414,-0.09447558224201202,0.7626539468765259,0.8320940732955933,-0.10379119962453842,0.7896127104759216,0.5400992035865784,-0.0654192566871643,0.7712841629981995,0.638795793056488,-0.07638927549123764,0.7627699971199036,0.6467383503913879,-0.07499124109745026,0.7605718374252319,0.63966965675354,-0.0734582245349884,M
0.0,0.0,0.0,0.0,0.0,0.0,0.0,0.0,0.0,0.0,0.0,0.0,0.0,0.0,0.0,0.0,0.0,0.0,0.0,0.0,0.0,0.0,0.0,0.0,0.0,0.0,0.0,0.0,0.0,0.0,0.0,0.0,0.0,0.0,0.0,0.0,0.0,0.0,0.0,0.0,0.0,0.0,0.0,0.0,0.0,0.0,0.0,0.0,0.0,0.0,0.0,0.0,0.0,0.0,0.0,0.0,0.0,0.0,0.0,0.0,0.0,0.0,0.0,0.7768345475196838,0.36859068274497986,3.450550138950348e-07,0.703783392906189,0.4249591529369354,0.006461971905082464,0.6681349873542786,0.5116561651229858,-0.0008064835565164685,0.6759008169174194,0.5891554355621338,-0.00745384581387043,0.7008117437362671,0.6463640928268433,-0.018678324297070503,0.6497313976287842,0.5459473729133606,-0.047793060541152954,0.6271582841873169,0.6740311980247498,-0.06556141376495361,0.6168613433837891,0.7438795566558838,-0.07426095753908157,0.6094057559967041,0.8034744262695312,-0.0795409306883812,0.6964337229728699,0.5444967746734619,-0.060397736728191376,0.6861913204193115,0.6882748603820801,-0.07884033024311066,0.6827515363693237,0.7721080183982849,-0.09040513634681702,0.6827946305274963,0.8388668298721313,-0.10000483691692352,0.7461374998092651,0.5397418737411499,-0.06832710653543472,0.7506779432296753,0.6852816343307495,-0.08803056925535202,0.756263256072998,0.7685551047325134,-0.1027936115860939,0.7624400854110718,0.8277057409286499,-0.11278560757637024,0.789662778377533,0.532332181930542,-0.07268097996711731,0.7737590670585632,0.638943076133728,-0.08609048277139664,0.7654620409011841,0.6556780338287354,-0.08708447217941284,0.7628319263458252,0.655146062374115,-0.08734070509672165,M
0.0,0.0,0.0,0.0,0.0,0.0,0.0,0.0,0.0,0.0,0.0,0.0,0.0,0.0,0.0,0.0,0.0,0.0,0.0,0.0,0.0,0.0,0.0,0.0,0.0,0.0,0.0,0.0,0.0,0.0,0.0,0.0,0.0,0.0,0.0,0.0,0.0,0.0,0.0,0.0,0.0,0.0,0.0,0.0,0.0,0.0,0.0,0.0,0.0,0.0,0.0,0.0,0.0,0.0,0.0,0.0,0.0,0.0,0.0,0.0,0.0,0.0,0.0,0.7764036655426025,0.36702656745910645,4.1620671709097223e-07,0.7029054760932922,0.42294883728027344,0.005049286410212517,0.6747777462005615,0.5166106224060059,-0.0018287183484062552,0.6975194811820984,0.5964368581771851,-0.00734522333368659,0.7325860857963562,0.6494914293289185,-0.016766950488090515,0.6493587493896484,0.5426570773124695,-0.043002478778362274,0.6251225471496582,0.6705217361450195,-0.05660559982061386,0.6151528358459473,0.741168737411499,-0.06262737512588501,0.607273280620575,0.8012831211090088,-0.06674278527498245,0.6976176500320435,0.5480504631996155,-0.0536034069955349,0.6854746341705322,0.6883372068405151,-0.06926382333040237,0.6818082332611084,0.7684142589569092,-0.08002793788909912,0.6801331043243408,0.8333252668380737,-0.0888531506061554,0.7473913431167603,0.5484345555305481,-0.05955905094742775,0.7521470189094543,0.689897358417511,-0.07760221511125565,0.756952702999115,0.7711391448974609,-0.09274423867464066,0.7626338601112366,0.8307681083679199,-0.10314208269119263,0.7883664965629578,0.5433297753334045,-0.06196059659123421,0.7693076133728027,0.6403242349624634,-0.07306670397520065,0.7603152990341187,0.6430593729019165,-0.07206310331821442,0.7574844360351562,0.6306485533714294,-0.07121728360652924,M
0.0,0.0,0.0,0.0,0.0,0.0,0.0,0.0,0.0,0.0,0.0,0.0,0.0,0.0,0.0,0.0,0.0,0.0,0.0,0.0,0.0,0.0,0.0,0.0,0.0,0.0,0.0,0.0,0.0,0.0,0.0,0.0,0.0,0.0,0.0,0.0,0.0,0.0,0.0,0.0,0.0,0.0,0.0,0.0,0.0,0.0,0.0,0.0,0.0,0.0,0.0,0.0,0.0,0.0,0.0,0.0,0.0,0.0,0.0,0.0,0.0,0.0,0.0,0.7785564661026001,0.3659607768058777,4.1652194227026484e-07,0.7025618553161621,0.42263561487197876,0.007337472401559353,0.6759763360023499,0.5144612193107605,0.003780019236728549,0.6988045573234558,0.5885569453239441,0.0014526208397001028,0.7351345419883728,0.6382021903991699,-0.004719526041299105,0.6490291953086853,0.5408024191856384,-0.03666763752698898,0.6256898641586304,0.6684234142303467,-0.04692341014742851,0.6165391206741333,0.7395483255386353,-0.0508304238319397,0.6090797781944275,0.8004976511001587,-0.05347488448023796,0.6976317763328552,0.5516756176948547,-0.046716999262571335,0.6861261129379272,0.6886566877365112,-0.060605935752391815,0.6835479736328125,0.7699337005615234,-0.07077513635158539,0.6820617318153381,0.835684061050415,-0.07835209369659424,0.747376561164856,0.5559841394424438,-0.051916059106588364,0.7537327408790588,0.6931868195533752,-0.06975860893726349,0.7597481608390808,0.773989200592041,-0.0858231708407402,0.7658836245536804,0.8347383737564087,-0.09599968791007996,0.7879811525344849,0.5516357421875,-0.05324627086520195,0.768136739730835,0.6409144997596741,-0.06415699422359467,0.7577986717224121,0.632179319858551,-0.062289196997880936,0.7528605461120605,0.6080103516578674,-0.06004630774259567,M
0.0,0.0,0.0,0.0,0.0,0.0,0.0,0.0,0.0,0.0,0.0,0.0,0.0,0.0,0.0,0.0,0.0,0.0,0.0,0.0,0.0,0.0,0.0,0.0,0.0,0.0,0.0,0.0,0.0,0.0,0.0,0.0,0.0,0.0,0.0,0.0,0.0,0.0,0.0,0.0,0.0,0.0,0.0,0.0,0.0,0.0,0.0,0.0,0.0,0.0,0.0,0.0,0.0,0.0,0.0,0.0,0.0,0.0,0.0,0.0,0.0,0.0,0.0,0.777454674243927,0.36665505170822144,3.855716670386755e-07,0.706727921962738,0.42478951811790466,0.006075800862163305,0.6751785278320312,0.5157290697097778,-0.0024970853701233864,0.6949620246887207,0.5955161452293396,-0.009975340217351913,0.7282537817955017,0.6507959961891174,-0.022447818890213966,0.6497474908828735,0.5435542464256287,-0.05001859739422798,0.6280142068862915,0.6733555793762207,-0.0661434456706047,0.6183555126190186,0.7437471747398376,-0.07273111492395401,0.6106507182121277,0.8037247061729431,-0.07689643651247025,0.6977357864379883,0.5414959192276001,-0.0631522685289383,0.686774730682373,0.6867154240608215,-0.08311215043067932,0.6837826371192932,0.769683301448822,-0.09457176923751831,0.6839764714241028,0.8369114398956299,-0.1032819002866745,0.7484346032142639,0.5356290936470032,-0.07118111103773117,0.7526178359985352,0.6843143105506897,-0.09490812569856644,0.7577428817749023,0.7710824012756348,-0.11091291904449463,0.7640815377235413,0.8350828886032104,-0.12072286009788513,0.7932555079460144,0.5262495875358582,-0.07498136162757874,0.7718715071678162,0.633101761341095,-0.0907382220029831,0.762381374835968,0.6355515718460083,-0.08982539176940918,0.760238528251648,0.6204208731651306,-0.08830159157514572,M
0.0,0.0,0.0,0.0,0.0,0.0,0.0,0.0,0.0,0.0,0.0,0.0,0.0,0.0,0.0,0.0,0.0,0.0,0.0,0.0,0.0,0.0,0.0,0.0,0.0,0.0,0.0,0.0,0.0,0.0,0.0,0.0,0.0,0.0,0.0,0.0,0.0,0.0,0.0,0.0,0.0,0.0,0.0,0.0,0.0,0.0,0.0,0.0,0.0,0.0,0.0,0.0,0.0,0.0,0.0,0.0,0.0,0.0,0.0,0.0,0.0,0.0,0.0,0.7784603238105774,0.3671398162841797,4.0668035694579885e-07,0.7035484313964844,0.4250783622264862,0.006526982877403498,0.6728781461715698,0.5167011618614197,-0.0005858511431142688,0.6940124034881592,0.5960068702697754,-0.007128565572202206,0.7280111312866211,0.6505541205406189,-0.018135031685233116,0.6505303382873535,0.5468510985374451,-0.043538376688957214,0.6275262832641602,0.6744686961174011,-0.05859558656811714,0.616682231426239,0.7448354959487915,-0.06546051055192947,0.6087899208068848,0.8040655851364136,-0.07000499218702316,0.698283851146698,0.5491046905517578,-0.05612979829311371,0.6874404549598694,0.6899954080581665,-0.07345064729452133,0.6842458248138428,0.7714591026306152,-0.08493421971797943,0.6838122010231018,0.8367613554000854,-0.09417126327753067,0.7484836578369141,0.5460216999053955,-0.0641300305724144,0.7524802088737488,0.6908688545227051,-0.08383440226316452,0.7575667500495911,0.7747374176979065,-0.09966111928224564,0.7635212540626526,0.8350499272346497,-0.11020316183567047,0.7913600206375122,0.5382468104362488,-0.06834354251623154,0.772561252117157,0.642137885093689,-0.08159767091274261,0.7622690200805664,0.6538857817649841,-0.08231588453054428,0.7583298683166504,0.6479799151420593,-0.0823916643857956,M
0.0,0.0,0.0,0.0,0.0,0.0,0.0,0.0,0.0,0.0,0.0,0.0,0.0,0.0,0.0,0.0,0.0,0.0,0.0,0.0,0.0,0.0,0.0,0.0,0.0,0.0,0.0,0.0,0.0,0.0,0.0,0.0,0.0,0.0,0.0,0.0,0.0,0.0,0.0,0.0,0.0,0.0,0.0,0.0,0.0,0.0,0.0,0.0,0.0,0.0,0.0,0.0,0.0,0.0,0.0,0.0,0.0,0.0,0.0,0.0,0.0,0.0,0.0,0.7778872847557068,0.3683018684387207,3.7766588434351434e-07,0.704039454460144,0.42545056343078613,0.006359496619552374,0.6719574332237244,0.5149352550506592,-0.0002782445808406919,0.6880183815956116,0.59352046251297,-0.006281543988734484,0.7173236012458801,0.6496984958648682,-0.016481971368193626,0.6487933397293091,0.546852707862854,-0.04297523573040962,0.6264980435371399,0.6733550429344177,-0.058466773480176926,0.6163012385368347,0.7429175972938538,-0.0661080852150917,0.6083800196647644,0.8024116158485413,-0.07132552564144135,0.6949326395988464,0.5492730140686035,-0.054969120770692825,0.6836931109428406,0.6893647313117981,-0.07202658802270889,0.6804508566856384,0.7723469138145447,-0.08483752608299255,0.6808057427406311,0.8396288752555847,-0.09556801617145538,0.7446772456169128,0.5473660826683044,-0.06243162974715233,0.7503212690353394,0.6905237436294556,-0.08054497838020325,0.7566007971763611,0.775357186794281,-0.09728974103927612,0.7640900015830994,0.8361932039260864,-0.10905817896127701,0.7871714234352112,0.5419389605522156,-0.06632565706968307,0.772932767868042,0.6465765833854675,-0.0788193941116333,0.764439046382904,0.6706669330596924,-0.08196882903575897,0.7613517642021179,0.6784274578094482,-0.08416301757097244,M
0.0,0.0,0.0,0.0,0.0,0.0,0.0,0.0,0.0,0.0,0.0,0.0,0.0,0.0,0.0,0.0,0.0,0.0,0.0,0.0,0.0,0.0,0.0,0.0,0.0,0.0,0.0,0.0,0.0,0.0,0.0,0.0,0.0,0.0,0.0,0.0,0.0,0.0,0.0,0.0,0.0,0.0,0.0,0.0,0.0,0.0,0.0,0.0,0.0,0.0,0.0,0.0,0.0,0.0,0.0,0.0,0.0,0.0,0.0,0.0,0.0,0.0,0.0,0.7744145393371582,0.3699990510940552,3.8321712736433255e-07,0.7007610201835632,0.4282958507537842,0.008462367579340935,0.6713252067565918,0.5189315676689148,0.0019093523733317852,0.6897016763687134,0.5954641699790955,-0.004447385668754578,0.7222446203231812,0.6471183896064758,-0.015521083027124405,0.6475077271461487,0.5492732524871826,-0.043993815779685974,0.6255508661270142,0.6776039600372314,-0.05949968844652176,0.6152822971343994,0.7464334964752197,-0.06608789414167404,0.6073164343833923,0.8048171997070312,-0.07017688453197479,0.6951157450675964,0.5499210357666016,-0.057675719261169434,0.6857337355613708,0.6915223598480225,-0.07597938925027847,0.68279629945755,0.7721433043479919,-0.08728605508804321,0.6820085048675537,0.8377764821052551,-0.09600292146205902,0.7456047534942627,0.5452751517295837,-0.06643834710121155,0.7515034079551697,0.6874070763587952,-0.08698580414056778,0.7564119696617126,0.7705725431442261,-0.10219509899616241,0.7617837190628052,0.8327746391296387,-0.11184504628181458,0.7890839576721191,0.5353423953056335,-0.07122515141963959,0.7687808275222778,0.6400342583656311,-0.08377666026353836,0.7580397129058838,0.6501438617706299,-0.08285899460315704,0.7541810870170593,0.6435865163803101,-0.08172447234392166,M
0.0,0.0,0.0,0.0,0.0,0.0,0.0,0.0,0.0,0.0,0.0,0.0,0.0,0.0,0.0,0.0,0.0,0.0,0.0,0.0,0.0,0.0,0.0,0.0,0.0,0.0,0.0,0.0,0.0,0.0,0.0,0.0,0.0,0.0,0.0,0.0,0.0,0.0,0.0,0.0,0.0,0.0,0.0,0.0,0.0,0.0,0.0,0.0,0.0,0.0,0.0,0.0,0.0,0.0,0.0,0.0,0.0,0.0,0.0,0.0,0.0,0.0,0.0,0.7788497805595398,0.3673986494541168,3.954562544095097e-07,0.7045032382011414,0.4244050085544586,0.00807661097496748,0.674567699432373,0.5154135227203369,0.001645328477025032,0.6941359043121338,0.5933255553245544,-0.004224863369017839,0.727668285369873,0.6472201347351074,-0.01437336765229702,0.6489769816398621,0.5423843264579773,-0.042067207396030426,0.6260421276092529,0.6724468469619751,-0.05612245574593544,0.6163559556007385,0.744059681892395,-0.06236398592591286,0.6093920469284058,0.8043109178543091,-0.06627754867076874,0.6968063116073608,0.5470833778381348,-0.054432157427072525,0.6840313076972961,0.689526379108429,-0.07077807933092117,0.6807934045791626,0.7723745703697205,-0.08115042001008987,0.6813664436340332,0.8378586769104004,-0.0892726331949234,0.7475736737251282,0.5458851456642151,-0.06187097355723381,0.7508509159088135,0.6888651847839355,-0.08013854175806046,0.7555802464485168,0.7710570096969604,-0.09431634843349457,0.7623348236083984,0.8299335837364197,-0.10357572138309479,0.791190505027771,0.5389887690544128,-0.06551855802536011,0.7698940634727478,0.6353247165679932,-0.07730675488710403,0.7601466774940491,0.6411720514297485,-0.07626794278621674,0.7577001452445984,0.631010115146637,-0.07478094100952148,M
0.0,0.0,0.0,0.0,0.0,0.0,0.0,0.0,0.0,0.0,0.0,0.0,0.0,0.0,0.0,0.0,0.0,0.0,0.0,0.0,0.0,0.0,0.0,0.0,0.0,0.0,0.0,0.0,0.0,0.0,0.0,0.0,0.0,0.0,0.0,0.0,0.0,0.0,0.0,0.0,0.0,0.0,0.0,0.0,0.0,0.0,0.0,0.0,0.0,0.0,0.0,0.0,0.0,0.0,0.0,0.0,0.0,0.0,0.0,0.0,0.0,0.0,0.0,0.7834532260894775,0.36692190170288086,3.94317765994856e-07,0.7064061760902405,0.4214939773082733,0.007706012111157179,0.6752600073814392,0.5091579556465149,0.0009843031875789165,0.6929763555526733,0.585576593875885,-0.005167848896235228,0.723324716091156,0.6418996453285217,-0.015526832081377506,0.651983380317688,0.5417062640190125,-0.04324847832322121,0.628005862236023,0.6700169444084167,-0.05903077498078346,0.6168440580368042,0.7418079972267151,-0.0667903870344162,0.6083651185035706,0.8017513751983643,-0.07167106866836548,0.6997555494308472,0.5479899644851685,-0.05577267333865166,0.686040997505188,0.6898181438446045,-0.07348750531673431,0.6816094517707825,0.7728012800216675,-0.08522022515535355,0.6804201602935791,0.8382846713066101,-0.09418242424726486,0.7492104768753052,0.5479790568351746,-0.0635015219449997,0.7513036131858826,0.6922526955604553,-0.08288946002721786,0.7561370730400085,0.7756669521331787,-0.09840347617864609,0.7621564269065857,0.8354079723358154,-0.10846097767353058,0.7900458574295044,0.5412078499794006,-0.06739827245473862,0.77086341381073,0.6402800679206848,-0.0798957347869873,0.7621765732765198,0.6493328213691711,-0.07977227866649628,0.7597317099571228,0.6417948007583618,-0.0788438618183136,M
0.0,0.0,0.0,0.0,0.0,0.0,0.0,0.0,0.0,0.0,0.0,0.0,0.0,0.0,0.0,0.0,0.0,0.0,0.0,0.0,0.0,0.0,0.0,0.0,0.0,0.0,0.0,0.0,0.0,0.0,0.0,0.0,0.0,0.0,0.0,0.0,0.0,0.0,0.0,0.0,0.0,0.0,0.0,0.0,0.0,0.0,0.0,0.0,0.0,0.0,0.0,0.0,0.0,0.0,0.0,0.0,0.0,0.0,0.0,0.0,0.0,0.0,0.0,0.7777172327041626,0.36831045150756836,4.166425640050875e-07,0.7054355144500732,0.4254847764968872,0.0057085915468633175,0.6741009950637817,0.518392026424408,-0.001584240235388279,0.695245087146759,0.5979688167572021,-0.007914484478533268,0.7304432392120361,0.6511606574058533,-0.01880044862627983,0.6494067311286926,0.5474805235862732,-0.04312853142619133,0.6259400844573975,0.6758544445037842,-0.05800572410225868,0.6152644157409668,0.7460488080978394,-0.06499269604682922,0.6068806052207947,0.8054256439208984,-0.06952711194753647,0.6972777843475342,0.548967719078064,-0.055438894778490067,0.6858990788459778,0.6902007460594177,-0.07327241450548172,0.6819941401481628,0.7714197635650635,-0.08491375297307968,0.6807981729507446,0.8370090126991272,-0.0937860831618309,0.7478196620941162,0.5462104678153992,-0.06311195343732834,0.7503132820129395,0.69234699010849,-0.08501987159252167,0.754102885723114,0.7753689289093018,-0.10132116824388504,0.7590692043304443,0.8374055624008179,-0.1115926131606102,0.7918551564216614,0.5390451550483704,-0.06680361926555634,0.7696545720100403,0.6401277780532837,-0.08172714710235596,0.7613353729248047,0.6374249458312988,-0.08062388002872467,0.7601840496063232,0.6189857721328735,-0.0788469985127449,M
0.0,0.0,0.0,0.0,0.0,0.0,0.0,0.0,0.0,0.0,0.0,0.0,0.0,0.0,0.0,0.0,0.0,0.0,0.0,0.0,0.0,0.0,0.0,0.0,0.0,0.0,0.0,0.0,0.0,0.0,0.0,0.0,0.0,0.0,0.0,0.0,0.0,0.0,0.0,0.0,0.0,0.0,0.0,0.0,0.0,0.0,0.0,0.0,0.0,0.0,0.0,0.0,0.0,0.0,0.0,0.0,0.0,0.0,0.0,0.0,0.0,0.0,0.0,0.7823932766914368,0.36801522970199585,3.8149335068737855e-07,0.7088506817817688,0.4270209074020386,0.007836228236556053,0.6768550872802734,0.5158190727233887,0.0003623846569098532,0.694464921951294,0.5942919850349426,-0.006367049645632505,0.7266711592674255,0.6503642201423645,-0.01754061132669449,0.649418294429779,0.5482392311096191,-0.04528186842799187,0.6267994046211243,0.6772361397743225,-0.061425574123859406,0.616242527961731,0.7493572235107422,-0.06932052224874496,0.6077042818069458,0.8100332021713257,-0.0743488296866417,0.6966102123260498,0.5485602617263794,-0.05832615867257118,0.6845271587371826,0.6944437623023987,-0.07677580416202545,0.6804159283638,0.7781087160110474,-0.08839117735624313,0.6792211532592773,0.8435167074203491,-0.09763791412115097,0.7470205426216125,0.5454739332199097,-0.06643678992986679,0.7502045631408691,0.6928960680961609,-0.08719731122255325,0.7554038166999817,0.7781490683555603,-0.10262490063905716,0.7615072727203369,0.8373398780822754,-0.11246548593044281,0.7912739515304565,0.5383779406547546,-0.07057977467775345,0.7719772458076477,0.6438513994216919,-0.0838971734046936,0.7644492983818054,0.6531574726104736,-0.08347306400537491,0.7634113430976868,0.6439851522445679,-0.08244309574365616,M
0.0,0.0,0.0,0.0,0.0,0.0,0.0,0.0,0.0,0.0,0.0,0.0,0.0,0.0,0.0,0.0,0.0,0.0,0.0,0.0,0.0,0.0,0.0,0.0,0.0,0.0,0.0,0.0,0.0,0.0,0.0,0.0,0.0,0.0,0.0,0.0,0.0,0.0,0.0,0.0,0.0,0.0,0.0,0.0,0.0,0.0,0.0,0.0,0.0,0.0,0.0,0.0,0.0,0.0,0.0,0.0,0.0,0.0,0.0,0.0,0.0,0.0,0.0,0.7827515602111816,0.37630772590637207,3.7682860920540406e-07,0.7086289525032043,0.43154504895210266,0.007963024079799652,0.6771441102027893,0.5216743350028992,0.0017694091657176614,0.6933853030204773,0.5988773107528687,-0.004074758850038052,0.7258986234664917,0.6521927118301392,-0.014097458682954311,0.6504642963409424,0.5518288016319275,-0.03959859907627106,0.6272053122520447,0.6799020171165466,-0.05333907902240753,0.617380678653717,0.7511403560638428,-0.059817440807819366,0.6102950572967529,0.8104886412620544,-0.06404005736112595,0.6983787417411804,0.5571874380111694,-0.052309829741716385,0.6864752173423767,0.700415849685669,-0.06725934892892838,0.683539092540741,0.7820290327072144,-0.07698168605566025,0.6838259696960449,0.8456326127052307,-0.08503429591655731,0.7489867210388184,0.5565013885498047,-0.060479044914245605,0.7509987950325012,0.6979292631149292,-0.07772976160049438,0.7555552124977112,0.7801426649093628,-0.09156844019889832,0.76127028465271,0.8388949036598206,-0.10105105489492416,0.7923098206520081,0.5502299666404724,-0.06510373950004578,0.7715736627578735,0.6447167992591858,-0.0766744464635849,0.7628811597824097,0.6483955383300781,-0.07561340183019638,0.7607011795043945,0.6359266042709351,-0.074303038418293,M
0.0,0.0,0.0,0.0,0.0,0.0,0.0,0.0,0.0,0.0,0.0,0.0,0.0,0.0,0.0,0.0,0.0,0.0,0.0,0.0,0.0,0.0,0.0,0.0,0.0,0.0,0.0,0.0,0.0,0.0,0.0,0.0,0.0,0.0,0.0,0.0,0.0,0.0,0.0,0.0,0.0,0.0,0.0,0.0,0.0,0.0,0.0,0.0,0.0,0.0,0.0,0.0,0.0,0.0,0.0,0.0,0.0,0.0,0.0,0.0,0.0,0.0,0.0,0.774207353591919,0.3785545825958252,3.960481365083979e-07,0.7045161724090576,0.43384474515914917,0.0026167291216552258,0.6740095019340515,0.5260842442512512,-0.00702495314180851,0.6971302032470703,0.6110305190086365,-0.015417294576764107,0.7300243973731995,0.6691116690635681,-0.02819882519543171,0.6482540965080261,0.5557563900947571,-0.0500490665435791,0.6265838742256165,0.6897607445716858,-0.06790301203727722,0.617351770401001,0.763681173324585,-0.07648934423923492,0.6103954315185547,0.8263120055198669,-0.08196310698986053,0.6966767311096191,0.5585728287696838,-0.0616656169295311,0.6857725381851196,0.7047401070594788,-0.081064373254776,0.6842507719993591,0.7901998162269592,-0.09414905309677124,0.6853664517402649,0.8602110147476196,-0.10455532371997833,0.7467799186706543,0.5572419166564941,-0.06877849996089935,0.7491452693939209,0.702978789806366,-0.08841467648744583,0.7546245455741882,0.789847731590271,-0.10439398884773254,0.7619139552116394,0.8529932498931885,-0.1153535321354866,0.7913522124290466,0.5522801280021667,-0.07268814742565155,0.7719983458518982,0.6594866514205933,-0.08625762164592743,0.7629472017288208,0.6822413206100464,-0.08849838376045227,0.7609046697616577,0.6881614923477173,-0.0897599384188652,M
0.0,0.0,0.0,0.0,0.0,0.0,0.0,0.0,0.0,0.0,0.0,0.0,0.0,0.0,0.0,0.0,0.0,0.0,0.0,0.0,0.0,0.0,0.0,0.0,0.0,0.0,0.0,0.0,0.0,0.0,0.0,0.0,0.0,0.0,0.0,0.0,0.0,0.0,0.0,0.0,0.0,0.0,0.0,0.0,0.0,0.0,0.0,0.0,0.0,0.0,0.0,0.0,0.0,0.0,0.0,0.0,0.0,0.0,0.0,0.0,0.0,0.0,0.0,0.7729013562202454,0.4157441258430481,4.5661940362151654e-07,0.7004883885383606,0.4718695282936096,0.003921258728951216,0.6703372001647949,0.5654784440994263,-0.003964598756283522,0.6871538162231445,0.6466395854949951,-0.010717509314417839,0.7207387685775757,0.701895534992218,-0.021493278443813324,0.6486413478851318,0.5929006934165955,-0.04562358930706978,0.6238653063774109,0.7259089350700378,-0.06034887209534645,0.6139239072799683,0.8012166023254395,-0.06618963181972504,0.6077673435211182,0.8638688325881958,-0.06948971748352051,0.6957440376281738,0.5971576571464539,-0.057109665125608444,0.6846678853034973,0.742283821105957,-0.07285550236701965,0.6832494735717773,0.8272181749343872,-0.08177796006202698,0.6838860511779785,0.8930721282958984,-0.0886850506067276,0.745538055896759,0.5949115753173828,-0.06413358449935913,0.7495942115783691,0.7414426803588867,-0.08215370029211044,0.7547003030776978,0.8283901214599609,-0.09552668780088425,0.7598532438278198,0.8912003636360168,-0.10465095192193985,0.7892963290214539,0.5873187780380249,-0.06786267459392548,0.7688506841659546,0.6833224296569824,-0.08050345629453659,0.7571316361427307,0.6845488548278809,-0.07891731709241867,0.7515789270401001,0.6676369905471802,-0.07700331509113312,M
0.0,0.0,0.0,0.0,0.0,0.0,0.0,0.0,0.0,0.0,0.0,0.0,0.0,0.0,0.0,0.0,0.0,0.0,0.0,0.0,0.0,0.0,0.0,0.0,0.0,0.0,0.0,0.0,0.0,0.0,0.0,0.0,0.0,0.0,0.0,0.0,0.0,0.0,0.0,0.0,0.0,0.0,0.0,0.0,0.0,0.0,0.0,0.0,0.0,0.0,0.0,0.0,0.0,0.0,0.0,0.0,0.0,0.0,0.0,0.0,0.0,0.0,0.0,0.7742888331413269,0.4293830394744873,3.367279077792773e-07,0.7013360261917114,0.484256386756897,0.005783878732472658,0.6671774387359619,0.5702916979789734,-0.0015002472791820765,0.6811492443084717,0.6468483209609985,-0.00822449754923582,0.7093102931976318,0.7005971074104309,-0.01911311410367489,0.6483831405639648,0.604334831237793,-0.04387469217181206,0.6269553899765015,0.7306010127067566,-0.060281913727521896,0.6171258091926575,0.799118161201477,-0.0680839791893959,0.6099244356155396,0.855922281742096,-0.07292792201042175,0.6944848299026489,0.6047136187553406,-0.05623999610543251,0.6838962435722351,0.7443644404411316,-0.07407177239656448,0.6809816956520081,0.8255149126052856,-0.08529502153396606,0.6811330318450928,0.8903954029083252,-0.09428264200687408,0.7434903979301453,0.6009361147880554,-0.0642940104007721,0.7455589771270752,0.7463874816894531,-0.08361432701349258,0.7510127425193787,0.8300902843475342,-0.09807795286178589,0.7578887343406677,0.8912009000778198,-0.10760826617479324,0.7857666611671448,0.5933003425598145,-0.06888183206319809,0.7681671977043152,0.7000120878219604,-0.08243480324745178,0.7591727375984192,0.7203466892242432,-0.08373600244522095,0.7572842240333557,0.7241994738578796,-0.08398773521184921,M
0.0,0.0,0.0,0.0,0.0,0.0,0.0,0.0,0.0,0.0,0.0,0.0,0.0,0.0,0.0,0.0,0.0,0.0,0.0,0.0,0.0,0.0,0.0,0.0,0.0,0.0,0.0,0.0,0.0,0.0,0.0,0.0,0.0,0.0,0.0,0.0,0.0,0.0,0.0,0.0,0.0,0.0,0.0,0.0,0.0,0.0,0.0,0.0,0.0,0.0,0.0,0.0,0.0,0.0,0.0,0.0,0.0,0.0,0.0,0.0,0.0,0.0,0.0,0.7770969867706299,0.42372146248817444,3.4913790614155005e-07,0.7024152874946594,0.4752376675605774,0.007729949429631233,0.6697224378585815,0.5610480308532715,0.0019538900814950466,0.6819269061088562,0.6353201270103455,-0.0031519876793026924,0.7103240489959717,0.6897621750831604,-0.01261067297309637,0.6495862603187561,0.5956299304962158,-0.04313714802265167,0.6265661716461182,0.7181811332702637,-0.05868084728717804,0.6163963675498962,0.7873775959014893,-0.06555251777172089,0.6093621850013733,0.84457927942276,-0.06947169452905655,0.6955834031105042,0.6001879572868347,-0.05524516478180885,0.6857823729515076,0.738930344581604,-0.07444140315055847,0.6826061606407166,0.8178732395172119,-0.08460473269224167,0.6813300251960754,0.8811625242233276,-0.09167304635047913,0.743904709815979,0.5997850298881531,-0.06259752810001373,0.7443828582763672,0.738580048084259,-0.08440448343753815,0.7471757531166077,0.8178585767745972,-0.09802263975143433,0.7515298128128052,0.8773634433746338,-0.1056765541434288,0.7858277559280396,0.5922917723655701,-0.0659935474395752,0.7614644765853882,0.6892369389533997,-0.07872234284877777,0.7522735595703125,0.6906452775001526,-0.07589542865753174,0.7517462968826294,0.6766087412834167,-0.07268916815519333,M
0.0,0.0,0.0,0.0,0.0,0.0,0.0,0.0,0.0,0.0,0.0,0.0,0.0,0.0,0.0,0.0,0.0,0.0,0.0,0.0,0.0,0.0,0.0,0.0,0.0,0.0,0.0,0.0,0.0,0.0,0.0,0.0,0.0,0.0,0.0,0.0,0.0,0.0,0.0,0.0,0.0,0.0,0.0,0.0,0.0,0.0,0.0,0.0,0.0,0.0,0.0,0.0,0.0,0.0,0.0,0.0,0.0,0.0,0.0,0.0,0.0,0.0,0.0,0.7765886187553406,0.41658198833465576,3.652859845715284e-07,0.7071419954299927,0.47234171628952026,0.0034709905739873648,0.671103298664093,0.5607520341873169,-0.004959719255566597,0.6804801225662231,0.6399621963500977,-0.012272655963897705,0.7067234516143799,0.6980582475662231,-0.02380453422665596,0.6514164805412292,0.592343270778656,-0.04806879162788391,0.6277565956115723,0.7201395630836487,-0.06666739284992218,0.6166237592697144,0.7914499640464783,-0.07639145106077194,0.608549177646637,0.8518966436386108,-0.08215492963790894,0.6952860355377197,0.5899573564529419,-0.05958237871527672,0.6844338178634644,0.7351408004760742,-0.07832241803407669,0.6812276244163513,0.8208035826683044,-0.09009739756584167,0.6816353797912598,0.8886352181434631,-0.09971930086612701,0.7438019514083862,0.5863202810287476,-0.06685423105955124,0.743303120136261,0.7327922582626343,-0.0871698260307312,0.7460333704948425,0.8191379904747009,-0.10180767625570297,0.7502503991127014,0.8799535632133484,-0.11147582530975342,0.78890061378479,0.5825857520103455,-0.07082073390483856,0.7687627673149109,0.6889821887016296,-0.08533480763435364,0.7593500018119812,0.7062532901763916,-0.086183562874794,0.7569947242736816,0.7057090997695923,-0.08596643805503845,M
0.0,0.0,0.0,0.0,0.0,0.0,0.0,0.0,0.0,0.0,0.0,0.0,0.0,0.0,0.0,0.0,0.0,0.0,0.0,0.0,0.0,0.0,0.0,0.0,0.0,0.0,0.0,0.0,0.0,0.0,0.0,0.0,0.0,0.0,0.0,0.0,0.0,0.0,0.0,0.0,0.0,0.0,0.0,0.0,0.0,0.0,0.0,0.0,0.0,0.0,0.0,0.0,0.0,0.0,0.0,0.0,0.0,0.0,0.0,0.0,0.0,0.0,0.0,0.7790629863739014,0.42631715536117554,3.257920297983219e-07,0.7082784175872803,0.47854065895080566,0.006296704523265362,0.6711651682853699,0.5633174777030945,-0.0016498221084475517,0.6789558529853821,0.6399173140525818,-0.008545971475541592,0.7044263482093811,0.6979822516441345,-0.019878579303622246,0.6507868766784668,0.5980693697929382,-0.05093170702457428,0.6267014145851135,0.7266955971717834,-0.07020571082830429,0.6152852177619934,0.7980592846870422,-0.08004512637853622,0.6065777540206909,0.8576464653015137,-0.08586461842060089,0.6950923800468445,0.5973137021064758,-0.06339394301176071,0.683164656162262,0.7442401647567749,-0.08328421413898468,0.6803655028343201,0.8287941813468933,-0.09491812437772751,0.6803140640258789,0.8944493532180786,-0.10436084866523743,0.7428579330444336,0.5949874520301819,-0.07104752957820892,0.7408633828163147,0.7430068254470825,-0.09146817773580551,0.7444744110107422,0.8285784721374512,-0.10613574087619781,0.7491878867149353,0.8880243301391602,-0.11582085490226746,0.7863693833351135,0.590372622013092,-0.07499241083860397,0.7658379673957825,0.6993911266326904,-0.08841505646705627,0.7588014006614685,0.7206637263298035,-0.08910990506410599,0.7586471438407898,0.7233790755271912,-0.08903302252292633,M
0.0,0.0,0.0,0.0,0.0,0.0,0.0,0.0,0.0,0.0,0.0,0.0,0.0,0.0,0.0,0.0,0.0,0.0,0.0,0.0,0.0,0.0,0.0,0.0,0.0,0.0,0.0,0.0,0.0,0.0,0.0,0.0,0.0,0.0,0.0,0.0,0.0,0.0,0.0,0.0,0.0,0.0,0.0,0.0,0.0,0.0,0.0,0.0,0.0,0.0,0.0,0.0,0.0,0.0,0.0,0.0,0.0,0.0,0.0,0.0,0.0,0.0,0.0,0.7799118757247925,0.42351123690605164,3.6188524177305226e-07,0.7064476013183594,0.47818487882614136,0.008115941658616066,0.6713096499443054,0.5627436637878418,0.0015718684298917651,0.6831185817718506,0.6357165575027466,-0.004532200284302235,0.7113340497016907,0.6902397871017456,-0.014820033684372902,0.6513596773147583,0.5946740508079529,-0.043653808534145355,0.6276419162750244,0.7235195636749268,-0.05952142924070358,0.6165798306465149,0.7940335869789124,-0.06660779565572739,0.608190655708313,0.8532430529594421,-0.07070568948984146,0.696942925453186,0.6003767251968384,-0.0561162494122982,0.6827173233032227,0.7439569234848022,-0.07316401600837708,0.6781308650970459,0.8256309032440186,-0.08342736959457397,0.6765149235725403,0.8895033001899719,-0.09145285934209824,0.7451614141464233,0.6015656590461731,-0.06388607621192932,0.7445075511932373,0.7416424751281738,-0.0810219943523407,0.7462670803070068,0.8277790546417236,-0.09561809152364731,0.7490792870521545,0.8899478912353516,-0.10573090612888336,0.7873477339744568,0.597575306892395,-0.06803733110427856,0.767440140247345,0.6938312649726868,-0.07840598374605179,0.7579804062843323,0.712317705154419,-0.07892630994319916,0.7541755437850952,0.7161686420440674,-0.07920143753290176,M
0.0,0.0,0.0,0.0,0.0,0.0,0.0,0.0,0.0,0.0,0.0,0.0,0.0,0.0,0.0,0.0,0.0,0.0,0.0,0.0,0.0,0.0,0.0,0.0,0.0,0.0,0.0,0.0,0.0,0.0,0.0,0.0,0.0,0.0,0.0,0.0,0.0,0.0,0.0,0.0,0.0,0.0,0.0,0.0,0.0,0.0,0.0,0.0,0.0,0.0,0.0,0.0,0.0,0.0,0.0,0.0,0.0,0.0,0.0,0.0,0.0,0.0,0.0,0.781383752822876,0.42273736000061035,3.3821052625171433e-07,0.7081836462020874,0.4766780436038971,0.006392455194145441,0.671100914478302,0.5623860359191895,-7.134484621929005e-05,0.6769819259643555,0.6359667181968689,-0.005775249097496271,0.6996350884437561,0.6932477355003357,-0.015487867407500744,0.6525779962539673,0.5958675742149353,-0.04534780979156494,0.6292932033538818,0.7230969071388245,-0.06297259777784348,0.6186997890472412,0.7946917414665222,-0.07228117436170578,0.6108080148696899,0.8554866909980774,-0.07787145674228668,0.697033166885376,0.6001051664352417,-0.057000819593667984,0.6840988993644714,0.7419661283493042,-0.0744982659816742,0.6799697875976562,0.8260370492935181,-0.08576177805662155,0.6793063282966614,0.892337441444397,-0.09505034983158112,0.745037853717804,0.60085529088974,-0.06418408453464508,0.7447793483734131,0.741317093372345,-0.08156159520149231,0.7479495406150818,0.826036810874939,-0.09587907046079636,0.7521179914474487,0.8861709833145142,-0.10592756420373917,0.7877746820449829,0.597935676574707,-0.0680534839630127,0.7697815299034119,0.6968013048171997,-0.07935696095228195,0.7622023820877075,0.7165824174880981,-0.0801643580198288,0.7603279948234558,0.7201969623565674,-0.08043447136878967,M
0.0,0.0,0.0,0.0,0.0,0.0,0.0,0.0,0.0,0.0,0.0,0.0,0.0,0.0,0.0,0.0,0.0,0.0,0.0,0.0,0.0,0.0,0.0,0.0,0.0,0.0,0.0,0.0,0.0,0.0,0.0,0.0,0.0,0.0,0.0,0.0,0.0,0.0,0.0,0.0,0.0,0.0,0.0,0.0,0.0,0.0,0.0,0.0,0.0,0.0,0.0,0.0,0.0,0.0,0.0,0.0,0.0,0.0,0.0,0.0,0.0,0.0,0.0,0.7801046371459961,0.42567893862724304,3.2789876058814116e-07,0.7061923146247864,0.47939372062683105,0.00794099923223257,0.673738956451416,0.5665072798728943,0.0008809288847260177,0.6869370341300964,0.6431593894958496,-0.0061842771247029305,0.7131065130233765,0.6983637809753418,-0.017998477444052696,0.6499419212341309,0.597145676612854,-0.043640583753585815,0.6268750429153442,0.7233055233955383,-0.060914453119039536,0.6169055700302124,0.7963049411773682,-0.06994882225990295,0.6101861596107483,0.8570011854171753,-0.07556228339672089,0.6954257488250732,0.6009595394134521,-0.05726935714483261,0.6843327283859253,0.7431756258010864,-0.07459229975938797,0.6803988218307495,0.8273035287857056,-0.08566547930240631,0.6790493726730347,0.8929874300956726,-0.09483810514211655,0.7451398372650146,0.5998079180717468,-0.06634379923343658,0.7439551949501038,0.7429133653640747,-0.083882175385952,0.7449256181716919,0.8290876746177673,-0.09762029349803925,0.7472124695777893,0.8914933204650879,-0.10745472460985184,0.790485680103302,0.593844473361969,-0.07196998596191406,0.769265353679657,0.6910759806632996,-0.08396026492118835,0.7571133375167847,0.7100657820701599,-0.0844525545835495,0.7515733242034912,0.7136919498443604,-0.08453405648469925,M
0.0,0.0,0.0,0.0,0.0,0.0,0.0,0.0,0.0,0.0,0.0,0.0,0.0,0.0,0.0,0.0,0.0,0.0,0.0,0.0,0.0,0.0,0.0,0.0,0.0,0.0,0.0,0.0,0.0,0.0,0.0,0.0,0.0,0.0,0.0,0.0,0.0,0.0,0.0,0.0,0.0,0.0,0.0,0.0,0.0,0.0,0.0,0.0,0.0,0.0,0.0,0.0,0.0,0.0,0.0,0.0,0.0,0.0,0.0,0.0,0.0,0.0,0.0,0.7780519127845764,0.4261082112789154,2.88673390969052e-07,0.7045445442199707,0.47786545753479004,0.006058936472982168,0.6688122749328613,0.5631173849105835,-0.0010577441425994039,0.6746523976325989,0.6406883001327515,-0.007533734198659658,0.6951172351837158,0.6988639235496521,-0.018253663554787636,0.6478617191314697,0.5954186916351318,-0.047235261648893356,0.625309407711029,0.7201758623123169,-0.0666961595416069,0.6149357557296753,0.7912635803222656,-0.0768377035856247,0.6072746515274048,0.8507446050643921,-0.08285274356603622,0.6926304697990417,0.5973751544952393,-0.05964720621705055,0.6813862919807434,0.7377119064331055,-0.08030547946691513,0.67728590965271,0.8210575580596924,-0.09224887192249298,0.6748214960098267,0.8874363899230957,-0.10131506621837616,0.7408945560455322,0.5960240960121155,-0.06768109649419785,0.7382872104644775,0.7385074496269226,-0.08854460716247559,0.7382274270057678,0.8230973482131958,-0.10239387303590775,0.7386970520019531,0.8843202590942383,-0.11093354970216751,0.7838892936706543,0.5902460813522339,-0.07229695469141006,0.7619741559028625,0.6948883533477783,-0.08570246398448944,0.7506913542747498,0.7215008735656738,-0.08658875524997711,0.7456623315811157,0.7306550741195679,-0.08632015436887741,M
0.0,0.0,0.0,0.0,0.0,0.0,0.0,0.0,0.0,0.0,0.0,0.0,0.0,0.0,0.0,0.0,0.0,0.0,0.0,0.0,0.0,0.0,0.0,0.0,0.0,0.0,0.0,0.0,0.0,0.0,0.0,0.0,0.0,0.0,0.0,0.0,0.0,0.0,0.0,0.0,0.0,0.0,0.0,0.0,0.0,0.0,0.0,0.0,0.0,0.0,0.0,0.0,0.0,0.0,0.0,0.0,0.0,0.0,0.0,0.0,0.0,0.0,0.0,0.776280403137207,0.4270733594894409,3.160095332077617e-07,0.7030819058418274,0.4785653054714203,0.0069213323295116425,0.6662278771400452,0.5630177855491638,-0.0009518656297586858,0.6734796166419983,0.6387434601783752,-0.008206508122384548,0.696826159954071,0.6963046193122864,-0.01996176689863205,0.6456558704376221,0.5949347019195557,-0.04867023229598999,0.6216872334480286,0.7223165035247803,-0.06725960224866867,0.610331654548645,0.7937136888504028,-0.07613873481750488,0.6017481088638306,0.8532112240791321,-0.0814557895064354,0.6915580630302429,0.5962924957275391,-0.06207890063524246,0.6773399710655212,0.7377516627311707,-0.08440778404474258,0.6712126731872559,0.8210340738296509,-0.0963633731007576,0.6677253246307373,0.887845516204834,-0.10487677156925201,0.7403870224952698,0.595090925693512,-0.07069935649633408,0.7335728406906128,0.7399634122848511,-0.09285223484039307,0.7313974499702454,0.8255369663238525,-0.10594834387302399,0.7308078408241272,0.8889790773391724,-0.11346185207366943,0.7841206192970276,0.5898057222366333,-0.07559449225664139,0.7596203684806824,0.6981460452079773,-0.08976369351148605,0.7487045526504517,0.7200040817260742,-0.08901996165513992,0.7447330951690674,0.7251220941543579,-0.08711936324834824,M
0.0,0.0,0.0,0.0,0.0,0.0,0.0,0.0,0.0,0.0,0.0,0.0,0.0,0.0,0.0,0.0,0.0,0.0,0.0,0.0,0.0,0.0,0.0,0.0,0.0,0.0,0.0,0.0,0.0,0.0,0.0,0.0,0.0,0.0,0.0,0.0,0.0,0.0,0.0,0.0,0.0,0.0,0.0,0.0,0.0,0.0,0.0,0.0,0.0,0.0,0.0,0.0,0.0,0.0,0.0,0.0,0.0,0.0,0.0,0.0,0.0,0.0,0.0,0.7784292101860046,0.42739349603652954,2.6548778464530187e-07,0.7045151591300964,0.4787953197956085,0.008855738677084446,0.6676710844039917,0.5621373653411865,0.0019992159213870764,0.6723120212554932,0.6384867429733276,-0.004596728831529617,0.6925668716430664,0.6981439590454102,-0.015637146309018135,0.6438547968864441,0.5945791006088257,-0.047903694212436676,0.6207706928253174,0.7206685543060303,-0.06736326962709427,0.6105092167854309,0.7926487922668457,-0.07694732397794724,0.602704644203186,0.853195309638977,-0.08276703953742981,0.6892301440238953,0.597423255443573,-0.061949241906404495,0.676249086856842,0.7388050556182861,-0.08557377755641937,0.6710692644119263,0.8224088549613953,-0.09819982200860977,0.6684638857841492,0.8891534805297852,-0.10731063038110733,0.7379919290542603,0.5979257225990295,-0.07112263143062592,0.7325161695480347,0.741963267326355,-0.0940660759806633,0.7311038374900818,0.8288025856018066,-0.10766910016536713,0.7313471436500549,0.8922711610794067,-0.11533885449171066,0.7818344831466675,0.5944377779960632,-0.0764179676771164,0.7575954794883728,0.7068158984184265,-0.0906323492527008,0.7469996809959412,0.7368842363357544,-0.09108210355043411,0.7428942322731018,0.7492349743843079,-0.09018583595752716,M
0.0,0.0,0.0,0.0,0.0,0.0,0.0,0.0,0.0,0.0,0.0,0.0,0.0,0.0,0.0,0.0,0.0,0.0,0.0,0.0,0.0,0.0,0.0,0.0,0.0,0.0,0.0,0.0,0.0,0.0,0.0,0.0,0.0,0.0,0.0,0.0,0.0,0.0,0.0,0.0,0.0,0.0,0.0,0.0,0.0,0.0,0.0,0.0,0.0,0.0,0.0,0.0,0.0,0.0,0.0,0.0,0.0,0.0,0.0,0.0,0.0,0.0,0.0,0.7753130793571472,0.4272412061691284,2.7770255428549717e-07,0.704666018486023,0.4797472059726715,0.0025771749205887318,0.6678080558776855,0.5651683807373047,-0.009496832266449928,0.6764127612113953,0.6463556289672852,-0.020499618723988533,0.6996363401412964,0.7074483036994934,-0.036333050578832626,0.6419893503189087,0.5920788049697876,-0.05775590240955353,0.6207094788551331,0.7213759422302246,-0.0801808089017868,0.6107052564620972,0.7938436269760132,-0.09158635884523392,0.6017657518386841,0.8548349142074585,-0.09878450632095337,0.6883445382118225,0.5901796221733093,-0.07107376307249069,0.6760495901107788,0.7350229024887085,-0.09682072699069977,0.6704062223434448,0.819574236869812,-0.11088656634092331,0.6663225889205933,0.8869078159332275,-0.12167230993509293,0.7379325032234192,0.5871782898902893,-0.07981468737125397,0.7312430739402771,0.7358909845352173,-0.10453750193119049,0.7299761772155762,0.8251147270202637,-0.11882524937391281,0.730904757976532,0.8893954753875732,-0.12754833698272705,0.783397376537323,0.5822520852088928,-0.08525855839252472,0.7586508989334106,0.6991901397705078,-0.10206805169582367,0.7487848401069641,0.732490062713623,-0.10402897000312805,0.7472835779190063,0.7471856474876404,-0.10458675026893616,M
0.0,0.0,0.0,0.0,0.0,0.0,0.0,0.0,0.0,0.0,0.0,0.0,0.0,0.0,0.0,0.0,0.0,0.0,0.0,0.0,0.0,0.0,0.0,0.0,0.0,0.0,0.0,0.0,0.0,0.0,0.0,0.0,0.0,0.0,0.0,0.0,0.0,0.0,0.0,0.0,0.0,0.0,0.0,0.0,0.0,0.0,0.0,0.0,0.0,0.0,0.0,0.0,0.0,0.0,0.0,0.0,0.0,0.0,0.0,0.0,0.0,0.0,0.0,0.7745601534843445,0.42320919036865234,2.5115446078416426e-07,0.7010930776596069,0.47668367624282837,0.00781948585063219,0.6656367182731628,0.560661792755127,-0.000525004870723933,0.6718517541885376,0.6369993090629578,-0.009249944239854813,0.6922103762626648,0.6966584324836731,-0.022524559870362282,0.64313805103302,0.5889896154403687,-0.04698408395051956,0.6195178031921387,0.7184763550758362,-0.06747056543827057,0.609620213508606,0.7912384271621704,-0.07786866277456284,0.6011945605278015,0.8519366383552551,-0.08442230522632599,0.6876835823059082,0.5924636125564575,-0.06172493100166321,0.6749831438064575,0.7337470650672913,-0.0843660980463028,0.6688854694366455,0.8181028366088867,-0.09828133881092072,0.6643906831741333,0.8843579292297363,-0.10913736373186111,0.7353048920631409,0.5918148756027222,-0.07202500104904175,0.730283260345459,0.7345222234725952,-0.09274668246507645,0.7285316586494446,0.823954701423645,-0.10784793645143509,0.7275171279907227,0.8891947269439697,-0.11806175112724304,0.7782881855964661,0.5865880846977234,-0.07891849428415298,0.7590259909629822,0.6962870955467224,-0.09383127838373184,0.7487689852714539,0.7385159730911255,-0.09814155101776123,0.7431775331497192,0.7650001049041748,-0.10075061023235321,M
0.0,0.0,0.0,0.0,0.0,0.0,0.0,0.0,0.0,0.0,0.0,0.0,0.0,0.0,0.0,0.0,0.0,0.0,0.0,0.0,0.0,0.0,0.0,0.0,0.0,0.0,0.0,0.0,0.0,0.0,0.0,0.0,0.0,0.0,0.0,0.0,0.0,0.0,0.0,0.0,0.0,0.0,0.0,0.0,0.0,0.0,0.0,0.0,0.0,0.0,0.0,0.0,0.0,0.0,0.0,0.0,0.0,0.0,0.0,0.0,0.0,0.0,0.0,0.7743687033653259,0.41795051097869873,2.6052481416627415e-07,0.7032795548439026,0.47082245349884033,0.005703920964151621,0.6650710105895996,0.5559676289558411,-0.0037128126714378595,0.6700000762939453,0.634129524230957,-0.012930582277476788,0.6908183693885803,0.6933096051216125,-0.02679213136434555,0.6435546278953552,0.5889131426811218,-0.05028844624757767,0.6204273700714111,0.7178301811218262,-0.07126019895076752,0.6088594794273376,0.7891367673873901,-0.08215843141078949,0.5998281240463257,0.8491453528404236,-0.0888184905052185,0.6878553032875061,0.588995099067688,-0.06415104120969772,0.6741334199905396,0.7308756709098816,-0.08648499101400375,0.6682984232902527,0.8150424361228943,-0.09871413558721542,0.6657435894012451,0.8811625242233276,-0.10824400186538696,0.7366150617599487,0.5867301821708679,-0.0737701803445816,0.7301759719848633,0.7318371534347534,-0.09527257084846497,0.7276409268379211,0.8196806311607361,-0.1088486984372139,0.7267242670059204,0.8824040293693542,-0.1174258142709732,0.7820543050765991,0.5822718739509583,-0.08008663356304169,0.7609771490097046,0.697504997253418,-0.09528982639312744,0.7516788840293884,0.7366757988929749,-0.09781499952077866,0.7485372424125671,0.7579879760742188,-0.09870274364948273,M
0.0,0.0,0.0,0.0,0.0,0.0,0.0,0.0,0.0,0.0,0.0,0.0,0.0,0.0,0.0,0.0,0.0,0.0,0.0,0.0,0.0,0.0,0.0,0.0,0.0,0.0,0.0,0.0,0.0,0.0,0.0,0.0,0.0,0.0,0.0,0.0,0.0,0.0,0.0,0.0,0.0,0.0,0.0,0.0,0.0,0.0,0.0,0.0,0.0,0.0,0.0,0.0,0.0,0.0,0.0,0.0,0.0,0.0,0.0,0.0,0.0,0.0,0.0,0.7745365500450134,0.422033429145813,2.716897427035292e-07,0.7000241875648499,0.4746900200843811,0.007897947914898396,0.6659995913505554,0.5588732957839966,0.0012148128589615226,0.6780046820640564,0.6339465975761414,-0.005755580961704254,0.7030599117279053,0.6884105801582336,-0.017246009781956673,0.6416099071502686,0.5918982028961182,-0.03990538418292999,0.6194153428077698,0.7172035574913025,-0.05623038485646248,0.6095513701438904,0.7875348329544067,-0.06464789062738419,0.6014423370361328,0.8466833829879761,-0.07024765759706497,0.6863648295402527,0.597506046295166,-0.05344150960445404,0.6750724911689758,0.7337698936462402,-0.07161618769168854,0.6719269752502441,0.8139333724975586,-0.08353397250175476,0.6688662767410278,0.8788200616836548,-0.09310855716466904,0.7352133989334106,0.5989109873771667,-0.06283088773488998,0.7304141521453857,0.7349912524223328,-0.08106417208909988,0.7282679677009583,0.8205793499946594,-0.09596879780292511,0.7270521521568298,0.8845223188400269,-0.10610371828079224,0.7791546583175659,0.5952508449554443,-0.06885290145874023,0.7576919794082642,0.69908607006073,-0.08117906749248505,0.7466300129890442,0.7324895858764648,-0.08371619135141373,0.7410457730293274,0.7510829567909241,-0.08522412925958633,M
0.0,0.0,0.0,0.0,0.0,0.0,0.0,0.0,0.0,0.0,0.0,0.0,0.0,0.0,0.0,0.0,0.0,0.0,0.0,0.0,0.0,0.0,0.0,0.0,0.0,0.0,0.0,0.0,0.0,0.0,0.0,0.0,0.0,0.0,0.0,0.0,0.0,0.0,0.0,0.0,0.0,0.0,0.0,0.0,0.0,0.0,0.0,0.0,0.0,0.0,0.0,0.0,0.0,0.0,0.0,0.0,0.0,0.0,0.0,0.0,0.0,0.0,0.0,0.7723824977874756,0.4261738061904907,2.4664441866661946e-07,0.7011256814002991,0.47728389501571655,0.0058042630553245544,0.6620227098464966,0.5592119693756104,-0.004098623525351286,0.6633795499801636,0.633534848690033,-0.013666926883161068,0.6810033917427063,0.6916530728340149,-0.028087807819247246,0.6407642364501953,0.592842698097229,-0.054779618978500366,0.6178686022758484,0.7211154103279114,-0.07740733027458191,0.6071673631668091,0.7926567792892456,-0.08911138027906418,0.5985636115074158,0.8525158166885376,-0.09624680876731873,0.6853814721107483,0.5890830755233765,-0.0692182406783104,0.6730255484580994,0.7319598197937012,-0.09541354328393936,0.6673110723495483,0.817896842956543,-0.10973081737756729,0.6640576720237732,0.8849714398384094,-0.12051752209663391,0.7342931628227234,0.5845710039138794,-0.07899978011846542,0.7272745966911316,0.7320414185523987,-0.10450179874897003,0.7259117364883423,0.8224902153015137,-0.1196264699101448,0.7264636158943176,0.886533260345459,-0.12854662537574768,0.7802492380142212,0.5787274837493896,-0.08512124419212341,0.756758987903595,0.6968024969100952,-0.10326771438121796,0.7480390667915344,0.7365149259567261,-0.1065717339515686,0.7466798424720764,0.757764458656311,-0.10769505053758621,M
0.0,0.0,0.0,0.0,0.0,0.0,0.0,0.0,0.0,0.0,0.0,0.0,0.0,0.0,0.0,0.0,0.0,0.0,0.0,0.0,0.0,0.0,0.0,0.0,0.0,0.0,0.0,0.0,0.0,0.0,0.0,0.0,0.0,0.0,0.0,0.0,0.0,0.0,0.0,0.0,0.0,0.0,0.0,0.0,0.0,0.0,0.0,0.0,0.0,0.0,0.0,0.0,0.0,0.0,0.0,0.0,0.0,0.0,0.0,0.0,0.0,0.0,0.0,0.7787847518920898,0.4234948754310608,2.3935200488267583e-07,0.7055450081825256,0.47334420680999756,0.005086974706500769,0.6656385064125061,0.5577327609062195,-0.004559050779789686,0.6686860918998718,0.6387000679969788,-0.013856546953320503,0.6862162947654724,0.7022022008895874,-0.0276179239153862,0.6425560712814331,0.5882002711296082,-0.05054589360952377,0.61881023645401,0.7180274724960327,-0.07268799841403961,0.6088131070137024,0.7919353246688843,-0.08449560403823853,0.6008954048156738,0.8532294034957886,-0.09180301427841187,0.6871471405029297,0.5888945460319519,-0.06421332061290741,0.67390376329422,0.7323877811431885,-0.08731012046337128,0.668655276298523,0.8198011517524719,-0.10065928846597672,0.6661038994789124,0.887876033782959,-0.111234650015831,0.7356629371643066,0.587284505367279,-0.07373940199613571,0.7290627360343933,0.7301715612411499,-0.09514762461185455,0.7261675596237183,0.8196601271629333,-0.1092771589756012,0.7240973114967346,0.8840467929840088,-0.11882361024618149,0.7807844877243042,0.5836029052734375,-0.08012498915195465,0.7627846598625183,0.6929397583007812,-0.096420519053936,0.7541142106056213,0.7348026037216187,-0.10055898874998093,0.7499889135360718,0.7603174448013306,-0.10270275920629501,M
0.0,0.0,0.0,0.0,0.0,0.0,0.0,0.0,0.0,0.0,0.0,0.0,0.0,0.0,0.0,0.0,0.0,0.0,0.0,0.0,0.0,0.0,0.0,0.0,0.0,0.0,0.0,0.0,0.0,0.0,0.0,0.0,0.0,0.0,0.0,0.0,0.0,0.0,0.0,0.0,0.0,0.0,0.0,0.0,0.0,0.0,0.0,0.0,0.0,0.0,0.0,0.0,0.0,0.0,0.0,0.0,0.0,0.0,0.0,0.0,0.0,0.0,0.0,0.7791563272476196,0.4160757064819336,2.237838998553343e-07,0.7052079439163208,0.4696654677391052,0.006108598783612251,0.6676733493804932,0.5539048314094543,-0.0030924275051802397,0.6725230813026428,0.6309609413146973,-0.012543843127787113,0.6915300488471985,0.6919758915901184,-0.02643197774887085,0.6438365578651428,0.5839857459068298,-0.04742775857448578,0.6217046976089478,0.7119092345237732,-0.06970609724521637,0.6121230125427246,0.7862114906311035,-0.0817350521683693,0.6041157245635986,0.8481331467628479,-0.08933068811893463,0.6879920363426208,0.5875928401947021,-0.06221393868327141,0.6766453981399536,0.7293493747711182,-0.08531267195940018,0.6726736426353455,0.8143637776374817,-0.09892313927412033,0.6693095564842224,0.8809326887130737,-0.10957720875740051,0.7365929484367371,0.5877231955528259,-0.07299738377332687,0.7302157282829285,0.7293551564216614,-0.09469624608755112,0.7285410761833191,0.8170895576477051,-0.10858441144227982,0.7272433042526245,0.8805854320526123,-0.11770068109035492,0.7818637490272522,0.5833236575126648,-0.08071776479482651,0.7617080211639404,0.6933654546737671,-0.09673219174146652,0.752694845199585,0.7358947992324829,-0.10022483021020889,0.7489345073699951,0.7620195150375366,-0.10187771916389465,M
0.0,0.0,0.0,0.0,0.0,0.0,0.0,0.0,0.0,0.0,0.0,0.0,0.0,0.0,0.0,0.0,0.0,0.0,0.0,0.0,0.0,0.0,0.0,0.0,0.0,0.0,0.0,0.0,0.0,0.0,0.0,0.0,0.0,0.0,0.0,0.0,0.0,0.0,0.0,0.0,0.0,0.0,0.0,0.0,0.0,0.0,0.0,0.0,0.0,0.0,0.0,0.0,0.0,0.0,0.0,0.0,0.0,0.0,0.0,0.0,0.0,0.0,0.0,0.7783265113830566,0.4222095012664795,2.3666513015996316e-07,0.7060364484786987,0.47102856636047363,0.004955473355948925,0.6670685410499573,0.5512248277664185,-0.005012316629290581,0.6708618402481079,0.6264492273330688,-0.015002043917775154,0.6887069940567017,0.6862666606903076,-0.02958613634109497,0.6449488401412964,0.5863792896270752,-0.05152752995491028,0.6214855313301086,0.713415265083313,-0.07430323958396912,0.6114875078201294,0.7859383821487427,-0.08664929121732712,0.6037836074829102,0.8469572067260742,-0.09457650035619736,0.6890207529067993,0.5894788503646851,-0.06546975672245026,0.6756571531295776,0.7301189303398132,-0.08916030079126358,0.6713598370552063,0.814079999923706,-0.1038091778755188,0.6684231758117676,0.8811987638473511,-0.11568832397460938,0.736811637878418,0.5908123850822449,-0.07520657032728195,0.7289183735847473,0.7297760248184204,-0.09615121781826019,0.7275241613388062,0.817834734916687,-0.11162471771240234,0.7272642850875854,0.8821585178375244,-0.12269778549671173,0.7808353900909424,0.5892100930213928,-0.08192820101976395,0.7617184519767761,0.6942843198776245,-0.09754447638988495,0.7535580396652222,0.7410359978675842,-0.10332740098237991,0.7507339119911194,0.7728996872901917,-0.1073240414261818,M
0.0,0.0,0.0,0.0,0.0,0.0,0.0,0.0,0.0,0.0,0.0,0.0,0.0,0.0,0.0,0.0,0.0,0.0,0.0,0.0,0.0,0.0,0.0,0.0,0.0,0.0,0.0,0.0,0.0,0.0,0.0,0.0,0.0,0.0,0.0,0.0,0.0,0.0,0.0,0.0,0.0,0.0,0.0,0.0,0.0,0.0,0.0,0.0,0.0,0.0,0.0,0.0,0.0,0.0,0.0,0.0,0.0,0.0,0.0,0.0,0.0,0.0,0.0,0.7789145112037659,0.4197593927383423,2.291402125820241e-07,0.7060357332229614,0.4723210334777832,0.007306134328246117,0.6701494455337524,0.5593833327293396,-0.0021212100982666016,0.677821934223175,0.6386533379554749,-0.012229172512888908,0.6986713409423828,0.6993327140808105,-0.027294503524899483,0.6441172957420349,0.5854834914207458,-0.04818091168999672,0.6201651096343994,0.7136247754096985,-0.06956955045461655,0.6100981831550598,0.7878069877624512,-0.08093991875648499,0.6023901700973511,0.8497512936592102,-0.0883597806096077,0.6888808012008667,0.5891460180282593,-0.06340892612934113,0.6758501529693604,0.7306081056594849,-0.08563844859600067,0.6714051961898804,0.8161593675613403,-0.09898808598518372,0.6687210202217102,0.88373863697052,-0.10996010899543762,0.7378055453300476,0.5890185236930847,-0.07435337454080582,0.7295889258384705,0.7294268012046814,-0.09378429502248764,0.7278456687927246,0.817768931388855,-0.10761141777038574,0.7277172207832336,0.8823003768920898,-0.11763525754213333,0.7833325266838074,0.5849761962890625,-0.08219073712825775,0.7627286911010742,0.6913548111915588,-0.09668146073818207,0.7528420090675354,0.7391183376312256,-0.10142230242490768,0.7481624484062195,0.7723745703697205,-0.1047263815999031,M
0.0,0.0,0.0,0.0,0.0,0.0,0.0,0.0,0.0,0.0,0.0,0.0,0.0,0.0,0.0,0.0,0.0,0.0,0.0,0.0,0.0,0.0,0.0,0.0,0.0,0.0,0.0,0.0,0.0,0.0,0.0,0.0,0.0,0.0,0.0,0.0,0.0,0.0,0.0,0.0,0.0,0.0,0.0,0.0,0.0,0.0,0.0,0.0,0.0,0.0,0.0,0.0,0.0,0.0,0.0,0.0,0.0,0.0,0.0,0.0,0.0,0.0,0.0,0.7822873592376709,0.4111655652523041,2.1366734870298387e-07,0.7082791328430176,0.4601661264896393,0.006341115105897188,0.6704714894294739,0.5456237196922302,-0.003741909982636571,0.6770633459091187,0.6262926459312439,-0.013520005159080029,0.6988226771354675,0.6879333853721619,-0.02840499021112919,0.6456957459449768,0.5767741799354553,-0.05439593270421028,0.6226038336753845,0.7033756971359253,-0.07686041295528412,0.6122109889984131,0.77654629945755,-0.0886385440826416,0.6040791273117065,0.8382469415664673,-0.09611868858337402,0.6917111873626709,0.5772426128387451,-0.06884543597698212,0.6794092059135437,0.7215257883071899,-0.09321530163288116,0.6746708750724792,0.8067329525947571,-0.10654720664024353,0.6723929047584534,0.8739007711410522,-0.11716443300247192,0.7412440180778503,0.5759884715080261,-0.07855213433504105,0.7321702241897583,0.7211288213729858,-0.10105978697538376,0.7298253774642944,0.810394823551178,-0.11464134603738785,0.7303993105888367,0.8745208978652954,-0.12339106947183609,0.7866111397743225,0.5716471672058105,-0.08477449417114258,0.7631802558898926,0.6870636940002441,-0.10002738982439041,0.7538027763366699,0.7303128838539124,-0.10264432430267334,0.7514500021934509,0.7561095952987671,-0.10390838235616684,M
0.0,0.0,0.0,0.0,0.0,0.0,0.0,0.0,0.0,0.0,0.0,0.0,0.0,0.0,0.0,0.0,0.0,0.0,0.0,0.0,0.0,0.0,0.0,0.0,0.0,0.0,0.0,0.0,0.0,0.0,0.0,0.0,0.0,0.0,0.0,0.0,0.0,0.0,0.0,0.0,0.0,0.0,0.0,0.0,0.0,0.0,0.0,0.0,0.0,0.0,0.0,0.0,0.0,0.0,0.0,0.0,0.0,0.0,0.0,0.0,0.0,0.0,0.0,0.7778224945068359,0.41555070877075195,2.90878432451791e-07,0.7032014727592468,0.46729329228401184,0.0030571590177714825,0.6677859425544739,0.5536167025566101,-0.007792092394083738,0.680054783821106,0.633876383304596,-0.018139461055397987,0.7046090960502625,0.6933358311653137,-0.032861702144145966,0.6469148993492126,0.582531213760376,-0.05016157776117325,0.6207135915756226,0.7131469249725342,-0.07097328454256058,0.6088714003562927,0.7868601083755493,-0.0820135772228241,0.5996212959289551,0.8485571146011353,-0.08891112357378006,0.6919453740119934,0.5868837833404541,-0.062366943806409836,0.6768114566802979,0.7291404008865356,-0.08425633609294891,0.6729195713996887,0.813154935836792,-0.09688471257686615,0.6711851358413696,0.878689169883728,-0.10675670951604843,0.7400007843971252,0.5890893340110779,-0.07057362794876099,0.7301280498504639,0.7310692667961121,-0.08996500074863434,0.7273587584495544,0.8184179663658142,-0.1030953973531723,0.7267818450927734,0.8804945945739746,-0.11196297407150269,0.7832951545715332,0.5882620215415955,-0.07600349932909012,0.7610958814620972,0.6992120742797852,-0.0891144797205925,0.7513924837112427,0.741477370262146,-0.09162157773971558,0.748068630695343,0.7664268612861633,-0.09295547753572464,M
0.0,0.0,0.0,0.0,0.0,0.0,0.0,0.0,0.0,0.0,0.0,0.0,0.0,0.0,0.0,0.0,0.0,0.0,0.0,0.0,0.0,0.0,0.0,0.0,0.0,0.0,0.0,0.0,0.0,0.0,0.0,0.0,0.0,0.0,0.0,0.0,0.0,0.0,0.0,0.0,0.0,0.0,0.0,0.0,0.0,0.0,0.0,0.0,0.0,0.0,0.0,0.0,0.0,0.0,0.0,0.0,0.0,0.0,0.0,0.0,0.0,0.0,0.0,0.7791555523872375,0.4174307584762573,2.399160621280316e-07,0.7070895433425903,0.4689919948577881,0.007252514362335205,0.6710378527641296,0.553394079208374,-0.0023743014317005873,0.6806291937828064,0.6315787434577942,-0.012627637945115566,0.7037419676780701,0.6894165277481079,-0.027934836223721504,0.6459233164787292,0.5814206600189209,-0.048856187611818314,0.6210663914680481,0.7094033360481262,-0.07059689611196518,0.6104912757873535,0.7819052934646606,-0.08192703127861023,0.6029883623123169,0.8426212668418884,-0.08892165869474411,0.6901507377624512,0.5838449001312256,-0.06436461210250854,0.6746898889541626,0.7258211374282837,-0.08676204830408096,0.6697971224784851,0.8092224597930908,-0.09910460561513901,0.6673440933227539,0.8749250173568726,-0.10879995673894882,0.7386879324913025,0.5829178690910339,-0.07557909935712814,0.7291581630706787,0.7245521545410156,-0.0960964486002922,0.7269859910011292,0.8119258880615234,-0.10868864506483078,0.7270704507827759,0.8753494024276733,-0.11698496341705322,0.7843335866928101,0.5784085392951965,-0.08358512818813324,0.7626180052757263,0.690655529499054,-0.09803105145692825,0.7544096112251282,0.7333532571792603,-0.09985928982496262,0.7532525062561035,0.7586835622787476,-0.10051005333662033,M
0.0,0.0,0.0,0.0,0.0,0.0,0.0,0.0,0.0,0.0,0.0,0.0,0.0,0.0,0.0,0.0,0.0,0.0,0.0,0.0,0.0,0.0,0.0,0.0,0.0,0.0,0.0,0.0,0.0,0.0,0.0,0.0,0.0,0.0,0.0,0.0,0.0,0.0,0.0,0.0,0.0,0.0,0.0,0.0,0.0,0.0,0.0,0.0,0.0,0.0,0.0,0.0,0.0,0.0,0.0,0.0,0.0,0.0,0.0,0.0,0.0,0.0,0.0,0.7817366719245911,0.4161339998245239,2.6019807819466223e-07,0.7088097333908081,0.4648396968841553,0.004896293859928846,0.6702808737754822,0.5484524965286255,-0.0048439414240419865,0.6800437569618225,0.628397524356842,-0.014221393503248692,0.7021896243095398,0.6872798204421997,-0.0282966997474432,0.6439695358276367,0.5819472074508667,-0.049813997000455856,0.6211356520652771,0.7105242609977722,-0.07068449258804321,0.6102320551872253,0.7823914289474487,-0.08194856345653534,0.601703941822052,0.8421758413314819,-0.08909786492586136,0.6893812417984009,0.5826361775398254,-0.06344828009605408,0.6760869026184082,0.7240239381790161,-0.08600834757089615,0.6712716221809387,0.8082887530326843,-0.09963466227054596,0.668623685836792,0.8757237195968628,-0.11025095731019974,0.7384682893753052,0.5812338590621948,-0.07281925529241562,0.7316725850105286,0.7230482697486877,-0.0937604233622551,0.7286403775215149,0.8099468946456909,-0.10784260183572769,0.7273010015487671,0.8737046718597412,-0.11713558435440063,0.7835215330123901,0.5774540901184082,-0.0790582224726677,0.7625309824943542,0.6873353719711304,-0.09404666721820831,0.7537921667098999,0.7254546284675598,-0.09669645130634308,0.7510243654251099,0.7476523518562317,-0.09779471904039383,M
0.0,0.0,0.0,0.0,0.0,0.0,0.0,0.0,0.0,0.0,0.0,0.0,0.0,0.0,0.0,0.0,0.0,0.0,0.0,0.0,0.0,0.0,0.0,0.0,0.0,0.0,0.0,0.0,0.0,0.0,0.0,0.0,0.0,0.0,0.0,0.0,0.0,0.0,0.0,0.0,0.0,0.0,0.0,0.0,0.0,0.0,0.0,0.0,0.0,0.0,0.0,0.0,0.0,0.0,0.0,0.0,0.0,0.0,0.0,0.0,0.0,0.0,0.0,0.7724945545196533,0.4247905910015106,2.640844058987568e-07,0.6980363130569458,0.480325311422348,0.008979873731732368,0.6641532182693481,0.5658073425292969,0.0018334949854761362,0.673923909664154,0.640868604183197,-0.005921062547713518,0.6968451142311096,0.6981291770935059,-0.01809401996433735,0.6422581076622009,0.5976057052612305,-0.04359273239970207,0.6198046207427979,0.7242229580879211,-0.06270688027143478,0.6112679243087769,0.7982596158981323,-0.0724518820643425,0.6048953533172607,0.8607551455497742,-0.07863526791334152,0.6882370710372925,0.6038391590118408,-0.05769934877753258,0.6779659986495972,0.7427381277084351,-0.07976998388767242,0.6751874685287476,0.8265283107757568,-0.09270323067903519,0.6734819412231445,0.8928384184837341,-0.10248971730470657,0.7364243865013123,0.6055298447608948,-0.06733988225460052,0.7318441867828369,0.7439408898353577,-0.0864231139421463,0.7311055660247803,0.8300660252571106,-0.09962958842515945,0.7308300137519836,0.8923236131668091,-0.10833293944597244,0.779205322265625,0.6020323634147644,-0.07367897778749466,0.7596139311790466,0.7084161043167114,-0.08571251481771469,0.7487152218818665,0.7508665919303894,-0.08837535977363586,0.7422845959663391,0.7772702574729919,-0.08981060236692429,M
0.0,0.0,0.0,0.0,0.0,0.0,0.0,0.0,0.0,0.0,0.0,0.0,0.0,0.0,0.0,0.0,0.0,0.0,0.0,0.0,0.0,0.0,0.0,0.0,0.0,0.0,0.0,0.0,0.0,0.0,0.0,0.0,0.0,0.0,0.0,0.0,0.0,0.0,0.0,0.0,0.0,0.0,0.0,0.0,0.0,0.0,0.0,0.0,0.0,0.0,0.0,0.0,0.0,0.0,0.0,0.0,0.0,0.0,0.0,0.0,0.0,0.0,0.0,0.7726548314094543,0.4258672297000885,2.5704042627694434e-07,0.70054030418396,0.4811568856239319,0.007300514727830887,0.6643134355545044,0.5659477114677429,-0.0006316555663943291,0.6718997955322266,0.6419272422790527,-0.008537179790437222,0.6946250200271606,0.6997227072715759,-0.02090628258883953,0.6445997357368469,0.5981101989746094,-0.04838443920016289,0.621789813041687,0.7255814075469971,-0.06784170120954514,0.6125115752220154,0.7970722913742065,-0.07747078686952591,0.6057431697845459,0.8571276664733887,-0.0833413153886795,0.69025719165802,0.5976234674453735,-0.061826810240745544,0.6790484189987183,0.7392334342002869,-0.08348909020423889,0.675715446472168,0.8234098553657532,-0.09560326486825943,0.6742784380912781,0.8898975253105164,-0.10492052137851715,0.7387375235557556,0.5949592590332031,-0.07067104429006577,0.7343307733535767,0.7359285354614258,-0.09092922508716583,0.7332420945167542,0.8220846652984619,-0.1042431890964508,0.7330418825149536,0.8842747211456299,-0.11269494146108627,0.7826665639877319,0.5889742374420166,-0.07609392702579498,0.7615849375724792,0.6987976431846619,-0.08993739634752274,0.7527491450309753,0.7377476096153259,-0.09218644350767136,0.7506985068321228,0.7594277858734131,-0.09293212741613388,M
0.0,0.0,0.0,0.0,0.0,0.0,0.0,0.0,0.0,0.0,0.0,0.0,0.0,0.0,0.0,0.0,0.0,0.0,0.0,0.0,0.0,0.0,0.0,0.0,0.0,0.0,0.0,0.0,0.0,0.0,0.0,0.0,0.0,0.0,0.0,0.0,0.0,0.0,0.0,0.0,0.0,0.0,0.0,0.0,0.0,0.0,0.0,0.0,0.0,0.0,0.0,0.0,0.0,0.0,0.0,0.0,0.0,0.0,0.0,0.0,0.0,0.0,0.0,0.7746932506561279,0.42300814390182495,3.171938374180172e-07,0.6997879147529602,0.47578924894332886,0.0040878308936953545,0.6672532558441162,0.5628503561019897,-0.005793675780296326,0.6867691874504089,0.6437394618988037,-0.015046383254230022,0.7171474099159241,0.7006430625915527,-0.028766009956598282,0.6434287428855896,0.5909721851348877,-0.04859362915158272,0.6210689544677734,0.7187268733978271,-0.06711797416210175,0.612396776676178,0.7909539937973022,-0.07622337341308594,0.6053798794746399,0.8518792390823364,-0.08227473497390747,0.6898401975631714,0.5947122573852539,-0.06087388098239899,0.6786461472511292,0.7344462871551514,-0.08368172496557236,0.6745520234107971,0.8172531127929688,-0.09729976207017899,0.6711509227752686,0.8856658935546875,-0.10743174701929092,0.7382326126098633,0.5956943035125732,-0.06870304048061371,0.734779417514801,0.7360431551933289,-0.09090793877840042,0.732306718826294,0.8223098516464233,-0.10594522207975388,0.7317054867744446,0.8876463770866394,-0.11538378149271011,0.7804566025733948,0.5918543338775635,-0.07316114008426666,0.7568555474281311,0.6962513327598572,-0.08716673403978348,0.74501633644104,0.7237859964370728,-0.08868354558944702,0.7409408688545227,0.7357580661773682,-0.08925069123506546,M
0.0,0.0,0.0,0.0,0.0,0.0,0.0,0.0,0.0,0.0,0.0,0.0,0.0,0.0,0.0,0.0,0.0,0.0,0.0,0.0,0.0,0.0,0.0,0.0,0.0,0.0,0.0,0.0,0.0,0.0,0.0,0.0,0.0,0.0,0.0,0.0,0.0,0.0,0.0,0.0,0.0,0.0,0.0,0.0,0.0,0.0,0.0,0.0,0.0,0.0,0.0,0.0,0.0,0.0,0.0,0.0,0.0,0.0,0.0,0.0,0.0,0.0,0.0,0.7728985548019409,0.426457941532135,2.3314001396101958e-07,0.7019107937812805,0.47523659467697144,0.007078560534864664,0.6656304597854614,0.5598354935646057,-0.0014183304738253355,0.6718352437019348,0.6381199955940247,-0.009966228157281876,0.6933643817901611,0.6982904672622681,-0.023355459794402122,0.6423887014389038,0.5928396582603455,-0.04951769486069679,0.6182329654693604,0.7230308651924133,-0.06965430825948715,0.6072784066200256,0.7956076264381409,-0.07977034896612167,0.5990757942199707,0.8559765815734863,-0.0859622061252594,0.6864206790924072,0.5938851833343506,-0.06340312212705612,0.674788236618042,0.7386131286621094,-0.0851549506187439,0.6717379093170166,0.8228965997695923,-0.09724890440702438,0.6712121367454529,0.8876277208328247,-0.10666630417108536,0.7338287830352783,0.5922538042068481,-0.07271911948919296,0.7278569340705872,0.7376314401626587,-0.09322516620159149,0.7276780009269714,0.8261831402778625,-0.10658138990402222,0.729478657245636,0.8885457515716553,-0.1151994839310646,0.7773280739784241,0.5870293974876404,-0.07857871055603027,0.7571365833282471,0.7006303071975708,-0.09290829300880432,0.7492821216583252,0.7407865524291992,-0.0951811894774437,0.7481326460838318,0.7619302272796631,-0.09599418193101883,M
0.0,0.0,0.0,0.0,0.0,0.0,0.0,0.0,0.0,0.0,0.0,0.0,0.0,0.0,0.0,0.0,0.0,0.0,0.0,0.0,0.0,0.0,0.0,0.0,0.0,0.0,0.0,0.0,0.0,0.0,0.0,0.0,0.0,0.0,0.0,0.0,0.0,0.0,0.0,0.0,0.0,0.0,0.0,0.0,0.0,0.0,0.0,0.0,0.0,0.0,0.0,0.0,0.0,0.0,0.0,0.0,0.0,0.0,0.0,0.0,0.0,0.0,0.0,0.7711292505264282,0.42397886514663696,2.3176612273800856e-07,0.6992560625076294,0.4775405824184418,0.005292912945151329,0.6616501808166504,0.5635434985160828,-0.004350640345364809,0.6683263778686523,0.6417027115821838,-0.013726409524679184,0.6894723176956177,0.7020218372344971,-0.02778865396976471,0.6397213339805603,0.5944238305091858,-0.052033454179763794,0.6184823513031006,0.7198853492736816,-0.07486284524202347,0.6095820665359497,0.7915624976158142,-0.08737234771251678,0.6023879051208496,0.8516626358032227,-0.09533721208572388,0.6839851140975952,0.5929419994354248,-0.06589659303426743,0.6731928586959839,0.7336344122886658,-0.08978071808815002,0.6706140041351318,0.8193584084510803,-0.10465854406356812,0.6686984300613403,0.8879075646400452,-0.11664434522390366,0.732353687286377,0.5896473526954651,-0.07536085695028305,0.7275375127792358,0.730331301689148,-0.09745222330093384,0.7275540828704834,0.8194214105606079,-0.11335362493991852,0.728206992149353,0.8838161826133728,-0.12424638122320175,0.7774730920791626,0.58366858959198,-0.08156260848045349,0.7588353753089905,0.6921765804290771,-0.0978868380188942,0.7501100301742554,0.7371928095817566,-0.1033843606710434,0.7463946342468262,0.7663004994392395,-0.10698695480823517,M
0.0,0.0,0.0,0.0,0.0,0.0,0.0,0.0,0.0,0.0,0.0,0.0,0.0,0.0,0.0,0.0,0.0,0.0,0.0,0.0,0.0,0.0,0.0,0.0,0.0,0.0,0.0,0.0,0.0,0.0,0.0,0.0,0.0,0.0,0.0,0.0,0.0,0.0,0.0,0.0,0.0,0.0,0.0,0.0,0.0,0.0,0.0,0.0,0.0,0.0,0.0,0.0,0.0,0.0,0.0,0.0,0.0,0.0,0.0,0.0,0.0,0.0,0.0,0.76918625831604,0.42214342951774597,2.495503963473311e-07,0.6978354454040527,0.47627902030944824,0.004982606042176485,0.6628562211990356,0.5637120008468628,-0.004748328123241663,0.6723716855049133,0.6451278924942017,-0.014408981427550316,0.6954510807991028,0.7054775953292847,-0.028641587123274803,0.6403213143348694,0.5908191800117493,-0.04939347878098488,0.6172195672988892,0.7206707000732422,-0.0703306570649147,0.6070510149002075,0.7940191030502319,-0.0813867524266243,0.5992279052734375,0.855790913105011,-0.08842005580663681,0.6840787529945374,0.5914068222045898,-0.06307778507471085,0.6724064946174622,0.7353876829147339,-0.08552007377147675,0.669326901435852,0.8219393491744995,-0.09831582009792328,0.6682443022727966,0.8899534940719604,-0.10848543792963028,0.7319242358207703,0.5897058248519897,-0.07261428236961365,0.7272331118583679,0.7342719435691833,-0.0933966189622879,0.727074384689331,0.8232439160346985,-0.10676585137844086,0.7282699942588806,0.8868659138679504,-0.11562663316726685,0.7764809727668762,0.585247278213501,-0.07914227247238159,0.757713794708252,0.7001157402992249,-0.09420259296894073,0.7509995698928833,0.7426008582115173,-0.09706919640302658,0.7509959936141968,0.7667443752288818,-0.09842249006032944,M
0.0,0.0,0.0,0.0,0.0,0.0,0.0,0.0,0.0,0.0,0.0,0.0,0.0,0.0,0.0,0.0,0.0,0.0,0.0,0.0,0.0,0.0,0.0,0.0,0.0,0.0,0.0,0.0,0.0,0.0,0.0,0.0,0.0,0.0,0.0,0.0,0.0,0.0,0.0,0.0,0.0,0.0,0.0,0.0,0.0,0.0,0.0,0.0,0.0,0.0,0.0,0.0,0.0,0.0,0.0,0.0,0.0,0.0,0.0,0.0,0.0,0.0,0.0,0.7727305889129639,0.42353880405426025,2.2228837792681588e-07,0.7008304595947266,0.47761231660842896,0.0064932010136544704,0.6639281511306763,0.5613319277763367,-0.0034357337281107903,0.6697306036949158,0.6399884223937988,-0.013667221181094646,0.6876495480537415,0.7015237808227539,-0.02852768823504448,0.6386906504631042,0.5912982225418091,-0.04930735379457474,0.6167102456092834,0.7206882834434509,-0.0723336786031723,0.6066648364067078,0.793714165687561,-0.08470355719327927,0.5988026857376099,0.8540580868721008,-0.09223831444978714,0.6825029253959656,0.5924136638641357,-0.06423414498567581,0.6704586744308472,0.7369392514228821,-0.08808383345603943,0.6677256226539612,0.8229655623435974,-0.10144668817520142,0.6663649082183838,0.8889204859733582,-0.11187853664159775,0.7305739521980286,0.5911130905151367,-0.07508350908756256,0.7246723175048828,0.7341868877410889,-0.09642525762319565,0.7246524691581726,0.8228845596313477,-0.10970566421747208,0.7247244715690613,0.8845342993736267,-0.11849230527877808,0.7762295603752136,0.5872542262077332,-0.08285745233297348,0.7593200206756592,0.6995312571525574,-0.09865390509366989,0.7515047788619995,0.7465676665306091,-0.10253271460533142,0.7477519512176514,0.7754149436950684,-0.10448865592479706,M
0.0,0.0,0.0,0.0,0.0,0.0,0.0,0.0,0.0,0.0,0.0,0.0,0.0,0.0,0.0,0.0,0.0,0.0,0.0,0.0,0.0,0.0,0.0,0.0,0.0,0.0,0.0,0.0,0.0,0.0,0.0,0.0,0.0,0.0,0.0,0.0,0.0,0.0,0.0,0.0,0.0,0.0,0.0,0.0,0.0,0.0,0.0,0.0,0.0,0.0,0.0,0.0,0.0,0.0,0.0,0.0,0.0,0.0,0.0,0.0,0.0,0.0,0.0,0.7734739780426025,0.42582881450653076,2.2269639998739876e-07,0.6998323798179626,0.47765105962753296,0.007147639989852905,0.6636201739311218,0.5616711974143982,-0.002229712437838316,0.6708998084068298,0.6380802392959595,-0.011835213750600815,0.6920252442359924,0.6978050470352173,-0.026334811002016068,0.6390525698661804,0.5928052663803101,-0.050922684371471405,0.6165503859519958,0.7209370136260986,-0.07339286059141159,0.6065319776535034,0.7938842177391052,-0.08554691076278687,0.5984194874763489,0.8548785448074341,-0.09323641657829285,0.6840653419494629,0.5945022702217102,-0.0658450722694397,0.6723818778991699,0.7362337112426758,-0.0896177887916565,0.6698572635650635,0.8216008543968201,-0.10352768003940582,0.6690215468406677,0.8878968954086304,-0.11456196010112762,0.7327044010162354,0.5923289656639099,-0.07623440772294998,0.7262279987335205,0.7337599992752075,-0.09806989878416061,0.7268863916397095,0.8230478763580322,-0.1123490110039711,0.7292134165763855,0.8859512209892273,-0.12175709009170532,0.7771194577217102,0.5854699611663818,-0.08325259387493134,0.757919192314148,0.6986363530158997,-0.09869956970214844,0.7509592771530151,0.7422657012939453,-0.10196483880281448,0.7501513361930847,0.7674530744552612,-0.1036679744720459,M
0.0,0.0,0.0,0.0,0.0,0.0,0.0,0.0,0.0,0.0,0.0,0.0,0.0,0.0,0.0,0.0,0.0,0.0,0.0,0.0,0.0,0.0,0.0,0.0,0.0,0.0,0.0,0.0,0.0,0.0,0.0,0.0,0.0,0.0,0.0,0.0,0.0,0.0,0.0,0.0,0.0,0.0,0.0,0.0,0.0,0.0,0.0,0.0,0.0,0.0,0.0,0.0,0.0,0.0,0.0,0.0,0.0,0.0,0.0,0.0,0.0,0.0,0.0,0.7737711071968079,0.42919597029685974,2.591084466985194e-07,0.6997467875480652,0.481131911277771,0.008220895193517208,0.6658282279968262,0.5679454803466797,-0.0010097839403897524,0.6821169853210449,0.6487275958061218,-0.010325306095182896,0.7132000923156738,0.7074695229530334,-0.024950439110398293,0.6393189430236816,0.5931738018989563,-0.04813620448112488,0.6175816655158997,0.7244616150856018,-0.06648166477680206,0.6080843806266785,0.7973601818084717,-0.07545453310012817,0.6000673770904541,0.8574765920639038,-0.08130515366792679,0.6861640810966492,0.5973127484321594,-0.0630936324596405,0.6751552224159241,0.7427282333374023,-0.08334516733884811,0.6712136268615723,0.8251127600669861,-0.09489522874355316,0.669010579586029,0.8893536329269409,-0.10437852144241333,0.7355350852012634,0.5976753830909729,-0.07331252098083496,0.7292982339859009,0.7445955872535706,-0.09314029663801193,0.7291759252548218,0.8326845169067383,-0.10652749240398407,0.7310950756072998,0.8963534832000732,-0.11580011248588562,0.780229926109314,0.5934988856315613,-0.07986085116863251,0.7559100389480591,0.703991174697876,-0.09295038133859634,0.7462390661239624,0.730814516544342,-0.09348151832818985,0.7438002228736877,0.7413055896759033,-0.09375270456075668,M
0.0,0.0,0.0,0.0,0.0,0.0,0.0,0.0,0.0,0.0,0.0,0.0,0.0,0.0,0.0,0.0,0.0,0.0,0.0,0.0,0.0,0.0,0.0,0.0,0.0,0.0,0.0,0.0,0.0,0.0,0.0,0.0,0.0,0.0,0.0,0.0,0.0,0.0,0.0,0.0,0.0,0.0,0.0,0.0,0.0,0.0,0.0,0.0,0.0,0.0,0.0,0.0,0.0,0.0,0.0,0.0,0.0,0.0,0.0,0.0,0.0,0.0,0.0,0.773414134979248,0.42833811044692993,2.3294991535749432e-07,0.7016254663467407,0.4815448522567749,0.005238939076662064,0.6640934348106384,0.5668497681617737,-0.0044715385884046555,0.6706071496009827,0.6460577845573425,-0.01429183129221201,0.6901631951332092,0.7072207927703857,-0.028847642242908478,0.6405628323554993,0.5973786115646362,-0.049464888870716095,0.6180406212806702,0.7243566513061523,-0.07171277701854706,0.6083544492721558,0.7968315482139587,-0.08409930020570755,0.6005070805549622,0.8584325313568115,-0.09205146133899689,0.6849794983863831,0.5966579914093018,-0.06371567398309708,0.6740983724594116,0.7369178533554077,-0.08742543309926987,0.6701816916465759,0.8229357004165649,-0.1019807830452919,0.6687154769897461,0.8911355137825012,-0.11358242481946945,0.7333201169967651,0.5937029123306274,-0.07382195442914963,0.7285077571868896,0.7366716265678406,-0.09548289328813553,0.7290204167366028,0.825730562210083,-0.10987138748168945,0.7304327487945557,0.8898987174034119,-0.11960483342409134,0.7786332368850708,0.5890489816665649,-0.08086004853248596,0.7628525495529175,0.7009202837944031,-0.0971718356013298,0.7549227476119995,0.7451503276824951,-0.10160856693983078,0.7514671087265015,0.7727189660072327,-0.10404457896947861,M
0.0,0.0,0.0,0.0,0.0,0.0,0.0,0.0,0.0,0.0,0.0,0.0,0.0,0.0,0.0,0.0,0.0,0.0,0.0,0.0,0.0,0.0,0.0,0.0,0.0,0.0,0.0,0.0,0.0,0.0,0.0,0.0,0.0,0.0,0.0,0.0,0.0,0.0,0.0,0.0,0.0,0.0,0.0,0.0,0.0,0.0,0.0,0.0,0.0,0.0,0.0,0.0,0.0,0.0,0.0,0.0,0.0,0.0,0.0,0.0,0.0,0.0,0.0,0.7808087468147278,0.41870832443237305,1.9244993154643453e-07,0.7078834772109985,0.47021931409835815,0.005038762930780649,0.6719387769699097,0.5590054988861084,-0.004596352111548185,0.6827037334442139,0.644298791885376,-0.014033197425305843,0.7057397961616516,0.7053128480911255,-0.028528844937682152,0.6462664008140564,0.5871083736419678,-0.048755399882793427,0.6249293088912964,0.712413489818573,-0.06943173706531525,0.6154809594154358,0.7853190898895264,-0.08045288920402527,0.6075511574745178,0.8460023403167725,-0.0879376158118248,0.6900479197502136,0.5866982936859131,-0.06259872019290924,0.6819052696228027,0.7302052974700928,-0.08391126245260239,0.6800384521484375,0.8157987594604492,-0.09631408005952835,0.6790143847465515,0.8824687004089355,-0.10685200989246368,0.738678514957428,0.5831406712532043,-0.07231714576482773,0.7346484065055847,0.7266457080841064,-0.0920112207531929,0.7357462644577026,0.8145725727081299,-0.10458005219697952,0.737891674041748,0.8771489858627319,-0.11359816789627075,0.7851541042327881,0.5768179893493652,-0.07907595485448837,0.7705202102661133,0.6863168478012085,-0.09386450052261353,0.7639193534851074,0.7308073043823242,-0.09738802164793015,0.7620918154716492,0.7586912512779236,-0.09967654943466187,M
0.0,0.0,0.0,0.0,0.0,0.0,0.0,0.0,0.0,0.0,0.0,0.0,0.0,0.0,0.0,0.0,0.0,0.0,0.0,0.0,0.0,0.0,0.0,0.0,0.0,0.0,0.0,0.0,0.0,0.0,0.0,0.0,0.0,0.0,0.0,0.0,0.0,0.0,0.0,0.0,0.0,0.0,0.0,0.0,0.0,0.0,0.0,0.0,0.0,0.0,0.0,0.0,0.0,0.0,0.0,0.0,0.0,0.0,0.0,0.0,0.0,0.0,0.0,0.7875250577926636,0.4069509506225586,2.1899758451127127e-07,0.7124514579772949,0.4576132893562317,0.004292438272386789,0.6743755340576172,0.5432047247886658,-0.00527284387499094,0.6795559525489807,0.6239867806434631,-0.01435262244194746,0.698310375213623,0.6859756112098694,-0.02816224843263626,0.6507384777069092,0.5763391852378845,-0.05192987248301506,0.6298782825469971,0.7010989189147949,-0.07459325343370438,0.6207953691482544,0.7736912965774536,-0.08759644627571106,0.6131816506385803,0.8356442451477051,-0.09627512842416763,0.6970334053039551,0.5781004428863525,-0.06529095023870468,0.6876740455627441,0.716824471950531,-0.09019447863101959,0.6842432618141174,0.8020443320274353,-0.10608610510826111,0.6819722056388855,0.8712336421012878,-0.11866350471973419,0.7463910579681396,0.5768171548843384,-0.07423486560583115,0.7409452199935913,0.7157576680183411,-0.09670469909906387,0.7391092777252197,0.8036258220672607,-0.11211724579334259,0.7390626668930054,0.8682641983032227,-0.12252403795719147,0.7913045883178711,0.5720446109771729,-0.08007710427045822,0.7728514671325684,0.6793298125267029,-0.09649937599897385,0.7630114555358887,0.7238780856132507,-0.1015249714255333,0.7579163312911987,0.7534209489822388,-0.10453447699546814,M
0.0,0.0,0.0,0.0,0.0,0.0,0.0,0.0,0.0,0.0,0.0,0.0,0.0,0.0,0.0,0.0,0.0,0.0,0.0,0.0,0.0,0.0,0.0,0.0,0.0,0.0,0.0,0.0,0.0,0.0,0.0,0.0,0.0,0.0,0.0,0.0,0.0,0.0,0.0,0.0,0.0,0.0,0.0,0.0,0.0,0.0,0.0,0.0,0.0,0.0,0.0,0.0,0.0,0.0,0.0,0.0,0.0,0.0,0.0,0.0,0.0,0.0,0.0,0.7894871234893799,0.39953190088272095,2.3715679731139971e-07,0.7162583470344543,0.44939354062080383,0.00689723389223218,0.6768417358398438,0.5334439873695374,-0.001433203462511301,0.6797033548355103,0.6110703349113464,-0.010136168450117111,0.696823000907898,0.6719810366630554,-0.023724569007754326,0.6520759463310242,0.5700274109840393,-0.047390591353178024,0.6280123591423035,0.6983545422554016,-0.06933889538049698,0.616737425327301,0.7721027135848999,-0.08155682682991028,0.6087731122970581,0.8337932825088501,-0.08917520940303802,0.6963993906974792,0.5726355910301208,-0.06211959198117256,0.6829864978790283,0.7172041535377502,-0.08449947834014893,0.6799356341362,0.8049911856651306,-0.09799983352422714,0.6794360876083374,0.8737443685531616,-0.10863586515188217,0.7452262043952942,0.5719581842422485,-0.07268833369016647,0.73673015832901,0.7139872312545776,-0.09341665357351303,0.7360357642173767,0.8029914498329163,-0.10766906291246414,0.7365251779556274,0.8662045001983643,-0.11725501716136932,0.7918978333473206,0.5679010152816772,-0.08004909008741379,0.7728886604309082,0.6765973567962646,-0.09584130346775055,0.763637363910675,0.720879852771759,-0.10013161599636078,0.7587271332740784,0.7483705282211304,-0.10239709913730621,M
0.0,0.0,0.0,0.0,0.0,0.0,0.0,0.0,0.0,0.0,0.0,0.0,0.0,0.0,0.0,0.0,0.0,0.0,0.0,0.0,0.0,0.0,0.0,0.0,0.0,0.0,0.0,0.0,0.0,0.0,0.0,0.0,0.0,0.0,0.0,0.0,0.0,0.0,0.0,0.0,0.0,0.0,0.0,0.0,0.0,0.0,0.0,0.0,0.0,0.0,0.0,0.0,0.0,0.0,0.0,0.0,0.0,0.0,0.0,0.0,0.0,0.0,0.0,0.783290445804596,0.4107517600059509,2.4218101657424995e-07,0.7096186280250549,0.46312275528907776,0.005356387700885534,0.6730064153671265,0.5488002896308899,-0.0045850034803152084,0.6805130839347839,0.630486249923706,-0.014856241643428802,0.7006999850273132,0.6916991472244263,-0.030407384037971497,0.6503061652183533,0.5753628611564636,-0.05005800351500511,0.6265260577201843,0.7041122913360596,-0.07275837659835815,0.6152803897857666,0.7784249782562256,-0.08588351309299469,0.606553316116333,0.8404898047447205,-0.0946553647518158,0.694189190864563,0.5794748067855835,-0.06498010456562042,0.6805647611618042,0.723487138748169,-0.08610368520021439,0.6773523688316345,0.8103340268135071,-0.10018129646778107,0.6755172610282898,0.8787497282028198,-0.1123899593949318,0.7430364489555359,0.5794071555137634,-0.07582122832536697,0.733852207660675,0.7199901938438416,-0.09476346522569656,0.7327101826667786,0.8091678619384766,-0.11001177132129669,0.7329328060150146,0.8736758828163147,-0.12185315787792206,0.7899355292320251,0.5749294757843018,-0.08371123671531677,0.7728193402290344,0.6790482997894287,-0.0991520881652832,0.766221821308136,0.726054847240448,-0.10485291481018066,0.7643918395042419,0.758325457572937,-0.10916399955749512,M
0.0,0.0,0.0,0.0,0.0,0.0,0.0,0.0,0.0,0.0,0.0,0.0,0.0,0.0,0.0,0.0,0.0,0.0,0.0,0.0,0.0,0.0,0.0,0.0,0.0,0.0,0.0,0.0,0.0,0.0,0.0,0.0,0.0,0.0,0.0,0.0,0.0,0.0,0.0,0.0,0.0,0.0,0.0,0.0,0.0,0.0,0.0,0.0,0.0,0.0,0.0,0.0,0.0,0.0,0.0,0.0,0.0,0.0,0.0,0.0,0.0,0.0,0.0,0.7865566611289978,0.40708041191101074,2.3434586182702333e-07,0.7112969160079956,0.45942577719688416,0.004907591734081507,0.6736253499984741,0.5468083620071411,-0.00457528792321682,0.679896891117096,0.6282405257225037,-0.013932307250797749,0.698018491268158,0.6902369260787964,-0.02796025760471821,0.6489743590354919,0.5759593844413757,-0.050324417650699615,0.6268591284751892,0.70269775390625,-0.07256131619215012,0.6164494156837463,0.7763496041297913,-0.08509006351232529,0.6079234480857849,0.8385724425315857,-0.09320881962776184,0.6951293349266052,0.5772122144699097,-0.06420363485813141,0.6824302673339844,0.7195701599121094,-0.08734463900327682,0.67646723985672,0.8068640828132629,-0.10181532800197601,0.6726164817810059,0.8765588998794556,-0.11355080455541611,0.7450480461120605,0.5765699148178101,-0.07388866692781448,0.73837810754776,0.7194250226020813,-0.09498182684183121,0.7357467412948608,0.8077661395072937,-0.10925605148077011,0.7350438237190247,0.871791660785675,-0.11897021532058716,0.7907213568687439,0.5732751488685608,-0.0805874839425087,0.7715458273887634,0.6845174431800842,-0.09636815637350082,0.7624264359474182,0.7299206256866455,-0.10063584893941879,0.7588368654251099,0.7590474486351013,-0.10303755849599838,M
0.0,0.0,0.0,0.0,0.0,0.0,0.0,0.0,0.0,0.0,0.0,0.0,0.0,0.0,0.0,0.0,0.0,0.0,0.0,0.0,0.0,0.0,0.0,0.0,0.0,0.0,0.0,0.0,0.0,0.0,0.0,0.0,0.0,0.0,0.0,0.0,0.0,0.0,0.0,0.0,0.0,0.0,0.0,0.0,0.0,0.0,0.0,0.0,0.0,0.0,0.0,0.0,0.0,0.0,0.0,0.0,0.0,0.0,0.0,0.0,0.0,0.0,0.0,0.7903525233268738,0.39973676204681396,2.2892915296779393e-07,0.7132893800735474,0.4515760838985443,0.007147777359932661,0.677570104598999,0.5427979826927185,-0.000989843625575304,0.6909776329994202,0.6281131505966187,-0.009393393062055111,0.7157651782035828,0.6905266642570496,-0.022767161950469017,0.6521019339561462,0.5694701075553894,-0.047491926699876785,0.6280906796455383,0.6953732371330261,-0.06846193224191666,0.6174750328063965,0.7691757082939148,-0.08027752488851547,0.6086103320121765,0.8320929408073425,-0.08828771859407425,0.6981574892997742,0.5744134187698364,-0.061699412763118744,0.684607744216919,0.7149502635002136,-0.08382902294397354,0.6791220903396606,0.8015141487121582,-0.098056860268116,0.6753429174423218,0.8713839650154114,-0.10980680584907532,0.747191309928894,0.5758309960365295,-0.07138945162296295,0.7382693290710449,0.716724157333374,-0.09094105660915375,0.7362170815467834,0.8051998615264893,-0.10479116439819336,0.7359294891357422,0.8694593906402588,-0.11449290812015533,0.7923193573951721,0.5729461312294006,-0.07790090143680573,0.7725012898445129,0.6825114488601685,-0.09154567122459412,0.763626217842102,0.7278748750686646,-0.09509091824293137,0.7600205540657043,0.7561667561531067,-0.0973813384771347,M
0.0,0.0,0.0,0.0,0.0,0.0,0.0,0.0,0.0,0.0,0.0,0.0,0.0,0.0,0.0,0.0,0.0,0.0,0.0,0.0,0.0,0.0,0.0,0.0,0.0,0.0,0.0,0.0,0.0,0.0,0.0,0.0,0.0,0.0,0.0,0.0,0.0,0.0,0.0,0.0,0.0,0.0,0.0,0.0,0.0,0.0,0.0,0.0,0.0,0.0,0.0,0.0,0.0,0.0,0.0,0.0,0.0,0.0,0.0,0.0,0.0,0.0,0.0,0.7921010255813599,0.39740437269210815,2.559762890541606e-07,0.7176491022109985,0.44826561212539673,0.004645644221454859,0.6812098622322083,0.5356770157814026,-0.0056119938381016254,0.6940411329269409,0.6179642081260681,-0.016173653304576874,0.7179169654846191,0.6795059442520142,-0.031590063124895096,0.6542840003967285,0.5652509331703186,-0.04825229197740555,0.6290102005004883,0.6942225694656372,-0.07041919231414795,0.6176943778991699,0.7685470581054688,-0.08302083611488342,0.6095355153083801,0.8306533694267273,-0.09143763780593872,0.6998910307884216,0.5717329382896423,-0.06276746839284897,0.6855224967002869,0.7147188782691956,-0.08560789376497269,0.6827740669250488,0.8009130358695984,-0.10033668577671051,0.6817833185195923,0.8700048923492432,-0.11222205311059952,0.7495208382606506,0.5739463567733765,-0.0733274295926094,0.7389978170394897,0.7115405797958374,-0.09409572184085846,0.7367070913314819,0.800177812576294,-0.1093926727771759,0.7368155717849731,0.8655784130096436,-0.12022241204977036,0.7957438826560974,0.5715466141700745,-0.08095239102840424,0.7735600471496582,0.676034688949585,-0.09632082283496857,0.7654523253440857,0.7206807732582092,-0.10084056854248047,0.7638399600982666,0.7498392462730408,-0.1038430854678154,M
0.0,0.0,0.0,0.0,0.0,0.0,0.0,0.0,0.0,0.0,0.0,0.0,0.0,0.0,0.0,0.0,0.0,0.0,0.0,0.0,0.0,0.0,0.0,0.0,0.0,0.0,0.0,0.0,0.0,0.0,0.0,0.0,0.0,0.0,0.0,0.0,0.0,0.0,0.0,0.0,0.0,0.0,0.0,0.0,0.0,0.0,0.0,0.0,0.0,0.0,0.0,0.0,0.0,0.0,0.0,0.0,0.0,0.0,0.0,0.0,0.0,0.0,0.0,0.7903379201889038,0.39747652411460876,2.6582523560136906e-07,0.7165704965591431,0.44944635033607483,0.004918406717479229,0.678584635257721,0.5351952910423279,-0.005623044911772013,0.686403751373291,0.6166751980781555,-0.015651753172278404,0.7090703248977661,0.677306592464447,-0.031070435419678688,0.6528518795967102,0.5668758153915405,-0.05281027406454086,0.6286043524742126,0.6968679428100586,-0.07318832725286484,0.6177957653999329,0.7705281972885132,-0.08367922902107239,0.6097592115402222,0.8330844640731812,-0.09061010181903839,0.6998698711395264,0.5694981813430786,-0.06683601438999176,0.6859044432640076,0.7160922288894653,-0.08986829221248627,0.6810758709907532,0.8027358055114746,-0.10316155105829239,0.6782311797142029,0.8722735047340393,-0.1136014387011528,0.7508525848388672,0.5694274306297302,-0.0762682557106018,0.7417377233505249,0.7154214382171631,-0.09789789468050003,0.7364109754562378,0.804746150970459,-0.11206210404634476,0.733814537525177,0.8698841333389282,-0.12150751799345016,0.7978358864784241,0.5656743049621582,-0.08237064629793167,0.7740849852561951,0.6791586875915527,-0.09729893505573273,0.7625831365585327,0.7148681879043579,-0.09932717680931091,0.7575531601905823,0.733371376991272,-0.10032495111227036,M
0.0,0.0,0.0,0.0,0.0,0.0,0.0,0.0,0.0,0.0,0.0,0.0,0.0,0.0,0.0,0.0,0.0,0.0,0.0,0.0,0.0,0.0,0.0,0.0,0.0,0.0,0.0,0.0,0.0,0.0,0.0,0.0,0.0,0.0,0.0,0.0,0.0,0.0,0.0,0.0,0.0,0.0,0.0,0.0,0.0,0.0,0.0,0.0,0.0,0.0,0.0,0.0,0.0,0.0,0.0,0.0,0.0,0.0,0.0,0.0,0.0,0.0,0.0,0.7941554188728333,0.40168800950050354,2.001061290002326e-07,0.7176080346107483,0.4504204988479614,0.00605360884219408,0.6785916686058044,0.5364738702774048,-0.003070804988965392,0.6824477910995483,0.6183937191963196,-0.012238258495926857,0.6996826529502869,0.6805644631385803,-0.026632079854607582,0.6528752446174622,0.5663567781448364,-0.05046163126826286,0.628966748714447,0.695449709892273,-0.07215570658445358,0.6180033683776855,0.7696826457977295,-0.0840969830751419,0.6089488863945007,0.8320015668869019,-0.0920696035027504,0.6987985968589783,0.5687006711959839,-0.06484974920749664,0.6857120990753174,0.7144845128059387,-0.08734213560819626,0.6799980998039246,0.802453339099884,-0.10141411423683167,0.6756085753440857,0.8725066184997559,-0.11317189782857895,0.7487163543701172,0.5683854222297668,-0.07485055923461914,0.7405025362968445,0.7124975919723511,-0.0951833724975586,0.7375203967094421,0.801659107208252,-0.10941557586193085,0.7358669638633728,0.8664159774780273,-0.11965154856443405,0.7955671548843384,0.5641337037086487,-0.08171994239091873,0.7775248289108276,0.6749271750450134,-0.09704843163490295,0.7687854766845703,0.7200979590415955,-0.10142576694488525,0.7643786072731018,0.7501063942909241,-0.1043763980269432,M
0.0,0.0,0.0,0.0,0.0,0.0,0.0,0.0,0.0,0.0,0.0,0.0,0.0,0.0,0.0,0.0,0.0,0.0,0.0,0.0,0.0,0.0,0.0,0.0,0.0,0.0,0.0,0.0,0.0,0.0,0.0,0.0,0.0,0.0,0.0,0.0,0.0,0.0,0.0,0.0,0.0,0.0,0.0,0.0,0.0,0.0,0.0,0.0,0.0,0.0,0.0,0.0,0.0,0.0,0.0,0.0,0.0,0.0,0.0,0.0,0.0,0.0,0.0,0.7966870069503784,0.396445631980896,2.2295233748081955e-07,0.7204224467277527,0.4462388753890991,0.007319876458495855,0.6819814443588257,0.5313557386398315,-0.00030044675804674625,0.6873093247413635,0.6109129786491394,-0.008253270760178566,0.7050803303718567,0.6727572083473206,-0.02071208879351616,0.655495822429657,0.56382155418396,-0.04494954273104668,0.6310643553733826,0.6920599937438965,-0.06541141867637634,0.6205348968505859,0.7666606307029724,-0.07683659344911575,0.6119738221168518,0.8285218477249146,-0.08433752506971359,0.7010762095451355,0.5708653926849365,-0.05936559662222862,0.6863433718681335,0.7147036790847778,-0.08075608313083649,0.6805723309516907,0.8012511730194092,-0.09454381465911865,0.6760983467102051,0.8694871068000793,-0.10555648058652878,0.750268816947937,0.5727522969245911,-0.06951279193162918,0.7412557601928711,0.7135106325149536,-0.08858595788478851,0.7384379506111145,0.8015905022621155,-0.10277923941612244,0.7368744611740112,0.8653640747070312,-0.11272330582141876,0.7953969240188599,0.5683807134628296,-0.07656391710042953,0.776383101940155,0.6741886138916016,-0.09041979908943176,0.7688842415809631,0.7176092267036438,-0.09397760778665543,0.7665755152702332,0.7451850771903992,-0.0960061177611351,M
0.0,0.0,0.0,0.0,0.0,0.0,0.0,0.0,0.0,0.0,0.0,0.0,0.0,0.0,0.0,0.0,0.0,0.0,0.0,0.0,0.0,0.0,0.0,0.0,0.0,0.0,0.0,0.0,0.0,0.0,0.0,0.0,0.0,0.0,0.0,0.0,0.0,0.0,0.0,0.0,0.0,0.0,0.0,0.0,0.0,0.0,0.0,0.0,0.0,0.0,0.0,0.0,0.0,0.0,0.0,0.0,0.0,0.0,0.0,0.0,0.0,0.0,0.0,0.8014463186264038,0.39398038387298584,1.8807247670338256e-07,0.7224445939064026,0.44106000661849976,0.007833046838641167,0.6838439702987671,0.5307632684707642,0.00012589128164108843,0.6950837969779968,0.6169868111610413,-0.00794485118240118,0.7190410494804382,0.6810910105705261,-0.0209074467420578,0.6567850708961487,0.5550726652145386,-0.045123301446437836,0.6327691078186035,0.6845681667327881,-0.06457050144672394,0.6224743723869324,0.7598666548728943,-0.07505480200052261,0.6140893697738647,0.8226918578147888,-0.08210370689630508,0.7032076716423035,0.5624933242797852,-0.05929025262594223,0.6893566250801086,0.7100337743759155,-0.07888171821832657,0.684251606464386,0.7963944673538208,-0.09127882122993469,0.6805543303489685,0.8651376962661743,-0.10193906724452972,0.7524150013923645,0.567225992679596,-0.06908803433179855,0.742729902267456,0.7109683156013489,-0.08628799021244049,0.7393203973770142,0.7976292371749878,-0.09901729226112366,0.738422155380249,0.8605138063430786,-0.10836558789014816,0.7967015504837036,0.5677444338798523,-0.07580749690532684,0.7757096886634827,0.6784104704856873,-0.08759670704603195,0.7663784027099609,0.7248339056968689,-0.09056621789932251,0.762697160243988,0.7554471492767334,-0.09277139604091644,M
0.0,0.0,0.0,0.0,0.0,0.0,0.0,0.0,0.0,0.0,0.0,0.0,0.0,0.0,0.0,0.0,0.0,0.0,0.0,0.0,0.0,0.0,0.0,0.0,0.0,0.0,0.0,0.0,0.0,0.0,0.0,0.0,0.0,0.0,0.0,0.0,0.0,0.0,0.0,0.0,0.0,0.0,0.0,0.0,0.0,0.0,0.0,0.0,0.0,0.0,0.0,0.0,0.0,0.0,0.0,0.0,0.0,0.0,0.0,0.0,0.0,0.0,0.0,0.8003137111663818,0.39406126737594604,2.332547239802807e-07,0.7249116897583008,0.4415655732154846,0.005828239023685455,0.6851813793182373,0.5274784564971924,-0.002677320269867778,0.692732572555542,0.6118082404136658,-0.011127348057925701,0.7139869332313538,0.6745087504386902,-0.0245223306119442,0.6588151454925537,0.5570563673973083,-0.047230083495378494,0.6327436566352844,0.6868125200271606,-0.06732186675071716,0.6217010021209717,0.760676920413971,-0.07800307124853134,0.6129683256149292,0.8223580121994019,-0.08500988781452179,0.7041756510734558,0.5601557493209839,-0.06116315722465515,0.688249409198761,0.7068967819213867,-0.08205942809581757,0.6817265152931213,0.7942395210266113,-0.09548258781433105,0.6774525046348572,0.8634706735610962,-0.10655643790960312,0.7535805702209473,0.5607364773750305,-0.07092165946960449,0.7436072826385498,0.7055320739746094,-0.09076719731092453,0.7391923666000366,0.7953583002090454,-0.10584169626235962,0.736946165561676,0.8603127002716064,-0.11640724539756775,0.7999395132064819,0.5582515001296997,-0.07749903947114944,0.7785402536392212,0.6693350076675415,-0.09280716627836227,0.7695647478103638,0.7122915387153625,-0.0973757654428482,0.7664998173713684,0.7392838001251221,-0.10025078803300858,M
0.0,0.0,0.0,0.0,0.0,0.0,0.0,0.0,0.0,0.0,0.0,0.0,0.0,0.0,0.0,0.0,0.0,0.0,0.0,0.0,0.0,0.0,0.0,0.0,0.0,0.0,0.0,0.0,0.0,0.0,0.0,0.0,0.0,0.0,0.0,0.0,0.0,0.0,0.0,0.0,0.0,0.0,0.0,0.0,0.0,0.0,0.0,0.0,0.0,0.0,0.0,0.0,0.0,0.0,0.0,0.0,0.0,0.0,0.0,0.0,0.0,0.0,0.0,0.7985938191413879,0.394107460975647,2.3766196477481571e-07,0.7244825959205627,0.4425203800201416,0.007239156868308783,0.6860673427581787,0.5272467136383057,-0.0023853785824030638,0.6922247409820557,0.60783451795578,-0.012280008755624294,0.7132373452186584,0.6682979464530945,-0.0275996383279562,0.6576589345932007,0.5593135356903076,-0.0516115203499794,0.6326706409454346,0.6891881227493286,-0.07344894111156464,0.6210294365882874,0.7631123065948486,-0.08495454490184784,0.6117411851882935,0.8247291445732117,-0.09246394038200378,0.7038267850875854,0.5626218318939209,-0.06693162769079208,0.6888104677200317,0.711207926273346,-0.0900537371635437,0.6833466291427612,0.7993901968002319,-0.10420271009206772,0.6797150373458862,0.8693000078201294,-0.11562233418226242,0.7540556788444519,0.5629031658172607,-0.07751425355672836,0.7439689636230469,0.707463264465332,-0.09805219620466232,0.7399429082870483,0.7970303893089294,-0.11246000975370407,0.7379299402236938,0.8615360856056213,-0.12249884754419327,0.8010625839233398,0.5590687394142151,-0.08473760634660721,0.780280351638794,0.6704162955284119,-0.09946635365486145,0.7703048586845398,0.7165189981460571,-0.10333682596683502,0.7651500105857849,0.7464639544487,-0.10587242245674133,M
0.0,0.0,0.0,0.0,0.0,0.0,0.0,0.0,0.0,0.0,0.0,0.0,0.0,0.0,0.0,0.0,0.0,0.0,0.0,0.0,0.0,0.0,0.0,0.0,0.0,0.0,0.0,0.0,0.0,0.0,0.0,0.0,0.0,0.0,0.0,0.0,0.0,0.0,0.0,0.0,0.0,0.0,0.0,0.0,0.0,0.0,0.0,0.0,0.0,0.0,0.0,0.0,0.0,0.0,0.0,0.0,0.0,0.0,0.0,0.0,0.0,0.0,0.0,0.8516033291816711,0.2031741887331009,2.804769962949649e-07,0.7766760587692261,0.2620445489883423,-0.008310978300869465,0.7442903518676758,0.374294638633728,-0.028884755447506905,0.7671933770179749,0.47653815150260925,-0.04524443671107292,0.79916912317276,0.5438611507415771,-0.06405992805957794,0.718788743019104,0.36598461866378784,-0.0815257579088211,0.6961380243301392,0.5101099610328674,-0.10604321211576462,0.6890003681182861,0.5919555425643921,-0.11581204831600189,0.683731734752655,0.6595152616500854,-0.12129108607769012,0.7774348258972168,0.35940560698509216,-0.08787073194980621,0.7810898423194885,0.5190994143486023,-0.11208166182041168,0.7875038981437683,0.615415632724762,-0.11728839576244354,0.7947894930839539,0.6828128695487976,-0.12273269146680832,0.8332619667053223,0.3594497740268707,-0.08862412720918655,0.8170145153999329,0.5199477672576904,-0.1058313176035881,0.7964228987693787,0.5449560880661011,-0.09563939273357391,0.7867892980575562,0.538055419921875,-0.08694085478782654,0.8801080584526062,0.36679673194885254,-0.08843433856964111,0.8463732004165649,0.49076393246650696,-0.09826885908842087,0.8207775354385376,0.5037614107131958,-0.08640199899673462,0.8072872757911682,0.4893394708633423,-0.07556883990764618,Л
0.0,0.0,0.0,0.0,0.0,0.0,0.0,0.0,0.0,0.0,0.0,0.0,0.0,0.0,0.0,0.0,0.0,0.0,0.0,0.0,0.0,0.0,0.0,0.0,0.0,0.0,0.0,0.0,0.0,0.0,0.0,0.0,0.0,0.0,0.0,0.0,0.0,0.0,0.0,0.0,0.0,0.0,0.0,0.0,0.0,0.0,0.0,0.0,0.0,0.0,0.0,0.0,0.0,0.0,0.0,0.0,0.0,0.0,0.0,0.0,0.0,0.0,0.0,0.8506630063056946,0.20700402557849884,2.61383917177227e-07,0.7746155261993408,0.26187998056411743,-0.004829247947782278,0.7431325912475586,0.3741662800312042,-0.020939767360687256,0.7658564448356628,0.47697898745536804,-0.03326648473739624,0.7956928014755249,0.5424888134002686,-0.04768857732415199,0.7170042395591736,0.3741810917854309,-0.07061492651700974,0.6945497393608093,0.5127581357955933,-0.09106376767158508,0.6880676746368408,0.5942234396934509,-0.0993528813123703,0.6830485463142395,0.6609339714050293,-0.10468612611293793,0.7725653648376465,0.373366117477417,-0.07579954713582993,0.7802143096923828,0.5330778956413269,-0.09306875616312027,0.7876875996589661,0.6234517097473145,-0.09564294666051865,0.7952578663825989,0.6869425773620605,-0.10116582363843918,0.8267500400543213,0.3746720552444458,-0.07544258236885071,0.8169581294059753,0.5311684012413025,-0.08885464072227478,0.8054266571998596,0.531261146068573,-0.07777925580739975,0.8049539923667908,0.5036970376968384,-0.06955497711896896,0.8734076619148254,0.3786213994026184,-0.07401366531848907,0.8433998227119446,0.49051058292388916,-0.08370362967252731,0.8234713077545166,0.48434507846832275,-0.07318311929702759,0.8157111406326294,0.4563189744949341,-0.06367962062358856,Л
0.0,0.0,0.0,0.0,0.0,0.0,0.0,0.0,0.0,0.0,0.0,0.0,0.0,0.0,0.0,0.0,0.0,0.0,0.0,0.0,0.0,0.0,0.0,0.0,0.0,0.0,0.0,0.0,0.0,0.0,0.0,0.0,0.0,0.0,0.0,0.0,0.0,0.0,0.0,0.0,0.0,0.0,0.0,0.0,0.0,0.0,0.0,0.0,0.0,0.0,0.0,0.0,0.0,0.0,0.0,0.0,0.0,0.0,0.0,0.0,0.0,0.0,0.0,0.8514264822006226,0.2098536342382431,3.0241625381677295e-07,0.77557373046875,0.26201117038726807,-0.004603883717209101,0.7412599325180054,0.37019243836402893,-0.021719977259635925,0.7636427879333496,0.4701644480228424,-0.034392405301332474,0.7944587469100952,0.5344609618186951,-0.0483953021466732,0.7156350612640381,0.37282514572143555,-0.07693485170602798,0.6936291456222534,0.513067364692688,-0.09937670081853867,0.6873313188552856,0.5938701629638672,-0.10911119729280472,0.6832269430160522,0.6590944528579712,-0.11523493379354477,0.773301899433136,0.3702901005744934,-0.08121084421873093,0.7798125743865967,0.5292602777481079,-0.10181767493486404,0.7846077084541321,0.6220337152481079,-0.10673562437295914,0.7913060188293457,0.6882387399673462,-0.11378470063209534,0.8277649879455566,0.37246111035346985,-0.07905686646699905,0.8163220882415771,0.5259339213371277,-0.09196384996175766,0.801896870136261,0.521645188331604,-0.08016714453697205,0.7997687458992004,0.4920348823070526,-0.07182715833187103,0.8729381561279297,0.3782186806201935,-0.07586297392845154,0.8409103155136108,0.4827349781990051,-0.08374855667352676,0.8194000124931335,0.47254252433776855,-0.07244806736707687,0.8099356889724731,0.44419947266578674,-0.06267646700143814,Л
0.0,0.0,0.0,0.0,0.0,0.0,0.0,0.0,0.0,0.0,0.0,0.0,0.0,0.0,0.0,0.0,0.0,0.0,0.0,0.0,0.0,0.0,0.0,0.0,0.0,0.0,0.0,0.0,0.0,0.0,0.0,0.0,0.0,0.0,0.0,0.0,0.0,0.0,0.0,0.0,0.0,0.0,0.0,0.0,0.0,0.0,0.0,0.0,0.0,0.0,0.0,0.0,0.0,0.0,0.0,0.0,0.0,0.0,0.0,0.0,0.0,0.0,0.0,0.8514453768730164,0.20771384239196777,2.431572738714749e-07,0.7753080129623413,0.26072928309440613,-0.004267331212759018,0.7384681105613708,0.36608317494392395,-0.0204653050750494,0.7554414868354797,0.4667423963546753,-0.032656699419021606,0.7833206057548523,0.533386766910553,-0.04747064411640167,0.7170701026916504,0.3696702718734741,-0.07108139991760254,0.6928192973136902,0.5092900991439819,-0.09396964311599731,0.6850540637969971,0.5917025804519653,-0.10365872830152512,0.6795094013214111,0.658841609954834,-0.10892312973737717,0.7735703587532043,0.3705019950866699,-0.07682686299085617,0.7788370847702026,0.5315143465995789,-0.09827366471290588,0.7876378297805786,0.6219133138656616,-0.10299357771873474,0.7964584231376648,0.6819049119949341,-0.10723604261875153,0.8263381123542786,0.3741230070590973,-0.0770314410328865,0.8134589791297913,0.5268646478652954,-0.08999080955982208,0.7964853644371033,0.5741454362869263,-0.08156827837228775,0.7864462733268738,0.5905554294586182,-0.0748790055513382,0.8702210187911987,0.37939298152923584,-0.07594867050647736,0.8422374725341797,0.494750052690506,-0.08046577125787735,0.8198314309120178,0.5202617049217224,-0.06809868663549423,0.8050873279571533,0.5220237970352173,-0.057590726763010025,Л
0.0,0.0,0.0,0.0,0.0,0.0,0.0,0.0,0.0,0.0,0.0,0.0,0.0,0.0,0.0,0.0,0.0,0.0,0.0,0.0,0.0,0.0,0.0,0.0,0.0,0.0,0.0,0.0,0.0,0.0,0.0,0.0,0.0,0.0,0.0,0.0,0.0,0.0,0.0,0.0,0.0,0.0,0.0,0.0,0.0,0.0,0.0,0.0,0.0,0.0,0.0,0.0,0.0,0.0,0.0,0.0,0.0,0.0,0.0,0.0,0.0,0.0,0.0,0.8450012803077698,0.21236605942249298,2.5378724899383087e-07,0.7690525054931641,0.2697693109512329,-0.0021255521569401026,0.7336667776107788,0.3780553638935089,-0.01606832444667816,0.7570067048072815,0.48004966974258423,-0.02626262791454792,0.7885975241661072,0.5444862842559814,-0.03836476802825928,0.7144057154655457,0.37830257415771484,-0.064954474568367,0.6915537714958191,0.5138109922409058,-0.0843820869922638,0.684506356716156,0.5947778224945068,-0.09220708161592484,0.6790100336074829,0.65994793176651,-0.09692218899726868,0.7703813314437866,0.37563270330429077,-0.07016615569591522,0.7780342102050781,0.5349540114402771,-0.08779256790876389,0.784789502620697,0.6251024007797241,-0.09089959412813187,0.792285144329071,0.686303973197937,-0.09539871662855148,0.8232684135437012,0.37657788395881653,-0.06966916471719742,0.8121173977851868,0.5294249653816223,-0.08167754858732224,0.7963185906410217,0.5513001680374146,-0.07033023983240128,0.7891700267791748,0.5465782284736633,-0.061416592448949814,0.8683050274848938,0.38057082891464233,-0.0677558183670044,0.8385025858879089,0.4912370443344116,-0.07243181020021439,0.8184002041816711,0.493502140045166,-0.0582132451236248,0.8085693717002869,0.4740525484085083,-0.04615192487835884,Л
0.0,0.0,0.0,0.0,0.0,0.0,0.0,0.0,0.0,0.0,0.0,0.0,0.0,0.0,0.0,0.0,0.0,0.0,0.0,0.0,0.0,0.0,0.0,0.0,0.0,0.0,0.0,0.0,0.0,0.0,0.0,0.0,0.0,0.0,0.0,0.0,0.0,0.0,0.0,0.0,0.0,0.0,0.0,0.0,0.0,0.0,0.0,0.0,0.0,0.0,0.0,0.0,0.0,0.0,0.0,0.0,0.0,0.0,0.0,0.0,0.0,0.0,0.0,0.8529724478721619,0.21141473948955536,2.5513136847621354e-07,0.7748479843139648,0.2627808153629303,-0.004027406219393015,0.735061764717102,0.3695411682128906,-0.018516017124056816,0.7503431439399719,0.46911850571632385,-0.02907012589275837,0.7787065505981445,0.5351190567016602,-0.04160020872950554,0.7133586406707764,0.37503424286842346,-0.06927589327096939,0.6906533241271973,0.5147192478179932,-0.08965351432561874,0.683078944683075,0.5966076254844666,-0.09782321751117706,0.6771506667137146,0.662562906742096,-0.10233138501644135,0.7705923914909363,0.37214475870132446,-0.07478413730859756,0.7757219076156616,0.5345626473426819,-0.09385311603546143,0.782794177532196,0.628011167049408,-0.09654760360717773,0.7899172902107239,0.6916923522949219,-0.10025005042552948,0.8252195715904236,0.3735465705394745,-0.07477031648159027,0.8114942312240601,0.5277782082557678,-0.08872910588979721,0.7974885106086731,0.5484199523925781,-0.07818194478750229,0.7918798327445984,0.5389853119850159,-0.06923964619636536,0.8716714382171631,0.3787245452404022,-0.07357783615589142,0.8402573466300964,0.4897773265838623,-0.08084547519683838,0.8214971423149109,0.49175775051116943,-0.06799808889627457,0.8123340606689453,0.46952250599861145,-0.05631640926003456,Л
0.0,0.0,0.0,0.0,0.0,0.0,0.0,0.0,0.0,0.0,0.0,0.0,0.0,0.0,0.0,0.0,0.0,0.0,0.0,0.0,0.0,0.0,0.0,0.0,0.0,0.0,0.0,0.0,0.0,0.0,0.0,0.0,0.0,0.0,0.0,0.0,0.0,0.0,0.0,0.0,0.0,0.0,0.0,0.0,0.0,0.0,0.0,0.0,0.0,0.0,0.0,0.0,0.0,0.0,0.0,0.0,0.0,0.0,0.0,0.0,0.0,0.0,0.0,0.8520273566246033,0.21174240112304688,2.5029919470398454e-07,0.7731184959411621,0.2652004063129425,-0.0027120262384414673,0.7351905107498169,0.3713381588459015,-0.016666477546095848,0.751726508140564,0.47459176182746887,-0.02691066451370716,0.777977705001831,0.5418663024902344,-0.03909842669963837,0.7126645445823669,0.3745175004005432,-0.06532906740903854,0.689037024974823,0.5134518146514893,-0.08434806019067764,0.6817029714584351,0.5959635972976685,-0.09102042764425278,0.6771687865257263,0.6630121469497681,-0.09434741735458374,0.7697314023971558,0.3768555819988251,-0.07026825100183487,0.7763320207595825,0.5351241230964661,-0.08870842307806015,0.7816144227981567,0.6274524331092834,-0.09107629954814911,0.7876259088516235,0.6923311948776245,-0.09388952702283859,0.8241094350814819,0.38137000799179077,-0.06951987743377686,0.812261700630188,0.5278279185295105,-0.08148239552974701,0.7923527359962463,0.5553048253059387,-0.07010975480079651,0.781627893447876,0.5569196939468384,-0.06068084016442299,0.8697752952575684,0.3866139054298401,-0.06747167557477951,0.8381906151771545,0.49035874009132385,-0.07152116298675537,0.8139411807060242,0.4973023533821106,-0.0570874847471714,0.800255298614502,0.48344290256500244,-0.044369205832481384,Л
0.0,0.0,0.0,0.0,0.0,0.0,0.0,0.0,0.0,0.0,0.0,0.0,0.0,0.0,0.0,0.0,0.0,0.0,0.0,0.0,0.0,0.0,0.0,0.0,0.0,0.0,0.0,0.0,0.0,0.0,0.0,0.0,0.0,0.0,0.0,0.0,0.0,0.0,0.0,0.0,0.0,0.0,0.0,0.0,0.0,0.0,0.0,0.0,0.0,0.0,0.0,0.0,0.0,0.0,0.0,0.0,0.0,0.0,0.0,0.0,0.0,0.0,0.0,0.8475399017333984,0.21607403457164764,2.7741478447751433e-07,0.7702836990356445,0.2700157165527344,-0.003946625627577305,0.7348663210868835,0.3781181275844574,-0.017633071169257164,0.7558263540267944,0.4786709249019623,-0.02741379477083683,0.787617027759552,0.5424966216087341,-0.03869897127151489,0.713604748249054,0.38127678632736206,-0.06576599925756454,0.6901343464851379,0.5162599086761475,-0.08520814031362534,0.6834983825683594,0.5976071953773499,-0.09410322457551956,0.6782134175300598,0.663558840751648,-0.09983302652835846,0.7698686718940735,0.3798646926879883,-0.07007304579019547,0.7759596705436707,0.536706805229187,-0.08581644296646118,0.7811817526817322,0.6289814114570618,-0.0893106684088707,0.7878426909446716,0.692604660987854,-0.09562153369188309,0.823430061340332,0.3814179301261902,-0.06890569627285004,0.8140579462051392,0.5321446657180786,-0.08053017407655716,0.8049743175506592,0.5356370210647583,-0.07074785232543945,0.8065854907035828,0.5099515914916992,-0.06351766735315323,0.8688204288482666,0.3854216933250427,-0.06676391512155533,0.840833306312561,0.4877062141895294,-0.0742420107126236,0.8232919573783875,0.48054298758506775,-0.06392033398151398,0.8167012929916382,0.4516557455062866,-0.05468349903821945,Л
0.0,0.0,0.0,0.0,0.0,0.0,0.0,0.0,0.0,0.0,0.0,0.0,0.0,0.0,0.0,0.0,0.0,0.0,0.0,0.0,0.0,0.0,0.0,0.0,0.0,0.0,0.0,0.0,0.0,0.0,0.0,0.0,0.0,0.0,0.0,0.0,0.0,0.0,0.0,0.0,0.0,0.0,0.0,0.0,0.0,0.0,0.0,0.0,0.0,0.0,0.0,0.0,0.0,0.0,0.0,0.0,0.0,0.0,0.0,0.0,0.0,0.0,0.0,0.8470537662506104,0.21628154814243317,2.728020831455069e-07,0.7721719145774841,0.27177417278289795,-0.003922796808183193,0.7394313216209412,0.3815019726753235,-0.020482582971453667,0.7647997736930847,0.48342302441596985,-0.03326261416077614,0.7971671223640442,0.5489518046379089,-0.047318700700998306,0.7121171951293945,0.38107025623321533,-0.07072986662387848,0.6903337836265564,0.519092857837677,-0.09455198049545288,0.6842433214187622,0.6008741855621338,-0.10650132596492767,0.6790609955787659,0.6665223240852356,-0.11404714733362198,0.768987774848938,0.37954699993133545,-0.07603036612272263,0.7757158279418945,0.5386358499526978,-0.09527240693569183,0.7820459008216858,0.6306067109107971,-0.09945093840360641,0.7887780666351318,0.6965343952178955,-0.10610715299844742,0.8227906823158264,0.3809520900249481,-0.07571177184581757,0.8117403984069824,0.533524751663208,-0.08744139224290848,0.8007070422172546,0.52849942445755,-0.07406876981258392,0.8004751205444336,0.49679824709892273,-0.06446218490600586,0.8687280416488647,0.3852398097515106,-0.07472880184650421,0.8403396606445312,0.4930632412433624,-0.08095555752515793,0.8219517469406128,0.4884844422340393,-0.06827913969755173,0.8137617707252502,0.4629555940628052,-0.05753837525844574,Л
0.0,0.0,0.0,0.0,0.0,0.0,0.0,0.0,0.0,0.0,0.0,0.0,0.0,0.0,0.0,0.0,0.0,0.0,0.0,0.0,0.0,0.0,0.0,0.0,0.0,0.0,0.0,0.0,0.0,0.0,0.0,0.0,0.0,0.0,0.0,0.0,0.0,0.0,0.0,0.0,0.0,0.0,0.0,0.0,0.0,0.0,0.0,0.0,0.0,0.0,0.0,0.0,0.0,0.0,0.0,0.0,0.0,0.0,0.0,0.0,0.0,0.0,0.0,0.8490120768547058,0.21695199608802795,2.3406434479511518e-07,0.7740868926048279,0.27210599184036255,-0.00473385164514184,0.7340267896652222,0.3785478472709656,-0.021480705589056015,0.7444360256195068,0.47885727882385254,-0.033870793879032135,0.7692630887031555,0.5481625199317932,-0.048740413039922714,0.7144070267677307,0.38005948066711426,-0.07778002321720123,0.6912816166877747,0.5184070467948914,-0.10220252722501755,0.6839180588722229,0.6005718111991882,-0.11341013759374619,0.6779108047485352,0.6679052710533142,-0.12004383653402328,0.7708291411399841,0.37289321422576904,-0.08360277116298676,0.7757576704025269,0.5373029708862305,-0.10399401187896729,0.7824477553367615,0.6326647996902466,-0.10720379650592804,0.7896578907966614,0.6984493136405945,-0.11248177289962769,0.8261077404022217,0.3719711899757385,-0.08360245078802109,0.812680184841156,0.5333942174911499,-0.09827327728271484,0.7993631362915039,0.5464079976081848,-0.08594007045030594,0.7955142855644226,0.528235673904419,-0.07642830908298492,0.8748141527175903,0.37636470794677734,-0.08253560215234756,0.844040036201477,0.4948785603046417,-0.09211355447769165,0.8258958458900452,0.49823009967803955,-0.07980033755302429,0.8180961012840271,0.4771433472633362,-0.06855638325214386,Л
0.0,0.0,0.0,0.0,0.0,0.0,0.0,0.0,0.0,0.0,0.0,0.0,0.0,0.0,0.0,0.0,0.0,0.0,0.0,0.0,0.0,0.0,0.0,0.0,0.0,0.0,0.0,0.0,0.0,0.0,0.0,0.0,0.0,0.0,0.0,0.0,0.0,0.0,0.0,0.0,0.0,0.0,0.0,0.0,0.0,0.0,0.0,0.0,0.0,0.0,0.0,0.0,0.0,0.0,0.0,0.0,0.0,0.0,0.0,0.0,0.0,0.0,0.0,0.8465774059295654,0.21631735563278198,2.8643290761465323e-07,0.7695653438568115,0.2685537338256836,-0.009485091082751751,0.7357578873634338,0.38048338890075684,-0.02863292209804058,0.7607104778289795,0.48224446177482605,-0.042825181037187576,0.7946109771728516,0.5450307130813599,-0.058961063623428345,0.713108241558075,0.38024580478668213,-0.07921645790338516,0.6911238431930542,0.5195221900939941,-0.10055894404649734,0.68464595079422,0.599197268486023,-0.10925271362066269,0.6788806319236755,0.6654165387153625,-0.11523661017417908,0.7707292437553406,0.38047781586647034,-0.08235865831375122,0.7762860059738159,0.5382604598999023,-0.10332319140434265,0.7810904383659363,0.6275513768196106,-0.10897313058376312,0.7858336567878723,0.6930850744247437,-0.11631586402654648,0.8253589272499084,0.38352102041244507,-0.07934499531984329,0.8110651969909668,0.5337843894958496,-0.09473913162946701,0.7909364700317383,0.5289819240570068,-0.08525297790765762,0.7840005159378052,0.5014480948448181,-0.07824134081602097,0.8703725337982178,0.3901444375514984,-0.07537145912647247,0.8384621143341064,0.4966340959072113,-0.08496111631393433,0.8154382705688477,0.48550090193748474,-0.074204221367836,0.8053402900695801,0.45748159289360046,-0.06515035778284073,Л
0.0,0.0,0.0,0.0,0.0,0.0,0.0,0.0,0.0,0.0,0.0,0.0,0.0,0.0,0.0,0.0,0.0,0.0,0.0,0.0,0.0,0.0,0.0,0.0,0.0,0.0,0.0,0.0,0.0,0.0,0.0,0.0,0.0,0.0,0.0,0.0,0.0,0.0,0.0,0.0,0.0,0.0,0.0,0.0,0.0,0.0,0.0,0.0,0.0,0.0,0.0,0.0,0.0,0.0,0.0,0.0,0.0,0.0,0.0,0.0,0.0,0.0,0.0,0.8441751003265381,0.2155510038137436,2.236841396552336e-07,0.7696402668952942,0.2725438177585602,-0.0018318701768293977,0.7346972823143005,0.3807925879955292,-0.017553452402353287,0.7559495568275452,0.4841822385787964,-0.029768168926239014,0.7843310236930847,0.5490898489952087,-0.044207073748111725,0.7085885405540466,0.3875667154788971,-0.07083990424871445,0.6879604458808899,0.5226396918296814,-0.0945461317896843,0.680308997631073,0.6017739772796631,-0.10550958663225174,0.6739472150802612,0.6669536232948303,-0.11212009936571121,0.7631060481071472,0.38307005167007446,-0.07658713310956955,0.7708200216293335,0.5378114581108093,-0.09772437810897827,0.7783907651901245,0.6296107769012451,-0.10212112963199615,0.7865795493125916,0.696913480758667,-0.10786838084459305,0.8166553378105164,0.38321346044540405,-0.07622984796762466,0.8055996298789978,0.5270206928253174,-0.08891494572162628,0.7927497029304504,0.5251264572143555,-0.07483728975057602,0.7911783456802368,0.49919557571411133,-0.06375960260629654,0.8633962273597717,0.38784345984458923,-0.07474316656589508,0.83562171459198,0.5000451803207397,-0.08008313924074173,0.8145532011985779,0.5062609314918518,-0.06626703590154648,0.8032294511795044,0.49308595061302185,-0.05428127199411392,Л
0.0,0.0,0.0,0.0,0.0,0.0,0.0,0.0,0.0,0.0,0.0,0.0,0.0,0.0,0.0,0.0,0.0,0.0,0.0,0.0,0.0,0.0,0.0,0.0,0.0,0.0,0.0,0.0,0.0,0.0,0.0,0.0,0.0,0.0,0.0,0.0,0.0,0.0,0.0,0.0,0.0,0.0,0.0,0.0,0.0,0.0,0.0,0.0,0.0,0.0,0.0,0.0,0.0,0.0,0.0,0.0,0.0,0.0,0.0,0.0,0.0,0.0,0.0,0.8461143970489502,0.2197461575269699,2.475118776601448e-07,0.7700139284133911,0.27184760570526123,-0.0033263927325606346,0.7377826571464539,0.3841487467288971,-0.01856425032019615,0.7629147171974182,0.4875734746456146,-0.030200833454728127,0.7946965098381042,0.5527577996253967,-0.04291924461722374,0.708196759223938,0.3893154561519623,-0.0689554288983345,0.6859780550003052,0.5247688293457031,-0.09045093506574631,0.6786420345306396,0.6051000356674194,-0.10105554014444351,0.6735261678695679,0.671132504940033,-0.10873983055353165,0.7649046778678894,0.3903712034225464,-0.07378073036670685,0.7717125415802002,0.5441714525222778,-0.09372884780168533,0.7780971527099609,0.6360379457473755,-0.09927042573690414,0.785515546798706,0.7034604549407959,-0.10712900012731552,0.8192068338394165,0.3932420611381531,-0.07260448485612869,0.8077072501182556,0.5406798720359802,-0.08343365788459778,0.7939735054969788,0.5258812308311462,-0.06871789693832397,0.7918962836265564,0.4908503592014313,-0.05867535620927811,0.8634970784187317,0.39724496006965637,-0.07085801661014557,0.8329567909240723,0.4998878240585327,-0.07679887861013412,0.8099036812782288,0.49424633383750916,-0.06462372839450836,0.7978352308273315,0.47269415855407715,-0.054617367684841156,Л
0.0,0.0,0.0,0.0,0.0,0.0,0.0,0.0,0.0,0.0,0.0,0.0,0.0,0.0,0.0,0.0,0.0,0.0,0.0,0.0,0.0,0.0,0.0,0.0,0.0,0.0,0.0,0.0,0.0,0.0,0.0,0.0,0.0,0.0,0.0,0.0,0.0,0.0,0.0,0.0,0.0,0.0,0.0,0.0,0.0,0.0,0.0,0.0,0.0,0.0,0.0,0.0,0.0,0.0,0.0,0.0,0.0,0.0,0.0,0.0,0.0,0.0,0.0,0.8443426489830017,0.21943247318267822,2.0356969798740465e-07,0.7681458592414856,0.27451092004776,-0.0023563667200505733,0.7313960790634155,0.381109356880188,-0.017162220552563667,0.7447168231010437,0.48045778274536133,-0.028759904205799103,0.7703409790992737,0.5486566424369812,-0.0428771935403347,0.7089506387710571,0.387992799282074,-0.06868577748537064,0.686115562915802,0.5247898697853088,-0.09116169810295105,0.6790640354156494,0.6058335304260254,-0.10060271620750427,0.6735777854919434,0.6729549765586853,-0.10584335774183273,0.765255868434906,0.38343071937561035,-0.07572183012962341,0.7716474533081055,0.5419924855232239,-0.09633564949035645,0.7795851826667786,0.6362950205802917,-0.09981373697519302,0.7877898216247559,0.7024782299995422,-0.10393857955932617,0.8193698525428772,0.38307902216911316,-0.07731594145298004,0.8070677518844604,0.5381650924682617,-0.09185022115707397,0.7899448871612549,0.5610947012901306,-0.08066999912261963,0.7817288041114807,0.5535786151885986,-0.07107391953468323,0.8657035827636719,0.3871443271636963,-0.07770107686519623,0.8377963304519653,0.507499635219574,-0.0852896198630333,0.8156508803367615,0.5264410972595215,-0.07305774092674255,0.801681399345398,0.5203067064285278,-0.06167209520936012,Л
0.0,0.0,0.0,0.0,0.0,0.0,0.0,0.0,0.0,0.0,0.0,0.0,0.0,0.0,0.0,0.0,0.0,0.0,0.0,0.0,0.0,0.0,0.0,0.0,0.0,0.0,0.0,0.0,0.0,0.0,0.0,0.0,0.0,0.0,0.0,0.0,0.0,0.0,0.0,0.0,0.0,0.0,0.0,0.0,0.0,0.0,0.0,0.0,0.0,0.0,0.0,0.0,0.0,0.0,0.0,0.0,0.0,0.0,0.0,0.0,0.0,0.0,0.0,0.8458167910575867,0.2170584797859192,2.668938634542428e-07,0.7696905732154846,0.2745954990386963,-0.004423464182764292,0.7322302460670471,0.3842625021934509,-0.021597618237137794,0.7490423917770386,0.4850471317768097,-0.03475956618785858,0.7800620794296265,0.553516685962677,-0.050305020064115524,0.7095125317573547,0.3859550356864929,-0.07678374648094177,0.6867717504501343,0.5257641673088074,-0.10170558094978333,0.6791278719902039,0.6082351207733154,-0.11298215389251709,0.6734981536865234,0.6752052903175354,-0.11930958181619644,0.7667967081069946,0.37833765149116516,-0.08275201171636581,0.7738124132156372,0.5409671068191528,-0.10405352711677551,0.7819992303848267,0.6369352340698242,-0.10728231817483902,0.7909138798713684,0.7031723260879517,-0.11194733530282974,0.821954071521759,0.3764376640319824,-0.08300145715475082,0.8082980513572693,0.5371246933937073,-0.0969456359744072,0.7922706007957458,0.5558378100395203,-0.08409775793552399,0.7864995002746582,0.5419321656227112,-0.07389815151691437,0.869411289691925,0.38035717606544495,-0.08228003233671188,0.8387340903282166,0.5010249614715576,-0.08953230082988739,0.8156116008758545,0.5150260329246521,-0.07660072296857834,0.802568256855011,0.502906858921051,-0.065053291618824,Л
0.0,0.0,0.0,0.0,0.0,0.0,0.0,0.0,0.0,0.0,0.0,0.0,0.0,0.0,0.0,0.0,0.0,0.0,0.0,0.0,0.0,0.0,0.0,0.0,0.0,0.0,0.0,0.0,0.0,0.0,0.0,0.0,0.0,0.0,0.0,0.0,0.0,0.0,0.0,0.0,0.0,0.0,0.0,0.0,0.0,0.0,0.0,0.0,0.0,0.0,0.0,0.0,0.0,0.0,0.0,0.0,0.0,0.0,0.0,0.0,0.0,0.0,0.0,0.8456858396530151,0.21946534514427185,2.771735978512879e-07,0.7691752314567566,0.27303406596183777,-0.007286971900612116,0.7294347286224365,0.3795243203639984,-0.024256572127342224,0.7385998964309692,0.4798815846443176,-0.036973077803850174,0.7648971676826477,0.5508530735969543,-0.05169343948364258,0.7091684937477112,0.3849274814128876,-0.07472763955593109,0.6843864321708679,0.5246366262435913,-0.09787068516016006,0.6767667531967163,0.6065236330032349,-0.10756351798772812,0.6712740063667297,0.6733213663101196,-0.11302148550748825,0.7662025690078735,0.3817771375179291,-0.07917826622724533,0.7721103429794312,0.5454131364822388,-0.10028216987848282,0.7785852551460266,0.6399404406547546,-0.10317864269018173,0.785088062286377,0.706234872341156,-0.10757911950349808,0.8213855028152466,0.3829229474067688,-0.0784231498837471,0.8094050884246826,0.5431005954742432,-0.09359995275735855,0.7935091853141785,0.5451719760894775,-0.08133304864168167,0.7888467907905579,0.5170028209686279,-0.07122444361448288,0.8677546381950378,0.3891671299934387,-0.07714484632015228,0.8374121189117432,0.5044301152229309,-0.08707966655492783,0.8150727152824402,0.5097125768661499,-0.07659769058227539,0.8030222654342651,0.49219730496406555,-0.06652291119098663,Л
0.0,0.0,0.0,0.0,0.0,0.0,0.0,0.0,0.0,0.0,0.0,0.0,0.0,0.0,0.0,0.0,0.0,0.0,0.0,0.0,0.0,0.0,0.0,0.0,0.0,0.0,0.0,0.0,0.0,0.0,0.0,0.0,0.0,0.0,0.0,0.0,0.0,0.0,0.0,0.0,0.0,0.0,0.0,0.0,0.0,0.0,0.0,0.0,0.0,0.0,0.0,0.0,0.0,0.0,0.0,0.0,0.0,0.0,0.0,0.0,0.0,0.0,0.0,0.8456480503082275,0.21509134769439697,2.862922769963916e-07,0.7685098052024841,0.273345410823822,-0.006603401154279709,0.7341796159744263,0.38580307364463806,-0.025268619880080223,0.7546198964118958,0.4878082275390625,-0.03948569670319557,0.785112202167511,0.5564759969711304,-0.05608850345015526,0.7099024057388306,0.3844459056854248,-0.07884431630373001,0.6859754920005798,0.5236647725105286,-0.10224378854036331,0.677976131439209,0.6054211854934692,-0.11212986707687378,0.6713422536849976,0.6723235249519348,-0.11800932139158249,0.7677618265151978,0.37889406085014343,-0.08423367142677307,0.7720209956169128,0.5404441356658936,-0.10534543544054031,0.7778021693229675,0.6353369355201721,-0.10923051834106445,0.783951997756958,0.7022303342819214,-0.114776611328125,0.823717474937439,0.3783864974975586,-0.08373195677995682,0.8084336519241333,0.5391355156898499,-0.09883344173431396,0.7897855639457703,0.5474784970283508,-0.08726772665977478,0.7828420996665955,0.5258385539054871,-0.07822950929403305,0.8711276054382324,0.3832806348800659,-0.08219002932310104,0.8386806845664978,0.5012990236282349,-0.09105411171913147,0.8157148361206055,0.5038616061210632,-0.07867589592933655,0.8043838143348694,0.4829770028591156,-0.06777037680149078,Л
0.0,0.0,0.0,0.0,0.0,0.0,0.0,0.0,0.0,0.0,0.0,0.0,0.0,0.0,0.0,0.0,0.0,0.0,0.0,0.0,0.0,0.0,0.0,0.0,0.0,0.0,0.0,0.0,0.0,0.0,0.0,0.0,0.0,0.0,0.0,0.0,0.0,0.0,0.0,0.0,0.0,0.0,0.0,0.0,0.0,0.0,0.0,0.0,0.0,0.0,0.0,0.0,0.0,0.0,0.0,0.0,0.0,0.0,0.0,0.0,0.0,0.0,0.0,0.8440921306610107,0.2166515290737152,2.489980204245512e-07,0.7690837979316711,0.2749142646789551,-0.002346495632082224,0.733142614364624,0.38660579919815063,-0.01883970946073532,0.7536168098449707,0.48807844519615173,-0.031547822058200836,0.7831953167915344,0.5556032657623291,-0.04708174616098404,0.7070571184158325,0.38678351044654846,-0.07469766587018967,0.6855318546295166,0.527324914932251,-0.09747213870286942,0.6782840490341187,0.6092729568481445,-0.10677068680524826,0.672706127166748,0.6759017705917358,-0.11214271932840347,0.763750433921814,0.377953439950943,-0.08177801221609116,0.7728566527366638,0.5461539626121521,-0.10141918063163757,0.7814298868179321,0.6396755576133728,-0.10398642718791962,0.7893325686454773,0.705472469329834,-0.10846403241157532,0.8192527294158936,0.37475043535232544,-0.0828518271446228,0.80937659740448,0.5380132794380188,-0.09670337289571762,0.7944244742393494,0.5595367550849915,-0.08450310677289963,0.787574827671051,0.5530224442481995,-0.0752219557762146,0.868500292301178,0.37674680352211,-0.08248569816350937,0.8398267030715942,0.49435850977897644,-0.09010639786720276,0.8187963962554932,0.5046741962432861,-0.07711523771286011,0.8071266412734985,0.49324506521224976,-0.06586134433746338,Л
0.0,0.0,0.0,0.0,0.0,0.0,0.0,0.0,0.0,0.0,0.0,0.0,0.0,0.0,0.0,0.0,0.0,0.0,0.0,0.0,0.0,0.0,0.0,0.0,0.0,0.0,0.0,0.0,0.0,0.0,0.0,0.0,0.0,0.0,0.0,0.0,0.0,0.0,0.0,0.0,0.0,0.0,0.0,0.0,0.0,0.0,0.0,0.0,0.0,0.0,0.0,0.0,0.0,0.0,0.0,0.0,0.0,0.0,0.0,0.0,0.0,0.0,0.0,0.8441610336303711,0.2190304845571518,2.584446292530629e-07,0.7708932161331177,0.27828526496887207,-0.0043573626317083836,0.7404270172119141,0.3888643980026245,-0.02156279794871807,0.7620161771774292,0.4897923469543457,-0.035334084182977676,0.7905879020690918,0.5568403005599976,-0.05099251866340637,0.7145189046859741,0.3878866136074066,-0.06968417018651962,0.6910654902458191,0.5305884480476379,-0.0916256457567215,0.6844775080680847,0.6135941743850708,-0.10090216249227524,0.6782883405685425,0.6804357767105103,-0.10655292868614197,0.7720176577568054,0.38422590494155884,-0.07610999792814255,0.780550479888916,0.5493931174278259,-0.09659413993358612,0.7865057587623596,0.6420412063598633,-0.10088188201189041,0.7920500040054321,0.7090611457824707,-0.1063804179430008,0.8266786336898804,0.38434574007987976,-0.0768800899386406,0.8154945373535156,0.5467968583106995,-0.09176915884017944,0.7974569201469421,0.5496843457221985,-0.07981524616479874,0.7914991974830627,0.5275598168373108,-0.07010983675718307,0.8733094930648804,0.3872125744819641,-0.07659925520420074,0.8441064357757568,0.5044552087783813,-0.08565725386142731,0.8220585584640503,0.5000786185264587,-0.07250364869832993,0.8126692771911621,0.47434917092323303,-0.06051594018936157,Л
0.0,0.0,0.0,0.0,0.0,0.0,0.0,0.0,0.0,0.0,0.0,0.0,0.0,0.0,0.0,0.0,0.0,0.0,0.0,0.0,0.0,0.0,0.0,0.0,0.0,0.0,0.0,0.0,0.0,0.0,0.0,0.0,0.0,0.0,0.0,0.0,0.0,0.0,0.0,0.0,0.0,0.0,0.0,0.0,0.0,0.0,0.0,0.0,0.0,0.0,0.0,0.0,0.0,0.0,0.0,0.0,0.0,0.0,0.0,0.0,0.0,0.0,0.0,0.8439190983772278,0.22272752225399017,3.2749781553320645e-07,0.7697939276695251,0.28312838077545166,-0.005787427071481943,0.7391629815101624,0.3955268859863281,-0.02438238635659218,0.7669013142585754,0.4946529269218445,-0.03837614879012108,0.8019815683364868,0.5590599775314331,-0.05386807769536972,0.7167187929153442,0.39116063714027405,-0.0802515372633934,0.6939390301704407,0.534872829914093,-0.1035674512386322,0.6886441111564636,0.6169663667678833,-0.11288043111562729,0.6838904023170471,0.6836521625518799,-0.11854970455169678,0.7754344344139099,0.38492199778556824,-0.08508884906768799,0.7824100852012634,0.548803985118866,-0.1050586998462677,0.7911071181297302,0.6425943374633789,-0.10710088908672333,0.7993176579475403,0.7095667719841003,-0.11202362924814224,0.8303008675575256,0.38367515802383423,-0.08384295552968979,0.8163512945175171,0.5458086729049683,-0.09602539241313934,0.8015243411064148,0.5493026971817017,-0.08098915964365005,0.7975456118583679,0.5241426825523376,-0.07031499594449997,0.8761079907417297,0.38721761107444763,-0.08186479657888412,0.8439913392066956,0.5021494626998901,-0.08862365037202835,0.8207495212554932,0.5062211751937866,-0.07547061890363693,0.8090490102767944,0.4875713288784027,-0.06451062113046646,Л
0.0,0.0,0.0,0.0,0.0,0.0,0.0,0.0,0.0,0.0,0.0,0.0,0.0,0.0,0.0,0.0,0.0,0.0,0.0,0.0,0.0,0.0,0.0,0.0,0.0,0.0,0.0,0.0,0.0,0.0,0.0,0.0,0.0,0.0,0.0,0.0,0.0,0.0,0.0,0.0,0.0,0.0,0.0,0.0,0.0,0.0,0.0,0.0,0.0,0.0,0.0,0.0,0.0,0.0,0.0,0.0,0.0,0.0,0.0,0.0,0.0,0.0,0.0,0.8490206003189087,0.22743341326713562,2.7313592454447644e-07,0.7722001075744629,0.2856297492980957,-0.006814898923039436,0.7402370572090149,0.399306058883667,-0.024121014401316643,0.7648615837097168,0.5026754140853882,-0.03665921092033386,0.7978359460830688,0.5691969990730286,-0.05023176968097687,0.7171042561531067,0.39679157733917236,-0.0734654888510704,0.6945666670799255,0.5384339094161987,-0.09515814483165741,0.6888908743858337,0.6202799081802368,-0.10481986403465271,0.6834171414375305,0.6870279312133789,-0.11095371097326279,0.775063693523407,0.39427703619003296,-0.07652632147073746,0.7865949273109436,0.5574484467506409,-0.09626086801290512,0.7940698266029358,0.6494755148887634,-0.0999918207526207,0.8003107309341431,0.714966893196106,-0.10599655658006668,0.8292430639266968,0.39656561613082886,-0.0738002359867096,0.8152002692222595,0.5571476817131042,-0.08671579509973526,0.7985345125198364,0.5529492497444153,-0.07362102717161179,0.7946627140045166,0.5230126976966858,-0.06392884999513626,0.8737366199493408,0.40291741490364075,-0.07036413252353668,0.841340959072113,0.5150985717773438,-0.07832672446966171,0.8194935917854309,0.5072197914123535,-0.06592828035354614,0.8102104663848877,0.47938403487205505,-0.054939549416303635,Л
0.0,0.0,0.0,0.0,0.0,0.0,0.0,0.0,0.0,0.0,0.0,0.0,0.0,0.0,0.0,0.0,0.0,0.0,0.0,0.0,0.0,0.0,0.0,0.0,0.0,0.0,0.0,0.0,0.0,0.0,0.0,0.0,0.0,0.0,0.0,0.0,0.0,0.0,0.0,0.0,0.0,0.0,0.0,0.0,0.0,0.0,0.0,0.0,0.0,0.0,0.0,0.0,0.0,0.0,0.0,0.0,0.0,0.0,0.0,0.0,0.0,0.0,0.0,0.8470078706741333,0.22571223974227905,2.604197675282194e-07,0.773408830165863,0.28495413064956665,-0.0039415014907717705,0.740699291229248,0.3954715132713318,-0.021885503083467484,0.7609302401542664,0.4971369206905365,-0.03577685356140137,0.7902769446372986,0.5659259557723999,-0.05204956978559494,0.7171581387519836,0.39488765597343445,-0.08123671263456345,0.6954477429389954,0.536306619644165,-0.10601460188627243,0.6892991065979004,0.6188523173332214,-0.1166684702038765,0.6838402152061462,0.6859437227249146,-0.12339069694280624,0.7729451656341553,0.3821088373661041,-0.08805880695581436,0.7825789451599121,0.5533104538917542,-0.10810604691505432,0.7930970788002014,0.6482979655265808,-0.10990959405899048,0.8036736249923706,0.712923526763916,-0.11517130583524704,0.828501284122467,0.3749891519546509,-0.0887751430273056,0.8203626275062561,0.5417414903640747,-0.10328168421983719,0.8113879561424255,0.5454439520835876,-0.08827897906303406,0.8114734292030334,0.5179458260536194,-0.0774855986237526,0.8784772157669067,0.37426674365997314,-0.0884418785572052,0.853570282459259,0.49503955245018005,-0.09950108826160431,0.834943413734436,0.4958786368370056,-0.08732908964157104,0.8257407546043396,0.4720744490623474,-0.07647848129272461,Л
0.0,0.0,0.0,0.0,0.0,0.0,0.0,0.0,0.0,0.0,0.0,0.0,0.0,0.0,0.0,0.0,0.0,0.0,0.0,0.0,0.0,0.0,0.0,0.0,0.0,0.0,0.0,0.0,0.0,0.0,0.0,0.0,0.0,0.0,0.0,0.0,0.0,0.0,0.0,0.0,0.0,0.0,0.0,0.0,0.0,0.0,0.0,0.0,0.0,0.0,0.0,0.0,0.0,0.0,0.0,0.0,0.0,0.0,0.0,0.0,0.0,0.0,0.0,0.847964346408844,0.2134031355381012,2.990962570947886e-07,0.7727220058441162,0.27612942457199097,-0.006567513570189476,0.7436950206756592,0.39295774698257446,-0.023704711347818375,0.7763843536376953,0.49553489685058594,-0.03698121756315231,0.8136877417564392,0.5591330528259277,-0.05161860212683678,0.7163867950439453,0.3902530074119568,-0.06937392055988312,0.694120466709137,0.5286398530006409,-0.08934192359447479,0.6872140765190125,0.6084707975387573,-0.09709839522838593,0.6804499626159668,0.6740738153457642,-0.10235432535409927,0.7743000984191895,0.3877940773963928,-0.07422707974910736,0.7815619111061096,0.5483702421188354,-0.09337729215621948,0.7891333699226379,0.6389751434326172,-0.09681283682584763,0.7963830828666687,0.7031881809234619,-0.10231993347406387,0.8291850090026855,0.3864589333534241,-0.07362911850214005,0.8172531723976135,0.5381835699081421,-0.08819998055696487,0.8024225831031799,0.5307056307792664,-0.07640945166349411,0.7998207807540894,0.49826252460479736,-0.06697533279657364,0.8755371570587158,0.3876585364341736,-0.07225053757429123,0.8442474603652954,0.496395081281662,-0.0811573937535286,0.8232262134552002,0.48824048042297363,-0.06941424310207367,0.8148362636566162,0.45897990465164185,-0.05907342582941055,Л
0.0,0.0,0.0,0.0,0.0,0.0,0.0,0.0,0.0,0.0,0.0,0.0,0.0,0.0,0.0,0.0,0.0,0.0,0.0,0.0,0.0,0.0,0.0,0.0,0.0,0.0,0.0,0.0,0.0,0.0,0.0,0.0,0.0,0.0,0.0,0.0,0.0,0.0,0.0,0.0,0.0,0.0,0.0,0.0,0.0,0.0,0.0,0.0,0.0,0.0,0.0,0.0,0.0,0.0,0.0,0.0,0.0,0.0,0.0,0.0,0.0,0.0,0.0,0.8495022058486938,0.21350321173667908,2.5863005248538684e-07,0.7721824049949646,0.2729966640472412,-0.0014153204392641783,0.7387093901634216,0.3838076591491699,-0.01637175865471363,0.758558988571167,0.4835660755634308,-0.028158586472272873,0.788560688495636,0.5486407279968262,-0.04199059307575226,0.7155675888061523,0.3876131772994995,-0.07018165290355682,0.6937239766120911,0.5254721641540527,-0.09160172194242477,0.6870490908622742,0.6055046916007996,-0.10055756568908691,0.6810538172721863,0.67030268907547,-0.10603897273540497,0.773629367351532,0.38261473178863525,-0.07701714336872101,0.7819281816482544,0.5452947616577148,-0.09529441595077515,0.7885756492614746,0.638454794883728,-0.09773102402687073,0.7959602475166321,0.7039351463317871,-0.10281825810670853,0.8298438191413879,0.3804120719432831,-0.07797661423683167,0.8199430108070374,0.539463996887207,-0.09154915064573288,0.8034054040908813,0.5353564620018005,-0.07958772033452988,0.7986377477645874,0.5024725198745728,-0.07019542157649994,0.8771384954452515,0.38170233368873596,-0.07767792046070099,0.84696364402771,0.4960891604423523,-0.08717010170221329,0.82380610704422,0.49518856406211853,-0.07661166787147522,0.8121353387832642,0.471261203289032,-0.06672990322113037,Л
0.0,0.0,0.0,0.0,0.0,0.0,0.0,0.0,0.0,0.0,0.0,0.0,0.0,0.0,0.0,0.0,0.0,0.0,0.0,0.0,0.0,0.0,0.0,0.0,0.0,0.0,0.0,0.0,0.0,0.0,0.0,0.0,0.0,0.0,0.0,0.0,0.0,0.0,0.0,0.0,0.0,0.0,0.0,0.0,0.0,0.0,0.0,0.0,0.0,0.0,0.0,0.0,0.0,0.0,0.0,0.0,0.0,0.0,0.0,0.0,0.0,0.0,0.0,0.8508195877075195,0.21574561297893524,3.032107827038999e-07,0.7761282920837402,0.27229374647140503,-0.0032327184453606606,0.7364348769187927,0.37502890825271606,-0.018336793407797813,0.7481966018676758,0.47075942158699036,-0.029743842780590057,0.7760785818099976,0.5383758544921875,-0.04320277273654938,0.7156656980514526,0.38790491223335266,-0.07132453471422195,0.6916226744651794,0.5215981006622314,-0.09529080986976624,0.683489978313446,0.601317822933197,-0.10688044875860214,0.6773106455802917,0.6651003360748291,-0.11347374320030212,0.7687175869941711,0.3788124918937683,-0.0768204778432846,0.7785995602607727,0.5396978259086609,-0.09588449448347092,0.7884079813957214,0.6358751058578491,-0.09927820414304733,0.798432469367981,0.7031782865524292,-0.10471896082162857,0.8223121762275696,0.3748558759689331,-0.0768742561340332,0.8187143802642822,0.5331806540489197,-0.09059927612543106,0.8091281652450562,0.5417906045913696,-0.07890176773071289,0.8070366382598877,0.5185198783874512,-0.06953789293766022,0.8702354431152344,0.3768586218357086,-0.07600618898868561,0.8473156690597534,0.4911254644393921,-0.08539573103189468,0.8285215497016907,0.49898579716682434,-0.07489553093910217,0.8174508213996887,0.48260948061943054,-0.06467946618795395,Л
0.0,0.0,0.0,0.0,0.0,0.0,0.0,0.0,0.0,0.0,0.0,0.0,0.0,0.0,0.0,0.0,0.0,0.0,0.0,0.0,0.0,0.0,0.0,0.0,0.0,0.0,0.0,0.0,0.0,0.0,0.0,0.0,0.0,0.0,0.0,0.0,0.0,0.0,0.0,0.0,0.0,0.0,0.0,0.0,0.0,0.0,0.0,0.0,0.0,0.0,0.0,0.0,0.0,0.0,0.0,0.0,0.0,0.0,0.0,0.0,0.0,0.0,0.0,0.8533244729042053,0.2149001806974411,2.6732607238955097e-07,0.7747269868850708,0.2673119604587555,-0.004357511643320322,0.7384619116783142,0.37277472019195557,-0.019342079758644104,0.7591236233711243,0.47288212180137634,-0.03053167089819908,0.790469765663147,0.5401356816291809,-0.04293420910835266,0.7140871286392212,0.3840925693511963,-0.06627339869737625,0.6877338886260986,0.5179591774940491,-0.08859352022409439,0.6793060898780823,0.597355842590332,-0.09964379668235779,0.6725269556045532,0.6608306765556335,-0.10628969222307205,0.7699629664421082,0.3859409689903259,-0.06981510668992996,0.7779130935668945,0.5439571738243103,-0.08765526860952377,0.7866013050079346,0.6351879239082336,-0.09207149595022202,0.7959646582603455,0.6998917460441589,-0.09857373684644699,0.8227124214172363,0.39021554589271545,-0.06800361722707748,0.8122736215591431,0.541496217250824,-0.08019796758890152,0.7990051507949829,0.5328559279441833,-0.06968628615140915,0.7967950105667114,0.49970754981040955,-0.06180167943239212,0.866513192653656,0.39581814408302307,-0.06540127843618393,0.8372061848640442,0.4966438114643097,-0.07340749353170395,0.8165381550788879,0.48454800248146057,-0.06329257786273956,0.806946337223053,0.4551253914833069,-0.0538300983607769,Л
0.0,0.0,0.0,0.0,0.0,0.0,0.0,0.0,0.0,0.0,0.0,0.0,0.0,0.0,0.0,0.0,0.0,0.0,0.0,0.0,0.0,0.0,0.0,0.0,0.0,0.0,0.0,0.0,0.0,0.0,0.0,0.0,0.0,0.0,0.0,0.0,0.0,0.0,0.0,0.0,0.0,0.0,0.0,0.0,0.0,0.0,0.0,0.0,0.0,0.0,0.0,0.0,0.0,0.0,0.0,0.0,0.0,0.0,0.0,0.0,0.0,0.0,0.0,0.8487445712089539,0.21278946101665497,2.576903455064894e-07,0.774522066116333,0.2719852924346924,-0.0010558746289461851,0.7454801201820374,0.3839678466320038,-0.018767718225717545,0.7735801339149475,0.4861130118370056,-0.033486880362033844,0.8075622916221619,0.5540982484817505,-0.05020901933312416,0.71636563539505,0.38176584243774414,-0.07329747080802917,0.6894857287406921,0.5201572179794312,-0.09678089618682861,0.6801968812942505,0.6022810935974121,-0.10685156285762787,0.6732015013694763,0.6677455306053162,-0.11289864033460617,0.7736135721206665,0.37891435623168945,-0.08101101964712143,0.7789345979690552,0.5411644577980042,-0.10096579045057297,0.7854541540145874,0.6350568532943726,-0.10302267223596573,0.7937320470809937,0.7021406888961792,-0.10769892483949661,0.8286223411560059,0.37829795479774475,-0.08255040645599365,0.8128542304039001,0.5311645269393921,-0.09391876310110092,0.7963651418685913,0.5227591395378113,-0.07804718613624573,0.7935014963150024,0.490378737449646,-0.06664787977933884,0.875490665435791,0.37970614433288574,-0.0830795019865036,0.843168318271637,0.49126753211021423,-0.08815417438745499,0.8221849799156189,0.48706483840942383,-0.07288850098848343,0.8140066266059875,0.4623124897480011,-0.06027086079120636,Л
0.0,0.0,0.0,0.0,0.0,0.0,0.0,0.0,0.0,0.0,0.0,0.0,0.0,0.0,0.0,0.0,0.0,0.0,0.0,0.0,0.0,0.0,0.0,0.0,0.0,0.0,0.0,0.0,0.0,0.0,0.0,0.0,0.0,0.0,0.0,0.0,0.0,0.0,0.0,0.0,0.0,0.0,0.0,0.0,0.0,0.0,0.0,0.0,0.0,0.0,0.0,0.0,0.0,0.0,0.0,0.0,0.0,0.0,0.0,0.0,0.0,0.0,0.0,0.8500514626502991,0.21185727417469025,2.60881392932788e-07,0.7749359607696533,0.2700330317020416,-0.001863439567387104,0.7412860989570618,0.3802936375141144,-0.015776056796312332,0.763239324092865,0.4810055196285248,-0.026785405352711678,0.7938833832740784,0.5462164282798767,-0.039356984198093414,0.7151777148246765,0.38757574558258057,-0.06197552755475044,0.6929519772529602,0.5195343494415283,-0.08367055654525757,0.6846598386764526,0.5982818603515625,-0.09499377757310867,0.6769849061965942,0.6616801023483276,-0.10244607925415039,0.770706832408905,0.38442397117614746,-0.06788332015275955,0.7825222015380859,0.5450614094734192,-0.08485687524080276,0.7900452613830566,0.6365697383880615,-0.08886696398258209,0.7970770001411438,0.7024028301239014,-0.09548590332269669,0.8246349096298218,0.38199734687805176,-0.06852701306343079,0.8185074925422668,0.5361132621765137,-0.08092938363552094,0.808413565158844,0.5301116108894348,-0.06912176311016083,0.8081105351448059,0.4987853765487671,-0.06014130637049675,0.8710856437683105,0.3813703954219818,-0.0682988241314888,0.8466044664382935,0.48588839173316956,-0.0770372599363327,0.8287079930305481,0.4784051179885864,-0.06623262912034988,0.8204631209373474,0.45127081871032715,-0.056177232414484024,Л
0.0,0.0,0.0,0.0,0.0,0.0,0.0,0.0,0.0,0.0,0.0,0.0,0.0,0.0,0.0,0.0,0.0,0.0,0.0,0.0,0.0,0.0,0.0,0.0,0.0,0.0,0.0,0.0,0.0,0.0,0.0,0.0,0.0,0.0,0.0,0.0,0.0,0.0,0.0,0.0,0.0,0.0,0.0,0.0,0.0,0.0,0.0,0.0,0.0,0.0,0.0,0.0,0.0,0.0,0.0,0.0,0.0,0.0,0.0,0.0,0.0,0.0,0.0,0.8490282297134399,0.21668316423892975,2.2194677740117186e-07,0.7710576057434082,0.27034884691238403,0.0018433575751259923,0.7344178557395935,0.3746982216835022,-0.008756007999181747,0.7505053281784058,0.47093817591667175,-0.016827721148729324,0.779430091381073,0.5347276926040649,-0.02658824995160103,0.7148599624633789,0.389024555683136,-0.06037304550409317,0.6912957429885864,0.5209358930587769,-0.07977687567472458,0.6838352680206299,0.600016713142395,-0.08943463116884232,0.6778588891029358,0.6636934280395508,-0.09566066414117813,0.7695609331130981,0.38601139187812805,-0.06639628112316132,0.7783265113830566,0.5389419794082642,-0.08123674243688583,0.7873606085777283,0.6307159662246704,-0.0840613916516304,0.7976646423339844,0.6946731209754944,-0.09009982645511627,0.8218574523925781,0.38657498359680176,-0.06679991632699966,0.8123751878738403,0.5365639328956604,-0.07603130489587784,0.8037043213844299,0.535771369934082,-0.06440716236829758,0.8049641251564026,0.5054066181182861,-0.05603855103254318,0.8655253648757935,0.3908274173736572,-0.06602083146572113,0.8377822041511536,0.5036183595657349,-0.07114599645137787,0.819750189781189,0.5045983791351318,-0.059799615293741226,0.8116264343261719,0.48102307319641113,-0.049822937697172165,Л
0.0,0.0,0.0,0.0,0.0,0.0,0.0,0.0,0.0,0.0,0.0,0.0,0.0,0.0,0.0,0.0,0.0,0.0,0.0,0.0,0.0,0.0,0.0,0.0,0.0,0.0,0.0,0.0,0.0,0.0,0.0,0.0,0.0,0.0,0.0,0.0,0.0,0.0,0.0,0.0,0.0,0.0,0.0,0.0,0.0,0.0,0.0,0.0,0.0,0.0,0.0,0.0,0.0,0.0,0.0,0.0,0.0,0.0,0.0,0.0,0.0,0.0,0.0,0.8434081077575684,0.21678473055362701,2.3087586953352002e-07,0.7678434252738953,0.27135342359542847,-6.0108336583653e-06,0.7350351810455322,0.3783358633518219,-0.012945380993187428,0.7567371726036072,0.47457072138786316,-0.022534998133778572,0.7918838262557983,0.535881519317627,-0.03359164670109749,0.7135045528411865,0.38969382643699646,-0.06753949075937271,0.6928373575210571,0.51995450258255,-0.08928173035383224,0.6867256164550781,0.6000766754150391,-0.10081904381513596,0.6815888285636902,0.664382815361023,-0.10858894884586334,0.76926589012146,0.3850202262401581,-0.07258719205856323,0.7833875417709351,0.5433054566383362,-0.09045763313770294,0.7916882634162903,0.6373657584190369,-0.09471309185028076,0.8009483218193054,0.7041842937469482,-0.1018683910369873,0.8223205804824829,0.384767085313797,-0.07133673876523972,0.8158148527145386,0.5373045802116394,-0.0818810984492302,0.8039863705635071,0.5236147046089172,-0.06808122992515564,0.8027939200401306,0.48569104075431824,-0.058227311819791794,0.8659204840660095,0.3879241347312927,-0.06904356181621552,0.8391420245170593,0.4950839579105377,-0.07600007206201553,0.8199127912521362,0.4837538003921509,-0.06371407955884933,0.8105850219726562,0.4532303214073181,-0.05280255153775215,Л
0.0,0.0,0.0,0.0,0.0,0.0,0.0,0.0,0.0,0.0,0.0,0.0,0.0,0.0,0.0,0.0,0.0,0.0,0.0,0.0,0.0,0.0,0.0,0.0,0.0,0.0,0.0,0.0,0.0,0.0,0.0,0.0,0.0,0.0,0.0,0.0,0.0,0.0,0.0,0.0,0.0,0.0,0.0,0.0,0.0,0.0,0.0,0.0,0.0,0.0,0.0,0.0,0.0,0.0,0.0,0.0,0.0,0.0,0.0,0.0,0.0,0.0,0.0,0.8435967564582825,0.21439504623413086,2.763512156889192e-07,0.7684236168861389,0.2677367329597473,-0.002719394862651825,0.7341001033782959,0.3746255338191986,-0.01537073403596878,0.7550376653671265,0.47137463092803955,-0.024591246619820595,0.7903187274932861,0.5351534485816956,-0.03467812389135361,0.7118731737136841,0.3873334527015686,-0.06204979121685028,0.6908058524131775,0.521953284740448,-0.08134479820728302,0.6843082308769226,0.6010456085205078,-0.09062778204679489,0.6787320375442505,0.6654701232910156,-0.09698373079299927,0.7675753235816956,0.38782674074172974,-0.06652963161468506,0.7806516885757446,0.5470542311668396,-0.08326826244592667,0.7879502177238464,0.6371192932128906,-0.08771761506795883,0.7941033840179443,0.7021640539169312,-0.09453527629375458,0.8204525709152222,0.389342337846756,-0.06554029136896133,0.8184868693351746,0.5395461320877075,-0.07834689319133759,0.8136022686958313,0.5298763513565063,-0.06769520044326782,0.8169281482696533,0.495830237865448,-0.05929514393210411,0.8641945719718933,0.3915335237979889,-0.06370430439710617,0.8397886157035828,0.4878002405166626,-0.07260693609714508,0.8233663439750671,0.47524797916412354,-0.06295283138751984,0.8165233731269836,0.4450376331806183,-0.053778357803821564,Л
0.0,0.0,0.0,0.0,0.0,0.0,0.0,0.0,0.0,0.0,0.0,0.0,0.0,0.0,0.0,0.0,0.0,0.0,0.0,0.0,0.0,0.0,0.0,0.0,0.0,0.0,0.0,0.0,0.0,0.0,0.0,0.0,0.0,0.0,0.0,0.0,0.0,0.0,0.0,0.0,0.0,0.0,0.0,0.0,0.0,0.0,0.0,0.0,0.0,0.0,0.0,0.0,0.0,0.0,0.0,0.0,0.0,0.0,0.0,0.0,0.0,0.0,0.0,0.8430766463279724,0.21531344950199127,2.93683001473255e-07,0.7686519026756287,0.27063560485839844,-0.0006057668942958117,0.730924129486084,0.36920589208602905,-0.013872641138732433,0.744860827922821,0.46378183364868164,-0.023411910980939865,0.7742230296134949,0.5302690267562866,-0.0345325842499733,0.7120012044906616,0.38644126057624817,-0.06755852699279785,0.6909913420677185,0.5224316120147705,-0.09002429991960526,0.6839748024940491,0.6026301383972168,-0.10136601328849792,0.6785706281661987,0.6668975949287415,-0.10797131061553955,0.7683066129684448,0.3838830590248108,-0.07232488691806793,0.7802013158798218,0.5488207340240479,-0.08903022110462189,0.7882169485092163,0.6414300203323364,-0.09233113378286362,0.7968021631240845,0.7061858177185059,-0.0979209691286087,0.8215237259864807,0.38424021005630493,-0.07120054215192795,0.8177911639213562,0.5369798541069031,-0.08115877211093903,0.809987485408783,0.5453906655311584,-0.06915894150733948,0.8104024529457092,0.5255727767944336,-0.06053462252020836,0.866624116897583,0.3866744041442871,-0.06907825917005539,0.8408410549163818,0.48524582386016846,-0.07449471950531006,0.8223866820335388,0.48389601707458496,-0.06288282573223114,0.8127505779266357,0.4637899100780487,-0.05254308134317398,Л
0.0,0.0,0.0,0.0,0.0,0.0,0.0,0.0,0.0,0.0,0.0,0.0,0.0,0.0,0.0,0.0,0.0,0.0,0.0,0.0,0.0,0.0,0.0,0.0,0.0,0.0,0.0,0.0,0.0,0.0,0.0,0.0,0.0,0.0,0.0,0.0,0.0,0.0,0.0,0.0,0.0,0.0,0.0,0.0,0.0,0.0,0.0,0.0,0.0,0.0,0.0,0.0,0.0,0.0,0.0,0.0,0.0,0.0,0.0,0.0,0.0,0.0,0.0,0.8405226469039917,0.2117207944393158,2.3344577471107186e-07,0.7696460485458374,0.27212703227996826,0.0006533364648930728,0.735358715057373,0.378288596868515,-0.0129788126796484,0.7490530014038086,0.4743896722793579,-0.023829033598303795,0.7762179374694824,0.543721079826355,-0.03662947937846184,0.7128098607063293,0.3873668611049652,-0.06718263775110245,0.6903290748596191,0.5212808847427368,-0.09038113057613373,0.6838858127593994,0.6012692451477051,-0.10223674029111862,0.6789671778678894,0.6661192774772644,-0.10963956266641617,0.7658908367156982,0.37763360142707825,-0.07471295446157455,0.776993453502655,0.5435360670089722,-0.09284321218729019,0.7874704003334045,0.6384735703468323,-0.09621225297451019,0.7979781627655029,0.7069655060768127,-0.10235893726348877,0.8192810416221619,0.3724801540374756,-0.07634010910987854,0.8136796355247498,0.5312569737434387,-0.08883422613143921,0.8064758777618408,0.5235520601272583,-0.07425788044929504,0.8071622252464294,0.48958900570869446,-0.06336541473865509,0.8668442964553833,0.3723372519016266,-0.07683774083852768,0.8437705039978027,0.48914146423339844,-0.08545450866222382,0.8283520936965942,0.48384252190589905,-0.07212886959314346,0.8213911056518555,0.457330584526062,-0.06008484587073326,Л
0.0,0.0,0.0,0.0,0.0,0.0,0.0,0.0,0.0,0.0,0.0,0.0,0.0,0.0,0.0,0.0,0.0,0.0,0.0,0.0,0.0,0.0,0.0,0.0,0.0,0.0,0.0,0.0,0.0,0.0,0.0,0.0,0.0,0.0,0.0,0.0,0.0,0.0,0.0,0.0,0.0,0.0,0.0,0.0,0.0,0.0,0.0,0.0,0.0,0.0,0.0,0.0,0.0,0.0,0.0,0.0,0.0,0.0,0.0,0.0,0.0,0.0,0.0,0.8462042808532715,0.21413256227970123,2.490968995516596e-07,0.7715938687324524,0.2658196687698364,-0.001169416238553822,0.7361462116241455,0.37183982133865356,-0.014021900482475758,0.7552055716514587,0.4703652262687683,-0.023667646571993828,0.7874864339828491,0.5356383323669434,-0.03454665467143059,0.7126147150993347,0.3858932852745056,-0.06536368280649185,0.6906099319458008,0.5195017457008362,-0.0869283527135849,0.6838998198509216,0.5992891192436218,-0.09788119792938232,0.6780347228050232,0.6627550721168518,-0.10502880811691284,0.7676177024841309,0.38028430938720703,-0.07072406262159348,0.7783312797546387,0.5386471748352051,-0.08838599175214767,0.78590989112854,0.6334931254386902,-0.09315573424100876,0.7939122319221497,0.7005506753921509,-0.10047980397939682,0.820244550704956,0.37907642126083374,-0.07036378234624863,0.8132790923118591,0.5341359972953796,-0.08211560547351837,0.8039682507514954,0.5289122462272644,-0.07019532471895218,0.8038357496261597,0.49552497267723083,-0.061152830719947815,0.864485502243042,0.3818347156047821,-0.06903109699487686,0.8388124704360962,0.4930053949356079,-0.07682424783706665,0.8205931782722473,0.48959627747535706,-0.06614687293767929,0.8117660284042358,0.463492751121521,-0.05617097392678261,Л
0.0,0.0,0.0,0.0,0.0,0.0,0.0,0.0,0.0,0.0,0.0,0.0,0.0,0.0,0.0,0.0,0.0,0.0,0.0,0.0,0.0,0.0,0.0,0.0,0.0,0.0,0.0,0.0,0.0,0.0,0.0,0.0,0.0,0.0,0.0,0.0,0.0,0.0,0.0,0.0,0.0,0.0,0.0,0.0,0.0,0.0,0.0,0.0,0.0,0.0,0.0,0.0,0.0,0.0,0.0,0.0,0.0,0.0,0.0,0.0,0.0,0.0,0.0,0.8397532105445862,0.20896029472351074,2.2944698230276117e-07,0.7670078873634338,0.267930805683136,0.00018385352450422943,0.7392127513885498,0.38078969717025757,-0.013074340298771858,0.7664060592651367,0.47960442304611206,-0.023557936772704124,0.8031085729598999,0.5416816473007202,-0.035073067992925644,0.7114198803901672,0.3825826346874237,-0.06233275309205055,0.6879333853721619,0.5184980034828186,-0.08131638914346695,0.6810647249221802,0.5980907678604126,-0.08972876518964767,0.6751556396484375,0.6627531051635742,-0.09565762430429459,0.7673431634902954,0.3818657696247101,-0.06844799220561981,0.777834415435791,0.5402777791023254,-0.08639116585254669,0.7844217419624329,0.632592499256134,-0.09055309742689133,0.7903203964233398,0.6984995603561401,-0.09700645506381989,0.8201611042022705,0.3833792805671692,-0.06847086548805237,0.8072313070297241,0.5308386087417603,-0.07915310561656952,0.7939057946205139,0.5182639360427856,-0.06547654420137405,0.7927225232124329,0.4831218123435974,-0.05526408925652504,0.8632031679153442,0.38648521900177,-0.06741953641176224,0.833298921585083,0.49327516555786133,-0.07278643548488617,0.8131933212280273,0.48545682430267334,-0.059628043323755264,0.8047112822532654,0.45801687240600586,-0.04829903319478035,Л
0.0,0.0,0.0,0.0,0.0,0.0,0.0,0.0,0.0,0.0,0.0,0.0,0.0,0.0,0.0,0.0,0.0,0.0,0.0,0.0,0.0,0.0,0.0,0.0,0.0,0.0,0.0,0.0,0.0,0.0,0.0,0.0,0.0,0.0,0.0,0.0,0.0,0.0,0.0,0.0,0.0,0.0,0.0,0.0,0.0,0.0,0.0,0.0,0.0,0.0,0.0,0.0,0.0,0.0,0.0,0.0,0.0,0.0,0.0,0.0,0.0,0.0,0.0,0.8413548469543457,0.21037068963050842,2.3676355453972064e-07,0.7651795148849487,0.26741090416908264,0.0022658496163785458,0.7254478931427002,0.36742904782295227,-0.01039594504982233,0.7366974353790283,0.45883041620254517,-0.020809926092624664,0.7668129801750183,0.5212043523788452,-0.0338292233645916,0.7086459398269653,0.38632655143737793,-0.06574679166078568,0.6860669851303101,0.5159822106361389,-0.08902622014284134,0.6782935261726379,0.5967665910720825,-0.10032481700181961,0.6725139617919922,0.6615588665008545,-0.10695575177669525,0.7622843980789185,0.38083481788635254,-0.07363970577716827,0.7728878259658813,0.5444542169570923,-0.09375310689210892,0.7808789014816284,0.6401574611663818,-0.09686685353517532,0.7894426584243774,0.7074151039123535,-0.10128866136074066,0.8163632154464722,0.3780133128166199,-0.0754663348197937,0.8099285364151001,0.5290497541427612,-0.088750459253788,0.7975887060165405,0.5284532308578491,-0.07420233637094498,0.7946253418922424,0.5004921555519104,-0.06198351830244064,0.8639833927154541,0.37858495116233826,-0.0759667307138443,0.8377776741981506,0.49259883165359497,-0.0827033519744873,0.8181309700012207,0.4966456890106201,-0.068446084856987,0.8075867891311646,0.47789493203163147,-0.055310603231191635,Л
0.0,0.0,0.0,0.0,0.0,0.0,0.0,0.0,0.0,0.0,0.0,0.0,0.0,0.0,0.0,0.0,0.0,0.0,0.0,0.0,0.0,0.0,0.0,0.0,0.0,0.0,0.0,0.0,0.0,0.0,0.0,0.0,0.0,0.0,0.0,0.0,0.0,0.0,0.0,0.0,0.0,0.0,0.0,0.0,0.0,0.0,0.0,0.0,0.0,0.0,0.0,0.0,0.0,0.0,0.0,0.0,0.0,0.0,0.0,0.0,0.0,0.0,0.0,0.8374653458595276,0.22129520773887634,2.738736100127426e-07,0.7627182006835938,0.2756524384021759,-0.001913325977511704,0.7267438769340515,0.3763873279094696,-0.01659230887889862,0.7433512210845947,0.47343215346336365,-0.02730897255241871,0.7707907557487488,0.5404068827629089,-0.040086518973112106,0.7061400413513184,0.38897544145584106,-0.07282233238220215,0.6857747435569763,0.5233246684074402,-0.0964747965335846,0.6794367432594299,0.6039653420448303,-0.10745853930711746,0.6749889254570007,0.6689388155937195,-0.11351001262664795,0.7612902522087097,0.38565799593925476,-0.0772830918431282,0.77294921875,0.5483289957046509,-0.09578484296798706,0.7805817723274231,0.6428080201148987,-0.0986429899930954,0.7892839312553406,0.7101086378097534,-0.10353081673383713,0.8139998316764832,0.38541266322135925,-0.07571109384298325,0.8085788488388062,0.5339704751968384,-0.0866381824016571,0.7982591390609741,0.5490056276321411,-0.0744883269071579,0.7971072196960449,0.5363519787788391,-0.0654158741235733,0.8591020107269287,0.38789841532707214,-0.07305815815925598,0.8325860500335693,0.49122345447540283,-0.07823793590068817,0.8121404647827148,0.49801409244537354,-0.06611157208681107,0.8014602661132812,0.48494815826416016,-0.0554225854575634,Л
0.0,0.0,0.0,0.0,0.0,0.0,0.0,0.0,0.0,0.0,0.0,0.0,0.0,0.0,0.0,0.0,0.0,0.0,0.0,0.0,0.0,0.0,0.0,0.0,0.0,0.0,0.0,0.0,0.0,0.0,0.0,0.0,0.0,0.0,0.0,0.0,0.0,0.0,0.0,0.0,0.0,0.0,0.0,0.0,0.0,0.0,0.0,0.0,0.0,0.0,0.0,0.0,0.0,0.0,0.0,0.0,0.0,0.0,0.0,0.0,0.0,0.0,0.0,0.8412339687347412,0.21600374579429626,2.2851860137507174e-07,0.7662867307662964,0.2708956003189087,9.049406799022108e-05,0.7283744812011719,0.3752917945384979,-0.013802618719637394,0.742513120174408,0.4740980565547943,-0.02467888407409191,0.7693368792533875,0.5433316826820374,-0.03758484497666359,0.7071931958198547,0.38784176111221313,-0.06890274584293365,0.6836358904838562,0.5225162506103516,-0.09411323815584183,0.6766462922096252,0.6046028137207031,-0.10634443908929825,0.6715459227561951,0.6698910593986511,-0.11311591416597366,0.7614829540252686,0.3809909224510193,-0.07565758377313614,0.7713077664375305,0.547085702419281,-0.09560663253068924,0.7800272703170776,0.6437417268753052,-0.09847404807806015,0.7897807359695435,0.7133299708366394,-0.10297167301177979,0.8142401576042175,0.3779222369194031,-0.07668384909629822,0.8066269755363464,0.5345973968505859,-0.08935755491256714,0.7945303916931152,0.5355604887008667,-0.07495863735675812,0.7922546863555908,0.5095216631889343,-0.06333717703819275,0.8602877855300903,0.3791658282279968,-0.07667245715856552,0.8354018330574036,0.4937335252761841,-0.08337996155023575,0.8158996105194092,0.5004539489746094,-0.07007160037755966,0.80491703748703,0.4854840636253357,-0.05775182321667671,Л
0.0,0.0,0.0,0.0,0.0,0.0,0.0,0.0,0.0,0.0,0.0,0.0,0.0,0.0,0.0,0.0,0.0,0.0,0.0,0.0,0.0,0.0,0.0,0.0,0.0,0.0,0.0,0.0,0.0,0.0,0.0,0.0,0.0,0.0,0.0,0.0,0.0,0.0,0.0,0.0,0.0,0.0,0.0,0.0,0.0,0.0,0.0,0.0,0.0,0.0,0.0,0.0,0.0,0.0,0.0,0.0,0.0,0.0,0.0,0.0,0.0,0.0,0.0,0.8442080020904541,0.21572884917259216,2.6240374495500873e-07,0.7696451544761658,0.2691628336906433,-0.0020865052938461304,0.7321859002113342,0.3739420175552368,-0.01657777838408947,0.7455088496208191,0.4734925329685211,-0.027402838692069054,0.7722964286804199,0.543021023273468,-0.04009654000401497,0.7091122269630432,0.38720637559890747,-0.07117656618356705,0.6860311627388,0.5219302177429199,-0.09586524963378906,0.6789635419845581,0.6036689877510071,-0.10803390294313431,0.6745696067810059,0.6685072183609009,-0.11486192792654037,0.7638931274414062,0.3815736174583435,-0.0764700248837471,0.7727354764938354,0.5463449954986572,-0.09572252631187439,0.7815996408462524,0.6438811421394348,-0.09902431070804596,0.7918264865875244,0.7129278182983398,-0.10418665409088135,0.8168463110923767,0.37970829010009766,-0.07609996944665909,0.8096520304679871,0.5356414914131165,-0.08860035985708237,0.8001178503036499,0.5424777269363403,-0.07585042715072632,0.7999140620231628,0.5193119049072266,-0.0657452791929245,0.8623151779174805,0.38192132115364075,-0.07480420917272568,0.8358880281448364,0.4920637011528015,-0.0822233185172081,0.8164475560188293,0.49986380338668823,-0.07072237133979797,0.8057528138160706,0.4855664074420929,-0.05989866331219673,Л
0.0,0.0,0.0,0.0,0.0,0.0,0.0,0.0,0.0,0.0,0.0,0.0,0.0,0.0,0.0,0.0,0.0,0.0,0.0,0.0,0.0,0.0,0.0,0.0,0.0,0.0,0.0,0.0,0.0,0.0,0.0,0.0,0.0,0.0,0.0,0.0,0.0,0.0,0.0,0.0,0.0,0.0,0.0,0.0,0.0,0.0,0.0,0.0,0.0,0.0,0.0,0.0,0.0,0.0,0.0,0.0,0.0,0.0,0.0,0.0,0.0,0.0,0.0,0.841461181640625,0.22097498178482056,2.5865492148113844e-07,0.7661885619163513,0.27888184785842896,-0.00026964364224113524,0.7343997359275818,0.38604333996772766,-0.013253899291157722,0.7597571015357971,0.48605626821517944,-0.02362865023314953,0.7958086729049683,0.5492103099822998,-0.03567144647240639,0.7096478343009949,0.39336156845092773,-0.060203079134225845,0.687209963798523,0.5272988677024841,-0.08165953308343887,0.6803281307220459,0.6087082028388977,-0.09219765663146973,0.6757062673568726,0.6735388040542603,-0.09818916767835617,0.763931155204773,0.3944709002971649,-0.06556373089551926,0.7738108038902283,0.5529759526252747,-0.08345149457454681,0.7820785045623779,0.648015558719635,-0.08817193657159805,0.7925694584846497,0.714280366897583,-0.09390930831432343,0.8152564764022827,0.39730721712112427,-0.06540825217962265,0.8077446818351746,0.5394901633262634,-0.07546941936016083,0.7967064380645752,0.548812747001648,-0.0648290291428566,0.7965215444564819,0.5307314395904541,-0.05611176788806915,0.8581573367118835,0.4020865559577942,-0.06420160830020905,0.8346163034439087,0.5070527791976929,-0.06654826551675797,0.8165902495384216,0.5122472047805786,-0.053540490567684174,0.8082480430603027,0.49502402544021606,-0.04223226010799408,Л
0.0,0.0,0.0,0.0,0.0,0.0,0.0,0.0,0.0,0.0,0.0,0.0,0.0,0.0,0.0,0.0,0.0,0.0,0.0,0.0,0.0,0.0,0.0,0.0,0.0,0.0,0.0,0.0,0.0,0.0,0.0,0.0,0.0,0.0,0.0,0.0,0.0,0.0,0.0,0.0,0.0,0.0,0.0,0.0,0.0,0.0,0.0,0.0,0.0,0.0,0.0,0.0,0.0,0.0,0.0,0.0,0.0,0.0,0.0,0.0,0.0,0.0,0.0,0.842050313949585,0.22232237458229065,2.862836083750153e-07,0.7642479538917542,0.2770615220069885,-0.00277666375041008,0.7266206741333008,0.38013750314712524,-0.016332006081938744,0.7390942573547363,0.4747471809387207,-0.02657930925488472,0.7687140703201294,0.5386374592781067,-0.03847311809659004,0.7112071514129639,0.3936200439929962,-0.0663263127207756,0.6857499480247498,0.525517463684082,-0.08733396232128143,0.6786417961120605,0.6062178611755371,-0.09678996354341507,0.6737528443336487,0.670536994934082,-0.10198023915290833,0.7679678201675415,0.3919943571090698,-0.07080262899398804,0.7756801843643188,0.5473533868789673,-0.08934805542230606,0.7812685966491699,0.6434312462806702,-0.09243238717317581,0.7886724472045898,0.7114612460136414,-0.0967632383108139,0.8215552568435669,0.39309170842170715,-0.06973070651292801,0.8101896047592163,0.5401324033737183,-0.081147700548172,0.794395923614502,0.5428037047386169,-0.06905188411474228,0.7909566164016724,0.5170611143112183,-0.05902770161628723,0.865204930305481,0.3972495198249817,-0.06788026541471481,0.8356144428253174,0.5039251446723938,-0.07303576171398163,0.8136977553367615,0.5083860158920288,-0.060660600662231445,0.8022814989089966,0.4900543987751007,-0.04927148297429085,Л
0.0,0.0,0.0,0.0,0.0,0.0,0.0,0.0,0.0,0.0,0.0,0.0,0.0,0.0,0.0,0.0,0.0,0.0,0.0,0.0,0.0,0.0,0.0,0.0,0.0,0.0,0.0,0.0,0.0,0.0,0.0,0.0,0.0,0.0,0.0,0.0,0.0,0.0,0.0,0.0,0.0,0.0,0.0,0.0,0.0,0.0,0.0,0.0,0.0,0.0,0.0,0.0,0.0,0.0,0.0,0.0,0.0,0.0,0.0,0.0,0.0,0.0,0.0,0.8405194878578186,0.21952107548713684,2.574385860043549e-07,0.7669938802719116,0.27678370475769043,-0.0005650068051181734,0.7313905954360962,0.3831983208656311,-0.015689626336097717,0.7506531476974487,0.48257583379745483,-0.02784324623644352,0.7814809679985046,0.5491131544113159,-0.04143916442990303,0.7115658521652222,0.3942088186740875,-0.0694747120141983,0.6867468953132629,0.5271896719932556,-0.0942263975739479,0.6784543991088867,0.6075796484947205,-0.10680131614208221,0.672488808631897,0.6718463897705078,-0.11462163180112839,0.7681339979171753,0.39249831438064575,-0.07560740411281586,0.7763655185699463,0.5529471039772034,-0.09622671455144882,0.7826206088066101,0.6466101408004761,-0.09996658563613892,0.7919496297836304,0.7157257795333862,-0.10572072118520737,0.8220056295394897,0.39187610149383545,-0.07572995126247406,0.8098965883255005,0.5383831858634949,-0.08700473606586456,0.7950781583786011,0.5215766429901123,-0.0701635330915451,0.7931066155433655,0.485177218914032,-0.057622600346803665,0.8670562505722046,0.3924804925918579,-0.07511860877275467,0.8376588225364685,0.49860328435897827,-0.08056721091270447,0.8174865245819092,0.4900375008583069,-0.06560108810663223,0.8089286684989929,0.4651683270931244,-0.05266441032290459,Л
0.0,0.0,0.0,0.0,0.0,0.0,0.0,0.0,0.0,0.0,0.0,0.0,0.0,0.0,0.0,0.0,0.0,0.0,0.0,0.0,0.0,0.0,0.0,0.0,0.0,0.0,0.0,0.0,0.0,0.0,0.0,0.0,0.0,0.0,0.0,0.0,0.0,0.0,0.0,0.0,0.0,0.0,0.0,0.0,0.0,0.0,0.0,0.0,0.0,0.0,0.0,0.0,0.0,0.0,0.0,0.0,0.0,0.0,0.0,0.0,0.0,0.0,0.0,0.8423753976821899,0.22315935790538788,2.67180666924105e-07,0.7675192952156067,0.28095176815986633,-0.0017479907255619764,0.7366523742675781,0.3912416398525238,-0.017705444246530533,0.7630109786987305,0.4919489026069641,-0.030103009194135666,0.7980232238769531,0.5569000244140625,-0.044435180723667145,0.7107088565826416,0.3937046527862549,-0.072319395840168,0.6883611083030701,0.5301125049591064,-0.09480684995651245,0.6803810000419617,0.610596776008606,-0.10499615967273712,0.6738767623901367,0.6760002374649048,-0.11163543909788132,0.7672104239463806,0.3905183970928192,-0.07802333682775497,0.7778148651123047,0.5560698509216309,-0.09923350811004639,0.7843322157859802,0.6498019695281982,-0.10388652235269547,0.7911163568496704,0.7158722877502441,-0.11021341383457184,0.821482241153717,0.3903987407684326,-0.077211394906044,0.8103352785110474,0.5431537628173828,-0.09072349965572357,0.7968936562538147,0.5360509157180786,-0.07678736746311188,0.7951242923736572,0.5044558048248291,-0.06586351245641708,0.8666794300079346,0.3927762806415558,-0.07517604529857635,0.8360075950622559,0.5020347237586975,-0.08278161287307739,0.8147856593132019,0.4944570064544678,-0.06947006285190582,0.8052234053611755,0.4667853116989136,-0.05761709064245224,Л
0.0,0.0,0.0,0.0,0.0,0.0,0.0,0.0,0.0,0.0,0.0,0.0,0.0,0.0,0.0,0.0,0.0,0.0,0.0,0.0,0.0,0.0,0.0,0.0,0.0,0.0,0.0,0.0,0.0,0.0,0.0,0.0,0.0,0.0,0.0,0.0,0.0,0.0,0.0,0.0,0.0,0.0,0.0,0.0,0.0,0.0,0.0,0.0,0.0,0.0,0.0,0.0,0.0,0.0,0.0,0.0,0.0,0.0,0.0,0.0,0.0,0.0,0.0,0.8501317501068115,0.22267021238803864,2.5979213091886777e-07,0.7745293378829956,0.27827900648117065,0.0015711556188762188,0.7343479990959167,0.37853366136550903,-0.010909964330494404,0.7460340857505798,0.4748789966106415,-0.020690323784947395,0.7720481753349304,0.5418604612350464,-0.03241029381752014,0.7169705033302307,0.39384615421295166,-0.06625996530056,0.6923145651817322,0.5283567309379578,-0.09096115082502365,0.6841435432434082,0.6109926700592041,-0.103136345744133,0.6788145303726196,0.6760681867599487,-0.10983731597661972,0.7715142369270325,0.3903518617153168,-0.07330252230167389,0.7800142168998718,0.559532880783081,-0.09314581006765366,0.7878514528274536,0.6557415723800659,-0.09617479145526886,0.7972385883331299,0.7223623394966125,-0.10049396008253098,0.8242865800857544,0.3891195058822632,-0.07452642172574997,0.8134790062904358,0.5463172197341919,-0.08718384057283401,0.8035526275634766,0.5554171800613403,-0.07291025668382645,0.8031659126281738,0.5347589254379272,-0.06111413985490799,0.8705947399139404,0.3899962604045868,-0.07458452880382538,0.8435340523719788,0.5026559829711914,-0.08070314675569534,0.8258094191551208,0.5079821944236755,-0.06646286696195602,0.8175798654556274,0.4893145263195038,-0.053286463022232056,Л
0.0,0.0,0.0,0.0,0.0,0.0,0.0,0.0,0.0,0.0,0.0,0.0,0.0,0.0,0.0,0.0,0.0,0.0,0.0,0.0,0.0,0.0,0.0,0.0,0.0,0.0,0.0,0.0,0.0,0.0,0.0,0.0,0.0,0.0,0.0,0.0,0.0,0.0,0.0,0.0,0.0,0.0,0.0,0.0,0.0,0.0,0.0,0.0,0.0,0.0,0.0,0.0,0.0,0.0,0.0,0.0,0.0,0.0,0.0,0.0,0.0,0.0,0.0,0.8522785305976868,0.23232312500476837,2.5891964128277323e-07,0.7778284549713135,0.28284698724746704,-0.0013486223760992289,0.7423730492591858,0.38574716448783875,-0.014379526488482952,0.7615148425102234,0.4854573905467987,-0.024016322568058968,0.7917729020118713,0.5526972413063049,-0.03492778167128563,0.7167309522628784,0.4021303653717041,-0.06434779614210129,0.6946462988853455,0.5364538431167603,-0.08703047037124634,0.6869515776634216,0.6160691380500793,-0.09937173128128052,0.6809991598129272,0.6809209585189819,-0.1069939136505127,0.7712513208389282,0.40342292189598083,-0.06868495792150497,0.7808248400688171,0.5626869797706604,-0.08645626157522202,0.7877203822135925,0.6548042297363281,-0.09157977253198624,0.7955304384231567,0.7218458652496338,-0.09867572784423828,0.8225016593933105,0.406840443611145,-0.0674671083688736,0.8144362568855286,0.5555891990661621,-0.07780952006578445,0.807388186454773,0.5534428358078003,-0.06656617671251297,0.809634268283844,0.525325357913971,-0.05808086693286896,0.8650029897689819,0.41231638193130493,-0.06540907174348831,0.8386663794517517,0.5188731551170349,-0.07051705569028854,0.8200973868370056,0.522428572177887,-0.059786465018987656,0.8099578022956848,0.505942702293396,-0.05010416731238365,Л
0.0,0.0,0.0,0.0,0.0,0.0,0.0,0.0,0.0,0.0,0.0,0.0,0.0,0.0,0.0,0.0,0.0,0.0,0.0,0.0,0.0,0.0,0.0,0.0,0.0,0.0,0.0,0.0,0.0,0.0,0.0,0.0,0.0,0.0,0.0,0.0,0.0,0.0,0.0,0.0,0.0,0.0,0.0,0.0,0.0,0.0,0.0,0.0,0.0,0.0,0.0,0.0,0.0,0.0,0.0,0.0,0.0,0.0,0.0,0.0,0.0,0.0,0.0,0.8542073369026184,0.23444144427776337,2.665067597718007e-07,0.7799310684204102,0.2839069962501526,-0.0016901898197829723,0.7413828372955322,0.38635653257369995,-0.012980014085769653,0.755752444267273,0.4835353195667267,-0.021533913910388947,0.7834444642066956,0.5486036539077759,-0.030749715864658356,0.718647837638855,0.40846753120422363,-0.05725397914648056,0.6965398192405701,0.5395681858062744,-0.07814032584428787,0.6890708208084106,0.6179340481758118,-0.08957438170909882,0.6836495399475098,0.6808850765228271,-0.09682463854551315,0.7727920413017273,0.41384801268577576,-0.061365555971860886,0.7831293940544128,0.5673806667327881,-0.07931742072105408,0.7913743853569031,0.6600770950317383,-0.0853627398610115,0.8007924556732178,0.7285841703414917,-0.0924348458647728,0.8246405720710754,0.41753634810447693,-0.060264069586992264,0.8178292512893677,0.5583155751228333,-0.0712287575006485,0.8080813884735107,0.5452564358711243,-0.059648215770721436,0.8081904053688049,0.5115742087364197,-0.05031188577413559,0.8677898049354553,0.42058220505714417,-0.058598242700099945,0.8415026664733887,0.5137609839439392,-0.06466086208820343,0.822804868221283,0.5064855217933655,-0.053753551095724106,0.8134720325469971,0.4836786091327667,-0.04330114647746086,Л
0.0,0.0,0.0,0.0,0.0,0.0,0.0,0.0,0.0,0.0,0.0,0.0,0.0,0.0,0.0,0.0,0.0,0.0,0.0,0.0,0.0,0.0,0.0,0.0,0.0,0.0,0.0,0.0,0.0,0.0,0.0,0.0,0.0,0.0,0.0,0.0,0.0,0.0,0.0,0.0,0.0,0.0,0.0,0.0,0.0,0.0,0.0,0.0,0.0,0.0,0.0,0.0,0.0,0.0,0.0,0.0,0.0,0.0,0.0,0.0,0.0,0.0,0.0,0.8561164140701294,0.23207220435142517,2.855262266621139e-07,0.7793906331062317,0.28796058893203735,-0.001589191728271544,0.7417879104614258,0.3944509029388428,-0.01566658355295658,0.7593614459037781,0.491314172744751,-0.02656204253435135,0.7925769686698914,0.5559879541397095,-0.03891962394118309,0.7232770919799805,0.40603768825531006,-0.06717679649591446,0.7000618577003479,0.5405304431915283,-0.08943101763725281,0.6918624639511108,0.620924174785614,-0.10080812871456146,0.6855281591415405,0.6855052709579468,-0.10803760588169098,0.7793498039245605,0.40453478693962097,-0.07281091809272766,0.7874090075492859,0.5638980865478516,-0.09107465296983719,0.793005645275116,0.6579116582870483,-0.09473159909248352,0.8000578284263611,0.7246745824813843,-0.1008085310459137,0.8330172300338745,0.404530793428421,-0.07265835255384445,0.8217350840568542,0.5550199747085571,-0.08387397229671478,0.8113253712654114,0.5502049922943115,-0.07020924985408783,0.8120551109313965,0.5182259678840637,-0.06006282567977905,0.8786484003067017,0.4060157537460327,-0.07176177203655243,0.8495197296142578,0.5095531940460205,-0.07854840159416199,0.829949140548706,0.5040700435638428,-0.06611387431621552,0.8215569257736206,0.4773303270339966,-0.05498971417546272,Л
0.0,0.0,0.0,0.0,0.0,0.0,0.0,0.0,0.0,0.0,0.0,0.0,0.0,0.0,0.0,0.0,0.0,0.0,0.0,0.0,0.0,0.0,0.0,0.0,0.0,0.0,0.0,0.0,0.0,0.0,0.0,0.0,0.0,0.0,0.0,0.0,0.0,0.0,0.0,0.0,0.0,0.0,0.0,0.0,0.0,0.0,0.0,0.0,0.0,0.0,0.0,0.0,0.0,0.0,0.0,0.0,0.0,0.0,0.0,0.0,0.0,0.0,0.0,0.8575873374938965,0.22558856010437012,2.540102457260218e-07,0.7824640274047852,0.28501737117767334,0.0017940918914973736,0.7465227842330933,0.3942388892173767,-0.014081995002925396,0.7638669610023499,0.49217915534973145,-0.02758488990366459,0.7972756624221802,0.5588654279708862,-0.043713875114917755,0.7226145267486572,0.40040862560272217,-0.07304905354976654,0.6998938322067261,0.5413975119590759,-0.0983700081706047,0.6915578842163086,0.6234991550445557,-0.1115160584449768,0.6850329041481018,0.6894938349723816,-0.11992641538381577,0.7797461748123169,0.3930618166923523,-0.08283507078886032,0.7860401272773743,0.566781222820282,-0.1020871251821518,0.7915583252906799,0.6621704697608948,-0.10526815056800842,0.7972108125686646,0.7300359606742859,-0.11168842017650604,0.836698591709137,0.38875070214271545,-0.08635590970516205,0.8247406482696533,0.5541341304779053,-0.09934693574905396,0.8147079944610596,0.5458958148956299,-0.08417337387800217,0.8145727515220642,0.5095276832580566,-0.0732424184679985,0.8863672614097595,0.38782885670661926,-0.08864974230527878,0.8568295240402222,0.503808319568634,-0.09831605851650238,0.8384168744087219,0.4982433319091797,-0.08535414934158325,0.8308643102645874,0.47018924355506897,-0.07384800165891647,Л
0.0,0.0,0.0,0.0,0.0,0.0,0.0,0.0,0.0,0.0,0.0,0.0,0.0,0.0,0.0,0.0,0.0,0.0,0.0,0.0,0.0,0.0,0.0,0.0,0.0,0.0,0.0,0.0,0.0,0.0,0.0,0.0,0.0,0.0,0.0,0.0,0.0,0.0,0.0,0.0,0.0,0.0,0.0,0.0,0.0,0.0,0.0,0.0,0.0,0.0,0.0,0.0,0.0,0.0,0.0,0.0,0.0,0.0,0.0,0.0,0.0,0.0,0.0,0.8572641611099243,0.22554749250411987,3.0477906420856016e-07,0.7811939716339111,0.2804507613182068,-0.0024355771020054817,0.7483883500099182,0.38745424151420593,-0.017765561118721962,0.7687819004058838,0.4853568971157074,-0.03012368269264698,0.8010690212249756,0.5519648790359497,-0.043597009032964706,0.72197026014328,0.40152716636657715,-0.0674535408616066,0.6982716917991638,0.5372242331504822,-0.0901067778468132,0.6904664635658264,0.6184059381484985,-0.10092548280954361,0.6851030588150024,0.6832250356674194,-0.10744333267211914,0.7782577872276306,0.40289801359176636,-0.0737467110157013,0.7825286388397217,0.564755916595459,-0.09444350004196167,0.7884703278541565,0.6629743576049805,-0.09965910017490387,0.7970941662788391,0.7333446741104126,-0.1058989018201828,0.8330894708633423,0.4040483236312866,-0.0741889551281929,0.8206693530082703,0.5524134635925293,-0.08688897639513016,0.8064025044441223,0.5392418503761292,-0.0732540562748909,0.8033416271209717,0.5039090514183044,-0.06240219622850418,0.8788517713546753,0.4053581655025482,-0.0739159882068634,0.8499935269355774,0.5096946954727173,-0.08067125827074051,0.8302139639854431,0.5018564462661743,-0.06719856709241867,0.8211484551429749,0.4751823842525482,-0.05495303496718407,Л
0.0,0.0,0.0,0.0,0.0,0.0,0.0,0.0,0.0,0.0,0.0,0.0,0.0,0.0,0.0,0.0,0.0,0.0,0.0,0.0,0.0,0.0,0.0,0.0,0.0,0.0,0.0,0.0,0.0,0.0,0.0,0.0,0.0,0.0,0.0,0.0,0.0,0.0,0.0,0.0,0.0,0.0,0.0,0.0,0.0,0.0,0.0,0.0,0.0,0.0,0.0,0.0,0.0,0.0,0.0,0.0,0.0,0.0,0.0,0.0,0.0,0.0,0.0,0.8549563884735107,0.23676303029060364,2.664808391728002e-07,0.7766554355621338,0.29079708456993103,0.0028849414084106684,0.7364866733551025,0.38987240195274353,-0.00904074776917696,0.7490713596343994,0.48578453063964844,-0.01834237203001976,0.7775865197181702,0.5530859231948853,-0.029127882793545723,0.7174617052078247,0.41091015934944153,-0.0648721233010292,0.6953732967376709,0.5428797006607056,-0.0883355364203453,0.6881937384605408,0.6240333914756775,-0.10148465633392334,0.6837965250015259,0.6896106004714966,-0.10961182415485382,0.7717235088348389,0.4106769859790802,-0.07117372006177902,0.7825444340705872,0.573022186756134,-0.09002505987882614,0.7907791137695312,0.6689745783805847,-0.09436587244272232,0.8009759783744812,0.737809419631958,-0.10083341598510742,0.8246672749519348,0.41301289200782776,-0.07125703990459442,0.8188465237617493,0.5634959936141968,-0.08079879730939865,0.8114158511161804,0.5560608506202698,-0.06600992381572723,0.8128494024276733,0.5225425362586975,-0.05520022287964821,0.8696197271347046,0.41786623001098633,-0.07035975903272629,0.8448629975318909,0.5232526063919067,-0.07432445883750916,0.8280153870582581,0.5194715857505798,-0.06060189753770828,0.8193066120147705,0.4956410229206085,-0.04856486991047859,Л
0.0,0.0,0.0,0.0,0.0,0.0,0.0,0.0,0.0,0.0,0.0,0.0,0.0,0.0,0.0,0.0,0.0,0.0,0.0,0.0,0.0,0.0,0.0,0.0,0.0,0.0,0.0,0.0,0.0,0.0,0.0,0.0,0.0,0.0,0.0,0.0,0.0,0.0,0.0,0.0,0.0,0.0,0.0,0.0,0.0,0.0,0.0,0.0,0.0,0.0,0.0,0.0,0.0,0.0,0.0,0.0,0.0,0.0,0.0,0.0,0.0,0.0,0.0,0.854559063911438,0.23355737328529358,2.7662807156048075e-07,0.7806788086891174,0.2888604998588562,-0.00491752615198493,0.7386597394943237,0.39642995595932007,-0.01884477399289608,0.7469552159309387,0.49952566623687744,-0.028545428067445755,0.770893931388855,0.5714393854141235,-0.03925994038581848,0.7183600664138794,0.4103047847747803,-0.06954410672187805,0.6941931843757629,0.5449450612068176,-0.09125275164842606,0.6867129802703857,0.6268353462219238,-0.10054672509431839,0.681751012802124,0.6916757225990295,-0.10589209944009781,0.7731693387031555,0.4055536985397339,-0.07327529788017273,0.7811344861984253,0.5723593235015869,-0.09399708360433578,0.7889823913574219,0.6711687445640564,-0.0971309021115303,0.7984929084777832,0.7397220134735107,-0.10139807313680649,0.8270851969718933,0.40425682067871094,-0.0715147852897644,0.8165702223777771,0.5624275207519531,-0.0860942006111145,0.8064637780189514,0.5624563097953796,-0.07176438719034195,0.8062731027603149,0.5337224006652832,-0.059312790632247925,0.8728488683700562,0.40717610716819763,-0.0690363273024559,0.8427071571350098,0.5221545100212097,-0.07771620154380798,0.8234233856201172,0.5235677361488342,-0.06520333886146545,0.8144738078117371,0.5015444755554199,-0.052859243005514145,Л
0.0,0.0,0.0,0.0,0.0,0.0,0.0,0.0,0.0,0.0,0.0,0.0,0.0,0.0,0.0,0.0,0.0,0.0,0.0,0.0,0.0,0.0,0.0,0.0,0.0,0.0,0.0,0.0,0.0,0.0,0.0,0.0,0.0,0.0,0.0,0.0,0.0,0.0,0.0,0.0,0.0,0.0,0.0,0.0,0.0,0.0,0.0,0.0,0.0,0.0,0.0,0.0,0.0,0.0,0.0,0.0,0.0,0.0,0.0,0.0,0.0,0.0,0.0,0.8536595106124878,0.22673961520195007,2.6301742650503e-07,0.777751624584198,0.2837076187133789,0.0012838438851758838,0.7450776100158691,0.39243221282958984,-0.014278224669396877,0.7696499824523926,0.4948248863220215,-0.02742241881787777,0.8037934303283691,0.5618578195571899,-0.04227116331458092,0.7162253260612488,0.40147238969802856,-0.06857763230800629,0.6927734017372131,0.538249135017395,-0.09362009167671204,0.6847012042999268,0.621174693107605,-0.1064896434545517,0.6791761517524719,0.6876737475395203,-0.11480099707841873,0.7720329761505127,0.4007236361503601,-0.07680930197238922,0.7792254686355591,0.5678901672363281,-0.09733852744102478,0.785886287689209,0.6652359366416931,-0.10175546258687973,0.793792724609375,0.7352486252784729,-0.1083783209323883,0.8273529410362244,0.4008861482143402,-0.07886220514774323,0.8154023885726929,0.5506821274757385,-0.08940275013446808,0.8038102984428406,0.5392266511917114,-0.07234486937522888,0.8028861880302429,0.5045038461685181,-0.059960369020700455,0.8746256828308105,0.40234601497650146,-0.08012846112251282,0.8463144898414612,0.5087782144546509,-0.08486593514680862,0.8264579772949219,0.5079801082611084,-0.07007388025522232,0.8167018294334412,0.48868894577026367,-0.0575178824365139,Л
0.0,0.0,0.0,0.0,0.0,0.0,0.0,0.0,0.0,0.0,0.0,0.0,0.0,0.0,0.0,0.0,0.0,0.0,0.0,0.0,0.0,0.0,0.0,0.0,0.0,0.0,0.0,0.0,0.0,0.0,0.0,0.0,0.0,0.0,0.0,0.0,0.0,0.0,0.0,0.0,0.0,0.0,0.0,0.0,0.0,0.0,0.0,0.0,0.0,0.0,0.0,0.0,0.0,0.0,0.0,0.0,0.0,0.0,0.0,0.0,0.0,0.0,0.0,0.8534017205238342,0.23135598003864288,2.2918474940070155e-07,0.7769339084625244,0.28381845355033875,-0.0002384807012276724,0.7373930215835571,0.387677937746048,-0.012312302365899086,0.7499070763587952,0.4899754822254181,-0.021388277411460876,0.7759511470794678,0.5593404173851013,-0.03161589056253433,0.71742844581604,0.4065016508102417,-0.06312680244445801,0.6921596527099609,0.5427295565605164,-0.08485671877861023,0.684206485748291,0.625240683555603,-0.09598296880722046,0.6783652305603027,0.6916455030441284,-0.10306398570537567,0.7721043229103088,0.4123241603374481,-0.06757868826389313,0.777651309967041,0.5721340179443359,-0.08621730655431747,0.7855401039123535,0.6692424416542053,-0.0909792110323906,0.7952199578285217,0.7402046918869019,-0.09739136695861816,0.8245723843574524,0.4172261357307434,-0.06602609902620316,0.8107621073722839,0.560276448726654,-0.0740022286772728,0.7968217730522156,0.5463889837265015,-0.05820820480585098,0.7942019701004028,0.5114398002624512,-0.04685242101550102,0.8682165145874023,0.42165082693099976,-0.06391427665948868,0.8397344350814819,0.5277076363563538,-0.06607933342456818,0.8197492957115173,0.5245009064674377,-0.05146210268139839,0.8098711371421814,0.5025768280029297,-0.039019692689180374,Л
0.0,0.0,0.0,0.0,0.0,0.0,0.0,0.0,0.0,0.0,0.0,0.0,0.0,0.0,0.0,0.0,0.0,0.0,0.0,0.0,0.0,0.0,0.0,0.0,0.0,0.0,0.0,0.0,0.0,0.0,0.0,0.0,0.0,0.0,0.0,0.0,0.0,0.0,0.0,0.0,0.0,0.0,0.0,0.0,0.0,0.0,0.0,0.0,0.0,0.0,0.0,0.0,0.0,0.0,0.0,0.0,0.0,0.0,0.0,0.0,0.0,0.0,0.0,0.8520611524581909,0.23535652458667755,2.440509376810951e-07,0.7734032273292542,0.28567516803741455,-0.0022784152533859015,0.7310355305671692,0.3884032666683197,-0.015470358543097973,0.7414068579673767,0.48796480894088745,-0.025604229420423508,0.7715070843696594,0.5550412535667419,-0.0372358001768589,0.7159437537193298,0.4064728915691376,-0.06705660372972488,0.6923043727874756,0.5401199460029602,-0.09059920907020569,0.6843217611312866,0.6244136095046997,-0.10211185365915298,0.6785590052604675,0.6906387805938721,-0.10902851074934006,0.7714794874191284,0.4094497561454773,-0.07245786488056183,0.7779428362846375,0.5714491605758667,-0.09471622854471207,0.7843803763389587,0.6690675020217896,-0.09856496751308441,0.7931419014930725,0.7363673448562622,-0.10310006886720657,0.8251280784606934,0.41292211413383484,-0.07227714359760284,0.8112460970878601,0.561008870601654,-0.08662398159503937,0.798697292804718,0.5486732125282288,-0.0705326572060585,0.7987237572669983,0.5102241635322571,-0.05662485584616661,0.869560718536377,0.4171749949455261,-0.07149671763181686,0.8367929458618164,0.5296645164489746,-0.07908554375171661,0.8171103596687317,0.5270528197288513,-0.0645761638879776,0.8094114065170288,0.5007884502410889,-0.050755374133586884,Л
0.0,0.0,0.0,0.0,0.0,0.0,0.0,0.0,0.0,0.0,0.0,0.0,0.0,0.0,0.0,0.0,0.0,0.0,0.0,0.0,0.0,0.0,0.0,0.0,0.0,0.0,0.0,0.0,0.0,0.0,0.0,0.0,0.0,0.0,0.0,0.0,0.0,0.0,0.0,0.0,0.0,0.0,0.0,0.0,0.0,0.0,0.0,0.0,0.0,0.0,0.0,0.0,0.0,0.0,0.0,0.0,0.0,0.0,0.0,0.0,0.0,0.0,0.0,0.8472471237182617,0.2351905256509781,2.570891695086175e-07,0.7714518904685974,0.2904873788356781,-0.0008540945127606392,0.7316840887069702,0.3969244658946991,-0.014697546139359474,0.7427762746810913,0.49678200483322144,-0.025258557870984077,0.770077645778656,0.5637624263763428,-0.037675417959690094,0.715087354183197,0.4074699580669403,-0.07069683820009232,0.6904610395431519,0.5406901836395264,-0.09337206929922104,0.6830738186836243,0.6227495670318604,-0.10285850614309311,0.6777477264404297,0.6875618100166321,-0.10820738971233368,0.7688920497894287,0.402565062046051,-0.07625523209571838,0.7770334482192993,0.5663238763809204,-0.09751133620738983,0.7829356789588928,0.665395975112915,-0.09960824996232986,0.7909823060035706,0.7355366945266724,-0.10302136093378067,0.8228035569190979,0.4008670449256897,-0.07556205987930298,0.8121473789215088,0.5526398420333862,-0.08798655867576599,0.7986305356025696,0.5458233952522278,-0.06987606734037399,0.7972955107688904,0.5127232670783997,-0.055029988288879395,0.8692842721939087,0.40327534079551697,-0.07398873567581177,0.8400859832763672,0.5204548239707947,-0.07996464520692825,0.8192669153213501,0.5258697867393494,-0.06439877301454544,0.8089065551757812,0.5084182024002075,-0.05011102557182312,Л
0.0,0.0,0.0,0.0,0.0,0.0,0.0,0.0,0.0,0.0,0.0,0.0,0.0,0.0,0.0,0.0,0.0,0.0,0.0,0.0,0.0,0.0,0.0,0.0,0.0,0.0,0.0,0.0,0.0,0.0,0.0,0.0,0.0,0.0,0.0,0.0,0.0,0.0,0.0,0.0,0.0,0.0,0.0,0.0,0.0,0.0,0.0,0.0,0.0,0.0,0.0,0.0,0.0,0.0,0.0,0.0,0.0,0.0,0.0,0.0,0.0,0.0,0.0,0.848106324672699,0.22985172271728516,3.1081813745004183e-07,0.7693444490432739,0.28417283296585083,-0.0023131815250962973,0.7308793067932129,0.3894020617008209,-0.016057167202234268,0.7506903409957886,0.4877201020717621,-0.0265281330794096,0.7835838198661804,0.5515245199203491,-0.03798627480864525,0.7125651240348816,0.4059658348560333,-0.06659945845603943,0.6904783248901367,0.5399243831634521,-0.08781887590885162,0.6837418675422668,0.6197661757469177,-0.0983811467885971,0.6791380643844604,0.6851284503936768,-0.1056562140583992,0.7690299153327942,0.40690183639526367,-0.07122931629419327,0.7776013016700745,0.5669224858283997,-0.09056790918111801,0.7843095660209656,0.6627573370933533,-0.09591904282569885,0.7932621240615845,0.732369065284729,-0.10333980619907379,0.8238925933837891,0.4086214005947113,-0.06991827487945557,0.8158506751060486,0.5583458542823792,-0.08163920044898987,0.804443359375,0.5444112420082092,-0.06822197139263153,0.8036363124847412,0.507673978805542,-0.058189697563648224,0.8684111833572388,0.4116949439048767,-0.06794291734695435,0.8393699526786804,0.510989248752594,-0.07527240365743637,0.8184561133384705,0.5028186440467834,-0.06421327590942383,0.8083814978599548,0.4770602285861969,-0.05414886400103569,Л
0.0,0.0,0.0,0.0,0.0,0.0,0.0,0.0,0.0,0.0,0.0,0.0,0.0,0.0,0.0,0.0,0.0,0.0,0.0,0.0,0.0,0.0,0.0,0.0,0.0,0.0,0.0,0.0,0.0,0.0,0.0,0.0,0.0,0.0,0.0,0.0,0.0,0.0,0.0,0.0,0.0,0.0,0.0,0.0,0.0,0.0,0.0,0.0,0.0,0.0,0.0,0.0,0.0,0.0,0.0,0.0,0.0,0.0,0.0,0.0,0.0,0.0,0.0,0.8491585850715637,0.2319369912147522,1.9348151170106576e-07,0.7729671001434326,0.2844339609146118,0.0036437304224818945,0.7315950989723206,0.3851189911365509,-0.0062289466150105,0.7393453121185303,0.48022395372390747,-0.013302605599164963,0.7651755213737488,0.5477949976921082,-0.02223030850291252,0.7119380831718445,0.4071645438671112,-0.0639251172542572,0.6896235942840576,0.5377283692359924,-0.08649570494890213,0.6826604008674622,0.6198081970214844,-0.0986228883266449,0.6778972148895264,0.6855974793434143,-0.10619068145751953,0.7638024687767029,0.402018666267395,-0.07043332606554031,0.7737823724746704,0.5641735792160034,-0.08925481885671616,0.7822304368019104,0.6622903347015381,-0.0940651148557663,0.7924423813819885,0.7310067415237427,-0.10059507936239243,0.8159525990486145,0.4024388790130615,-0.0705849751830101,0.8089398145675659,0.5553328990936279,-0.08215826004743576,0.7996633648872375,0.5540666580200195,-0.06834928691387177,0.7996151447296143,0.5240581035614014,-0.057260662317276,0.861382246017456,0.40747663378715515,-0.06927482038736343,0.8354898691177368,0.5229818224906921,-0.07591817528009415,0.817340612411499,0.5240474343299866,-0.062684565782547,0.8079248666763306,0.5009716749191284,-0.050127044320106506,Л
0.0,0.0,0.0,0.0,0.0,0.0,0.0,0.0,0.0,0.0,0.0,0.0,0.0,0.0,0.0,0.0,0.0,0.0,0.0,0.0,0.0,0.0,0.0,0.0,0.0,0.0,0.0,0.0,0.0,0.0,0.0,0.0,0.0,0.0,0.0,0.0,0.0,0.0,0.0,0.0,0.0,0.0,0.0,0.0,0.0,0.0,0.0,0.0,0.0,0.0,0.0,0.0,0.0,0.0,0.0,0.0,0.0,0.0,0.0,0.0,0.0,0.0,0.0,0.8469915390014648,0.229942187666893,2.3267389792636095e-07,0.771005392074585,0.2859308123588562,-0.0009744497365318239,0.7374555468559265,0.3957664370536804,-0.014852596446871758,0.7593418955802917,0.4945445954799652,-0.026062708348035812,0.7920287251472473,0.5585002899169922,-0.03871023282408714,0.7106311321258545,0.4052838981151581,-0.06494608521461487,0.6875088810920715,0.5360531210899353,-0.08836798369884491,0.6815233826637268,0.6197249293327332,-0.10090366750955582,0.6773620843887329,0.6851466298103333,-0.10897892713546753,0.7656158804893494,0.4028109312057495,-0.07157294452190399,0.7733482718467712,0.5628339052200317,-0.09198080748319626,0.7807680368423462,0.6628537774085999,-0.09835655242204666,0.7910153865814209,0.7338001728057861,-0.10605797916650772,0.8200123906135559,0.4021434783935547,-0.0723164826631546,0.8086694478988647,0.5492461323738098,-0.08443358540534973,0.7933579087257385,0.5363836884498596,-0.07092753797769547,0.790654718875885,0.4993889331817627,-0.06033428758382797,0.8666011095046997,0.4031013250350952,-0.07224219292402267,0.8387272357940674,0.5150362849235535,-0.07858259975910187,0.8199345469474792,0.5068008303642273,-0.06450439989566803,0.8128309845924377,0.47693055868148804,-0.05194583162665367,Л
0.0,0.0,0.0,0.0,0.0,0.0,0.0,0.0,0.0,0.0,0.0,0.0,0.0,0.0,0.0,0.0,0.0,0.0,0.0,0.0,0.0,0.0,0.0,0.0,0.0,0.0,0.0,0.0,0.0,0.0,0.0,0.0,0.0,0.0,0.0,0.0,0.0,0.0,0.0,0.0,0.0,0.0,0.0,0.0,0.0,0.0,0.0,0.0,0.0,0.0,0.0,0.0,0.0,0.0,0.0,0.0,0.0,0.0,0.0,0.0,0.0,0.0,0.0,0.844279408454895,0.23323146998882294,2.4625731498417736e-07,0.769965648651123,0.2882707715034485,-0.0008617868879809976,0.7279399633407593,0.3896786868572235,-0.013957238756120205,0.7359732985496521,0.4858098030090332,-0.023647762835025787,0.7602083086967468,0.554800808429718,-0.035485029220581055,0.7105265855789185,0.4054229259490967,-0.07024607807397842,0.6877824068069458,0.5390355587005615,-0.09460987150669098,0.6801089644432068,0.6221226453781128,-0.1067219227552414,0.6745863556861877,0.6875239610671997,-0.11384966969490051,0.7636829614639282,0.3987724781036377,-0.07641348987817764,0.7716116905212402,0.5681179761886597,-0.09649654477834702,0.7792302370071411,0.6672362089157104,-0.10023363679647446,0.7886022925376892,0.7353541851043701,-0.10559872537851334,0.817164421081543,0.3954985737800598,-0.07663993537425995,0.8104746341705322,0.554008424282074,-0.09020454436540604,0.8028243780136108,0.5580201745033264,-0.07612831145524979,0.8032813668251038,0.5308284163475037,-0.06455643475055695,0.8651935458183289,0.3969446122646332,-0.0757988765835762,0.8408801555633545,0.513790488243103,-0.08415623754262924,0.8245067000389099,0.5145601630210876,-0.07082755118608475,0.8167159557342529,0.49005287885665894,-0.058144159615039825,Л
0.0,0.0,0.0,0.0,0.0,0.0,0.0,0.0,0.0,0.0,0.0,0.0,0.0,0.0,0.0,0.0,0.0,0.0,0.0,0.0,0.0,0.0,0.0,0.0,0.0,0.0,0.0,0.0,0.0,0.0,0.0,0.0,0.0,0.0,0.0,0.0,0.0,0.0,0.0,0.0,0.0,0.0,0.0,0.0,0.0,0.0,0.0,0.0,0.0,0.0,0.0,0.0,0.0,0.0,0.0,0.0,0.0,0.0,0.0,0.0,0.0,0.0,0.0,0.8457812070846558,0.22971177101135254,2.4596181447122945e-07,0.7737520933151245,0.2864399254322052,-0.0025842697359621525,0.7388774752616882,0.3973773717880249,-0.018682295456528664,0.7586731910705566,0.4985828101634979,-0.03154605254530907,0.7895540595054626,0.5682682991027832,-0.046138085424900055,0.7102631330490112,0.40466904640197754,-0.07108641415834427,0.6875595450401306,0.540529727935791,-0.0959727093577385,0.6802666783332825,0.6220054626464844,-0.10840041190385818,0.67460036277771,0.6873764991760254,-0.11604684591293335,0.7661375999450684,0.398257851600647,-0.0784255713224411,0.7715667486190796,0.567173421382904,-0.09934926778078079,0.7785861492156982,0.6652674078941345,-0.10370852053165436,0.787306547164917,0.7369333505630493,-0.1099524274468422,0.8209847807884216,0.39482757449150085,-0.07998000085353851,0.8088054060935974,0.5508314371109009,-0.09490206837654114,0.7977650761604309,0.536331295967102,-0.08016113936901093,0.7973767518997192,0.4977406859397888,-0.06825292110443115,0.8691555261611938,0.3954862356185913,-0.08071170002222061,0.8408718705177307,0.5103150606155396,-0.09064561873674393,0.8250935673713684,0.5010839104652405,-0.07687173038721085,0.8198325634002686,0.47106292843818665,-0.06410662084817886,Л
0.0,0.0,0.0,0.0,0.0,0.0,0.0,0.0,0.0,0.0,0.0,0.0,0.0,0.0,0.0,0.0,0.0,0.0,0.0,0.0,0.0,0.0,0.0,0.0,0.0,0.0,0.0,0.0,0.0,0.0,0.0,0.0,0.0,0.0,0.0,0.0,0.0,0.0,0.0,0.0,0.0,0.0,0.0,0.0,0.0,0.0,0.0,0.0,0.0,0.0,0.0,0.0,0.0,0.0,0.0,0.0,0.0,0.0,0.0,0.0,0.0,0.0,0.0,0.8435813784599304,0.2365616112947464,2.2211467864963197e-07,0.7657806277275085,0.291578471660614,0.0020503622945398092,0.730461597442627,0.3951432406902313,-0.009683242999017239,0.748633861541748,0.4937434792518616,-0.018947899341583252,0.7798407673835754,0.5591846108436584,-0.029882606118917465,0.7090286016464233,0.4096043109893799,-0.06054204702377319,0.6844310760498047,0.5425369739532471,-0.08100397139787674,0.6778843402862549,0.6253572702407837,-0.09125036746263504,0.6738588213920593,0.6917204856872559,-0.0974440649151802,0.7635452151298523,0.41175776720046997,-0.06627123057842255,0.7709822654724121,0.5676073431968689,-0.0832357108592987,0.7778635621070862,0.6621074080467224,-0.08734766393899918,0.7871059775352478,0.7299778461456299,-0.09329283982515335,0.815692126750946,0.4160695970058441,-0.06593851000070572,0.8051966428756714,0.5576083064079285,-0.07374940812587738,0.7922346591949463,0.5484647750854492,-0.0602702721953392,0.7907533645629883,0.5170300006866455,-0.050468456000089645,0.8589884042739868,0.42208555340766907,-0.06454721093177795,0.8331243991851807,0.5276220440864563,-0.0663265734910965,0.8144980072975159,0.5247978568077087,-0.05212763324379921,0.8057564496994019,0.5030965209007263,-0.04006427153944969,Л
0.0,0.0,0.0,0.0,0.0,0.0,0.0,0.0,0.0,0.0,0.0,0.0,0.0,0.0,0.0,0.0,0.0,0.0,0.0,0.0,0.0,0.0,0.0,0.0,0.0,0.0,0.0,0.0,0.0,0.0,0.0,0.0,0.0,0.0,0.0,0.0,0.0,0.0,0.0,0.0,0.0,0.0,0.0,0.0,0.0,0.0,0.0,0.0,0.0,0.0,0.0,0.0,0.0,0.0,0.0,0.0,0.0,0.0,0.0,0.0,0.0,0.0,0.0,0.8433434367179871,0.23593737185001373,2.269532330956281e-07,0.769324779510498,0.2937389016151428,0.0021254089660942554,0.7287081480026245,0.3967781364917755,-0.011125135235488415,0.7387458682060242,0.4934339225292206,-0.02231927402317524,0.764451265335083,0.559415876865387,-0.03570231422781944,0.7077064514160156,0.4094060957431793,-0.06519340723752975,0.6840389370918274,0.5409671664237976,-0.08938930183649063,0.6755160689353943,0.6234689354896545,-0.10158799588680267,0.6702556610107422,0.6889731884002686,-0.10885443538427353,0.7611258625984192,0.4037042260169983,-0.07364419847726822,0.7680643796920776,0.5679971575737,-0.09563127160072327,0.7750831842422485,0.6680095195770264,-0.10071521997451782,0.7840248346328735,0.7389016151428223,-0.10651489347219467,0.8155759572982788,0.4015112817287445,-0.07602047920227051,0.8032944798469543,0.5532630681991577,-0.08924264460802078,0.7914297580718994,0.5500562787055969,-0.07371824979782104,0.7900315523147583,0.5199456214904785,-0.06093015894293785,0.8635846376419067,0.403546541929245,-0.07723856717348099,0.8365857601165771,0.520643949508667,-0.08334799855947495,0.8184523582458496,0.5214453935623169,-0.06790521740913391,0.8100439310073853,0.49899905920028687,-0.05389624089002609,Л
0.0,0.0,0.0,0.0,0.0,0.0,0.0,0.0,0.0,0.0,0.0,0.0,0.0,0.0,0.0,0.0,0.0,0.0,0.0,0.0,0.0,0.0,0.0,0.0,0.0,0.0,0.0,0.0,0.0,0.0,0.0,0.0,0.0,0.0,0.0,0.0,0.0,0.0,0.0,0.0,0.0,0.0,0.0,0.0,0.0,0.0,0.0,0.0,0.0,0.0,0.0,0.0,0.0,0.0,0.0,0.0,0.0,0.0,0.0,0.0,0.0,0.0,0.0,0.8444902300834656,0.2323015034198761,2.43971754798622e-07,0.7693129181861877,0.2860487103462219,0.002200940391048789,0.727839469909668,0.38685959577560425,-0.009524552151560783,0.7359890937805176,0.48305922746658325,-0.019598858430981636,0.7616536617279053,0.5486961603164673,-0.03164367377758026,0.7065016031265259,0.4112491011619568,-0.06136948615312576,0.6835716962814331,0.5420846939086914,-0.08587584644556046,0.6755372881889343,0.6251904964447021,-0.09853926301002502,0.6708447933197021,0.6893908381462097,-0.10592705011367798,0.7594686150550842,0.4095359146595001,-0.06950286030769348,0.7674259543418884,0.5731420516967773,-0.09107741713523865,0.7749089002609253,0.6724088191986084,-0.09604599326848984,0.7844557762145996,0.7398974895477295,-0.10149404406547546,0.8136757016181946,0.40749865770339966,-0.07207449525594711,0.8058311343193054,0.5582478046417236,-0.08535560220479965,0.7978367209434509,0.5562971830368042,-0.07018158584833145,0.7985672354698181,0.5258594155311584,-0.05719631165266037,0.8616867065429688,0.4066404104232788,-0.07376682758331299,0.8366075158119202,0.5186549425125122,-0.08067233115434647,0.8192127346992493,0.5246937870979309,-0.0671364963054657,0.8105375170707703,0.5071694850921631,-0.054063115268945694,Л
0.0,0.0,0.0,0.0,0.0,0.0,0.0,0.0,0.0,0.0,0.0,0.0,0.0,0.0,0.0,0.0,0.0,0.0,0.0,0.0,0.0,0.0,0.0,0.0,0.0,0.0,0.0,0.0,0.0,0.0,0.0,0.0,0.0,0.0,0.0,0.0,0.0,0.0,0.0,0.0,0.0,0.0,0.0,0.0,0.0,0.0,0.0,0.0,0.0,0.0,0.0,0.0,0.0,0.0,0.0,0.0,0.0,0.0,0.0,0.0,0.0,0.0,0.0,0.8427037000656128,0.23481512069702148,2.0862695748746773e-07,0.7631755471229553,0.288778692483902,0.0019621453247964382,0.7253391742706299,0.3909355700016022,-0.005619377363473177,0.7440829277038574,0.4886823296546936,-0.011676505208015442,0.7768954038619995,0.5526419878005981,-0.01910875178873539,0.7074083089828491,0.4151082932949066,-0.04618315026164055,0.6834884881973267,0.5434331297874451,-0.06267744302749634,0.6754555702209473,0.6226553916931152,-0.0707864984869957,0.6691913604736328,0.6871198415756226,-0.07597148418426514,0.7599812746047974,0.42389050126075745,-0.05161569267511368,0.7689386606216431,0.5739341378211975,-0.06677251309156418,0.775905966758728,0.664975643157959,-0.07195940613746643,0.7843412756919861,0.7302275896072388,-0.07806424796581268,0.8103999495506287,0.42978954315185547,-0.05210117995738983,0.8022615313529968,0.5579714775085449,-0.06341656297445297,0.7932450175285339,0.5493395328521729,-0.05569577217102051,0.7948907017707825,0.5186411142349243,-0.048125702887773514,0.8527809381484985,0.4344700276851654,-0.05129951983690262,0.8268656730651855,0.5315567851066589,-0.055869657546281815,0.8091550469398499,0.5284271836280823,-0.045337263494729996,0.8018063902854919,0.5054940581321716,-0.0353105254471302,Л
0.0,0.0,0.0,0.0,0.0,0.0,0.0,0.0,0.0,0.0,0.0,0.0,0.0,0.0,0.0,0.0,0.0,0.0,0.0,0.0,0.0,0.0,0.0,0.0,0.0,0.0,0.0,0.0,0.0,0.0,0.0,0.0,0.0,0.0,0.0,0.0,0.0,0.0,0.0,0.0,0.0,0.0,0.0,0.0,0.0,0.0,0.0,0.0,0.0,0.0,0.0,0.0,0.0,0.0,0.0,0.0,0.0,0.0,0.0,0.0,0.0,0.0,0.0,0.8430102467536926,0.2332349419593811,2.3175546459697216e-07,0.7682121396064758,0.2874945402145386,-0.0005193635588511825,0.7260959148406982,0.39009517431259155,-0.013421177864074707,0.7343727350234985,0.4869067668914795,-0.023580390959978104,0.7594158053398132,0.5525127053260803,-0.035831231623888016,0.7067224979400635,0.40681517124176025,-0.06657349318265915,0.6826155781745911,0.5406345129013062,-0.09094129502773285,0.6741467118263245,0.6234632134437561,-0.1030285581946373,0.6687578558921814,0.6888895630836487,-0.11000305414199829,0.7598620653152466,0.40238428115844727,-0.07324540615081787,0.7656173706054688,0.5647889375686646,-0.09436893463134766,0.77334064245224,0.6644755005836487,-0.09896554797887802,0.7828776836395264,0.7352372407913208,-0.10440611839294434,0.8133993744850159,0.40076717734336853,-0.07425787299871445,0.8033974766731262,0.5510174036026001,-0.08748723566532135,0.7926216721534729,0.5502898693084717,-0.07355541735887527,0.791027307510376,0.5218274593353271,-0.06190431863069534,0.8610289096832275,0.4028216600418091,-0.07441125065088272,0.8348448872566223,0.515249490737915,-0.08152204006910324,0.816545844078064,0.5222397446632385,-0.06871181726455688,0.8066608309745789,0.5066606402397156,-0.056576550006866455,Л
0.0,0.0,0.0,0.0,0.0,0.0,0.0,0.0,0.0,0.0,0.0,0.0,0.0,0.0,0.0,0.0,0.0,0.0,0.0,0.0,0.0,0.0,0.0,0.0,0.0,0.0,0.0,0.0,0.0,0.0,0.0,0.0,0.0,0.0,0.0,0.0,0.0,0.0,0.0,0.0,0.0,0.0,0.0,0.0,0.0,0.0,0.0,0.0,0.0,0.0,0.0,0.0,0.0,0.0,0.0,0.0,0.0,0.0,0.0,0.0,0.0,0.0,0.0,0.8389217853546143,0.22915925085544586,2.6271186470694374e-07,0.7631319761276245,0.2844754457473755,0.0002678607706911862,0.7219220399856567,0.3851223886013031,-0.011517046950757504,0.7298263907432556,0.4797053039073944,-0.02105128951370716,0.7537670135498047,0.5468102097511292,-0.032364942133426666,0.7031029462814331,0.40520909428596497,-0.061837539076805115,0.6779065728187561,0.5350935459136963,-0.08486750721931458,0.669779896736145,0.6167479157447815,-0.09653902053833008,0.6639634966850281,0.68198561668396,-0.10333780199289322,0.7570593357086182,0.4062378406524658,-0.06835782527923584,0.7625488042831421,0.5654091238975525,-0.08872496336698532,0.768566906452179,0.6624354124069214,-0.09372490644454956,0.7754567265510559,0.7315934896469116,-0.09946125745773315,0.8106008172035217,0.4074942469596863,-0.0693773403763771,0.7998955249786377,0.5552380084991455,-0.08323628455400467,0.7890373468399048,0.5516371726989746,-0.07093697786331177,0.7875580191612244,0.5219988822937012,-0.06026601791381836,0.8573482632637024,0.4093349575996399,-0.06944765150547028,0.8265172243118286,0.5138494372367859,-0.0769815593957901,0.8073660731315613,0.5117830038070679,-0.06464672088623047,0.7982001304626465,0.48875296115875244,-0.052761856466531754,Л
0.0,0.0,0.0,0.0,0.0,0.0,0.0,0.0,0.0,0.0,0.0,0.0,0.0,0.0,0.0,0.0,0.0,0.0,0.0,0.0,0.0,0.0,0.0,0.0,0.0,0.0,0.0,0.0,0.0,0.0,0.0,0.0,0.0,0.0,0.0,0.0,0.0,0.0,0.0,0.0,0.0,0.0,0.0,0.0,0.0,0.0,0.0,0.0,0.0,0.0,0.0,0.0,0.0,0.0,0.0,0.0,0.0,0.0,0.0,0.0,0.0,0.0,0.0,0.8357315063476562,0.22574004530906677,2.505853728962393e-07,0.7600893974304199,0.28203055262565613,0.00036881037522107363,0.7212378978729248,0.3865121304988861,-0.011225126683712006,0.7354870438575745,0.4845792353153229,-0.020277300849556923,0.7662695050239563,0.5504683256149292,-0.03084641508758068,0.6958869695663452,0.4035387635231018,-0.059751786291599274,0.6741567254066467,0.5325877070426941,-0.08160775899887085,0.6668537855148315,0.6136703491210938,-0.09338042885065079,0.6614322662353516,0.6792510747909546,-0.10075343400239944,0.7489007115364075,0.4003044366836548,-0.0661582350730896,0.7579783201217651,0.560109555721283,-0.08584548532962799,0.7656214833259583,0.6575927734375,-0.09171989560127258,0.7742549777030945,0.7276307344436646,-0.09865790605545044,0.8020462393760681,0.40010643005371094,-0.06703148782253265,0.7955160737037659,0.5504058599472046,-0.08012259006500244,0.786419689655304,0.5425921082496643,-0.0681970864534378,0.7860520482063293,0.5087715983390808,-0.0579848438501358,0.8479631543159485,0.4033963680267334,-0.06693678349256516,0.8221748471260071,0.5138717293739319,-0.07398418337106705,0.8046911358833313,0.5108538866043091,-0.06201661378145218,0.7958531379699707,0.4856563210487366,-0.05059806630015373,Л
0.0,0.0,0.0,0.0,0.0,0.0,0.0,0.0,0.0,0.0,0.0,0.0,0.0,0.0,0.0,0.0,0.0,0.0,0.0,0.0,0.0,0.0,0.0,0.0,0.0,0.0,0.0,0.0,0.0,0.0,0.0,0.0,0.0,0.0,0.0,0.0,0.0,0.0,0.0,0.0,0.0,0.0,0.0,0.0,0.0,0.0,0.0,0.0,0.0,0.0,0.0,0.0,0.0,0.0,0.0,0.0,0.0,0.0,0.0,0.0,0.0,0.0,0.0,0.829523503780365,0.22763709723949432,2.3630580869848927e-07,0.7555731534957886,0.28196704387664795,-0.0013377588475123048,0.7188453078269958,0.3877265453338623,-0.014150175265967846,0.7335928082466125,0.48525670170783997,-0.0243429783731699,0.762405514717102,0.5511848330497742,-0.03603498265147209,0.6941196322441101,0.39884302020072937,-0.06362054497003555,0.6708424687385559,0.5304145812988281,-0.08610693365335464,0.6629164218902588,0.6116524934768677,-0.09750650078058243,0.6571146249771118,0.6771907210350037,-0.10495535284280777,0.7473901510238647,0.3964782655239105,-0.07038818299770355,0.7548004388809204,0.5589852929115295,-0.09157873690128326,0.7620065212249756,0.6558696031570435,-0.09804829955101013,0.7703445553779602,0.7258872985839844,-0.10561666637659073,0.8011638522148132,0.3966858386993408,-0.07156785577535629,0.7916905879974365,0.5511428117752075,-0.08763369172811508,0.7811819314956665,0.5380313992500305,-0.07593302428722382,0.7806056141853333,0.5012569427490234,-0.06571861356496811,0.8477384448051453,0.3996165096759796,-0.07168379426002502,0.8180727362632751,0.5121745467185974,-0.08269429951906204,0.7998259663581848,0.5025182962417603,-0.07143985480070114,0.7925419807434082,0.4726215600967407,-0.06032454967498779,Л
0.0,0.0,0.0,0.0,0.0,0.0,0.0,0.0,0.0,0.0,0.0,0.0,0.0,0.0,0.0,0.0,0.0,0.0,0.0,0.0,0.0,0.0,0.0,0.0,0.0,0.0,0.0,0.0,0.0,0.0,0.0,0.0,0.0,0.0,0.0,0.0,0.0,0.0,0.0,0.0,0.0,0.0,0.0,0.0,0.0,0.0,0.0,0.0,0.0,0.0,0.0,0.0,0.0,0.0,0.0,0.0,0.0,0.0,0.0,0.0,0.0,0.0,0.0,0.8280669450759888,0.22334927320480347,2.459653387631988e-07,0.7533659338951111,0.2805016040802002,-0.0011538376566022635,0.7149184942245483,0.38629350066185,-0.012927412986755371,0.7269139289855957,0.48500722646713257,-0.021360471844673157,0.7523940801620483,0.5525438189506531,-0.03130260854959488,0.6918243765830994,0.40030503273010254,-0.0639224573969841,0.6683803796768188,0.531218945980072,-0.08581801503896713,0.660235583782196,0.6127406358718872,-0.097078338265419,0.6547606587409973,0.6785628795623779,-0.10428398847579956,0.7444837093353271,0.39528435468673706,-0.06917575001716614,0.7529592514038086,0.5558996200561523,-0.0878831222653389,0.7605201601982117,0.6529988646507263,-0.09328049421310425,0.7691727876663208,0.7208523750305176,-0.10034192353487015,0.7972433567047119,0.393796443939209,-0.06883997470140457,0.7910104990005493,0.5477970242500305,-0.08186042308807373,0.7840187549591064,0.5526163578033447,-0.0709075778722763,0.7852370142936707,0.5272256135940552,-0.061963245272636414,0.8431594967842102,0.3963923454284668,-0.06741556525230408,0.8200640678405762,0.5036109685897827,-0.07573665678501129,0.804164707660675,0.5008414387702942,-0.06500409543514252,0.7969045042991638,0.4742347300052643,-0.05455917865037918,Л
0.0,0.0,0.0,0.0,0.0,0.0,0.0,0.0,0.0,0.0,0.0,0.0,0.0,0.0,0.0,0.0,0.0,0.0,0.0,0.0,0.0,0.0,0.0,0.0,0.0,0.0,0.0,0.0,0.0,0.0,0.0,0.0,0.0,0.0,0.0,0.0,0.0,0.0,0.0,0.0,0.0,0.0,0.0,0.0,0.0,0.0,0.0,0.0,0.0,0.0,0.0,0.0,0.0,0.0,0.0,0.0,0.0,0.0,0.0,0.0,0.0,0.0,0.0,0.8266377449035645,0.2195342481136322,2.4258503117380315e-07,0.7516506314277649,0.2796635925769806,0.002286080503836274,0.715155303478241,0.38584083318710327,-0.01184336468577385,0.7329844236373901,0.48296767473220825,-0.02396279387176037,0.7615710496902466,0.5486566424369812,-0.03844019025564194,0.6906633973121643,0.3980724513530731,-0.06629608571529388,0.6691170334815979,0.5299199223518372,-0.09111904352903366,0.660936713218689,0.6102966070175171,-0.10346678644418716,0.6547297239303589,0.6743166446685791,-0.11068543046712875,0.7437309622764587,0.3880405128002167,-0.07557632029056549,0.7511846423149109,0.5520575642585754,-0.0954563170671463,0.7591837048530579,0.647369921207428,-0.09870651364326477,0.769012987613678,0.7153127193450928,-0.10383882373571396,0.7983222603797913,0.38127124309539795,-0.0789521113038063,0.7915338277816772,0.534779965877533,-0.09220188856124878,0.7826778292655945,0.5311752557754517,-0.07712982594966888,0.7825159430503845,0.5015357732772827,-0.06511105597019196,0.8480759859085083,0.37868836522102356,-0.08108288794755936,0.82489013671875,0.49331897497177124,-0.08818622678518295,0.8081973791122437,0.49411728978157043,-0.07359468936920166,0.8002635836601257,0.4727749824523926,-0.0604819692671299,Л
0.0,0.0,0.0,0.0,0.0,0.0,0.0,0.0,0.0,0.0,0.0,0.0,0.0,0.0,0.0,0.0,0.0,0.0,0.0,0.0,0.0,0.0,0.0,0.0,0.0,0.0,0.0,0.0,0.0,0.0,0.0,0.0,0.0,0.0,0.0,0.0,0.0,0.0,0.0,0.0,0.0,0.0,0.0,0.0,0.0,0.0,0.0,0.0,0.0,0.0,0.0,0.0,0.0,0.0,0.0,0.0,0.0,0.0,0.0,0.0,0.0,0.0,0.0,0.8251801133155823,0.22057150304317474,2.7722626327886246e-07,0.7511026859283447,0.279906302690506,-0.0022799938451498747,0.7138009071350098,0.38460400700569153,-0.01638098619878292,0.7267175316810608,0.4821185767650604,-0.027934974059462547,0.7548710703849792,0.549015998840332,-0.041409965604543686,0.6932722330093384,0.39713117480278015,-0.06531859189271927,0.6694629788398743,0.5275259017944336,-0.09020131826400757,0.6618905067443848,0.6100807785987854,-0.10312401503324509,0.6568776965141296,0.6751580238342285,-0.110811747610569,0.745883584022522,0.3927391767501831,-0.07233012467622757,0.7512831091880798,0.5537089705467224,-0.09338981658220291,0.7572135329246521,0.6513965129852295,-0.09837625920772552,0.7653782963752747,0.7192311882972717,-0.10449790209531784,0.7988923788070679,0.390385240316391,-0.07432498037815094,0.7902434468269348,0.5440099239349365,-0.08911675959825516,0.7801870107650757,0.5417353510856628,-0.0768401026725769,0.78003990650177,0.5093033909797668,-0.0663018673658371,0.8459869623184204,0.39141130447387695,-0.07564520090818405,0.8206371068954468,0.5053756237030029,-0.08520102500915527,0.8024871945381165,0.5061176419258118,-0.0739252045750618,0.7945731282234192,0.48156067728996277,-0.06278907507658005,Л
0.0,0.0,0.0,0.0,0.0,0.0,0.0,0.0,0.0,0.0,0.0,0.0,0.0,0.0,0.0,0.0,0.0,0.0,0.0,0.0,0.0,0.0,0.0,0.0,0.0,0.0,0.0,0.0,0.0,0.0,0.0,0.0,0.0,0.0,0.0,0.0,0.0,0.0,0.0,0.0,0.0,0.0,0.0,0.0,0.0,0.0,0.0,0.0,0.0,0.0,0.0,0.0,0.0,0.0,0.0,0.0,0.0,0.0,0.0,0.0,0.0,0.0,0.0,0.8260576128959656,0.22430847585201263,2.5384781565662706e-07,0.7500295042991638,0.2795548439025879,-0.002525263000279665,0.713572084903717,0.3838312029838562,-0.017786117270588875,0.731616735458374,0.4822433590888977,-0.029821455478668213,0.7627366185188293,0.5473892092704773,-0.043813757598400116,0.6924935579299927,0.3938741385936737,-0.07180467993021011,0.6693055033683777,0.5273448824882507,-0.09620809555053711,0.6623528003692627,0.6090608239173889,-0.10783699154853821,0.6576834321022034,0.675105094909668,-0.11475731432437897,0.7477707862854004,0.3890445828437805,-0.07802947610616684,0.7527740597724915,0.5487825870513916,-0.10051751881837845,0.7592086791992188,0.6477450132369995,-0.10631568729877472,0.768333911895752,0.7183212637901306,-0.11286406964063644,0.801444947719574,0.3880678415298462,-0.07827477902173996,0.7889593839645386,0.5377538800239563,-0.09263823926448822,0.7754465341567993,0.5354517698287964,-0.08026011288166046,0.7734138369560242,0.5050534009933472,-0.06970775127410889,0.8469094038009644,0.3912438154220581,-0.07755059003829956,0.8185456395149231,0.5060634016990662,-0.08461759984493256,0.7997108101844788,0.5068318843841553,-0.07169238477945328,0.7916533946990967,0.48316821455955505,-0.059755049645900726,Л
0.0,0.0,0.0,0.0,0.0,0.0,0.0,0.0,0.0,0.0,0.0,0.0,0.0,0.0,0.0,0.0,0.0,0.0,0.0,0.0,0.0,0.0,0.0,0.0,0.0,0.0,0.0,0.0,0.0,0.0,0.0,0.0,0.0,0.0,0.0,0.0,0.0,0.0,0.0,0.0,0.0,0.0,0.0,0.0,0.0,0.0,0.0,0.0,0.0,0.0,0.0,0.0,0.0,0.0,0.0,0.0,0.0,0.0,0.0,0.0,0.0,0.0,0.0,0.8232435584068298,0.2216145545244217,2.2849451397632947e-07,0.748988151550293,0.278305321931839,0.0023818600457161665,0.7120482921600342,0.3830721080303192,-0.01058326754719019,0.7280564904212952,0.4809512197971344,-0.021182706579566002,0.7578861713409424,0.5472882986068726,-0.0343497060239315,0.6917677521705627,0.39576566219329834,-0.06830961257219315,0.668005108833313,0.5301241278648376,-0.09198402613401413,0.6609243750572205,0.6129090189933777,-0.10265429317951202,0.6570079326629639,0.6786907315254211,-0.10858790576457977,0.7458509802818298,0.3868686854839325,-0.07683563232421875,0.7531821727752686,0.553723156452179,-0.09762667119503021,0.7612638473510742,0.6529156565666199,-0.10181625932455063,0.7714303731918335,0.722503662109375,-0.10702802240848541,0.7998918890953064,0.382689505815506,-0.07913418114185333,0.7897956967353821,0.5367136597633362,-0.09366608411073685,0.7786027193069458,0.5429749488830566,-0.0811557024717331,0.7773416042327881,0.5187686085700989,-0.07004235684871674,0.8471949696540833,0.3843492865562439,-0.07972930371761322,0.8195827603340149,0.5045331716537476,-0.08712325245141983,0.8010267615318298,0.5125010013580322,-0.07357556372880936,0.7924585938453674,0.49414312839508057,-0.06078506261110306,Л
0.0,0.0,0.0,0.0,0.0,0.0,0.0,0.0,0.0,0.0,0.0,0.0,0.0,0.0,0.0,0.0,0.0,0.0,0.0,0.0,0.0,0.0,0.0,0.0,0.0,0.0,0.0,0.0,0.0,0.0,0.0,0.0,0.0,0.0,0.0,0.0,0.0,0.0,0.0,0.0,0.0,0.0,0.0,0.0,0.0,0.0,0.0,0.0,0.0,0.0,0.0,0.0,0.0,0.0,0.0,0.0,0.0,0.0,0.0,0.0,0.0,0.0,0.0,0.826747477054596,0.2244184911251068,2.490574786406796e-07,0.7522996664047241,0.2823917865753174,0.0006429975037463009,0.7155058979988098,0.3862995505332947,-0.012410980649292469,0.7286549210548401,0.4830990731716156,-0.023007450625300407,0.7541702389717102,0.5507331490516663,-0.035625480115413666,0.6934064626693726,0.40074458718299866,-0.06612305343151093,0.6705180406570435,0.53106290102005,-0.09123080223798752,0.6623064279556274,0.6134712100028992,-0.10481373965740204,0.6567844748497009,0.6790341138839722,-0.11296704411506653,0.7457759976387024,0.39334166049957275,-0.07360994070768356,0.753596842288971,0.5522298812866211,-0.09317362308502197,0.7609914541244507,0.6501206755638123,-0.09797264635562897,0.7702189683914185,0.7186229825019836,-0.10466046631336212,0.7986104488372803,0.38973867893218994,-0.07555227726697922,0.7926180958747864,0.5440045595169067,-0.0879657119512558,0.7864903807640076,0.5489052534103394,-0.07480280101299286,0.7882137298583984,0.5230028629302979,-0.06450438499450684,0.845556378364563,0.3901996910572052,-0.07651977241039276,0.8216599822044373,0.5043643712997437,-0.0837506502866745,0.8049148917198181,0.5091860890388489,-0.07121037691831589,0.7965163588523865,0.4891369640827179,-0.05954844877123833,Л
0.0,0.0,0.0,0.0,0.0,0.0,0.0,0.0,0.0,0.0,0.0,0.0,0.0,0.0,0.0,0.0,0.0,0.0,0.0,0.0,0.0,0.0,0.0,0.0,0.0,0.0,0.0,0.0,0.0,0.0,0.0,0.0,0.0,0.0,0.0,0.0,0.0,0.0,0.0,0.0,0.0,0.0,0.0,0.0,0.0,0.0,0.0,0.0,0.0,0.0,0.0,0.0,0.0,0.0,0.0,0.0,0.0,0.0,0.0,0.0,0.0,0.0,0.0,0.8294403553009033,0.22100123763084412,2.421237468297477e-07,0.7539230585098267,0.2766987383365631,0.0009164176881313324,0.7176464796066284,0.3819195330142975,-0.01048149261623621,0.7347479462623596,0.4804168939590454,-0.01979473978281021,0.7645618915557861,0.5463159084320068,-0.030499069020152092,0.6946581602096558,0.4015234112739563,-0.05784296616911888,0.6707945466041565,0.5314153432846069,-0.07872968167066574,0.6632487177848816,0.6114492416381836,-0.08888114243745804,0.6584863066673279,0.6757493019104004,-0.09521248191595078,0.7476910352706909,0.40099644660949707,-0.06453436613082886,0.7554932832717896,0.5576802492141724,-0.08354298025369644,0.7629091739654541,0.6508948802947998,-0.08796361088752747,0.7719244360923767,0.7183059453964233,-0.09365779161453247,0.8008499145507812,0.40061888098716736,-0.06578272581100464,0.7917312979698181,0.541923999786377,-0.0781717598438263,0.7797350287437439,0.5300058722496033,-0.06516033411026001,0.778194785118103,0.49627718329429626,-0.05447934567928314,0.847109854221344,0.40144646167755127,-0.06607883423566818,0.819920539855957,0.5031288862228394,-0.07265564799308777,0.8009437322616577,0.49749886989593506,-0.060148775577545166,0.7920968532562256,0.47358810901641846,-0.048543430864810944,Л
0.0,0.0,0.0,0.0,0.0,0.0,0.0,0.0,0.0,0.0,0.0,0.0,0.0,0.0,0.0,0.0,0.0,0.0,0.0,0.0,0.0,0.0,0.0,0.0,0.0,0.0,0.0,0.0,0.0,0.0,0.0,0.0,0.0,0.0,0.0,0.0,0.0,0.0,0.0,0.0,0.0,0.0,0.0,0.0,0.0,0.0,0.0,0.0,0.0,0.0,0.0,0.0,0.0,0.0,0.0,0.0,0.0,0.0,0.0,0.0,0.0,0.0,0.0,0.8313779830932617,0.22282680869102478,2.1336232691737678e-07,0.7564097046852112,0.2743262052536011,-0.003245240543037653,0.7161474227905273,0.38216352462768555,-0.015381435863673687,0.7297362685203552,0.4871867895126343,-0.02414177730679512,0.755398690700531,0.5570846796035767,-0.03398408740758896,0.6951661109924316,0.3948751389980316,-0.0619044229388237,0.6712201833724976,0.529055118560791,-0.08247976750135422,0.6638445854187012,0.6100104451179504,-0.09139186888933182,0.6586022973060608,0.6755399703979492,-0.0967499166727066,0.7482731342315674,0.3955594003200531,-0.0659419447183609,0.7553057074546814,0.5547131299972534,-0.08574400842189789,0.7623746395111084,0.6493582725524902,-0.08950675278902054,0.771452784538269,0.7190268039703369,-0.09411554783582687,0.8003238439559937,0.3978489935398102,-0.06461755931377411,0.7892952561378479,0.5416849851608276,-0.07787854224443436,0.7762663960456848,0.5281494855880737,-0.06343900412321091,0.7749629616737366,0.49480634927749634,-0.05108579993247986,0.8446916341781616,0.40322622656822205,-0.0626027062535286,0.8157875537872314,0.51087886095047,-0.06960952281951904,0.7952542901039124,0.5091780424118042,-0.05645318329334259,0.7853420376777649,0.4898241460323334,-0.04402751475572586,Л
0.0,0.0,0.0,0.0,0.0,0.0,0.0,0.0,0.0,0.0,0.0,0.0,0.0,0.0,0.0,0.0,0.0,0.0,0.0,0.0,0.0,0.0,0.0,0.0,0.0,0.0,0.0,0.0,0.0,0.0,0.0,0.0,0.0,0.0,0.0,0.0,0.0,0.0,0.0,0.0,0.0,0.0,0.0,0.0,0.0,0.0,0.0,0.0,0.0,0.0,0.0,0.0,0.0,0.0,0.0,0.0,0.0,0.0,0.0,0.0,0.0,0.0,0.0,0.8281853199005127,0.22546450793743134,2.632090456700098e-07,0.7524174451828003,0.2824976444244385,0.00043193824240006506,0.7117347121238708,0.38134121894836426,-0.011718841269612312,0.7213760614395142,0.4741651713848114,-0.021518170833587646,0.7475461959838867,0.5390700697898865,-0.03311723843216896,0.6948587894439697,0.4007870852947235,-0.06281986087560654,0.6707903742790222,0.5298931002616882,-0.08690236508846283,0.6639566421508789,0.6118404865264893,-0.09988492727279663,0.6601102948188782,0.6772636771202087,-0.10756984353065491,0.7468487024307251,0.39770644903182983,-0.06947622448205948,0.7548782229423523,0.5558117628097534,-0.08933072537183762,0.7626510262489319,0.6534582376480103,-0.0943988561630249,0.7724809050559998,0.7225632667541504,-0.10065475851297379,0.7989344596862793,0.39697787165641785,-0.07073602080345154,0.7928085923194885,0.5443476438522339,-0.08267123252153397,0.7827823162078857,0.5436912775039673,-0.070552296936512,0.7815083265304565,0.5146051645278931,-0.06074255704879761,0.8452417254447937,0.3996962904930115,-0.07120276242494583,0.82187420129776,0.5064271092414856,-0.07738887518644333,0.8040959239006042,0.5081424713134766,-0.06552819907665253,0.794499933719635,0.4867353141307831,-0.05441166087985039,Л
0.0,0.0,0.0,0.0,0.0,0.0,0.0,0.0,0.0,0.0,0.0,0.0,0.0,0.0,0.0,0.0,0.0,0.0,0.0,0.0,0.0,0.0,0.0,0.0,0.0,0.0,0.0,0.0,0.0,0.0,0.0,0.0,0.0,0.0,0.0,0.0,0.0,0.0,0.0,0.0,0.0,0.0,0.0,0.0,0.0,0.0,0.0,0.0,0.0,0.0,0.0,0.0,0.0,0.0,0.0,0.0,0.0,0.0,0.0,0.0,0.0,0.0,0.0,0.8260657787322998,0.22108115255832672,2.5998534169957566e-07,0.7507925629615784,0.27964019775390625,-0.0009450375218875706,0.7156252861022949,0.38818955421447754,-0.014815905131399632,0.7351478338241577,0.48779359459877014,-0.026085417717695236,0.7663646340370178,0.5521581172943115,-0.039331186562776566,0.6927359700202942,0.3953389823436737,-0.06651726365089417,0.6695804595947266,0.5288585424423218,-0.0898498073220253,0.662547767162323,0.6105411052703857,-0.10112975537776947,0.6569167375564575,0.6760357022285461,-0.1080324649810791,0.7474678158760071,0.39170509576797485,-0.07334139198064804,0.7540134787559509,0.5548285841941833,-0.09401803463697433,0.760185718536377,0.6535722017288208,-0.09917423874139786,0.7685303688049316,0.7246144413948059,-0.10561420023441315,0.801179051399231,0.3895973563194275,-0.07432922720909119,0.7927119731903076,0.54248046875,-0.08800841867923737,0.7810274362564087,0.5353601574897766,-0.07533692568540573,0.7799704074859619,0.5014268755912781,-0.06467416137456894,0.8477606773376465,0.3905653655529022,-0.07436352968215942,0.8224167227745056,0.5064287185668945,-0.08183588087558746,0.8048878312110901,0.5047731399536133,-0.06932234764099121,0.7973659038543701,0.47882726788520813,-0.05773167684674263,Л
0.0,0.0,0.0,0.0,0.0,0.0,0.0,0.0,0.0,0.0,0.0,0.0,0.0,0.0,0.0,0.0,0.0,0.0,0.0,0.0,0.0,0.0,0.0,0.0,0.0,0.0,0.0,0.0,0.0,0.0,0.0,0.0,0.0,0.0,0.0,0.0,0.0,0.0,0.0,0.0,0.0,0.0,0.0,0.0,0.0,0.0,0.0,0.0,0.0,0.0,0.0,0.0,0.0,0.0,0.0,0.0,0.0,0.0,0.0,0.0,0.0,0.0,0.0,0.825403094291687,0.2228766828775406,2.345792609048658e-07,0.751409649848938,0.28080135583877563,0.0027329546865075827,0.7104744911193848,0.38076406717300415,-0.010490328073501587,0.7197220325469971,0.47659337520599365,-0.021483004093170166,0.7417089343070984,0.5440868139266968,-0.03525419905781746,0.6899271607398987,0.39977550506591797,-0.06922393292188644,0.666228175163269,0.5303361415863037,-0.09612760692834854,0.6574034690856934,0.6119205355644226,-0.11080188304185867,0.6519173383712769,0.6781460046768188,-0.11964814364910126,0.7414868474006653,0.38956108689308167,-0.07790308445692062,0.7481316924095154,0.5517280697822571,-0.10016625374555588,0.7565057873725891,0.6515071392059326,-0.10510310530662537,0.7674195766448975,0.7241861820220947,-0.11137112230062485,0.795215368270874,0.3833128809928894,-0.08054354786872864,0.789089560508728,0.5338539481163025,-0.09346329420804977,0.7802877426147461,0.5384190678596497,-0.07815399020910263,0.780064046382904,0.5132972002029419,-0.06603692471981049,0.8448852896690369,0.3829213082790375,-0.08207481354475021,0.8206870555877686,0.5042254328727722,-0.08914756029844284,0.8020122051239014,0.5193054676055908,-0.07558348774909973,0.7910400032997131,0.508480429649353,-0.0631074607372284,Л
0.0,0.0,0.0,0.0,0.0,0.0,0.0,0.0,0.0,0.0,0.0,0.0,0.0,0.0,0.0,0.0,0.0,0.0,0.0,0.0,0.0,0.0,0.0,0.0,0.0,0.0,0.0,0.0,0.0,0.0,0.0,0.0,0.0,0.0,0.0,0.0,0.0,0.0,0.0,0.0,0.0,0.0,0.0,0.0,0.0,0.0,0.0,0.0,0.0,0.0,0.0,0.0,0.0,0.0,0.0,0.0,0.0,0.0,0.0,0.0,0.0,0.0,0.0,0.8206745386123657,0.2175305187702179,2.4272583232232137e-07,0.7474125027656555,0.28015410900115967,-0.0008715482545085251,0.7149019241333008,0.3904436528682709,-0.017318321391940117,0.7325741052627563,0.4892507493495941,-0.031540293246507645,0.7617635726928711,0.5558582544326782,-0.048159822821617126,0.6852076053619385,0.39472490549087524,-0.07088501751422882,0.6631436347961426,0.5290222764015198,-0.0984387919306755,0.6544506549835205,0.6119976043701172,-0.11333050578832626,0.6472844481468201,0.6786948442459106,-0.12239161878824234,0.7397000193595886,0.383190780878067,-0.08050758391618729,0.7441397905349731,0.5517551898956299,-0.10303904861211777,0.7513348460197449,0.6514976024627686,-0.10833751410245895,0.760221004486084,0.7224613428115845,-0.11507712304592133,0.7956010699272156,0.3766525387763977,-0.08454009890556335,0.7837286591529846,0.5369296073913574,-0.10056813061237335,0.7737618684768677,0.5317644476890564,-0.08620074391365051,0.7739021182060242,0.4966554641723633,-0.07413502782583237,0.8457078337669373,0.3756975531578064,-0.08762012422084808,0.8183050155639648,0.5013167262077332,-0.09753478318452835,0.8024154901504517,0.5006030797958374,-0.08337268978357315,0.7971693873405457,0.472614049911499,-0.07017011940479279,Л
0.0,0.0,0.0,0.0,0.0,0.0,0.0,0.0,0.0,0.0,0.0,0.0,0.0,0.0,0.0,0.0,0.0,0.0,0.0,0.0,0.0,0.0,0.0,0.0,0.0,0.0,0.0,0.0,0.0,0.0,0.0,0.0,0.0,0.0,0.0,0.0,0.0,0.0,0.0,0.0,0.0,0.0,0.0,0.0,0.0,0.0,0.0,0.0,0.0,0.0,0.0,0.0,0.0,0.0,0.0,0.0,0.0,0.0,0.0,0.0,0.0,0.0,0.0,0.8246921896934509,0.21785351634025574,2.2527525800342119e-07,0.7501683831214905,0.27590423822402954,-0.0007346791098825634,0.7137385010719299,0.3835872411727905,-0.01476662140339613,0.7295520901679993,0.48476383090019226,-0.026328034698963165,0.7578459978103638,0.5541856288909912,-0.039558716118335724,0.6857301592826843,0.3965226411819458,-0.06409568339586258,0.6624006032943726,0.5309450626373291,-0.089936263859272,0.6539483070373535,0.6132625937461853,-0.10450666397809982,0.6473428606987,0.6797433495521545,-0.1136554703116417,0.7396137714385986,0.39261865615844727,-0.07201500982046127,0.7463170289993286,0.5585195422172546,-0.09224320948123932,0.754501461982727,0.6545177698135376,-0.09741512686014175,0.7636291980743408,0.7253581285476685,-0.10440798848867416,0.794358491897583,0.3903294503688812,-0.07473679631948471,0.785283088684082,0.5480831265449524,-0.08943352848291397,0.7753397226333618,0.5331602692604065,-0.07610639184713364,0.7749122381210327,0.494741827249527,-0.06537368148565292,0.8434731960296631,0.39034172892570496,-0.07667361199855804,0.8173920512199402,0.50236576795578,-0.08716633170843124,0.8008061647415161,0.4923262894153595,-0.07509604096412659,0.7936964631080627,0.4632183611392975,-0.0634276494383812,Л
0.0,0.0,0.0,0.0,0.0,0.0,0.0,0.0,0.0,0.0,0.0,0.0,0.0,0.0,0.0,0.0,0.0,0.0,0.0,0.0,0.0,0.0,0.0,0.0,0.0,0.0,0.0,0.0,0.0,0.0,0.0,0.0,0.0,0.0,0.0,0.0,0.0,0.0,0.0,0.0,0.0,0.0,0.0,0.0,0.0,0.0,0.0,0.0,0.0,0.0,0.0,0.0,0.0,0.0,0.0,0.0,0.0,0.0,0.0,0.0,0.0,0.0,0.0,0.8215034604072571,0.2237190306186676,2.493666215741541e-07,0.7472649216651917,0.2824327051639557,0.0008515871013514698,0.7082386016845703,0.385956734418869,-0.01302542444318533,0.7197885513305664,0.48379260301589966,-0.024295056238770485,0.7453384399414062,0.5515124201774597,-0.03830792382359505,0.6861136555671692,0.4015335440635681,-0.0683414414525032,0.6620529294013977,0.5332722663879395,-0.0941007062792778,0.6543667912483215,0.6158241629600525,-0.10699585825204849,0.6494035720825195,0.681293249130249,-0.11411454528570175,0.7383338809013367,0.39209747314453125,-0.07597666233778,0.7461994886398315,0.5551345348358154,-0.09620452672243118,0.7542552947998047,0.6552368402481079,-0.10045000165700912,0.7642958760261536,0.7266651391983032,-0.1059516966342926,0.7913668155670166,0.3863498866558075,-0.07778303325176239,0.7857216000556946,0.5405137538909912,-0.09029996395111084,0.7752193212509155,0.5535686016082764,-0.07731155306100845,0.7730631828308105,0.5372142791748047,-0.0669446811079979,0.8400079011917114,0.38495051860809326,-0.07841786742210388,0.8195143938064575,0.4997721314430237,-0.08436384052038193,0.8016493916511536,0.5116993188858032,-0.07102914899587631,0.7911574840545654,0.5001111030578613,-0.05893000587821007,Л
0.0,0.0,0.0,0.0,0.0,0.0,0.0,0.0,0.0,0.0,0.0,0.0,0.0,0.0,0.0,0.0,0.0,0.0,0.0,0.0,0.0,0.0,0.0,0.0,0.0,0.0,0.0,0.0,0.0,0.0,0.0,0.0,0.0,0.0,0.0,0.0,0.0,0.0,0.0,0.0,0.0,0.0,0.0,0.0,0.0,0.0,0.0,0.0,0.0,0.0,0.0,0.0,0.0,0.0,0.0,0.0,0.0,0.0,0.0,0.0,0.0,0.0,0.0,0.8283727169036865,0.22715745866298676,2.4150179456228216e-07,0.7536799311637878,0.28333377838134766,0.0008638179861009121,0.7123278975486755,0.38856810331344604,-0.013132014311850071,0.7194002866744995,0.48853757977485657,-0.02428309991955757,0.7425147294998169,0.5603820085525513,-0.03762990981340408,0.6893383860588074,0.4028576612472534,-0.07132529467344284,0.6659283638000488,0.5365605354309082,-0.0975741371512413,0.6571924686431885,0.6201419234275818,-0.11140774190425873,0.651437520980835,0.6868438124656677,-0.11965152621269226,0.7429620027542114,0.39556068181991577,-0.07914286851882935,0.7501088976860046,0.5626005530357361,-0.10125908255577087,0.7564957141876221,0.6632819175720215,-0.10601949691772461,0.7649884819984436,0.7346118688583374,-0.11216027289628983,0.7976559996604919,0.39158183336257935,-0.08075755834579468,0.7887641787528992,0.5499813556671143,-0.0940188318490982,0.7808634042739868,0.5489230751991272,-0.07781444489955902,0.7821614146232605,0.5185663104057312,-0.06504881381988525,0.8469801545143127,0.39177408814430237,-0.0813753679394722,0.8224154710769653,0.5109578371047974,-0.08828719705343246,0.8056254386901855,0.5137782692909241,-0.07332157343626022,0.7969293594360352,0.4924057722091675,-0.0597335509955883,Л
0.0,0.0,0.0,0.0,0.0,0.0,0.0,0.0,0.0,0.0,0.0,0.0,0.0,0.0,0.0,0.0,0.0,0.0,0.0,0.0,0.0,0.0,0.0,0.0,0.0,0.0,0.0,0.0,0.0,0.0,0.0,0.0,0.0,0.0,0.0,0.0,0.0,0.0,0.0,0.0,0.0,0.0,0.0,0.0,0.0,0.0,0.0,0.0,0.0,0.0,0.0,0.0,0.0,0.0,0.0,0.0,0.0,0.0,0.0,0.0,0.0,0.0,0.0,0.8283970952033997,0.22605617344379425,2.6178389589404105e-07,0.7542296648025513,0.28557586669921875,0.0005839311634190381,0.7149534821510315,0.39217525720596313,-0.014173022471368313,0.7226408123970032,0.4903390407562256,-0.026083867996931076,0.7457119822502136,0.5612945556640625,-0.04064644128084183,0.6917921304702759,0.40503621101379395,-0.07430169731378555,0.6687361001968384,0.5400897264480591,-0.10101736336946487,0.661051869392395,0.6238893270492554,-0.11446819454431534,0.6560483574867249,0.6911903619766235,-0.1222601905465126,0.7451217174530029,0.3959137201309204,-0.08270971477031708,0.7513834238052368,0.5665920972824097,-0.10506264120340347,0.7598136067390442,0.6694601774215698,-0.10865603387355804,0.7696735858917236,0.7426550984382629,-0.11363578587770462,0.8006017804145813,0.3900318145751953,-0.08495397865772247,0.7952156066894531,0.5511700510978699,-0.09879716485738754,0.7855380177497864,0.5531027913093567,-0.08261474221944809,0.7837516665458679,0.5248908400535583,-0.06973157078027725,0.8514179587364197,0.3883223235607147,-0.086188904941082,0.8278658986091614,0.5069382786750793,-0.09393419325351715,0.8105019330978394,0.5110902786254883,-0.07932496070861816,0.8011196851730347,0.4906157851219177,-0.06593699008226395,Л
0.0,0.0,0.0,0.0,0.0,0.0,0.0,0.0,0.0,0.0,0.0,0.0,0.0,0.0,0.0,0.0,0.0,0.0,0.0,0.0,0.0,0.0,0.0,0.0,0.0,0.0,0.0,0.0,0.0,0.0,0.0,0.0,0.0,0.0,0.0,0.0,0.0,0.0,0.0,0.0,0.0,0.0,0.0,0.0,0.0,0.0,0.0,0.0,0.0,0.0,0.0,0.0,0.0,0.0,0.0,0.0,0.0,0.0,0.0,0.0,0.0,0.0,0.0,0.8323788642883301,0.22424037754535675,2.429113976631925e-07,0.7583444714546204,0.2811174690723419,-0.000686256680637598,0.7240291237831116,0.3921155333518982,-0.015213803388178349,0.7428576946258545,0.4979792833328247,-0.02695874124765396,0.7689674496650696,0.5698081254959106,-0.04023279249668121,0.6932254433631897,0.40250852704048157,-0.06573077291250229,0.6706942319869995,0.5385692119598389,-0.09111030399799347,0.6622642278671265,0.6209975481033325,-0.10468075424432755,0.655468225479126,0.6872230172157288,-0.11310768127441406,0.7476987242698669,0.4005686640739441,-0.07299522310495377,0.7538920640945435,0.5671822428703308,-0.09349533170461655,0.7610673904418945,0.6648240685462952,-0.09829866141080856,0.769883394241333,0.737781822681427,-0.10480889678001404,0.8015168905258179,0.39830368757247925,-0.07468844950199127,0.7938918471336365,0.5499362945556641,-0.08699408173561096,0.7838100790977478,0.5360441207885742,-0.07179948687553406,0.7833235859870911,0.5004595518112183,-0.060156114399433136,0.8496904969215393,0.397264301776886,-0.07574102282524109,0.8269451260566711,0.5079370737075806,-0.08220528811216354,0.8102554678916931,0.5026525855064392,-0.06828255951404572,0.8014158606529236,0.4785533547401428,-0.05594317615032196,Л
0.0,0.0,0.0,0.0,0.0,0.0,0.0,0.0,0.0,0.0,0.0,0.0,0.0,0.0,0.0,0.0,0.0,0.0,0.0,0.0,0.0,0.0,0.0,0.0,0.0,0.0,0.0,0.0,0.0,0.0,0.0,0.0,0.0,0.0,0.0,0.0,0.0,0.0,0.0,0.0,0.0,0.0,0.0,0.0,0.0,0.0,0.0,0.0,0.0,0.0,0.0,0.0,0.0,0.0,0.0,0.0,0.0,0.0,0.0,0.0,0.0,0.0,0.0,0.8329645991325378,0.22369223833084106,2.4480033289364656e-07,0.7576836347579956,0.28057265281677246,0.0012147168163210154,0.7207570672035217,0.3889167308807373,-0.012103195302188396,0.7375902533531189,0.492014080286026,-0.02335059642791748,0.7659806609153748,0.5610533952713013,-0.036456357687711716,0.6932064294815063,0.40236181020736694,-0.0637720450758934,0.6697904467582703,0.5378696918487549,-0.0885072574019432,0.6605435013771057,0.6203944683074951,-0.10165620595216751,0.6531677842140198,0.685705304145813,-0.1095191240310669,0.7476414442062378,0.40048426389694214,-0.07180307805538177,0.7510650157928467,0.5646442174911499,-0.09170014411211014,0.7559089064598083,0.6625349521636963,-0.0966404601931572,0.7620509266853333,0.7339808940887451,-0.10307038575410843,0.8021998405456543,0.3996592164039612,-0.07412039488554001,0.7883154153823853,0.5518750548362732,-0.08635521680116653,0.7799904942512512,0.548936665058136,-0.07222341746091843,0.7816001772880554,0.5191318988800049,-0.060941290110349655,0.8510396480560303,0.4006788730621338,-0.07545104622840881,0.8225967288017273,0.5150611996650696,-0.08113671839237213,0.8054328560829163,0.5156899690628052,-0.06685265898704529,0.7985445857048035,0.4929688274860382,-0.054034605622291565,Л
0.0,0.0,0.0,0.0,0.0,0.0,0.0,0.0,0.0,0.0,0.0,0.0,0.0,0.0,0.0,0.0,0.0,0.0,0.0,0.0,0.0,0.0,0.0,0.0,0.0,0.0,0.0,0.0,0.0,0.0,0.0,0.0,0.0,0.0,0.0,0.0,0.0,0.0,0.0,0.0,0.0,0.0,0.0,0.0,0.0,0.0,0.0,0.0,0.0,0.0,0.0,0.0,0.0,0.0,0.0,0.0,0.0,0.0,0.0,0.0,0.0,0.0,0.0,0.8362854719161987,0.2309938669204712,2.4578972102062835e-07,0.7564771175384521,0.2864249348640442,-0.000545357121154666,0.7169216275215149,0.3911699056625366,-0.014791586436331272,0.7343330383300781,0.4938327372074127,-0.026745788753032684,0.7632131576538086,0.5636443495750427,-0.041061390191316605,0.692021369934082,0.40241730213165283,-0.06280567497015,0.6659114956855774,0.5349661111831665,-0.08613409101963043,0.6558523178100586,0.6172646284103394,-0.09783674776554108,0.6481208205223083,0.683677077293396,-0.10476837307214737,0.7470269799232483,0.40333297848701477,-0.07035534828901291,0.7494703531265259,0.5675449371337891,-0.09023693203926086,0.7532840371131897,0.6639803051948547,-0.09489206969738007,0.7593183517456055,0.7324240207672119,-0.1005086749792099,0.8014070391654968,0.40423160791397095,-0.07246391475200653,0.7893974184989929,0.5553879737854004,-0.0865340381860733,0.7797956466674805,0.5586583614349365,-0.07452357560396194,0.7810593843460083,0.5340889096260071,-0.06414076685905457,0.8494338393211365,0.40664759278297424,-0.0734909400343895,0.8217633962631226,0.5181379318237305,-0.08045875281095505,0.8037598133087158,0.5210311412811279,-0.06711441278457642,0.7966315746307373,0.5001062154769897,-0.05479811131954193,Л
0.0,0.0,0.0,0.0,0.0,0.0,0.0,0.0,0.0,0.0,0.0,0.0,0.0,0.0,0.0,0.0,0.0,0.0,0.0,0.0,0.0,0.0,0.0,0.0,0.0,0.0,0.0,0.0,0.0,0.0,0.0,0.0,0.0,0.0,0.0,0.0,0.0,0.0,0.0,0.0,0.0,0.0,0.0,0.0,0.0,0.0,0.0,0.0,0.0,0.0,0.0,0.0,0.0,0.0,0.0,0.0,0.0,0.0,0.0,0.0,0.0,0.0,0.0,0.8309823870658875,0.2313496619462967,2.4903724238356517e-07,0.7558186650276184,0.2892305254936218,0.0008834208711050451,0.7139335870742798,0.3907262086868286,-0.012452991679310799,0.7219557762145996,0.4868885576725006,-0.023427912965416908,0.7449663877487183,0.5553451776504517,-0.03693130612373352,0.6918790340423584,0.4057116210460663,-0.06772823631763458,0.6671621799468994,0.5386414527893066,-0.09321130812168121,0.6579110026359558,0.6211119890213013,-0.1061287671327591,0.6510430574417114,0.6868424415588379,-0.11330695450305939,0.745383083820343,0.39736974239349365,-0.0759483352303505,0.7488572001457214,0.5634711980819702,-0.09736406803131104,0.7547265291213989,0.6647807955741882,-0.10168616473674774,0.762565016746521,0.7366362810134888,-0.10701733827590942,0.7998366355895996,0.39392057061195374,-0.07843312621116638,0.7895450592041016,0.5509546399116516,-0.09287777543067932,0.7819026112556458,0.5562779903411865,-0.07900572568178177,0.7827051877975464,0.5298733115196228,-0.06700985878705978,0.8493438959121704,0.3963043987751007,-0.0798117145895958,0.8222378492355347,0.5188141465187073,-0.08762849867343903,0.8054383397102356,0.5293905735015869,-0.07389450818300247,0.7974055409431458,0.5129706263542175,-0.060826100409030914,Л
0.0,0.0,0.0,0.0,0.0,0.0,0.0,0.0,0.0,0.0,0.0,0.0,0.0,0.0,0.0,0.0,0.0,0.0,0.0,0.0,0.0,0.0,0.0,0.0,0.0,0.0,0.0,0.0,0.0,0.0,0.0,0.0,0.0,0.0,0.0,0.0,0.0,0.0,0.0,0.0,0.0,0.0,0.0,0.0,0.0,0.0,0.0,0.0,0.0,0.0,0.0,0.0,0.0,0.0,0.0,0.0,0.0,0.0,0.0,0.0,0.0,0.0,0.0,0.832355797290802,0.22783733904361725,2.713097444484447e-07,0.7554197907447815,0.28303438425064087,0.000683559279423207,0.7153468728065491,0.38640573620796204,-0.012212987057864666,0.7247917056083679,0.48394322395324707,-0.022776808589696884,0.7493578791618347,0.551284670829773,-0.03532645106315613,0.6918349266052246,0.40179625153541565,-0.06516384333372116,0.6655997633934021,0.5347511768341064,-0.09002315253019333,0.657014012336731,0.6184861660003662,-0.1024080291390419,0.651964008808136,0.6851258277893066,-0.1093328520655632,0.7462005019187927,0.397958904504776,-0.07289561629295349,0.7492924928665161,0.5582743883132935,-0.0952669084072113,0.7550879716873169,0.6610684394836426,-0.10076715052127838,0.7636637091636658,0.7340472340583801,-0.10630564391613007,0.8011307120323181,0.3972204923629761,-0.07502594590187073,0.7902357578277588,0.5474503636360168,-0.08891752362251282,0.7761279344558716,0.5568124055862427,-0.07599185407161713,0.7712403535842896,0.5365484952926636,-0.06465605646371841,0.8492515683174133,0.40005046129226685,-0.07615340501070023,0.8224473595619202,0.5139250755310059,-0.08262340724468231,0.8017585873603821,0.5258468985557556,-0.06933993846178055,0.7889323830604553,0.5128151774406433,-0.056705623865127563,Л
0.0,0.0,0.0,0.0,0.0,0.0,0.0,0.0,0.0,0.0,0.0,0.0,0.0,0.0,0.0,0.0,0.0,0.0,0.0,0.0,0.0,0.0,0.0,0.0,0.0,0.0,0.0,0.0,0.0,0.0,0.0,0.0,0.0,0.0,0.0,0.0,0.0,0.0,0.0,0.0,0.0,0.0,0.0,0.0,0.0,0.0,0.0,0.0,0.0,0.0,0.0,0.0,0.0,0.0,0.0,0.0,0.0,0.0,0.0,0.0,0.0,0.0,0.0,0.8313834071159363,0.22665506601333618,2.615811922623834e-07,0.7536253929138184,0.28097617626190186,-0.00024836204829625785,0.7144964933395386,0.3853532671928406,-0.012273067608475685,0.7270274758338928,0.48209309577941895,-0.02207077480852604,0.753499448299408,0.5492011904716492,-0.03373616561293602,0.6905979514122009,0.4043770432472229,-0.060667335987091064,0.6654036641120911,0.5347673892974854,-0.08237054944038391,0.6577880382537842,0.6167638301849365,-0.09284120798110962,0.6530216932296753,0.6825245022773743,-0.09894774109125137,0.7450713515281677,0.40213462710380554,-0.06754568219184875,0.7497908473014832,0.5573712587356567,-0.08680669218301773,0.7553806900978088,0.6546826362609863,-0.09123958647251129,0.7633092999458313,0.7243961691856384,-0.09656374156475067,0.7996897101402283,0.4012615978717804,-0.06916176527738571,0.7895098328590393,0.5482974648475647,-0.08275499939918518,0.7767089009284973,0.5499130487442017,-0.07116679847240448,0.7742859125137329,0.5243871808052063,-0.06094628944993019,0.8474224209785461,0.4020962119102478,-0.06974095851182938,0.8176168203353882,0.5107205510139465,-0.07710051536560059,0.7977051138877869,0.514420747756958,-0.06487835198640823,0.7878376245498657,0.4951472580432892,-0.05312526598572731,Л
0.0,0.0,0.0,0.0,0.0,0.0,0.0,0.0,0.0,0.0,0.0,0.0,0.0,0.0,0.0,0.0,0.0,0.0,0.0,0.0,0.0,0.0,0.0,0.0,0.0,0.0,0.0,0.0,0.0,0.0,0.0,0.0,0.0,0.0,0.0,0.0,0.0,0.0,0.0,0.0,0.0,0.0,0.0,0.0,0.0,0.0,0.0,0.0,0.0,0.0,0.0,0.0,0.0,0.0,0.0,0.0,0.0,0.0,0.0,0.0,0.0,0.0,0.0,0.8294879794120789,0.23008260130882263,2.2415784428631014e-07,0.7540605664253235,0.2845044732093811,0.00037564983358606696,0.7163636684417725,0.3913201689720154,-0.012364796362817287,0.7342711687088013,0.49506425857543945,-0.02274288237094879,0.7631131410598755,0.5628588199615479,-0.03501154109835625,0.6925971508026123,0.4027827978134155,-0.06118552386760712,0.6667100787162781,0.5358858108520508,-0.08415860682725906,0.6569652557373047,0.6177965998649597,-0.09540394693613052,0.6499338150024414,0.6827731132507324,-0.10199068486690521,0.7464182376861572,0.403217077255249,-0.06796888262033463,0.7492433190345764,0.5655515193939209,-0.08767019212245941,0.7541401982307434,0.6603735089302063,-0.09102785587310791,0.7616982460021973,0.7292279005050659,-0.09545496851205826,0.799206018447876,0.4045594334602356,-0.06927399337291718,0.7866843342781067,0.5508752465248108,-0.08104598522186279,0.774307370185852,0.5434478521347046,-0.06574957072734833,0.773827850818634,0.5131660103797913,-0.05325425788760185,0.8453109860420227,0.40753793716430664,-0.06973552703857422,0.816233217716217,0.5180343985557556,-0.07465732097625732,0.7972877621650696,0.5174058079719543,-0.05963395535945892,0.78956538438797,0.4962944984436035,-0.04617004841566086,Л
0.0,0.0,0.0,0.0,0.0,0.0,0.0,0.0,0.0,0.0,0.0,0.0,0.0,0.0,0.0,0.0,0.0,0.0,0.0,0.0,0.0,0.0,0.0,0.0,0.0,0.0,0.0,0.0,0.0,0.0,0.0,0.0,0.0,0.0,0.0,0.0,0.0,0.0,0.0,0.0,0.0,0.0,0.0,0.0,0.0,0.0,0.0,0.0,0.0,0.0,0.0,0.0,0.0,0.0,0.0,0.0,0.0,0.0,0.0,0.0,0.0,0.0,0.0,0.8264003992080688,0.22191306948661804,2.347771612676297e-07,0.7524996399879456,0.28358811140060425,0.0004552693571895361,0.7196106314659119,0.3951946198940277,-0.01307296846061945,0.743885338306427,0.496468186378479,-0.024698954075574875,0.7781776785850525,0.5631871819496155,-0.038024529814720154,0.6900302171707153,0.40181803703308105,-0.059683170169591904,0.6679291725158691,0.5324676036834717,-0.08317506313323975,0.6602049469947815,0.6134999990463257,-0.09577485918998718,0.6537811756134033,0.6784183382987976,-0.10392449796199799,0.7431067824363708,0.397908478975296,-0.06823056191205978,0.7496235370635986,0.5609862804412842,-0.08733133226633072,0.755950391292572,0.6559293866157532,-0.09294529259204865,0.7634139060974121,0.724511981010437,-0.10032115131616592,0.7969353199005127,0.3951183557510376,-0.0714511051774025,0.7920985817909241,0.5453065633773804,-0.08558250218629837,0.7860069870948792,0.5325387120246887,-0.0734792947769165,0.7881856560707092,0.4962451756000519,-0.06348832696676254,0.8452828526496887,0.3945373296737671,-0.07367900013923645,0.8249498009681702,0.5022371411323547,-0.08253628760576248,0.8110937476158142,0.49263936281204224,-0.07030846923589706,0.8063316345214844,0.4620930552482605,-0.05890024080872536,Л
0.0,0.0,0.0,0.0,0.0,0.0,0.0,0.0,0.0,0.0,0.0,0.0,0.0,0.0,0.0,0.0,0.0,0.0,0.0,0.0,0.0,0.0,0.0,0.0,0.0,0.0,0.0,0.0,0.0,0.0,0.0,0.0,0.0,0.0,0.0,0.0,0.0,0.0,0.0,0.0,0.0,0.0,0.0,0.0,0.0,0.0,0.0,0.0,0.0,0.0,0.0,0.0,0.0,0.0,0.0,0.0,0.0,0.0,0.0,0.0,0.0,0.0,0.0,0.8297429084777832,0.2215903103351593,2.2197424698333634e-07,0.7521626949310303,0.2784321904182434,0.0009118638699874282,0.7131690382957458,0.3850429058074951,-0.012007739394903183,0.726446270942688,0.48499953746795654,-0.02274102158844471,0.7540139555931091,0.5532239675521851,-0.036087516695261,0.6911107897758484,0.39781293272972107,-0.06365072727203369,0.6661052703857422,0.529584527015686,-0.08721097558736801,0.6573576927185059,0.6116993427276611,-0.09872304648160934,0.6507267951965332,0.6772257089614868,-0.10542791336774826,0.7460590600967407,0.39561891555786133,-0.07202409207820892,0.7490947842597961,0.5603328943252563,-0.09065065532922745,0.7537505626678467,0.6556614637374878,-0.09375584870576859,0.7592872381210327,0.7223290205001831,-0.09837710857391357,0.8010989427566528,0.3932388722896576,-0.07495589554309845,0.791312575340271,0.5464279055595398,-0.0890193060040474,0.7812251448631287,0.5501107573509216,-0.07672259956598282,0.7795751094818115,0.5252304673194885,-0.06622114777565002,0.8498508930206299,0.39219003915786743,-0.0766429603099823,0.8236212134361267,0.5024709701538086,-0.08501569926738739,0.8060215711593628,0.5065906047821045,-0.07263810932636261,0.7972761392593384,0.48700153827667236,-0.06087460741400719,Л
0.0,0.0,0.0,0.0,0.0,0.0,0.0,0.0,0.0,0.0,0.0,0.0,0.0,0.0,0.0,0.0,0.0,0.0,0.0,0.0,0.0,0.0,0.0,0.0,0.0,0.0,0.0,0.0,0.0,0.0,0.0,0.0,0.0,0.0,0.0,0.0,0.0,0.0,0.0,0.0,0.0,0.0,0.0,0.0,0.0,0.0,0.0,0.0,0.0,0.0,0.0,0.0,0.0,0.0,0.0,0.0,0.0,0.0,0.0,0.0,0.0,0.0,0.0,0.8265661597251892,0.21710211038589478,2.518728763334366e-07,0.7522287368774414,0.27685147523880005,0.003409411758184433,0.7133049964904785,0.38277432322502136,-0.009343027137219906,0.7271121144294739,0.4800359308719635,-0.020118309184908867,0.7552967667579651,0.5487908720970154,-0.03330405801534653,0.6909787058830261,0.39745160937309265,-0.06528198719024658,0.666233479976654,0.531904399394989,-0.0881287008523941,0.6587034463882446,0.6143009662628174,-0.09842071682214737,0.6538203358650208,0.6800475120544434,-0.10448210686445236,0.7438675165176392,0.38925909996032715,-0.07504358142614365,0.7489263415336609,0.5597264170646667,-0.09444719552993774,0.7568625211715698,0.6555036306381226,-0.09699945151805878,0.7655523419380188,0.7223681211471558,-0.10150755941867828,0.7990843057632446,0.38339850306510925,-0.07871390134096146,0.7917683720588684,0.5419120788574219,-0.09255330264568329,0.7858677506446838,0.5401811599731445,-0.07754762470722198,0.7869653701782227,0.5108463168144226,-0.06541468948125839,0.8496938943862915,0.3805842101573944,-0.08093077689409256,0.8245236277580261,0.4956599175930023,-0.08941030502319336,0.8082003593444824,0.4943430721759796,-0.07531477510929108,0.8008139133453369,0.46974581480026245,-0.06227438151836395,Л
0.0,0.0,0.0,0.0,0.0,0.0,0.0,0.0,0.0,0.0,0.0,0.0,0.0,0.0,0.0,0.0,0.0,0.0,0.0,0.0,0.0,0.0,0.0,0.0,0.0,0.0,0.0,0.0,0.0,0.0,0.0,0.0,0.0,0.0,0.0,0.0,0.0,0.0,0.0,0.0,0.0,0.0,0.0,0.0,0.0,0.0,0.0,0.0,0.0,0.0,0.0,0.0,0.0,0.0,0.0,0.0,0.0,0.0,0.0,0.0,0.0,0.0,0.0,0.8228393197059631,0.21465283632278442,2.536249894546927e-07,0.7522222995758057,0.27720966935157776,0.002063082531094551,0.7157208919525146,0.3860689103603363,-0.012624574825167656,0.7323116064071655,0.48701268434524536,-0.02520553208887577,0.7586920261383057,0.5550492405891418,-0.03953233361244202,0.6892060041427612,0.39848414063453674,-0.07024068385362625,0.6673882603645325,0.5310924053192139,-0.0965447872877121,0.6586629748344421,0.6125121116638184,-0.1103338897228241,0.6519001126289368,0.6779744625091553,-0.11969785392284393,0.7419139742851257,0.38910073041915894,-0.08001135289669037,0.7493310570716858,0.5560468435287476,-0.10385540872812271,0.7564699649810791,0.6535712480545044,-0.11005233973264694,0.7654131054878235,0.7251883745193481,-0.11795007437467575,0.7977812886238098,0.3829857409000397,-0.0833171159029007,0.7903164625167847,0.5390424132347107,-0.09687395393848419,0.7813055515289307,0.5224849581718445,-0.07748112827539444,0.7811505198478699,0.48573678731918335,-0.06306883692741394,0.8476979732513428,0.3800431191921234,-0.08576632291078568,0.8222764730453491,0.49802953004837036,-0.09351538866758347,0.8039293885231018,0.49322420358657837,-0.07724949717521667,0.7959389090538025,0.46904605627059937,-0.06307612359523773,Л
0.0,0.0,0.0,0.0,0.0,0.0,0.0,0.0,0.0,0.0,0.0,0.0,0.0,0.0,0.0,0.0,0.0,0.0,0.0,0.0,0.0,0.0,0.0,0.0,0.0,0.0,0.0,0.0,0.0,0.0,0.0,0.0,0.0,0.0,0.0,0.0,0.0,0.0,0.0,0.0,0.0,0.0,0.0,0.0,0.0,0.0,0.0,0.0,0.0,0.0,0.0,0.0,0.0,0.0,0.0,0.0,0.0,0.0,0.0,0.0,0.0,0.0,0.0,0.8258537650108337,0.22120118141174316,2.622839474497596e-07,0.7538960576057434,0.28011542558670044,-0.000824080896563828,0.7137494683265686,0.3849692642688751,-0.01549581903964281,0.7188858389854431,0.48297321796417236,-0.026454398408532143,0.7396103143692017,0.5550456047058105,-0.039735302329063416,0.6892951130867004,0.3953293561935425,-0.07728614658117294,0.6651843786239624,0.5309759378433228,-0.1043512299656868,0.6575450301170349,0.6159859895706177,-0.11783526837825775,0.6529344916343689,0.6831620335578918,-0.12545450031757355,0.7430987358093262,0.3829127550125122,-0.08433648943901062,0.7481561899185181,0.5525906682014465,-0.10726919025182724,0.7552087306976318,0.6553637385368347,-0.1116928681731224,0.7635495066642761,0.7264790534973145,-0.11746101081371307,0.7980701923370361,0.37760570645332336,-0.08516702055931091,0.7906166315078735,0.5406412482261658,-0.09996101260185242,0.7821500897407532,0.5466732978820801,-0.0852980762720108,0.781160831451416,0.519183337688446,-0.07325027883052826,0.847804605960846,0.37882891297340393,-0.08485662192106247,0.8211929202079773,0.5032612681388855,-0.09389367699623108,0.8047335147857666,0.5093780159950256,-0.08033208549022675,0.7966612577438354,0.48808836936950684,-0.06739301979541779,Л
0.0,0.0,0.0,0.0,0.0,0.0,0.0,0.0,0.0,0.0,0.0,0.0,0.0,0.0,0.0,0.0,0.0,0.0,0.0,0.0,0.0,0.0,0.0,0.0,0.0,0.0,0.0,0.0,0.0,0.0,0.0,0.0,0.0,0.0,0.0,0.0,0.0,0.0,0.0,0.0,0.0,0.0,0.0,0.0,0.0,0.0,0.0,0.0,0.0,0.0,0.0,0.0,0.0,0.0,0.0,0.0,0.0,0.0,0.0,0.0,0.0,0.0,0.0,0.8305752873420715,0.22842970490455627,2.2680951872189326e-07,0.7541810870170593,0.2822045683860779,0.0016522436635568738,0.7089525461196899,0.38151562213897705,-0.007747272029519081,0.7121673822402954,0.4772779941558838,-0.014785724692046642,0.7344756722450256,0.5444034337997437,-0.02373574487864971,0.6919635534286499,0.4031181335449219,-0.05800257995724678,0.6652438640594482,0.5316022038459778,-0.08000586926937103,0.6566501259803772,0.6142840385437012,-0.09106781333684921,0.6514524221420288,0.6794630289077759,-0.09734540432691574,0.742052435874939,0.3984234035015106,-0.06460794806480408,0.7477511763572693,0.5575722455978394,-0.0839800238609314,0.7547326683998108,0.656842827796936,-0.08904149383306503,0.7639403939247131,0.726803183555603,-0.09472499787807465,0.7929438352584839,0.3978087902069092,-0.06590679287910461,0.7861291170120239,0.5458954572677612,-0.07960624247789383,0.7760319113731384,0.5509070754051208,-0.06895232200622559,0.7744146585464478,0.5266903042793274,-0.059099357575178146,0.838572084903717,0.4021410048007965,-0.06597248464822769,0.8147041201591492,0.5151702165603638,-0.07357054203748703,0.7966428399085999,0.5216325521469116,-0.06216500699520111,0.7867357730865479,0.5035909414291382,-0.05070415139198303,Л
0.0,0.0,0.0,0.0,0.0,0.0,0.0,0.0,0.0,0.0,0.0,0.0,0.0,0.0,0.0,0.0,0.0,0.0,0.0,0.0,0.0,0.0,0.0,0.0,0.0,0.0,0.0,0.0,0.0,0.0,0.0,0.0,0.0,0.0,0.0,0.0,0.0,0.0,0.0,0.0,0.0,0.0,0.0,0.0,0.0,0.0,0.0,0.0,0.0,0.0,0.0,0.0,0.0,0.0,0.0,0.0,0.0,0.0,0.0,0.0,0.0,0.0,0.0,0.8254683017730713,0.22480350732803345,2.3608070875980047e-07,0.7519111037254333,0.28170663118362427,-0.00030204173526726663,0.7147554755210876,0.38848909735679626,-0.013461431488394737,0.7288306951522827,0.489204466342926,-0.024114925414323807,0.7531667351722717,0.559476375579834,-0.037028275430202484,0.6891850829124451,0.4003887474536896,-0.06446443498134613,0.6663945913314819,0.5325233936309814,-0.08943881839513779,0.657871425151825,0.6147185564041138,-0.10219509899616241,0.651818037033081,0.6797230839729309,-0.10947594046592712,0.7419858574867249,0.3953009247779846,-0.07184658199548721,0.7485752105712891,0.5601824522018433,-0.09231395274400711,0.7554399967193604,0.6575332283973694,-0.09701493382453918,0.7637807726860046,0.726426899433136,-0.10249689966440201,0.7951104640960693,0.39143767952919006,-0.07386957854032516,0.787617564201355,0.5430557727813721,-0.08814037591218948,0.7785338163375854,0.548990786075592,-0.0756346806883812,0.7778104543685913,0.5267855525016785,-0.06469862163066864,0.8431222438812256,0.3901797831058502,-0.07480186969041824,0.8177825212478638,0.504023015499115,-0.08263783156871796,0.8019151091575623,0.5116626024246216,-0.06965196132659912,0.7952604293823242,0.49584338068962097,-0.05721525102853775,Л
0.0,0.0,0.0,0.0,0.0,0.0,0.0,0.0,0.0,0.0,0.0,0.0,0.0,0.0,0.0,0.0,0.0,0.0,0.0,0.0,0.0,0.0,0.0,0.0,0.0,0.0,0.0,0.0,0.0,0.0,0.0,0.0,0.0,0.0,0.0,0.0,0.0,0.0,0.0,0.0,0.0,0.0,0.0,0.0,0.0,0.0,0.0,0.0,0.0,0.0,0.0,0.0,0.0,0.0,0.0,0.0,0.0,0.0,0.0,0.0,0.0,0.0,0.0,0.8275551199913025,0.22084927558898926,2.5154699301310757e-07,0.7532467842102051,0.27843689918518066,-0.0008815528708510101,0.719111979007721,0.3858451247215271,-0.015623975545167923,0.7394847869873047,0.48650050163269043,-0.027674788609147072,0.7695054411888123,0.5557699203491211,-0.04148620739579201,0.688615620136261,0.3975828289985657,-0.06733160465955734,0.6662485003471375,0.5317481160163879,-0.09374088048934937,0.6586794853210449,0.614762544631958,-0.10841769725084305,0.6535448431968689,0.681940495967865,-0.11737760901451111,0.7429907321929932,0.3946702480316162,-0.07459303736686707,0.7481781840324402,0.557165265083313,-0.09579794853925705,0.7556915283203125,0.6543837785720825,-0.10131272673606873,0.7651656270027161,0.7253919839859009,-0.10828190296888351,0.7973340749740601,0.3936067521572113,-0.07630139589309692,0.7875163555145264,0.54310142993927,-0.08862318843603134,0.7759034633636475,0.5354400873184204,-0.07448980957269669,0.7742329239845276,0.5027585625648499,-0.06376662105321884,0.8453629016876221,0.3951677680015564,-0.07740551978349686,0.8180146217346191,0.5020420551300049,-0.08329832553863525,0.7995345592498779,0.5023574233055115,-0.06994588673114777,0.7898802161216736,0.48245400190353394,-0.058289784938097,Л
0.0,0.0,0.0,0.0,0.0,0.0,0.0,0.0,0.0,0.0,0.0,0.0,0.0,0.0,0.0,0.0,0.0,0.0,0.0,0.0,0.0,0.0,0.0,0.0,0.0,0.0,0.0,0.0,0.0,0.0,0.0,0.0,0.0,0.0,0.0,0.0,0.0,0.0,0.0,0.0,0.0,0.0,0.0,0.0,0.0,0.0,0.0,0.0,0.0,0.0,0.0,0.0,0.0,0.0,0.0,0.0,0.0,0.0,0.0,0.0,0.0,0.0,0.0,0.8290923833847046,0.2233726531267166,2.581438423021609e-07,0.7541607618331909,0.28102511167526245,-0.0011572394287213683,0.7212221622467041,0.39142289757728577,-0.016057776287198067,0.7469464540481567,0.4931378960609436,-0.02837676741182804,0.7807261943817139,0.5591322183609009,-0.042374856770038605,0.692508339881897,0.3952427804470062,-0.06551294773817062,0.6670509576797485,0.5294857025146484,-0.08913439512252808,0.6585686802864075,0.6117735505104065,-0.10081732273101807,0.6528965830802917,0.6782466769218445,-0.10832194983959198,0.7464779615402222,0.39555931091308594,-0.07272380590438843,0.750675618648529,0.5567736625671387,-0.0939021036028862,0.7551137208938599,0.652315616607666,-0.09980592876672745,0.7621867060661316,0.7224712371826172,-0.10685158520936966,0.7999400496482849,0.39622387290000916,-0.07414166629314423,0.7878032922744751,0.5410306453704834,-0.08768045902252197,0.7731218338012695,0.5312209129333496,-0.07497327774763107,0.7707465887069702,0.5005748271942139,-0.06487926095724106,0.8465194702148438,0.3978527784347534,-0.07463094592094421,0.8175933361053467,0.5016288757324219,-0.08216351270675659,0.7960125207901001,0.49569204449653625,-0.06951332092285156,0.786424458026886,0.47150421142578125,-0.058165062218904495,Л
0.0,0.0,0.0,0.0,0.0,0.0,0.0,0.0,0.0,0.0,0.0,0.0,0.0,0.0,0.0,0.0,0.0,0.0,0.0,0.0,0.0,0.0,0.0,0.0,0.0,0.0,0.0,0.0,0.0,0.0,0.0,0.0,0.0,0.0,0.0,0.0,0.0,0.0,0.0,0.0,0.0,0.0,0.0,0.0,0.0,0.0,0.0,0.0,0.0,0.0,0.0,0.0,0.0,0.0,0.0,0.0,0.0,0.0,0.0,0.0,0.0,0.0,0.0,0.9563509225845337,0.828805685043335,-5.954929633844586e-07,0.8726844191551208,0.7749081254005432,-0.005809571128338575,0.8063900470733643,0.7070494294166565,-0.018861418589949608,0.757133960723877,0.6514386534690857,-0.03994670882821083,0.7436375617980957,0.5864482522010803,-0.058135420083999634,0.8617850542068481,0.5766656398773193,0.023323925212025642,0.8173947930335999,0.48157817125320435,-0.01678689569234848,0.7703015804290771,0.5069907307624817,-0.05107118561863899,0.7466456294059753,0.5556634068489075,-0.06976212561130524,0.893713116645813,0.5619427561759949,0.0056577338837087154,0.8436435461044312,0.44568705558776855,-0.03511743247509003,0.7872440814971924,0.4776926636695862,-0.06449021399021149,0.7586672902107239,0.5329046249389648,-0.07773115485906601,0.9278048276901245,0.5625783801078796,-0.01866326294839382,0.8796862363815308,0.44093436002731323,-0.05287347733974457,0.8171619176864624,0.4713190495967865,-0.06860639899969101,0.7821942567825317,0.5243081450462341,-0.07237858325242996,0.9561004638671875,0.5820959210395813,-0.04439179226756096,0.8892216682434082,0.5250285863876343,-0.06833567470312119,0.8307549953460693,0.5346265435218811,-0.07861955463886261,0.7933205366134644,0.5524722337722778,-0.08158766478300095,E
0.0,0.0,0.0,0.0,0.0,0.0,0.0,0.0,0.0,0.0,0.0,0.0,0.0,0.0,0.0,0.0,0.0,0.0,0.0,0.0,0.0,0.0,0.0,0.0,0.0,0.0,0.0,0.0,0.0,0.0,0.0,0.0,0.0,0.0,0.0,0.0,0.0,0.0,0.0,0.0,0.0,0.0,0.0,0.0,0.0,0.0,0.0,0.0,0.0,0.0,0.0,0.0,0.0,0.0,0.0,0.0,0.0,0.0,0.0,0.0,0.0,0.0,0.0,0.9474438428878784,0.8204441666603088,-6.217469490366057e-07,0.865820586681366,0.7691978216171265,-0.0062952241860330105,0.8000935316085815,0.7006276845932007,-0.01915336400270462,0.7497569918632507,0.6467760801315308,-0.040051355957984924,0.7405334711074829,0.5835798382759094,-0.05847768485546112,0.852393388748169,0.5686416625976562,0.024584686383605003,0.8072019815444946,0.4789368212223053,-0.016327137127518654,0.7615883350372314,0.5070596933364868,-0.05249916762113571,0.7378047704696655,0.5584183931350708,-0.07223183661699295,0.8836629390716553,0.5536230802536011,0.007689060643315315,0.8334821462631226,0.44266068935394287,-0.03361211344599724,0.7779174447059631,0.4732450842857361,-0.06552577018737793,0.7469429969787598,0.5281815528869629,-0.08035093545913696,0.9182214736938477,0.5537908673286438,-0.015833642333745956,0.86956387758255,0.43907999992370605,-0.05096946284174919,0.8076207041740417,0.4666496515274048,-0.07007616758346558,0.7701659202575684,0.5177946090698242,-0.07597985118627548,0.9476714134216309,0.5731135010719299,-0.0405796580016613,0.8805003762245178,0.5196888446807861,-0.0655616745352745,0.8230766654014587,0.5314399003982544,-0.07740197330713272,0.7850654125213623,0.5523567795753479,-0.08136309683322906,E
0.0,0.0,0.0,0.0,0.0,0.0,0.0,0.0,0.0,0.0,0.0,0.0,0.0,0.0,0.0,0.0,0.0,0.0,0.0,0.0,0.0,0.0,0.0,0.0,0.0,0.0,0.0,0.0,0.0,0.0,0.0,0.0,0.0,0.0,0.0,0.0,0.0,0.0,0.0,0.0,0.0,0.0,0.0,0.0,0.0,0.0,0.0,0.0,0.0,0.0,0.0,0.0,0.0,0.0,0.0,0.0,0.0,0.0,0.0,0.0,0.0,0.0,0.0,0.9461699724197388,0.8147344589233398,-6.194168236106634e-07,0.8633918166160583,0.7673498392105103,-0.006500371731817722,0.7964282631874084,0.7007075548171997,-0.01918569952249527,0.7457579374313354,0.6443770527839661,-0.03964921832084656,0.7344381809234619,0.5811615586280823,-0.05742422863841057,0.8467048406600952,0.5707149505615234,0.021559659391641617,0.8016934394836426,0.47637900710105896,-0.0184145700186491,0.7563208937644958,0.5014181733131409,-0.052378203719854355,0.7352798581123352,0.5511882901191711,-0.0707116574048996,0.8776172995567322,0.5553179979324341,0.005005517043173313,0.8267178535461426,0.4389427602291107,-0.035592999309301376,0.7730492949485779,0.47126710414886475,-0.06503340601921082,0.7468023300170898,0.5272700786590576,-0.07789435237646103,0.9123756289482117,0.5540564656257629,-0.018037913367152214,0.8632364273071289,0.4345704913139343,-0.05249972641468048,0.8015995621681213,0.4655319154262543,-0.06970168650150299,0.7670038938522339,0.5191540122032166,-0.07430475205183029,0.9436666369438171,0.5708574056625366,-0.04237436130642891,0.8769780397415161,0.5135421752929688,-0.06735259294509888,0.8179418444633484,0.5264463424682617,-0.07899133116006851,0.779781699180603,0.5499402284622192,-0.08274400979280472,E
0.0,0.0,0.0,0.0,0.0,0.0,0.0,0.0,0.0,0.0,0.0,0.0,0.0,0.0,0.0,0.0,0.0,0.0,0.0,0.0,0.0,0.0,0.0,0.0,0.0,0.0,0.0,0.0,0.0,0.0,0.0,0.0,0.0,0.0,0.0,0.0,0.0,0.0,0.0,0.0,0.0,0.0,0.0,0.0,0.0,0.0,0.0,0.0,0.0,0.0,0.0,0.0,0.0,0.0,0.0,0.0,0.0,0.0,0.0,0.0,0.0,0.0,0.0,0.942541778087616,0.8031350374221802,-5.995599963171117e-07,0.8555747270584106,0.7604039907455444,-0.004766142461448908,0.7876650094985962,0.6963946223258972,-0.01580451801419258,0.7361550331115723,0.6396290063858032,-0.035269469022750854,0.729277491569519,0.5731844305992126,-0.05180510878562927,0.8407628536224365,0.5652051568031311,0.03191022947430611,0.8002253770828247,0.47349685430526733,-0.0056269047781825066,0.7533667087554932,0.495585173368454,-0.03952902927994728,0.727620542049408,0.5430935621261597,-0.05832579731941223,0.8699962496757507,0.5497845411300659,0.014870534650981426,0.820294201374054,0.43880170583724976,-0.023452946916222572,0.7638020515441895,0.46929556131362915,-0.053825683891773224,0.7331535220146179,0.5234487056732178,-0.06790037453174591,0.9026186466217041,0.5467658638954163,-0.009198968298733234,0.853634238243103,0.4313850998878479,-0.04233197867870331,0.791693925857544,0.4608452320098877,-0.06041555106639862,0.7554234266281128,0.5134439468383789,-0.06576074659824371,0.9316315054893494,0.562041163444519,-0.03460550308227539,0.8639953136444092,0.5072815418243408,-0.05815907567739487,0.8062223792076111,0.5202184319496155,-0.06972992420196533,0.7681289315223694,0.5432194471359253,-0.07372600585222244,E
0.0,0.0,0.0,0.0,0.0,0.0,0.0,0.0,0.0,0.0,0.0,0.0,0.0,0.0,0.0,0.0,0.0,0.0,0.0,0.0,0.0,0.0,0.0,0.0,0.0,0.0,0.0,0.0,0.0,0.0,0.0,0.0,0.0,0.0,0.0,0.0,0.0,0.0,0.0,0.0,0.0,0.0,0.0,0.0,0.0,0.0,0.0,0.0,0.0,0.0,0.0,0.0,0.0,0.0,0.0,0.0,0.0,0.0,0.0,0.0,0.0,0.0,0.0,0.9373751282691956,0.797176718711853,-6.002746886224486e-07,0.8535118699073792,0.7573050260543823,-0.0066818175837397575,0.7846674919128418,0.694660484790802,-0.019021503627300262,0.7334064841270447,0.6399027705192566,-0.039055317640304565,0.7233741879463196,0.5746749043464661,-0.05598321184515953,0.8354644179344177,0.5591840744018555,0.024659642949700356,0.7931045293807983,0.4641140103340149,-0.013218711130321026,0.7461292743682861,0.48833221197128296,-0.04567733034491539,0.722126841545105,0.5369992256164551,-0.06319542974233627,0.8659650683403015,0.5444916486740112,0.008580922149121761,0.8154890537261963,0.43418532609939575,-0.02977091073989868,0.7601346373558044,0.4656182527542114,-0.05809011682868004,0.731706976890564,0.5192666053771973,-0.07043991982936859,0.8993961215019226,0.5429706573486328,-0.014161394909024239,0.8472626209259033,0.4321221709251404,-0.047795943915843964,0.7869513630867004,0.46544545888900757,-0.06358230113983154,0.7529534697532654,0.5176498889923096,-0.06705145537853241,0.9289884567260742,0.5589542388916016,-0.03820782154798508,0.8586011528968811,0.5088350176811218,-0.0628514438867569,0.802192211151123,0.5249764919281006,-0.07303792238235474,0.7665815949440002,0.5488588213920593,-0.07541371881961823,E
0.0,0.0,0.0,0.0,0.0,0.0,0.0,0.0,0.0,0.0,0.0,0.0,0.0,0.0,0.0,0.0,0.0,0.0,0.0,0.0,0.0,0.0,0.0,0.0,0.0,0.0,0.0,0.0,0.0,0.0,0.0,0.0,0.0,0.0,0.0,0.0,0.0,0.0,0.0,0.0,0.0,0.0,0.0,0.0,0.0,0.0,0.0,0.0,0.0,0.0,0.0,0.0,0.0,0.0,0.0,0.0,0.0,0.0,0.0,0.0,0.0,0.0,0.0,0.9368248581886292,0.7929133176803589,-5.850449724675855e-07,0.8526145219802856,0.7560418248176575,-0.008480124175548553,0.7828104496002197,0.6933675408363342,-0.0217599980533123,0.7303702235221863,0.6359674334526062,-0.042128898203372955,0.7218234539031982,0.5674483776092529,-0.05941834673285484,0.8302930593490601,0.5636300444602966,0.02166764624416828,0.7882643342018127,0.47047561407089233,-0.017210235819220543,0.7433081865310669,0.4944057762622833,-0.04997868090867996,0.7222280502319336,0.5442204475402832,-0.06752263009548187,0.8611250519752502,0.5449472069740295,0.0068525103852152824,0.8128408789634705,0.4346012771129608,-0.03041558340191841,0.7587896585464478,0.4651992619037628,-0.05691472068428993,0.730754017829895,0.5187938809394836,-0.06857406347990036,0.8949184417724609,0.5410951375961304,-0.014889637939631939,0.8450683355331421,0.4259375333786011,-0.04753419756889343,0.7854733467102051,0.45842137932777405,-0.06236274540424347,0.751888632774353,0.5112346410751343,-0.06601765751838684,0.9242356419563293,0.5561832785606384,-0.038144081830978394,0.8553308844566345,0.5054659247398376,-0.06272132694721222,0.7995178699493408,0.5242509841918945,-0.07324713468551636,0.7644810676574707,0.5506313443183899,-0.07636392116546631,E
0.0,0.0,0.0,0.0,0.0,0.0,0.0,0.0,0.0,0.0,0.0,0.0,0.0,0.0,0.0,0.0,0.0,0.0,0.0,0.0,0.0,0.0,0.0,0.0,0.0,0.0,0.0,0.0,0.0,0.0,0.0,0.0,0.0,0.0,0.0,0.0,0.0,0.0,0.0,0.0,0.0,0.0,0.0,0.0,0.0,0.0,0.0,0.0,0.0,0.0,0.0,0.0,0.0,0.0,0.0,0.0,0.0,0.0,0.0,0.0,0.0,0.0,0.0,0.9373412728309631,0.8003770112991333,-5.796309778816067e-07,0.8526507019996643,0.7610150575637817,-0.007710173726081848,0.7817756533622742,0.6986732482910156,-0.019872289150953293,0.7280561923980713,0.6420325636863708,-0.03960535675287247,0.7179206013679504,0.5733191967010498,-0.05610470473766327,0.8293231725692749,0.5704682469367981,0.02506943605840206,0.786314070224762,0.47690773010253906,-0.011716033332049847,0.7421536445617676,0.5010119080543518,-0.04379701614379883,0.721311628818512,0.5503655076026917,-0.06121976673603058,0.8587062954902649,0.5507535338401794,0.009951413609087467,0.8085502982139587,0.4399927258491516,-0.025778478011488914,0.754880428314209,0.4688774347305298,-0.05317167192697525,0.7270634770393372,0.5218294858932495,-0.06579609215259552,0.8915132880210876,0.5452690124511719,-0.011963863857090473,0.8400920629501343,0.42777371406555176,-0.04346974566578865,0.7821792364120483,0.45949894189834595,-0.0588507317006588,0.7503679990768433,0.5132625102996826,-0.06282798945903778,0.9204092025756836,0.5586395859718323,-0.0353473499417305,0.8514190912246704,0.503954291343689,-0.05889085307717323,0.7956649661064148,0.5209107398986816,-0.06895654648542404,0.7613656520843506,0.5482481718063354,-0.07169689238071442,E
0.0,0.0,0.0,0.0,0.0,0.0,0.0,0.0,0.0,0.0,0.0,0.0,0.0,0.0,0.0,0.0,0.0,0.0,0.0,0.0,0.0,0.0,0.0,0.0,0.0,0.0,0.0,0.0,0.0,0.0,0.0,0.0,0.0,0.0,0.0,0.0,0.0,0.0,0.0,0.0,0.0,0.0,0.0,0.0,0.0,0.0,0.0,0.0,0.0,0.0,0.0,0.0,0.0,0.0,0.0,0.0,0.0,0.0,0.0,0.0,0.0,0.0,0.0,0.9321287870407104,0.8006563186645508,-5.621657805932045e-07,0.8444963097572327,0.7579158544540405,-0.00336645869538188,0.7767536640167236,0.6982550621032715,-0.013885000720620155,0.7254610061645508,0.6428741812705994,-0.033169329166412354,0.711340069770813,0.5752781629562378,-0.04954126104712486,0.8218005895614624,0.5715346336364746,0.031461793929338455,0.775574266910553,0.47972673177719116,-0.003129000309854746,0.7324762940406799,0.5053179860115051,-0.033916935324668884,0.7146747708320618,0.5548650026321411,-0.05063280090689659,0.8509626388549805,0.5524244904518127,0.014076377265155315,0.7999803423881531,0.44128870964050293,-0.019418824464082718,0.7465559840202332,0.4715428352355957,-0.045195773243904114,0.7212998270988464,0.5246520042419434,-0.05715719982981682,0.883506178855896,0.5474827289581299,-0.010096156038343906,0.8323327302932739,0.42540574073791504,-0.03994690626859665,0.7732373476028442,0.45776745676994324,-0.05372413992881775,0.7431475520133972,0.5128569006919861,-0.057119086384773254,0.9114091992378235,0.5608278512954712,-0.03559640422463417,0.842984676361084,0.5020796060562134,-0.05783849582076073,0.7869678139686584,0.5209698677062988,-0.06637577712535858,0.7541500329971313,0.5508126020431519,-0.06840671598911285,E
0.0,0.0,0.0,0.0,0.0,0.0,0.0,0.0,0.0,0.0,0.0,0.0,0.0,0.0,0.0,0.0,0.0,0.0,0.0,0.0,0.0,0.0,0.0,0.0,0.0,0.0,0.0,0.0,0.0,0.0,0.0,0.0,0.0,0.0,0.0,0.0,0.0,0.0,0.0,0.0,0.0,0.0,0.0,0.0,0.0,0.0,0.0,0.0,0.0,0.0,0.0,0.0,0.0,0.0,0.0,0.0,0.0,0.0,0.0,0.0,0.0,0.0,0.0,0.9275962710380554,0.8076380491256714,-5.842500172548171e-07,0.8393468856811523,0.7615180611610413,0.00016281756688840687,0.7701907157897949,0.7007811069488525,-0.008770735934376717,0.7191811203956604,0.6501350998878479,-0.027411147952079773,0.7052503228187561,0.5872343182563782,-0.04307388886809349,0.8213686347007751,0.5701074600219727,0.03378245234489441,0.7719917297363281,0.47911036014556885,-0.0012675252510234714,0.7269591689109802,0.5094624757766724,-0.03136439993977547,0.7103175520896912,0.5622624754905701,-0.04688718914985657,0.849280059337616,0.5512295365333557,0.014315667562186718,0.7941538095474243,0.43811479210853577,-0.019635632634162903,0.7375980615615845,0.4742075204849243,-0.044192124158144,0.7139279246330261,0.5319250226020813,-0.054499413818120956,0.8792644739151001,0.5468096733093262,-0.01177176833152771,0.8241571187973022,0.4258131682872772,-0.04121565818786621,0.7632490992546082,0.4645049571990967,-0.05417187511920929,0.735747218132019,0.5231559872627258,-0.05643540620803833,0.9032913446426392,0.5615259408950806,-0.038971755653619766,0.8355436325073242,0.5028775334358215,-0.059142760932445526,0.7793488502502441,0.5246725082397461,-0.06614744663238525,0.7486913204193115,0.5564316511154175,-0.067008376121521,E
0.0,0.0,0.0,0.0,0.0,0.0,0.0,0.0,0.0,0.0,0.0,0.0,0.0,0.0,0.0,0.0,0.0,0.0,0.0,0.0,0.0,0.0,0.0,0.0,0.0,0.0,0.0,0.0,0.0,0.0,0.0,0.0,0.0,0.0,0.0,0.0,0.0,0.0,0.0,0.0,0.0,0.0,0.0,0.0,0.0,0.0,0.0,0.0,0.0,0.0,0.0,0.0,0.0,0.0,0.0,0.0,0.0,0.0,0.0,0.0,0.0,0.0,0.0,0.9242161512374878,0.8089151382446289,-5.843128292326583e-07,0.8381125926971436,0.7655177116394043,-0.004667468834668398,0.7679420709609985,0.7047150731086731,-0.015102733857929707,0.7147535681724548,0.6498482823371887,-0.03397953137755394,0.701261043548584,0.5835310220718384,-0.049461498856544495,0.8091563582420349,0.5755584239959717,0.03165940195322037,0.7610656023025513,0.48607274889945984,-0.0029157428070902824,0.7199005484580994,0.517772912979126,-0.03342472389340401,0.7054267525672913,0.5695123076438904,-0.050036314874887466,0.8379554748535156,0.5555817484855652,0.015397768467664719,0.7839272618293762,0.448596715927124,-0.01903119869530201,0.7309386134147644,0.48473504185676575,-0.04511593282222748,0.7069814801216125,0.540621280670166,-0.05685756355524063,0.8701429963111877,0.5498210787773132,-0.0077830832451581955,0.816152811050415,0.43585503101348877,-0.03799772635102272,0.756916880607605,0.4725947976112366,-0.05243562534451485,0.7269859910011292,0.5284270644187927,-0.05607963725924492,0.897720992565155,0.5622369050979614,-0.032341256737709045,0.8291053175926208,0.5094975829124451,-0.0535079762339592,0.7735468149185181,0.5313830375671387,-0.06206812337040901,0.7412511110305786,0.561068594455719,-0.06432723253965378,E
0.0,0.0,0.0,0.0,0.0,0.0,0.0,0.0,0.0,0.0,0.0,0.0,0.0,0.0,0.0,0.0,0.0,0.0,0.0,0.0,0.0,0.0,0.0,0.0,0.0,0.0,0.0,0.0,0.0,0.0,0.0,0.0,0.0,0.0,0.0,0.0,0.0,0.0,0.0,0.0,0.0,0.0,0.0,0.0,0.0,0.0,0.0,0.0,0.0,0.0,0.0,0.0,0.0,0.0,0.0,0.0,0.0,0.0,0.0,0.0,0.0,0.0,0.0,0.9235354065895081,0.8217395544052124,-5.465251433633966e-07,0.8357528448104858,0.7794574499130249,-0.0014940733090043068,0.7646076679229736,0.7168803215026855,-0.009893057867884636,0.7116944193840027,0.6624414324760437,-0.02768450789153576,0.6958361268043518,0.5959646701812744,-0.042051564902067184,0.8122556805610657,0.5829796195030212,0.0392589196562767,0.7662900686264038,0.4962082803249359,0.007970585487782955,0.7218078970909119,0.5188866257667542,-0.02107604593038559,0.7021061182022095,0.564383864402771,-0.03716015815734863,0.8397049903869629,0.5645330548286438,0.0206379983574152,0.7876898646354675,0.4565501809120178,-0.009609188884496689,0.731590986251831,0.4850819706916809,-0.033543746918439865,0.7044764161109924,0.5375005602836609,-0.04475116357207298,0.8693006038665771,0.5616104602813721,-0.005176878999918699,0.8164700269699097,0.4458691477775574,-0.03308001533150673,0.7553809881210327,0.47909364104270935,-0.04610762372612953,0.7247734665870667,0.5335054993629456,-0.0493306927382946,0.8933536410331726,0.5775809288024902,-0.0324256494641304,0.8274022936820984,0.5166959166526794,-0.05249601602554321,0.7725223898887634,0.5377733707427979,-0.05962841212749481,0.7412874698638916,0.5709931254386902,-0.06119941174983978,E
0.0,0.0,0.0,0.0,0.0,0.0,0.0,0.0,0.0,0.0,0.0,0.0,0.0,0.0,0.0,0.0,0.0,0.0,0.0,0.0,0.0,0.0,0.0,0.0,0.0,0.0,0.0,0.0,0.0,0.0,0.0,0.0,0.0,0.0,0.0,0.0,0.0,0.0,0.0,0.0,0.0,0.0,0.0,0.0,0.0,0.0,0.0,0.0,0.0,0.0,0.0,0.0,0.0,0.0,0.0,0.0,0.0,0.0,0.0,0.0,0.0,0.0,0.0,0.9170918464660645,0.8248188495635986,-5.557888016483048e-07,0.8331887125968933,0.7853636145591736,-0.004922048654407263,0.760204017162323,0.7243607640266418,-0.014751001261174679,0.7069782018661499,0.6700330376625061,-0.03254234418272972,0.6933620572090149,0.6027323007583618,-0.04676252603530884,0.8028793931007385,0.5918432474136353,0.03130851313471794,0.7562610507011414,0.5041878819465637,-0.0015146542573347688,0.7133954167366028,0.5286634564399719,-0.03027918189764023,0.695598304271698,0.5740010142326355,-0.04586077108979225,0.8310619592666626,0.5724573731422424,0.015422305092215538,0.7785233855247498,0.4674476385116577,-0.01659737527370453,0.7257604598999023,0.49753957986831665,-0.040281374007463455,0.7007575631141663,0.5498164892196655,-0.050669316202402115,0.8624088764190674,0.568233072757721,-0.007365739438682795,0.8079789876937866,0.4572187066078186,-0.03641519695520401,0.7499694228172302,0.4913632869720459,-0.049214642494916916,0.7201805710792542,0.5450711846351624,-0.051765959709882736,0.8900272846221924,0.5824669599533081,-0.03158404305577278,0.8213629126548767,0.5315468311309814,-0.05295459181070328,0.7676190733909607,0.5511229634284973,-0.06111573055386543,0.736097514629364,0.5788794755935669,-0.06283644586801529,E
0.0,0.0,0.0,0.0,0.0,0.0,0.0,0.0,0.0,0.0,0.0,0.0,0.0,0.0,0.0,0.0,0.0,0.0,0.0,0.0,0.0,0.0,0.0,0.0,0.0,0.0,0.0,0.0,0.0,0.0,0.0,0.0,0.0,0.0,0.0,0.0,0.0,0.0,0.0,0.0,0.0,0.0,0.0,0.0,0.0,0.0,0.0,0.0,0.0,0.0,0.0,0.0,0.0,0.0,0.0,0.0,0.0,0.0,0.0,0.0,0.0,0.0,0.0,0.9042752981185913,0.8522306680679321,-5.667150162480539e-07,0.8176000118255615,0.810067355632782,-0.003409061348065734,0.7477853298187256,0.7483035922050476,-0.011765643954277039,0.6945561170578003,0.6976553201675415,-0.028783412650227547,0.6856412887573242,0.6346586346626282,-0.041810013353824615,0.7863447666168213,0.6178115010261536,0.03379972279071808,0.7421473264694214,0.5255374312400818,-0.00029092965996824205,0.6989294290542603,0.5589022636413574,-0.02899526245892048,0.6892000436782837,0.6105006337165833,-0.04380467161536217,0.8123053312301636,0.600334882736206,0.017392972484230995,0.7625722289085388,0.4883732497692108,-0.016100328415632248,0.7089195847511292,0.5268663167953491,-0.039278291165828705,0.6921491026878357,0.5859699845314026,-0.04789913073182106,0.8428870439529419,0.5955787897109985,-0.006093422416597605,0.7915462851524353,0.48148801922798157,-0.03486866503953934,0.7316299676895142,0.5199129581451416,-0.04812932386994362,0.7078832983970642,0.5772276520729065,-0.05009746178984642,0.8689150810241699,0.6095770597457886,-0.03112575225532055,0.801231861114502,0.5554016828536987,-0.05075573921203613,0.7468695640563965,0.5794057846069336,-0.058489423245191574,0.720633864402771,0.6141230463981628,-0.05949058383703232,E
0.0,0.0,0.0,0.0,0.0,0.0,0.0,0.0,0.0,0.0,0.0,0.0,0.0,0.0,0.0,0.0,0.0,0.0,0.0,0.0,0.0,0.0,0.0,0.0,0.0,0.0,0.0,0.0,0.0,0.0,0.0,0.0,0.0,0.0,0.0,0.0,0.0,0.0,0.0,0.0,0.0,0.0,0.0,0.0,0.0,0.0,0.0,0.0,0.0,0.0,0.0,0.0,0.0,0.0,0.0,0.0,0.0,0.0,0.0,0.0,0.0,0.0,0.0,0.9016672968864441,0.8760092258453369,-5.480738423102594e-07,0.8134037852287292,0.8364930748939514,0.003507903078570962,0.7422956824302673,0.7772918939590454,-0.0018378422828391194,0.6900689601898193,0.7275149822235107,-0.017187150195240974,0.6758953332901001,0.6639719009399414,-0.02961229532957077,0.7863470315933228,0.6467139720916748,0.0427350290119648,0.7377635836601257,0.5612740516662598,0.014600551687180996,0.6965658664703369,0.5869103670120239,-0.011165693402290344,0.6817909479141235,0.6358306407928467,-0.024624541401863098,0.812107503414154,0.6279346346855164,0.023596573621034622,0.7541379332542419,0.5235633254051208,-0.004233681596815586,0.702893078327179,0.5582828521728516,-0.02635123021900654,0.683151125907898,0.6162810325622559,-0.03588331118226051,0.8402690291404724,0.6218147277832031,-0.002012244425714016,0.7828493714332581,0.5111219882965088,-0.026581741869449615,0.7273126244544983,0.547947347164154,-0.03893539309501648,0.7038617134094238,0.6065412163734436,-0.04195137694478035,0.8634074926376343,0.6314989328384399,-0.028586558997631073,0.7965341806411743,0.5789017081260681,-0.0460362508893013,0.7481416463851929,0.6018853187561035,-0.05272207036614418,0.7241393327713013,0.6358948945999146,-0.053888119757175446,E
0.0,0.0,0.0,0.0,0.0,0.0,0.0,0.0,0.0,0.0,0.0,0.0,0.0,0.0,0.0,0.0,0.0,0.0,0.0,0.0,0.0,0.0,0.0,0.0,0.0,0.0,0.0,0.0,0.0,0.0,0.0,0.0,0.0,0.0,0.0,0.0,0.0,0.0,0.0,0.0,0.0,0.0,0.0,0.0,0.0,0.0,0.0,0.0,0.0,0.0,0.0,0.0,0.0,0.0,0.0,0.0,0.0,0.0,0.0,0.0,0.0,0.0,0.0,0.9005282521247864,0.8651400804519653,-5.892413241781469e-07,0.8116223812103271,0.8238410949707031,0.002188326558098197,0.740069568157196,0.7657788395881653,-0.0037199596408754587,0.6880190968513489,0.714377760887146,-0.01963387429714203,0.6749431490898132,0.6496922373771667,-0.032301757484674454,0.7831441760063171,0.6361936926841736,0.04310034587979317,0.7341087460517883,0.5492357015609741,0.013257267884910107,0.696662425994873,0.5801419019699097,-0.013981698080897331,0.6862015128135681,0.6338030099868774,-0.028178051114082336,0.8087557554244995,0.6172002553939819,0.024648208171129227,0.7510250210762024,0.5134527683258057,-0.006018832325935364,0.7009179592132568,0.5523161292076111,-0.0302722305059433,0.6819709539413452,0.6126032471656799,-0.04031207039952278,0.8367506265640259,0.6105408668518066,-0.0004917773185297847,0.7787528038024902,0.49740070104599,-0.027803855016827583,0.7234546542167664,0.5354574918746948,-0.04167846962809563,0.6998099088668823,0.5959071516990662,-0.04454268887639046,0.8601805567741394,0.6199546456336975,-0.02651257999241352,0.7928609848022461,0.5673791170120239,-0.0462706983089447,0.7424720525741577,0.59092116355896,-0.05394921079277992,0.7157796025276184,0.6268923878669739,-0.05493845418095589,E
0.8235836625099182,0.5806264281272888,-3.285298930677527e-07,0.8044583797454834,0.5920409560203552,-0.027995433658361435,0.7671681046485901,0.5946547985076904,-0.04490256309509277,0.729884147644043,0.6072374582290649,-0.055172745138406754,0.7047305107116699,0.6191250681877136,-0.06530061364173889,0.7717408537864685,0.5042641758918762,-0.05863587558269501,0.7177592515945435,0.548250138759613,-0.08061148226261139,0.6967043280601501,0.591120719909668,-0.09019934386014938,0.686038613319397,0.6276955008506775,-0.09498593956232071,0.7679505944252014,0.49439606070518494,-0.05300445482134819,0.7078436613082886,0.5398547649383545,-0.07532324641942978,0.6882553100585938,0.5898497104644775,-0.08292493969202042,0.6792915463447571,0.6312703490257263,-0.08705482631921768,0.7646864652633667,0.5032668709754944,-0.047803379595279694,0.7042184472084045,0.546843409538269,-0.07029895484447479,0.6853677034378052,0.5953586101531982,-0.07608906179666519,0.6770817041397095,0.6338868737220764,-0.07801023870706558,0.7628300189971924,0.5269730091094971,-0.0432438924908638,0.7188494801521301,0.5665212869644165,-0.06509461253881454,0.7009673714637756,0.6041182279586792,-0.07118914276361465,0.6913631558418274,0.6350895166397095,-0.07253634184598923,0.9010282754898071,0.8697541952133179,-6.05190223268437e-07,0.8101215362548828,0.8304244875907898,0.003446495160460472,0.7378147840499878,0.7697672843933105,0.0003839261771645397,0.686140775680542,0.7197819948196411,-0.012829125858843327,0.6739758253097534,0.6586862206459045,-0.022760875523090363,0.778080403804779,0.6430173516273499,0.04744208604097366,0.7274019718170166,0.5570425987243652,0.019558560103178024,0.6884092688560486,0.5876234769821167,-0.006833744700998068,0.678579568862915,0.637954592704773,-0.020782850682735443,0.8012539148330688,0.6229368448257446,0.028778579086065292,0.742453396320343,0.518487274646759,-0.0009139141766354442,0.6923276782035828,0.5581293106079102,-0.02591368556022644,0.6767593026161194,0.6177560091018677,-0.03633205592632294,0.8283418416976929,0.6145787239074707,0.00353444367647171,0.7698361277580261,0.5018062591552734,-0.022754119709134102,0.7143118381500244,0.5424565076828003,-0.038144029676914215,0.6936265230178833,0.6023430824279785,-0.042035527527332306,0.8521912097930908,0.6224750280380249,-0.02255576103925705,0.7843330502510071,0.5698810815811157,-0.04077034071087837,0.7347879409790039,0.5966346263885498,-0.04857972636818886,0.7129644751548767,0.6347903609275818,-0.04995227977633476,E
0.8208345174789429,0.5666998624801636,-3.1114544185584236e-07,0.8021427392959595,0.5758789777755737,-0.0235610194504261,0.7662086486816406,0.5859940052032471,-0.039019323885440826,0.7304064035415649,0.6002442240715027,-0.04842512309551239,0.7046966552734375,0.6079753637313843,-0.05722308158874512,0.7651515603065491,0.4999143183231354,-0.05546504259109497,0.7157627940177917,0.5464963912963867,-0.07637350261211395,0.694725513458252,0.5882139205932617,-0.08544580638408661,0.6841753125190735,0.6245299577713013,-0.09056024253368378,0.7606118321418762,0.49092599749565125,-0.051647718995809555,0.7077361345291138,0.5385022163391113,-0.07148910313844681,0.6876108646392822,0.584503173828125,-0.07783975452184677,0.6761084794998169,0.623516321182251,-0.08254317939281464,0.7598351240158081,0.501039445400238,-0.0480027049779892,0.7066411375999451,0.5454753637313843,-0.06851790845394135,0.6882851123809814,0.5897193551063538,-0.07374374568462372,0.6782467365264893,0.626880943775177,-0.07669743150472641,0.7632938027381897,0.5251702666282654,-0.044832028448581696,0.7290898561477661,0.5712461471557617,-0.06852404028177261,0.7108334302902222,0.6081186532974243,-0.07759041339159012,0.6987515687942505,0.6396266222000122,-0.08151839673519135,0.894618809223175,0.8626529574394226,-5.758886914009054e-07,0.8037204742431641,0.8249083161354065,0.002912710653617978,0.7334033846855164,0.7663032412528992,-0.002173440530896187,0.6807493567466736,0.7149617671966553,-0.017600499093532562,0.6672206521034241,0.649777352809906,-0.029810098931193352,0.7714934349060059,0.6393728256225586,0.044488754123449326,0.7224131226539612,0.5541484355926514,0.015176584012806416,0.6845995783805847,0.5848802924156189,-0.011621681042015553,0.6754257678985596,0.6364787817001343,-0.025729332119226456,0.7975769639015198,0.6195639371871948,0.025077270343899727,0.7420740127563477,0.5154826045036316,-0.0043624695390462875,0.692093551158905,0.5541355609893799,-0.027488110587000847,0.6740248203277588,0.6111838817596436,-0.037035536020994186,0.8273465633392334,0.6122882962226868,-0.0011791959404945374,0.7731838822364807,0.4981193542480469,-0.02743629179894924,0.715834379196167,0.5370880961418152,-0.040410082787275314,0.6914218664169312,0.5947527289390564,-0.04301733896136284,0.8525541424751282,0.622679591178894,-0.028490936383605003,0.7873513102531433,0.5652350187301636,-0.04731173813343048,0.7336218953132629,0.5904412269592285,-0.05456024035811424,0.7051300406455994,0.6270248293876648,-0.05565955489873886,E
0.0,0.0,0.0,0.0,0.0,0.0,0.0,0.0,0.0,0.0,0.0,0.0,0.0,0.0,0.0,0.0,0.0,0.0,0.0,0.0,0.0,0.0,0.0,0.0,0.0,0.0,0.0,0.0,0.0,0.0,0.0,0.0,0.0,0.0,0.0,0.0,0.0,0.0,0.0,0.0,0.0,0.0,0.0,0.0,0.0,0.0,0.0,0.0,0.0,0.0,0.0,0.0,0.0,0.0,0.0,0.0,0.0,0.0,0.0,0.0,0.0,0.0,0.0,0.889227032661438,0.8587130904197693,-5.640195013256744e-07,0.7994512319564819,0.8195493221282959,0.0032811067067086697,0.7296223640441895,0.7634403705596924,-0.0019672082271426916,0.6788824200630188,0.7136997580528259,-0.017247630283236504,0.6657184958457947,0.6509260535240173,-0.02980581857264042,0.7710002660751343,0.637854278087616,0.04309297353029251,0.7238643169403076,0.5515828728675842,0.01495429314672947,0.6856806874275208,0.5779998302459717,-0.011384407989680767,0.673305094242096,0.6262912750244141,-0.025683581829071045,0.7970852255821228,0.6188245415687561,0.024093765765428543,0.7425034642219543,0.513521134853363,-0.004957615397870541,0.6909160614013672,0.5492620468139648,-0.02839432843029499,0.6692972183227539,0.605941116809845,-0.03900846466422081,0.8261402249336243,0.6121557354927063,-0.0013413492124527693,0.7725784778594971,0.4956968426704407,-0.028170578181743622,0.7163288593292236,0.5331734418869019,-0.04208793118596077,0.691381573677063,0.591420590877533,-0.0458979606628418,0.8507218360900879,0.6217067241668701,-0.027553167194128036,0.786329984664917,0.5668018460273743,-0.04706571623682976,0.7368543744087219,0.5918848514556885,-0.05479526147246361,0.7113527655601501,0.627497673034668,-0.056747496128082275,E
0.0,0.0,0.0,0.0,0.0,0.0,0.0,0.0,0.0,0.0,0.0,0.0,0.0,0.0,0.0,0.0,0.0,0.0,0.0,0.0,0.0,0.0,0.0,0.0,0.0,0.0,0.0,0.0,0.0,0.0,0.0,0.0,0.0,0.0,0.0,0.0,0.0,0.0,0.0,0.0,0.0,0.0,0.0,0.0,0.0,0.0,0.0,0.0,0.0,0.0,0.0,0.0,0.0,0.0,0.0,0.0,0.0,0.0,0.0,0.0,0.0,0.0,0.0,0.8898798227310181,0.8616485595703125,-5.452013169815473e-07,0.8021584749221802,0.8256609439849854,0.002836755942553282,0.7321717143058777,0.7671002745628357,-0.002391958376392722,0.6810321807861328,0.7149855494499207,-0.01773775741457939,0.6704906225204468,0.6523922085762024,-0.03001251630485058,0.7738975882530212,0.640861451625824,0.04319698363542557,0.7296869158744812,0.5510697364807129,0.014359468594193459,0.6875330805778503,0.5757979154586792,-0.011436899192631245,0.6731313467025757,0.6219071745872498,-0.025280505418777466,0.7985752820968628,0.6229458451271057,0.023956209421157837,0.746245801448822,0.5146504044532776,-0.005951606202870607,0.6936103105545044,0.5488100051879883,-0.028293730691075325,0.6738077998161316,0.6036826968193054,-0.03739776462316513,0.8267539143562317,0.6167955994606018,-0.0020432518795132637,0.7732170224189758,0.5025705099105835,-0.02904835157096386,0.7165916562080383,0.5405324101448059,-0.04221322014927864,0.6934258937835693,0.598283588886261,-0.04499540850520134,0.8514363169670105,0.6257418394088745,-0.02907988801598549,0.7869158387184143,0.5696492195129395,-0.04901536554098129,0.7367435097694397,0.5940747857093811,-0.05722485110163689,0.7119910717010498,0.6301368474960327,-0.05907855182886124,E
0.0,0.0,0.0,0.0,0.0,0.0,0.0,0.0,0.0,0.0,0.0,0.0,0.0,0.0,0.0,0.0,0.0,0.0,0.0,0.0,0.0,0.0,0.0,0.0,0.0,0.0,0.0,0.0,0.0,0.0,0.0,0.0,0.0,0.0,0.0,0.0,0.0,0.0,0.0,0.0,0.0,0.0,0.0,0.0,0.0,0.0,0.0,0.0,0.0,0.0,0.0,0.0,0.0,0.0,0.0,0.0,0.0,0.0,0.0,0.0,0.0,0.0,0.0,0.8940862417221069,0.8605136275291443,-5.336548838386079e-07,0.8048831224441528,0.8239211440086365,0.0033958235289901495,0.7346117496490479,0.7667434215545654,-0.00117843400221318,0.6827519536018372,0.716941773891449,-0.016119567677378654,0.665713369846344,0.6540621519088745,-0.027993569150567055,0.7733290791511536,0.641288161277771,0.045258838683366776,0.7264477610588074,0.5557760000228882,0.017276832833886147,0.6874821186065674,0.5813382267951965,-0.008562866598367691,0.6746110320091248,0.6294484734535217,-0.022095350548624992,0.7985363006591797,0.6219062209129333,0.025800706818699837,0.7455745935440063,0.5152412056922913,-0.0023775098379701376,0.6938342452049255,0.5486874580383301,-0.024507571011781693,0.6726669669151306,0.6049584746360779,-0.033690523356199265,0.8270695209503174,0.6155018210411072,-0.00043002719758078456,0.7742569446563721,0.4993014931678772,-0.02601948007941246,0.7175792455673218,0.535254180431366,-0.03831598907709122,0.6931855082511902,0.5928388237953186,-0.040664758533239365,0.850803554058075,0.6256437301635742,-0.02772390842437744,0.7872539758682251,0.5661872029304504,-0.04621142894029617,0.735812783241272,0.5904388427734375,-0.05283400043845177,0.7094542980194092,0.6278548836708069,-0.0536414198577404,E
0.0,0.0,0.0,0.0,0.0,0.0,0.0,0.0,0.0,0.0,0.0,0.0,0.0,0.0,0.0,0.0,0.0,0.0,0.0,0.0,0.0,0.0,0.0,0.0,0.0,0.0,0.0,0.0,0.0,0.0,0.0,0.0,0.0,0.0,0.0,0.0,0.0,0.0,0.0,0.0,0.0,0.0,0.0,0.0,0.0,0.0,0.0,0.0,0.0,0.0,0.0,0.0,0.0,0.0,0.0,0.0,0.0,0.0,0.0,0.0,0.0,0.0,0.0,0.8932428359985352,0.8633838295936584,-5.501019018083753e-07,0.8053942322731018,0.8237564563751221,-0.0005326859536580741,0.7328519225120544,0.7651130557060242,-0.007067753467708826,0.6801599264144897,0.7110335230827332,-0.022669168189167976,0.6675155162811279,0.6437668800354004,-0.034671805799007416,0.7730154991149902,0.6384775042533875,0.040836744010448456,0.7287185788154602,0.5502015948295593,0.011880272068083286,0.6892633438110352,0.5752766132354736,-0.014423607848584652,0.675841212272644,0.6220090985298157,-0.028641605749726295,0.7986776828765869,0.6181601285934448,0.023793494328856468,0.7452420592308044,0.5123662948608398,-0.005683446768671274,0.6941679120063782,0.5479961633682251,-0.027836676687002182,0.6738309264183044,0.6040902137756348,-0.03703780844807625,0.8275752067565918,0.6108803153038025,-0.0002242072660010308,0.7742930054664612,0.49731889367103577,-0.026927197352051735,0.7187548875808716,0.5348357558250427,-0.03939993306994438,0.6947064995765686,0.5925436615943909,-0.041886989027261734,0.8531075716018677,0.6202303767204285,-0.025508960708975792,0.7895178198814392,0.5652341246604919,-0.044840652495622635,0.7392709851264954,0.5902196168899536,-0.05223073437809944,0.7128700017929077,0.6270962357521057,-0.053607091307640076,E
0.0,0.0,0.0,0.0,0.0,0.0,0.0,0.0,0.0,0.0,0.0,0.0,0.0,0.0,0.0,0.0,0.0,0.0,0.0,0.0,0.0,0.0,0.0,0.0,0.0,0.0,0.0,0.0,0.0,0.0,0.0,0.0,0.0,0.0,0.0,0.0,0.0,0.0,0.0,0.0,0.0,0.0,0.0,0.0,0.0,0.0,0.0,0.0,0.0,0.0,0.0,0.0,0.0,0.0,0.0,0.0,0.0,0.0,0.0,0.0,0.0,0.0,0.0,0.8906212449073792,0.8671970963478088,-5.457185920931806e-07,0.8013354539871216,0.8219563961029053,0.0037776960525661707,0.733130693435669,0.7649193406105042,-0.0011470967438071966,0.6834270358085632,0.7158792614936829,-0.016519727185368538,0.6661292314529419,0.6541100144386292,-0.029010949656367302,0.772275984287262,0.6382303237915039,0.04656700789928436,0.7283902168273926,0.5509724020957947,0.018108779564499855,0.6894063353538513,0.5767475962638855,-0.009247828274965286,0.6739919185638428,0.6235452890396118,-0.024293242022395134,0.798412561416626,0.6200078725814819,0.026748348027467728,0.7462767958641052,0.5131644606590271,-0.0038584906142205,0.6958143711090088,0.5480009317398071,-0.0290668997913599,0.6742913722991943,0.6045175194740295,-0.040317364037036896,0.8270998597145081,0.6138805150985718,0.0002453051565680653,0.7749477028846741,0.5003073811531067,-0.027141643688082695,0.7194406390190125,0.5366940498352051,-0.042248304933309555,0.6943292021751404,0.5953914523124695,-0.04645214602351189,0.8528186678886414,0.6227691173553467,-0.02714686095714569,0.7905380725860596,0.5656861066818237,-0.04648763686418533,0.7393733859062195,0.5893318057060242,-0.054681312292814255,0.7109508514404297,0.6261371970176697,-0.05680280923843384,E
0.0,0.0,0.0,0.0,0.0,0.0,0.0,0.0,0.0,0.0,0.0,0.0,0.0,0.0,0.0,0.0,0.0,0.0,0.0,0.0,0.0,0.0,0.0,0.0,0.0,0.0,0.0,0.0,0.0,0.0,0.0,0.0,0.0,0.0,0.0,0.0,0.0,0.0,0.0,0.0,0.0,0.0,0.0,0.0,0.0,0.0,0.0,0.0,0.0,0.0,0.0,0.0,0.0,0.0,0.0,0.0,0.0,0.0,0.0,0.0,0.0,0.0,0.0,0.8982970714569092,0.8628114461898804,-5.810239827042096e-07,0.8044514060020447,0.8186206817626953,0.007197842933237553,0.732979416847229,0.7598508596420288,0.003750318894162774,0.6810572147369385,0.7127900719642639,-0.011017774231731892,0.6671972274780273,0.6522456407546997,-0.023267611861228943,0.7781895399093628,0.6330649256706238,0.04813016206026077,0.7288362383842468,0.5463334321975708,0.019849950447678566,0.6907296180725098,0.5731903910636902,-0.006839044392108917,0.678068995475769,0.623277485370636,-0.021050330251455307,0.8050826787948608,0.6141390204429626,0.0268261581659317,0.7473373413085938,0.5094141960144043,-0.001994243124499917,0.6962602138519287,0.5457304120063782,-0.025820443406701088,0.6749933958053589,0.6036675572395325,-0.03647693991661072,0.834391713142395,0.6082364320755005,-0.0009279579971916974,0.7772129774093628,0.493055522441864,-0.026595456525683403,0.7203036546707153,0.5318286418914795,-0.04028840735554695,0.6950713396072388,0.5919620990753174,-0.043820083141326904,0.8570056557655334,0.6208205819129944,-0.02932887338101864,0.7900367975234985,0.5642299652099609,-0.047160591930150986,0.737655758857727,0.5891075730323792,-0.054253336042165756,0.7093632221221924,0.6253122687339783,-0.05578012391924858,E
0.0,0.0,0.0,0.0,0.0,0.0,0.0,0.0,0.0,0.0,0.0,0.0,0.0,0.0,0.0,0.0,0.0,0.0,0.0,0.0,0.0,0.0,0.0,0.0,0.0,0.0,0.0,0.0,0.0,0.0,0.0,0.0,0.0,0.0,0.0,0.0,0.0,0.0,0.0,0.0,0.0,0.0,0.0,0.0,0.0,0.0,0.0,0.0,0.0,0.0,0.0,0.0,0.0,0.0,0.0,0.0,0.0,0.0,0.0,0.0,0.0,0.0,0.0,0.9009070992469788,0.8553878664970398,-5.569509085034952e-07,0.808663547039032,0.814214825630188,0.0053660934790968895,0.7366878986358643,0.7554575204849243,0.0020071922335773706,0.6845486164093018,0.7070663571357727,-0.012152926996350288,0.6695431470870972,0.6461554765701294,-0.023289509117603302,0.7746598720550537,0.6279334425926208,0.05007593706250191,0.7287480235099792,0.5403245687484741,0.022298049181699753,0.6901078820228577,0.5659880042076111,-0.004732863511890173,0.6761956214904785,0.6138750910758972,-0.019481372088193893,0.8007400035858154,0.608884334564209,0.02973191626369953,0.7483053803443909,0.5011096000671387,0.0004893229342997074,0.6972694993019104,0.5357420444488525,-0.02408447489142418,0.6755963563919067,0.5930014252662659,-0.03485126420855522,0.8299894332885742,0.6026188135147095,0.002628854475915432,0.7782250642776489,0.48786813020706177,-0.023181622847914696,0.7223277688026428,0.525069534778595,-0.03784796968102455,0.6973327398300171,0.5839614272117615,-0.04183861240744591,0.8551844358444214,0.6128700375556946,-0.02536775730550289,0.792565643787384,0.5561990141868591,-0.04285436496138573,0.7416732907295227,0.5807095766067505,-0.050335824489593506,0.7145605087280273,0.6174343824386597,-0.05212762579321861,E
0.0,0.0,0.0,0.0,0.0,0.0,0.0,0.0,0.0,0.0,0.0,0.0,0.0,0.0,0.0,0.0,0.0,0.0,0.0,0.0,0.0,0.0,0.0,0.0,0.0,0.0,0.0,0.0,0.0,0.0,0.0,0.0,0.0,0.0,0.0,0.0,0.0,0.0,0.0,0.0,0.0,0.0,0.0,0.0,0.0,0.0,0.0,0.0,0.0,0.0,0.0,0.0,0.0,0.0,0.0,0.0,0.0,0.0,0.0,0.0,0.0,0.0,0.0,0.8929949402809143,0.8585600852966309,-5.571711199081619e-07,0.8045746684074402,0.8140333890914917,0.003148408606648445,0.7363526821136475,0.7549626231193542,-0.002487451769411564,0.6862782835960388,0.7061886191368103,-0.01808742620050907,0.6685320138931274,0.6462439894676208,-0.030991392210125923,0.7785379886627197,0.6269234418869019,0.041817162185907364,0.7300787568092346,0.5425854921340942,0.012563747353851795,0.6930130124092102,0.5681934356689453,-0.014531455934047699,0.6809490919113159,0.6179639101028442,-0.028708361089229584,0.8065544962882996,0.6065332889556885,0.02255644090473652,0.7509059309959412,0.50455641746521,-0.0055537442676723,0.7004888653755188,0.5365391969680786,-0.02835560217499733,0.6786246299743652,0.5920889377593994,-0.038630347698926926,0.8366600871086121,0.6006230711936951,-0.0033510904759168625,0.7805988192558289,0.48927098512649536,-0.029470939189195633,0.7241889834403992,0.5252969861030579,-0.04249507561326027,0.6986151337623596,0.5828514099121094,-0.045686643570661545,0.8602917194366455,0.6136212348937988,-0.030088922008872032,0.7918874025344849,0.563021183013916,-0.04877291992306709,0.7420576214790344,0.5873177647590637,-0.055472057312726974,0.7164759039878845,0.6216870546340942,-0.056529853492975235,E
0.0,0.0,0.0,0.0,0.0,0.0,0.0,0.0,0.0,0.0,0.0,0.0,0.0,0.0,0.0,0.0,0.0,0.0,0.0,0.0,0.0,0.0,0.0,0.0,0.0,0.0,0.0,0.0,0.0,0.0,0.0,0.0,0.0,0.0,0.0,0.0,0.0,0.0,0.0,0.0,0.0,0.0,0.0,0.0,0.0,0.0,0.0,0.0,0.0,0.0,0.0,0.0,0.0,0.0,0.0,0.0,0.0,0.0,0.0,0.0,0.0,0.0,0.0,0.8947030901908875,0.8579151630401611,-5.592341381088772e-07,0.806903064250946,0.8146526217460632,0.0029833405278623104,0.735942006111145,0.7547420859336853,-0.003017841139808297,0.6840506196022034,0.7037729620933533,-0.019065245985984802,0.6721521615982056,0.6384104490280151,-0.032215945422649384,0.779566764831543,0.6261811256408691,0.041013188660144806,0.7310466766357422,0.5396473407745361,0.011459555476903915,0.6916183233261108,0.5661748051643372,-0.014494767412543297,0.6804854273796082,0.6159157752990723,-0.02778051793575287,0.8068016171455383,0.6068341732025146,0.021880438551306725,0.750287652015686,0.5018839836120605,-0.006960633210837841,0.6987082362174988,0.5381513833999634,-0.028158029541373253,0.6794315576553345,0.5960126519203186,-0.036710020154714584,0.8363040685653687,0.6013569831848145,-0.00387451215647161,0.7793538570404053,0.488510400056839,-0.030171165242791176,0.72234046459198,0.5275512337684631,-0.04185164347290993,0.698874831199646,0.5871436595916748,-0.04380644112825394,0.8597425818443298,0.613494336605072,-0.03053169511258602,0.7923715710639954,0.5594927668571472,-0.04940507560968399,0.7425113916397095,0.5855001211166382,-0.05573146790266037,0.7181338667869568,0.6223568916320801,-0.05625426396727562,E
0.0,0.0,0.0,0.0,0.0,0.0,0.0,0.0,0.0,0.0,0.0,0.0,0.0,0.0,0.0,0.0,0.0,0.0,0.0,0.0,0.0,0.0,0.0,0.0,0.0,0.0,0.0,0.0,0.0,0.0,0.0,0.0,0.0,0.0,0.0,0.0,0.0,0.0,0.0,0.0,0.0,0.0,0.0,0.0,0.0,0.0,0.0,0.0,0.0,0.0,0.0,0.0,0.0,0.0,0.0,0.0,0.0,0.0,0.0,0.0,0.0,0.0,0.0,0.8952897787094116,0.8587682247161865,-5.495039658853784e-07,0.8063645362854004,0.8145773410797119,0.0006748595042154193,0.7372789978981018,0.7565234899520874,-0.005747327581048012,0.6855193972587585,0.7042597532272339,-0.022120168432593346,0.6700915098190308,0.6384592652320862,-0.03530821576714516,0.7784105539321899,0.6282019019126892,0.0434386171400547,0.7321416139602661,0.539432168006897,0.014235330745577812,0.6925215721130371,0.5654328465461731,-0.012870348989963531,0.6797928810119629,0.6132766008377075,-0.0275881327688694,0.8038114309310913,0.6094757914543152,0.025320501998066902,0.7487849593162537,0.501741886138916,-0.0046206507831811905,0.6969026923179626,0.5382740497589111,-0.02862595021724701,0.6760996580123901,0.5949230790138245,-0.039327364414930344,0.832093358039856,0.603498637676239,0.0002311846037628129,0.7781927585601807,0.48584264516830444,-0.027479756623506546,0.7211739420890808,0.5247937440872192,-0.041632819920778275,0.6967220902442932,0.5847373604774475,-0.04518750682473183,0.8563173413276672,0.6138052344322205,-0.02596484124660492,0.791451096534729,0.5549784898757935,-0.045827221125364304,0.7404590845108032,0.5801375508308411,-0.05375223979353905,0.714527428150177,0.6183817982673645,-0.055584024637937546,E
0.0,0.0,0.0,0.0,0.0,0.0,0.0,0.0,0.0,0.0,0.0,0.0,0.0,0.0,0.0,0.0,0.0,0.0,0.0,0.0,0.0,0.0,0.0,0.0,0.0,0.0,0.0,0.0,0.0,0.0,0.0,0.0,0.0,0.0,0.0,0.0,0.0,0.0,0.0,0.0,0.0,0.0,0.0,0.0,0.0,0.0,0.0,0.0,0.0,0.0,0.0,0.0,0.0,0.0,0.0,0.0,0.0,0.0,0.0,0.0,0.0,0.0,0.0,0.8967899680137634,0.856916069984436,-5.460710212901176e-07,0.8054566383361816,0.8120139241218567,0.00446460722014308,0.735919713973999,0.753086268901825,-9.633712033974007e-05,0.6837282180786133,0.7020593285560608,-0.015886317938566208,0.6661907434463501,0.6380527019500732,-0.028704671189188957,0.7793189287185669,0.6254213452339172,0.050616685301065445,0.7310503721237183,0.540108323097229,0.022150563076138496,0.6924226880073547,0.5660256743431091,-0.0050289202481508255,0.68013995885849,0.6156232953071594,-0.019419722259044647,0.8054636120796204,0.6062167286872864,0.030303696170449257,0.7509822249412537,0.5018423795700073,0.0017071017064154148,0.6998095512390137,0.5375844240188599,-0.022126948460936546,0.6787193417549133,0.5952444076538086,-0.0324910506606102,0.8341848850250244,0.600077211856842,0.00282696052454412,0.7809456586837769,0.48437368869781494,-0.022667009383440018,0.7234662771224976,0.5216959714889526,-0.03594503179192543,0.6983429193496704,0.5808323621749878,-0.03889251500368118,0.8570271730422974,0.6114888191223145,-0.02577785588800907,0.7923346757888794,0.553859531879425,-0.04376746341586113,0.7400091886520386,0.5776584148406982,-0.05100855603814125,0.7127304077148438,0.6137111783027649,-0.05224829539656639,E
0.0,0.0,0.0,0.0,0.0,0.0,0.0,0.0,0.0,0.0,0.0,0.0,0.0,0.0,0.0,0.0,0.0,0.0,0.0,0.0,0.0,0.0,0.0,0.0,0.0,0.0,0.0,0.0,0.0,0.0,0.0,0.0,0.0,0.0,0.0,0.0,0.0,0.0,0.0,0.0,0.0,0.0,0.0,0.0,0.0,0.0,0.0,0.0,0.0,0.0,0.0,0.0,0.0,0.0,0.0,0.0,0.0,0.0,0.0,0.0,0.0,0.0,0.0,0.9016618132591248,0.8583939075469971,-5.622624712486868e-07,0.8070988059043884,0.813392698764801,0.0037718075327575207,0.7354375123977661,0.7547704577445984,-0.0018906159093603492,0.6843243837356567,0.7037105560302734,-0.018474023789167404,0.6738812923431396,0.6399983763694763,-0.032010141760110855,0.7777276039123535,0.6231923699378967,0.04699677228927612,0.728147566318512,0.5350354909896851,0.016617564484477043,0.6889177560806274,0.5650807023048401,-0.0116238659247756,0.6781153082847595,0.6168690323829651,-0.026821965351700783,0.8053346872329712,0.6039162278175354,0.026712417602539062,0.7494057416915894,0.4977940320968628,-0.005040743388235569,0.6974298357963562,0.5386726260185242,-0.030574942007660866,0.6788046360015869,0.598660409450531,-0.041564617305994034,0.8350479602813721,0.5990492701530457,-0.0004372730909381062,0.780561089515686,0.4830007553100586,-0.028295356780290604,0.7226870059967041,0.5238376259803772,-0.04348370060324669,0.6991575360298157,0.5855139493942261,-0.04737672954797745,0.8590670228004456,0.6125806570053101,-0.0285046249628067,0.7958800196647644,0.556305468082428,-0.048105258494615555,0.7440434694290161,0.5801519155502319,-0.05653444305062294,0.7176268100738525,0.6158732175827026,-0.05842815339565277,E
0.0,0.0,0.0,0.0,0.0,0.0,0.0,0.0,0.0,0.0,0.0,0.0,0.0,0.0,0.0,0.0,0.0,0.0,0.0,0.0,0.0,0.0,0.0,0.0,0.0,0.0,0.0,0.0,0.0,0.0,0.0,0.0,0.0,0.0,0.0,0.0,0.0,0.0,0.0,0.0,0.0,0.0,0.0,0.0,0.0,0.0,0.0,0.0,0.0,0.0,0.0,0.0,0.0,0.0,0.0,0.0,0.0,0.0,0.0,0.0,0.0,0.0,0.0,0.8994588255882263,0.8545327186584473,-5.823970923302113e-07,0.8098739385604858,0.8153572082519531,0.0026862199883908033,0.7393821477890015,0.7569664120674133,-0.0024975130800157785,0.6888934373855591,0.7088596820831299,-0.017676811665296555,0.6717572212219238,0.6491124629974365,-0.030260080471634865,0.7774369120597839,0.6241662502288818,0.04352138936519623,0.7275325655937195,0.5421791076660156,0.014440718106925488,0.6906026005744934,0.5715552568435669,-0.013458889909088612,0.6788952946662903,0.6219339370727539,-0.02867581695318222,0.8052495121955872,0.6037854552268982,0.024521633982658386,0.7474580407142639,0.5033644437789917,-0.004585843067616224,0.6972275972366333,0.5400320887565613,-0.02926970273256302,0.6765647530555725,0.597126305103302,-0.04081299528479576,0.8353980183601379,0.5987105369567871,-0.0010998895158991218,0.7800505757331848,0.486295223236084,-0.02811322920024395,0.723608136177063,0.5245121121406555,-0.04302459582686424,0.6984345316886902,0.5833449959754944,-0.04740247130393982,0.8601700663566589,0.6123390197753906,-0.027528829872608185,0.7952603101730347,0.5583534836769104,-0.047332409769296646,0.7453823089599609,0.5827153921127319,-0.055242739617824554,0.7193668484687805,0.6178638339042664,-0.0570911280810833,E
0.0,0.0,0.0,0.0,0.0,0.0,0.0,0.0,0.0,0.0,0.0,0.0,0.0,0.0,0.0,0.0,0.0,0.0,0.0,0.0,0.0,0.0,0.0,0.0,0.0,0.0,0.0,0.0,0.0,0.0,0.0,0.0,0.0,0.0,0.0,0.0,0.0,0.0,0.0,0.0,0.0,0.0,0.0,0.0,0.0,0.0,0.0,0.0,0.0,0.0,0.0,0.0,0.0,0.0,0.0,0.0,0.0,0.0,0.0,0.0,0.0,0.0,0.0,0.8990374207496643,0.8523606657981873,-5.929629764978017e-07,0.8078276515007019,0.8113889694213867,0.004345495253801346,0.7377406358718872,0.7523050308227539,0.00021975675190333277,0.6877020597457886,0.7033766508102417,-0.014406600967049599,0.6734113097190857,0.6452049612998962,-0.026081044226884842,0.7799217700958252,0.6243492960929871,0.04533912241458893,0.731574535369873,0.538040280342102,0.01619948260486126,0.6921274065971375,0.5689516663551331,-0.010712962597608566,0.6805585026741028,0.6199151277542114,-0.025022275745868683,0.8058262467384338,0.6052809953689575,0.025484789162874222,0.750862181186676,0.49766960740089417,-0.0049028461799025536,0.6983298063278198,0.5373116731643677,-0.028667444363236427,0.6787133812904358,0.5959087014198303,-0.038531530648469925,0.8343643546104431,0.5993466377258301,-0.0009436826221644878,0.7818533778190613,0.4822060167789459,-0.027835974469780922,0.7240322828292847,0.5219173431396484,-0.04182061925530434,0.6997737884521484,0.5809709429740906,-0.04498661309480667,0.8579812049865723,0.611206591129303,-0.02825244888663292,0.7964984774589539,0.5526614785194397,-0.04681863635778427,0.7445093393325806,0.5773916244506836,-0.05419324338436127,0.7174164652824402,0.6138505339622498,-0.05558629333972931,E
0.0,0.0,0.0,0.0,0.0,0.0,0.0,0.0,0.0,0.0,0.0,0.0,0.0,0.0,0.0,0.0,0.0,0.0,0.0,0.0,0.0,0.0,0.0,0.0,0.0,0.0,0.0,0.0,0.0,0.0,0.0,0.0,0.0,0.0,0.0,0.0,0.0,0.0,0.0,0.0,0.0,0.0,0.0,0.0,0.0,0.0,0.0,0.0,0.0,0.0,0.0,0.0,0.0,0.0,0.0,0.0,0.0,0.0,0.0,0.0,0.0,0.0,0.0,0.9029359221458435,0.8492757678031921,-5.584981863648864e-07,0.8108259439468384,0.8080106377601624,0.005460063926875591,0.7398658394813538,0.7493346929550171,0.0004183576675131917,0.687844455242157,0.6988075375556946,-0.015323539264500141,0.6761099100112915,0.6345627307891846,-0.028236346319317818,0.7832074761390686,0.6186404228210449,0.04619181156158447,0.7349291443824768,0.533099889755249,0.017796557396650314,0.6939430236816406,0.5591989755630493,-0.008642136119306087,0.6799240708351135,0.6073388457298279,-0.02282092720270157,0.8102571368217468,0.6001773476600647,0.025435779243707657,0.7540014982223511,0.49401068687438965,-0.003029925748705864,0.7003059387207031,0.5304836630821228,-0.02567700296640396,0.6788036823272705,0.5884499549865723,-0.03565700724720955,0.8394410610198975,0.5957016348838806,-0.0019008455565199256,0.7839477062225342,0.48052728176116943,-0.027562284842133522,0.7254776954650879,0.5196144580841064,-0.04046938195824623,0.7008799314498901,0.5789680480957031,-0.043681759387254715,0.8621180653572083,0.609006404876709,-0.030053947120904922,0.7965594530105591,0.5520404577255249,-0.04817204177379608,0.7459635734558105,0.5773308277130127,-0.055003151297569275,0.7214206457138062,0.6137401461601257,-0.05637725442647934,E
0.0,0.0,0.0,0.0,0.0,0.0,0.0,0.0,0.0,0.0,0.0,0.0,0.0,0.0,0.0,0.0,0.0,0.0,0.0,0.0,0.0,0.0,0.0,0.0,0.0,0.0,0.0,0.0,0.0,0.0,0.0,0.0,0.0,0.0,0.0,0.0,0.0,0.0,0.0,0.0,0.0,0.0,0.0,0.0,0.0,0.0,0.0,0.0,0.0,0.0,0.0,0.0,0.0,0.0,0.0,0.0,0.0,0.0,0.0,0.0,0.0,0.0,0.0,0.9005300402641296,0.8445473313331604,-5.521073944692034e-07,0.8101112842559814,0.8035829663276672,0.0014001084491610527,0.7404115796089172,0.7454306483268738,-0.004840753506869078,0.6897093653678894,0.6946163177490234,-0.02108589932322502,0.6763284206390381,0.6307081580162048,-0.03407089784741402,0.7831643223762512,0.6169983744621277,0.0428122878074646,0.7370436191558838,0.5298538208007812,0.01236946601420641,0.6972565054893494,0.5582008957862854,-0.015158460475504398,0.685000479221344,0.6080801486968994,-0.029687337577342987,0.8092837333679199,0.599380612373352,0.02421940490603447,0.7566304206848145,0.4915807843208313,-0.006807302124798298,0.7047291398048401,0.5289029479026794,-0.030585870146751404,0.6846802830696106,0.5862275958061218,-0.04056761786341667,0.8386050462722778,0.5939632058143616,-0.0013739749556407332,0.7868784666061401,0.4790211319923401,-0.029303500428795815,0.7287220358848572,0.5171084403991699,-0.04348042607307434,0.7034615278244019,0.575610339641571,-0.046644147485494614,0.8633471727371216,0.6051353812217712,-0.028087634593248367,0.8016350865364075,0.5465812683105469,-0.047577742487192154,0.7506309747695923,0.569145679473877,-0.055475227534770966,0.724088191986084,0.6044135093688965,-0.05713401734828949,E
0.0,0.0,0.0,0.0,0.0,0.0,0.0,0.0,0.0,0.0,0.0,0.0,0.0,0.0,0.0,0.0,0.0,0.0,0.0,0.0,0.0,0.0,0.0,0.0,0.0,0.0,0.0,0.0,0.0,0.0,0.0,0.0,0.0,0.0,0.0,0.0,0.0,0.0,0.0,0.0,0.0,0.0,0.0,0.0,0.0,0.0,0.0,0.0,0.0,0.0,0.0,0.0,0.0,0.0,0.0,0.0,0.0,0.0,0.0,0.0,0.0,0.0,0.0,0.9047448039054871,0.8450314998626709,-5.53787231183378e-07,0.8141419291496277,0.8023684024810791,0.002425538608804345,0.7447293400764465,0.745590329170227,-0.00435979338362813,0.6930591464042664,0.6971880197525024,-0.02137294039130211,0.6771941781044006,0.6356683373451233,-0.03541283681988716,0.7841836810112,0.6158921122550964,0.04129583388566971,0.7377485632896423,0.5272243022918701,0.010566988959908485,0.6979305148124695,0.5541166663169861,-0.01718595251441002,0.6852682828903198,0.6032198667526245,-0.03204856812953949,0.811188817024231,0.5972450375556946,0.021846303716301918,0.7570921778678894,0.4900851547718048,-0.009274324402213097,0.7056528925895691,0.5251659154891968,-0.03302460163831711,0.6853808760643005,0.5818629860877991,-0.0432979092001915,0.8414503931999207,0.5916483402252197,-0.004333683289587498,0.7871371507644653,0.47722387313842773,-0.03200904652476311,0.7299338579177856,0.5141965746879578,-0.04556901007890701,0.7051290273666382,0.5728998184204102,-0.04871111735701561,0.8675429821014404,0.6029413938522339,-0.03152626007795334,0.802121102809906,0.547706127166748,-0.05138683691620827,0.7496960163116455,0.5709667205810547,-0.059238966554403305,0.722118079662323,0.6064299941062927,-0.060931939631700516,E
0.0,0.0,0.0,0.0,0.0,0.0,0.0,0.0,0.0,0.0,0.0,0.0,0.0,0.0,0.0,0.0,0.0,0.0,0.0,0.0,0.0,0.0,0.0,0.0,0.0,0.0,0.0,0.0,0.0,0.0,0.0,0.0,0.0,0.0,0.0,0.0,0.0,0.0,0.0,0.0,0.0,0.0,0.0,0.0,0.0,0.0,0.0,0.0,0.0,0.0,0.0,0.0,0.0,0.0,0.0,0.0,0.0,0.0,0.0,0.0,0.0,0.0,0.0,0.9024749994277954,0.8427767753601074,-5.410998937804834e-07,0.8126033544540405,0.7980667352676392,0.003944448661059141,0.7453714609146118,0.7415680885314941,-0.0013398175360634923,0.6956733465194702,0.6936506628990173,-0.017034105956554413,0.6789296865463257,0.634085476398468,-0.03019968420267105,0.7844513654708862,0.6175941228866577,0.04402051120996475,0.7396977543830872,0.5304023027420044,0.014078507199883461,0.700890064239502,0.5538269281387329,-0.013715051114559174,0.6873883605003357,0.6009876132011414,-0.028540460392832756,0.8106228709220886,0.5985020399093628,0.024202493950724602,0.7577295899391174,0.49097171425819397,-0.006829791236668825,0.7069957852363586,0.523837685585022,-0.03193599730730057,0.685768187046051,0.5804739594459534,-0.043151941150426865,0.8401524424552917,0.5909949541091919,-0.002246765187010169,0.7873390913009644,0.47702762484550476,-0.030406830832362175,0.7312583327293396,0.5129438638687134,-0.04591594263911247,0.706335723400116,0.5716859102249146,-0.05021608620882034,0.8665554523468018,0.5992022156715393,-0.029424522072076797,0.8023093342781067,0.5453251600265503,-0.049152031540870667,0.7525272965431213,0.5676517486572266,-0.05761003494262695,0.7261834144592285,0.6023595929145813,-0.05986982583999634,E
0.0,0.0,0.0,0.0,0.0,0.0,0.0,0.0,0.0,0.0,0.0,0.0,0.0,0.0,0.0,0.0,0.0,0.0,0.0,0.0,0.0,0.0,0.0,0.0,0.0,0.0,0.0,0.0,0.0,0.0,0.0,0.0,0.0,0.0,0.0,0.0,0.0,0.0,0.0,0.0,0.0,0.0,0.0,0.0,0.0,0.0,0.0,0.0,0.0,0.0,0.0,0.0,0.0,0.0,0.0,0.0,0.0,0.0,0.0,0.0,0.0,0.0,0.0,0.9064196348190308,0.8391886949539185,-5.534911338145321e-07,0.8147455453872681,0.7929494976997375,0.0034465331118553877,0.7456353902816772,0.7386866211891174,-0.0023767007514834404,0.6952376365661621,0.6927916407585144,-0.018933482468128204,0.6800754070281982,0.6347463130950928,-0.0329199843108654,0.7854692339897156,0.6130865216255188,0.04621405154466629,0.7372902035713196,0.5286792516708374,0.015156407840549946,0.6995254158973694,0.5575483441352844,-0.015115191228687763,0.6869363784790039,0.6071935892105103,-0.03188991919159889,0.8109843730926514,0.5927276015281677,0.026187531650066376,0.7561282515525818,0.48700207471847534,-0.006754240486770868,0.7047606110572815,0.5239155292510986,-0.03502514585852623,0.6845998764038086,0.5834641456604004,-0.04835440590977669,0.8389973044395447,0.5859199166297913,-0.0005433848709799349,0.7872177362442017,0.4730634093284607,-0.028887202963232994,0.7311524748802185,0.510927677154541,-0.046384017914533615,0.707449734210968,0.571509063243866,-0.052166059613227844,0.8633503317832947,0.5965132117271423,-0.028192590922117233,0.8041234612464905,0.54059237241745,-0.047153785824775696,0.7545098066329956,0.5640888214111328,-0.05598821863532066,0.7287098169326782,0.6011437177658081,-0.05879063904285431,E
0.0,0.0,0.0,0.0,0.0,0.0,0.0,0.0,0.0,0.0,0.0,0.0,0.0,0.0,0.0,0.0,0.0,0.0,0.0,0.0,0.0,0.0,0.0,0.0,0.0,0.0,0.0,0.0,0.0,0.0,0.0,0.0,0.0,0.0,0.0,0.0,0.0,0.0,0.0,0.0,0.0,0.0,0.0,0.0,0.0,0.0,0.0,0.0,0.0,0.0,0.0,0.0,0.0,0.0,0.0,0.0,0.0,0.0,0.0,0.0,0.0,0.0,0.0,0.9083245396614075,0.8397903442382812,-5.395480684455833e-07,0.8195599317550659,0.7994415163993835,0.0018487607594579458,0.7468758225440979,0.7386425733566284,-0.0035831714048981667,0.6950855851173401,0.6864728331565857,-0.018491575494408607,0.683887243270874,0.6218953728675842,-0.030326658859848976,0.7885017991065979,0.6123504042625427,0.04218495264649391,0.7436236143112183,0.5252039432525635,0.013268014416098595,0.7044656872749329,0.5471931099891663,-0.013161882758140564,0.6903411149978638,0.5928041934967041,-0.027043331414461136,0.8156757950782776,0.592363715171814,0.02414000779390335,0.7625055909156799,0.4866950809955597,-0.005438055843114853,0.711789071559906,0.5174587965011597,-0.028478804975748062,0.690104067325592,0.5721194744110107,-0.03812924399971962,0.8458747267723083,0.5850985646247864,-0.0005982074071653187,0.7910897135734558,0.4734877943992615,-0.02761613018810749,0.7360889315605164,0.5091257095336914,-0.04117433354258537,0.7118414640426636,0.5666534900665283,-0.04397490620613098,0.8720700740814209,0.5947372317314148,-0.026248279958963394,0.8054953217506409,0.543686032295227,-0.04527027904987335,0.7555428147315979,0.5648033618927002,-0.053003132343292236,0.7290705442428589,0.5962989926338196,-0.05451734736561775,E
0.0,0.0,0.0,0.0,0.0,0.0,0.0,0.0,0.0,0.0,0.0,0.0,0.0,0.0,0.0,0.0,0.0,0.0,0.0,0.0,0.0,0.0,0.0,0.0,0.0,0.0,0.0,0.0,0.0,0.0,0.0,0.0,0.0,0.0,0.0,0.0,0.0,0.0,0.0,0.0,0.0,0.0,0.0,0.0,0.0,0.0,0.0,0.0,0.0,0.0,0.0,0.0,0.0,0.0,0.0,0.0,0.0,0.0,0.0,0.0,0.0,0.0,0.0,0.9076887369155884,0.8385732769966125,-5.502841986526619e-07,0.8173884153366089,0.7949147820472717,0.004383521154522896,0.7483093738555908,0.7371289730072021,-0.0014490790199488401,0.6977385878562927,0.687536895275116,-0.017654746770858765,0.6837183237075806,0.625441312789917,-0.03131299838423729,0.7901333570480347,0.6111052632331848,0.04253358021378517,0.7448949217796326,0.5221714377403259,0.01325000450015068,0.705802857875824,0.5472138524055481,-0.013544101268053055,0.6933958530426025,0.5951430797576904,-0.027941497042775154,0.8166885375976562,0.5924707651138306,0.022330468520522118,0.761836588382721,0.4845866560935974,-0.007239433471113443,0.7104403376579285,0.5188694596290588,-0.03096987120807171,0.6904178857803345,0.5754068493843079,-0.041797686368227005,0.8465233445167542,0.5868017077445984,-0.004253864288330078,0.7930313348770142,0.47008270025253296,-0.03106926567852497,0.7364577054977417,0.5063372850418091,-0.0451669804751873,0.7122134566307068,0.5651400685310364,-0.04913719370961189,0.8726487755775452,0.5980545878410339,-0.03151902183890343,0.8083617091178894,0.5399890542030334,-0.05049552395939827,0.7589141726493835,0.563204288482666,-0.05783920735120773,0.734193742275238,0.5992468595504761,-0.05959432199597359,E
0.0,0.0,0.0,0.0,0.0,0.0,0.0,0.0,0.0,0.0,0.0,0.0,0.0,0.0,0.0,0.0,0.0,0.0,0.0,0.0,0.0,0.0,0.0,0.0,0.0,0.0,0.0,0.0,0.0,0.0,0.0,0.0,0.0,0.0,0.0,0.0,0.0,0.0,0.0,0.0,0.0,0.0,0.0,0.0,0.0,0.0,0.0,0.0,0.0,0.0,0.0,0.0,0.0,0.0,0.0,0.0,0.0,0.0,0.0,0.0,0.0,0.0,0.0,0.9084380865097046,0.8327842950820923,-5.690351372322766e-07,0.8177056908607483,0.7914824485778809,0.0029010623693466187,0.7492577433586121,0.7355096340179443,-0.0037245345301926136,0.6987707018852234,0.6858947277069092,-0.02074490860104561,0.6864370703697205,0.6248658299446106,-0.03469618782401085,0.7907620072364807,0.6049267053604126,0.042993269860744476,0.7425806522369385,0.517522931098938,0.01253947801887989,0.7037621140480042,0.548478364944458,-0.015286160632967949,0.6930586695671082,0.5994385480880737,-0.030166400596499443,0.8173884749412537,0.5873036980628967,0.023251352831721306,0.7634261250495911,0.4790164530277252,-0.007897316478192806,0.7113068103790283,0.5179436802864075,-0.0318266898393631,0.6918351650238037,0.5754155516624451,-0.042003680020570755,0.8469753861427307,0.5826982259750366,-0.0032425448298454285,0.7955065965652466,0.4661809802055359,-0.03041238896548748,0.737726092338562,0.5045801401138306,-0.043944429606199265,0.7135010957717896,0.5627698302268982,-0.047040242701768875,0.8715083003044128,0.5955843925476074,-0.030811021104454994,0.8095234632492065,0.5378727912902832,-0.04950345680117607,0.758184552192688,0.5603764653205872,-0.056776318699121475,0.7322707176208496,0.5947045087814331,-0.05821508169174194,E
0.0,0.0,0.0,0.0,0.0,0.0,0.0,0.0,0.0,0.0,0.0,0.0,0.0,0.0,0.0,0.0,0.0,0.0,0.0,0.0,0.0,0.0,0.0,0.0,0.0,0.0,0.0,0.0,0.0,0.0,0.0,0.0,0.0,0.0,0.0,0.0,0.0,0.0,0.0,0.0,0.0,0.0,0.0,0.0,0.0,0.0,0.0,0.0,0.0,0.0,0.0,0.0,0.0,0.0,0.0,0.0,0.0,0.0,0.0,0.0,0.0,0.0,0.0,0.9084431529045105,0.832135796546936,-5.592984848590277e-07,0.8183262348175049,0.7931697964668274,0.001480552484281361,0.7494019269943237,0.7350316643714905,-0.004610060714185238,0.701583206653595,0.685477077960968,-0.020335527136921883,0.6860061287879944,0.6265585422515869,-0.032994866371154785,0.789656937122345,0.6073974967002869,0.039437275379896164,0.7444965839385986,0.5164142847061157,0.008754187263548374,0.7036606073379517,0.5422908067703247,-0.018169114366173744,0.6903778910636902,0.5890796780586243,-0.032371312379837036,0.8164522051811218,0.5885872840881348,0.020784486085176468,0.7627755999565125,0.4798113703727722,-0.011766434647142887,0.7110042572021484,0.5180115103721619,-0.035434942692518234,0.6924235820770264,0.5760332942008972,-0.044711653143167496,0.845268726348877,0.5817017555236816,-0.004534257110208273,0.7924910187721252,0.469806432723999,-0.03300955146551132,0.7364274263381958,0.5079714059829712,-0.0474124513566494,0.7135568261146545,0.5659615397453308,-0.05055989325046539,0.870873212814331,0.5913422107696533,-0.030884170904755592,0.8086583018302917,0.5396825671195984,-0.05056926608085632,0.7590870261192322,0.5624019503593445,-0.05884552001953125,0.7340395450592041,0.595495343208313,-0.060723017901182175,E
0.0,0.0,0.0,0.0,0.0,0.0,0.0,0.0,0.0,0.0,0.0,0.0,0.0,0.0,0.0,0.0,0.0,0.0,0.0,0.0,0.0,0.0,0.0,0.0,0.0,0.0,0.0,0.0,0.0,0.0,0.0,0.0,0.0,0.0,0.0,0.0,0.0,0.0,0.0,0.0,0.0,0.0,0.0,0.0,0.0,0.0,0.0,0.0,0.0,0.0,0.0,0.0,0.0,0.0,0.0,0.0,0.0,0.0,0.0,0.0,0.0,0.0,0.0,0.9135890007019043,0.8371710777282715,-5.073874831396097e-07,0.822256326675415,0.7924280166625977,0.0035814205184578896,0.7509508728981018,0.733346700668335,-0.0013234063517302275,0.6991591453552246,0.6843346357345581,-0.01684725284576416,0.684384286403656,0.6226726174354553,-0.029120061546564102,0.7904627323150635,0.6054157018661499,0.0458870567381382,0.746577799320221,0.5131676197052002,0.016299400478601456,0.7069240212440491,0.5391539335250854,-0.010361370630562305,0.6925199627876282,0.5879780054092407,-0.024221910163760185,0.8178845047950745,0.587066113948822,0.026126442477107048,0.7674384713172913,0.4748878479003906,-0.004361242055892944,0.7162081599235535,0.508452296257019,-0.027653928846120834,0.6949807405471802,0.5651583671569824,-0.03699221462011337,0.8482087254524231,0.5809186100959778,-0.0005780188948847353,0.7978006601333618,0.46383821964263916,-0.026962149888277054,0.7416247725486755,0.5000743269920349,-0.04028612747788429,0.7167945504188538,0.5586207509040833,-0.04281970113515854,0.8743057250976562,0.5913050174713135,-0.028418822214007378,0.8125891089439392,0.5321448445320129,-0.04607396572828293,0.7614840269088745,0.5534175634384155,-0.05324365571141243,0.7344372272491455,0.5874571800231934,-0.054423701018095016,E
0.0,0.0,0.0,0.0,0.0,0.0,0.0,0.0,0.0,0.0,0.0,0.0,0.0,0.0,0.0,0.0,0.0,0.0,0.0,0.0,0.0,0.0,0.0,0.0,0.0,0.0,0.0,0.0,0.0,0.0,0.0,0.0,0.0,0.0,0.0,0.0,0.0,0.0,0.0,0.0,0.0,0.0,0.0,0.0,0.0,0.0,0.0,0.0,0.0,0.0,0.0,0.0,0.0,0.0,0.0,0.0,0.0,0.0,0.0,0.0,0.0,0.0,0.0,0.9121228456497192,0.8330366611480713,-5.514176564247464e-07,0.8209083080291748,0.7885532379150391,0.0032136747613549232,0.7514814138412476,0.7316685914993286,-0.002889646217226982,0.701626718044281,0.682655930519104,-0.019508173689246178,0.6874788999557495,0.6215792894363403,-0.0335020050406456,0.7889233827590942,0.601423978805542,0.043804965913295746,0.7419363856315613,0.5144997835159302,0.013009161688387394,0.703606903553009,0.5425231456756592,-0.015826517716050148,0.6918083429336548,0.5925876498222351,-0.03138462454080582,0.8163902759552002,0.5814880132675171,0.02363811805844307,0.763638436794281,0.47460657358169556,-0.008178475312888622,0.7133310437202454,0.5108866095542908,-0.034274227917194366,0.6937979459762573,0.5693122744560242,-0.04592559114098549,0.8472404479980469,0.5756836533546448,-0.0031506442464888096,0.7951121926307678,0.46148645877838135,-0.03138166293501854,0.7401567101478577,0.4997979402542114,-0.047183141112327576,0.7170486450195312,0.5598710179328918,-0.05164888873696327,0.8750102519989014,0.5876389741897583,-0.030762838199734688,0.81207275390625,0.5326833128929138,-0.05033886805176735,0.7630931735038757,0.5566979646682739,-0.05832938849925995,0.7382801175117493,0.5928792953491211,-0.06007592752575874,E
0.0,0.0,0.0,0.0,0.0,0.0,0.0,0.0,0.0,0.0,0.0,0.0,0.0,0.0,0.0,0.0,0.0,0.0,0.0,0.0,0.0,0.0,0.0,0.0,0.0,0.0,0.0,0.0,0.0,0.0,0.0,0.0,0.0,0.0,0.0,0.0,0.0,0.0,0.0,0.0,0.0,0.0,0.0,0.0,0.0,0.0,0.0,0.0,0.0,0.0,0.0,0.0,0.0,0.0,0.0,0.0,0.0,0.0,0.0,0.0,0.0,0.0,0.0,0.910883903503418,0.8288732171058655,-5.308365302880702e-07,0.8221201300621033,0.7876919507980347,0.002687821164727211,0.7518212199211121,0.7300518751144409,-0.0029423735104501247,0.7005147337913513,0.6802115440368652,-0.018633190542459488,0.6863085031509399,0.6173608303070068,-0.03132661059498787,0.7909861207008362,0.6011327505111694,0.04387613758444786,0.7460834383964539,0.512897789478302,0.01496664248406887,0.7069907784461975,0.5373679995536804,-0.011371959932148457,0.6935924887657166,0.5840926766395569,-0.0252520851790905,0.8182517290115356,0.5826653242111206,0.0251153651624918,0.7658675312995911,0.4753017723560333,-0.004500233102589846,0.7155399322509766,0.5095380544662476,-0.02752949483692646,0.6944983005523682,0.5641268491744995,-0.037293508648872375,0.8488383889198303,0.5762125849723816,-0.0003748816379811615,0.7959070801734924,0.4612182676792145,-0.027428926900029182,0.7405230402946472,0.5005040168762207,-0.04071994498372078,0.7164301872253418,0.5597004890441895,-0.043467894196510315,0.8757994771003723,0.586367130279541,-0.026769470423460007,0.8109769821166992,0.5314996242523193,-0.04561389982700348,0.7602900266647339,0.5559715032577515,-0.052962951362133026,0.733826220035553,0.5901777148246765,-0.05435895174741745,E
0.0,0.0,0.0,0.0,0.0,0.0,0.0,0.0,0.0,0.0,0.0,0.0,0.0,0.0,0.0,0.0,0.0,0.0,0.0,0.0,0.0,0.0,0.0,0.0,0.0,0.0,0.0,0.0,0.0,0.0,0.0,0.0,0.0,0.0,0.0,0.0,0.0,0.0,0.0,0.0,0.0,0.0,0.0,0.0,0.0,0.0,0.0,0.0,0.0,0.0,0.0,0.0,0.0,0.0,0.0,0.0,0.0,0.0,0.0,0.0,0.0,0.0,0.0,0.9057623744010925,0.8281855583190918,-5.357260306482203e-07,0.8179249167442322,0.7873049974441528,0.0011812917655333877,0.7499281167984009,0.7296609878540039,-0.0059971921145915985,0.6995733380317688,0.6800662279129028,-0.023042315617203712,0.6863451600074768,0.6176159977912903,-0.03687877953052521,0.7923825979232788,0.6007335186004639,0.03866896033287048,0.7452608346939087,0.5136427879333496,0.008478879928588867,0.7036474943161011,0.5415904521942139,-0.018025437369942665,0.6912053823471069,0.5906775593757629,-0.03173983469605446,0.8190515637397766,0.5824509263038635,0.019667452201247215,0.7690991163253784,0.47264817357063293,-0.009171761572360992,0.7148069739341736,0.5045364499092102,-0.02951820380985737,0.6926709413528442,0.5599079132080078,-0.03749780356884003,0.8490763306617737,0.5778939127922058,-0.006200367584824562,0.7986277341842651,0.4615173935890198,-0.03251282870769501,0.7394755482673645,0.49664169549942017,-0.0431111715734005,0.7140815258026123,0.5534465909004211,-0.044255685061216354,0.8736797571182251,0.5905814170837402,-0.033334530889987946,0.8110125064849854,0.5300142168998718,-0.05225108563899994,0.7584797739982605,0.5543771982192993,-0.05781170725822449,0.7320913076400757,0.5926263928413391,-0.05773737654089928,E
0.0,0.0,0.0,0.0,0.0,0.0,0.0,0.0,0.0,0.0,0.0,0.0,0.0,0.0,0.0,0.0,0.0,0.0,0.0,0.0,0.0,0.0,0.0,0.0,0.0,0.0,0.0,0.0,0.0,0.0,0.0,0.0,0.0,0.0,0.0,0.0,0.0,0.0,0.0,0.0,0.0,0.0,0.0,0.0,0.0,0.0,0.0,0.0,0.0,0.0,0.0,0.0,0.0,0.0,0.0,0.0,0.0,0.0,0.0,0.0,0.0,0.0,0.0,0.9119739532470703,0.8325843811035156,-5.62704258300073e-07,0.8198641538619995,0.7899497747421265,0.004191808868199587,0.7501492500305176,0.7305365800857544,-0.00018241428188048303,0.7003449201583862,0.678689181804657,-0.01499758567661047,0.68622225522995,0.6156222820281982,-0.02682439610362053,0.7919743061065674,0.6050615906715393,0.04600571095943451,0.7469847798347473,0.5154213309288025,0.01754811406135559,0.7085469961166382,0.5406469702720642,-0.009154319763183594,0.6961785554885864,0.5883282423019409,-0.023634539917111397,0.8184478878974915,0.5867148041725159,0.026158027350902557,0.7659713625907898,0.47786015272140503,-0.0035174672957509756,0.7147226333618164,0.5098163485527039,-0.028043009340763092,0.6937143802642822,0.5651810169219971,-0.039041440933942795,0.8488482236862183,0.5802131295204163,-0.00029126854497008026,0.7972599267959595,0.463225781917572,-0.027156095951795578,0.740350604057312,0.4975530505180359,-0.04218599200248718,0.7147152423858643,0.5546106100082397,-0.04647485911846161,0.876118540763855,0.5897430181503296,-0.027543548494577408,0.8121078610420227,0.5319788455963135,-0.0465400367975235,0.7613121271133423,0.5553900003433228,-0.05449836701154709,0.7349581122398376,0.5918588042259216,-0.05653489753603935,E
0.0,0.0,0.0,0.0,0.0,0.0,0.0,0.0,0.0,0.0,0.0,0.0,0.0,0.0,0.0,0.0,0.0,0.0,0.0,0.0,0.0,0.0,0.0,0.0,0.0,0.0,0.0,0.0,0.0,0.0,0.0,0.0,0.0,0.0,0.0,0.0,0.0,0.0,0.0,0.0,0.0,0.0,0.0,0.0,0.0,0.0,0.0,0.0,0.0,0.0,0.0,0.0,0.0,0.0,0.0,0.0,0.0,0.0,0.0,0.0,0.0,0.0,0.0,0.9045182466506958,0.8253243565559387,-5.26584528870444e-07,0.818403959274292,0.7831491827964783,0.0003548353852238506,0.7512895464897156,0.7248857021331787,-0.006924624089151621,0.701825737953186,0.6743730902671814,-0.023739784955978394,0.686918318271637,0.6132065057754517,-0.03758220747113228,0.7916839718818665,0.5989868640899658,0.03774501755833626,0.7466050386428833,0.5120480060577393,0.007030443754047155,0.7079840302467346,0.5397345423698425,-0.01994573324918747,0.6968585848808289,0.5892531275749207,-0.03380121663212776,0.8192960023880005,0.5790836811065674,0.019930483773350716,0.7690467238426208,0.47120553255081177,-0.00966341607272625,0.7188230752944946,0.5040333271026611,-0.031187353655695915,0.6985709071159363,0.5590054988861084,-0.040019139647483826,0.8495374917984009,0.5728329420089722,-0.004734889138489962,0.7989051342010498,0.4595482349395752,-0.031674981117248535,0.7429510354995728,0.4960517883300781,-0.04376787319779396,0.718402624130249,0.5537542104721069,-0.04595940560102463,0.8751373291015625,0.5837991833686829,-0.0305517315864563,0.8131210803985596,0.5280855894088745,-0.04966841638088226,0.7622944116592407,0.5515304803848267,-0.05651620402932167,0.7350051403045654,0.5864463448524475,-0.057590872049331665,E
0.0,0.0,0.0,0.0,0.0,0.0,0.0,0.0,0.0,0.0,0.0,0.0,0.0,0.0,0.0,0.0,0.0,0.0,0.0,0.0,0.0,0.0,0.0,0.0,0.0,0.0,0.0,0.0,0.0,0.0,0.0,0.0,0.0,0.0,0.0,0.0,0.0,0.0,0.0,0.0,0.0,0.0,0.0,0.0,0.0,0.0,0.0,0.0,0.0,0.0,0.0,0.0,0.0,0.0,0.0,0.0,0.0,0.0,0.0,0.0,0.0,0.0,0.0,0.9081411361694336,0.8269716501235962,-5.459100407279038e-07,0.8227899670600891,0.785650372505188,-0.004193069878965616,0.7519692778587341,0.7279194593429565,-0.013760160654783249,0.6988726258277893,0.674786388874054,-0.03163396939635277,0.6902404427528381,0.6076850295066833,-0.04575679451227188,0.7939221262931824,0.5987991690635681,0.031767815351486206,0.7487555742263794,0.5066334009170532,0.00011521052510943264,0.7096368074417114,0.5362103581428528,-0.02669980563223362,0.698634147644043,0.5849367380142212,-0.040993526577949524,0.8207341432571411,0.580346941947937,0.016059238463640213,0.7689657211303711,0.4706772267818451,-0.01624271273612976,0.7177474498748779,0.5067541003227234,-0.039042696356773376,0.6982119083404541,0.5617387890815735,-0.048244595527648926,0.8506731986999512,0.5749977827072144,-0.006391658913344145,0.7985491752624512,0.45832452178001404,-0.03595110774040222,0.742578387260437,0.49758845567703247,-0.04836504906415939,0.7187990546226501,0.5557246804237366,-0.05006517842411995,0.8769729137420654,0.5861920118331909,-0.03009246103465557,0.8123335838317871,0.5306429862976074,-0.051312223076820374,0.7621974349021912,0.5550732016563416,-0.05861144885420799,0.7371238470077515,0.5901468396186829,-0.05937569960951805,E
0.0,0.0,0.0,0.0,0.0,0.0,0.0,0.0,0.0,0.0,0.0,0.0,0.0,0.0,0.0,0.0,0.0,0.0,0.0,0.0,0.0,0.0,0.0,0.0,0.0,0.0,0.0,0.0,0.0,0.0,0.0,0.0,0.0,0.0,0.0,0.0,0.0,0.0,0.0,0.0,0.0,0.0,0.0,0.0,0.0,0.0,0.0,0.0,0.0,0.0,0.0,0.0,0.0,0.0,0.0,0.0,0.0,0.0,0.0,0.0,0.0,0.0,0.0,0.9150806069374084,0.8298556208610535,-5.883080120838713e-07,0.8252421021461487,0.790216326713562,0.0022268907632678747,0.75569087266922,0.7314214110374451,-0.0035711294040083885,0.7062067985534668,0.6825602650642395,-0.01938610151410103,0.688259482383728,0.6249129176139832,-0.03204597160220146,0.7947922348976135,0.6020154356956482,0.04006703197956085,0.746321976184845,0.5106842517852783,0.009328527376055717,0.7060152292251587,0.5411860942840576,-0.017745785415172577,0.6957330107688904,0.5913742780685425,-0.032202593982219696,0.8214699029922485,0.5828213095664978,0.020584536716341972,0.7664374709129333,0.47204476594924927,-0.011974461376667023,0.7144886255264282,0.5110094547271729,-0.03643660992383957,0.6975514888763428,0.5688183307647705,-0.04649979621171951,0.8509849905967712,0.5768366456031799,-0.005403636489063501,0.7978770732879639,0.4613627791404724,-0.03354629874229431,0.7407433986663818,0.500144898891449,-0.04819773882627487,0.718172550201416,0.5579380393028259,-0.051834624260663986,0.8777779340744019,0.587877631187439,-0.03236618638038635,0.8149906992912292,0.5331143736839294,-0.051871348172426224,0.7641199231147766,0.5550041794776917,-0.06004711240530014,0.7392154932022095,0.5877411961555481,-0.06201999634504318,E
0.0,0.0,0.0,0.0,0.0,0.0,0.0,0.0,0.0,0.0,0.0,0.0,0.0,0.0,0.0,0.0,0.0,0.0,0.0,0.0,0.0,0.0,0.0,0.0,0.0,0.0,0.0,0.0,0.0,0.0,0.0,0.0,0.0,0.0,0.0,0.0,0.0,0.0,0.0,0.0,0.0,0.0,0.0,0.0,0.0,0.0,0.0,0.0,0.0,0.0,0.0,0.0,0.0,0.0,0.0,0.0,0.0,0.0,0.0,0.0,0.0,0.0,0.0,0.9126452207565308,0.8339235782623291,-5.683729682459671e-07,0.8246187567710876,0.7900429964065552,-0.00050534209003672,0.7556933760643005,0.7312942743301392,-0.008213973604142666,0.7038472890853882,0.6818541288375854,-0.025379043072462082,0.6891051530838013,0.6223034858703613,-0.03919249400496483,0.7939326763153076,0.6023571491241455,0.03772479668259621,0.746481716632843,0.5128042697906494,0.006182163022458553,0.7080764770507812,0.5440223813056946,-0.02151382714509964,0.6976596117019653,0.5957351326942444,-0.035930417478084564,0.8208576440811157,0.5827938914299011,0.02007305808365345,0.7682998180389404,0.4740094244480133,-0.011092396453022957,0.7172045707702637,0.5098260641098022,-0.03371874615550041,0.6970940232276917,0.5676523447036743,-0.0427592433989048,0.8512499928474426,0.5762590169906616,-0.004438280127942562,0.8001864552497864,0.46060317754745483,-0.03193403407931328,0.7438212037086487,0.49705368280410767,-0.04429963603615761,0.718833863735199,0.5557997822761536,-0.04637643322348595,0.8779394030570984,0.5871688723564148,-0.030257200822234154,0.8160515427589417,0.5331323146820068,-0.0498107448220253,0.7654809951782227,0.5571735501289368,-0.056805383414030075,0.7389713525772095,0.5941997766494751,-0.057569947093725204,E
0.0,0.0,0.0,0.0,0.0,0.0,0.0,0.0,0.0,0.0,0.0,0.0,0.0,0.0,0.0,0.0,0.0,0.0,0.0,0.0,0.0,0.0,0.0,0.0,0.0,0.0,0.0,0.0,0.0,0.0,0.0,0.0,0.0,0.0,0.0,0.0,0.0,0.0,0.0,0.0,0.0,0.0,0.0,0.0,0.0,0.0,0.0,0.0,0.0,0.0,0.0,0.0,0.0,0.0,0.0,0.0,0.0,0.0,0.0,0.0,0.0,0.0,0.0,0.9143791794776917,0.8337296843528748,-5.506129241439339e-07,0.823989748954773,0.7924532294273376,-0.0003676381893455982,0.7521814107894897,0.7328618764877319,-0.00745381647720933,0.7011974453926086,0.6817544102668762,-0.024000093340873718,0.6919040679931641,0.6186708807945251,-0.03700034320354462,0.7926046848297119,0.6052182912826538,0.0394960418343544,0.7469224333763123,0.5129083395004272,0.00757297920063138,0.706935465335846,0.5413521528244019,-0.02018263377249241,0.695502519607544,0.5913641452789307,-0.034622371196746826,0.8199540376663208,0.5870212316513062,0.021750757470726967,0.7677863240242004,0.4759294390678406,-0.01106621790677309,0.7160875201225281,0.5130431056022644,-0.034673064947128296,0.697114109992981,0.5708215832710266,-0.0437348447740078,0.8508339524269104,0.5811267495155334,-0.0030177123844623566,0.7988281846046448,0.46541106700897217,-0.031770460307598114,0.7424060106277466,0.5035020112991333,-0.04526076465845108,0.7191985249519348,0.5623766779899597,-0.047374822199344635,0.8785185813903809,0.5923900604248047,-0.02905026637017727,0.8158614039421082,0.5366283059120178,-0.048711057752370834,0.7653148174285889,0.5595542192459106,-0.0563015379011631,0.7399648427963257,0.5945467352867126,-0.05739075317978859,E
0.0,0.0,0.0,0.0,0.0,0.0,0.0,0.0,0.0,0.0,0.0,0.0,0.0,0.0,0.0,0.0,0.0,0.0,0.0,0.0,0.0,0.0,0.0,0.0,0.0,0.0,0.0,0.0,0.0,0.0,0.0,0.0,0.0,0.0,0.0,0.0,0.0,0.0,0.0,0.0,0.0,0.0,0.0,0.0,0.0,0.0,0.0,0.0,0.0,0.0,0.0,0.0,0.0,0.0,0.0,0.0,0.0,0.0,0.0,0.0,0.0,0.0,0.0,0.911241888999939,0.8357313275337219,-5.343410975910956e-07,0.8224449157714844,0.7935118079185486,-0.00284162862226367,0.7523524165153503,0.7361670732498169,-0.012170596048235893,0.6999387741088867,0.6809991598129272,-0.030722077935934067,0.6928873658180237,0.6120991706848145,-0.045572370290756226,0.7947635650634766,0.6066867709159851,0.039195623248815536,0.7492064237594604,0.515869140625,0.0067554982379078865,0.7087972164154053,0.542867124080658,-0.0220801904797554,0.697295606136322,0.5904918313026428,-0.03769334405660629,0.8214600682258606,0.5886694192886353,0.022516071796417236,0.770323634147644,0.47934043407440186,-0.010234508663415909,0.7190202474594116,0.5156696438789368,-0.034228600561618805,0.700462818145752,0.5718907117843628,-0.04419717565178871,0.851559042930603,0.5836389064788818,-0.0015647509135305882,0.8013065457344055,0.46773654222488403,-0.03059425950050354,0.7441391348838806,0.5040038824081421,-0.04417399317026138,0.7201792597770691,0.5621074438095093,-0.04682908207178116,0.8783724308013916,0.5955793261528015,-0.027181409299373627,0.8175684213638306,0.5377824902534485,-0.04815516248345375,0.7662192583084106,0.5600659847259521,-0.05666305497288704,0.7397990226745605,0.596689760684967,-0.05845458060503006,E
0.0,0.0,0.0,0.0,0.0,0.0,0.0,0.0,0.0,0.0,0.0,0.0,0.0,0.0,0.0,0.0,0.0,0.0,0.0,0.0,0.0,0.0,0.0,0.0,0.0,0.0,0.0,0.0,0.0,0.0,0.0,0.0,0.0,0.0,0.0,0.0,0.0,0.0,0.0,0.0,0.0,0.0,0.0,0.0,0.0,0.0,0.0,0.0,0.0,0.0,0.0,0.0,0.0,0.0,0.0,0.0,0.0,0.0,0.0,0.0,0.0,0.0,0.0,0.9138299822807312,0.8429326415061951,-5.56476834390196e-07,0.8270851969718933,0.8022280931472778,-0.002630407689139247,0.7550506591796875,0.7425990104675293,-0.011846601963043213,0.7030149102210999,0.6903984546661377,-0.030150048434734344,0.6950408220291138,0.6242486834526062,-0.04481329768896103,0.796040415763855,0.6123740673065186,0.03557600453495979,0.7505244016647339,0.5192325115203857,0.002317792735993862,0.7096981406211853,0.5485771894454956,-0.026161551475524902,0.697929859161377,0.5974487066268921,-0.041362397372722626,0.8239337801933289,0.5951303243637085,0.01835091970860958,0.7712886333465576,0.48246514797210693,-0.01703048311173916,0.7193838953971863,0.5224072933197021,-0.041844941675662994,0.7011131644248962,0.5813865065574646,-0.05153287574648857,0.8548873662948608,0.5905297994613647,-0.005910780280828476,0.802015483379364,0.4758871793746948,-0.03618378937244415,0.7459914088249207,0.5157518982887268,-0.05103838071227074,0.723425030708313,0.5752279758453369,-0.054114777594804764,0.8831689357757568,0.6019611954689026,-0.0315297469496727,0.8206627368927002,0.5449948310852051,-0.052091967314481735,0.7710923552513123,0.5685936808586121,-0.060894597321748734,0.7467359900474548,0.604239821434021,-0.0630890503525734,E
0.0,0.0,0.0,0.0,0.0,0.0,0.0,0.0,0.0,0.0,0.0,0.0,0.0,0.0,0.0,0.0,0.0,0.0,0.0,0.0,0.0,0.0,0.0,0.0,0.0,0.0,0.0,0.0,0.0,0.0,0.0,0.0,0.0,0.0,0.0,0.0,0.0,0.0,0.0,0.0,0.0,0.0,0.0,0.0,0.0,0.0,0.0,0.0,0.0,0.0,0.0,0.0,0.0,0.0,0.0,0.0,0.0,0.0,0.0,0.0,0.0,0.0,0.0,0.9120669364929199,0.8477256894111633,-5.189444891584571e-07,0.8277568221092224,0.8067611455917358,-0.005281683057546616,0.7581591606140137,0.7490007877349854,-0.01584232598543167,0.7069410085678101,0.6963508725166321,-0.03477969393134117,0.6955968737602234,0.6309962272644043,-0.04975268244743347,0.7949362397193909,0.6178435683250427,0.03173872083425522,0.7506775856018066,0.5244531631469727,-0.001282484969124198,0.7093884348869324,0.5543339848518372,-0.02878638543188572,0.6978065371513367,0.604334831237793,-0.042973823845386505,0.8219371438026428,0.5991077423095703,0.01631641574203968,0.7731951475143433,0.4860469698905945,-0.016634782776236534,0.7212797999382019,0.5240049362182617,-0.03822876140475273,0.7019094228744507,0.5818002223968506,-0.04594521224498749,0.8519642949104309,0.5937780737876892,-0.006307598669081926,0.8036513924598694,0.47915810346603394,-0.03498952463269234,0.7481673955917358,0.5190562009811401,-0.04642343893647194,0.7254197597503662,0.5786339640617371,-0.04738214612007141,0.8784514665603638,0.6056560277938843,-0.030649421736598015,0.8190808892250061,0.5494943261146545,-0.05052290856838226,0.7691458463668823,0.572929859161377,-0.057568665593862534,0.7439411878585815,0.6083278656005859,-0.058247871696949005,E
0.0,0.0,0.0,0.0,0.0,0.0,0.0,0.0,0.0,0.0,0.0,0.0,0.0,0.0,0.0,0.0,0.0,0.0,0.0,0.0,0.0,0.0,0.0,0.0,0.0,0.0,0.0,0.0,0.0,0.0,0.0,0.0,0.0,0.0,0.0,0.0,0.0,0.0,0.0,0.0,0.0,0.0,0.0,0.0,0.0,0.0,0.0,0.0,0.0,0.0,0.0,0.0,0.0,0.0,0.0,0.0,0.0,0.0,0.0,0.0,0.0,0.0,0.0,0.9118457436561584,0.8738968372344971,-5.706545493922022e-07,0.8289180397987366,0.8350130319595337,-0.00099918560590595,0.7575064301490784,0.7689396142959595,-0.008551186881959438,0.7051904201507568,0.7193641066551208,-0.02506042644381523,0.6946723461151123,0.6567449569702148,-0.03777562081813812,0.797981321811676,0.6382623314857483,0.03138737007975578,0.7529988288879395,0.5402690172195435,-0.00038591778138652444,0.7082001566886902,0.5696111917495728,-0.02555052563548088,0.6974295377731323,0.6182854771614075,-0.03806726634502411,0.82499098777771,0.6213124394416809,0.013022740371525288,0.7738476991653442,0.5040005445480347,-0.01931133307516575,0.7173263430595398,0.5413630604743958,-0.039946481585502625,0.7002620100975037,0.5994623303413391,-0.04664525389671326,0.8553653955459595,0.6188766360282898,-0.011916388757526875,0.8017028570175171,0.5016319751739502,-0.04034094139933586,0.7409178614616394,0.5407360196113586,-0.05241139978170395,0.7193865776062012,0.5993728637695312,-0.053443413227796555,0.8813450932502747,0.6336286067962646,-0.03804595768451691,0.8144281506538391,0.572040319442749,-0.05866995081305504,0.7609561085700989,0.5941979289054871,-0.06595540791749954,0.7376746535301208,0.6306577324867249,-0.06629331409931183,E
0.0,0.0,0.0,0.0,0.0,0.0,0.0,0.0,0.0,0.0,0.0,0.0,0.0,0.0,0.0,0.0,0.0,0.0,0.0,0.0,0.0,0.0,0.0,0.0,0.0,0.0,0.0,0.0,0.0,0.0,0.0,0.0,0.0,0.0,0.0,0.0,0.0,0.0,0.0,0.0,0.0,0.0,0.0,0.0,0.0,0.0,0.0,0.0,0.0,0.0,0.0,0.0,0.0,0.0,0.0,0.0,0.0,0.0,0.0,0.0,0.0,0.0,0.0,0.9171640872955322,0.8879659175872803,-5.715766633329622e-07,0.8325119614601135,0.8517295718193054,-0.0017134350491687655,0.760708212852478,0.7869123220443726,-0.008929568342864513,0.7074854373931885,0.7372106313705444,-0.024705614894628525,0.6976970434188843,0.6767987012863159,-0.03673914447426796,0.7997811436653137,0.6568307280540466,0.0322706364095211,0.7559700012207031,0.5624871850013733,0.0014466637512668967,0.712485134601593,0.5861467719078064,-0.02435530163347721,0.6992945671081543,0.6318955421447754,-0.037680819630622864,0.8265788555145264,0.63961261510849,0.01524280197918415,0.77313631772995,0.5275185108184814,-0.015778347849845886,0.71925950050354,0.5604262948036194,-0.03680175170302391,0.7009209990501404,0.6163760423660278,-0.04469995200634003,0.8569619059562683,0.6354144811630249,-0.00839690025895834,0.8013785481452942,0.5228554606437683,-0.035488903522491455,0.7447255849838257,0.5588374733924866,-0.04747767373919487,0.7242655754089355,0.6164067983627319,-0.04919350892305374,0.8836655020713806,0.6484415531158447,-0.03340713307261467,0.8172082901000977,0.5894673466682434,-0.05271951109170914,0.7654349207878113,0.6108102202415466,-0.06007621809840202,0.7418745756149292,0.6473614573478699,-0.061222292482852936,E
0.0,0.0,0.0,0.0,0.0,0.0,0.0,0.0,0.0,0.0,0.0,0.0,0.0,0.0,0.0,0.0,0.0,0.0,0.0,0.0,0.0,0.0,0.0,0.0,0.0,0.0,0.0,0.0,0.0,0.0,0.0,0.0,0.0,0.0,0.0,0.0,0.0,0.0,0.0,0.0,0.0,0.0,0.0,0.0,0.0,0.0,0.0,0.0,0.0,0.0,0.0,0.0,0.0,0.0,0.0,0.0,0.0,0.0,0.0,0.0,0.0,0.0,0.0,0.9218131899833679,0.8904504179954529,-5.238000539975474e-07,0.8336861729621887,0.8473527431488037,0.0009746428695507348,0.7628779411315918,0.7865909337997437,-0.005727481562644243,0.7108255624771118,0.7351385354995728,-0.022489648312330246,0.7003281712532043,0.6708483695983887,-0.03547491505742073,0.7997890114784241,0.6591801643371582,0.042089588940143585,0.7592429518699646,0.5653527975082397,0.011823372915387154,0.7189286947250366,0.5907620787620544,-0.014798685908317566,0.705240786075592,0.6378867626190186,-0.028735529631376266,0.8267565369606018,0.6422756910324097,0.023428479209542274,0.7798301577568054,0.5261893272399902,-0.00832214206457138,0.7271215915679932,0.5617803335189819,-0.030533000826835632,0.7063947916030884,0.6200401782989502,-0.03860241919755936,0.8576716780662537,0.6371777057647705,-0.0023063221015036106,0.8110880255699158,0.5202578902244568,-0.029474740847945213,0.7542822957038879,0.5591027140617371,-0.042127132415771484,0.7306361198425293,0.6194385290145874,-0.04382079094648361,0.8857631683349609,0.6478368043899536,-0.02942059189081192,0.8285935521125793,0.5840722322463989,-0.047029200941324234,0.7776106595993042,0.608704149723053,-0.053710728883743286,0.7516297101974487,0.6483802795410156,-0.05454910919070244,E
0.0,0.0,0.0,0.0,0.0,0.0,0.0,0.0,0.0,0.0,0.0,0.0,0.0,0.0,0.0,0.0,0.0,0.0,0.0,0.0,0.0,0.0,0.0,0.0,0.0,0.0,0.0,0.0,0.0,0.0,0.0,0.0,0.0,0.0,0.0,0.0,0.0,0.0,0.0,0.0,0.0,0.0,0.0,0.0,0.0,0.0,0.0,0.0,0.0,0.0,0.0,0.0,0.0,0.0,0.0,0.0,0.0,0.0,0.0,0.0,0.0,0.0,0.0,0.9221742153167725,0.8933968544006348,-5.52516780771839e-07,0.8401528000831604,0.8520780801773071,-0.0036842345725744963,0.7695351839065552,0.7912660241127014,-0.014573316089808941,0.7161815762519836,0.7454067468643188,-0.03403603658080101,0.7049288749694824,0.683748722076416,-0.04986143484711647,0.8081746101379395,0.6554343700408936,0.027262844145298004,0.7631993293762207,0.5579143762588501,-0.00790800154209137,0.7194263935089111,0.5887830853462219,-0.036336611956357956,0.706296443939209,0.6395073533058167,-0.0509394071996212,0.8370925188064575,0.6407776474952698,0.009674950502812862,0.7859041690826416,0.5219869613647461,-0.02757500857114792,0.730105459690094,0.5642625689506531,-0.05168101564049721,0.7111011743545532,0.625859260559082,-0.06014736369252205,0.8686573505401611,0.6397162079811096,-0.014548112638294697,0.8167314529418945,0.5226607918739319,-0.045514874160289764,0.7569693922996521,0.5637435913085938,-0.059501755982637405,0.7336326837539673,0.6232958436012268,-0.06139553710818291,0.8958032131195068,0.6556798219680786,-0.04009609669446945,0.8326704502105713,0.5948765277862549,-0.060989610850811005,0.7795335650444031,0.6158919334411621,-0.06922551989555359,0.7538103461265564,0.6492491364479065,-0.070475272834301,E
0.0,0.0,0.0,0.0,0.0,0.0,0.0,0.0,0.0,0.0,0.0,0.0,0.0,0.0,0.0,0.0,0.0,0.0,0.0,0.0,0.0,0.0,0.0,0.0,0.0,0.0,0.0,0.0,0.0,0.0,0.0,0.0,0.0,0.0,0.0,0.0,0.0,0.0,0.0,0.0,0.0,0.0,0.0,0.0,0.0,0.0,0.0,0.0,0.0,0.0,0.0,0.0,0.0,0.0,0.0,0.0,0.0,0.0,0.0,0.0,0.0,0.0,0.0,0.9277419447898865,0.8996874690055847,-5.799441282761109e-07,0.8428600430488586,0.8634668588638306,-0.0022825973574072123,0.7708249092102051,0.7989910840988159,-0.009877893142402172,0.7175930142402649,0.7463374137878418,-0.026437833905220032,0.7064652442932129,0.6824485063552856,-0.03938014432787895,0.8090053200721741,0.6656968593597412,0.03594643995165825,0.7633193731307983,0.5734022855758667,0.004732195287942886,0.7231035828590393,0.6009355783462524,-0.022603366523981094,0.7115271091461182,0.6481649279594421,-0.03724738210439682,0.8363991975784302,0.6483551263809204,0.018670789897441864,0.7856135368347168,0.5343477129936218,-0.013640300370752811,0.7333616614341736,0.5693694353103638,-0.037109941244125366,0.7133061289787292,0.6267424821853638,-0.04648183658719063,0.8671597242355347,0.6448573470115662,-0.005496220663189888,0.816565990447998,0.5310417413711548,-0.033660732209682465,0.7599090337753296,0.5678755640983582,-0.047833677381277084,0.7358901500701904,0.6248040199279785,-0.05099192261695862,0.8941534161567688,0.6581230163574219,-0.031040998175740242,0.8315438628196716,0.5977836847305298,-0.05022613704204559,0.7804729342460632,0.6197721362113953,-0.05801288038492203,0.7546015977859497,0.6554362773895264,-0.05978298932313919,E
0.0,0.0,0.0,0.0,0.0,0.0,0.0,0.0,0.0,0.0,0.0,0.0,0.0,0.0,0.0,0.0,0.0,0.0,0.0,0.0,0.0,0.0,0.0,0.0,0.0,0.0,0.0,0.0,0.0,0.0,0.0,0.0,0.0,0.0,0.0,0.0,0.0,0.0,0.0,0.0,0.0,0.0,0.0,0.0,0.0,0.0,0.0,0.0,0.0,0.0,0.0,0.0,0.0,0.0,0.0,0.0,0.0,0.0,0.0,0.0,0.0,0.0,0.0,0.9268751740455627,0.9018537998199463,-5.184220981391263e-07,0.8386059999465942,0.8570739030838013,0.0007375691784545779,0.7677263617515564,0.7949138283729553,-0.0068579502403736115,0.7143759727478027,0.7427146434783936,-0.024687405675649643,0.7040902376174927,0.6757078170776367,-0.03956058993935585,0.806941032409668,0.6686850190162659,0.040161218494176865,0.7614823579788208,0.5790003538131714,0.00898111891001463,0.7226644158363342,0.6029474139213562,-0.01882202737033367,0.7102516889572144,0.6503852605819702,-0.03357857093214989,0.83616042137146,0.6507150530815125,0.02082233689725399,0.7861560583114624,0.5359191298484802,-0.011246195062994957,0.733985960483551,0.5670726299285889,-0.035171810537576675,0.7109291553497314,0.6230131983757019,-0.045274749398231506,0.8689602017402649,0.6461853981018066,-0.005463029723614454,0.8181133270263672,0.5253583192825317,-0.03472192957997322,0.7611492872238159,0.563849925994873,-0.04882314056158066,0.736142098903656,0.6249051690101624,-0.0516623929142952,0.896937906742096,0.6588623523712158,-0.03281354159116745,0.8337279558181763,0.5959300398826599,-0.05285467579960823,0.7818560600280762,0.6194427609443665,-0.06058315932750702,0.7550461292266846,0.6574398279190063,-0.06227537989616394,E
0.0,0.0,0.0,0.0,0.0,0.0,0.0,0.0,0.0,0.0,0.0,0.0,0.0,0.0,0.0,0.0,0.0,0.0,0.0,0.0,0.0,0.0,0.0,0.0,0.0,0.0,0.0,0.0,0.0,0.0,0.0,0.0,0.0,0.0,0.0,0.0,0.0,0.0,0.0,0.0,0.0,0.0,0.0,0.0,0.0,0.0,0.0,0.0,0.0,0.0,0.0,0.0,0.0,0.0,0.0,0.0,0.0,0.0,0.0,0.0,0.0,0.0,0.0,0.9207379221916199,0.8990333080291748,-5.284524036142102e-07,0.8369873762130737,0.8532214164733887,-0.0007774552213959396,0.7660490274429321,0.7894139289855957,-0.00791881699115038,0.7123910188674927,0.7352191209793091,-0.02450704760849476,0.7034783363342285,0.6698169112205505,-0.037838056683540344,0.8070918917655945,0.665355920791626,0.03840237483382225,0.7615737915039062,0.5737118721008301,0.007680483162403107,0.7225107550621033,0.5992353558540344,-0.01868438720703125,0.7106205821037292,0.6469445824623108,-0.03202925994992256,0.8353628516197205,0.6460782289505005,0.021198388189077377,0.784183919429779,0.5313243865966797,-0.010835562832653522,0.7322035431861877,0.5641805529594421,-0.03256974741816521,0.7105104923248291,0.6205700635910034,-0.04013361036777496,0.8668084144592285,0.6392292976379395,-0.0029804997611790895,0.815558671951294,0.5205711126327515,-0.03180661424994469,0.7601849436759949,0.5600021481513977,-0.04391157254576683,0.7365704774856567,0.620429515838623,-0.0446188859641552,0.8941612243652344,0.6490682363510132,-0.02837476320564747,0.8311119675636292,0.5910457968711853,-0.0479753278195858,0.7798540592193604,0.6157546639442444,-0.05509231239557266,0.7528757452964783,0.6523565649986267,-0.055691760033369064,E
0.0,0.0,0.0,0.0,0.0,0.0,0.0,0.0,0.0,0.0,0.0,0.0,0.0,0.0,0.0,0.0,0.0,0.0,0.0,0.0,0.0,0.0,0.0,0.0,0.0,0.0,0.0,0.0,0.0,0.0,0.0,0.0,0.0,0.0,0.0,0.0,0.0,0.0,0.0,0.0,0.0,0.0,0.0,0.0,0.0,0.0,0.0,0.0,0.0,0.0,0.0,0.0,0.0,0.0,0.0,0.0,0.0,0.0,0.0,0.0,0.0,0.0,0.0,0.9206507205963135,0.8993659019470215,-5.490049943546182e-07,0.8379985690116882,0.8600162863731384,-0.005765370558947325,0.7655039429664612,0.7957578897476196,-0.016222283244132996,0.7114641070365906,0.7415861487388611,-0.03491818904876709,0.7030717134475708,0.6738824248313904,-0.049662042409181595,0.8056915402412415,0.6623038649559021,0.03131875768303871,0.7606583833694458,0.5687822699546814,-0.00203171418979764,0.7181942462921143,0.5974196791648865,-0.030017785727977753,0.7064269185066223,0.645799458026886,-0.04477016627788544,0.8340873122215271,0.6449924111366272,0.015374980866909027,0.7830597162246704,0.5307928323745728,-0.019044045358896255,0.7284846901893616,0.5679645538330078,-0.04234668239951134,0.7089322209358215,0.6264673471450806,-0.051004886627197266,0.8652858138084412,0.6423563361167908,-0.0077323284931480885,0.8130404949188232,0.5277209281921387,-0.03773466870188713,0.7543846964836121,0.5664427280426025,-0.05144328996539116,0.730942964553833,0.6250990629196167,-0.05362381413578987,0.8927308917045593,0.6566473841667175,-0.03240934759378433,0.8287238478660583,0.5983188152313232,-0.05322215333580971,0.7777243256568909,0.6205278635025024,-0.06138318032026291,0.7536767721176147,0.6560391783714294,-0.06279755383729935,E
0.0,0.0,0.0,0.0,0.0,0.0,0.0,0.0,0.0,0.0,0.0,0.0,0.0,0.0,0.0,0.0,0.0,0.0,0.0,0.0,0.0,0.0,0.0,0.0,0.0,0.0,0.0,0.0,0.0,0.0,0.0,0.0,0.0,0.0,0.0,0.0,0.0,0.0,0.0,0.0,0.0,0.0,0.0,0.0,0.0,0.0,0.0,0.0,0.0,0.0,0.0,0.0,0.0,0.0,0.0,0.0,0.0,0.0,0.0,0.0,0.0,0.0,0.0,0.9231263995170593,0.9029397964477539,-5.653288894791331e-07,0.8382058143615723,0.8615792393684387,-0.0021662178914994,0.7661038637161255,0.7973471879959106,-0.010342016816139221,0.7127447724342346,0.7449166178703308,-0.0278397798538208,0.7023399472236633,0.6814277768135071,-0.041422128677368164,0.8083745837211609,0.6656731963157654,0.03647739440202713,0.7620659470558167,0.5701470971107483,0.0038087419234216213,0.7191863059997559,0.5974263548851013,-0.024058988317847252,0.7066324949264526,0.6477068066596985,-0.03842059150338173,0.8354971408843994,0.64955735206604,0.019008174538612366,0.7838138937950134,0.5335723161697388,-0.014389769174158573,0.7290220856666565,0.5688388347625732,-0.03781392425298691,0.7089065313339233,0.6280249357223511,-0.04664666950702667,0.8656274080276489,0.6466185450553894,-0.005600110162049532,0.8125714063644409,0.5321773290634155,-0.03428180515766144,0.7540409564971924,0.568895697593689,-0.048447299748659134,0.7303558588027954,0.6276854872703552,-0.05116287246346474,0.891645610332489,0.6598426699638367,-0.03165489062666893,0.8284399509429932,0.5997965931892395,-0.05092427134513855,0.776091992855072,0.6213118433952332,-0.05896313488483429,0.7502861618995667,0.6585513353347778,-0.06061878800392151,E
0.0,0.0,0.0,0.0,0.0,0.0,0.0,0.0,0.0,0.0,0.0,0.0,0.0,0.0,0.0,0.0,0.0,0.0,0.0,0.0,0.0,0.0,0.0,0.0,0.0,0.0,0.0,0.0,0.0,0.0,0.0,0.0,0.0,0.0,0.0,0.0,0.0,0.0,0.0,0.0,0.0,0.0,0.0,0.0,0.0,0.0,0.0,0.0,0.0,0.0,0.0,0.0,0.0,0.0,0.0,0.0,0.0,0.0,0.0,0.0,0.0,0.0,0.0,0.925205409526825,0.8976455330848694,-5.28490886608779e-07,0.838538408279419,0.8560229539871216,-0.003246852196753025,0.7670394778251648,0.79353266954422,-0.012897690758109093,0.7130638360977173,0.7405315041542053,-0.031941745430231094,0.7057227492332458,0.6734978556632996,-0.047103963792324066,0.803808331489563,0.6650098562240601,0.0355522595345974,0.7590110301971436,0.5673285126686096,0.0027610494289547205,0.7180503606796265,0.5947268605232239,-0.024729853495955467,0.7065708637237549,0.642947256565094,-0.03895287215709686,0.8320193290710449,0.6483649611473083,0.018788401037454605,0.782202959060669,0.5294470191001892,-0.01507590152323246,0.7294420003890991,0.56695556640625,-0.037923309952020645,0.7102676630020142,0.6245072484016418,-0.046240873634815216,0.8637923002243042,0.6437687277793884,-0.005166483577340841,0.8133484125137329,0.5250283479690552,-0.03392409905791283,0.7562549710273743,0.5651731491088867,-0.04687536880373955,0.7333759069442749,0.625828742980957,-0.04868242144584656,0.8919596076011658,0.6551558375358582,-0.03071153722703457,0.8314904570579529,0.5915238857269287,-0.04951139912009239,0.779929518699646,0.6147487759590149,-0.05681643635034561,0.7545450925827026,0.6530638933181763,-0.05806947126984596,E
0.0,0.0,0.0,0.0,0.0,0.0,0.0,0.0,0.0,0.0,0.0,0.0,0.0,0.0,0.0,0.0,0.0,0.0,0.0,0.0,0.0,0.0,0.0,0.0,0.0,0.0,0.0,0.0,0.0,0.0,0.0,0.0,0.0,0.0,0.0,0.0,0.0,0.0,0.0,0.0,0.0,0.0,0.0,0.0,0.0,0.0,0.0,0.0,0.0,0.0,0.0,0.0,0.0,0.0,0.0,0.0,0.0,0.0,0.0,0.0,0.0,0.0,0.0,0.9242795705795288,0.8946772813796997,-5.346690841179225e-07,0.8350557088851929,0.8489938974380493,0.0018697514897212386,0.7656031250953674,0.789067268371582,-0.00429872702807188,0.7129138708114624,0.7367613911628723,-0.02087046392261982,0.7019606828689575,0.6717991232872009,-0.0341523215174675,0.8024359345436096,0.6642171144485474,0.04549931362271309,0.7608665823936462,0.5710223317146301,0.015158139169216156,0.721926748752594,0.5969337224960327,-0.012353962287306786,0.710390031337738,0.6451765298843384,-0.026805702596902847,0.8300840854644775,0.6462299227714539,0.02678985893726349,0.782325804233551,0.5302848815917969,-0.005379000212997198,0.7308627367019653,0.5654156804084778,-0.029424378648400307,0.7109736800193787,0.6245194673538208,-0.03888332471251488,0.8613887429237366,0.6392160058021545,0.0009407753241248429,0.8145431876182556,0.5204420685768127,-0.026852497830986977,0.7594983577728271,0.5572212934494019,-0.04136018827557564,0.7367120385169983,0.6177160739898682,-0.04437422379851341,0.8896692991256714,0.647388756275177,-0.026113202795386314,0.8302194476127625,0.5870059728622437,-0.04432375729084015,0.7809111475944519,0.6101694107055664,-0.052157703787088394,0.7558765411376953,0.6474341154098511,-0.0538850836455822,E
0.0,0.0,0.0,0.0,0.0,0.0,0.0,0.0,0.0,0.0,0.0,0.0,0.0,0.0,0.0,0.0,0.0,0.0,0.0,0.0,0.0,0.0,0.0,0.0,0.0,0.0,0.0,0.0,0.0,0.0,0.0,0.0,0.0,0.0,0.0,0.0,0.0,0.0,0.0,0.0,0.0,0.0,0.0,0.0,0.0,0.0,0.0,0.0,0.0,0.0,0.0,0.0,0.0,0.0,0.0,0.0,0.0,0.0,0.0,0.0,0.0,0.0,0.0,0.9201503992080688,0.8971706628799438,-5.06352535012411e-07,0.8356172442436218,0.8542188405990601,0.0002463655546307564,0.7640575170516968,0.789828896522522,-0.006059055682271719,0.7115229964256287,0.7377464175224304,-0.021737245842814445,0.7014132738113403,0.6745055913925171,-0.03405507653951645,0.8056815266609192,0.6620533466339111,0.039735570549964905,0.762996256351471,0.5693306922912598,0.010216576047241688,0.7217139005661011,0.5915008783340454,-0.015543905086815357,0.7073346376419067,0.6370810866355896,-0.028724050149321556,0.8332166075706482,0.6449015736579895,0.0224303025752306,0.7838450074195862,0.5320132374763489,-0.008538293652236462,0.7317213416099548,0.5633081197738647,-0.030974136665463448,0.7110986113548279,0.6189051270484924,-0.039430033415555954,0.8636927008628845,0.6395965814590454,-0.0015903825405985117,0.8125813603401184,0.5241069793701172,-0.028792714700102806,0.7569257020950317,0.5616074204444885,-0.04197315499186516,0.7338189482688904,0.6208718419075012,-0.04406064376235008,0.8907909393310547,0.6499136090278625,-0.026692567393183708,0.8272997736930847,0.5939878225326538,-0.0446736142039299,0.7776756286621094,0.6151701807975769,-0.05192038416862488,0.753048837184906,0.6473305821418762,-0.05300450697541237,E
0.0,0.0,0.0,0.0,0.0,0.0,0.0,0.0,0.0,0.0,0.0,0.0,0.0,0.0,0.0,0.0,0.0,0.0,0.0,0.0,0.0,0.0,0.0,0.0,0.0,0.0,0.0,0.0,0.0,0.0,0.0,0.0,0.0,0.0,0.0,0.0,0.0,0.0,0.0,0.0,0.0,0.0,0.0,0.0,0.0,0.0,0.0,0.0,0.0,0.0,0.0,0.0,0.0,0.0,0.0,0.0,0.0,0.0,0.0,0.0,0.0,0.0,0.0,0.9215037822723389,0.8933244943618774,-5.761023658124031e-07,0.8352541327476501,0.8502184152603149,-0.002268946962431073,0.76328444480896,0.7865844368934631,-0.00923710223287344,0.7098885774612427,0.7320564389228821,-0.025355825200676918,0.7005830407142639,0.6670706272125244,-0.03757144883275032,0.7999172806739807,0.6584997773170471,0.0400380939245224,0.7529221773147583,0.5656643509864807,0.0083038080483675,0.7153044939041138,0.5961609482765198,-0.02053634449839592,0.7051352858543396,0.6470264196395874,-0.03607942536473274,0.8264350295066833,0.6400299668312073,0.023989148437976837,0.7736560106277466,0.5283123254776001,-0.010040919296443462,0.7242550849914551,0.5649983882904053,-0.03624284639954567,0.7063130140304565,0.6228011846542358,-0.04695117101073265,0.8576442003250122,0.6340740323066711,0.0009671274456195533,0.8056377172470093,0.5185042023658752,-0.027890779078006744,0.751226544380188,0.5546342134475708,-0.04347250983119011,0.728350818157196,0.6125194430351257,-0.04713661968708038,0.8875832557678223,0.6438407897949219,-0.023401258513331413,0.8266496062278748,0.5850224494934082,-0.042593758553266525,0.7755900025367737,0.6066278219223022,-0.051190320402383804,0.7488308548927307,0.6417802572250366,-0.05322082340717316,E
0.0,0.0,0.0,0.0,0.0,0.0,0.0,0.0,0.0,0.0,0.0,0.0,0.0,0.0,0.0,0.0,0.0,0.0,0.0,0.0,0.0,0.0,0.0,0.0,0.0,0.0,0.0,0.0,0.0,0.0,0.0,0.0,0.0,0.0,0.0,0.0,0.0,0.0,0.0,0.0,0.0,0.0,0.0,0.0,0.0,0.0,0.0,0.0,0.0,0.0,0.0,0.0,0.0,0.0,0.0,0.0,0.0,0.0,0.0,0.0,0.0,0.0,0.0,0.923454225063324,0.8801376819610596,-5.395941116148606e-07,0.8361566066741943,0.841012716293335,-0.001119784777984023,0.7639766335487366,0.7802886962890625,-0.008247926831245422,0.709854781627655,0.7279820442199707,-0.02488161437213421,0.6982600688934326,0.6624851226806641,-0.03760246932506561,0.8013029098510742,0.6517537832260132,0.041586581617593765,0.7595076560974121,0.5581631660461426,0.010362847708165646,0.7179431915283203,0.5805652141571045,-0.017383048310875893,0.702622652053833,0.626842200756073,-0.03187091648578644,0.8277387619018555,0.6320068836212158,0.024228505790233612,0.7801260352134705,0.5179876089096069,-0.008071771822869778,0.7270788550376892,0.5496413707733154,-0.03126716986298561,0.7053059339523315,0.6083899140357971,-0.04002084955573082,0.8581074476242065,0.6240842342376709,-0.0005137707339599729,0.8101825714111328,0.5080234408378601,-0.02812063880264759,0.7534028887748718,0.5427666306495667,-0.04159420728683472,0.7285417914390564,0.6027346253395081,-0.04393742233514786,0.8864415287971497,0.6321338415145874,-0.02683432213962078,0.8273573517799377,0.5755560398101807,-0.04571728780865669,0.7758550643920898,0.5970062613487244,-0.05397403612732887,0.7480787634849548,0.6340267062187195,-0.05575105547904968,E
0.0,0.0,0.0,0.0,0.0,0.0,0.0,0.0,0.0,0.0,0.0,0.0,0.0,0.0,0.0,0.0,0.0,0.0,0.0,0.0,0.0,0.0,0.0,0.0,0.0,0.0,0.0,0.0,0.0,0.0,0.0,0.0,0.0,0.0,0.0,0.0,0.0,0.0,0.0,0.0,0.0,0.0,0.0,0.0,0.0,0.0,0.0,0.0,0.0,0.0,0.0,0.0,0.0,0.0,0.0,0.0,0.0,0.0,0.0,0.0,0.0,0.0,0.0,0.919492244720459,0.88240647315979,-5.024788833907223e-07,0.832619309425354,0.8403201699256897,0.0008391611627303064,0.7602618932723999,0.7801353931427002,-0.0056089540012180805,0.7071586847305298,0.7272369265556335,-0.021994715556502342,0.6954623460769653,0.6607131958007812,-0.03500092774629593,0.7998592257499695,0.6542818546295166,0.0417015366256237,0.7565392255783081,0.5587060451507568,0.01172738615423441,0.7165712714195251,0.5811363458633423,-0.014411801472306252,0.7017387747764587,0.6284176707267761,-0.027700232341885567,0.827254056930542,0.6357778906822205,0.02379222773015499,0.7754982709884644,0.5216324925422668,-0.0066512045450508595,0.7252015471458435,0.5536883473396301,-0.028970515355467796,0.7045437097549438,0.6096533536911011,-0.03780727833509445,0.8577747344970703,0.6286576986312866,-0.0011229939991608262,0.8048439621925354,0.5100995302200317,-0.028366239741444588,0.7509037852287292,0.5484838485717773,-0.04122896492481232,0.7280067801475525,0.6092813611030579,-0.043490391224622726,0.8854100704193115,0.6366822123527527,-0.027216019108891487,0.823416531085968,0.5759863257408142,-0.04644835740327835,0.7746749520301819,0.6011685729026794,-0.054026272147893906,0.7497666478157043,0.6397311687469482,-0.05543627217411995,E
0.0,0.0,0.0,0.0,0.0,0.0,0.0,0.0,0.0,0.0,0.0,0.0,0.0,0.0,0.0,0.0,0.0,0.0,0.0,0.0,0.0,0.0,0.0,0.0,0.0,0.0,0.0,0.0,0.0,0.0,0.0,0.0,0.0,0.0,0.0,0.0,0.0,0.0,0.0,0.0,0.0,0.0,0.0,0.0,0.0,0.0,0.0,0.0,0.0,0.0,0.0,0.0,0.0,0.0,0.0,0.0,0.0,0.0,0.0,0.0,0.0,0.0,0.0,0.9182925820350647,0.8756504058837891,-5.123586674926628e-07,0.8293905854225159,0.8332496881484985,0.001447948976419866,0.7589086890220642,0.7739201188087463,-0.005234699696302414,0.7060632109642029,0.7210170030593872,-0.022341802716255188,0.6961314082145691,0.6538275480270386,-0.036079905927181244,0.7984496355056763,0.650831401348114,0.04076391085982323,0.7539365887641907,0.5540488362312317,0.009505175985395908,0.7135844230651855,0.5786747932434082,-0.016864508390426636,0.7018855810165405,0.6268128156661987,-0.030133621767163277,0.8252942562103271,0.6335630416870117,0.022162308916449547,0.7753454446792603,0.514466404914856,-0.010405811481177807,0.7234177589416504,0.5495408773422241,-0.03235239535570145,0.7043846845626831,0.6073956489562988,-0.04004821926355362,0.8562847375869751,0.626414954662323,-0.003395397448912263,0.8063439130783081,0.5048027038574219,-0.031189732253551483,0.7500148415565491,0.5438459515571594,-0.04313341900706291,0.7275170087814331,0.6046363711357117,-0.0441608689725399,0.8846498131752014,0.6335344910621643,-0.03026464395225048,0.8242680430412292,0.5700259208679199,-0.04865957424044609,0.7722172141075134,0.5924007892608643,-0.05562315881252289,0.7454636693000793,0.6292949318885803,-0.05644526705145836,E
0.0,0.0,0.0,0.0,0.0,0.0,0.0,0.0,0.0,0.0,0.0,0.0,0.0,0.0,0.0,0.0,0.0,0.0,0.0,0.0,0.0,0.0,0.0,0.0,0.0,0.0,0.0,0.0,0.0,0.0,0.0,0.0,0.0,0.0,0.0,0.0,0.0,0.0,0.0,0.0,0.0,0.0,0.0,0.0,0.0,0.0,0.0,0.0,0.0,0.0,0.0,0.0,0.0,0.0,0.0,0.0,0.0,0.0,0.0,0.0,0.0,0.0,0.0,0.9196083545684814,0.8835128545761108,-5.577952038038347e-07,0.8309388160705566,0.8411993980407715,0.0019092614529654384,0.7590364813804626,0.7769709825515747,-0.002639951417222619,0.7070307731628418,0.7238293290138245,-0.01742781512439251,0.6930586099624634,0.6608331799507141,-0.02861962839961052,0.8007425665855408,0.6478535532951355,0.04667288064956665,0.7568646669387817,0.5527722835540771,0.017521033063530922,0.7151448726654053,0.578227698802948,-0.009571932256221771,0.6992449760437012,0.6249046921730042,-0.024089356884360313,0.8257278203964233,0.630616307258606,0.028134724125266075,0.7724108099937439,0.5144986510276794,-0.0034953956492245197,0.7200105786323547,0.549450159072876,-0.02852805145084858,0.7000607848167419,0.6075516939163208,-0.03876955434679985,0.8546199202537537,0.6246006488800049,0.0026223352178931236,0.8020047545433044,0.5084573030471802,-0.024078479036688805,0.7453873157501221,0.5448589324951172,-0.03958506882190704,0.7214781641960144,0.603688657283783,-0.04363548383116722,0.8819530606269836,0.6330747604370117,-0.024152932688593864,0.8214385509490967,0.5702989101409912,-0.04133728891611099,0.769930362701416,0.5922068357467651,-0.04950038716197014,0.7432392835617065,0.6296826601028442,-0.051777128130197525,E
0.0,0.0,0.0,0.0,0.0,0.0,0.0,0.0,0.0,0.0,0.0,0.0,0.0,0.0,0.0,0.0,0.0,0.0,0.0,0.0,0.0,0.0,0.0,0.0,0.0,0.0,0.0,0.0,0.0,0.0,0.0,0.0,0.0,0.0,0.0,0.0,0.0,0.0,0.0,0.0,0.0,0.0,0.0,0.0,0.0,0.0,0.0,0.0,0.0,0.0,0.0,0.0,0.0,0.0,0.0,0.0,0.0,0.0,0.0,0.0,0.0,0.0,0.0,0.9152960181236267,0.8800308108329773,-5.301851615513442e-07,0.8252589106559753,0.8355652093887329,0.001449181349016726,0.7560139894485474,0.7773212790489197,-0.005678721237927675,0.7042354345321655,0.7265182137489319,-0.023196524009108543,0.6932044625282288,0.6630164980888367,-0.03741716220974922,0.7934805154800415,0.6521762609481812,0.041577842086553574,0.7502368688583374,0.5541073679924011,0.009793762117624283,0.7098497748374939,0.5805043578147888,-0.01821432262659073,0.6979273557662964,0.6300292611122131,-0.032842088490724564,0.8201207518577576,0.6347962617874146,0.022537965327501297,0.7710230350494385,0.5147764682769775,-0.011472498998045921,0.7190186381340027,0.5500543713569641,-0.03614460676908493,0.7002136707305908,0.6105625033378601,-0.04573439806699753,0.8509505987167358,0.6281274557113647,-0.0034351376816630363,0.8003963232040405,0.5093592405319214,-0.032098639756441116,0.7453378438949585,0.548048198223114,-0.047051459550857544,0.724086344242096,0.6106107234954834,-0.050324469804763794,0.8802972435951233,0.6353870630264282,-0.030601026490330696,0.8198304176330566,0.5747218132019043,-0.04946387931704521,0.7698013782501221,0.5994139313697815,-0.05756442993879318,0.7449947595596313,0.6399616003036499,-0.05943100154399872,E
0.0,0.0,0.0,0.0,0.0,0.0,0.0,0.0,0.0,0.0,0.0,0.0,0.0,0.0,0.0,0.0,0.0,0.0,0.0,0.0,0.0,0.0,0.0,0.0,0.0,0.0,0.0,0.0,0.0,0.0,0.0,0.0,0.0,0.0,0.0,0.0,0.0,0.0,0.0,0.0,0.0,0.0,0.0,0.0,0.0,0.0,0.0,0.0,0.0,0.0,0.0,0.0,0.0,0.0,0.0,0.0,0.0,0.0,0.0,0.0,0.0,0.0,0.0,0.9187360405921936,0.8688684701919556,-5.407077878771815e-07,0.8285771012306213,0.8247205018997192,0.0029456086922436953,0.7585071921348572,0.7665755152702332,-0.0035936597269028425,0.7069176435470581,0.7178119421005249,-0.020827893167734146,0.6968671679496765,0.6551034450531006,-0.03493178263306618,0.8002263307571411,0.6384466886520386,0.041382573544979095,0.753343403339386,0.5426900386810303,0.008911019191145897,0.7127479910850525,0.5701885223388672,-0.01879163272678852,0.7003874182701111,0.620871365070343,-0.03269996866583824,0.8271841406822205,0.6216323971748352,0.02185821533203125,0.7752599120140076,0.5056403875350952,-0.011744108982384205,0.723986029624939,0.5453237891197205,-0.0350675992667675,0.7054407596588135,0.6052256226539612,-0.0434812530875206,0.8577146530151367,0.6154032945632935,-0.004466887563467026,0.8060669302940369,0.4950895309448242,-0.03281015530228615,0.7504446506500244,0.538725733757019,-0.045486029237508774,0.7289199829101562,0.6019574999809265,-0.0467531681060791,0.884289026260376,0.6259376406669617,-0.031899385154247284,0.8231112957000732,0.5638418793678284,-0.05010078102350235,0.7717145085334778,0.5902009606361389,-0.056736040860414505,0.7462177872657776,0.6290170550346375,-0.05715649947524071,E
0.0,0.0,0.0,0.0,0.0,0.0,0.0,0.0,0.0,0.0,0.0,0.0,0.0,0.0,0.0,0.0,0.0,0.0,0.0,0.0,0.0,0.0,0.0,0.0,0.0,0.0,0.0,0.0,0.0,0.0,0.0,0.0,0.0,0.0,0.0,0.0,0.0,0.0,0.0,0.0,0.0,0.0,0.0,0.0,0.0,0.0,0.0,0.0,0.0,0.0,0.0,0.0,0.0,0.0,0.0,0.0,0.0,0.0,0.0,0.0,0.0,0.0,0.0,0.919974148273468,0.8645921945571899,-5.651930905514746e-07,0.8337391018867493,0.8195141553878784,-0.000754420820157975,0.7632037997245789,0.7600029706954956,-0.009486103430390358,0.7119973301887512,0.708909809589386,-0.02736774832010269,0.6998016834259033,0.6449475288391113,-0.04221663624048233,0.8045622706413269,0.631233811378479,0.034279000014066696,0.7570568323135376,0.5416045188903809,0.0010809170780703425,0.7176403403282166,0.5678570866584778,-0.027573905885219574,0.7050199508666992,0.6170137524604797,-0.04255303367972374,0.8322511911392212,0.6117096543312073,0.016674622893333435,0.7768280506134033,0.5035789012908936,-0.017053844407200813,0.7263708114624023,0.5411406755447388,-0.041348155587911606,0.7072330713272095,0.6003226041793823,-0.051343463361263275,0.8632100820541382,0.6055864095687866,-0.007524161599576473,0.8089761734008789,0.491372674703598,-0.03697360306978226,0.7537935376167297,0.5319239497184753,-0.050811976194381714,0.7306789755821228,0.5934216976165771,-0.05359229817986488,0.891223669052124,0.6175414323806763,-0.032782118767499924,0.8281552195549011,0.5662750601768494,-0.053252968937158585,0.7781030535697937,0.5899958610534668,-0.06151030212640762,0.7518885135650635,0.6242116689682007,-0.06326855719089508,E
0.0,0.0,0.0,0.0,0.0,0.0,0.0,0.0,0.0,0.0,0.0,0.0,0.0,0.0,0.0,0.0,0.0,0.0,0.0,0.0,0.0,0.0,0.0,0.0,0.0,0.0,0.0,0.0,0.0,0.0,0.0,0.0,0.0,0.0,0.0,0.0,0.0,0.0,0.0,0.0,0.0,0.0,0.0,0.0,0.0,0.0,0.0,0.0,0.0,0.0,0.0,0.0,0.0,0.0,0.0,0.0,0.0,0.0,0.0,0.0,0.0,0.0,0.0,0.9234517812728882,0.865792989730835,-5.210813469602726e-07,0.8366754651069641,0.823008120059967,-0.0014274846762418747,0.7656149864196777,0.7624639868736267,-0.00974184088408947,0.7137926816940308,0.7089299559593201,-0.027366576716303825,0.7046710848808289,0.6406561732292175,-0.041307929903268814,0.8095701932907104,0.6332745552062988,0.0383417122066021,0.7651940584182739,0.5397361516952515,0.006868049502372742,0.7227550148963928,0.561210036277771,-0.020165709778666496,0.7087271809577942,0.6072642803192139,-0.03402786701917648,0.8360890746116638,0.6152327656745911,0.02093680575489998,0.7835732698440552,0.5019435882568359,-0.010976896621286869,0.7306520342826843,0.5344493389129639,-0.03278394788503647,0.7109546661376953,0.5915645956993103,-0.04060707241296768,0.8662905097007751,0.6096552610397339,-0.003674290142953396,0.8127642273902893,0.4935905337333679,-0.03200951963663101,0.7563971877098083,0.5292098522186279,-0.04382069408893585,0.7338813543319702,0.5877378582954407,-0.04476334527134895,0.893478512763977,0.6202126145362854,-0.029727300629019737,0.8293935060501099,0.5613683462142944,-0.04976548254489899,0.7792195677757263,0.5843133926391602,-0.05676225945353508,0.755058228969574,0.6218039989471436,-0.05718424171209335,E
0.0,0.0,0.0,0.0,0.0,0.0,0.0,0.0,0.0,0.0,0.0,0.0,0.0,0.0,0.0,0.0,0.0,0.0,0.0,0.0,0.0,0.0,0.0,0.0,0.0,0.0,0.0,0.0,0.0,0.0,0.0,0.0,0.0,0.0,0.0,0.0,0.0,0.0,0.0,0.0,0.0,0.0,0.0,0.0,0.0,0.0,0.0,0.0,0.0,0.0,0.0,0.0,0.0,0.0,0.0,0.0,0.0,0.0,0.0,0.0,0.0,0.0,0.0,0.9225174188613892,0.8672040700912476,-5.647282250720309e-07,0.8351125121116638,0.8229483366012573,0.0004055742174386978,0.7655674815177917,0.7614367604255676,-0.006904386915266514,0.7155965566635132,0.7096331715583801,-0.02382868155837059,0.7043325901031494,0.6473362445831299,-0.037842538207769394,0.8071552515029907,0.6352399587631226,0.03858969360589981,0.7637532949447632,0.5453612804412842,0.0070741185918450356,0.7237513661384583,0.5694761872291565,-0.021900435909628868,0.7085025906562805,0.6151924133300781,-0.03786299005150795,0.8349335789680481,0.6158725023269653,0.020090527832508087,0.7849106192588806,0.5045082569122314,-0.01238950528204441,0.7333196401596069,0.5354242324829102,-0.03806594759225845,0.7104666829109192,0.5909138917922974,-0.049781378358602524,0.8656846284866333,0.6096509695053101,-0.005094271618872881,0.8156135082244873,0.4943851828575134,-0.03369484096765518,0.7594398260116577,0.5292190313339233,-0.049397096037864685,0.7332635521888733,0.5876795053482056,-0.05411873012781143,0.8936824798583984,0.6209969520568848,-0.03137170895934105,0.8337041139602661,0.5621616840362549,-0.05115239694714546,0.7835292816162109,0.5837209224700928,-0.0599043108522892,0.7555884718894958,0.6199191212654114,-0.0627693310379982,E
0.0,0.0,0.0,0.0,0.0,0.0,0.0,0.0,0.0,0.0,0.0,0.0,0.0,0.0,0.0,0.0,0.0,0.0,0.0,0.0,0.0,0.0,0.0,0.0,0.0,0.0,0.0,0.0,0.0,0.0,0.0,0.0,0.0,0.0,0.0,0.0,0.0,0.0,0.0,0.0,0.0,0.0,0.0,0.0,0.0,0.0,0.0,0.0,0.0,0.0,0.0,0.0,0.0,0.0,0.0,0.0,0.0,0.0,0.0,0.0,0.0,0.0,0.0,0.9249366521835327,0.8577631711959839,-5.403791760727472e-07,0.8359844088554382,0.8155971169471741,-0.0021676889155060053,0.7661969065666199,0.7592322826385498,-0.011431931518018246,0.715589702129364,0.7055664658546448,-0.030049528926610947,0.7080932259559631,0.6378116607666016,-0.045231595635414124,0.8066226243972778,0.6307241320610046,0.03747003898024559,0.7629613876342773,0.5367619395256042,0.004258082713931799,0.7219551801681519,0.5631241202354431,-0.024935705587267876,0.7093875408172607,0.6115063428878784,-0.04066217318177223,0.8345469236373901,0.6120266914367676,0.02003936655819416,0.7844080328941345,0.4960501790046692,-0.014752148650586605,0.7322633862495422,0.5310862064361572,-0.040306057780981064,0.7126440405845642,0.589516282081604,-0.051098473370075226,0.8654159307479858,0.605511486530304,-0.004588942509144545,0.8160145282745361,0.4889795780181885,-0.03484297916293144,0.7599574327468872,0.5254923105239868,-0.050793375819921494,0.7367687225341797,0.5852915048599243,-0.054998546838760376,0.8939197659492493,0.6150444149971008,-0.030565990135073662,0.8339337110519409,0.5580406188964844,-0.051479607820510864,0.7834845185279846,0.5797286033630371,-0.06130746379494667,0.7569862008094788,0.6153870820999146,-0.06453296542167664,E
0.0,0.0,0.0,0.0,0.0,0.0,0.0,0.0,0.0,0.0,0.0,0.0,0.0,0.0,0.0,0.0,0.0,0.0,0.0,0.0,0.0,0.0,0.0,0.0,0.0,0.0,0.0,0.0,0.0,0.0,0.0,0.0,0.0,0.0,0.0,0.0,0.0,0.0,0.0,0.0,0.0,0.0,0.0,0.0,0.0,0.0,0.0,0.0,0.0,0.0,0.0,0.0,0.0,0.0,0.0,0.0,0.0,0.0,0.0,0.0,0.0,0.0,0.0,0.9255735874176025,0.8636260032653809,-5.547229307012458e-07,0.8345590829849243,0.8179278373718262,0.0013370731612667441,0.7643535137176514,0.7575578093528748,-0.00508525175973773,0.7137898206710815,0.7033368349075317,-0.021778415888547897,0.7058877944946289,0.6375250816345215,-0.03516831248998642,0.8081134557723999,0.6301950216293335,0.044372204691171646,0.7614064812660217,0.5366148948669434,0.01336444728076458,0.7199518084526062,0.5626943111419678,-0.015319357626140118,0.7068511247634888,0.6105865836143494,-0.03096820041537285,0.8342581987380981,0.6130401492118835,0.025700507685542107,0.7812279462814331,0.4987785220146179,-0.006859593093395233,0.7297950983047485,0.5339996814727783,-0.032790374010801315,0.7115890383720398,0.5910795331001282,-0.04395483434200287,0.8642814755439758,0.6072672605514526,7.243385334732011e-05,0.8125351071357727,0.4903523325920105,-0.027877522632479668,0.757097601890564,0.5267608165740967,-0.04290377348661423,0.7353453636169434,0.585644543170929,-0.046648137271404266,0.8923608064651489,0.6165822148323059,-0.026790767908096313,0.8315842151641846,0.5549967885017395,-0.045241981744766235,0.7817186117172241,0.5772029161453247,-0.05280892923474312,0.7574664950370789,0.6141979694366455,-0.054429251700639725,E
0.0,0.0,0.0,0.0,0.0,0.0,0.0,0.0,0.0,0.0,0.0,0.0,0.0,0.0,0.0,0.0,0.0,0.0,0.0,0.0,0.0,0.0,0.0,0.0,0.0,0.0,0.0,0.0,0.0,0.0,0.0,0.0,0.0,0.0,0.0,0.0,0.0,0.0,0.0,0.0,0.0,0.0,0.0,0.0,0.0,0.0,0.0,0.0,0.0,0.0,0.0,0.0,0.0,0.0,0.0,0.0,0.0,0.0,0.0,0.0,0.0,0.0,0.0,0.9260115623474121,0.8592636585235596,-5.248068077889911e-07,0.8372911810874939,0.8162423968315125,-9.227947157341987e-05,0.7678148746490479,0.757671594619751,-0.006391787435859442,0.7160995006561279,0.7039646506309509,-0.022591926157474518,0.7034029960632324,0.637723445892334,-0.03528508543968201,0.8064866662025452,0.6281474828720093,0.04574945569038391,0.7624179124832153,0.5377290844917297,0.01644032634794712,0.7221152782440186,0.5607187747955322,-0.010966220870614052,0.7074416875839233,0.6067078113555908,-0.025683462619781494,0.8328673243522644,0.6086467504501343,0.02828041836619377,0.7815922498703003,0.4986826777458191,-0.0019242600537836552,0.7307251691818237,0.5307031869888306,-0.02612309902906418,0.7097979187965393,0.5879675149917603,-0.03626539930701256,0.862586498260498,0.6017569303512573,0.003480240236967802,0.812040388584137,0.48869019746780396,-0.023388272151350975,0.756960928440094,0.5229731202125549,-0.03767239302396774,0.7326900959014893,0.5816622376441956,-0.04100073128938675,0.8897021412849426,0.6112204194068909,-0.022721925750374794,0.8288823962211609,0.5553510189056396,-0.04140115901827812,0.7793439030647278,0.577928900718689,-0.04950064420700073,0.7532777190208435,0.6154411435127258,-0.051320433616638184,E
0.0,0.0,0.0,0.0,0.0,0.0,0.0,0.0,0.0,0.0,0.0,0.0,0.0,0.0,0.0,0.0,0.0,0.0,0.0,0.0,0.0,0.0,0.0,0.0,0.0,0.0,0.0,0.0,0.0,0.0,0.0,0.0,0.0,0.0,0.0,0.0,0.0,0.0,0.0,0.0,0.0,0.0,0.0,0.0,0.0,0.0,0.0,0.0,0.0,0.0,0.0,0.0,0.0,0.0,0.0,0.0,0.0,0.0,0.0,0.0,0.0,0.0,0.0,0.9196078777313232,0.8567643165588379,-5.249128207651665e-07,0.8363251686096191,0.8146922588348389,-0.0027689605485647917,0.7675942778587341,0.7560409903526306,-0.012108121067285538,0.7170119881629944,0.7059603929519653,-0.030464772135019302,0.7032720446586609,0.6443352103233337,-0.045566365122795105,0.804710328578949,0.6281251907348633,0.03236941248178482,0.7590707540512085,0.5366156697273254,-0.0010240486590191722,0.7188564538955688,0.5659068822860718,-0.029377777129411697,0.7074428200721741,0.6156007051467896,-0.044087003916502,0.8323577642440796,0.6091758608818054,0.015230150893330574,0.782719612121582,0.49440065026283264,-0.018268585205078125,0.7308496236801147,0.5299987196922302,-0.04150540754199028,0.7117013931274414,0.5865041017532349,-0.05076833441853523,0.8630519509315491,0.6035244464874268,-0.008784246630966663,0.8142700791358948,0.48539072275161743,-0.03777197375893593,0.7579600214958191,0.5249612927436829,-0.05075294151902199,0.7352228164672852,0.5840912461280823,-0.05302920565009117,0.8907611966133118,0.6149695515632629,-0.034197837114334106,0.8315436244010925,0.5534147024154663,-0.05346722528338432,0.7810013890266418,0.5763892531394958,-0.06039378046989441,0.755669116973877,0.6116859316825867,-0.0615181066095829,E
0.0,0.0,0.0,0.0,0.0,0.0,0.0,0.0,0.0,0.0,0.0,0.0,0.0,0.0,0.0,0.0,0.0,0.0,0.0,0.0,0.0,0.0,0.0,0.0,0.0,0.0,0.0,0.0,0.0,0.0,0.0,0.0,0.0,0.0,0.0,0.0,0.0,0.0,0.0,0.0,0.0,0.0,0.0,0.0,0.0,0.0,0.0,0.0,0.0,0.0,0.0,0.0,0.0,0.0,0.0,0.0,0.0,0.0,0.0,0.0,0.0,0.0,0.0,0.9231378436088562,0.8517780303955078,-5.375053433454013e-07,0.834850549697876,0.8070387244224548,-0.0007029979024082422,0.7673230767250061,0.7501876950263977,-0.008863093331456184,0.7176477909088135,0.7001232504844666,-0.02661633864045143,0.7028017640113831,0.6382929682731628,-0.04096412658691406,0.8042829036712646,0.620795488357544,0.03809176757931709,0.7627577185630798,0.5276844501495361,0.005452402867376804,0.7229981422424316,0.5556854009628296,-0.023240400478243828,0.7093438506126404,0.6039074659347534,-0.03856506943702698,0.831885814666748,0.6028839349746704,0.020231392234563828,0.7819052934646606,0.49010348320007324,-0.014283749274909496,0.7318580150604248,0.5267508029937744,-0.03894767910242081,0.71324223279953,0.5849438905715942,-0.048741377890110016,0.8629974722862244,0.5964126586914062,-0.0046047852374613285,0.8124873638153076,0.4835827946662903,-0.033881183713674545,0.7590213418006897,0.5224547982215881,-0.04729817062616348,0.7371867895126343,0.5822576284408569,-0.0493880994617939,0.8929698467254639,0.6053619980812073,-0.030812248587608337,0.8328073620796204,0.5473912954330444,-0.04995592683553696,0.7825018167495728,0.5690388679504395,-0.057242706418037415,0.7555026412010193,0.6039045453071594,-0.05835477262735367,E
0.0,0.0,0.0,0.0,0.0,0.0,0.0,0.0,0.0,0.0,0.0,0.0,0.0,0.0,0.0,0.0,0.0,0.0,0.0,0.0,0.0,0.0,0.0,0.0,0.0,0.0,0.0,0.0,0.0,0.0,0.0,0.0,0.0,0.0,0.0,0.0,0.0,0.0,0.0,0.0,0.0,0.0,0.0,0.0,0.0,0.0,0.0,0.0,0.0,0.0,0.0,0.0,0.0,0.0,0.0,0.0,0.0,0.0,0.0,0.0,0.0,0.0,0.0,0.9282393455505371,0.84226393699646,-5.138268193149997e-07,0.8378247618675232,0.7995983362197876,-0.0007377275032922626,0.769694983959198,0.7417734861373901,-0.008302997797727585,0.7191917300224304,0.6877122521400452,-0.02591801807284355,0.7059692144393921,0.622089684009552,-0.0400758720934391,0.8031426668167114,0.6144769191741943,0.040824953466653824,0.7586608529090881,0.5186170339584351,0.008787663653492928,0.7192978262901306,0.547892153263092,-0.019036538898944855,0.7087039947509766,0.5985368490219116,-0.033452779054641724,0.8309657573699951,0.5954798460006714,0.02290184423327446,0.7825173139572144,0.47954055666923523,-0.009521223604679108,0.7327702641487122,0.5164108872413635,-0.03288940340280533,0.7155489921569824,0.5732391476631165,-0.041739724576473236,0.8630985617637634,0.5888494849205017,-0.0023136853706091642,0.8146021962165833,0.47114086151123047,-0.030560145154595375,0.7596922516822815,0.5103779435157776,-0.04349498078227043,0.7378336787223816,0.5703343152999878,-0.045379266142845154,0.8937480449676514,0.5982906222343445,-0.02900674380362034,0.8339335918426514,0.5373924970626831,-0.04842514172196388,0.7836630344390869,0.5617373585700989,-0.05554674193263054,0.7586192488670349,0.600165069103241,-0.05625564604997635,E
0.0,0.0,0.0,0.0,0.0,0.0,0.0,0.0,0.0,0.0,0.0,0.0,0.0,0.0,0.0,0.0,0.0,0.0,0.0,0.0,0.0,0.0,0.0,0.0,0.0,0.0,0.0,0.0,0.0,0.0,0.0,0.0,0.0,0.0,0.0,0.0,0.0,0.0,0.0,0.0,0.0,0.0,0.0,0.0,0.0,0.0,0.0,0.0,0.0,0.0,0.0,0.0,0.0,0.0,0.0,0.0,0.0,0.0,0.0,0.0,0.0,0.0,0.0,0.9242581725120544,0.8460748791694641,-5.02453303852235e-07,0.8379298448562622,0.8039183020591736,-0.00345021509565413,0.768173098564148,0.7440962791442871,-0.01332100946456194,0.7178694605827332,0.6934162974357605,-0.03228659927845001,0.706234335899353,0.6284353733062744,-0.047572411596775055,0.8094221949577332,0.6120814085006714,0.034393493086099625,0.7678723335266113,0.515940248966217,-0.0005878335796296597,0.7245089411735535,0.5393291711807251,-0.030350279062986374,0.7105942368507385,0.5858752131462097,-0.0458998940885067,0.8370336890220642,0.5952519774436951,0.017047151923179626,0.7890158891677856,0.480233758687973,-0.019663836807012558,0.734570324420929,0.5143578052520752,-0.04504669830203056,0.7147970199584961,0.5734409093856812,-0.054637789726257324,0.8675182461738586,0.5915191173553467,-0.007580682169646025,0.8166000247001648,0.4817936420440674,-0.03869038447737694,0.7591351866722107,0.5202028751373291,-0.05368892848491669,0.7363317012786865,0.5802873373031616,-0.056291867047548294,0.8956594467163086,0.6040428280830383,-0.03374938666820526,0.835551381111145,0.5484730005264282,-0.05484963580965996,0.7842653393745422,0.569599986076355,-0.06373924762010574,0.7575988173484802,0.6051804423332214,-0.06547880917787552,E
0.0,0.0,0.0,0.0,0.0,0.0,0.0,0.0,0.0,0.0,0.0,0.0,0.0,0.0,0.0,0.0,0.0,0.0,0.0,0.0,0.0,0.0,0.0,0.0,0.0,0.0,0.0,0.0,0.0,0.0,0.0,0.0,0.0,0.0,0.0,0.0,0.0,0.0,0.0,0.0,0.0,0.0,0.0,0.0,0.0,0.0,0.0,0.0,0.0,0.0,0.0,0.0,0.0,0.0,0.0,0.0,0.0,0.0,0.0,0.0,0.0,0.0,0.0,0.9267871975898743,0.8523301482200623,-5.306274033500813e-07,0.8416798710823059,0.8123027086257935,-0.003827995853498578,0.7708577513694763,0.7538377046585083,-0.014109953306615353,0.7177703976631165,0.7042716145515442,-0.03312469273805618,0.7059779763221741,0.6398570537567139,-0.048372067511081696,0.8117199540138245,0.6221202611923218,0.03214193135499954,0.7669970393180847,0.5268799662590027,-0.0015048747882246971,0.7243384718894958,0.5532314777374268,-0.03019869141280651,0.7111524343490601,0.6016137003898621,-0.04521358758211136,0.8387297987937927,0.6045756936073303,0.014998936094343662,0.789308488368988,0.4863317012786865,-0.019397631287574768,0.7347572445869446,0.519436776638031,-0.043345823884010315,0.7135924100875854,0.5794665217399597,-0.052647341042757034,0.8685959577560425,0.6000617146492004,-0.009181829169392586,0.8178890943527222,0.4848710596561432,-0.03834773227572441,0.7603864073753357,0.5204581022262573,-0.05237831175327301,0.7366846799850464,0.5801225304603577,-0.05519620701670647,0.8949401378631592,0.6118749380111694,-0.034880127757787704,0.8332999348640442,0.5524359941482544,-0.05445132404565811,0.7833706140518188,0.57370525598526,-0.0620306096971035,0.7584949135780334,0.6105992197990417,-0.06350453943014145,E
0.0,0.0,0.0,0.0,0.0,0.0,0.0,0.0,0.0,0.0,0.0,0.0,0.0,0.0,0.0,0.0,0.0,0.0,0.0,0.0,0.0,0.0,0.0,0.0,0.0,0.0,0.0,0.0,0.0,0.0,0.0,0.0,0.0,0.0,0.0,0.0,0.0,0.0,0.0,0.0,0.0,0.0,0.0,0.0,0.0,0.0,0.0,0.0,0.0,0.0,0.0,0.0,0.0,0.0,0.0,0.0,0.0,0.0,0.0,0.0,0.0,0.0,0.0,0.9289619326591492,0.8489333987236023,-5.02464331475494e-07,0.8394926190376282,0.8052611351013184,0.0008208089857362211,0.7695037126541138,0.7478283047676086,-0.007070935796946287,0.7184727787971497,0.6973090171813965,-0.025027936324477196,0.7061290740966797,0.6334834098815918,-0.03992224484682083,0.8065248727798462,0.6189746260643005,0.03767313063144684,0.7641556262969971,0.5211105346679688,0.005227884277701378,0.7236615419387817,0.5464723110198975,-0.022250140085816383,0.7110040187835693,0.5954237580299377,-0.03635149076581001,0.8355270028114319,0.6006309986114502,0.018748315051198006,0.7864768505096436,0.48250770568847656,-0.015207101590931416,0.7359929084777832,0.5169565081596375,-0.03851307928562164,0.7177924513816833,0.5748575925827026,-0.0472228042781353,0.8677529096603394,0.5942749977111816,-0.007057080045342445,0.8191171288490295,0.4738413691520691,-0.036407314240932465,0.7652965784072876,0.5117324590682983,-0.04940125718712807,0.7438416481018066,0.5728269815444946,-0.051166363060474396,0.8980763554573059,0.603567361831665,-0.034016408026218414,0.8375148773193359,0.5443688035011292,-0.05424942821264267,0.7873547077178955,0.565345287322998,-0.06207266449928284,0.7608808279037476,0.5997179746627808,-0.06330037862062454,E
0.0,0.0,0.0,0.0,0.0,0.0,0.0,0.0,0.0,0.0,0.0,0.0,0.0,0.0,0.0,0.0,0.0,0.0,0.0,0.0,0.0,0.0,0.0,0.0,0.0,0.0,0.0,0.0,0.0,0.0,0.0,0.0,0.0,0.0,0.0,0.0,0.0,0.0,0.0,0.0,0.0,0.0,0.0,0.0,0.0,0.0,0.0,0.0,0.0,0.0,0.0,0.0,0.0,0.0,0.0,0.0,0.0,0.0,0.0,0.0,0.0,0.0,0.0,0.9202259182929993,0.8501041531562805,-5.34947787400597e-07,0.8330235481262207,0.8039259314537048,-0.0027088348288089037,0.7632600665092468,0.7462133765220642,-0.012716131284832954,0.7136614322662354,0.6943280100822449,-0.03196273371577263,0.7048994898796082,0.6274384260177612,-0.04806891828775406,0.8050568699836731,0.6183421015739441,0.03502095118165016,0.7622041702270508,0.5232848525047302,0.0006061560707166791,0.7212223410606384,0.5482168197631836,-0.02968655340373516,0.7072852849960327,0.594764232635498,-0.046246644109487534,0.8329681158065796,0.6008235216140747,0.017284533008933067,0.7823041081428528,0.48469704389572144,-0.019770799204707146,0.7314203977584839,0.520858645439148,-0.04739335924386978,0.7122939229011536,0.579137921333313,-0.059246715158224106,0.8645256161689758,0.5957218408584595,-0.0073972162790596485,0.8137261271476746,0.47979795932769775,-0.039135996252298355,0.7591094970703125,0.5172165036201477,-0.05615370348095894,0.7365771532058716,0.5773918628692627,-0.06067005544900894,0.895950198173523,0.606770396232605,-0.03333577886223793,0.8349278569221497,0.5478032827377319,-0.054503049701452255,0.7853455543518066,0.5688538551330566,-0.06427112966775894,0.7593199014663696,0.6038200855255127,-0.06738980114459991,E
0.0,0.0,0.0,0.0,0.0,0.0,0.0,0.0,0.0,0.0,0.0,0.0,0.0,0.0,0.0,0.0,0.0,0.0,0.0,0.0,0.0,0.0,0.0,0.0,0.0,0.0,0.0,0.0,0.0,0.0,0.0,0.0,0.0,0.0,0.0,0.0,0.0,0.0,0.0,0.0,0.0,0.0,0.0,0.0,0.0,0.0,0.0,0.0,0.0,0.0,0.0,0.0,0.0,0.0,0.0,0.0,0.0,0.0,0.0,0.0,0.0,0.0,0.0,0.9333393573760986,0.8431623578071594,-5.700574661204882e-07,0.8409211039543152,0.8034247159957886,-0.0012157111195847392,0.7698855996131897,0.7457379102706909,-0.00877205841243267,0.7188737988471985,0.6927321553230286,-0.025898760184645653,0.7012210488319397,0.62991863489151,-0.0396718755364418,0.8026723861694336,0.6186598539352417,0.039220504462718964,0.7563310861587524,0.5236787796020508,0.006699467543512583,0.7174543738365173,0.5528573393821716,-0.022246243432164192,0.7060928344726562,0.6024467349052429,-0.038039788603782654,0.8311824202537537,0.5983426570892334,0.02100951224565506,0.7789278626441956,0.4834747612476349,-0.014297970570623875,0.7287400960922241,0.5220814347267151,-0.04078219085931778,0.7101476192474365,0.5804805159568787,-0.051891326904296875,0.8631037473678589,0.5903319120407104,-0.004297144711017609,0.8126416802406311,0.4719075560569763,-0.03508294001221657,0.7572097778320312,0.5101839303970337,-0.05157891660928726,0.7331521511077881,0.5695682168006897,-0.05604895204305649,0.893808901309967,0.5984210968017578,-0.030846362933516502,0.8330787420272827,0.5421578288078308,-0.052431002259254456,0.7822911739349365,0.5648595094680786,-0.06239783391356468,0.7545323371887207,0.5998842120170593,-0.06558819860219955,E
0.0,0.0,0.0,0.0,0.0,0.0,0.0,0.0,0.0,0.0,0.0,0.0,0.0,0.0,0.0,0.0,0.0,0.0,0.0,0.0,0.0,0.0,0.0,0.0,0.0,0.0,0.0,0.0,0.0,0.0,0.0,0.0,0.0,0.0,0.0,0.0,0.0,0.0,0.0,0.0,0.0,0.0,0.0,0.0,0.0,0.0,0.0,0.0,0.0,0.0,0.0,0.0,0.0,0.0,0.0,0.0,0.0,0.0,0.0,0.0,0.0,0.0,0.0,0.9231226444244385,0.843511700630188,-4.976206469109457e-07,0.835385262966156,0.7981135845184326,-0.0009240306681022048,0.7652496099472046,0.7400684952735901,-0.009757939726114273,0.71468186378479,0.6892380714416504,-0.028052937239408493,0.7036916613578796,0.623555064201355,-0.04363827779889107,0.8071331977844238,0.6113288402557373,0.03713280335068703,0.7635186910629272,0.5257688760757446,0.004977049771696329,0.7231940031051636,0.5457350611686707,-0.024435389786958694,0.7071234583854675,0.5893105268478394,-0.04044754058122635,0.8350170850753784,0.5917973518371582,0.01850435696542263,0.7843703031539917,0.4826450049877167,-0.014207538217306137,0.7319601774215698,0.5108777284622192,-0.039805177599191666,0.7077646851539612,0.5661967396736145,-0.05141831189393997,0.8662853837013245,0.5861343145370483,-0.006978860590606928,0.8143787384033203,0.473244845867157,-0.03691628575325012,0.7571877837181091,0.5079797506332397,-0.0523361936211586,0.7308738231658936,0.567098081111908,-0.05637113377451897,0.8941863179206848,0.5985167026519775,-0.033573221415281296,0.8317252993583679,0.5421651005744934,-0.054536521434783936,0.7818382978439331,0.563887894153595,-0.06285407394170761,0.7550389170646667,0.6000032424926758,-0.06492118537425995,E
0.0,0.0,0.0,0.0,0.0,0.0,0.0,0.0,0.0,0.0,0.0,0.0,0.0,0.0,0.0,0.0,0.0,0.0,0.0,0.0,0.0,0.0,0.0,0.0,0.0,0.0,0.0,0.0,0.0,0.0,0.0,0.0,0.0,0.0,0.0,0.0,0.0,0.0,0.0,0.0,0.0,0.0,0.0,0.0,0.0,0.0,0.0,0.0,0.0,0.0,0.0,0.0,0.0,0.0,0.0,0.0,0.0,0.0,0.0,0.0,0.0,0.0,0.0,0.9282692670822144,0.8441615700721741,-5.190064484850154e-07,0.837995707988739,0.7979117631912231,-0.0010975853074342012,0.7672763466835022,0.7393131852149963,-0.010231951251626015,0.7159469127655029,0.6842936873435974,-0.02915244922041893,0.7056612968444824,0.6167959570884705,-0.044390302151441574,0.8122019171714783,0.608525276184082,0.039056677371263504,0.7671998739242554,0.5139185190200806,0.0066679613664746284,0.7228376269340515,0.5390194058418274,-0.021077649667859077,0.7080158591270447,0.5866411328315735,-0.035635899752378464,0.8396788239479065,0.5904279947280884,0.020525803789496422,0.7879291772842407,0.4735952615737915,-0.012153705582022667,0.732320249080658,0.5080215334892273,-0.03488113731145859,0.710827112197876,0.5647562146186829,-0.043757058680057526,0.8697371482849121,0.5851696133613586,-0.005333079490810633,0.8175402283668518,0.4673781394958496,-0.03447837382555008,0.7579704523086548,0.5054196119308472,-0.04717378690838814,0.7332177758216858,0.5646691918373108,-0.04911069571971893,0.8957781195640564,0.5966096520423889,-0.03261830657720566,0.8334926962852478,0.5369686484336853,-0.05240347236394882,0.7820467352867126,0.5610823631286621,-0.059403736144304276,0.7566592693328857,0.5992552042007446,-0.0604127012193203,E
0.0,0.0,0.0,0.0,0.0,0.0,0.0,0.0,0.0,0.0,0.0,0.0,0.0,0.0,0.0,0.0,0.0,0.0,0.0,0.0,0.0,0.0,0.0,0.0,0.0,0.0,0.0,0.0,0.0,0.0,0.0,0.0,0.0,0.0,0.0,0.0,0.0,0.0,0.0,0.0,0.0,0.0,0.0,0.0,0.0,0.0,0.0,0.0,0.0,0.0,0.0,0.0,0.0,0.0,0.0,0.0,0.0,0.0,0.0,0.0,0.0,0.0,0.0,0.9279748797416687,0.8387580513954163,-5.273356578072708e-07,0.8384869694709778,0.7932029962539673,-0.0012749527813866735,0.7674839496612549,0.7352299094200134,-0.010402655228972435,0.7161592841148376,0.6835346221923828,-0.02925097569823265,0.7027255892753601,0.6184484958648682,-0.044603392481803894,0.8067095279693604,0.6071333885192871,0.03695843741297722,0.7616389393806458,0.5121532082557678,0.0041481321677565575,0.7196565270423889,0.5401483178138733,-0.023892465978860855,0.7066932916641235,0.5889608860015869,-0.03883947432041168,0.8349937796592712,0.5885387659072876,0.01855165883898735,0.7833329439163208,0.4713687300682068,-0.01575385592877865,0.7295173406600952,0.5079852342605591,-0.03958354517817497,0.7093583941459656,0.5662556290626526,-0.04905971512198448,0.8660946488380432,0.5828006267547607,-0.006987905129790306,0.8144027590751648,0.46548646688461304,-0.03710853308439255,0.7566662430763245,0.5052415728569031,-0.05092297121882439,0.7328291535377502,0.5661776065826416,-0.05351559445261955,0.8943251967430115,0.5932955741882324,-0.03387749567627907,0.8339763879776001,0.5341162085533142,-0.054277677088975906,0.7831567525863647,0.5577605962753296,-0.06226059049367905,0.7571316957473755,0.5954201221466064,-0.06408408284187317,E
0.0,0.0,0.0,0.0,0.0,0.0,0.0,0.0,0.0,0.0,0.0,0.0,0.0,0.0,0.0,0.0,0.0,0.0,0.0,0.0,0.0,0.0,0.0,0.0,0.0,0.0,0.0,0.0,0.0,0.0,0.0,0.0,0.0,0.0,0.0,0.0,0.0,0.0,0.0,0.0,0.0,0.0,0.0,0.0,0.0,0.0,0.0,0.0,0.0,0.0,0.0,0.0,0.0,0.0,0.0,0.0,0.0,0.0,0.0,0.0,0.0,0.0,0.0,0.9216901659965515,0.8352006673812866,-5.334236448106822e-07,0.8342121839523315,0.7902238965034485,-0.0028095291927456856,0.7646166682243347,0.7331435680389404,-0.013009334914386272,0.7149994373321533,0.6819676160812378,-0.03235499560832977,0.7027444243431091,0.6174391508102417,-0.0481630302965641,0.8039889335632324,0.605400025844574,0.03260720521211624,0.7620865702629089,0.5081503987312317,-0.001843650359660387,0.7205929160118103,0.5353312492370605,-0.031079228967428207,0.7074034214019775,0.5850107669830322,-0.04655192792415619,0.8308537602424622,0.5873520970344543,0.015024530701339245,0.7817651033401489,0.47000759840011597,-0.02089357189834118,0.7298693656921387,0.5060617327690125,-0.04600484296679497,0.7110722661018372,0.5670641660690308,-0.056186120957136154,0.8612595796585083,0.5809573531150818,-0.009529629722237587,0.8117757439613342,0.4648253619670868,-0.039767395704984665,0.7556040287017822,0.5017306208610535,-0.05509162321686745,0.7320219278335571,0.5632811784744263,-0.0589994415640831,0.8912485241889954,0.5900653600692749,-0.03550606593489647,0.8327622413635254,0.5325393676757812,-0.055826928466558456,0.7823082804679871,0.554681122303009,-0.06489985436201096,0.7549985647201538,0.5925614237785339,-0.06771278381347656,E
0.0,0.0,0.0,0.0,0.0,0.0,0.0,0.0,0.0,0.0,0.0,0.0,0.0,0.0,0.0,0.0,0.0,0.0,0.0,0.0,0.0,0.0,0.0,0.0,0.0,0.0,0.0,0.0,0.0,0.0,0.0,0.0,0.0,0.0,0.0,0.0,0.0,0.0,0.0,0.0,0.0,0.0,0.0,0.0,0.0,0.0,0.0,0.0,0.0,0.0,0.0,0.0,0.0,0.0,0.0,0.0,0.0,0.0,0.0,0.0,0.0,0.0,0.0,0.9305968880653381,0.8329722881317139,-5.242001748229086e-07,0.8381802439689636,0.7932308316230774,0.0020126975141465664,0.7659385204315186,0.7334636449813843,-0.0038896959740668535,0.714728593826294,0.6801637411117554,-0.02006460912525654,0.7003218531608582,0.6148131489753723,-0.03313268721103668,0.807637095451355,0.6081583499908447,0.04327625408768654,0.7636508345603943,0.5149100422859192,0.012756510637700558,0.7219241857528687,0.5368825197219849,-0.014869268983602524,0.7065297961235046,0.5816742181777954,-0.029790140688419342,0.8351646065711975,0.5886498093605042,0.023538270965218544,0.7845771312713623,0.47316214442253113,-0.00938598345965147,0.7308424711227417,0.5041810870170593,-0.03449423983693123,0.7082773447036743,0.5604225993156433,-0.0449405275285244,0.8659540414810181,0.5818852782249451,-0.0030922596342861652,0.8135069608688354,0.4639303386211395,-0.032237567007541656,0.7553755640983582,0.5003867745399475,-0.047131672501564026,0.7294185161590576,0.5594348311424255,-0.05050792917609215,0.8942239284515381,0.5912033915519714,-0.03078695572912693,0.8322573900222778,0.5316694974899292,-0.05071306228637695,0.7804597020149231,0.5531620979309082,-0.058904875069856644,0.7526139616966248,0.588215708732605,-0.060881342738866806,E
0.0,0.0,0.0,0.0,0.0,0.0,0.0,0.0,0.0,0.0,0.0,0.0,0.0,0.0,0.0,0.0,0.0,0.0,0.0,0.0,0.0,0.0,0.0,0.0,0.0,0.0,0.0,0.0,0.0,0.0,0.0,0.0,0.0,0.0,0.0,0.0,0.0,0.0,0.0,0.0,0.0,0.0,0.0,0.0,0.0,0.0,0.0,0.0,0.0,0.0,0.0,0.0,0.0,0.0,0.0,0.0,0.0,0.0,0.0,0.0,0.0,0.0,0.0,0.9273569583892822,0.8342212438583374,-5.625794301522546e-07,0.8344153761863708,0.7923097610473633,0.0001334245753241703,0.7638475298881531,0.7340154051780701,-0.008032716810703278,0.7138813138008118,0.6820251941680908,-0.026361873373389244,0.7051419019699097,0.6190626621246338,-0.04105617478489876,0.8039934039115906,0.6041675806045532,0.03833869472146034,0.7584410905838013,0.5053648352622986,0.004625517409294844,0.7158467769622803,0.5363492965698242,-0.02374623715877533,0.7053573727607727,0.5869125723838806,-0.03884057328104973,0.8315958380699158,0.5859158635139465,0.018828485161066055,0.7810518145561218,0.4663059711456299,-0.01697690412402153,0.7272896766662598,0.5082120895385742,-0.041377726942300797,0.7112456560134888,0.5682340860366821,-0.050595298409461975,0.8623154759407043,0.5804570913314819,-0.007782085333019495,0.8126657009124756,0.46108773350715637,-0.03803171589970589,0.7541143298149109,0.503150463104248,-0.05246428772807121,0.7327386140823364,0.564576268196106,-0.055347274988889694,0.8909602165222168,0.5916971564292908,-0.03576340898871422,0.8328824043273926,0.5304012298583984,-0.056307364255189896,0.7796919941902161,0.5546664595603943,-0.06501712650060654,0.7535886168479919,0.5932458639144897,-0.06723460555076599,E
0.0,0.0,0.0,0.0,0.0,0.0,0.0,0.0,0.0,0.0,0.0,0.0,0.0,0.0,0.0,0.0,0.0,0.0,0.0,0.0,0.0,0.0,0.0,0.0,0.0,0.0,0.0,0.0,0.0,0.0,0.0,0.0,0.0,0.0,0.0,0.0,0.0,0.0,0.0,0.0,0.0,0.0,0.0,0.0,0.0,0.0,0.0,0.0,0.0,0.0,0.0,0.0,0.0,0.0,0.0,0.0,0.0,0.0,0.0,0.0,0.0,0.0,0.0,0.921071469783783,0.8393566608428955,-5.580041033681482e-07,0.8305472731590271,0.7918214201927185,0.001847665524110198,0.7630624175071716,0.7332102060317993,-0.005328711587935686,0.7140051126480103,0.6842586398124695,-0.023118020966649055,0.7014951109886169,0.622374415397644,-0.03821295499801636,0.8071103692054749,0.6029924154281616,0.04318396747112274,0.760689914226532,0.513752818107605,0.010846437886357307,0.7211412787437439,0.5409935116767883,-0.01907801441848278,0.708416223526001,0.5903801321983337,-0.035312000662088394,0.8350101113319397,0.5848879814147949,0.023217488080263138,0.7824906706809998,0.47326546907424927,-0.010923178866505623,0.7310159206390381,0.507006824016571,-0.03848497197031975,0.7101735472679138,0.5642394423484802,-0.0510098822414875,0.8658157587051392,0.579902172088623,-0.0036925238091498613,0.8150114417076111,0.4625869393348694,-0.03420686721801758,0.7596718072891235,0.5008307695388794,-0.051311757415533066,0.7367206811904907,0.5624701976776123,-0.05604153871536255,0.8930560350418091,0.5920576453208923,-0.0315515398979187,0.8306176662445068,0.5339101552963257,-0.052398454397916794,0.77857905626297,0.5551261305809021,-0.06192782148718834,0.7512062191963196,0.5896185040473938,-0.06484404951334,E
0.0,0.0,0.0,0.0,0.0,0.0,0.0,0.0,0.0,0.0,0.0,0.0,0.0,0.0,0.0,0.0,0.0,0.0,0.0,0.0,0.0,0.0,0.0,0.0,0.0,0.0,0.0,0.0,0.0,0.0,0.0,0.0,0.0,0.0,0.0,0.0,0.0,0.0,0.0,0.0,0.0,0.0,0.0,0.0,0.0,0.0,0.0,0.0,0.0,0.0,0.0,0.0,0.0,0.0,0.0,0.0,0.0,0.0,0.0,0.0,0.0,0.0,0.0,0.9302398562431335,0.8341536521911621,-5.294112952469732e-07,0.8400686383247375,0.7925007343292236,-0.0022555142641067505,0.7676956057548523,0.7361228466033936,-0.010867039673030376,0.7164234519004822,0.6828407645225525,-0.028667794540524483,0.7044787406921387,0.6177707314491272,-0.042713068425655365,0.8059695363044739,0.6060160994529724,0.03724218159914017,0.7627941966056824,0.5081117153167725,0.004857573192566633,0.7207658290863037,0.5342462658882141,-0.022942358627915382,0.7066441774368286,0.5804448127746582,-0.03772670030593872,0.8338989019393921,0.5871576070785522,0.020121075212955475,0.7840707302093506,0.46932077407836914,-0.014530256390571594,0.7313845753669739,0.5057113170623779,-0.03849707916378975,0.7118959426879883,0.5624732971191406,-0.047567032277584076,0.8645156025886536,0.5804038643836975,-0.004130978602916002,0.8148442506790161,0.46336984634399414,-0.03412367403507233,0.7598471641540527,0.5026305913925171,-0.04781919717788696,0.7379086017608643,0.5622367262840271,-0.04997028037905693,0.8936377763748169,0.5887043476104736,-0.029821079224348068,0.8335447907447815,0.5322639346122742,-0.05021568015217781,0.7831987738609314,0.5564185976982117,-0.058414071798324585,0.7575038075447083,0.5927597284317017,-0.060029346495866776,E
0.0,0.0,0.0,0.0,0.0,0.0,0.0,0.0,0.0,0.0,0.0,0.0,0.0,0.0,0.0,0.0,0.0,0.0,0.0,0.0,0.0,0.0,0.0,0.0,0.0,0.0,0.0,0.0,0.0,0.0,0.0,0.0,0.0,0.0,0.0,0.0,0.0,0.0,0.0,0.0,0.0,0.0,0.0,0.0,0.0,0.0,0.0,0.0,0.0,0.0,0.0,0.0,0.0,0.0,0.0,0.0,0.0,0.0,0.0,0.0,0.0,0.0,0.0,0.9216035008430481,0.8331148624420166,-5.330679755388701e-07,0.8327077031135559,0.7911851406097412,-0.0009617448085919023,0.7655362486839294,0.7345519661903381,-0.009947304613888264,0.7158223986625671,0.6816306710243225,-0.028589904308319092,0.7041638493537903,0.6156221032142639,-0.04422525689005852,0.8040074706077576,0.6072311401367188,0.03727075457572937,0.7599721550941467,0.5141441822052002,0.004483550321310759,0.7200789451599121,0.5412163138389587,-0.024384960532188416,0.7092769742012024,0.5896453857421875,-0.03974125534296036,0.8325214982032776,0.5884181261062622,0.01903950423002243,0.7834033966064453,0.47237545251846313,-0.014787017367780209,0.7317000031471252,0.5064904093742371,-0.03957195207476616,0.7118561267852783,0.5642496347427368,-0.04991099610924721,0.8640398979187012,0.5819884538650513,-0.0062067098915576935,0.8151017427444458,0.4637831449508667,-0.03599392622709274,0.758734405040741,0.5001145005226135,-0.050933800637722015,0.7348162531852722,0.5595110058784485,-0.054511908441782,0.8929629325866699,0.5914809107780457,-0.03266476094722748,0.8316652178764343,0.5322240591049194,-0.0532221794128418,0.7814968824386597,0.5554004907608032,-0.06168679520487785,0.7554266452789307,0.5926632881164551,-0.0639023706316948,E
0.0,0.0,0.0,0.0,0.0,0.0,0.0,0.0,0.0,0.0,0.0,0.0,0.0,0.0,0.0,0.0,0.0,0.0,0.0,0.0,0.0,0.0,0.0,0.0,0.0,0.0,0.0,0.0,0.0,0.0,0.0,0.0,0.0,0.0,0.0,0.0,0.0,0.0,0.0,0.0,0.0,0.0,0.0,0.0,0.0,0.0,0.0,0.0,0.0,0.0,0.0,0.0,0.0,0.0,0.0,0.0,0.0,0.0,0.0,0.0,0.0,0.0,0.0,0.9298001527786255,0.8384350538253784,-5.093805270917073e-07,0.8395205140113831,0.7949248552322388,0.00024739999207668006,0.7682265639305115,0.7375536561012268,-0.007896975614130497,0.715732753276825,0.684450626373291,-0.025952378287911415,0.7040860652923584,0.6184810996055603,-0.040400244295597076,0.8081573247909546,0.6073090434074402,0.04088091850280762,0.7644962072372437,0.5126069188117981,0.008759270422160625,0.7229140996932983,0.5393532514572144,-0.01901702769100666,0.7100746631622314,0.5876482725143433,-0.03360523283481598,0.8360700607299805,0.5888438820838928,0.02222323976457119,0.7867550849914551,0.472228467464447,-0.011278980411589146,0.7332465648651123,0.5066584348678589,-0.03499286249279976,0.7123075127601624,0.56319659948349,-0.044122304767370224,0.8672385215759277,0.5823439955711365,-0.0036105646286159754,0.8174095153808594,0.46561968326568604,-0.03271741047501564,0.7597929239273071,0.5045719146728516,-0.0461055152118206,0.7353249788284302,0.5637338757514954,-0.04811033606529236,0.8952551484107971,0.5915213823318481,-0.030707594007253647,0.8332441449165344,0.5349395871162415,-0.049930084496736526,0.7821763157844543,0.5570629835128784,-0.0574423149228096,0.7558983564376831,0.5902510285377502,-0.058635104447603226,E
0.0,0.0,0.0,0.0,0.0,0.0,0.0,0.0,0.0,0.0,0.0,0.0,0.0,0.0,0.0,0.0,0.0,0.0,0.0,0.0,0.0,0.0,0.0,0.0,0.0,0.0,0.0,0.0,0.0,0.0,0.0,0.0,0.0,0.0,0.0,0.0,0.0,0.0,0.0,0.0,0.0,0.0,0.0,0.0,0.0,0.0,0.0,0.0,0.0,0.0,0.0,0.0,0.0,0.0,0.0,0.0,0.0,0.0,0.0,0.0,0.0,0.0,0.0,0.9239848852157593,0.8375480771064758,-4.937466542287439e-07,0.835738480091095,0.7934790849685669,-0.0023459705989807844,0.7671996355056763,0.736013650894165,-0.011974799446761608,0.717381477355957,0.6839589476585388,-0.03104463964700699,0.7042729258537292,0.6185590624809265,-0.0467715822160244,0.8084992170333862,0.6071438193321228,0.036519475281238556,0.766429603099823,0.5135858058929443,0.0029720806051045656,0.7239631414413452,0.5371382236480713,-0.026214687153697014,0.7090127468109131,0.5834903717041016,-0.04155818000435829,0.8351860046386719,0.5891989469528198,0.01854807324707508,0.7863796949386597,0.4722082018852234,-0.01695222407579422,0.7338562607765198,0.5061608552932739,-0.04190719500184059,0.7140088677406311,0.5650536417961121,-0.05149688199162483,0.865635097026825,0.5836130976676941,-0.006630775518715382,0.8149617910385132,0.46769267320632935,-0.03715575858950615,0.7591730952262878,0.5057398676872253,-0.05173102393746376,0.7369565963745117,0.5669367909431458,-0.054294049739837646,0.8946356177330017,0.5938736796379089,-0.03328487649559975,0.8348654508590698,0.5337142944335938,-0.0538703016936779,0.7849611043930054,0.5555132031440735,-0.06223473325371742,0.7594555020332336,0.5926492810249329,-0.06393717974424362,E
0.0,0.0,0.0,0.0,0.0,0.0,0.0,0.0,0.0,0.0,0.0,0.0,0.0,0.0,0.0,0.0,0.0,0.0,0.0,0.0,0.0,0.0,0.0,0.0,0.0,0.0,0.0,0.0,0.0,0.0,0.0,0.0,0.0,0.0,0.0,0.0,0.0,0.0,0.0,0.0,0.0,0.0,0.0,0.0,0.0,0.0,0.0,0.0,0.0,0.0,0.0,0.0,0.0,0.0,0.0,0.0,0.0,0.0,0.0,0.0,0.0,0.0,0.0,0.9289138317108154,0.8420227766036987,-5.278283197185374e-07,0.8386484980583191,0.8050225377082825,-0.0018649034900590777,0.7664137482643127,0.7439860701560974,-0.010284964926540852,0.7150382995605469,0.6882436275482178,-0.028179505839943886,0.7053388953208923,0.6213838458061218,-0.04210309311747551,0.8067677021026611,0.6119803190231323,0.038164012134075165,0.7638542652130127,0.5127265453338623,0.0053152358159422874,0.7199909687042236,0.5380643606185913,-0.022202925756573677,0.7074602246284485,0.5861274003982544,-0.03628318011760712,0.83487468957901,0.5950720310211182,0.02024625614285469,0.7841131687164307,0.4778653681278229,-0.01345763448625803,0.7296981811523438,0.5144416093826294,-0.035993870347738266,0.7123458385467529,0.5728046298027039,-0.0438145287334919,0.8660971522331238,0.590568482875824,-0.005102105904370546,0.8141095638275146,0.47561439871788025,-0.03393283113837242,0.7550696134567261,0.5133223533630371,-0.04687204957008362,0.7328373789787292,0.5715806484222412,-0.04851064085960388,0.8950195908546448,0.6011357307434082,-0.03203160688281059,0.8317989110946655,0.5417876839637756,-0.05173559486865997,0.7795239090919495,0.564760148525238,-0.05929472669959068,0.7549369931221008,0.6019551157951355,-0.060250941663980484,E
0.0,0.0,0.0,0.0,0.0,0.0,0.0,0.0,0.0,0.0,0.0,0.0,0.0,0.0,0.0,0.0,0.0,0.0,0.0,0.0,0.0,0.0,0.0,0.0,0.0,0.0,0.0,0.0,0.0,0.0,0.0,0.0,0.0,0.0,0.0,0.0,0.0,0.0,0.0,0.0,0.0,0.0,0.0,0.0,0.0,0.0,0.0,0.0,0.0,0.0,0.0,0.0,0.0,0.0,0.0,0.0,0.0,0.0,0.0,0.0,0.0,0.0,0.0,0.9282016158103943,0.8510159850120544,-5.111421614856226e-07,0.8362039923667908,0.8065344095230103,0.0009988549863919616,0.7648138999938965,0.747564971446991,-0.0056364876218140125,0.714256227016449,0.693244993686676,-0.02241598628461361,0.7039221525192261,0.6265660524368286,-0.03589059039950371,0.8050128221511841,0.6234728097915649,0.04429670795798302,0.7625614404678345,0.527557909488678,0.013589722104370594,0.7210069894790649,0.5498703718185425,-0.014247172512114048,0.7066689729690552,0.5949391722679138,-0.029164763167500496,0.8320395946502686,0.6045708060264587,0.025740087032318115,0.7820606231689453,0.4878171384334564,-0.007076484151184559,0.7301991581916809,0.5203164219856262,-0.032150641083717346,0.7104349136352539,0.5769662261009216,-0.04237382486462593,0.8630256652832031,0.5976872444152832,8.225274359574541e-05,0.8114030361175537,0.48033368587493896,-0.02856985665857792,0.7555328011512756,0.5164777040481567,-0.04388102516531944,0.7324440479278564,0.5767160654067993,-0.047433216124773026,0.8930961489677429,0.6062549352645874,-0.026772992685437202,0.8323218822479248,0.5472365617752075,-0.04646869748830795,0.7822187542915344,0.5689912438392639,-0.05517824366688728,0.7563784122467041,0.606876015663147,-0.057362958788871765,E
0.0,0.0,0.0,0.0,0.0,0.0,0.0,0.0,0.0,0.0,0.0,0.0,0.0,0.0,0.0,0.0,0.0,0.0,0.0,0.0,0.0,0.0,0.0,0.0,0.0,0.0,0.0,0.0,0.0,0.0,0.0,0.0,0.0,0.0,0.0,0.0,0.0,0.0,0.0,0.0,0.0,0.0,0.0,0.0,0.0,0.0,0.0,0.0,0.0,0.0,0.0,0.0,0.0,0.0,0.0,0.0,0.0,0.0,0.0,0.0,0.0,0.0,0.0,0.9240338206291199,0.8574477434158325,-5.250250296739978e-07,0.8355900645256042,0.816436231136322,0.0006775468937121332,0.7641774415969849,0.7561033368110657,-0.005402843933552504,0.711833119392395,0.7047739028930664,-0.021597230806946754,0.6999264359474182,0.6412159204483032,-0.0340859517455101,0.7996517419815063,0.6264512538909912,0.04459460824728012,0.755451500415802,0.5334606766700745,0.014546781778335571,0.7162461280822754,0.5630446076393127,-0.012588262557983398,0.7057965397834778,0.612185537815094,-0.02679494209587574,0.825992226600647,0.6083763837814331,0.02668754942715168,0.7764794230461121,0.4937457740306854,-0.0046105035580694675,0.7263942360877991,0.5298241972923279,-0.028170380741357803,0.7092891931533813,0.5882893204689026,-0.037243958562612534,0.8570792078971863,0.6016544699668884,0.001636449946090579,0.8070822358131409,0.48689204454421997,-0.02474776655435562,0.7520052194595337,0.5245892405509949,-0.03871886804699898,0.7303148508071899,0.583983302116394,-0.04162072390317917,0.8869614601135254,0.6096579432487488,-0.024844394996762276,0.8281011581420898,0.5494783520698547,-0.04194629564881325,0.7785483598709106,0.5728917121887207,-0.04918130859732628,0.7545254230499268,0.6109653115272522,-0.05050882697105408,E
0.0,0.0,0.0,0.0,0.0,0.0,0.0,0.0,0.0,0.0,0.0,0.0,0.0,0.0,0.0,0.0,0.0,0.0,0.0,0.0,0.0,0.0,0.0,0.0,0.0,0.0,0.0,0.0,0.0,0.0,0.0,0.0,0.0,0.0,0.0,0.0,0.0,0.0,0.0,0.0,0.0,0.0,0.0,0.0,0.0,0.0,0.0,0.0,0.0,0.0,0.0,0.0,0.0,0.0,0.0,0.0,0.0,0.0,0.0,0.0,0.0,0.0,0.0,0.8064607381820679,0.9593549966812134,-1.0097821245835803e-07,0.7316073775291443,0.8636198043823242,0.058356624096632004,0.7185479402542114,0.7711109519004822,0.09378693997859955,0.710258424282074,0.7055396437644958,0.11302356421947479,0.6988644599914551,0.6608793139457703,0.13084058463573456,0.7625010013580322,0.6324148178100586,0.10610868036746979,0.7575977444648743,0.5260898470878601,0.11572684347629547,0.7433107495307922,0.44920700788497925,0.11197245866060257,0.7328961491584778,0.3867397904396057,0.10527777671813965,0.7825003266334534,0.6288663744926453,0.06489574164152145,0.7784259915351868,0.49326246976852417,0.0676969364285469,0.7647446990013123,0.4042821526527405,0.05761592835187912,0.7518802881240845,0.3290616571903229,0.04834049195051193,0.8007133603096008,0.6414461135864258,0.02133503183722496,0.8062306046485901,0.5085608959197998,0.019985130056738853,0.7947279214859009,0.4221913516521454,0.010184955783188343,0.7819709777832031,0.3504709005355835,0.000627908855676651,0.8205979466438293,0.6656906604766846,-0.01986338011920452,0.8226301074028015,0.5536954402923584,-0.026811353862285614,0.809237539768219,0.4829256534576416,-0.03368376940488815,0.7935764193534851,0.4221332371234894,-0.040688857436180115,B
0.7831839919090271,0.7150145173072815,7.315602346125161e-08,0.7797490954399109,0.647587239742279,-0.003539475379511714,0.7916452288627625,0.5773274898529053,-0.010434563271701336,0.7919864058494568,0.5190972685813904,-0.019872544333338737,0.7838653326034546,0.4604530930519104,-0.03094674088060856,0.8185057044029236,0.5527406334877014,-0.01984338089823723,0.8035891652107239,0.468203604221344,-0.045016005635261536,0.783761739730835,0.4030027985572815,-0.06466799229383469,0.7658709287643433,0.35099712014198303,-0.07878904044628143,0.8068820238113403,0.5523409247398376,-0.03295976668596268,0.7886125445365906,0.4598674476146698,-0.06061193719506264,0.7697423696517944,0.386481374502182,-0.08292295038700104,0.7543859481811523,0.32649320363998413,-0.09939271956682205,0.7959482073783875,0.5625431537628174,-0.04660320654511452,0.7794349193572998,0.475294291973114,-0.0723426342010498,0.7613282203674316,0.4082679748535156,-0.09008432924747467,0.745826780796051,0.35664230585098267,-0.10198022425174713,0.7857563495635986,0.5820790529251099,-0.060153815895318985,0.7728061079978943,0.5157841444015503,-0.08407984673976898,0.759217381477356,0.46352121233940125,-0.09762147068977356,0.7463981509208679,0.41918498277664185,-0.10703383386135101,0.8045838475227356,0.9552929401397705,-2.5260693092832298e-08,0.7312198281288147,0.8640842437744141,0.04963597282767296,0.7165295481681824,0.769819974899292,0.07844224572181702,0.7080519199371338,0.7023880481719971,0.09208066761493683,0.6981306076049805,0.6639643311500549,0.10408604145050049,0.7601909637451172,0.6313638091087341,0.09176194667816162,0.756171464920044,0.5255118608474731,0.0977044329047203,0.7429517507553101,0.44952961802482605,0.09156317263841629,0.7324636578559875,0.3869144320487976,0.0830773115158081,0.7804075479507446,0.6278916001319885,0.05285279080271721,0.7772731781005859,0.49464404582977295,0.052858248353004456,0.7647053003311157,0.40597039461135864,0.04132506623864174,0.7521321773529053,0.3302006721496582,0.03100614808499813,0.799019455909729,0.6415385603904724,0.011550769209861755,0.8044021725654602,0.5110201239585876,0.008808068931102753,0.7940310835838318,0.42622414231300354,-0.0014591647777706385,0.7817753553390503,0.3550499975681305,-0.011501031927764416,0.8187875151634216,0.6679977178573608,-0.028180599212646484,0.8214431405067444,0.5599871873855591,-0.03444035351276398,0.8096375465393066,0.4909932017326355,-0.04051201045513153,0.7956430912017822,0.4313296973705292,-0.047268424183130264,B
0.0,0.0,0.0,0.0,0.0,0.0,0.0,0.0,0.0,0.0,0.0,0.0,0.0,0.0,0.0,0.0,0.0,0.0,0.0,0.0,0.0,0.0,0.0,0.0,0.0,0.0,0.0,0.0,0.0,0.0,0.0,0.0,0.0,0.0,0.0,0.0,0.0,0.0,0.0,0.0,0.0,0.0,0.0,0.0,0.0,0.0,0.0,0.0,0.0,0.0,0.0,0.0,0.0,0.0,0.0,0.0,0.0,0.0,0.0,0.0,0.0,0.0,0.0,0.8050844669342041,0.9636147022247314,-1.3204689253143442e-07,0.7314215302467346,0.8700389862060547,0.06470882892608643,0.7176278233528137,0.7732868194580078,0.10357026010751724,0.7095928192138672,0.7057158946990967,0.1249469593167305,0.6968037486076355,0.6636329293251038,0.1450246423482895,0.7622808218002319,0.6328396797180176,0.11424322426319122,0.7554007768630981,0.5270041227340698,0.12841467559337616,0.7402326464653015,0.4513041377067566,0.12773564457893372,0.7274546027183533,0.3893555998802185,0.12230807542800903,0.7841446995735168,0.6289276480674744,0.06895539164543152,0.7793675065040588,0.49465498328208923,0.07521593570709229,0.7658894062042236,0.4055751860141754,0.06716562807559967,0.7512363791465759,0.33152827620506287,0.0589192695915699,0.8028169274330139,0.6415091753005981,0.021626688539981842,0.8070537447929382,0.5106304883956909,0.022546743974089622,0.7959764003753662,0.4249289929866791,0.014087136834859848,0.7827685475349426,0.3546932339668274,0.005041256546974182,0.8213907480239868,0.664993166923523,-0.023038972169160843,0.8214621543884277,0.5541695356369019,-0.02790107950568199,0.8077499866485596,0.4849146604537964,-0.03356078639626503,0.7921474575996399,0.4266614317893982,-0.04018333554267883,B
0.0,0.0,0.0,0.0,0.0,0.0,0.0,0.0,0.0,0.0,0.0,0.0,0.0,0.0,0.0,0.0,0.0,0.0,0.0,0.0,0.0,0.0,0.0,0.0,0.0,0.0,0.0,0.0,0.0,0.0,0.0,0.0,0.0,0.0,0.0,0.0,0.0,0.0,0.0,0.0,0.0,0.0,0.0,0.0,0.0,0.0,0.0,0.0,0.0,0.0,0.0,0.0,0.0,0.0,0.0,0.0,0.0,0.0,0.0,0.0,0.0,0.0,0.0,0.8061590194702148,0.9569826126098633,-1.133844520495586e-07,0.7324164509773254,0.861346960067749,0.06794767826795578,0.7184394598007202,0.770147442817688,0.10813425481319427,0.7081602215766907,0.7059636116027832,0.12990331649780273,0.6957035064697266,0.6625588536262512,0.1498785763978958,0.7613460421562195,0.6327175498008728,0.1216219887137413,0.7550843954086304,0.528629720211029,0.13728418946266174,0.7417480945587158,0.45447081327438354,0.13628044724464417,0.7314529418945312,0.3940606713294983,0.13054339587688446,0.7821488976478577,0.6284186840057373,0.07574347406625748,0.7757664918899536,0.49470508098602295,0.08424606174230576,0.7631127238273621,0.4067862629890442,0.0748753696680069,0.7499808073043823,0.33261361718177795,0.06486877053976059,0.8009299039840698,0.6394376754760742,0.02770938351750374,0.8031025528907776,0.5095557570457458,0.030277065932750702,0.7925618886947632,0.4254401922225952,0.01977086253464222,0.7792615294456482,0.3553403913974762,0.00836618710309267,0.8207074999809265,0.6607042551040649,-0.0173691026866436,0.8205633759498596,0.5556634068489075,-0.021641705185174942,0.8065824508666992,0.48766160011291504,-0.029032105579972267,0.789697527885437,0.4283175766468048,-0.03765149414539337,B
0.0,0.0,0.0,0.0,0.0,0.0,0.0,0.0,0.0,0.0,0.0,0.0,0.0,0.0,0.0,0.0,0.0,0.0,0.0,0.0,0.0,0.0,0.0,0.0,0.0,0.0,0.0,0.0,0.0,0.0,0.0,0.0,0.0,0.0,0.0,0.0,0.0,0.0,0.0,0.0,0.0,0.0,0.0,0.0,0.0,0.0,0.0,0.0,0.0,0.0,0.0,0.0,0.0,0.0,0.0,0.0,0.0,0.0,0.0,0.0,0.0,0.0,0.0,0.8061872720718384,0.9587306380271912,-6.53378933179738e-08,0.7306997776031494,0.8669931888580322,0.05252086743712425,0.7163525819778442,0.7724578380584717,0.08472844213247299,0.7083088755607605,0.7065065503120422,0.10175763815641403,0.6973376870155334,0.662458062171936,0.11747860163450241,0.7619746327400208,0.6345200538635254,0.09854432940483093,0.7558140158653259,0.5265845656394958,0.1075420007109642,0.7418379187583923,0.4506339430809021,0.10327329486608505,0.7315806746482849,0.387723833322525,0.09619838744401932,0.7820594310760498,0.628486156463623,0.060351692140102386,0.7757226824760437,0.4950768053531647,0.06373801827430725,0.7629296183586121,0.4062451720237732,0.05408487096428871,0.7512032389640808,0.3317054510116577,0.04494325816631317,0.8006498217582703,0.6400826573371887,0.019801583141088486,0.803301215171814,0.509712278842926,0.020564820617437363,0.7933065891265869,0.42593687772750854,0.012291918508708477,0.7819955348968506,0.3552895188331604,0.0031517704483121634,0.8213729858398438,0.6650632619857788,-0.019058113917708397,0.8224058747291565,0.557748019695282,-0.022896597161889076,0.810950517654419,0.4889838993549347,-0.0275915265083313,0.797231912612915,0.4292238652706146,-0.0334385447204113,B
0.0,0.0,0.0,0.0,0.0,0.0,0.0,0.0,0.0,0.0,0.0,0.0,0.0,0.0,0.0,0.0,0.0,0.0,0.0,0.0,0.0,0.0,0.0,0.0,0.0,0.0,0.0,0.0,0.0,0.0,0.0,0.0,0.0,0.0,0.0,0.0,0.0,0.0,0.0,0.0,0.0,0.0,0.0,0.0,0.0,0.0,0.0,0.0,0.0,0.0,0.0,0.0,0.0,0.0,0.0,0.0,0.0,0.0,0.0,0.0,0.0,0.0,0.0,0.8056415915489197,0.9566850066184998,-7.935953760807024e-08,0.7326456308364868,0.862636923789978,0.058103516697883606,0.7178325653076172,0.7684150338172913,0.09144183993339539,0.7079968452453613,0.703355073928833,0.1077401414513588,0.6973629593849182,0.662824809551239,0.12196190655231476,0.762829065322876,0.6311758756637573,0.1039402112364769,0.7572388648986816,0.5251082181930542,0.11408481001853943,0.7434023022651672,0.45005255937576294,0.11044690012931824,0.7327755093574524,0.3883795738220215,0.10297981649637222,0.7837753891944885,0.6270962357521057,0.06058314070105553,0.7783995270729065,0.4933624267578125,0.06342503428459167,0.7651894688606262,0.4049559235572815,0.05219677463173866,0.7523508667945862,0.32982876896858215,0.04150364547967911,0.8028107285499573,0.6404585242271423,0.015112921595573425,0.8060945272445679,0.5098183751106262,0.013549955561757088,0.795383870601654,0.42528775334358215,0.0026375940069556236,0.7822992205619812,0.35422593355178833,-0.008408095687627792,0.8226920962333679,0.6662911772727966,-0.028112875297665596,0.8228898048400879,0.5573149919509888,-0.034758228808641434,0.8093400001525879,0.48835667967796326,-0.04181554913520813,0.7933802604675293,0.4284752607345581,-0.049753546714782715,B
0.0,0.0,0.0,0.0,0.0,0.0,0.0,0.0,0.0,0.0,0.0,0.0,0.0,0.0,0.0,0.0,0.0,0.0,0.0,0.0,0.0,0.0,0.0,0.0,0.0,0.0,0.0,0.0,0.0,0.0,0.0,0.0,0.0,0.0,0.0,0.0,0.0,0.0,0.0,0.0,0.0,0.0,0.0,0.0,0.0,0.0,0.0,0.0,0.0,0.0,0.0,0.0,0.0,0.0,0.0,0.0,0.0,0.0,0.0,0.0,0.0,0.0,0.0,0.8055313229560852,0.9577782154083252,-2.9678542290412224e-08,0.7325298190116882,0.8658789992332458,0.04738878831267357,0.7169185876846313,0.7711483240127563,0.07727882266044617,0.707464337348938,0.7022045254707336,0.09260690212249756,0.6957707405090332,0.6638504862785339,0.10677897185087204,0.7610412240028381,0.6359096169471741,0.09708094596862793,0.757292628288269,0.5320680141448975,0.10531851649284363,0.7447329163551331,0.45816770195961,0.09961336851119995,0.7349635362625122,0.3971610963344574,0.09165532141923904,0.7809197306632996,0.629067599773407,0.06139632686972618,0.7771812081336975,0.4971565902233124,0.06484302878379822,0.7645003199577332,0.40964242815971375,0.054782118648290634,0.7519086003303528,0.3345211148262024,0.045277103781700134,0.7999227643013,0.6400046944618225,0.02262023277580738,0.8041658997535706,0.5100838541984558,0.023755235597491264,0.7932528257369995,0.42630520462989807,0.014518211595714092,0.780464768409729,0.3562919497489929,0.004722985439002514,0.8213618993759155,0.6640213131904602,-0.015041008591651917,0.8226219415664673,0.5567821264266968,-0.01813485100865364,0.810058057308197,0.48856452107429504,-0.02320111356675625,0.7952265739440918,0.4298125207424164,-0.02943171001970768,B
0.0,0.0,0.0,0.0,0.0,0.0,0.0,0.0,0.0,0.0,0.0,0.0,0.0,0.0,0.0,0.0,0.0,0.0,0.0,0.0,0.0,0.0,0.0,0.0,0.0,0.0,0.0,0.0,0.0,0.0,0.0,0.0,0.0,0.0,0.0,0.0,0.0,0.0,0.0,0.0,0.0,0.0,0.0,0.0,0.0,0.0,0.0,0.0,0.0,0.0,0.0,0.0,0.0,0.0,0.0,0.0,0.0,0.0,0.0,0.0,0.0,0.0,0.0,0.8080046772956848,0.9613754749298096,-3.1934956012946714e-08,0.7335488796234131,0.8691576719284058,0.05178636312484741,0.7166644930839539,0.7732526063919067,0.08142563700675964,0.7075340747833252,0.7050524950027466,0.09482089430093765,0.6969436407089233,0.6650555729866028,0.10626079142093658,0.7617868185043335,0.6352438926696777,0.09707634150981903,0.7572129368782043,0.5273193717002869,0.10506217926740646,0.7437877655029297,0.4511650800704956,0.0999462902545929,0.7333565950393677,0.3878527879714966,0.09160733968019485,0.7831160426139832,0.6305352449417114,0.0560598261654377,0.7777835130691528,0.49668118357658386,0.057476792484521866,0.7641331553459167,0.4073542356491089,0.04580261558294296,0.7512736916542053,0.33159324526786804,0.0349443145096302,0.8026490211486816,0.6439498066902161,0.012538381852209568,0.8056508302688599,0.5130266547203064,0.01008705236017704,0.7944104075431824,0.42735621333122253,-0.0004998960648663342,0.7813805937767029,0.35522961616516113,-0.011142753064632416,0.8231832981109619,0.6702675819396973,-0.02934279665350914,0.8229064345359802,0.5605759620666504,-0.036092836409807205,0.8088834285736084,0.4914638102054596,-0.042199570685625076,0.7928863763809204,0.4309711754322052,-0.04922877997159958,B
0.0,0.0,0.0,0.0,0.0,0.0,0.0,0.0,0.0,0.0,0.0,0.0,0.0,0.0,0.0,0.0,0.0,0.0,0.0,0.0,0.0,0.0,0.0,0.0,0.0,0.0,0.0,0.0,0.0,0.0,0.0,0.0,0.0,0.0,0.0,0.0,0.0,0.0,0.0,0.0,0.0,0.0,0.0,0.0,0.0,0.0,0.0,0.0,0.0,0.0,0.0,0.0,0.0,0.0,0.0,0.0,0.0,0.0,0.0,0.0,0.0,0.0,0.0,0.8015531897544861,0.9609581232070923,2.4797326858561064e-08,0.7316522002220154,0.8707062005996704,0.04042336344718933,0.7156580686569214,0.7717854380607605,0.06380617618560791,0.7070876955986023,0.7048038244247437,0.0731692761182785,0.6966450810432434,0.6636311411857605,0.08085779845714569,0.760107159614563,0.6351037621498108,0.08052610605955124,0.7561236023902893,0.5270751714706421,0.08259429782629013,0.7436956763267517,0.45217734575271606,0.07348396629095078,0.7334734797477722,0.38892805576324463,0.06307411193847656,0.7802038788795471,0.6298792362213135,0.04513007029891014,0.7768925428390503,0.4970235824584961,0.04387732222676277,0.7645559310913086,0.4082649350166321,0.031131496652960777,0.7522381544113159,0.33203306794166565,0.01946357637643814,0.7990461587905884,0.6431582570075989,0.006894915364682674,0.8037555813789368,0.5121399164199829,0.003912115469574928,0.7938694953918457,0.42785200476646423,-0.006230199243873358,0.7813500165939331,0.35627782344818115,-0.016775021329522133,0.8192112445831299,0.6709334850311279,-0.03073287382721901,0.8229288458824158,0.5654439926147461,-0.036889851093292236,0.811677098274231,0.4966745376586914,-0.042396463453769684,0.7973031401634216,0.43670788407325745,-0.04897190257906914,B
0.0,0.0,0.0,0.0,0.0,0.0,0.0,0.0,0.0,0.0,0.0,0.0,0.0,0.0,0.0,0.0,0.0,0.0,0.0,0.0,0.0,0.0,0.0,0.0,0.0,0.0,0.0,0.0,0.0,0.0,0.0,0.0,0.0,0.0,0.0,0.0,0.0,0.0,0.0,0.0,0.0,0.0,0.0,0.0,0.0,0.0,0.0,0.0,0.0,0.0,0.0,0.0,0.0,0.0,0.0,0.0,0.0,0.0,0.0,0.0,0.0,0.0,0.0,0.800007164478302,0.9610614776611328,5.560224280998227e-08,0.7304289937019348,0.8743733763694763,0.03541768342256546,0.7142294049263,0.7746255993843079,0.05673586577177048,0.7065171003341675,0.7070980668067932,0.06573604792356491,0.6971612572669983,0.6647374629974365,0.07378222048282623,0.7571625113487244,0.6326496005058289,0.0726511999964714,0.7537819147109985,0.523453414440155,0.07340477406978607,0.7406463623046875,0.4489443302154541,0.0647241622209549,0.7297942638397217,0.38681793212890625,0.05517592281103134,0.7781143188476562,0.6277817487716675,0.040526133030653,0.7749724984169006,0.49396905303001404,0.037242211401462555,0.7620350122451782,0.40573036670684814,0.025419680401682854,0.7492639422416687,0.32978174090385437,0.015323670580983162,0.7977014780044556,0.6420993804931641,0.00559080857783556,0.8030914068222046,0.5104430317878723,0.0010227543534711003,0.7929502725601196,0.4269963800907135,-0.008080950938165188,0.7796101570129395,0.35668280720710754,-0.01679997332394123,0.8189911246299744,0.6726417541503906,-0.02898561954498291,0.8240021467208862,0.5666616559028625,-0.035724937915802,0.8121835589408875,0.49738430976867676,-0.04073671996593475,0.7964019775390625,0.43843334913253784,-0.04615677520632744,B
0.0,0.0,0.0,0.0,0.0,0.0,0.0,0.0,0.0,0.0,0.0,0.0,0.0,0.0,0.0,0.0,0.0,0.0,0.0,0.0,0.0,0.0,0.0,0.0,0.0,0.0,0.0,0.0,0.0,0.0,0.0,0.0,0.0,0.0,0.0,0.0,0.0,0.0,0.0,0.0,0.0,0.0,0.0,0.0,0.0,0.0,0.0,0.0,0.0,0.0,0.0,0.0,0.0,0.0,0.0,0.0,0.0,0.0,0.0,0.0,0.0,0.0,0.0,0.8066976070404053,0.959846019744873,-7.581606098483462e-08,0.7318204045295715,0.8649997711181641,0.06067521497607231,0.7160212397575378,0.7730859518051147,0.09678193926811218,0.7055246829986572,0.7062504887580872,0.11585978418588638,0.6932671070098877,0.6618095636367798,0.13356974720954895,0.7606467008590698,0.6370753645896912,0.1120486781001091,0.7548510432243347,0.531356692314148,0.12469329684972763,0.7416657209396362,0.45697611570358276,0.12198033183813095,0.7315043210983276,0.3953472077846527,0.11574280261993408,0.7819594144821167,0.6312524676322937,0.06979034096002579,0.7752724289894104,0.4965564012527466,0.07631487399339676,0.7624128460884094,0.4069468080997467,0.06750661879777908,0.749382734298706,0.3321485221385956,0.05862024426460266,0.8011128902435303,0.64177006483078,0.025110315531492233,0.802885115146637,0.5096096992492676,0.027887407690286636,0.7917723059654236,0.4239850342273712,0.019665012136101723,0.7791351079940796,0.3530813455581665,0.010317329317331314,0.8220495581626892,0.6636316776275635,-0.017331792041659355,0.8207287788391113,0.5541859865188599,-0.01985802873969078,0.80779629945755,0.4850333631038666,-0.02437710016965866,0.7925882935523987,0.4257042109966278,-0.030345086008310318,B
0.0,0.0,0.0,0.0,0.0,0.0,0.0,0.0,0.0,0.0,0.0,0.0,0.0,0.0,0.0,0.0,0.0,0.0,0.0,0.0,0.0,0.0,0.0,0.0,0.0,0.0,0.0,0.0,0.0,0.0,0.0,0.0,0.0,0.0,0.0,0.0,0.0,0.0,0.0,0.0,0.0,0.0,0.0,0.0,0.0,0.0,0.0,0.0,0.0,0.0,0.0,0.0,0.0,0.0,0.0,0.0,0.0,0.0,0.0,0.0,0.0,0.0,0.0,0.8049494624137878,0.9625774621963501,-7.485709119237072e-08,0.7307961583137512,0.8692451119422913,0.053851447999477386,0.7156177163124084,0.775154709815979,0.08623118698596954,0.705561101436615,0.7088832259178162,0.10294550657272339,0.6935247182846069,0.6640751361846924,0.11815929412841797,0.7599629759788513,0.6349700093269348,0.10006126016378403,0.7532550096511841,0.5271412134170532,0.10917903482913971,0.7386249899864197,0.45152467489242554,0.10495161265134811,0.7271996736526489,0.38950663805007935,0.09794538468122482,0.7802614569664001,0.630334198474884,0.06040853634476662,0.7748082876205444,0.4951990246772766,0.06405472010374069,0.7612115740776062,0.4060424268245697,0.053919512778520584,0.7479795813560486,0.331118643283844,0.04417908936738968,0.798790693283081,0.6425018906593323,0.018321165814995766,0.8025587201118469,0.5110254883766174,0.018714217469096184,0.7914561629295349,0.4254085123538971,0.008728545159101486,0.7785024046897888,0.3543420135974884,-0.0017328518442809582,0.8182985782623291,0.6673241257667542,-0.02192000485956669,0.8189061880111694,0.5579093098640442,-0.026751898229122162,0.8057774305343628,0.4883439838886261,-0.03291485086083412,0.7903116941452026,0.4289401173591614,-0.039961494505405426,B
0.0,0.0,0.0,0.0,0.0,0.0,0.0,0.0,0.0,0.0,0.0,0.0,0.0,0.0,0.0,0.0,0.0,0.0,0.0,0.0,0.0,0.0,0.0,0.0,0.0,0.0,0.0,0.0,0.0,0.0,0.0,0.0,0.0,0.0,0.0,0.0,0.0,0.0,0.0,0.0,0.0,0.0,0.0,0.0,0.0,0.0,0.0,0.0,0.0,0.0,0.0,0.0,0.0,0.0,0.0,0.0,0.0,0.0,0.0,0.0,0.0,0.0,0.0,0.8033434152603149,0.9636591672897339,4.5209908705601265e-08,0.7307018041610718,0.8773719072341919,0.03632449358701706,0.7118421792984009,0.7773612141609192,0.058086831122636795,0.7025404572486877,0.7085744142532349,0.06667331606149673,0.6921451091766357,0.6679945588111877,0.07374314218759537,0.7559207677841187,0.6371591091156006,0.07702941447496414,0.751196563243866,0.5279507637023926,0.0784333199262619,0.7380761504173279,0.4520289897918701,0.06894219666719437,0.7279846668243408,0.38903480768203735,0.05864613130688667,0.7763562202453613,0.6319394111633301,0.043847355991601944,0.7719234228134155,0.49804067611694336,0.042469508945941925,0.7586331963539124,0.40974700450897217,0.03021073527634144,0.7462568879127502,0.33402153849601746,0.01927998848259449,0.7963818311691284,0.6448466181755066,0.007475363090634346,0.7987425923347473,0.512647271156311,0.004892513155937195,0.7879085540771484,0.42807647585868835,-0.004584698937833309,0.7758237719535828,0.3568086624145508,-0.014421512372791767,0.8174201250076294,0.672061562538147,-0.028746670112013817,0.8179816007614136,0.5640081167221069,-0.034329816699028015,0.8061896562576294,0.49446380138397217,-0.03916672244668007,0.7926297187805176,0.43374335765838623,-0.0449896901845932,B
0.0,0.0,0.0,0.0,0.0,0.0,0.0,0.0,0.0,0.0,0.0,0.0,0.0,0.0,0.0,0.0,0.0,0.0,0.0,0.0,0.0,0.0,0.0,0.0,0.0,0.0,0.0,0.0,0.0,0.0,0.0,0.0,0.0,0.0,0.0,0.0,0.0,0.0,0.0,0.0,0.0,0.0,0.0,0.0,0.0,0.0,0.0,0.0,0.0,0.0,0.0,0.0,0.0,0.0,0.0,0.0,0.0,0.0,0.0,0.0,0.0,0.0,0.0,0.8039416670799255,0.967513382434845,-5.772553279825843e-08,0.7296050786972046,0.8737378120422363,0.056000325828790665,0.7136198282241821,0.7789259552955627,0.08732917159795761,0.7037966251373291,0.7138316035270691,0.10233021527528763,0.6914561986923218,0.665016233921051,0.11539552360773087,0.7545749545097351,0.6375459432601929,0.09716867655515671,0.7500178217887878,0.5288527011871338,0.10462195426225662,0.7363195419311523,0.4535205662250519,0.09915445744991302,0.7246134877204895,0.3907186985015869,0.09077807515859604,0.7757589221000671,0.6342645883560181,0.054750483483076096,0.7716906070709229,0.4986739158630371,0.05585557967424393,0.7579890489578247,0.40973129868507385,0.04360713064670563,0.7439901828765869,0.3331950306892395,0.032165542244911194,0.7951529026031494,0.6482216715812683,0.01053823996335268,0.7991149425506592,0.5148277282714844,0.008585330098867416,0.7883427739143372,0.4291795790195465,-0.0018029443453997374,0.7749427556991577,0.3573148250579834,-0.012597468681633472,0.8168680667877197,0.6755868196487427,-0.031530220061540604,0.8180186748504639,0.5657181143760681,-0.03772631660103798,0.8045620322227478,0.49565210938453674,-0.04364562779664993,0.7885375618934631,0.43526965379714966,-0.05069272965192795,B
0.0,0.0,0.0,0.0,0.0,0.0,0.0,0.0,0.0,0.0,0.0,0.0,0.0,0.0,0.0,0.0,0.0,0.0,0.0,0.0,0.0,0.0,0.0,0.0,0.0,0.0,0.0,0.0,0.0,0.0,0.0,0.0,0.0,0.0,0.0,0.0,0.0,0.0,0.0,0.0,0.0,0.0,0.0,0.0,0.0,0.0,0.0,0.0,0.0,0.0,0.0,0.0,0.0,0.0,0.0,0.0,0.0,0.0,0.0,0.0,0.0,0.0,0.0,0.8043755292892456,0.9600366353988647,-7.052042150235138e-08,0.7297877669334412,0.8656983375549316,0.05353612080216408,0.7141717672348022,0.7706599235534668,0.0855221226811409,0.703590452671051,0.7054620981216431,0.10195063799619675,0.6897390484809875,0.6654644012451172,0.11669531464576721,0.7569764256477356,0.6339946985244751,0.0979321300983429,0.7505106925964355,0.527775228023529,0.10524944961071014,0.736086368560791,0.45250293612480164,0.09920458495616913,0.7243437170982361,0.38995856046676636,0.09047776460647583,0.777745246887207,0.6295166015625,0.05792815983295441,0.7716897130012512,0.49517661333084106,0.05974096432328224,0.7584145665168762,0.40638819336891174,0.04790144041180611,0.7445383667945862,0.33121153712272644,0.036699313670396805,0.7961056232452393,0.6429933309555054,0.015608723275363445,0.7986096143722534,0.5116577744483948,0.014670034870505333,0.7873987555503845,0.4280032813549042,0.003962574992328882,0.7744315266609192,0.3572846055030823,-0.0073051475919783115,0.8160051107406616,0.6698791980743408,-0.024830419570207596,0.8171844482421875,0.563627302646637,-0.03060084395110607,0.8055073022842407,0.49543195962905884,-0.03744277358055115,0.7916330695152283,0.4361853301525116,-0.0453113317489624,B
0.7830629348754883,0.6423234343528748,2.1928514115643338e-07,0.8018879890441895,0.5975604057312012,-0.034980759024620056,0.8081196546554565,0.5344885587692261,-0.0441540963947773,0.7980294227600098,0.4762733578681946,-0.048139385879039764,0.7871305346488953,0.42835065722465515,-0.05124090984463692,0.8069412112236023,0.49054673314094543,-0.017323780804872513,0.792486310005188,0.42750829458236694,-0.0305891465395689,0.778120219707489,0.3773635923862457,-0.04512932524085045,0.7661097049713135,0.3362357020378113,-0.056033145636320114,0.7824411988258362,0.488694429397583,-0.0063054501079022884,0.7657263278961182,0.42552438378334045,-0.019930388778448105,0.7515466213226318,0.37064328789711,-0.036684490740299225,0.7413569688796997,0.3253469467163086,-0.0484599694609642,0.7626309990882874,0.496626615524292,0.0009630053536966443,0.7473887205123901,0.4370069205760956,-0.014365263283252716,0.7366946935653687,0.38620102405548096,-0.027507519349455833,0.7306680083274841,0.3436286449432373,-0.034904297441244125,0.7457543611526489,0.5137764811515808,0.0051672207191586494,0.7357029914855957,0.4644263982772827,-0.009217760525643826,0.7292805910110474,0.42643535137176514,-0.01699201762676239,0.7269056439399719,0.39346736669540405,-0.02111216075718403,0.8053756356239319,0.9629241228103638,-7.63296448269557e-09,0.7314097285270691,0.872387707233429,0.04356025531888008,0.7127026319503784,0.776215672492981,0.0697987750172615,0.700904130935669,0.7082417011260986,0.08173426985740662,0.6906325817108154,0.668508768081665,0.09213880449533463,0.756305456161499,0.635801374912262,0.08789808303117752,0.7521198391914368,0.5286634564399719,0.09213957190513611,0.7393213510513306,0.4545137882232666,0.08400282263755798,0.7290658354759216,0.3919084668159485,0.07427099347114563,0.7768018245697021,0.6313045620918274,0.052112381905317307,0.7729948163032532,0.49824321269989014,0.05215698108077049,0.7595375180244446,0.4099451005458832,0.03985323756933212,0.7463468909263611,0.33341214060783386,0.02859608642756939,0.79617840051651,0.6441894769668579,0.013386022299528122,0.7998771667480469,0.5133005380630493,0.011526014655828476,0.7884871959686279,0.42920613288879395,0.0012685584370046854,0.7750555872917175,0.35776832699775696,-0.009227605536580086,0.8172505497932434,0.6710218191146851,-0.024501023814082146,0.8182231783866882,0.5634937882423401,-0.030548471957445145,0.8053818345069885,0.49369844794273376,-0.036772824823856354,0.7902032136917114,0.43251848220825195,-0.04375071823596954,B
0.0,0.0,0.0,0.0,0.0,0.0,0.0,0.0,0.0,0.0,0.0,0.0,0.0,0.0,0.0,0.0,0.0,0.0,0.0,0.0,0.0,0.0,0.0,0.0,0.0,0.0,0.0,0.0,0.0,0.0,0.0,0.0,0.0,0.0,0.0,0.0,0.0,0.0,0.0,0.0,0.0,0.0,0.0,0.0,0.0,0.0,0.0,0.0,0.0,0.0,0.0,0.0,0.0,0.0,0.0,0.0,0.0,0.0,0.0,0.0,0.0,0.0,0.0,0.7962647080421448,0.9579402804374695,6.377528904977225e-08,0.7275304794311523,0.874180018901825,0.03182113543152809,0.7097160816192627,0.7743765115737915,0.05203801020979881,0.7008199095726013,0.7050853967666626,0.059809211641550064,0.6902434825897217,0.6649141907691956,0.06621377170085907,0.7543724775314331,0.6352543234825134,0.0744372084736824,0.7487242221832275,0.5290575623512268,0.07561088353395462,0.7361097931861877,0.45600444078445435,0.06611718237400055,0.7269128561019897,0.3938600718975067,0.055762678384780884,0.7749621868133545,0.6278085708618164,0.04370986670255661,0.7691545486450195,0.49596402049064636,0.04148803651332855,0.7560097575187683,0.40884873270988464,0.028740929439663887,0.7442442178726196,0.3322417140007019,0.017571084201335907,0.7950417399406433,0.6401169300079346,0.009487925097346306,0.7974931001663208,0.5101146101951599,0.005455425474792719,0.7868070602416992,0.4276599586009979,-0.004874817561358213,0.7741916179656982,0.35669970512390137,-0.014700273983180523,0.816465437412262,0.6682032942771912,-0.024835221469402313,0.8177473545074463,0.5609252452850342,-0.030918516218662262,0.806185245513916,0.49188828468322754,-0.03618575260043144,0.7916255593299866,0.43149614334106445,-0.042153775691986084,B
0.0,0.0,0.0,0.0,0.0,0.0,0.0,0.0,0.0,0.0,0.0,0.0,0.0,0.0,0.0,0.0,0.0,0.0,0.0,0.0,0.0,0.0,0.0,0.0,0.0,0.0,0.0,0.0,0.0,0.0,0.0,0.0,0.0,0.0,0.0,0.0,0.0,0.0,0.0,0.0,0.0,0.0,0.0,0.0,0.0,0.0,0.0,0.0,0.0,0.0,0.0,0.0,0.0,0.0,0.0,0.0,0.0,0.0,0.0,0.0,0.0,0.0,0.0,0.8006635308265686,0.9574786424636841,3.090453759568845e-08,0.7303653955459595,0.8693792819976807,0.03960805758833885,0.7117623686790466,0.7729001045227051,0.06337940692901611,0.7008749842643738,0.7069261074066162,0.07361558079719543,0.6893718838691711,0.6650609970092773,0.08242183178663254,0.7541837096214294,0.6349403858184814,0.08193416893482208,0.7499924898147583,0.5262978672981262,0.08545064926147461,0.7377665042877197,0.45237499475479126,0.07682512700557709,0.727931022644043,0.39032259583473206,0.06693321466445923,0.7741133570671082,0.629429817199707,0.04801180586218834,0.7693875432014465,0.4952731728553772,0.04852229356765747,0.7570430040359497,0.407325804233551,0.03588935732841492,0.7450847625732422,0.33120420575141907,0.024246666580438614,0.7939001321792603,0.6420425772666931,0.011174969375133514,0.7964428663253784,0.5102810263633728,0.010141423903405666,0.7865630984306335,0.4266835153102875,-0.00021658781042788178,0.7747276425361633,0.3558124601840973,-0.011046573519706726,0.8163321018218994,0.6690137386322021,-0.025071654468774796,0.8169676065444946,0.5623345971107483,-0.02929108217358589,0.8049290776252747,0.49443861842155457,-0.03413707762956619,0.7906404733657837,0.4354422092437744,-0.040315378457307816,B
0.0,0.0,0.0,0.0,0.0,0.0,0.0,0.0,0.0,0.0,0.0,0.0,0.0,0.0,0.0,0.0,0.0,0.0,0.0,0.0,0.0,0.0,0.0,0.0,0.0,0.0,0.0,0.0,0.0,0.0,0.0,0.0,0.0,0.0,0.0,0.0,0.0,0.0,0.0,0.0,0.0,0.0,0.0,0.0,0.0,0.0,0.0,0.0,0.0,0.0,0.0,0.0,0.0,0.0,0.0,0.0,0.0,0.0,0.0,0.0,0.0,0.0,0.0,0.8027333617210388,0.9633792638778687,-3.9738011992085376e-08,0.7293538451194763,0.8739687204360962,0.04923706501722336,0.711798906326294,0.7776733636856079,0.07820066809654236,0.7012009620666504,0.7109068632125854,0.09233352541923523,0.6894840598106384,0.6647446751594543,0.10487242788076401,0.7555760741233826,0.6374567151069641,0.09008196741342545,0.749484658241272,0.5282312631607056,0.0958729088306427,0.7346286177635193,0.45230114459991455,0.08943767100572586,0.7226312756538391,0.38897770643234253,0.08078407496213913,0.7765464186668396,0.6331050395965576,0.05184580758213997,0.771063506603241,0.4958987832069397,0.0526927150785923,0.7580664157867432,0.4058986306190491,0.04126279428601265,0.745573878288269,0.32875749468803406,0.030515234917402267,0.7957022190093994,0.6467621922492981,0.01139182597398758,0.7992618083953857,0.5127046704292297,0.009617211297154427,0.7887191772460938,0.42770498991012573,-0.00010886180825764313,0.7763371467590332,0.3572670817375183,-0.010288880206644535,0.8171609044075012,0.6739814281463623,-0.02751876413822174,0.8188087940216064,0.5650444626808167,-0.03306029736995697,0.8064528107643127,0.4954502582550049,-0.038495950400829315,0.7918555736541748,0.43573087453842163,-0.04505820572376251,B
0.0,0.0,0.0,0.0,0.0,0.0,0.0,0.0,0.0,0.0,0.0,0.0,0.0,0.0,0.0,0.0,0.0,0.0,0.0,0.0,0.0,0.0,0.0,0.0,0.0,0.0,0.0,0.0,0.0,0.0,0.0,0.0,0.0,0.0,0.0,0.0,0.0,0.0,0.0,0.0,0.0,0.0,0.0,0.0,0.0,0.0,0.0,0.0,0.0,0.0,0.0,0.0,0.0,0.0,0.0,0.0,0.0,0.0,0.0,0.0,0.0,0.0,0.0,0.8004564642906189,0.9609202146530151,-1.9501866788118605e-09,0.7283310294151306,0.8718660473823547,0.044270023703575134,0.7105133533477783,0.775675892829895,0.07098716497421265,0.7006059288978577,0.7093050479888916,0.08327804505825043,0.6902852654457092,0.6661303639411926,0.09388703107833862,0.7538716197013855,0.6334701180458069,0.08839967101812363,0.7491816282272339,0.5256853103637695,0.09362364560365677,0.7361946702003479,0.45173877477645874,0.08618906140327454,0.7256088256835938,0.3894084095954895,0.07695416361093521,0.7748945951461792,0.6280748248100281,0.05232817679643631,0.7707895636558533,0.495097815990448,0.05363764241337776,0.7570132613182068,0.4074088931083679,0.04110411927103996,0.743645966053009,0.3317979872226715,0.029493188485503197,0.7949026823043823,0.6408122777938843,0.013531026430428028,0.7988909482955933,0.510972797870636,0.012632954865694046,0.7878811359405518,0.4271140396595001,0.0019344179891049862,0.7744553089141846,0.35600605607032776,-0.009019667282700539,0.8166362643241882,0.6681139469146729,-0.024273572489619255,0.8183843493461609,0.5592218041419983,-0.028996141627430916,0.8053467273712158,0.4904373586177826,-0.03430306166410446,0.7892484664916992,0.43112456798553467,-0.040701717138290405,B
0.7685792446136475,0.6506279706954956,2.443049424982746e-07,0.7959350943565369,0.6142023205757141,-0.03433176502585411,0.8060240149497986,0.5482263565063477,-0.04681861400604248,0.7960272431373596,0.48778462409973145,-0.053501345217227936,0.7851158380508423,0.4365098774433136,-0.059800151735544205,0.8116400837898254,0.5160155892372131,-0.03656322881579399,0.7955322265625,0.4503542184829712,-0.0598277747631073,0.7784909605979919,0.3933008313179016,-0.07799634337425232,0.7640543580055237,0.3460920751094818,-0.09040068089962006,0.7864648699760437,0.5092778205871582,-0.027985263615846634,0.7735563516616821,0.4402598738670349,-0.0505378283560276,0.7598870396614075,0.379853218793869,-0.06820926070213318,0.7494922876358032,0.3273197412490845,-0.07996518164873123,0.7655090689659119,0.5108697414398193,-0.02204040251672268,0.7563573122024536,0.4475219249725342,-0.04338466003537178,0.7467969059944153,0.3926130533218384,-0.055555641651153564,0.7392047047615051,0.34536120295524597,-0.06200012192130089,0.7460635304450989,0.5213640928268433,-0.018716761842370033,0.7373431921005249,0.47219860553741455,-0.03729751333594322,0.73139488697052,0.4333125352859497,-0.04551143944263458,0.7276608347892761,0.3970657289028168,-0.04952298104763031,0.8040018677711487,0.9606691598892212,-3.1533001987327225e-08,0.7289603352546692,0.8719609379768372,0.05067340284585953,0.7096664309501648,0.7759270668029785,0.08099041134119034,0.699547529220581,0.7072175741195679,0.09550774842500687,0.6887364387512207,0.6665883660316467,0.1083601713180542,0.7549566030502319,0.635395348072052,0.09929633140563965,0.7486642003059387,0.5284433364868164,0.10853683948516846,0.7357469201087952,0.45391684770584106,0.10336264967918396,0.7257289290428162,0.3918944001197815,0.09506355971097946,0.7764600515365601,0.6292054057121277,0.060155823826789856,0.7695150971412659,0.49527639150619507,0.06411123275756836,0.7568026185035706,0.4071851968765259,0.05331118032336235,0.7446436285972595,0.33141013979911804,0.0427187904715538,0.7963530421257019,0.6409196257591248,0.018234236165881157,0.7978995442390442,0.509901762008667,0.01910782791674137,0.787442684173584,0.4262852668762207,0.009508670307695866,0.7752212285995483,0.3555676341056824,-0.001089152181521058,0.8179614543914795,0.6660218238830566,-0.0223544891923666,0.8171389698982239,0.5578180551528931,-0.02568189986050129,0.8046060800552368,0.4901224970817566,-0.030500326305627823,0.7902390956878662,0.4311782419681549,-0.037078049033880234,B
0.7771285772323608,0.6941333413124084,1.7971306931485742e-07,0.7821673154830933,0.638183057308197,-0.02162882313132286,0.7901564836502075,0.572571873664856,-0.03706948459148407,0.7867996692657471,0.5138413310050964,-0.05058157071471214,0.7773808240890503,0.45606422424316406,-0.06602310389280319,0.810528039932251,0.5538657903671265,-0.05197904258966446,0.7924888134002686,0.47293221950531006,-0.08812233805656433,0.7731900811195374,0.4048745334148407,-0.11446739733219147,0.7559322714805603,0.35039204359054565,-0.13261839747428894,0.7977975606918335,0.5512047410011292,-0.057148225605487823,0.7812217473983765,0.4613218307495117,-0.09487663954496384,0.7623043060302734,0.3878708481788635,-0.1234721839427948,0.7486884593963623,0.3258703052997589,-0.14403845369815826,0.7855243682861328,0.5569669008255005,-0.06290548294782639,0.7738937139511108,0.4711124897003174,-0.09868387132883072,0.7560621500015259,0.4003397226333618,-0.12383877485990524,0.7424318194389343,0.34670525789260864,-0.1396767795085907,0.7732465267181396,0.5720831751823425,-0.06901267170906067,0.7636898159980774,0.5080616474151611,-0.10124889016151428,0.7506859302520752,0.4529321491718292,-0.1207255944609642,0.7389803528785706,0.4070870280265808,-0.13377930223941803,0.80284583568573,0.9614696502685547,-9.360331176822001e-09,0.7307302355766296,0.8766123056411743,0.043197475373744965,0.7114073038101196,0.7779359817504883,0.06941519677639008,0.7006847262382507,0.7098650336265564,0.08163430541753769,0.68855881690979,0.6644589900970459,0.09217188507318497,0.7544296383857727,0.6354904770851135,0.08480047434568405,0.7483723163604736,0.5263163447380066,0.0899815708398819,0.7338659167289734,0.4509587287902832,0.08359464257955551,0.7230688333511353,0.3885326683521271,0.07523800432682037,0.7751632928848267,0.6301560997962952,0.04940376430749893,0.7686710357666016,0.49600279331207275,0.050570297986269,0.7549773454666138,0.40764838457107544,0.03973390907049179,0.7428655028343201,0.3316762149333954,0.029612157493829727,0.7952549457550049,0.6432264447212219,0.011325311847031116,0.7973513007164001,0.5112185478210449,0.01016166154295206,0.7868539094924927,0.4263160228729248,0.0008354515885002911,0.7752683162689209,0.3548598289489746,-0.009163206443190575,0.8167650699615479,0.67078697681427,-0.02579605020582676,0.8159660696983337,0.5623656511306763,-0.03098704293370247,0.8044951558113098,0.4931575059890747,-0.036045946180820465,0.7911831736564636,0.43356966972351074,-0.042204681783914566,B
0.0,0.0,0.0,0.0,0.0,0.0,0.0,0.0,0.0,0.0,0.0,0.0,0.0,0.0,0.0,0.0,0.0,0.0,0.0,0.0,0.0,0.0,0.0,0.0,0.0,0.0,0.0,0.0,0.0,0.0,0.0,0.0,0.0,0.0,0.0,0.0,0.0,0.0,0.0,0.0,0.0,0.0,0.0,0.0,0.0,0.0,0.0,0.0,0.0,0.0,0.0,0.0,0.0,0.0,0.0,0.0,0.0,0.0,0.0,0.0,0.0,0.0,0.0,0.7975745797157288,0.9606713652610779,4.8498279170416936e-08,0.7284530401229858,0.8762228488922119,0.03608100116252899,0.709079384803772,0.7758758068084717,0.05841561779379845,0.6982507109642029,0.707807719707489,0.06785605102777481,0.6906652450561523,0.6664571166038513,0.07583586871623993,0.7518476247787476,0.6366493701934814,0.07640080153942108,0.7485162019729614,0.5283673405647278,0.07886809855699539,0.7361257076263428,0.45493006706237793,0.07066243886947632,0.7259865999221802,0.3929162323474884,0.061247896403074265,0.7734786868095398,0.6297890543937683,0.04404338821768761,0.770098865032196,0.4960981011390686,0.04302104935050011,0.7566982507705688,0.40757015347480774,0.03161363676190376,0.7434272170066833,0.33125975728034973,0.021369442343711853,0.7942999601364136,0.642136812210083,0.008697875775396824,0.7982678413391113,0.5107388496398926,0.006343431770801544,0.787565290927887,0.42749401926994324,-0.002733105095103383,0.7735081315040588,0.3568856716156006,-0.011928439140319824,0.8166065216064453,0.6701722145080566,-0.026392724364995956,0.8188212513923645,0.5615987181663513,-0.031762756407260895,0.8058275580406189,0.49218976497650146,-0.03645630553364754,0.788570761680603,0.43304771184921265,-0.04196898639202118,B
0.0,0.0,0.0,0.0,0.0,0.0,0.0,0.0,0.0,0.0,0.0,0.0,0.0,0.0,0.0,0.0,0.0,0.0,0.0,0.0,0.0,0.0,0.0,0.0,0.0,0.0,0.0,0.0,0.0,0.0,0.0,0.0,0.0,0.0,0.0,0.0,0.0,0.0,0.0,0.0,0.0,0.0,0.0,0.0,0.0,0.0,0.0,0.0,0.0,0.0,0.0,0.0,0.0,0.0,0.0,0.0,0.0,0.0,0.0,0.0,0.0,0.0,0.0,0.7947666645050049,0.9596894383430481,1.3885610883335175e-08,0.722974956035614,0.869291365146637,0.040314268320798874,0.7072967290878296,0.7742016315460205,0.06427524238824844,0.6971657872200012,0.7088475227355957,0.07449615746736526,0.6886195540428162,0.6674332618713379,0.08319219946861267,0.7519691586494446,0.634112536907196,0.08253847807645798,0.7477148175239563,0.5262489318847656,0.08628298342227936,0.7340158820152283,0.4527170658111572,0.07868973165750504,0.7233468890190125,0.39067932963371277,0.06930749863386154,0.7730037569999695,0.6288175582885742,0.04778723046183586,0.7683149576187134,0.49618709087371826,0.046250924468040466,0.7545041441917419,0.4093906879425049,0.033316176384687424,0.7414366006851196,0.33334022760391235,0.02201886847615242,0.7935457229614258,0.642694890499115,0.010262677446007729,0.796303927898407,0.5119482278823853,0.006409458350390196,0.7854428887367249,0.42894646525382996,-0.004192461259663105,0.7720151543617249,0.3577861487865448,-0.014186440967023373,0.816148579120636,0.6725317239761353,-0.026440454646945,0.8165460228919983,0.5638225674629211,-0.03274546563625336,0.8040628433227539,0.4946296215057373,-0.03804900124669075,0.7886537313461304,0.4350055754184723,-0.04401795566082001,B
0.0,0.0,0.0,0.0,0.0,0.0,0.0,0.0,0.0,0.0,0.0,0.0,0.0,0.0,0.0,0.0,0.0,0.0,0.0,0.0,0.0,0.0,0.0,0.0,0.0,0.0,0.0,0.0,0.0,0.0,0.0,0.0,0.0,0.0,0.0,0.0,0.0,0.0,0.0,0.0,0.0,0.0,0.0,0.0,0.0,0.0,0.0,0.0,0.0,0.0,0.0,0.0,0.0,0.0,0.0,0.0,0.0,0.0,0.0,0.0,0.0,0.0,0.0,0.8038376569747925,0.9663888216018677,-9.970150927074428e-08,0.7264173626899719,0.8746504187583923,0.06870422512292862,0.7075089812278748,0.7859454154968262,0.10758569091558456,0.6951238512992859,0.7230663895606995,0.12747029960155487,0.6820768713951111,0.676275372505188,0.1452174037694931,0.7532458305358887,0.648699939250946,0.11929097026586533,0.7446621656417847,0.5398778915405273,0.1339375525712967,0.7297202944755554,0.46309369802474976,0.1323331743478775,0.7181560397148132,0.4015980362892151,0.12618568539619446,0.7758322358131409,0.6458528637886047,0.07124151289463043,0.765756368637085,0.5062878727912903,0.07817834615707397,0.7521443367004395,0.416563481092453,0.06728339940309525,0.7384491562843323,0.339312881231308,0.056326936930418015,0.7955552935600281,0.6554535031318665,0.02126586250960827,0.7922989726066589,0.5207793116569519,0.022416897118091583,0.7815872430801392,0.43352562189102173,0.010631885379552841,0.7702265977859497,0.3615991175174713,-0.0016648032469674945,0.815843939781189,0.6746810674667358,-0.025615671649575233,0.8120649456977844,0.567290723323822,-0.030167819932103157,0.7989109754562378,0.4974534511566162,-0.037773434072732925,0.7846574187278748,0.4368462562561035,-0.0468217097222805,B
0.0,0.0,0.0,0.0,0.0,0.0,0.0,0.0,0.0,0.0,0.0,0.0,0.0,0.0,0.0,0.0,0.0,0.0,0.0,0.0,0.0,0.0,0.0,0.0,0.0,0.0,0.0,0.0,0.0,0.0,0.0,0.0,0.0,0.0,0.0,0.0,0.0,0.0,0.0,0.0,0.0,0.0,0.0,0.0,0.0,0.0,0.0,0.0,0.0,0.0,0.0,0.0,0.0,0.0,0.0,0.0,0.0,0.0,0.0,0.0,0.0,0.0,0.0,0.7932125329971313,0.9764194488525391,-7.889806141747613e-08,0.7209466099739075,0.8894474506378174,0.05803660303354263,0.7037617564201355,0.7973834276199341,0.09115275740623474,0.6928700804710388,0.731056809425354,0.1069818064570427,0.6804327368736267,0.690798282623291,0.12066721171140671,0.7491987943649292,0.6572919487953186,0.10604328662157059,0.7410908937454224,0.5505173206329346,0.11782664805650711,0.7261313796043396,0.47608423233032227,0.11404252797365189,0.7141220569610596,0.41372478008270264,0.10651370882987976,0.7692803740501404,0.6520600914955139,0.0635753870010376,0.7612422108650208,0.5196930766105652,0.07025118172168732,0.7473257780075073,0.4324524700641632,0.05991022288799286,0.7347739934921265,0.3575894832611084,0.049097757786512375,0.788098931312561,0.6629857420921326,0.01892441138625145,0.7891574501991272,0.5322734713554382,0.021103737875819206,0.7784026265144348,0.44797784090042114,0.01093448419123888,0.7662471532821655,0.3777063190937042,-0.00030153870466165245,0.8082966804504395,0.6853721737861633,-0.023663051426410675,0.8078154921531677,0.5767552852630615,-0.02562372386455536,0.794426679611206,0.5089164972305298,-0.030023625120520592,0.7789963483810425,0.4502258002758026,-0.03664553165435791,B
0.0,0.0,0.0,0.0,0.0,0.0,0.0,0.0,0.0,0.0,0.0,0.0,0.0,0.0,0.0,0.0,0.0,0.0,0.0,0.0,0.0,0.0,0.0,0.0,0.0,0.0,0.0,0.0,0.0,0.0,0.0,0.0,0.0,0.0,0.0,0.0,0.0,0.0,0.0,0.0,0.0,0.0,0.0,0.0,0.0,0.0,0.0,0.0,0.0,0.0,0.0,0.0,0.0,0.0,0.0,0.0,0.0,0.0,0.0,0.0,0.0,0.0,0.0,0.7817795276641846,0.9841399192810059,-1.1457554194294062e-07,0.7131945490837097,0.899553120136261,0.05150328204035759,0.7007064819335938,0.8101012706756592,0.0819452777504921,0.6916948556900024,0.7472366690635681,0.09753450006246567,0.6750943660736084,0.7052505016326904,0.11095122247934341,0.7450016736984253,0.6701921820640564,0.09148295968770981,0.7365354895591736,0.5646781325340271,0.09922326356172562,0.7216869592666626,0.4934651851654053,0.09445838630199432,0.7100806832313538,0.4324129521846771,0.08721273392438889,0.7659395337104797,0.6650480031967163,0.0534210130572319,0.7586174011230469,0.5356685519218445,0.05497051030397415,0.744369387626648,0.45017972588539124,0.043451253324747086,0.7313392162322998,0.3766661584377289,0.032840173691511154,0.7848367691040039,0.6768622994422913,0.013591569848358631,0.7870415449142456,0.5501222610473633,0.011438408866524696,0.7758767604827881,0.46568748354911804,0.0002527838805690408,0.7633711695671082,0.3943238854408264,-0.010126973502337933,0.8043942451477051,0.7014973163604736,-0.024058958515524864,0.8045051693916321,0.591765284538269,-0.02867620810866356,0.7917665839195251,0.5231189727783203,-0.03350864723324776,0.7763963937759399,0.46511104702949524,-0.039381884038448334,B
0.0,0.0,0.0,0.0,0.0,0.0,0.0,0.0,0.0,0.0,0.0,0.0,0.0,0.0,0.0,0.0,0.0,0.0,0.0,0.0,0.0,0.0,0.0,0.0,0.0,0.0,0.0,0.0,0.0,0.0,0.0,0.0,0.0,0.0,0.0,0.0,0.0,0.0,0.0,0.0,0.0,0.0,0.0,0.0,0.0,0.0,0.0,0.0,0.0,0.0,0.0,0.0,0.0,0.0,0.0,0.0,0.0,0.0,0.0,0.0,0.0,0.0,0.0,0.7681848406791687,1.0209370851516724,-3.0717504984068e-08,0.7097882032394409,0.939903736114502,0.03519609943032265,0.6981213092803955,0.8406074047088623,0.055395081639289856,0.6906542181968689,0.7764537334442139,0.06324336677789688,0.6696946620941162,0.7361325621604919,0.06981080770492554,0.7378799915313721,0.7001702785491943,0.06858889758586884,0.7280554175376892,0.5923567414283752,0.06873539835214615,0.7128881216049194,0.5200881361961365,0.05966712161898613,0.7014108896255493,0.459757000207901,0.05031203851103783,0.7569057941436768,0.6936602592468262,0.0371389277279377,0.7473998069763184,0.5636588335037231,0.03520252928137779,0.7334160804748535,0.47707322239875793,0.02304994873702526,0.7215307950973511,0.40405428409576416,0.012534638866782188,0.7762660980224609,0.705162763595581,0.003430243581533432,0.7775627374649048,0.5739316940307617,-0.0009306992869824171,0.7677627205848694,0.4919165372848511,-0.01056841854006052,0.7550967931747437,0.4236210882663727,-0.01926453225314617,0.7974143028259277,0.7312725186347961,-0.029623741284012794,0.7997826933860779,0.6269111037254333,-0.034811824560165405,0.7855556011199951,0.5602067112922668,-0.03795315697789192,0.7667779922485352,0.5043618083000183,-0.04177984222769737,B
0.0,0.0,0.0,0.0,0.0,0.0,0.0,0.0,0.0,0.0,0.0,0.0,0.0,0.0,0.0,0.0,0.0,0.0,0.0,0.0,0.0,0.0,0.0,0.0,0.0,0.0,0.0,0.0,0.0,0.0,0.0,0.0,0.0,0.0,0.0,0.0,0.0,0.0,0.0,0.0,0.0,0.0,0.0,0.0,0.0,0.0,0.0,0.0,0.0,0.0,0.0,0.0,0.0,0.0,0.0,0.0,0.0,0.0,0.0,0.0,0.0,0.0,0.0,0.7766028642654419,1.0191550254821777,-9.561587432926899e-08,0.7114539742469788,0.9301337003707886,0.053827133029699326,0.6976787447929382,0.842698335647583,0.08499995619058609,0.6874293088912964,0.7814868092536926,0.10052008181810379,0.6733541488647461,0.7376769781112671,0.11476217955350876,0.738775372505188,0.7089977264404297,0.09998054802417755,0.7282027006149292,0.6050442457199097,0.11018729954957962,0.7111538052558899,0.5335708260536194,0.10608083009719849,0.6975388526916504,0.474019318819046,0.09920956939458847,0.7586536407470703,0.7039763927459717,0.061640415340662,0.7495934963226318,0.5753269195556641,0.06886447221040726,0.7347556352615356,0.49192380905151367,0.059228114783763885,0.7197921276092529,0.422090619802475,0.04891228303313255,0.7771042585372925,0.714031994342804,0.02121294103562832,0.7774871587753296,0.5882397890090942,0.025688013061881065,0.7656831741333008,0.5066503286361694,0.0169967133551836,0.7514879703521729,0.4411560595035553,0.006508483551442623,0.7978307008743286,0.735386312007904,-0.01737753115594387,0.7978943586349487,0.6331600546836853,-0.01665053702890873,0.7848870754241943,0.5687353610992432,-0.019468771293759346,0.7679315209388733,0.5160769820213318,-0.024839067831635475,B
0.0,0.0,0.0,0.0,0.0,0.0,0.0,0.0,0.0,0.0,0.0,0.0,0.0,0.0,0.0,0.0,0.0,0.0,0.0,0.0,0.0,0.0,0.0,0.0,0.0,0.0,0.0,0.0,0.0,0.0,0.0,0.0,0.0,0.0,0.0,0.0,0.0,0.0,0.0,0.0,0.0,0.0,0.0,0.0,0.0,0.0,0.0,0.0,0.0,0.0,0.0,0.0,0.0,0.0,0.0,0.0,0.0,0.0,0.0,0.0,0.0,0.0,0.0,0.7781202793121338,1.002795934677124,-6.612523151261485e-08,0.7126963138580322,0.9176477193832397,0.052342504262924194,0.6986528635025024,0.8275111317634583,0.0824824720621109,0.6887586712837219,0.7644772529602051,0.09736115485429764,0.6767155528068542,0.7213264107704163,0.11100611090660095,0.7411321997642517,0.6910985112190247,0.09543085098266602,0.7317092418670654,0.5878294110298157,0.10364880412817001,0.71539705991745,0.515509307384491,0.09977994114160538,0.703575849533081,0.45530009269714355,0.09372849762439728,0.7614397406578064,0.6856615543365479,0.05756394937634468,0.7535849809646606,0.5561898350715637,0.06260118633508682,0.7389817833900452,0.47005006670951843,0.05565965920686722,0.7254766821861267,0.39745020866394043,0.048433817923069,0.7798573970794678,0.6964351534843445,0.01743018440902233,0.7822715640068054,0.5696099996566772,0.0199125986546278,0.77045077085495,0.4874337613582611,0.014581603929400444,0.7575973272323608,0.42080074548721313,0.007767221424728632,0.7994614243507385,0.7189845442771912,-0.02109633944928646,0.8003573417663574,0.6123078465461731,-0.02285453863441944,0.7877247333526611,0.5445537567138672,-0.02505020797252655,0.7724481225013733,0.4888308048248291,-0.028732918202877045,B
0.0,0.0,0.0,0.0,0.0,0.0,0.0,0.0,0.0,0.0,0.0,0.0,0.0,0.0,0.0,0.0,0.0,0.0,0.0,0.0,0.0,0.0,0.0,0.0,0.0,0.0,0.0,0.0,0.0,0.0,0.0,0.0,0.0,0.0,0.0,0.0,0.0,0.0,0.0,0.0,0.0,0.0,0.0,0.0,0.0,0.0,0.0,0.0,0.0,0.0,0.0,0.0,0.0,0.0,0.0,0.0,0.0,0.0,0.0,0.0,0.0,0.0,0.0,0.778140127658844,1.0152082443237305,-1.071915249895028e-07,0.7138087153434753,0.9275757670402527,0.052646707743406296,0.6989951729774475,0.8349380493164062,0.08311396837234497,0.6876518726348877,0.7719106078147888,0.09818705171346664,0.6740992665290833,0.7349688410758972,0.11165978014469147,0.741128146648407,0.7009339928627014,0.0941280722618103,0.7327324748039246,0.5960915088653564,0.10322188585996628,0.7169609069824219,0.52498459815979,0.09898718446493149,0.7030898928642273,0.46524250507354736,0.09158306568861008,0.7618800401687622,0.6961966156959534,0.054827675223350525,0.7546114325523376,0.5660985112190247,0.05842281132936478,0.7401407361030579,0.48151472210884094,0.04795791953802109,0.7246242761611938,0.4100764989852905,0.03775276988744736,0.7803550362586975,0.7084609270095825,0.013698316179215908,0.7825545072555542,0.5804579854011536,0.014144605956971645,0.77115398645401,0.49967318773269653,0.0043030171655118465,0.7566030621528625,0.43285977840423584,-0.005939712282270193,0.8006145358085632,0.7336668968200684,-0.025487719103693962,0.8018088340759277,0.6270846724510193,-0.0282382033765316,0.7883940935134888,0.5616455674171448,-0.03245082125067711,0.7711475491523743,0.506895899772644,-0.038309697061777115,B
0.0,0.0,0.0,0.0,0.0,0.0,0.0,0.0,0.0,0.0,0.0,0.0,0.0,0.0,0.0,0.0,0.0,0.0,0.0,0.0,0.0,0.0,0.0,0.0,0.0,0.0,0.0,0.0,0.0,0.0,0.0,0.0,0.0,0.0,0.0,0.0,0.0,0.0,0.0,0.0,0.0,0.0,0.0,0.0,0.0,0.0,0.0,0.0,0.0,0.0,0.0,0.0,0.0,0.0,0.0,0.0,0.0,0.0,0.0,0.0,0.0,0.0,0.0,0.7790812849998474,1.0079145431518555,-1.822801181106115e-07,0.7113219499588013,0.915567934513092,0.07362763583660126,0.6978113055229187,0.8287877440452576,0.11480341851711273,0.686833381652832,0.7685180306434631,0.13639844954013824,0.6732200384140015,0.7291325330734253,0.1556382030248642,0.7445192337036133,0.6987149119377136,0.12466072291135788,0.7343355417251587,0.5984148979187012,0.14222663640975952,0.7162419557571411,0.5258268117904663,0.14269360899925232,0.7013449668884277,0.4676949083805084,0.1380009651184082,0.7653529644012451,0.6976345181465149,0.07564367353916168,0.7558186054229736,0.5672927498817444,0.08727850019931793,0.7393806576728821,0.48123934864997864,0.0794755220413208,0.7221027612686157,0.4090398848056793,0.06999186426401138,0.7836155891418457,0.7086715698242188,0.024963468313217163,0.7826312780380249,0.5818904042243958,0.02989622764289379,0.7702926397323608,0.4977574348449707,0.02006809413433075,0.7559110522270203,0.4295161962509155,0.008649611845612526,0.8013051748275757,0.7269316911697388,-0.02223142609000206,0.7999691963195801,0.622730016708374,-0.024396343156695366,0.7862750291824341,0.556262731552124,-0.030772723257541656,0.7689690589904785,0.5000838041305542,-0.03906404227018356,B
0.0,0.0,0.0,0.0,0.0,0.0,0.0,0.0,0.0,0.0,0.0,0.0,0.0,0.0,0.0,0.0,0.0,0.0,0.0,0.0,0.0,0.0,0.0,0.0,0.0,0.0,0.0,0.0,0.0,0.0,0.0,0.0,0.0,0.0,0.0,0.0,0.0,0.0,0.0,0.0,0.0,0.0,0.0,0.0,0.0,0.0,0.0,0.0,0.0,0.0,0.0,0.0,0.0,0.0,0.0,0.0,0.0,0.0,0.0,0.0,0.0,0.0,0.0,0.7733851075172424,1.0039684772491455,-1.3492785910784733e-07,0.7080543041229248,0.9129742980003357,0.06004295498132706,0.6956935524940491,0.8259087800979614,0.09311315417289734,0.6859127283096313,0.7646465301513672,0.10939433425664902,0.672404408454895,0.7225876450538635,0.12354729324579239,0.7392574548721313,0.6934935450553894,0.10238852351903915,0.729912281036377,0.589195191860199,0.11273554712533951,0.7129135131835938,0.5157392024993896,0.10928283631801605,0.6997082233428955,0.45521873235702515,0.10260199755430222,0.7599083185195923,0.691722571849823,0.059419333934783936,0.7515498399734497,0.5595346689224243,0.06453093886375427,0.7368456721305847,0.4728444814682007,0.054224252700805664,0.7223677039146423,0.3998093008995056,0.04372764751315117,0.7784892320632935,0.7044782638549805,0.014828287065029144,0.7795082330703735,0.5753580331802368,0.01585794799029827,0.7679543495178223,0.49101531505584717,0.005702035501599312,0.754859983921051,0.4221923351287842,-0.005198942497372627,0.7979245781898499,0.7280380129814148,-0.027114134281873703,0.7966858744621277,0.6202006340026855,-0.030648697167634964,0.7837146520614624,0.5524249076843262,-0.03592380881309509,0.7679483890533447,0.4950770139694214,-0.04275723174214363,B
0.0,0.0,0.0,0.0,0.0,0.0,0.0,0.0,0.0,0.0,0.0,0.0,0.0,0.0,0.0,0.0,0.0,0.0,0.0,0.0,0.0,0.0,0.0,0.0,0.0,0.0,0.0,0.0,0.0,0.0,0.0,0.0,0.0,0.0,0.0,0.0,0.0,0.0,0.0,0.0,0.0,0.0,0.0,0.0,0.0,0.0,0.0,0.0,0.0,0.0,0.0,0.0,0.0,0.0,0.0,0.0,0.0,0.0,0.0,0.0,0.0,0.0,0.0,0.7786035537719727,1.0070502758026123,-1.238903593048235e-07,0.7114921808242798,0.9173030257225037,0.060074422508478165,0.6972596049308777,0.8306601643562317,0.09349571168422699,0.6861691474914551,0.7699267864227295,0.1102972999215126,0.673050045967102,0.7253923416137695,0.1252763271331787,0.739957332611084,0.6966589093208313,0.10348974913358688,0.7310439944267273,0.5928213596343994,0.11374960094690323,0.7140176296234131,0.5193608403205872,0.11003410816192627,0.700796902179718,0.46004727482795715,0.10330942273139954,0.7607359886169434,0.6947458386421204,0.0610695518553257,0.7514354586601257,0.5614562034606934,0.06682737916707993,0.7369595170021057,0.47515761852264404,0.05704718455672264,0.7223402261734009,0.4013974368572235,0.046879447996616364,0.7795435190200806,0.7062133550643921,0.01688992604613304,0.7785589694976807,0.5771030783653259,0.018972883000969887,0.766735851764679,0.4926312565803528,0.009584379382431507,0.754142701625824,0.42381036281585693,-0.0011992253130301833,0.799834132194519,0.727791428565979,-0.02476770058274269,0.7969446778297424,0.6243443489074707,-0.027880948036909103,0.7838494777679443,0.5573729276657104,-0.03323318436741829,0.7690345644950867,0.5003702044487,-0.04027951881289482,B
0.0,0.0,0.0,0.0,0.0,0.0,0.0,0.0,0.0,0.0,0.0,0.0,0.0,0.0,0.0,0.0,0.0,0.0,0.0,0.0,0.0,0.0,0.0,0.0,0.0,0.0,0.0,0.0,0.0,0.0,0.0,0.0,0.0,0.0,0.0,0.0,0.0,0.0,0.0,0.0,0.0,0.0,0.0,0.0,0.0,0.0,0.0,0.0,0.0,0.0,0.0,0.0,0.0,0.0,0.0,0.0,0.0,0.0,0.0,0.0,0.0,0.0,0.0,0.7777478098869324,0.9982526898384094,-5.167897043634184e-08,0.7143310308456421,0.9179357290267944,0.04070531576871872,0.6991424560546875,0.8248670101165771,0.06511688232421875,0.69002765417099,0.7618317008018494,0.07652082294225693,0.6763667464256287,0.7192930579185486,0.08674595504999161,0.7415961623191833,0.6885554790496826,0.07876532524824142,0.7324447631835938,0.5838178396224976,0.081684410572052,0.7164917588233948,0.5117380619049072,0.0739651769399643,0.7046148180961609,0.4516804814338684,0.06531209498643875,0.7621737718582153,0.6825196146965027,0.0459853895008564,0.7532649040222168,0.554793119430542,0.04675338417291641,0.7396618127822876,0.470233291387558,0.036384109407663345,0.7268320322036743,0.3978147804737091,0.02659451961517334,0.7815960049629211,0.6930304169654846,0.010675601661205292,0.7825579047203064,0.567821204662323,0.009764899499714375,0.7717157006263733,0.487412691116333,0.0018787059234455228,0.7589572668075562,0.4203436076641083,-0.006706329993903637,0.8034768104553223,0.7175133228302002,-0.023802727460861206,0.8040602803230286,0.615495502948761,-0.026847386732697487,0.7922598719596863,0.5511500239372253,-0.029803724959492683,0.7766855359077454,0.49729424715042114,-0.0342700220644474,B
0.0,0.0,0.0,0.0,0.0,0.0,0.0,0.0,0.0,0.0,0.0,0.0,0.0,0.0,0.0,0.0,0.0,0.0,0.0,0.0,0.0,0.0,0.0,0.0,0.0,0.0,0.0,0.0,0.0,0.0,0.0,0.0,0.0,0.0,0.0,0.0,0.0,0.0,0.0,0.0,0.0,0.0,0.0,0.0,0.0,0.0,0.0,0.0,0.0,0.0,0.0,0.0,0.0,0.0,0.0,0.0,0.0,0.0,0.0,0.0,0.0,0.0,0.0,0.7903931140899658,0.9891588687896729,-1.5439410105955176e-07,0.719816267490387,0.9004473686218262,0.06667528301477432,0.7048982381820679,0.8121485114097595,0.10395237058401108,0.6946656703948975,0.7490454912185669,0.12356031686067581,0.6797319054603577,0.7039279341697693,0.1413569301366806,0.747869074344635,0.6722339391708374,0.11021048575639725,0.7385876178741455,0.568268358707428,0.12308210879564285,0.722111165523529,0.49568697810173035,0.12171494215726852,0.709216296672821,0.43561744689941406,0.11609956622123718,0.7699292302131653,0.6693638563156128,0.06461456418037415,0.7610365748405457,0.5381275415420532,0.07131379842758179,0.7462878823280334,0.45150092244148254,0.06299863755702972,0.7315502762794495,0.3787594735622406,0.05391479656100273,0.7886908054351807,0.6818999648094177,0.017599891871213913,0.790074348449707,0.5542512536048889,0.019552960991859436,0.7780507802963257,0.4708896279335022,0.011682306416332722,0.7650309801101685,0.40309837460517883,0.002290021628141403,0.8089324235916138,0.7055373191833496,-0.026329532265663147,0.8086271286010742,0.5998214483261108,-0.03026720881462097,0.7953163385391235,0.5327636003494263,-0.03544263541698456,0.7796182632446289,0.4768325090408325,-0.04199890047311783,B
0.0,0.0,0.0,0.0,0.0,0.0,0.0,0.0,0.0,0.0,0.0,0.0,0.0,0.0,0.0,0.0,0.0,0.0,0.0,0.0,0.0,0.0,0.0,0.0,0.0,0.0,0.0,0.0,0.0,0.0,0.0,0.0,0.0,0.0,0.0,0.0,0.0,0.0,0.0,0.0,0.0,0.0,0.0,0.0,0.0,0.0,0.0,0.0,0.0,0.0,0.0,0.0,0.0,0.0,0.0,0.0,0.0,0.0,0.0,0.0,0.0,0.0,0.0,0.7900688648223877,0.9829742908477783,-1.2985698560896708e-07,0.7194142937660217,0.8959119319915771,0.05991265922784805,0.7042399048805237,0.8058493733406067,0.09378025680780411,0.6936410069465637,0.7412654161453247,0.11119874566793442,0.6817142963409424,0.6973564028739929,0.12662963569164276,0.7494503259658813,0.66715008020401,0.10084772109985352,0.7402939796447754,0.5610717535018921,0.11090272665023804,0.7231462597846985,0.4868561029434204,0.1071530431509018,0.70993971824646,0.42552757263183594,0.10013795644044876,0.770756185054779,0.6645134687423706,0.05869058147072792,0.7620757818222046,0.5312240123748779,0.0640278309583664,0.7477825880050659,0.4433959722518921,0.05455422028899193,0.7340680360794067,0.36905911564826965,0.04457665607333183,0.7895516157150269,0.6772071123123169,0.014966585673391819,0.7901642918586731,0.5471065044403076,0.01680919900536537,0.7785683870315552,0.4617753028869629,0.0075762104243040085,0.7665549516677856,0.3921499252319336,-0.00315453065559268,0.8092044591903687,0.7011023759841919,-0.026242563501000404,0.8078134655952454,0.5958488583564758,-0.029732005670666695,0.794749915599823,0.5277782678604126,-0.035451944917440414,0.7799967527389526,0.4700048565864563,-0.04276720806956291,B
0.0,0.0,0.0,0.0,0.0,0.0,0.0,0.0,0.0,0.0,0.0,0.0,0.0,0.0,0.0,0.0,0.0,0.0,0.0,0.0,0.0,0.0,0.0,0.0,0.0,0.0,0.0,0.0,0.0,0.0,0.0,0.0,0.0,0.0,0.0,0.0,0.0,0.0,0.0,0.0,0.0,0.0,0.0,0.0,0.0,0.0,0.0,0.0,0.0,0.0,0.0,0.0,0.0,0.0,0.0,0.0,0.0,0.0,0.0,0.0,0.0,0.0,0.0,0.7835510969161987,0.9837697744369507,-8.543472063138324e-08,0.7161371111869812,0.8963156342506409,0.05106758326292038,0.7025266289710999,0.805318295955658,0.080502949655056,0.6934821605682373,0.7407476305961609,0.09500537067651749,0.6826956272125244,0.7012038826942444,0.10763554275035858,0.7450586557388306,0.6693437099456787,0.0895872563123703,0.7384046912193298,0.5641447305679321,0.09648416191339493,0.723522424697876,0.49177807569503784,0.09110218286514282,0.7115821242332458,0.43082207441329956,0.0828332006931305,0.7666148543357849,0.6651549935340881,0.05064811930060387,0.7595385909080505,0.5337062478065491,0.05147242918610573,0.7461981177330017,0.44718390703201294,0.039819810539484024,0.7329028844833374,0.37260711193084717,0.028870124369859695,0.7862939834594727,0.6789057850837708,0.009958029724657536,0.7876098155975342,0.5488775968551636,0.007581865880638361,0.7765373587608337,0.4661084711551666,-0.0028880333993583918,0.7634373903274536,0.3955485224723816,-0.013549176044762135,0.8087169528007507,0.7061654329299927,-0.028766900300979614,0.8082994222640991,0.5993449091911316,-0.03551747649908066,0.7955546975135803,0.531165599822998,-0.04210977628827095,0.7801410555839539,0.4716031551361084,-0.04943478852510452,B
0.0,0.0,0.0,0.0,0.0,0.0,0.0,0.0,0.0,0.0,0.0,0.0,0.0,0.0,0.0,0.0,0.0,0.0,0.0,0.0,0.0,0.0,0.0,0.0,0.0,0.0,0.0,0.0,0.0,0.0,0.0,0.0,0.0,0.0,0.0,0.0,0.0,0.0,0.0,0.0,0.0,0.0,0.0,0.0,0.0,0.0,0.0,0.0,0.0,0.0,0.0,0.0,0.0,0.0,0.0,0.0,0.0,0.0,0.0,0.0,0.0,0.0,0.0,0.7922927141189575,0.9837689995765686,-1.2468282761801674e-07,0.7198793888092041,0.8946833610534668,0.06782156974077225,0.7034790515899658,0.8076609373092651,0.10599617660045624,0.6919807195663452,0.7444438338279724,0.12549109756946564,0.6790708899497986,0.7043391466140747,0.1426241099834442,0.7487028241157532,0.674518346786499,0.11609921604394913,0.7412171363830566,0.5707005262374878,0.13025356829166412,0.7253395915031433,0.4960692226886749,0.12840142846107483,0.7120898962020874,0.43491795659065247,0.12206690013408661,0.7708975672721863,0.6720560193061829,0.0690230280160904,0.7623137831687927,0.5385591387748718,0.07663845270872116,0.7479483485221863,0.4505496621131897,0.06689716130495071,0.732947587966919,0.37551483511924744,0.05646255984902382,0.7904624342918396,0.6827216744422913,0.020196041092276573,0.7896503806114197,0.5526953339576721,0.022042755037546158,0.7779504656791687,0.46800464391708374,0.011583171784877777,0.7648230195045471,0.3984812796115875,0.0003487991925794631,0.8101769089698792,0.7024868726730347,-0.025604143738746643,0.8076886534690857,0.5947515964508057,-0.029257945716381073,0.7941539883613586,0.5266512632369995,-0.03560708463191986,0.7781277894973755,0.468867689371109,-0.04357307404279709,B
0.0,0.0,0.0,0.0,0.0,0.0,0.0,0.0,0.0,0.0,0.0,0.0,0.0,0.0,0.0,0.0,0.0,0.0,0.0,0.0,0.0,0.0,0.0,0.0,0.0,0.0,0.0,0.0,0.0,0.0,0.0,0.0,0.0,0.0,0.0,0.0,0.0,0.0,0.0,0.0,0.0,0.0,0.0,0.0,0.0,0.0,0.0,0.0,0.0,0.0,0.0,0.0,0.0,0.0,0.0,0.0,0.0,0.0,0.0,0.0,0.0,0.0,0.0,0.7929734587669373,0.9842895865440369,-1.3583719749021839e-07,0.7202652096748352,0.892090380191803,0.07138009369373322,0.7037011981010437,0.8037002086639404,0.11179828643798828,0.6930392980575562,0.7425438761711121,0.13285981118679047,0.6792860627174377,0.7034191489219666,0.1511857509613037,0.7490803599357605,0.6730419397354126,0.11971481144428253,0.7407035231590271,0.568370521068573,0.13508272171020508,0.7256940007209778,0.49287205934524536,0.1336035579442978,0.7133773565292358,0.432184100151062,0.12717364728450775,0.7711979150772095,0.6715870499610901,0.07047343254089355,0.7613095641136169,0.5359784960746765,0.07861712574958801,0.7479118704795837,0.44827377796173096,0.06747341901063919,0.7341238856315613,0.3731011748313904,0.05566328763961792,0.7903947830200195,0.6822353601455688,0.019662637263536453,0.7883462905883789,0.550917387008667,0.02134333737194538,0.7773707509040833,0.465689480304718,0.008137725293636322,0.7654540538787842,0.3958652913570404,-0.005603067111223936,0.8097272515296936,0.7015028595924377,-0.02768440544605255,0.8073433637619019,0.595241129398346,-0.032545942813158035,0.7941845059394836,0.5265469551086426,-0.04152436926960945,0.7791780233383179,0.46709364652633667,-0.05194312706589699,B
0.0,0.0,0.0,0.0,0.0,0.0,0.0,0.0,0.0,0.0,0.0,0.0,0.0,0.0,0.0,0.0,0.0,0.0,0.0,0.0,0.0,0.0,0.0,0.0,0.0,0.0,0.0,0.0,0.0,0.0,0.0,0.0,0.0,0.0,0.0,0.0,0.0,0.0,0.0,0.0,0.0,0.0,0.0,0.0,0.0,0.0,0.0,0.0,0.0,0.0,0.0,0.0,0.0,0.0,0.0,0.0,0.0,0.0,0.0,0.0,0.0,0.0,0.0,0.7836511135101318,0.979649007320404,1.1680030809202435e-07,0.7181422710418701,0.903681755065918,0.022573282942175865,0.6996341347694397,0.8066294193267822,0.03551460802555084,0.6904799938201904,0.7394118309020996,0.03781307861208916,0.6802977919578552,0.7019232511520386,0.039118219166994095,0.7433870434761047,0.6693588495254517,0.058020614087581635,0.7385504245758057,0.5630132555961609,0.05396008491516113,0.7253929972648621,0.4898914098739624,0.04072194918990135,0.7153759002685547,0.42909374833106995,0.028609588742256165,0.7632453441619873,0.6635375022888184,0.03167899325489998,0.7561357021331787,0.5331122279167175,0.02748940698802471,0.7432738542556763,0.4462333917617798,0.014056511223316193,0.7311182618141174,0.37038445472717285,0.0024040883872658014,0.7836393117904663,0.6758056879043579,0.0017353618750348687,0.7837222218513489,0.5463037490844727,-0.0021356302313506603,0.7731889486312866,0.46365684270858765,-0.011862578801810741,0.761043131351471,0.39404043555259705,-0.02157234027981758,0.8066283464431763,0.7026366591453552,-0.029098547995090485,0.8073405027389526,0.5998632311820984,-0.033298514783382416,0.7960688471794128,0.5322281718254089,-0.03713853284716606,0.7820104956626892,0.4723239541053772,-0.04221443086862564,B
0.0,0.0,0.0,0.0,0.0,0.0,0.0,0.0,0.0,0.0,0.0,0.0,0.0,0.0,0.0,0.0,0.0,0.0,0.0,0.0,0.0,0.0,0.0,0.0,0.0,0.0,0.0,0.0,0.0,0.0,0.0,0.0,0.0,0.0,0.0,0.0,0.0,0.0,0.0,0.0,0.0,0.0,0.0,0.0,0.0,0.0,0.0,0.0,0.0,0.0,0.0,0.0,0.0,0.0,0.0,0.0,0.0,0.0,0.0,0.0,0.0,0.0,0.0,0.7883166670799255,0.9873853921890259,-2.7106718647473826e-08,0.7183930277824402,0.9023223519325256,0.04149731621146202,0.7018469572067261,0.804484486579895,0.06473135948181152,0.6918904781341553,0.7371808290481567,0.07416949421167374,0.6784594655036926,0.6968559622764587,0.08192646503448486,0.7479526400566101,0.6675742864608765,0.07855957001447678,0.7418732643127441,0.5609990954399109,0.08039633184671402,0.7271074652671814,0.4864864945411682,0.07108993083238602,0.7156006693840027,0.42487913370132446,0.06126446649432182,0.7688927054405212,0.6629459261894226,0.04364217072725296,0.7629209756851196,0.5316947102546692,0.04418649524450302,0.7493828535079956,0.4432815909385681,0.033819783478975296,0.7363919615745544,0.3685327470302582,0.023997973650693893,0.7889808416366577,0.6754852533340454,0.006053995341062546,0.7905646562576294,0.5459823608398438,0.006260444410145283,0.7802122831344604,0.4619083106517792,-0.001005851081572473,0.7690685987472534,0.39203593134880066,-0.00978937093168497,0.8093053102493286,0.7019729614257812,-0.03099040687084198,0.809076189994812,0.596237301826477,-0.033556148409843445,0.798466682434082,0.5287675261497498,-0.036211203783750534,0.7861967086791992,0.47089701890945435,-0.0407782681286335,B
0.0,0.0,0.0,0.0,0.0,0.0,0.0,0.0,0.0,0.0,0.0,0.0,0.0,0.0,0.0,0.0,0.0,0.0,0.0,0.0,0.0,0.0,0.0,0.0,0.0,0.0,0.0,0.0,0.0,0.0,0.0,0.0,0.0,0.0,0.0,0.0,0.0,0.0,0.0,0.0,0.0,0.0,0.0,0.0,0.0,0.0,0.0,0.0,0.0,0.0,0.0,0.0,0.0,0.0,0.0,0.0,0.0,0.0,0.0,0.0,0.0,0.0,0.0,0.7905167937278748,0.9816231727600098,-1.532608762122578e-10,0.7216130495071411,0.8992641568183899,0.037062570452690125,0.7024170160293579,0.8019309639930725,0.0593828409910202,0.6918222308158875,0.7335269451141357,0.06870869547128677,0.6803020238876343,0.6943754553794861,0.07661169022321701,0.7470169067382812,0.665147066116333,0.07754107564687729,0.7414929270744324,0.5588486194610596,0.07985981553792953,0.7274580001831055,0.484896719455719,0.07040253281593323,0.7165785431861877,0.42342299222946167,0.059857096523046494,0.76835036277771,0.6586694121360779,0.04510050266981125,0.7616513967514038,0.526604413986206,0.04438279941678047,0.7484241127967834,0.438932865858078,0.03188745304942131,0.7356342673301697,0.362699031829834,0.020442092791199684,0.7889553904533386,0.6704185605049133,0.00968667957931757,0.7898464798927307,0.5407018661499023,0.00807306170463562,0.779304027557373,0.4572758376598358,-0.0015806450974196196,0.7673178315162659,0.3868545591831207,-0.011951697058975697,0.8129506707191467,0.6969125866889954,-0.02538803219795227,0.8126085996627808,0.592866063117981,-0.0291149765253067,0.8004720211029053,0.525684118270874,-0.03352951630949974,0.7860690951347351,0.4665924310684204,-0.039623528718948364,B
0.0,0.0,0.0,0.0,0.0,0.0,0.0,0.0,0.0,0.0,0.0,0.0,0.0,0.0,0.0,0.0,0.0,0.0,0.0,0.0,0.0,0.0,0.0,0.0,0.0,0.0,0.0,0.0,0.0,0.0,0.0,0.0,0.0,0.0,0.0,0.0,0.0,0.0,0.0,0.0,0.0,0.0,0.0,0.0,0.0,0.0,0.0,0.0,0.0,0.0,0.0,0.0,0.0,0.0,0.0,0.0,0.0,0.0,0.0,0.0,0.0,0.0,0.0,0.7934618592262268,0.9804854393005371,-1.3087999661820504e-07,0.7206137180328369,0.8956700563430786,0.05859849974513054,0.7035229206085205,0.8027703166007996,0.09447596967220306,0.6934432983398438,0.735102117061615,0.11396213620901108,0.6811628937721252,0.6952438354492188,0.13167650997638702,0.7509630918502808,0.6675443053245544,0.1076713353395462,0.744576632976532,0.5621405243873596,0.12071587890386581,0.7295263409614563,0.48687660694122314,0.11791564524173737,0.7172317504882812,0.42585453391075134,0.11095362156629562,0.7733381390571594,0.6613388061523438,0.06652121245861053,0.765590250492096,0.527371883392334,0.07288017123937607,0.7514718770980835,0.4388348162174225,0.06253067404031754,0.7370313405990601,0.36359667778015137,0.05202643200755119,0.793127179145813,0.6713070273399353,0.02322249673306942,0.7929333448410034,0.5403493046760559,0.02510228008031845,0.7813677191734314,0.4548494517803192,0.014241542667150497,0.769020140171051,0.3841233551502228,0.0025630828458815813,0.8152033686637878,0.6929811239242554,-0.017732737585902214,0.8125355839729309,0.5878418684005737,-0.020894275978207588,0.7991411089897156,0.5197058916091919,-0.02746264822781086,0.7841198444366455,0.46044307947158813,-0.03564491495490074,B
0.0,0.0,0.0,0.0,0.0,0.0,0.0,0.0,0.0,0.0,0.0,0.0,0.0,0.0,0.0,0.0,0.0,0.0,0.0,0.0,0.0,0.0,0.0,0.0,0.0,0.0,0.0,0.0,0.0,0.0,0.0,0.0,0.0,0.0,0.0,0.0,0.0,0.0,0.0,0.0,0.0,0.0,0.0,0.0,0.0,0.0,0.0,0.0,0.0,0.0,0.0,0.0,0.0,0.0,0.0,0.0,0.0,0.0,0.0,0.0,0.0,0.0,0.0,0.795976996421814,0.9771906137466431,-1.5648859630346124e-07,0.723569929599762,0.8909612894058228,0.07225551456212997,0.7073156833648682,0.8015289306640625,0.11491242051124573,0.6953126192092896,0.7369928956031799,0.13841810822486877,0.6820563077926636,0.6929237842559814,0.1599135845899582,0.7533380389213562,0.664349377155304,0.1275673657655716,0.7458932995796204,0.5606367588043213,0.1463189721107483,0.7299599051475525,0.4867020547389984,0.14712603390216827,0.7166852951049805,0.4269111454486847,0.14241771399974823,0.7750590443611145,0.6596101522445679,0.07998567819595337,0.7682110071182251,0.5255300998687744,0.09221784770488739,0.7534617185592651,0.43857884407043457,0.08436539024114609,0.7372370362281799,0.36426058411598206,0.07492248713970184,0.7939391732215881,0.6688819527626038,0.030472107231616974,0.7954270839691162,0.5389339923858643,0.0360274575650692,0.7840080857276917,0.4538428783416748,0.026885351166129112,0.7708492279052734,0.3847503960132599,0.01607532799243927,0.8137450218200684,0.6878679990768433,-0.01578725501894951,0.8127762079238892,0.5816630721092224,-0.01632242277264595,0.799882173538208,0.5131452679634094,-0.02157532051205635,0.7843648791313171,0.4551904499530792,-0.029172400012612343,B
0.0,0.0,0.0,0.0,0.0,0.0,0.0,0.0,0.0,0.0,0.0,0.0,0.0,0.0,0.0,0.0,0.0,0.0,0.0,0.0,0.0,0.0,0.0,0.0,0.0,0.0,0.0,0.0,0.0,0.0,0.0,0.0,0.0,0.0,0.0,0.0,0.0,0.0,0.0,0.0,0.0,0.0,0.0,0.0,0.0,0.0,0.0,0.0,0.0,0.0,0.0,0.0,0.0,0.0,0.0,0.0,0.0,0.0,0.0,0.0,0.0,0.0,0.0,0.7912045121192932,0.9833438396453857,-3.577039109359248e-08,0.7212040424346924,0.8993124961853027,0.04086170718073845,0.704548716545105,0.8011161088943481,0.06623387336730957,0.6945130825042725,0.7324531674385071,0.07852660119533539,0.6820186376571655,0.6924327611923218,0.08935537189245224,0.7502843737602234,0.6636537313461304,0.08136305212974548,0.7449889183044434,0.5555705428123474,0.08541296422481537,0.7313601970672607,0.4819006323814392,0.0772906169295311,0.7201943397521973,0.4197027385234833,0.0676257461309433,0.7714411020278931,0.6569189429283142,0.04823675751686096,0.7664324641227722,0.5251045227050781,0.048852670937776566,0.7532095909118652,0.43876516819000244,0.037365786731243134,0.7399519681930542,0.364328533411026,0.02665495127439499,0.7913991808891296,0.6692349910736084,0.01256383117288351,0.7938727736473083,0.5394205451011658,0.011797802522778511,0.7839755415916443,0.45738255977630615,0.003246659180149436,0.7722237706184387,0.3875676989555359,-0.006171667482703924,0.8145952224731445,0.6969994902610779,-0.022351332008838654,0.8162177801132202,0.5911476016044617,-0.02566329576075077,0.8056401014328003,0.5236104726791382,-0.02931210957467556,0.7922520041465759,0.4646797478199005,-0.034620895981788635,B
0.0,0.0,0.0,0.0,0.0,0.0,0.0,0.0,0.0,0.0,0.0,0.0,0.0,0.0,0.0,0.0,0.0,0.0,0.0,0.0,0.0,0.0,0.0,0.0,0.0,0.0,0.0,0.0,0.0,0.0,0.0,0.0,0.0,0.0,0.0,0.0,0.0,0.0,0.0,0.0,0.0,0.0,0.0,0.0,0.0,0.0,0.0,0.0,0.0,0.0,0.0,0.0,0.0,0.0,0.0,0.0,0.0,0.0,0.0,0.0,0.0,0.0,0.0,0.7927181720733643,0.9805560111999512,-3.106582369127864e-08,0.7211063504219055,0.8981029391288757,0.03930846229195595,0.7025607228279114,0.8022235035896301,0.06447981297969818,0.6932083368301392,0.7336111068725586,0.07679156959056854,0.6827727556228638,0.692766010761261,0.08767357468605042,0.749172568321228,0.6661680936813354,0.08079410344362259,0.7422341704368591,0.5568108558654785,0.08544927835464478,0.727803647518158,0.48260170221328735,0.07759872078895569,0.7161328792572021,0.4204620122909546,0.06813335418701172,0.7710203528404236,0.6589336395263672,0.04854157567024231,0.7641392946243286,0.5252834558486938,0.04974687844514847,0.7511557936668396,0.43745365738868713,0.03768821060657501,0.738447904586792,0.3623615801334381,0.02634601481258869,0.7915726900100708,0.6700166463851929,0.013587023131549358,0.7928290367126465,0.5398200750350952,0.013346671126782894,0.7832494974136353,0.45664337277412415,0.003364984877407551,0.7718293070793152,0.38706499338150024,-0.007339857518672943,0.8152831196784973,0.6958097815513611,-0.020715685561299324,0.8154808878898621,0.5913903117179871,-0.02375802770256996,0.8037128448486328,0.5231152772903442,-0.028555914759635925,0.78922039270401,0.46395060420036316,-0.03497039154171944,B
0.0,0.0,0.0,0.0,0.0,0.0,0.0,0.0,0.0,0.0,0.0,0.0,0.0,0.0,0.0,0.0,0.0,0.0,0.0,0.0,0.0,0.0,0.0,0.0,0.0,0.0,0.0,0.0,0.0,0.0,0.0,0.0,0.0,0.0,0.0,0.0,0.0,0.0,0.0,0.0,0.0,0.0,0.0,0.0,0.0,0.0,0.0,0.0,0.0,0.0,0.0,0.0,0.0,0.0,0.0,0.0,0.0,0.0,0.0,0.0,0.0,0.0,0.0,0.7981793880462646,0.9778871536254883,-1.3478320681770128e-07,0.727099597454071,0.8896981477737427,0.07354672998189926,0.7091981768608093,0.8019887208938599,0.11607901006937027,0.6970748901367188,0.7401729226112366,0.1389899104833603,0.6805668473243713,0.6941348314285278,0.15958483517169952,0.753231942653656,0.6694046258926392,0.1255323588848114,0.7444446086883545,0.5636142492294312,0.14344817399978638,0.729171097278595,0.48869216442108154,0.14390841126441956,0.7165392637252808,0.42796435952186584,0.1386052966117859,0.7756831645965576,0.6647995114326477,0.0754019096493721,0.7659293413162231,0.5280130505561829,0.08471965044736862,0.7512035369873047,0.4404502213001251,0.07384239137172699,0.7354326844215393,0.3651635944843292,0.0622771792113781,0.7951108813285828,0.6731367111206055,0.023767521604895592,0.7920941710472107,0.5417425632476807,0.026070598512887955,0.7802863717079163,0.4566340744495392,0.013729695230722427,0.7668854594230652,0.38681069016456604,0.0008306230301968753,0.8157181143760681,0.6903174519538879,-0.02420838549733162,0.812027633190155,0.5821985006332397,-0.027902107685804367,0.7983551621437073,0.5131386518478394,-0.0355369858443737,0.7821388840675354,0.4541066884994507,-0.04489285498857498,B
0.0,0.0,0.0,0.0,0.0,0.0,0.0,0.0,0.0,0.0,0.0,0.0,0.0,0.0,0.0,0.0,0.0,0.0,0.0,0.0,0.0,0.0,0.0,0.0,0.0,0.0,0.0,0.0,0.0,0.0,0.0,0.0,0.0,0.0,0.0,0.0,0.0,0.0,0.0,0.0,0.0,0.0,0.0,0.0,0.0,0.0,0.0,0.0,0.0,0.0,0.0,0.0,0.0,0.0,0.0,0.0,0.0,0.0,0.0,0.0,0.0,0.0,0.0,0.7949913144111633,0.9806874990463257,-4.812774179185908e-08,0.7249020338058472,0.8958463072776794,0.04989474266767502,0.7066327929496765,0.801653265953064,0.07922004163265228,0.6950011253356934,0.7355220317840576,0.09357384592294693,0.6827208399772644,0.6921682357788086,0.10611939430236816,0.7490447759628296,0.6624501943588257,0.0919530987739563,0.7416901588439941,0.5541797876358032,0.09980162233114243,0.7264675498008728,0.48080766201019287,0.09446486830711365,0.7141228318214417,0.41861391067504883,0.08625689893960953,0.7714234590530396,0.6566868424415588,0.054080650210380554,0.764833390712738,0.5238267183303833,0.05730419605970383,0.7515431046485901,0.43722209334373474,0.04626959562301636,0.7382144927978516,0.36214762926101685,0.03534429147839546,0.7919439673423767,0.6690239906311035,0.014143307693302631,0.7942142486572266,0.5400491952896118,0.014932563528418541,0.784018874168396,0.4573446810245514,0.005608132109045982,0.7716118097305298,0.3879750669002533,-0.00494407070800662,0.8147004842758179,0.6957829594612122,-0.024206142872571945,0.8150559663772583,0.5901840925216675,-0.026689574122428894,0.8032434582710266,0.5230373740196228,-0.030771976336836815,0.7884684205055237,0.46564817428588867,-0.03691250830888748,B
0.0,0.0,0.0,0.0,0.0,0.0,0.0,0.0,0.0,0.0,0.0,0.0,0.0,0.0,0.0,0.0,0.0,0.0,0.0,0.0,0.0,0.0,0.0,0.0,0.0,0.0,0.0,0.0,0.0,0.0,0.0,0.0,0.0,0.0,0.0,0.0,0.0,0.0,0.0,0.0,0.0,0.0,0.0,0.0,0.0,0.0,0.0,0.0,0.0,0.0,0.0,0.0,0.0,0.0,0.0,0.0,0.0,0.0,0.0,0.0,0.0,0.0,0.0,0.7932210564613342,0.9759501218795776,-1.0847965370430757e-07,0.7227077484130859,0.8905215263366699,0.06184186413884163,0.7061082124710083,0.7995877265930176,0.09726941585540771,0.6961262822151184,0.734876275062561,0.11514291167259216,0.6842260360717773,0.6910983324050903,0.13053087890148163,0.7511654496192932,0.6606798768043518,0.10875862091779709,0.7437984347343445,0.5554450750350952,0.12171464413404465,0.7298082113265991,0.481585294008255,0.11883890628814697,0.7188986539840698,0.4201020300388336,0.11148330569267273,0.7731679677963257,0.6558311581611633,0.06437123566865921,0.7656053900718689,0.5221282243728638,0.07051124423742294,0.7526103854179382,0.43483659625053406,0.059046316891908646,0.7394012212753296,0.35861292481422424,0.047255661338567734,0.7929962277412415,0.6670225858688354,0.018233146518468857,0.7930492162704468,0.5368061661720276,0.0191951971501112,0.7824341058731079,0.45250481367111206,0.00787707045674324,0.7697401642799377,0.38180097937583923,-0.004326773341745138,0.8151780366897583,0.6905727386474609,-0.02527407556772232,0.8133277893066406,0.5837377309799194,-0.02924664504826069,0.8002466559410095,0.5150383710861206,-0.03578989580273628,0.7842777967453003,0.45541244745254517,-0.044178854674100876,B
0.0,0.0,0.0,0.0,0.0,0.0,0.0,0.0,0.0,0.0,0.0,0.0,0.0,0.0,0.0,0.0,0.0,0.0,0.0,0.0,0.0,0.0,0.0,0.0,0.0,0.0,0.0,0.0,0.0,0.0,0.0,0.0,0.0,0.0,0.0,0.0,0.0,0.0,0.0,0.0,0.0,0.0,0.0,0.0,0.0,0.0,0.0,0.0,0.0,0.0,0.0,0.0,0.0,0.0,0.0,0.0,0.0,0.0,0.0,0.0,0.0,0.0,0.0,0.8011348247528076,0.9821459054946899,-1.0910166281519196e-07,0.7275962829589844,0.8992462158203125,0.06476433575153351,0.7075468301773071,0.8080822229385376,0.10319563001394272,0.6952616572380066,0.7427048087120056,0.12396793812513351,0.6808029413223267,0.6958058476448059,0.1427241861820221,0.7524630427360535,0.6692457795143127,0.11393463611602783,0.7439074516296387,0.5636168718338013,0.12957139313220978,0.7288785576820374,0.4901387691497803,0.1286374181509018,0.7167145013809204,0.4291173815727234,0.12285356968641281,0.7745466232299805,0.6634764671325684,0.06922897696495056,0.7654760479927063,0.5287337303161621,0.07775705307722092,0.7510100603103638,0.4405820071697235,0.06866832077503204,0.7368008494377136,0.3661520183086395,0.05886443704366684,0.7943344712257385,0.6734938621520996,0.022723764181137085,0.7924663424491882,0.5418903827667236,0.025674518197774887,0.7813147306442261,0.45713019371032715,0.015963690355420113,0.7688580751419067,0.38685616850852966,0.005124736111611128,0.8158267140388489,0.6948830485343933,-0.021019823849201202,0.8138124942779541,0.5870832800865173,-0.023321563377976418,0.8007045984268188,0.5187638401985168,-0.028639616444706917,0.7851833701133728,0.46025189757347107,-0.03594440221786499,B
0.0,0.0,0.0,0.0,0.0,0.0,0.0,0.0,0.0,0.0,0.0,0.0,0.0,0.0,0.0,0.0,0.0,0.0,0.0,0.0,0.0,0.0,0.0,0.0,0.0,0.0,0.0,0.0,0.0,0.0,0.0,0.0,0.0,0.0,0.0,0.0,0.0,0.0,0.0,0.0,0.0,0.0,0.0,0.0,0.0,0.0,0.0,0.0,0.0,0.0,0.0,0.0,0.0,0.0,0.0,0.0,0.0,0.0,0.0,0.0,0.0,0.0,0.0,0.7956302165985107,0.9861592054367065,-1.4766192180104554e-07,0.7233068346977234,0.8980306386947632,0.06928474456071854,0.7058630585670471,0.8108319640159607,0.10808956623077393,0.694248378276825,0.7467926740646362,0.12781977653503418,0.6796553730964661,0.7031300067901611,0.14462117850780487,0.7522690892219543,0.6745311617851257,0.1168273463845253,0.7427504062652588,0.5673786997795105,0.1318933665752411,0.7266486883163452,0.4924706816673279,0.13045164942741394,0.7133163213729858,0.4309823215007782,0.12428028881549835,0.7751774191856384,0.6710194945335388,0.06900736689567566,0.7658897638320923,0.5345892906188965,0.07705125957727432,0.7514890432357788,0.44681254029273987,0.06646272540092468,0.7369077205657959,0.3725222051143646,0.05513402074575424,0.7950894236564636,0.6809695363044739,0.019620979204773903,0.7945550680160522,0.5502569675445557,0.02154223807156086,0.7838541865348816,0.46441489458084106,0.00906416680663824,0.7712152004241943,0.39484307169914246,-0.003949947189539671,0.81485515832901,0.7010943293571472,-0.026436995714902878,0.8138099908828735,0.5936490297317505,-0.0295245461165905,0.8010415434837341,0.5249109268188477,-0.036508988589048386,0.7851096391677856,0.4664306640625,-0.04547950625419617,B
0.0,0.0,0.0,0.0,0.0,0.0,0.0,0.0,0.0,0.0,0.0,0.0,0.0,0.0,0.0,0.0,0.0,0.0,0.0,0.0,0.0,0.0,0.0,0.0,0.0,0.0,0.0,0.0,0.0,0.0,0.0,0.0,0.0,0.0,0.0,0.0,0.0,0.0,0.0,0.0,0.0,0.0,0.0,0.0,0.0,0.0,0.0,0.0,0.0,0.0,0.0,0.0,0.0,0.0,0.0,0.0,0.0,0.0,0.0,0.0,0.0,0.0,0.0,0.7895745635032654,0.988644003868103,-1.3537740528590803e-07,0.7221511006355286,0.9033068418502808,0.05832261964678764,0.7062972187995911,0.8170130252838135,0.09203483909368515,0.6953324675559998,0.753405749797821,0.1098499745130539,0.6798582077026367,0.7042312026023865,0.12591905891895294,0.7508174777030945,0.6806139945983887,0.10120344161987305,0.7413899898529053,0.5731714367866516,0.11242058873176575,0.7254448533058167,0.4995384216308594,0.10919005423784256,0.7129123210906982,0.43837541341781616,0.10251019895076752,0.7719542980194092,0.6758935451507568,0.06029878929257393,0.7623648643493652,0.5406426787376404,0.06549214571714401,0.749518096446991,0.4534224271774292,0.05481971055269241,0.7367984652519226,0.37915366888046265,0.043996088206768036,0.790680468082428,0.6854758262634277,0.017861928790807724,0.7903133630752563,0.5549288988113403,0.019533555954694748,0.7808956503868103,0.47031068801879883,0.009445157833397388,0.7697749137878418,0.4007706344127655,-0.0017283398192375898,0.8128625154495239,0.7058544158935547,-0.022033963352441788,0.8106783628463745,0.6002165079116821,-0.025083886459469795,0.797768771648407,0.5312532186508179,-0.030682997778058052,0.7822475433349609,0.47202304005622864,-0.03794674202799797,B
0.0,0.0,0.0,0.0,0.0,0.0,0.0,0.0,0.0,0.0,0.0,0.0,0.0,0.0,0.0,0.0,0.0,0.0,0.0,0.0,0.0,0.0,0.0,0.0,0.0,0.0,0.0,0.0,0.0,0.0,0.0,0.0,0.0,0.0,0.0,0.0,0.0,0.0,0.0,0.0,0.0,0.0,0.0,0.0,0.0,0.0,0.0,0.0,0.0,0.0,0.0,0.0,0.0,0.0,0.0,0.0,0.0,0.0,0.0,0.0,0.0,0.0,0.0,0.7821671366691589,1.0177006721496582,-1.6419900816799782e-07,0.7167414426803589,0.9340332746505737,0.05603782832622528,0.7028212547302246,0.8391939401626587,0.08832929283380508,0.6934995055198669,0.7735921144485474,0.10430886596441269,0.6729775071144104,0.7331168055534363,0.11776035279035568,0.7481353878974915,0.7015162706375122,0.09865589439868927,0.7377994656562805,0.5960794687271118,0.11002973467111588,0.7225440144538879,0.5259965658187866,0.10634072870016098,0.7102859616279602,0.46502843499183655,0.09876463562250137,0.7699164152145386,0.6933819651603699,0.05766810476779938,0.7595891356468201,0.564523458480835,0.06386138498783112,0.7450690269470215,0.47789695858955383,0.05341928079724312,0.7317220568656921,0.4046137034893036,0.0423942431807518,0.7891295552253723,0.7046236991882324,0.014952203258872032,0.7887595295906067,0.575776994228363,0.016676688566803932,0.7783898711204529,0.49221521615982056,0.005615578033030033,0.7657257318496704,0.42267856001853943,-0.006283345632255077,0.8100723028182983,0.729164183139801,-0.025516588240861893,0.8099956512451172,0.6236646175384521,-0.02737390249967575,0.7955940365791321,0.5578478574752808,-0.031891778111457825,0.7773482203483582,0.5017476081848145,-0.038736119866371155,B
0.0,0.0,0.0,0.0,0.0,0.0,0.0,0.0,0.0,0.0,0.0,0.0,0.0,0.0,0.0,0.0,0.0,0.0,0.0,0.0,0.0,0.0,0.0,0.0,0.0,0.0,0.0,0.0,0.0,0.0,0.0,0.0,0.0,0.0,0.0,0.0,0.0,0.0,0.0,0.0,0.0,0.0,0.0,0.0,0.0,0.0,0.0,0.0,0.0,0.0,0.0,0.0,0.0,0.0,0.0,0.0,0.0,0.0,0.0,0.0,0.0,0.0,0.0,0.782353401184082,1.018159031867981,-8.72358114634153e-08,0.7173166275024414,0.9381507039070129,0.0464581698179245,0.7005696892738342,0.845869779586792,0.07293032854795456,0.6912386417388916,0.7799684405326843,0.08466577529907227,0.6778504848480225,0.7427096962928772,0.09452582150697708,0.7436865568161011,0.7069354057312012,0.08630157262086868,0.7348629832267761,0.6039777398109436,0.09329111874103546,0.7195032238960266,0.5333749055862427,0.08745807409286499,0.7066888213157654,0.47354015707969666,0.07887349277734756,0.7647855877876282,0.700123131275177,0.04955870285630226,0.7570004463195801,0.5731993317604065,0.05320879817008972,0.7429060935974121,0.48864954710006714,0.04324990138411522,0.7288199067115784,0.4175044894218445,0.032928530126810074,0.784086287021637,0.7115113139152527,0.010617570020258427,0.7849902510643005,0.5851843357086182,0.011628962121903896,0.7741827964782715,0.5044177770614624,0.002958098193630576,0.7605220675468445,0.4376078248023987,-0.007237285375595093,0.8055696487426758,0.736359179019928,-0.027163010090589523,0.8068617582321167,0.6354281306266785,-0.029637491330504417,0.7934358716011047,0.5710253119468689,-0.033632975071668625,0.7758885025978088,0.5164178609848022,-0.03974853456020355,B
0.0,0.0,0.0,0.0,0.0,0.0,0.0,0.0,0.0,0.0,0.0,0.0,0.0,0.0,0.0,0.0,0.0,0.0,0.0,0.0,0.0,0.0,0.0,0.0,0.0,0.0,0.0,0.0,0.0,0.0,0.0,0.0,0.0,0.0,0.0,0.0,0.0,0.0,0.0,0.0,0.0,0.0,0.0,0.0,0.0,0.0,0.0,0.0,0.0,0.0,0.0,0.0,0.0,0.0,0.0,0.0,0.0,0.0,0.0,0.0,0.0,0.0,0.0,0.7834998965263367,1.0108952522277832,-1.211693358982302e-07,0.717300534248352,0.9263663291931152,0.05546899139881134,0.6991625428199768,0.8346759676933289,0.0862002819776535,0.687088131904602,0.7694783210754395,0.10084620863199234,0.6728792190551758,0.7297073602676392,0.11342421919107437,0.7432522177696228,0.6994234323501587,0.09672562777996063,0.7332336902618408,0.5958578586578369,0.10583135485649109,0.7166833877563477,0.5238803625106812,0.10077612102031708,0.7031071186065674,0.46394869685173035,0.0926671251654625,0.7653980255126953,0.6947171688079834,0.056086473166942596,0.7541860938072205,0.565157949924469,0.06151128187775612,0.7387440204620361,0.4784504175186157,0.051785796880722046,0.7229578495025635,0.4047168791294098,0.041513342410326004,0.785181999206543,0.7068942785263062,0.013646570965647697,0.782880961894989,0.5784375071525574,0.016291314736008644,0.771480143070221,0.4959651827812195,0.00804137997329235,0.758506715297699,0.42837151885032654,-0.0021454105153679848,0.8063755035400391,0.732301652431488,-0.02682214230298996,0.8042100071907043,0.6308588981628418,-0.028078598901629448,0.7909510731697083,0.5661405920982361,-0.031495481729507446,0.7750594615936279,0.5113614797592163,-0.03738056868314743,B
0.0,0.0,0.0,0.0,0.0,0.0,0.0,0.0,0.0,0.0,0.0,0.0,0.0,0.0,0.0,0.0,0.0,0.0,0.0,0.0,0.0,0.0,0.0,0.0,0.0,0.0,0.0,0.0,0.0,0.0,0.0,0.0,0.0,0.0,0.0,0.0,0.0,0.0,0.0,0.0,0.0,0.0,0.0,0.0,0.0,0.0,0.0,0.0,0.0,0.0,0.0,0.0,0.0,0.0,0.0,0.0,0.0,0.0,0.0,0.0,0.0,0.0,0.0,0.7819440960884094,1.015212059020996,-7.993995154720324e-08,0.7166540622711182,0.9269745349884033,0.0545688197016716,0.6987735033035278,0.8364836573600769,0.0841899886727333,0.6860827207565308,0.7710269689559937,0.09704340249300003,0.6734293699264526,0.7308613061904907,0.10768404603004456,0.7420685887336731,0.7023698091506958,0.09983960539102554,0.7324306964874268,0.5967028737068176,0.11063215136528015,0.7159017324447632,0.5255908966064453,0.1070283055305481,0.7023138999938965,0.4653575122356415,0.09950703382492065,0.7639971375465393,0.6973965764045715,0.058044929057359695,0.7553138732910156,0.5659059286117554,0.06335895508527756,0.7399293184280396,0.4807761013507843,0.052233487367630005,0.7241098284721375,0.4081586003303528,0.040800537914037704,0.7839025259017944,0.7086036801338196,0.014262225478887558,0.7834976315498352,0.5811148881912231,0.016255900263786316,0.7717265486717224,0.49794721603393555,0.005827746354043484,0.7570600509643555,0.4291905462741852,-0.005864514969289303,0.8048596382141113,0.732688307762146,-0.02759748324751854,0.8023610711097717,0.6257983446121216,-0.028314292430877686,0.7893338203430176,0.5603024363517761,-0.03179645538330078,0.7730809450149536,0.5054532885551453,-0.038124214857816696,B
0.0,0.0,0.0,0.0,0.0,0.0,0.0,0.0,0.0,0.0,0.0,0.0,0.0,0.0,0.0,0.0,0.0,0.0,0.0,0.0,0.0,0.0,0.0,0.0,0.0,0.0,0.0,0.0,0.0,0.0,0.0,0.0,0.0,0.0,0.0,0.0,0.0,0.0,0.0,0.0,0.0,0.0,0.0,0.0,0.0,0.0,0.0,0.0,0.0,0.0,0.0,0.0,0.0,0.0,0.0,0.0,0.0,0.0,0.0,0.0,0.0,0.0,0.0,0.7811592221260071,1.0196752548217773,-1.8646899491159274e-07,0.7124099135398865,0.9324159622192383,0.06250733882188797,0.6960805058479309,0.8378055095672607,0.09878415614366531,0.6847389936447144,0.7713798880577087,0.11796508729457855,0.6712703704833984,0.7319854497909546,0.13479109108448029,0.7407405376434326,0.7042635083198547,0.1053561344742775,0.7315457463264465,0.6001009941101074,0.11876025795936584,0.715424656867981,0.5282934904098511,0.11705421656370163,0.7018778920173645,0.4676148295402527,0.1106237918138504,0.7618796229362488,0.6984818577766418,0.06193217262625694,0.7514935731887817,0.568547785282135,0.0692022368311882,0.736393392086029,0.4814683496952057,0.06045904383063316,0.7217169404029846,0.4079381227493286,0.05082157626748085,0.7807502746582031,0.7112373113632202,0.0171585064381361,0.7801300287246704,0.5817461609840393,0.01932809129357338,0.7692217230796814,0.49872201681137085,0.009915159083902836,0.7562440633773804,0.42908844351768494,-0.0008736163144931197,0.8007076382637024,0.7372980117797852,-0.024833545088768005,0.8005396127700806,0.6339527368545532,-0.02806062623858452,0.7868675589561462,0.5681814551353455,-0.033372215926647186,0.7699993848800659,0.5110195875167847,-0.04061834514141083,B
0.0,0.0,0.0,0.0,0.0,0.0,0.0,0.0,0.0,0.0,0.0,0.0,0.0,0.0,0.0,0.0,0.0,0.0,0.0,0.0,0.0,0.0,0.0,0.0,0.0,0.0,0.0,0.0,0.0,0.0,0.0,0.0,0.0,0.0,0.0,0.0,0.0,0.0,0.0,0.0,0.0,0.0,0.0,0.0,0.0,0.0,0.0,0.0,0.0,0.0,0.0,0.0,0.0,0.0,0.0,0.0,0.0,0.0,0.0,0.0,0.0,0.0,0.0,0.7813906669616699,1.0133310556411743,-1.493387316031658e-07,0.7113061547279358,0.9235028028488159,0.06933478266000748,0.6943204998970032,0.8355423808097839,0.10769433528184891,0.6832694411277771,0.7721172571182251,0.12696105241775513,0.6685372591018677,0.7299995422363281,0.14381226897239685,0.7378679513931274,0.7019183039665222,0.11896136403083801,0.7291426062583923,0.5992952585220337,0.13535825908184052,0.71257483959198,0.5266540050506592,0.13460740447044373,0.6976689696311951,0.46685951948165894,0.12865106761455536,0.7591146230697632,0.699165940284729,0.07114636898040771,0.7500850558280945,0.5672376155853271,0.08168060332536697,0.7344013452529907,0.48153385519981384,0.07285389304161072,0.7174129486083984,0.4082246720790863,0.06245548278093338,0.7778462171554565,0.7097082138061523,0.021713709458708763,0.7766079902648926,0.5804236531257629,0.02608751878142357,0.7647484540939331,0.4968464970588684,0.016473041847348213,0.750244140625,0.42833852767944336,0.0049134609289467335,0.7970863580703735,0.7294833064079285,-0.02466290444135666,0.7946824431419373,0.6247245669364929,-0.026711344718933105,0.7805910110473633,0.5576385259628296,-0.032264240086078644,0.7632063031196594,0.5001589059829712,-0.040145646780729294,B
0.0,0.0,0.0,0.0,0.0,0.0,0.0,0.0,0.0,0.0,0.0,0.0,0.0,0.0,0.0,0.0,0.0,0.0,0.0,0.0,0.0,0.0,0.0,0.0,0.0,0.0,0.0,0.0,0.0,0.0,0.0,0.0,0.0,0.0,0.0,0.0,0.0,0.0,0.0,0.0,0.0,0.0,0.0,0.0,0.0,0.0,0.0,0.0,0.0,0.0,0.0,0.0,0.0,0.0,0.0,0.0,0.0,0.0,0.0,0.0,0.0,0.0,0.0,0.7697533369064331,1.0103046894073486,-9.07331383359633e-08,0.7069028615951538,0.9252678751945496,0.04573846980929375,0.6918479204177856,0.8336303234100342,0.07151200622320175,0.6809548139572144,0.7701941132545471,0.08313308656215668,0.6684315204620361,0.7271096110343933,0.0933067575097084,0.734428882598877,0.697641134262085,0.0836205706000328,0.7242311239242554,0.5921355485916138,0.0885036364197731,0.7061523795127869,0.5208202600479126,0.08142399042844772,0.6910602450370789,0.46028515696525574,0.07233892381191254,0.7554078102111816,0.6937515735626221,0.04734190180897713,0.7462748885154724,0.5646258592605591,0.04902258515357971,0.7302711606025696,0.47954100370407104,0.037270817905664444,0.7139842510223389,0.40734100341796875,0.025858761742711067,0.7743187546730042,0.7069438695907593,0.009058770723640919,0.7746718525886536,0.5798331499099731,0.008633274585008621,0.7626469135284424,0.4981757402420044,-0.001220335834659636,0.7480138540267944,0.43083158135414124,-0.011948687955737114,0.7947828769683838,0.7334202527999878,-0.027859922498464584,0.7954875230789185,0.6324620246887207,-0.031664617359638214,0.7815639972686768,0.5676702857017517,-0.03639668598771095,0.7637385725975037,0.5128060579299927,-0.04262024536728859,B
0.0,0.0,0.0,0.0,0.0,0.0,0.0,0.0,0.0,0.0,0.0,0.0,0.0,0.0,0.0,0.0,0.0,0.0,0.0,0.0,0.0,0.0,0.0,0.0,0.0,0.0,0.0,0.0,0.0,0.0,0.0,0.0,0.0,0.0,0.0,0.0,0.0,0.0,0.0,0.0,0.0,0.0,0.0,0.0,0.0,0.0,0.0,0.0,0.0,0.0,0.0,0.0,0.0,0.0,0.0,0.0,0.0,0.0,0.0,0.0,0.0,0.0,0.0,0.768398106098175,1.006676197052002,-9.737409811805264e-08,0.7051967978477478,0.9212968349456787,0.048786312341690063,0.6912140250205994,0.8330931663513184,0.07625316828489304,0.6817205548286438,0.7718330025672913,0.08928265422582626,0.6685155034065247,0.7279221415519714,0.10053497552871704,0.7305559515953064,0.6994083523750305,0.08566635847091675,0.7203590869903564,0.5943607091903687,0.09135397523641586,0.7038800120353699,0.5232100486755371,0.08485816419124603,0.6910685300827026,0.46253690123558044,0.07599395513534546,0.7513911128044128,0.6949900388717651,0.04820761829614639,0.7412566542625427,0.5647961497306824,0.049227748066186905,0.7282013893127441,0.48051708936691284,0.036657098680734634,0.7154471278190613,0.40718579292297363,0.02458561398088932,0.7703778743743896,0.7071801424026489,0.009078479371964931,0.7698161005973816,0.5794389843940735,0.007323759142309427,0.7595465779304504,0.49745744466781616,-0.0038018084596842527,0.7475127577781677,0.4296277165412903,-0.015321693383157253,0.7932682633399963,0.7322707772254944,-0.028190532699227333,0.7926129698753357,0.6282191276550293,-0.03341478109359741,0.7798337936401367,0.5609616041183472,-0.03947426378726959,0.7637650966644287,0.5034549236297607,-0.04681511968374252,B
0.0,0.0,0.0,0.0,0.0,0.0,0.0,0.0,0.0,0.0,0.0,0.0,0.0,0.0,0.0,0.0,0.0,0.0,0.0,0.0,0.0,0.0,0.0,0.0,0.0,0.0,0.0,0.0,0.0,0.0,0.0,0.0,0.0,0.0,0.0,0.0,0.0,0.0,0.0,0.0,0.0,0.0,0.0,0.0,0.0,0.0,0.0,0.0,0.0,0.0,0.0,0.0,0.0,0.0,0.0,0.0,0.0,0.0,0.0,0.0,0.0,0.0,0.0,0.773086667060852,1.0100078582763672,-1.5717165524620214e-07,0.7072584629058838,0.9213920831680298,0.06397076696157455,0.6912184357643127,0.833599865436554,0.1002199724316597,0.6791425943374634,0.7714650630950928,0.11862911283969879,0.6658585667610168,0.7289043664932251,0.1349189430475235,0.7344890832901001,0.6997546553611755,0.1117875799536705,0.7245104312896729,0.5967134237289429,0.12574370205402374,0.7069096565246582,0.5239813327789307,0.12354093044996262,0.6918659806251526,0.463959276676178,0.11689683794975281,0.7554050087928772,0.6955324411392212,0.06752241402864456,0.746051549911499,0.5657961368560791,0.07698773592710495,0.7301872968673706,0.4803474545478821,0.06751606613397598,0.7134852409362793,0.4082459509372711,0.05674228444695473,0.7746291756629944,0.7057203650474548,0.021560661494731903,0.773129940032959,0.5787811875343323,0.026164405047893524,0.7607729434967041,0.49643611907958984,0.01619837060570717,0.745647132396698,0.4290800988674164,0.004273323342204094,0.7946921586990356,0.7263577580451965,-0.02176264114677906,0.793070912361145,0.6264426112174988,-0.023338764905929565,0.7780479192733765,0.5618137121200562,-0.02904750034213066,0.7592871785163879,0.5072201490402222,-0.03690717741847038,B
0.0,0.0,0.0,0.0,0.0,0.0,0.0,0.0,0.0,0.0,0.0,0.0,0.0,0.0,0.0,0.0,0.0,0.0,0.0,0.0,0.0,0.0,0.0,0.0,0.0,0.0,0.0,0.0,0.0,0.0,0.0,0.0,0.0,0.0,0.0,0.0,0.0,0.0,0.0,0.0,0.0,0.0,0.0,0.0,0.0,0.0,0.0,0.0,0.0,0.0,0.0,0.0,0.0,0.0,0.0,0.0,0.0,0.0,0.0,0.0,0.0,0.0,0.0,0.7661968469619751,1.0087566375732422,-5.491575194582765e-08,0.7071102857589722,0.9253515005111694,0.04217176511883736,0.6923009753227234,0.8359218239784241,0.06457629054784775,0.6815584897994995,0.7737990021705627,0.07350196689367294,0.6672952771186829,0.7308780550956726,0.08089181780815125,0.7307528853416443,0.7003553509712219,0.07691880315542221,0.7217391729354858,0.5944705009460449,0.07944297790527344,0.7048301100730896,0.5235945582389832,0.07084795832633972,0.6905021667480469,0.4639838933944702,0.061377424746751785,0.7503677606582642,0.6959209442138672,0.04229220747947693,0.7433112263679504,0.5660266280174255,0.0431012362241745,0.7290442585945129,0.48149043321609497,0.03107878379523754,0.7140865325927734,0.41021066904067993,0.019523411989212036,0.7689012885093689,0.7070227265357971,0.005734688602387905,0.770986020565033,0.5804371237754822,0.006349511910229921,0.7607789039611816,0.4994356036186218,-0.0024774339981377125,0.7471732497215271,0.4333387613296509,-0.012695115990936756,0.7906308770179749,0.7315674424171448,-0.02982907183468342,0.7924812436103821,0.6294622421264648,-0.03069971315562725,0.7804044485092163,0.5640259981155396,-0.03308502957224846,0.7640419602394104,0.5092473030090332,-0.03787964954972267,B
0.0,0.0,0.0,0.0,0.0,0.0,0.0,0.0,0.0,0.0,0.0,0.0,0.0,0.0,0.0,0.0,0.0,0.0,0.0,0.0,0.0,0.0,0.0,0.0,0.0,0.0,0.0,0.0,0.0,0.0,0.0,0.0,0.0,0.0,0.0,0.0,0.0,0.0,0.0,0.0,0.0,0.0,0.0,0.0,0.0,0.0,0.0,0.0,0.0,0.0,0.0,0.0,0.0,0.0,0.0,0.0,0.0,0.0,0.0,0.0,0.0,0.0,0.0,0.7703315615653992,1.008372187614441,-1.5075237058681523e-07,0.7057429552078247,0.9166389107704163,0.06370165944099426,0.6921761631965637,0.8311866521835327,0.09750436246395111,0.6808614730834961,0.7694827914237976,0.1135917454957962,0.6664111614227295,0.7285508513450623,0.1272781938314438,0.733864426612854,0.6972414255142212,0.10573077946901321,0.7245143055915833,0.5940239429473877,0.11677687615156174,0.707369327545166,0.5219293236732483,0.11293181031942368,0.6931133270263672,0.4616425335407257,0.10536924004554749,0.7542630434036255,0.6950722932815552,0.06082698702812195,0.7457956075668335,0.5648795366287231,0.06761060655117035,0.7304551601409912,0.4801395535469055,0.05721705034375191,0.7144399881362915,0.40741124749183655,0.0457443967461586,0.7727028131484985,0.7071362733840942,0.014597820118069649,0.7739960551261902,0.5795644521713257,0.01759556494653225,0.7625417709350586,0.49783533811569214,0.008078389801084995,0.7486582398414612,0.43118178844451904,-0.0035103082191199064,0.7928918600082397,0.7295507192611694,-0.028884906321763992,0.7937679290771484,0.6265512704849243,-0.030893417075276375,0.7804754972457886,0.5607891082763672,-0.035751521587371826,0.7636746168136597,0.504856288433075,-0.0430731326341629,B
0.0,0.0,0.0,0.0,0.0,0.0,0.0,0.0,0.0,0.0,0.0,0.0,0.0,0.0,0.0,0.0,0.0,0.0,0.0,0.0,0.0,0.0,0.0,0.0,0.0,0.0,0.0,0.0,0.0,0.0,0.0,0.0,0.0,0.0,0.0,0.0,0.0,0.0,0.0,0.0,0.0,0.0,0.0,0.0,0.0,0.0,0.0,0.0,0.0,0.0,0.0,0.0,0.0,0.0,0.0,0.0,0.0,0.0,0.0,0.0,0.0,0.0,0.0,0.7809301018714905,1.008453369140625,-1.524718129530811e-07,0.7116149663925171,0.9206920266151428,0.0701080933213234,0.6930671334266663,0.8339352607727051,0.10799117386341095,0.6802382469177246,0.7737293839454651,0.126792773604393,0.6649878025054932,0.7316314578056335,0.1434183269739151,0.7339043021202087,0.6976920366287231,0.11684194207191467,0.7233003377914429,0.5957010388374329,0.13227911293506622,0.7063800692558289,0.5237032175064087,0.13121537864208221,0.6918832659721375,0.46517813205718994,0.12531700730323792,0.754227876663208,0.6953222155570984,0.06858357042074203,0.7425124049186707,0.5649120211601257,0.078902468085289,0.7266643047332764,0.48041412234306335,0.07026813924312592,0.710693895816803,0.40726515650749207,0.060127243399620056,0.7728128433227539,0.7055917382240295,0.01890101470053196,0.7697591185569763,0.5775262713432312,0.023733818903565407,0.7577164173126221,0.49544093012809753,0.014547614380717278,0.7439730763435364,0.4273906946182251,0.0031201629899442196,0.7930024862289429,0.7256635427474976,-0.02766413800418377,0.791059672832489,0.6235323548316956,-0.028909578919410706,0.7771285772323608,0.5587894320487976,-0.033900123089551926,0.759954035282135,0.503291666507721,-0.041393816471099854,B
0.0,0.0,0.0,0.0,0.0,0.0,0.0,0.0,0.0,0.0,0.0,0.0,0.0,0.0,0.0,0.0,0.0,0.0,0.0,0.0,0.0,0.0,0.0,0.0,0.0,0.0,0.0,0.0,0.0,0.0,0.0,0.0,0.0,0.0,0.0,0.0,0.0,0.0,0.0,0.0,0.0,0.0,0.0,0.0,0.0,0.0,0.0,0.0,0.0,0.0,0.0,0.0,0.0,0.0,0.0,0.0,0.0,0.0,0.0,0.0,0.0,0.0,0.0,0.7728819847106934,1.002922773361206,-1.3581838231857546e-07,0.7072275280952454,0.9117943048477173,0.06536471843719482,0.6922295689582825,0.827998697757721,0.10061918199062347,0.6801968216896057,0.7680936455726624,0.11774533987045288,0.6658083200454712,0.7260294556617737,0.13278664648532867,0.733248233795166,0.6967630386352539,0.11074215918779373,0.7229889631271362,0.5926607847213745,0.123641237616539,0.7057728171348572,0.5206344127655029,0.12156445533037186,0.6913024187088013,0.4609048366546631,0.11512119323015213,0.7541986107826233,0.6937336325645447,0.06420418620109558,0.7435045838356018,0.562249481678009,0.06972385942935944,0.7286256551742554,0.4771924614906311,0.058849941939115524,0.7131326794624329,0.40496551990509033,0.04782627150416374,0.7729511857032776,0.7036617398262024,0.016209499910473824,0.7708955407142639,0.5763202905654907,0.017134467139840126,0.7597208023071289,0.4932122826576233,0.006940803956240416,0.7465769052505493,0.4248450994491577,-0.003950051032006741,0.7939052581787109,0.7237334251403809,-0.028799772262573242,0.7904881834983826,0.6172854900360107,-0.03162764012813568,0.7772802710533142,0.5495432615280151,-0.03637079522013664,0.7615908980369568,0.49208134412765503,-0.04310155659914017,B
0.0,0.0,0.0,0.0,0.0,0.0,0.0,0.0,0.0,0.0,0.0,0.0,0.0,0.0,0.0,0.0,0.0,0.0,0.0,0.0,0.0,0.0,0.0,0.0,0.0,0.0,0.0,0.0,0.0,0.0,0.0,0.0,0.0,0.0,0.0,0.0,0.0,0.0,0.0,0.0,0.0,0.0,0.0,0.0,0.0,0.0,0.0,0.0,0.0,0.0,0.0,0.0,0.0,0.0,0.0,0.0,0.0,0.0,0.0,0.0,0.0,0.0,0.0,0.7629096508026123,0.9992784261703491,2.6252029883266914e-08,0.7033747434616089,0.9218471646308899,0.03232760727405548,0.6864383816719055,0.8301927447319031,0.05014507845044136,0.677063524723053,0.766412615776062,0.05603671818971634,0.6661851406097412,0.7301179766654968,0.060508932918310165,0.7267076373100281,0.6938541531562805,0.06550171226263046,0.7185767292976379,0.5890460014343262,0.06486524641513824,0.7036845684051514,0.5177784562110901,0.05426859110593796,0.6918479204177856,0.4570937752723694,0.04347635805606842,0.7463563680648804,0.6892081499099731,0.035068344324827194,0.7384085655212402,0.5609856843948364,0.033383648842573166,0.7250218987464905,0.4767613708972931,0.020537810400128365,0.71163409948349,0.40376460552215576,0.008770585991442204,0.7657825350761414,0.701339840888977,0.0021566266659647226,0.7666642069816589,0.5748518705368042,0.00010387948714196682,0.7562804818153381,0.4943045377731323,-0.009581472724676132,0.7432988882064819,0.42671436071395874,-0.019720491021871567,0.7879736423492432,0.7271103262901306,-0.030589230358600616,0.7889060974121094,0.6248372197151184,-0.033734217286109924,0.7773082852363586,0.5599180459976196,-0.03715324029326439,0.7621329426765442,0.5037504434585571,-0.042210184037685394,B
0.0,0.0,0.0,0.0,0.0,0.0,0.0,0.0,0.0,0.0,0.0,0.0,0.0,0.0,0.0,0.0,0.0,0.0,0.0,0.0,0.0,0.0,0.0,0.0,0.0,0.0,0.0,0.0,0.0,0.0,0.0,0.0,0.0,0.0,0.0,0.0,0.0,0.0,0.0,0.0,0.0,0.0,0.0,0.0,0.0,0.0,0.0,0.0,0.0,0.0,0.0,0.0,0.0,0.0,0.0,0.0,0.0,0.0,0.0,0.0,0.0,0.0,0.0,0.7617583870887756,1.0088472366333008,-1.0048574239363006e-07,0.7014227509498596,0.9191616177558899,0.05125189945101738,0.6879355311393738,0.8303216695785522,0.07911302149295807,0.6771514415740967,0.768737256526947,0.09156970679759979,0.6630131006240845,0.7313029766082764,0.10216470807790756,0.7252049446105957,0.6947393417358398,0.09075450897216797,0.7153875231742859,0.5896325707435608,0.09763479232788086,0.6990455985069275,0.5193336606025696,0.09168592095375061,0.6859258413314819,0.4594269394874573,0.08307938277721405,0.7457267045974731,0.6900333166122437,0.051303137093782425,0.7355793118476868,0.5612742900848389,0.05371210724115372,0.7217525243759155,0.47666239738464355,0.04212149977684021,0.7077698707580566,0.40467584133148193,0.030803987756371498,0.765177845954895,0.7024961113929749,0.010045909322798252,0.7652062773704529,0.5748925805091858,0.009762108325958252,0.7548950910568237,0.49347984790802,9.609206608729437e-05,0.7416394352912903,0.4254987835884094,-0.010422463528811932,0.788383960723877,0.7287033796310425,-0.029420845210552216,0.7882462739944458,0.6238892674446106,-0.03304172679781914,0.7752268314361572,0.5575408339500427,-0.03732864558696747,0.7583189606666565,0.5007267594337463,-0.043354280292987823,B
0.0,0.0,0.0,0.0,0.0,0.0,0.0,0.0,0.0,0.0,0.0,0.0,0.0,0.0,0.0,0.0,0.0,0.0,0.0,0.0,0.0,0.0,0.0,0.0,0.0,0.0,0.0,0.0,0.0,0.0,0.0,0.0,0.0,0.0,0.0,0.0,0.0,0.0,0.0,0.0,0.0,0.0,0.0,0.0,0.0,0.0,0.0,0.0,0.0,0.0,0.0,0.0,0.0,0.0,0.0,0.0,0.0,0.0,0.0,0.0,0.0,0.0,0.0,0.7677345871925354,1.0062360763549805,-7.145277436393371e-08,0.7035479545593262,0.9207134246826172,0.05423685163259506,0.6882115006446838,0.834069013595581,0.08354786783456802,0.6763521432876587,0.7720354795455933,0.09675770252943039,0.6617332696914673,0.736676037311554,0.10829005390405655,0.7276275157928467,0.6994320750236511,0.09729979187250137,0.7171107530593872,0.5954170227050781,0.10684280097484589,0.7013155221939087,0.5239609479904175,0.10257550328969955,0.6883580088615417,0.4653301239013672,0.0954679399728775,0.7479119896888733,0.6951401233673096,0.05693534016609192,0.7381657958030701,0.5653319358825684,0.06256765872240067,0.723556637763977,0.48129963874816895,0.05257570743560791,0.7085093259811401,0.4103778302669525,0.04238104820251465,0.7669134736061096,0.7046329379081726,0.014660750515758991,0.766013503074646,0.577644944190979,0.018033716827630997,0.7544357776641846,0.4966771602630615,0.009143917821347713,0.7409095764160156,0.4304237365722656,-0.001267458195798099,0.7873245477676392,0.7251220941543579,-0.025769172236323357,0.7847963571548462,0.6217277646064758,-0.02543373964726925,0.771759033203125,0.5568305253982544,-0.028312793001532555,0.7566071152687073,0.5021719932556152,-0.033771321177482605,B
0.0,0.0,0.0,0.0,0.0,0.0,0.0,0.0,0.0,0.0,0.0,0.0,0.0,0.0,0.0,0.0,0.0,0.0,0.0,0.0,0.0,0.0,0.0,0.0,0.0,0.0,0.0,0.0,0.0,0.0,0.0,0.0,0.0,0.0,0.0,0.0,0.0,0.0,0.0,0.0,0.0,0.0,0.0,0.0,0.0,0.0,0.0,0.0,0.0,0.0,0.0,0.0,0.0,0.0,0.0,0.0,0.0,0.0,0.0,0.0,0.0,0.0,0.0,0.7695026397705078,1.004591941833496,-1.2251879866198578e-07,0.7034902572631836,0.9161540865898132,0.05973223224282265,0.6880764961242676,0.8288773894309998,0.09257226437330246,0.6761403679847717,0.7685844898223877,0.10878763347864151,0.6633756756782532,0.727528989315033,0.12346938997507095,0.7286807298660278,0.695716142654419,0.10353180766105652,0.7180904746055603,0.5931891202926636,0.11473283916711807,0.6999310851097107,0.5221076011657715,0.11126017570495605,0.684543788433075,0.4631267488002777,0.10436361283063889,0.7488028407096863,0.6926771998405457,0.06145714223384857,0.7388635277748108,0.5642198324203491,0.06832702457904816,0.7233707904815674,0.47956642508506775,0.05833045020699501,0.7072452902793884,0.4077632427215576,0.04770829528570175,0.7669358849525452,0.7036765217781067,0.017826514318585396,0.767162024974823,0.5777229070663452,0.021576358005404472,0.7559154033660889,0.49564120173454285,0.012346222996711731,0.7421411871910095,0.4288772642612457,0.001417798106558621,0.7870690822601318,0.7257497310638428,-0.02334878407418728,0.7876089215278625,0.623993992805481,-0.02351064234972,0.7749355435371399,0.5586456656455994,-0.027280611917376518,0.7584081888198853,0.503915011882782,-0.03351883217692375,B
0.0,0.0,0.0,0.0,0.0,0.0,0.0,0.0,0.0,0.0,0.0,0.0,0.0,0.0,0.0,0.0,0.0,0.0,0.0,0.0,0.0,0.0,0.0,0.0,0.0,0.0,0.0,0.0,0.0,0.0,0.0,0.0,0.0,0.0,0.0,0.0,0.0,0.0,0.0,0.0,0.0,0.0,0.0,0.0,0.0,0.0,0.0,0.0,0.0,0.0,0.0,0.0,0.0,0.0,0.0,0.0,0.0,0.0,0.0,0.0,0.0,0.0,0.0,0.7679752111434937,1.006669044494629,-9.487399665886187e-08,0.7050461173057556,0.9186204671859741,0.05399157106876373,0.6891752481460571,0.8292281627655029,0.08221116662025452,0.6776548624038696,0.7679288387298584,0.09432268142700195,0.6627775430679321,0.729002058506012,0.10428722202777863,0.7301928400993347,0.6960272789001465,0.09152489900588989,0.7187050580978394,0.591206431388855,0.0982128232717514,0.7018957734107971,0.5193580389022827,0.09199162572622299,0.6876130104064941,0.4586004912853241,0.08323989808559418,0.7507179975509644,0.6929797530174255,0.049731992185115814,0.739924430847168,0.5633629560470581,0.05204566568136215,0.7245809435844421,0.47732746601104736,0.03976418450474739,0.7091386914253235,0.4043983519077301,0.027850870043039322,0.7692686319351196,0.7048437595367432,0.006407135631889105,0.7677714824676514,0.5762503743171692,0.006327465176582336,0.7560505270957947,0.49311622977256775,-0.004150614608079195,0.7423789501190186,0.42392995953559875,-0.015464124269783497,0.7898550629615784,0.7287106513977051,-0.03486012667417526,0.7882683873176575,0.6222366690635681,-0.037891220301389694,0.7752692103385925,0.5551533699035645,-0.04203064739704132,0.7594916224479675,0.497691810131073,-0.04818727821111679,B
0.0,0.0,0.0,0.0,0.0,0.0,0.0,0.0,0.0,0.0,0.0,0.0,0.0,0.0,0.0,0.0,0.0,0.0,0.0,0.0,0.0,0.0,0.0,0.0,0.0,0.0,0.0,0.0,0.0,0.0,0.0,0.0,0.0,0.0,0.0,0.0,0.0,0.0,0.0,0.0,0.0,0.0,0.0,0.0,0.0,0.0,0.0,0.0,0.0,0.0,0.0,0.0,0.0,0.0,0.0,0.0,0.0,0.0,0.0,0.0,0.0,0.0,0.0,0.7744895219802856,1.003950595855713,-1.4424355754272256e-07,0.7050669193267822,0.9165087342262268,0.06460792571306229,0.6880688667297363,0.8323677182197571,0.09998514503240585,0.6756231188774109,0.7719653844833374,0.11769679933786392,0.6618509292602539,0.7308023571968079,0.13322201371192932,0.7312032580375671,0.7017001509666443,0.10889516025781631,0.7197597622871399,0.6001754403114319,0.1211763247847557,0.7007148861885071,0.5279508829116821,0.1180720329284668,0.6845798492431641,0.4695316553115845,0.11117032915353775,0.7522233724594116,0.7003222703933716,0.06373868137598038,0.7406695485115051,0.5676476359367371,0.07091375440359116,0.7244024872779846,0.481810599565506,0.060385812073946,0.7074022889137268,0.40795889496803284,0.04894597455859184,0.7704509496688843,0.7105309963226318,0.017004044726490974,0.7682608366012573,0.5828657150268555,0.019894659519195557,0.7561224699020386,0.49935969710350037,0.00866846926510334,0.7423296570777893,0.43115684390068054,-0.004023140296339989,0.789257287979126,0.7285942435264587,-0.026803109794855118,0.7868919968605042,0.6266000270843506,-0.02934836968779564,0.7732236981391907,0.5603146553039551,-0.03612004593014717,0.7569339871406555,0.5038232207298279,-0.04495709016919136,B
0.0,0.0,0.0,0.0,0.0,0.0,0.0,0.0,0.0,0.0,0.0,0.0,0.0,0.0,0.0,0.0,0.0,0.0,0.0,0.0,0.0,0.0,0.0,0.0,0.0,0.0,0.0,0.0,0.0,0.0,0.0,0.0,0.0,0.0,0.0,0.0,0.0,0.0,0.0,0.0,0.0,0.0,0.0,0.0,0.0,0.0,0.0,0.0,0.0,0.0,0.0,0.0,0.0,0.0,0.0,0.0,0.0,0.0,0.0,0.0,0.0,0.0,0.0,0.7705267667770386,0.9995001554489136,-1.2036439045459701e-07,0.7036413550376892,0.9096992015838623,0.06505077332258224,0.6891210675239563,0.8275332450866699,0.09877137094736099,0.6774449944496155,0.7691082954406738,0.1145717054605484,0.6650091409683228,0.7272416353225708,0.12748028337955475,0.7291619777679443,0.6966164112091064,0.10193119943141937,0.7186139225959778,0.5935027003288269,0.11169122904539108,0.7012516856193542,0.5209307670593262,0.10824357718229294,0.6869919300079346,0.45984625816345215,0.1011265218257904,0.7494809627532959,0.6964202523231506,0.05520794913172722,0.7401705980300903,0.5651425123214722,0.05860605090856552,0.725123405456543,0.47940927743911743,0.0472036749124527,0.7098619937896729,0.405367374420166,0.035601332783699036,0.7679663300514221,0.7090773582458496,0.007513539399951696,0.7681756019592285,0.5814099907875061,0.006576661020517349,0.756842315196991,0.49764031171798706,-0.00492464704439044,0.7433828115463257,0.42867568135261536,-0.01693318411707878,0.7876442074775696,0.7311787009239197,-0.03695996478199959,0.7861661911010742,0.6244009733200073,-0.04247840493917465,0.7735651731491089,0.557112455368042,-0.04933588206768036,0.7579922080039978,0.5001906156539917,-0.05764606595039368,B
0.0,0.0,0.0,0.0,0.0,0.0,0.0,0.0,0.0,0.0,0.0,0.0,0.0,0.0,0.0,0.0,0.0,0.0,0.0,0.0,0.0,0.0,0.0,0.0,0.0,0.0,0.0,0.0,0.0,0.0,0.0,0.0,0.0,0.0,0.0,0.0,0.0,0.0,0.0,0.0,0.0,0.0,0.0,0.0,0.0,0.0,0.0,0.0,0.0,0.0,0.0,0.0,0.0,0.0,0.0,0.0,0.0,0.0,0.0,0.0,0.0,0.0,0.0,0.759691596031189,1.0048048496246338,-1.7340150648692543e-08,0.7010143995285034,0.92564857006073,0.03781052678823471,0.685259222984314,0.8329044580459595,0.058911532163619995,0.6760658025741577,0.7697727680206299,0.06712764501571655,0.6642376780509949,0.7320791482925415,0.07389342039823532,0.7240037322044373,0.6939276456832886,0.07155381888151169,0.7142124176025391,0.5886053442955017,0.07349123805761337,0.6986410021781921,0.518485426902771,0.06560926884412766,0.6862642765045166,0.4585070312023163,0.05630319193005562,0.7442647218704224,0.6891602277755737,0.03842542693018913,0.7345714569091797,0.5619495511054993,0.03762885183095932,0.7211499214172363,0.47830820083618164,0.02597079426050186,0.7081286311149597,0.4060041308403015,0.015077492222189903,0.7638909816741943,0.7018998265266418,0.0031001069582998753,0.7648620009422302,0.5763319730758667,0.00013767997734248638,0.7545397877693176,0.4969725012779236,-0.009625648148357868,0.7406719923019409,0.4299200773239136,-0.019547486677765846,0.7861964702606201,0.7283056378364563,-0.03144664317369461,0.7877139449119568,0.6260398626327515,-0.036906927824020386,0.7753009796142578,0.5612047910690308,-0.04163842275738716,0.7581353187561035,0.5058186054229736,-0.04735371097922325,B
0.0,0.0,0.0,0.0,0.0,0.0,0.0,0.0,0.0,0.0,0.0,0.0,0.0,0.0,0.0,0.0,0.0,0.0,0.0,0.0,0.0,0.0,0.0,0.0,0.0,0.0,0.0,0.0,0.0,0.0,0.0,0.0,0.0,0.0,0.0,0.0,0.0,0.0,0.0,0.0,0.0,0.0,0.0,0.0,0.0,0.0,0.0,0.0,0.0,0.0,0.0,0.0,0.0,0.0,0.0,0.0,0.0,0.0,0.0,0.0,0.0,0.0,0.0,0.7652871012687683,1.0066595077514648,-6.664507168352429e-08,0.7033019065856934,0.9210830330848694,0.045669734477996826,0.6885836720466614,0.8312438130378723,0.07199051976203918,0.6778267025947571,0.7686179280281067,0.0838223248720169,0.6631852984428406,0.730186402797699,0.09380582720041275,0.7298591136932373,0.6983524560928345,0.08688212931156158,0.7199850678443909,0.5941236019134521,0.09272823482751846,0.7033321857452393,0.5215848088264465,0.08620774745941162,0.6906771659851074,0.4606417417526245,0.077672079205513,0.749201238155365,0.6934735774993896,0.0507374182343483,0.7399267554283142,0.5637436509132385,0.052941225469112396,0.7254891395568848,0.47862163186073303,0.04124569147825241,0.7111900448799133,0.4043022394180298,0.02993309684097767,0.7678036093711853,0.7045985460281372,0.01223119255155325,0.76785808801651,0.578354001045227,0.012299783527851105,0.7566604018211365,0.4966198205947876,0.0016894241562113166,0.7432704567909241,0.4284040033817291,-0.009526068344712257,0.7886274456977844,0.7280546426773071,-0.025019098073244095,0.7866311073303223,0.622595489025116,-0.02841619774699211,0.7740139961242676,0.555683434009552,-0.03371991217136383,0.7585392594337463,0.49794334173202515,-0.04059836268424988,B
0.0,0.0,0.0,0.0,0.0,0.0,0.0,0.0,0.0,0.0,0.0,0.0,0.0,0.0,0.0,0.0,0.0,0.0,0.0,0.0,0.0,0.0,0.0,0.0,0.0,0.0,0.0,0.0,0.0,0.0,0.0,0.0,0.0,0.0,0.0,0.0,0.0,0.0,0.0,0.0,0.0,0.0,0.0,0.0,0.0,0.0,0.0,0.0,0.0,0.0,0.0,0.0,0.0,0.0,0.0,0.0,0.0,0.0,0.0,0.0,0.0,0.0,0.0,0.7689370512962341,1.0081560611724854,-8.206470170080138e-08,0.7053858041763306,0.9201499223709106,0.05150938779115677,0.6900306344032288,0.83249831199646,0.0782889723777771,0.6783708930015564,0.7710481286048889,0.0896749347448349,0.665215253829956,0.728186309337616,0.09929724037647247,0.7299339771270752,0.6980376243591309,0.08961467444896698,0.7210266590118408,0.5934121608734131,0.09545561671257019,0.704229474067688,0.5208107233047485,0.08860132098197937,0.6906775832176208,0.4605982005596161,0.07973803579807281,0.7494763731956482,0.6962810754776001,0.050027575343847275,0.7402194142341614,0.5654112100601196,0.05225932225584984,0.7253082990646362,0.47975897789001465,0.04028528183698654,0.7105075716972351,0.4061427414417267,0.02858126536011696,0.7679967284202576,0.7087237238883972,0.008728919550776482,0.7671875357627869,0.5804170966148376,0.009375805966556072,0.7558852434158325,0.4968886375427246,-0.0002793970052152872,0.7430275082588196,0.4282242953777313,-0.011272509582340717,0.7900561094284058,0.7332305312156677,-0.030778998509049416,0.7894702553749084,0.6287822127342224,-0.0334070548415184,0.7768391966819763,0.5608327984809875,-0.037751030176877975,0.7617036700248718,0.5025679469108582,-0.04412946105003357,B
0.0,0.0,0.0,0.0,0.0,0.0,0.0,0.0,0.0,0.0,0.0,0.0,0.0,0.0,0.0,0.0,0.0,0.0,0.0,0.0,0.0,0.0,0.0,0.0,0.0,0.0,0.0,0.0,0.0,0.0,0.0,0.0,0.0,0.0,0.0,0.0,0.0,0.0,0.0,0.0,0.0,0.0,0.0,0.0,0.0,0.0,0.0,0.0,0.0,0.0,0.0,0.0,0.0,0.0,0.0,0.0,0.0,0.0,0.0,0.0,0.0,0.0,0.0,0.779537558555603,1.0131195783615112,-2.3357692668923846e-07,0.7086514830589294,0.916382908821106,0.09240834414958954,0.6925100088119507,0.8312593102455139,0.1407383680343628,0.6785967350006104,0.7733335494995117,0.16595156490802765,0.6602102518081665,0.7239125370979309,0.1883581131696701,0.7368200421333313,0.7030885219573975,0.1386454701423645,0.7242660522460938,0.5990662574768066,0.15995003283023834,0.7054350972175598,0.5252405405044556,0.16392073035240173,0.6879844069480896,0.4665047824382782,0.16092592477798462,0.7574505805969238,0.701830267906189,0.07891323417425156,0.7463551759719849,0.5667567253112793,0.09156519174575806,0.7284926772117615,0.4808638393878937,0.08451421558856964,0.7102652788162231,0.4079221189022064,0.07515086978673935,0.7742361426353455,0.7107125520706177,0.01896977610886097,0.7727408409118652,0.5795034170150757,0.024165943264961243,0.7597911953926086,0.495877742767334,0.015680978074669838,0.7448939681053162,0.4279964566230774,0.004889882169663906,0.7897790670394897,0.7268604040145874,-0.035781290382146835,0.7899483442306519,0.619862973690033,-0.03651396185159683,0.7757121324539185,0.5534416437149048,-0.04101983457803726,0.757857620716095,0.49807125329971313,-0.04856874421238899,B
0.0,0.0,0.0,0.0,0.0,0.0,0.0,0.0,0.0,0.0,0.0,0.0,0.0,0.0,0.0,0.0,0.0,0.0,0.0,0.0,0.0,0.0,0.0,0.0,0.0,0.0,0.0,0.0,0.0,0.0,0.0,0.0,0.0,0.0,0.0,0.0,0.0,0.0,0.0,0.0,0.0,0.0,0.0,0.0,0.0,0.0,0.0,0.0,0.0,0.0,0.0,0.0,0.0,0.0,0.0,0.0,0.0,0.0,0.0,0.0,0.0,0.0,0.0,0.7618519067764282,1.0068049430847168,2.7953518610956962e-08,0.7019259929656982,0.9276583194732666,0.029640814289450645,0.6862668991088867,0.8327179551124573,0.046058956533670425,0.6772509217262268,0.7688794732093811,0.05098799988627434,0.6660374402999878,0.7348399758338928,0.05437619239091873,0.7286224365234375,0.7009167671203613,0.058887433260679245,0.7198259234428406,0.5941807627677917,0.05591078847646713,0.7042684555053711,0.5216325521469116,0.04495513439178467,0.6916411519050598,0.46059033274650574,0.03430630639195442,0.7485573291778564,0.6967387199401855,0.028818869963288307,0.740669846534729,0.5671511888504028,0.023632176220417023,0.7270800471305847,0.48095765709877014,0.010295514948666096,0.7133026123046875,0.40766236186027527,-0.000987790641374886,0.7680948376655579,0.7095519304275513,-0.003739940235391259,0.7690088748931885,0.5819057822227478,-0.00900259055197239,0.7588306069374084,0.5003461837768555,-0.019207173958420753,0.7458182573318481,0.4324031472206116,-0.028647584840655327,0.7894330024719238,0.7365458607673645,-0.03620371222496033,0.7896538972854614,0.6301490664482117,-0.04163607582449913,0.7783430218696594,0.5637362003326416,-0.04563351348042488,0.763087272644043,0.5079628825187683,-0.05051465332508087,B
0.0,0.0,0.0,0.0,0.0,0.0,0.0,0.0,0.0,0.0,0.0,0.0,0.0,0.0,0.0,0.0,0.0,0.0,0.0,0.0,0.0,0.0,0.0,0.0,0.0,0.0,0.0,0.0,0.0,0.0,0.0,0.0,0.0,0.0,0.0,0.0,0.0,0.0,0.0,0.0,0.0,0.0,0.0,0.0,0.0,0.0,0.0,0.0,0.0,0.0,0.0,0.0,0.0,0.0,0.0,0.0,0.0,0.0,0.0,0.0,0.0,0.0,0.0,0.7771638631820679,1.0078201293945312,-1.4142173654363432e-07,0.7088426351547241,0.9186471700668335,0.06785925477743149,0.6911985874176025,0.8328114748001099,0.10529561340808868,0.6784623861312866,0.7717613577842712,0.12440650165081024,0.6635948419570923,0.7300992012023926,0.14158736169338226,0.7336684465408325,0.7008041143417358,0.11437243968248367,0.721804678440094,0.5969492197036743,0.12866921722888947,0.7043842077255249,0.5236174464225769,0.12733085453510284,0.6902214884757996,0.4645749628543854,0.12163655459880829,0.754834771156311,0.6981493234634399,0.06805823743343353,0.7422201037406921,0.5658111572265625,0.07702018320560455,0.7272563576698303,0.47998711466789246,0.06823395937681198,0.7121660113334656,0.40734830498695374,0.05831713229417801,0.7734773755073547,0.7072353363037109,0.02022145688533783,0.7699494957923889,0.578906774520874,0.02431277185678482,0.7581695318222046,0.49573859572410583,0.01512318104505539,0.7450574636459351,0.42809200286865234,0.0041137803345918655,0.7930294871330261,0.7247443199157715,-0.02456710860133171,0.7898695468902588,0.622822642326355,-0.026248697191476822,0.7758423089981079,0.557088315486908,-0.031634386628866196,0.7592552304267883,0.5013349652290344,-0.039112769067287445,B
0.0,0.0,0.0,0.0,0.0,0.0,0.0,0.0,0.0,0.0,0.0,0.0,0.0,0.0,0.0,0.0,0.0,0.0,0.0,0.0,0.0,0.0,0.0,0.0,0.0,0.0,0.0,0.0,0.0,0.0,0.0,0.0,0.0,0.0,0.0,0.0,0.0,0.0,0.0,0.0,0.0,0.0,0.0,0.0,0.0,0.0,0.0,0.0,0.0,0.0,0.0,0.0,0.0,0.0,0.0,0.0,0.0,0.0,0.0,0.0,0.0,0.0,0.0,0.7756676077842712,1.006829023361206,-1.649401042413956e-07,0.708600640296936,0.9164031744003296,0.06872811168432236,0.6922546625137329,0.8317291140556335,0.10566527396440506,0.6800551414489746,0.7729281187057495,0.12398440390825272,0.6641627550125122,0.729917585849762,0.13996614515781403,0.7360153198242188,0.701565682888031,0.1136617362499237,0.724812924861908,0.5987066626548767,0.1273515820503235,0.7073349952697754,0.5263746976852417,0.1247059628367424,0.6918995380401611,0.467675119638443,0.11790547519922256,0.7563773989677429,0.6993377804756165,0.06636631488800049,0.744297444820404,0.5673003196716309,0.07461030036211014,0.7285714745521545,0.48219963908195496,0.06343341618776321,0.7121628522872925,0.40923571586608887,0.0513148307800293,0.7743634581565857,0.7085006237030029,0.017840346321463585,0.7711308598518372,0.5790812373161316,0.021134251728653908,0.7590736150741577,0.49613893032073975,0.009396889247000217,0.7445893287658691,0.4281637370586395,-0.0036860539112240076,0.7941738963127136,0.7269123196601868,-0.02735772915184498,0.7928208708763123,0.62392258644104,-0.029115140438079834,0.77895188331604,0.5576080083847046,-0.03516635671257973,0.7611730694770813,0.5009974837303162,-0.04355962201952934,B
0.0,0.0,0.0,0.0,0.0,0.0,0.0,0.0,0.0,0.0,0.0,0.0,0.0,0.0,0.0,0.0,0.0,0.0,0.0,0.0,0.0,0.0,0.0,0.0,0.0,0.0,0.0,0.0,0.0,0.0,0.0,0.0,0.0,0.0,0.0,0.0,0.0,0.0,0.0,0.0,0.0,0.0,0.0,0.0,0.0,0.0,0.0,0.0,0.0,0.0,0.0,0.0,0.0,0.0,0.0,0.0,0.0,0.0,0.0,0.0,0.0,0.0,0.0,0.7676647901535034,1.0130380392074585,-7.340204888350854e-08,0.7069969177246094,0.9316239953041077,0.044124338775873184,0.6903998255729675,0.8373435735702515,0.06920050084590912,0.6796709895133972,0.7720836400985718,0.08033574372529984,0.6691330671310425,0.7355731725692749,0.08974988013505936,0.7332072854042053,0.7015398740768433,0.08119960129261017,0.7239267826080322,0.5963988304138184,0.08582083135843277,0.706673264503479,0.524526834487915,0.07883314043283463,0.6929208636283875,0.46475520730018616,0.06992187350988388,0.7539146542549133,0.6975831985473633,0.04580061510205269,0.7453128099441528,0.5680772066116333,0.04750886186957359,0.7304591536521912,0.48217159509658813,0.03635919466614723,0.7157407402992249,0.40949746966362,0.025520946830511093,0.7731786370277405,0.7099347114562988,0.008331850171089172,0.774108350276947,0.5829023122787476,0.00827983021736145,0.7629212141036987,0.5007147789001465,-0.0012003770098090172,0.7495322823524475,0.43302223086357117,-0.011701073497533798,0.7939952611923218,0.7349709272384644,-0.027977248653769493,0.7949511408805847,0.6326918601989746,-0.03134302794933319,0.7825219035148621,0.5667703747749329,-0.03603120893239975,0.7666950225830078,0.5103003978729248,-0.04231827333569527,B
0.0,0.0,0.0,0.0,0.0,0.0,0.0,0.0,0.0,0.0,0.0,0.0,0.0,0.0,0.0,0.0,0.0,0.0,0.0,0.0,0.0,0.0,0.0,0.0,0.0,0.0,0.0,0.0,0.0,0.0,0.0,0.0,0.0,0.0,0.0,0.0,0.0,0.0,0.0,0.0,0.0,0.0,0.0,0.0,0.0,0.0,0.0,0.0,0.0,0.0,0.0,0.0,0.0,0.0,0.0,0.0,0.0,0.0,0.0,0.0,0.0,0.0,0.0,0.7694318890571594,1.0134830474853516,-3.915712909474678e-08,0.7060960531234741,0.9325972199440002,0.03637797757983208,0.6894428730010986,0.8377313613891602,0.057582877576351166,0.6798999309539795,0.7721179723739624,0.06618179380893707,0.6675366759300232,0.7352523803710938,0.0736188068985939,0.7338612675666809,0.7033290266990662,0.0730004832148552,0.7241746783256531,0.5965930223464966,0.07463253289461136,0.7085512280464172,0.5238680839538574,0.0652892217040062,0.6966339349746704,0.4639362096786499,0.05535958707332611,0.7539859414100647,0.6984239816665649,0.04124990478157997,0.7435978651046753,0.5681397318840027,0.04188847169280052,0.7295404076576233,0.4823715388774872,0.030348986387252808,0.716083288192749,0.40942949056625366,0.01946207508444786,0.7734695672988892,0.7096642851829529,0.00685792975127697,0.7719166278839111,0.5807397365570068,0.007026310078799725,0.7609036564826965,0.5000485777854919,-0.0017487448640167713,0.7486688494682312,0.4328984022140503,-0.011775549501180649,0.7949724793434143,0.7348890900611877,-0.027207447215914726,0.7940025925636292,0.6333824396133423,-0.029431801289319992,0.7820116877555847,0.5692541599273682,-0.03285839036107063,0.7673267722129822,0.5142421126365662,-0.038141533732414246,B
0.0,0.0,0.0,0.0,0.0,0.0,0.0,0.0,0.0,0.0,0.0,0.0,0.0,0.0,0.0,0.0,0.0,0.0,0.0,0.0,0.0,0.0,0.0,0.0,0.0,0.0,0.0,0.0,0.0,0.0,0.0,0.0,0.0,0.0,0.0,0.0,0.0,0.0,0.0,0.0,0.0,0.0,0.0,0.0,0.0,0.0,0.0,0.0,0.0,0.0,0.0,0.0,0.0,0.0,0.0,0.0,0.0,0.0,0.0,0.0,0.0,0.0,0.0,0.7738367915153503,1.016176700592041,-5.7031851241617915e-08,0.7081838846206665,0.9347004890441895,0.04122360795736313,0.6909687519073486,0.8420706391334534,0.06585156172513962,0.6817041635513306,0.7760035991668701,0.07729217410087585,0.6697344183921814,0.7329977750778198,0.08726160228252411,0.7343354821205139,0.7058913707733154,0.08108650147914886,0.7251266837120056,0.600734293460846,0.0858917310833931,0.7086537480354309,0.5299075245857239,0.07799378782510757,0.6951432824134827,0.46975967288017273,0.06863752007484436,0.755382239818573,0.6993082761764526,0.04821939021348953,0.7466732263565063,0.5708926916122437,0.051654256880283356,0.7322591543197632,0.48617398738861084,0.04035545140504837,0.7179844975471497,0.4141536355018616,0.029049040749669075,0.7748052477836609,0.7096731066703796,0.012994542717933655,0.7744476795196533,0.5848524570465088,0.015219936147332191,0.7639268040657043,0.5038306713104248,0.006052772980183363,0.751157283782959,0.436379611492157,-0.004809023812413216,0.7959992289543152,0.7336893677711487,-0.02142612636089325,0.7975526452064514,0.6348845958709717,-0.022253045812249184,0.7866682410240173,0.5702967643737793,-0.02567715384066105,0.7723993062973022,0.5149410963058472,-0.03136830031871796,B
0.0,0.0,0.0,0.0,0.0,0.0,0.0,0.0,0.0,0.0,0.0,0.0,0.0,0.0,0.0,0.0,0.0,0.0,0.0,0.0,0.0,0.0,0.0,0.0,0.0,0.0,0.0,0.0,0.0,0.0,0.0,0.0,0.0,0.0,0.0,0.0,0.0,0.0,0.0,0.0,0.0,0.0,0.0,0.0,0.0,0.0,0.0,0.0,0.0,0.0,0.0,0.0,0.0,0.0,0.0,0.0,0.0,0.0,0.0,0.0,0.0,0.0,0.0,0.7791378498077393,1.0197622776031494,-1.7236796168162982e-07,0.7113617062568665,0.9280772805213928,0.07594874501228333,0.6950410008430481,0.8405359387397766,0.11719629168510437,0.683467447757721,0.7773776650428772,0.13806311786174774,0.6694508194923401,0.7350918650627136,0.1564413458108902,0.7388742566108704,0.7078863978385925,0.12553627789020538,0.7306164503097534,0.6037655472755432,0.1431458741426468,0.7150639891624451,0.5296504497528076,0.14358344674110413,0.7015523910522461,0.4705832004547119,0.13863959908485413,0.7599588632583618,0.7055235505104065,0.07460945099592209,0.7509951591491699,0.572037935256958,0.08626014739274979,0.7357255220413208,0.4857163727283478,0.078555628657341,0.7193968296051025,0.41337281465530396,0.069216288626194,0.7785369753837585,0.7152009010314941,0.02231820486485958,0.7775237560272217,0.5846641063690186,0.027588743716478348,0.7660180926322937,0.5016096830368042,0.019015714526176453,0.7521183490753174,0.43456271290779114,0.008345465175807476,0.7977229952812195,0.7339938282966614,-0.026438647881150246,0.7968794107437134,0.6294792294502258,-0.027905816212296486,0.7826998829841614,0.5632718205451965,-0.03307465836405754,0.7650931477546692,0.5069282054901123,-0.040530022233724594,B
0.0,0.0,0.0,0.0,0.0,0.0,0.0,0.0,0.0,0.0,0.0,0.0,0.0,0.0,0.0,0.0,0.0,0.0,0.0,0.0,0.0,0.0,0.0,0.0,0.0,0.0,0.0,0.0,0.0,0.0,0.0,0.0,0.0,0.0,0.0,0.0,0.0,0.0,0.0,0.0,0.0,0.0,0.0,0.0,0.0,0.0,0.0,0.0,0.0,0.0,0.0,0.0,0.0,0.0,0.0,0.0,0.0,0.0,0.0,0.0,0.0,0.0,0.0,0.7767506837844849,1.0134518146514893,-1.677191789895005e-07,0.7108216881752014,0.927526593208313,0.06284830719232559,0.6952152252197266,0.8405925631523132,0.09927582740783691,0.6834595203399658,0.7792370319366455,0.1189408078789711,0.6686826348304749,0.7341786623001099,0.13684076070785522,0.7405288815498352,0.7058097720146179,0.10896650701761246,0.7308819890022278,0.6023353338241577,0.12278041988611221,0.7136840224266052,0.5310114622116089,0.12118767201900482,0.6998056173324585,0.47259292006492615,0.11566278338432312,0.7608649134635925,0.7016385793685913,0.06678810715675354,0.7510008811950684,0.5723196268081665,0.07556426525115967,0.7358131408691406,0.4880261719226837,0.06720118224620819,0.7204775810241699,0.4173859655857086,0.05785747244954109,0.7790285348892212,0.7110151052474976,0.023082081228494644,0.7777146697044373,0.5852321982383728,0.028060832992196083,0.7663520574569702,0.5038999319076538,0.02025139145553112,0.7538158297538757,0.4375722110271454,0.010456753894686699,0.7987829446792603,0.7310491800308228,-0.01793002150952816,0.7972758412361145,0.6284980177879333,-0.01746288686990738,0.7856341600418091,0.5629758834838867,-0.020504681393504143,0.7715975046157837,0.5077713131904602,-0.026107167825102806,B
0.0,0.0,0.0,0.0,0.0,0.0,0.0,0.0,0.0,0.0,0.0,0.0,0.0,0.0,0.0,0.0,0.0,0.0,0.0,0.0,0.0,0.0,0.0,0.0,0.0,0.0,0.0,0.0,0.0,0.0,0.0,0.0,0.0,0.0,0.0,0.0,0.0,0.0,0.0,0.0,0.0,0.0,0.0,0.0,0.0,0.0,0.0,0.0,0.0,0.0,0.0,0.0,0.0,0.0,0.0,0.0,0.0,0.0,0.0,0.0,0.0,0.0,0.0,0.7732933759689331,1.0168581008911133,-7.272967650351347e-08,0.7099689245223999,0.9338517785072327,0.04404789209365845,0.6935544013977051,0.8428694605827332,0.07013067603111267,0.6836156845092773,0.7782333493232727,0.08208215236663818,0.6719858050346375,0.7391289472579956,0.09236657619476318,0.7386640310287476,0.7093003392219543,0.08680671453475952,0.730879545211792,0.6053991317749023,0.0936862975358963,0.7153382301330566,0.5358638167381287,0.08700213581323624,0.7021397352218628,0.4760008454322815,0.07797998934984207,0.7598634362220764,0.702896237373352,0.051866162568330765,0.752432107925415,0.5759894251823425,0.05514717102050781,0.7375985383987427,0.49231356382369995,0.04285513609647751,0.7220607995986938,0.4210893213748932,0.030900508165359497,0.7793606519699097,0.7135247588157654,0.014671765267848969,0.7801997065544128,0.5887548923492432,0.016123199835419655,0.7690790891647339,0.5090587735176086,0.005955173168331385,0.7549892067909241,0.4428713917732239,-0.005057035945355892,0.8009194731712341,0.7381041049957275,-0.02139190398156643,0.8011743426322937,0.6342319250106812,-0.022159548476338387,0.789351761341095,0.569045901298523,-0.025321438908576965,0.7738861441612244,0.5140043497085571,-0.030763693153858185,B
0.7595606446266174,0.7769117951393127,2.952846216430771e-07,0.7722530961036682,0.7316719889640808,-0.044783905148506165,0.7785809636116028,0.6615862250328064,-0.06377201527357101,0.7704219818115234,0.5968043804168701,-0.0747571736574173,0.7591760158538818,0.5374704003334045,-0.08531863987445831,0.7901185154914856,0.6317587494850159,-0.05462801456451416,0.7714076042175293,0.5504254102706909,-0.08247638493776321,0.7526910901069641,0.48588085174560547,-0.10329226404428482,0.73612380027771,0.43376317620277405,-0.11722954362630844,0.7735165953636169,0.6260786056518555,-0.04154180735349655,0.7550889849662781,0.5386330485343933,-0.07009907811880112,0.7382668852806091,0.4674939513206482,-0.0916801169514656,0.7249263525009155,0.40883326530456543,-0.10625886917114258,0.7597545981407166,0.6304807662963867,-0.030880726873874664,0.7476953268051147,0.5486472249031067,-0.05705704912543297,0.7338363528251648,0.48138555884361267,-0.07285153120756149,0.7216283679008484,0.42817768454551697,-0.08167872577905655,0.7470933198928833,0.6434372663497925,-0.023102613165974617,0.7377690076828003,0.5831358432769775,-0.04560636356472969,0.7282392978668213,0.5328674912452698,-0.056668929755687714,0.7188199758529663,0.49027955532073975,-0.06275478005409241,0.7825322151184082,1.0222867727279663,-2.2669104282613262e-07,0.7130646109580994,0.9319296479225159,0.08246511965990067,0.6953144073486328,0.8436325788497925,0.12947070598602295,0.6837347745895386,0.7808160781860352,0.15486997365951538,0.6703416109085083,0.7348843812942505,0.1778237223625183,0.7448119521141052,0.7138767242431641,0.1407320201396942,0.733994722366333,0.6124045252799988,0.16375477612018585,0.7165011167526245,0.5393126010894775,0.16778571903705597,0.7019839286804199,0.48089784383773804,0.16505686938762665,0.7667369842529297,0.70900559425354,0.08738797903060913,0.7539838552474976,0.5788030624389648,0.10341238230466843,0.7368350625038147,0.49189290404319763,0.0983513817191124,0.7193158268928528,0.4191659986972809,0.09093914926052094,0.7857599258422852,0.7164074182510376,0.0322868749499321,0.7791820764541626,0.5885277986526489,0.03956518694758415,0.7663352489471436,0.5041210651397705,0.03295500949025154,0.752347469329834,0.4347507953643799,0.023913472890853882,0.8042864203453064,0.7321590781211853,-0.018919941037893295,0.7988027930259705,0.6268116235733032,-0.019847769290208817,0.7848556041717529,0.559134840965271,-0.024170704185962677,0.7681045532226562,0.500584602355957,-0.03077969327569008,B
0.0,0.0,0.0,0.0,0.0,0.0,0.0,0.0,0.0,0.0,0.0,0.0,0.0,0.0,0.0,0.0,0.0,0.0,0.0,0.0,0.0,0.0,0.0,0.0,0.0,0.0,0.0,0.0,0.0,0.0,0.0,0.0,0.0,0.0,0.0,0.0,0.0,0.0,0.0,0.0,0.0,0.0,0.0,0.0,0.0,0.0,0.0,0.0,0.0,0.0,0.0,0.0,0.0,0.0,0.0,0.0,0.0,0.0,0.0,0.0,0.0,0.0,0.0,0.777039647102356,1.0151311159133911,-1.4525031133416633e-07,0.7112789750099182,0.9335448741912842,0.05369570851325989,0.6953662037849426,0.8434299230575562,0.0854630246758461,0.6858733892440796,0.7786548137664795,0.10184869915246964,0.6715729832649231,0.7392243146896362,0.11645077913999557,0.7414584159851074,0.7082024216651917,0.0981234535574913,0.7316016554832458,0.604589581489563,0.10884576290845871,0.7145964503288269,0.5334947109222412,0.10461897403001785,0.7005956768989563,0.4743500053882599,0.09747719019651413,0.7617706060409546,0.7024118304252625,0.060211751610040665,0.7519278526306152,0.5742733478546143,0.06827868521213531,0.7370083332061768,0.4899868965148926,0.059287093579769135,0.7219462990760803,0.41874849796295166,0.04934161156415939,0.7805407047271729,0.711962878704071,0.020324328914284706,0.7797842025756836,0.5861348509788513,0.025652125477790833,0.7686398029327393,0.5056816339492798,0.017513325437903404,0.755547821521759,0.4392874836921692,0.007174014113843441,0.8015581965446472,0.7332311272621155,-0.017757607623934746,0.8004827499389648,0.6308813095092773,-0.016210349276661873,0.7882943153381348,0.5668397545814514,-0.018665648996829987,0.7729392051696777,0.5129309296607971,-0.024010971188545227,B
0.0,0.0,0.0,0.0,0.0,0.0,0.0,0.0,0.0,0.0,0.0,0.0,0.0,0.0,0.0,0.0,0.0,0.0,0.0,0.0,0.0,0.0,0.0,0.0,0.0,0.0,0.0,0.0,0.0,0.0,0.0,0.0,0.0,0.0,0.0,0.0,0.0,0.0,0.0,0.0,0.0,0.0,0.0,0.0,0.0,0.0,0.0,0.0,0.0,0.0,0.0,0.0,0.0,0.0,0.0,0.0,0.0,0.0,0.0,0.0,0.0,0.0,0.0,0.7746749520301819,1.0138009786605835,-7.189252215766828e-08,0.7120435833930969,0.9349835515022278,0.04242505133152008,0.6961504220962524,0.844923734664917,0.0672711431980133,0.6867576241493225,0.7814570069313049,0.07891049236059189,0.6726921796798706,0.7388447523117065,0.08889101445674896,0.7399607300758362,0.7076104879379272,0.07873807847499847,0.7300741672515869,0.6024863719940186,0.08333385735750198,0.7140237092971802,0.5321425199508667,0.07629276067018509,0.7014716863632202,0.47211748361587524,0.06755145639181137,0.7607602477073669,0.7019985318183899,0.045102041214704514,0.7517016530036926,0.5747835636138916,0.04714192450046539,0.7386713027954102,0.4911615550518036,0.03573942929506302,0.7262039184570312,0.4197106957435608,0.024494552984833717,0.7797038555145264,0.7132254838943481,0.009458531625568867,0.7806169390678406,0.5895428657531738,0.009715992957353592,0.7711867094039917,0.5098048448562622,0.00019321669242344797,0.7598798274993896,0.44342413544654846,-0.010413449257612228,0.800883948802948,0.7380228638648987,-0.02503303810954094,0.801676332950592,0.6374033689498901,-0.02775159664452076,0.7908923625946045,0.5722074508666992,-0.031992170959711075,0.7768313884735107,0.5166518688201904,-0.038023628294467926,B
0.0,0.0,0.0,0.0,0.0,0.0,0.0,0.0,0.0,0.0,0.0,0.0,0.0,0.0,0.0,0.0,0.0,0.0,0.0,0.0,0.0,0.0,0.0,0.0,0.0,0.0,0.0,0.0,0.0,0.0,0.0,0.0,0.0,0.0,0.0,0.0,0.0,0.0,0.0,0.0,0.0,0.0,0.0,0.0,0.0,0.0,0.0,0.0,0.0,0.0,0.0,0.0,0.0,0.0,0.0,0.0,0.0,0.0,0.0,0.0,0.0,0.0,0.0,0.7779902815818787,1.017853021621704,-1.7362624760153267e-07,0.712751030921936,0.9354931712150574,0.05914769321680069,0.6965317726135254,0.846146821975708,0.09394611418247223,0.6853920221328735,0.783206045627594,0.11292795091867447,0.6709949374198914,0.7369517683982849,0.1300525814294815,0.7407869696617126,0.7082493305206299,0.10204767435789108,0.730572521686554,0.604621171951294,0.1151655986905098,0.7129301428794861,0.5354838371276855,0.11297526210546494,0.6979008316993713,0.4775255620479584,0.1066986694931984,0.762071430683136,0.7038986682891846,0.06169727072119713,0.7519592642784119,0.5758060216903687,0.06978770345449448,0.7358879446983337,0.4928310811519623,0.06027839705348015,0.7194897532463074,0.4220430850982666,0.04972938075661659,0.7807159423828125,0.714535653591156,0.020030520856380463,0.7801076769828796,0.5899617671966553,0.024389630183577538,0.7691808342933655,0.5092588067054749,0.01530246902257204,0.7562368512153625,0.44215166568756104,0.004107434768229723,0.8013659715652466,0.7370169162750244,-0.019079403951764107,0.8017250299453735,0.6371146440505981,-0.019112156704068184,0.7903438806533813,0.5720379948616028,-0.023097876459360123,0.775655210018158,0.5164833068847656,-0.029783494770526886,B
0.0,0.0,0.0,0.0,0.0,0.0,0.0,0.0,0.0,0.0,0.0,0.0,0.0,0.0,0.0,0.0,0.0,0.0,0.0,0.0,0.0,0.0,0.0,0.0,0.0,0.0,0.0,0.0,0.0,0.0,0.0,0.0,0.0,0.0,0.0,0.0,0.0,0.0,0.0,0.0,0.0,0.0,0.0,0.0,0.0,0.0,0.0,0.0,0.0,0.0,0.0,0.0,0.0,0.0,0.0,0.0,0.0,0.0,0.0,0.0,0.0,0.0,0.0,0.7728558778762817,1.0184048414230347,-1.5884367599028337e-07,0.7116201519966125,0.9367595911026001,0.05496412143111229,0.6959350109100342,0.8476333618164062,0.08844087272882462,0.6853154301643372,0.7847381234169006,0.1066397875547409,0.6700779795646667,0.7386097311973572,0.12331552058458328,0.7381047010421753,0.7076632380485535,0.100840725004673,0.7272653579711914,0.6037800312042236,0.11350967735052109,0.7103694677352905,0.5345129370689392,0.11108890175819397,0.6965654492378235,0.47613635659217834,0.10486538708209991,0.7597220540046692,0.7010489106178284,0.06274884194135666,0.7495301961898804,0.5742974877357483,0.07133190333843231,0.7345766425132751,0.49199214577674866,0.06248721852898598,0.719079315662384,0.42321160435676575,0.05257747322320938,0.7793566584587097,0.710787296295166,0.022797467187047005,0.7778852581977844,0.5858721733093262,0.027531536296010017,0.7667361497879028,0.5054754018783569,0.018850885331630707,0.7531046867370605,0.43952497839927673,0.00828996580094099,0.8012536764144897,0.732883870601654,-0.0150887630879879,0.8008658289909363,0.632011890411377,-0.015061442740261555,0.7885702848434448,0.5678970217704773,-0.018677029758691788,0.7722036838531494,0.5143370032310486,-0.024662820622324944,B
0.0,0.0,0.0,0.0,0.0,0.0,0.0,0.0,0.0,0.0,0.0,0.0,0.0,0.0,0.0,0.0,0.0,0.0,0.0,0.0,0.0,0.0,0.0,0.0,0.0,0.0,0.0,0.0,0.0,0.0,0.0,0.0,0.0,0.0,0.0,0.0,0.0,0.0,0.0,0.0,0.0,0.0,0.0,0.0,0.0,0.0,0.0,0.0,0.0,0.0,0.0,0.0,0.0,0.0,0.0,0.0,0.0,0.0,0.0,0.0,0.0,0.0,0.0,0.7672020792961121,1.0190452337265015,-3.6194599317695975e-08,0.7080290913581848,0.9407823085784912,0.03304063901305199,0.6919664740562439,0.8473412990570068,0.05248776078224182,0.6823016405105591,0.784342348575592,0.0603814572095871,0.6699848175048828,0.7419286370277405,0.06698901206254959,0.7350685596466064,0.7092187404632568,0.06530962884426117,0.7263739705085754,0.603125274181366,0.0651424378156662,0.7089664936065674,0.5330135822296143,0.056160688400268555,0.6940078139305115,0.47351229190826416,0.04663237929344177,0.7558552026748657,0.7042782306671143,0.03518121689558029,0.7481776475906372,0.5762925148010254,0.03212141990661621,0.7325679063796997,0.49243324995040894,0.019661851227283478,0.7164427638053894,0.42078202962875366,0.008714116178452969,0.7754775881767273,0.7164254784584045,0.002772736130282283,0.7776864171028137,0.5913709402084351,-0.0014601071598008275,0.7668666243553162,0.5106549859046936,-0.011081671342253685,0.7522075176239014,0.4431664049625397,-0.020268922671675682,0.7971132397651672,0.7435154318809509,-0.029101978987455368,0.8000383973121643,0.6414437294006348,-0.03385435417294502,0.7891762852668762,0.5758151412010193,-0.03734850883483887,0.7730374336242676,0.5209926962852478,-0.041926439851522446,B
0.0,0.0,0.0,0.0,0.0,0.0,0.0,0.0,0.0,0.0,0.0,0.0,0.0,0.0,0.0,0.0,0.0,0.0,0.0,0.0,0.0,0.0,0.0,0.0,0.0,0.0,0.0,0.0,0.0,0.0,0.0,0.0,0.0,0.0,0.0,0.0,0.0,0.0,0.0,0.0,0.0,0.0,0.0,0.0,0.0,0.0,0.0,0.0,0.0,0.0,0.0,0.0,0.0,0.0,0.0,0.0,0.0,0.0,0.0,0.0,0.0,0.0,0.0,0.772127628326416,1.0207446813583374,-1.385617878213452e-07,0.7067655324935913,0.9338021278381348,0.05965583771467209,0.692986249923706,0.8485398292541504,0.09235949069261551,0.6816622614860535,0.786902904510498,0.1082102507352829,0.6665242910385132,0.7434702515602112,0.12225435674190521,0.7340224385261536,0.7084459066390991,0.10444320738315582,0.7238854765892029,0.605888307094574,0.11643341928720474,0.7069869637489319,0.5358260273933411,0.11380184441804886,0.6934002041816711,0.47644180059432983,0.10723135620355606,0.7542908191680908,0.7036176323890686,0.06241484731435776,0.7452535629272461,0.5756804943084717,0.0696859285235405,0.7301019430160522,0.49312084913253784,0.06081368029117584,0.7150264978408813,0.4216775596141815,0.050919294357299805,0.7725896835327148,0.715325117111206,0.018751094117760658,0.7740683555603027,0.5893230438232422,0.02213229425251484,0.7628954648971558,0.5091056823730469,0.014339413493871689,0.7490854263305664,0.44265618920326233,0.004553578328341246,0.7936527729034424,0.7399859428405762,-0.022515838965773582,0.7946166396141052,0.6366845369338989,-0.02288653887808323,0.7818037867546082,0.572083055973053,-0.025510616600513458,0.7652606964111328,0.5176845788955688,-0.03085026517510414,B
0.0,0.0,0.0,0.0,0.0,0.0,0.0,0.0,0.0,0.0,0.0,0.0,0.0,0.0,0.0,0.0,0.0,0.0,0.0,0.0,0.0,0.0,0.0,0.0,0.0,0.0,0.0,0.0,0.0,0.0,0.0,0.0,0.0,0.0,0.0,0.0,0.0,0.0,0.0,0.0,0.0,0.0,0.0,0.0,0.0,0.0,0.0,0.0,0.0,0.0,0.0,0.0,0.0,0.0,0.0,0.0,0.0,0.0,0.0,0.0,0.0,0.0,0.0,0.7726954817771912,1.014763355255127,-6.878579927871442e-09,0.7123415470123291,0.9395150542259216,0.034474775195121765,0.6931569576263428,0.8473401069641113,0.05457451567053795,0.6822317242622375,0.7836183905601501,0.06218777224421501,0.6673881411552429,0.7470206022262573,0.06827934831380844,0.7328521013259888,0.7070208787918091,0.07214619964361191,0.7238379716873169,0.603262186050415,0.07469011098146439,0.7077974081039429,0.5326911211013794,0.0663032978773117,0.6947202086448669,0.47323861718177795,0.056363895535469055,0.7521944046020508,0.7008087635040283,0.04067984223365784,0.7436618208885193,0.5746933817863464,0.040263693779706955,0.7300487160682678,0.49233338236808777,0.027468744665384293,0.7163600921630859,0.4204331338405609,0.015458832494914532,0.7710301280021667,0.7119032144546509,0.006600670516490936,0.7716002464294434,0.5887203812599182,0.0047707040794193745,0.7610190510749817,0.5093938112258911,-0.006011501420289278,0.7473655343055725,0.44261571764945984,-0.01729845255613327,0.7935538291931152,0.7369047999382019,-0.027099357917904854,0.7928411960601807,0.6363434195518494,-0.031007619574666023,0.7803629040718079,0.5716060400009155,-0.035848867148160934,0.7645049095153809,0.5157610177993774,-0.04233720898628235,B
0.0,0.0,0.0,0.0,0.0,0.0,0.0,0.0,0.0,0.0,0.0,0.0,0.0,0.0,0.0,0.0,0.0,0.0,0.0,0.0,0.0,0.0,0.0,0.0,0.0,0.0,0.0,0.0,0.0,0.0,0.0,0.0,0.0,0.0,0.0,0.0,0.0,0.0,0.0,0.0,0.0,0.0,0.0,0.0,0.0,0.0,0.0,0.0,0.0,0.0,0.0,0.0,0.0,0.0,0.0,0.0,0.0,0.0,0.0,0.0,0.0,0.0,0.0,0.7791610360145569,1.0173228979110718,-4.332510528115563e-08,0.7141326665878296,0.9382687211036682,0.04405733197927475,0.6942848563194275,0.8473926782608032,0.06924467533826828,0.6825425624847412,0.7828090190887451,0.08044633269309998,0.6675432324409485,0.7437394857406616,0.09001334756612778,0.7343356013298035,0.7077661156654358,0.08349655568599701,0.7242039442062378,0.6017526984214783,0.08938966691493988,0.7079735994338989,0.5308102369308472,0.0826399028301239,0.6950695514678955,0.47056329250335693,0.07355433702468872,0.75511234998703,0.7022558450698853,0.04829109460115433,0.7442373037338257,0.5746617913246155,0.0511222779750824,0.7305124998092651,0.4912703037261963,0.03933074697852135,0.7174842357635498,0.4182868003845215,0.027631016448140144,0.7747329473495483,0.713286280632019,0.011032060720026493,0.7726451754570007,0.5884373784065247,0.011926987208425999,0.7621683478355408,0.5083645582199097,0.002414193470031023,0.7498691082000732,0.4406479299068451,-0.008577733300626278,0.7979264259338379,0.7376375198364258,-0.025093717500567436,0.7958940267562866,0.6368387937545776,-0.027135170996189117,0.783480703830719,0.5724384188652039,-0.030794821679592133,0.7689321041107178,0.5164146423339844,-0.03673938289284706,B
0.0,0.0,0.0,0.0,0.0,0.0,0.0,0.0,0.0,0.0,0.0,0.0,0.0,0.0,0.0,0.0,0.0,0.0,0.0,0.0,0.0,0.0,0.0,0.0,0.0,0.0,0.0,0.0,0.0,0.0,0.0,0.0,0.0,0.0,0.0,0.0,0.0,0.0,0.0,0.0,0.0,0.0,0.0,0.0,0.0,0.0,0.0,0.0,0.0,0.0,0.0,0.0,0.0,0.0,0.0,0.0,0.0,0.0,0.0,0.0,0.0,0.0,0.0,0.7790864109992981,1.0166471004486084,-1.1880258199425953e-07,0.7141785025596619,0.9368380308151245,0.053176864981651306,0.6954096555709839,0.8487358093261719,0.08335712552070618,0.6828539371490479,0.7854500412940979,0.09823711961507797,0.6690263152122498,0.7455511093139648,0.11081908643245697,0.7367531657218933,0.7127135396003723,0.09032856673002243,0.7259822487831116,0.6062723398208618,0.09891623258590698,0.7089530229568481,0.5353527069091797,0.09480375796556473,0.694794774055481,0.47567853331565857,0.0872514545917511,0.7579239010810852,0.7072728276252747,0.05070050433278084,0.7467209696769714,0.5767061114311218,0.05343906953930855,0.7324849367141724,0.49217185378074646,0.04205991327762604,0.7185940742492676,0.4209291934967041,0.03071359358727932,0.7769550681114197,0.7181088328361511,0.009673772379755974,0.7738308906555176,0.5911008715629578,0.009152429178357124,0.762630820274353,0.5099728107452393,-0.0020414015743881464,0.7495838403701782,0.4429604411125183,-0.013962561264634132,0.7986962795257568,0.7404636740684509,-0.02911643125116825,0.7943845391273499,0.6371514797210693,-0.03403269127011299,0.7802069187164307,0.5712529420852661,-0.04063155874609947,0.7640193104743958,0.5148218274116516,-0.04869481548666954,B
0.0,0.0,0.0,0.0,0.0,0.0,0.0,0.0,0.0,0.0,0.0,0.0,0.0,0.0,0.0,0.0,0.0,0.0,0.0,0.0,0.0,0.0,0.0,0.0,0.0,0.0,0.0,0.0,0.0,0.0,0.0,0.0,0.0,0.0,0.0,0.0,0.0,0.0,0.0,0.0,0.0,0.0,0.0,0.0,0.0,0.0,0.0,0.0,0.0,0.0,0.0,0.0,0.0,0.0,0.0,0.0,0.0,0.0,0.0,0.0,0.0,0.0,0.0,0.7764572501182556,1.017000436782837,-8.987458244291702e-08,0.7116814255714417,0.9370942115783691,0.04997740313410759,0.6935476660728455,0.8475587964057922,0.07832125574350357,0.6821332573890686,0.7822480797767639,0.09158813953399658,0.6685905456542969,0.7474268078804016,0.10288255661725998,0.737054169178009,0.7124494314193726,0.09143444150686264,0.7256603240966797,0.6081451773643494,0.10053516179323196,0.7083536982536316,0.5376858115196228,0.09590388834476471,0.6940841674804688,0.4781184792518616,0.08812857419252396,0.7582610249519348,0.7062707543373108,0.05364597961306572,0.7470676302909851,0.5785676836967468,0.05902064964175224,0.7320173978805542,0.4942633807659149,0.048903729766607285,0.7168463468551636,0.42354175448417664,0.03832324594259262,0.7776750922203064,0.716726541519165,0.013956982642412186,0.7753506302833557,0.5914644002914429,0.01679220423102379,0.7639390826225281,0.5102880001068115,0.007760359439998865,0.7506592273712158,0.4435664117336273,-0.002922940067946911,0.7997197508811951,0.73940509557724,-0.02412414737045765,0.7968207597732544,0.6361523270606995,-0.024221273139119148,0.784753143787384,0.5714846849441528,-0.027153588831424713,0.7699717283248901,0.516564130783081,-0.032802559435367584,B
0.0,0.0,0.0,0.0,0.0,0.0,0.0,0.0,0.0,0.0,0.0,0.0,0.0,0.0,0.0,0.0,0.0,0.0,0.0,0.0,0.0,0.0,0.0,0.0,0.0,0.0,0.0,0.0,0.0,0.0,0.0,0.0,0.0,0.0,0.0,0.0,0.0,0.0,0.0,0.0,0.0,0.0,0.0,0.0,0.0,0.0,0.0,0.0,0.0,0.0,0.0,0.0,0.0,0.0,0.0,0.0,0.0,0.0,0.0,0.0,0.0,0.0,0.0,0.7855284810066223,1.0165786743164062,-1.4680391302590579e-07,0.7162699103355408,0.9309676885604858,0.06678560376167297,0.6972595453262329,0.8452662825584412,0.10478195548057556,0.6842408776283264,0.785637617111206,0.1248694583773613,0.6688951849937439,0.7404407858848572,0.14294223487377167,0.7402608394622803,0.7119370698928833,0.113607257604599,0.7294151782989502,0.6086127758026123,0.12814798951148987,0.7115258574485779,0.5366585850715637,0.1269303858280182,0.6965928077697754,0.47820183634757996,0.12115683406591415,0.7618971467018127,0.7085502743721008,0.06772590428590775,0.7505755424499512,0.5772373080253601,0.0762118473649025,0.7353188991546631,0.4929554760456085,0.0665324330329895,0.7190670371055603,0.41972172260284424,0.05594438314437866,0.7803022861480713,0.7173140048980713,0.02033432200551033,0.7768482565879822,0.5910413861274719,0.02340012975037098,0.7649511694908142,0.5088326930999756,0.013629571534693241,0.751595139503479,0.44204574823379517,0.0024310601875185966,0.8008323907852173,0.7352263927459717,-0.024002593010663986,0.7979410290718079,0.632844090461731,-0.02667403593659401,0.7854228019714355,0.5663163661956787,-0.03262932598590851,0.7702466249465942,0.5101959705352783,-0.04048313573002815,B
0.0,0.0,0.0,0.0,0.0,0.0,0.0,0.0,0.0,0.0,0.0,0.0,0.0,0.0,0.0,0.0,0.0,0.0,0.0,0.0,0.0,0.0,0.0,0.0,0.0,0.0,0.0,0.0,0.0,0.0,0.0,0.0,0.0,0.0,0.0,0.0,0.0,0.0,0.0,0.0,0.0,0.0,0.0,0.0,0.0,0.0,0.0,0.0,0.0,0.0,0.0,0.0,0.0,0.0,0.0,0.0,0.0,0.0,0.0,0.0,0.0,0.0,0.0,0.7786673903465271,1.0117371082305908,-1.3830016598603834e-07,0.7135041356086731,0.929698646068573,0.062161244451999664,0.6959506273269653,0.8462367653846741,0.09628212451934814,0.6830077171325684,0.7859397530555725,0.11334659159183502,0.6663709878921509,0.7374626398086548,0.12823936343193054,0.7360714077949524,0.708875834941864,0.10490088164806366,0.7248469591140747,0.6054761409759521,0.11810639500617981,0.7073015570640564,0.5363767147064209,0.11583943665027618,0.6921683549880981,0.47757238149642944,0.10918573290109634,0.7573469877243042,0.7042208909988403,0.06147529557347298,0.7462313175201416,0.575871467590332,0.06968638300895691,0.7305981516838074,0.49305492639541626,0.059278447180986404,0.7140634059906006,0.42145150899887085,0.04751361161470413,0.7761351466178894,0.7137040495872498,0.016887933015823364,0.7747576832771301,0.5896985530853271,0.021070227026939392,0.7636581659317017,0.5093429684638977,0.011271433904767036,0.7494449615478516,0.44294920563697815,-0.0008322644280269742,0.7971587777137756,0.733820915222168,-0.024934306740760803,0.796628475189209,0.6340084671974182,-0.025022191926836967,0.7848573327064514,0.5698769092559814,-0.029024889692664146,0.769040584564209,0.5159317851066589,-0.03609633445739746,B
0.0,0.0,0.0,0.0,0.0,0.0,0.0,0.0,0.0,0.0,0.0,0.0,0.0,0.0,0.0,0.0,0.0,0.0,0.0,0.0,0.0,0.0,0.0,0.0,0.0,0.0,0.0,0.0,0.0,0.0,0.0,0.0,0.0,0.0,0.0,0.0,0.0,0.0,0.0,0.0,0.0,0.0,0.0,0.0,0.0,0.0,0.0,0.0,0.0,0.0,0.0,0.0,0.0,0.0,0.0,0.0,0.0,0.0,0.0,0.0,0.0,0.0,0.0,0.7812513709068298,1.014566421508789,-1.2619041456218838e-07,0.7146405577659607,0.9376004934310913,0.05511445552110672,0.6947524547576904,0.8502132892608643,0.08667594194412231,0.682756245136261,0.7867155075073242,0.10272488743066788,0.6655400991439819,0.740354061126709,0.11662635207176208,0.735066294670105,0.7093132734298706,0.09418142586946487,0.7230507135391235,0.6053193807601929,0.10494514554738998,0.7053948044776917,0.5362613797187805,0.10191171616315842,0.6906882524490356,0.4774405360221863,0.09498030692338943,0.756624698638916,0.7039375305175781,0.05390019714832306,0.7446432113647461,0.5752377510070801,0.05907629802823067,0.7286538481712341,0.49126720428466797,0.04834664240479469,0.7129292488098145,0.41994917392730713,0.037085600197315216,0.7759472727775574,0.7145956754684448,0.012272484600543976,0.7733640074729919,0.5891782641410828,0.013384923338890076,0.761653482913971,0.5076895952224731,0.002577273640781641,0.7477138638496399,0.4404926896095276,-0.00936399307101965,0.7971527576446533,0.7365692853927612,-0.026995262131094933,0.7952209711074829,0.633683979511261,-0.03058398887515068,0.782189667224884,0.568230152130127,-0.03636950999498367,0.7662652134895325,0.5128284692764282,-0.04396515712141991,B
