0.0,0.0,0.0,0.0,0.0,0.0,0.0,0.0,0.0,0.0,0.0,0.0,0.0,0.0,0.0,0.0,0.0,0.0,0.0,0.0,0.0,0.0,0.0,0.0,0.0,0.0,0.0,0.0,0.0,0.0,0.0,0.0,0.0,0.0,0.0,0.0,0.0,0.0,0.0,0.0,0.0,0.0,0.0,0.0,0.0,0.0,0.0,0.0,0.0,0.0,0.0,0.0,0.0,0.0,0.0,0.0,0.0,0.0,0.0,0.0,0.0,0.0,0.0,0.6269681453704834,0.7687301635742188,-4.1915237147804874e-07,0.6275603771209717,0.7098595499992371,-0.019413910806179047,0.6612547039985657,0.6534554958343506,-0.027794180437922478,0.7008131146430969,0.6248342394828796,-0.03591814637184143,0.7306949496269226,0.5972114205360413,-0.039778418838977814,0.7155804634094238,0.64616858959198,-0.006153451278805733,0.7526256442070007,0.6376416683197021,-0.03330022841691971,0.7199513912200928,0.6615331172943115,-0.04867846891283989,0.6926649212837219,0.6741011738777161,-0.05417371168732643,0.7255914211273193,0.6821866631507874,-0.006535359192639589,0.7614643573760986,0.6805129051208496,-0.035059794783592224,0.7155774235725403,0.700903594493866,-0.04258885234594345,0.6865209341049194,0.7027109265327454,-0.040434498339891434,0.7287293076515198,0.7173879146575928,-0.011484234593808651,0.7637911438941956,0.7169910669326782,-0.039088062942028046,0.7186964154243469,0.7281593680381775,-0.033721912652254105,0.6892616152763367,0.7234755158424377,-0.022391166538000107,0.7264211177825928,0.7525848150253296,-0.017989765852689743,0.7521588206291199,0.7527501583099365,-0.0362388975918293,0.7211707234382629,0.754875123500824,-0.030971694737672806,0.6970682144165039,0.7448101043701172,-0.02152729220688343,A
0.0,0.0,0.0,0.0,0.0,0.0,0.0,0.0,0.0,0.0,0.0,0.0,0.0,0.0,0.0,0.0,0.0,0.0,0.0,0.0,0.0,0.0,0.0,0.0,0.0,0.0,0.0,0.0,0.0,0.0,0.0,0.0,0.0,0.0,0.0,0.0,0.0,0.0,0.0,0.0,0.0,0.0,0.0,0.0,0.0,0.0,0.0,0.0,0.0,0.0,0.0,0.0,0.0,0.0,0.0,0.0,0.0,0.0,0.0,0.0,0.0,0.0,0.0,0.6276730895042419,0.7701497077941895,-4.153179702370835e-07,0.6280378103256226,0.7102788090705872,-0.018389170989394188,0.66200190782547,0.6536650061607361,-0.026130884885787964,0.7019616365432739,0.6251040101051331,-0.03381006047129631,0.7322317361831665,0.597687304019928,-0.03743816912174225,0.7160927653312683,0.6462146639823914,-0.004229762591421604,0.7532937526702881,0.6396259665489197,-0.030368858948349953,0.7205955386161804,0.6626991629600525,-0.045301396399736404,0.6933800578117371,0.6743510365486145,-0.05064650624990463,0.7258535623550415,0.6829070448875427,-0.00488755339756608,0.7619141340255737,0.6818066835403442,-0.032669760286808014,0.7163377404212952,0.7015732526779175,-0.040468912571668625,0.6866220831871033,0.7029936909675598,-0.03848396614193916,0.7291012406349182,0.7185466289520264,-0.00998024083673954,0.7635111808776855,0.7186699509620667,-0.037396449595689774,0.7183403372764587,0.72957444190979,-0.032688386738300323,0.6881961226463318,0.724506676197052,-0.02168569713830948,0.7268925309181213,0.7539563179016113,-0.01646258682012558,0.7511468529701233,0.7541778683662415,-0.034695446491241455,0.7196643948554993,0.7569202184677124,-0.0296710804104805,0.6951233148574829,0.7471142411231995,-0.020346624776721,A
0.0,0.0,0.0,0.0,0.0,0.0,0.0,0.0,0.0,0.0,0.0,0.0,0.0,0.0,0.0,0.0,0.0,0.0,0.0,0.0,0.0,0.0,0.0,0.0,0.0,0.0,0.0,0.0,0.0,0.0,0.0,0.0,0.0,0.0,0.0,0.0,0.0,0.0,0.0,0.0,0.0,0.0,0.0,0.0,0.0,0.0,0.0,0.0,0.0,0.0,0.0,0.0,0.0,0.0,0.0,0.0,0.0,0.0,0.0,0.0,0.0,0.0,0.0,0.6279329657554626,0.770818829536438,-4.1034411424334394e-07,0.6280484199523926,0.7090726494789124,-0.01749960146844387,0.6619147062301636,0.6521446704864502,-0.024665728211402893,0.7017340064048767,0.6243230700492859,-0.032019589096307755,0.7318136692047119,0.598050594329834,-0.035315558314323425,0.7149163484573364,0.6472617387771606,-0.0032715362031012774,0.7529821991920471,0.6390174627304077,-0.02871853858232498,0.7212924361228943,0.662091851234436,-0.043356504291296005,0.6937111616134644,0.6747851371765137,-0.048528239130973816,0.7250036597251892,0.6838675737380981,-0.004196018446236849,0.7613760232925415,0.6818810105323792,-0.031155019998550415,0.7166120409965515,0.7012577652931213,-0.038758937269449234,0.6863709688186646,0.7034862637519836,-0.03683224320411682,0.7285076379776001,0.7191959619522095,-0.009479383938014507,0.7639479637145996,0.7182072401046753,-0.03566945344209671,0.7197123765945435,0.7285143136978149,-0.03088787943124771,0.6893215179443359,0.7241947650909424,-0.020130803808569908,0.726567804813385,0.7541353106498718,-0.016186414286494255,0.7516976594924927,0.753966748714447,-0.03348959609866142,0.7215140461921692,0.7559006214141846,-0.028463397175073624,0.6972419619560242,0.746498703956604,-0.0193373654037714,A
0.0,0.0,0.0,0.0,0.0,0.0,0.0,0.0,0.0,0.0,0.0,0.0,0.0,0.0,0.0,0.0,0.0,0.0,0.0,0.0,0.0,0.0,0.0,0.0,0.0,0.0,0.0,0.0,0.0,0.0,0.0,0.0,0.0,0.0,0.0,0.0,0.0,0.0,0.0,0.0,0.0,0.0,0.0,0.0,0.0,0.0,0.0,0.0,0.0,0.0,0.0,0.0,0.0,0.0,0.0,0.0,0.0,0.0,0.0,0.0,0.0,0.0,0.0,0.6252421140670776,0.7698697447776794,-4.174403329670895e-07,0.6271138191223145,0.7096312642097473,-0.01741071045398712,0.6617622971534729,0.6529363393783569,-0.024800466373562813,0.701227605342865,0.6248477697372437,-0.032443009316921234,0.731418251991272,0.598093569278717,-0.035995591431856155,0.7150284647941589,0.6465409994125366,-0.0026856553740799427,0.7517948746681213,0.6390163898468018,-0.028788810595870018,0.7191513776779175,0.6626052856445312,-0.043874550610780716,0.6920849084854126,0.6759117245674133,-0.0492713637650013,0.7243848443031311,0.6835072636604309,-0.0040615014731884,0.7608292698860168,0.6810749173164368,-0.031187355518341064,0.7150803804397583,0.7006856799125671,-0.038503166288137436,0.6853452324867249,0.704014241695404,-0.03626437485218048,0.7272355556488037,0.7196605801582336,-0.009981177747249603,0.7637324929237366,0.7182725071907043,-0.036346785724163055,0.7185565829277039,0.728661298751831,-0.030863935127854347,0.6884402632713318,0.7253976464271545,-0.019525153562426567,0.7244300842285156,0.7557946443557739,-0.01738116331398487,0.7507145404815674,0.7551689743995667,-0.0347876138985157,0.7197128534317017,0.7563893795013428,-0.02934148907661438,0.6953874826431274,0.7473652362823486,-0.019867630675435066,A
0.0,0.0,0.0,0.0,0.0,0.0,0.0,0.0,0.0,0.0,0.0,0.0,0.0,0.0,0.0,0.0,0.0,0.0,0.0,0.0,0.0,0.0,0.0,0.0,0.0,0.0,0.0,0.0,0.0,0.0,0.0,0.0,0.0,0.0,0.0,0.0,0.0,0.0,0.0,0.0,0.0,0.0,0.0,0.0,0.0,0.0,0.0,0.0,0.0,0.0,0.0,0.0,0.0,0.0,0.0,0.0,0.0,0.0,0.0,0.0,0.0,0.0,0.0,0.6239619851112366,0.7732224464416504,-4.2209777006974036e-07,0.6246567964553833,0.7132182121276855,-0.017992407083511353,0.6585591435432434,0.6554750204086304,-0.02570669911801815,0.6984918117523193,0.6258787512779236,-0.03351361304521561,0.7292306423187256,0.5990085005760193,-0.03694761171936989,0.7123576998710632,0.648305356502533,-0.003781594568863511,0.7513612508773804,0.6396704912185669,-0.030265016481280327,0.7188913822174072,0.6637104749679565,-0.044881194829940796,0.6924826502799988,0.6764243245124817,-0.049888063222169876,0.7219601273536682,0.68499755859375,-0.004921408370137215,0.7595805525779724,0.6828877925872803,-0.032608699053525925,0.7139806747436523,0.7031855583190918,-0.03945602849125862,0.6856862902641296,0.7052574753761292,-0.03685661405324936,0.7253351807594299,0.7205557823181152,-0.010693284682929516,0.761936604976654,0.7197231650352478,-0.037714190781116486,0.7169022560119629,0.730684757232666,-0.03201655298471451,0.6879844069480896,0.7263377904891968,-0.02054698020219803,0.7236416339874268,0.7562087774276733,-0.01795322634279728,0.7498545050621033,0.7553008198738098,-0.03550155460834503,0.7184346318244934,0.7571938633918762,-0.02994818054139614,0.6943278312683105,0.7478801608085632,-0.020489953458309174,A
0.0,0.0,0.0,0.0,0.0,0.0,0.0,0.0,0.0,0.0,0.0,0.0,0.0,0.0,0.0,0.0,0.0,0.0,0.0,0.0,0.0,0.0,0.0,0.0,0.0,0.0,0.0,0.0,0.0,0.0,0.0,0.0,0.0,0.0,0.0,0.0,0.0,0.0,0.0,0.0,0.0,0.0,0.0,0.0,0.0,0.0,0.0,0.0,0.0,0.0,0.0,0.0,0.0,0.0,0.0,0.0,0.0,0.0,0.0,0.0,0.0,0.0,0.0,0.6245312094688416,0.7734394669532776,-4.1438650555392087e-07,0.6253142356872559,0.7130572199821472,-0.018209761008620262,0.6585190296173096,0.6554876565933228,-0.02619926817715168,0.698302149772644,0.6261513233184814,-0.03423452377319336,0.7289838194847107,0.5984786748886108,-0.03800144046545029,0.7120949625968933,0.6480734348297119,-0.004405796993523836,0.7507166862487793,0.6393023729324341,-0.03113735280930996,0.7190906405448914,0.6629663705825806,-0.046299148350954056,0.6929628849029541,0.6747158169746399,-0.05188317224383354,0.7221201062202454,0.6846632361412048,-0.005579731427133083,0.759619951248169,0.6825156211853027,-0.03349838778376579,0.7141692638397217,0.7024458050727844,-0.040962427854537964,0.6858506202697754,0.7032325267791748,-0.039043691009283066,0.7257305979728699,0.7204176783561707,-0.01130266860127449,0.7623724937438965,0.7196605205535889,-0.03840175271034241,0.7172770500183105,0.730431318283081,-0.03285656124353409,0.6882744431495667,0.7248407602310181,-0.02169835940003395,0.7239334583282471,0.7562530040740967,-0.018529832363128662,0.749618649482727,0.7551718354225159,-0.03618897497653961,0.7185205221176147,0.7569816708564758,-0.030684150755405426,0.6950123310089111,0.7465795278549194,-0.021362390369176865,A
0.0,0.0,0.0,0.0,0.0,0.0,0.0,0.0,0.0,0.0,0.0,0.0,0.0,0.0,0.0,0.0,0.0,0.0,0.0,0.0,0.0,0.0,0.0,0.0,0.0,0.0,0.0,0.0,0.0,0.0,0.0,0.0,0.0,0.0,0.0,0.0,0.0,0.0,0.0,0.0,0.0,0.0,0.0,0.0,0.0,0.0,0.0,0.0,0.0,0.0,0.0,0.0,0.0,0.0,0.0,0.0,0.0,0.0,0.0,0.0,0.0,0.0,0.0,0.6250178217887878,0.7749683260917664,-4.1815459894678497e-07,0.6245182752609253,0.7151806354522705,-0.019482918083667755,0.6587786078453064,0.6567452549934387,-0.02771547995507717,0.6991748213768005,0.6268319487571716,-0.03559369221329689,0.7298259139060974,0.5991246104240417,-0.03910532593727112,0.7112166285514832,0.6479761004447937,-0.006463298574090004,0.7506757378578186,0.640341579914093,-0.03336956351995468,0.7181219458580017,0.6644442677497864,-0.047991495579481125,0.6920256614685059,0.6751676797866821,-0.05311599746346474,0.721398651599884,0.6845638155937195,-0.006946188397705555,0.7599372863769531,0.6831277012825012,-0.03511505201458931,0.7139044404029846,0.7036192417144775,-0.042018111795186996,0.6859513521194458,0.7038322687149048,-0.039522089064121246,0.7253665328025818,0.7201076745986938,-0.012018912471830845,0.7618424296379089,0.719770610332489,-0.039469651877880096,0.7164266705513,0.7314170598983765,-0.03362738713622093,0.6879676580429077,0.7256298065185547,-0.022140752524137497,0.7240387201309204,0.7555495500564575,-0.018648605793714523,0.749289333820343,0.7554982304573059,-0.0364147424697876,0.717930257320404,0.7581655383110046,-0.030817631632089615,0.694657027721405,0.7477463483810425,-0.021374739706516266,A
0.0,0.0,0.0,0.0,0.0,0.0,0.0,0.0,0.0,0.0,0.0,0.0,0.0,0.0,0.0,0.0,0.0,0.0,0.0,0.0,0.0,0.0,0.0,0.0,0.0,0.0,0.0,0.0,0.0,0.0,0.0,0.0,0.0,0.0,0.0,0.0,0.0,0.0,0.0,0.0,0.0,0.0,0.0,0.0,0.0,0.0,0.0,0.0,0.0,0.0,0.0,0.0,0.0,0.0,0.0,0.0,0.0,0.0,0.0,0.0,0.0,0.0,0.0,0.6248177289962769,0.7746516466140747,-4.0640767906552355e-07,0.6252436637878418,0.7136058807373047,-0.018911542370915413,0.6581863164901733,0.6560811400413513,-0.0269800815731287,0.6981162428855896,0.6265659332275391,-0.03507472574710846,0.7288241386413574,0.600019097328186,-0.03882685303688049,0.7115527987480164,0.6484902501106262,-0.0037276383955031633,0.7502933144569397,0.6401588916778564,-0.0306438896805048,0.7189831137657166,0.6643137335777283,-0.04589993879199028,0.6930386424064636,0.6755766272544861,-0.05142868682742119,0.7213909029960632,0.68487149477005,-0.004533310886472464,0.7591962814331055,0.6827251315116882,-0.032501596957445145,0.713776171207428,0.7025304436683655,-0.04000804200768471,0.6854054927825928,0.7025291919708252,-0.03799531236290932,0.7251283526420593,0.720322847366333,-0.010117888450622559,0.7620022892951965,0.7196244597434998,-0.03743348643183708,0.7167776823043823,0.7308692336082458,-0.03203798830509186,0.6877005100250244,0.7254952192306519,-0.020780788734555244,0.723699152469635,0.7560417056083679,-0.017296120524406433,0.7500610947608948,0.7555451989173889,-0.03484097123146057,0.718991756439209,0.7577579021453857,-0.02938433364033699,0.6953364014625549,0.7478761076927185,-0.020028147846460342,A
0.0,0.0,0.0,0.0,0.0,0.0,0.0,0.0,0.0,0.0,0.0,0.0,0.0,0.0,0.0,0.0,0.0,0.0,0.0,0.0,0.0,0.0,0.0,0.0,0.0,0.0,0.0,0.0,0.0,0.0,0.0,0.0,0.0,0.0,0.0,0.0,0.0,0.0,0.0,0.0,0.0,0.0,0.0,0.0,0.0,0.0,0.0,0.0,0.0,0.0,0.0,0.0,0.0,0.0,0.0,0.0,0.0,0.0,0.0,0.0,0.0,0.0,0.0,0.6252851486206055,0.7745781540870667,-4.047988397815061e-07,0.6250413656234741,0.714087188243866,-0.019401704892516136,0.6577760577201843,0.6560102701187134,-0.027687326073646545,0.6977152228355408,0.6261968612670898,-0.03583116456866264,0.7283246517181396,0.598905622959137,-0.03971368446946144,0.7117021083831787,0.6479493975639343,-0.0049560279585421085,0.7511562705039978,0.6392627954483032,-0.031466446816921234,0.7198362946510315,0.6638360619544983,-0.04669218510389328,0.6927873492240906,0.6763283610343933,-0.05220586806535721,0.721671462059021,0.6844799518585205,-0.00530982855707407,0.7593077421188354,0.6822920441627502,-0.03322884812951088,0.7142099738121033,0.7030409574508667,-0.04103850945830345,0.6844260692596436,0.7046266198158264,-0.03914177045226097,0.7253526449203491,0.7198357582092285,-0.010287041775882244,0.7618086338043213,0.7187673449516296,-0.037541694939136505,0.7171422839164734,0.7308854460716248,-0.03261034935712814,0.6870372295379639,0.7265419960021973,-0.02156861685216427,0.7238272428512573,0.7553422451019287,-0.01682770997285843,0.7499645352363586,0.7546840906143188,-0.03481345251202583,0.7193542718887329,0.7578184604644775,-0.029695989564061165,0.6949701309204102,0.7486690282821655,-0.02039515972137451,A
0.0,0.0,0.0,0.0,0.0,0.0,0.0,0.0,0.0,0.0,0.0,0.0,0.0,0.0,0.0,0.0,0.0,0.0,0.0,0.0,0.0,0.0,0.0,0.0,0.0,0.0,0.0,0.0,0.0,0.0,0.0,0.0,0.0,0.0,0.0,0.0,0.0,0.0,0.0,0.0,0.0,0.0,0.0,0.0,0.0,0.0,0.0,0.0,0.0,0.0,0.0,0.0,0.0,0.0,0.0,0.0,0.0,0.0,0.0,0.0,0.0,0.0,0.0,0.6253960132598877,0.7739558815956116,-4.0662416722625494e-07,0.6241746544837952,0.7139086723327637,-0.021313980221748352,0.6569334268569946,0.6549593806266785,-0.02989610843360424,0.6973883509635925,0.6240653395652771,-0.0379190519452095,0.7281254529953003,0.5959066152572632,-0.04139092192053795,0.7111169099807739,0.6455260515213013,-0.0049081300385296345,0.7485995888710022,0.6374189257621765,-0.032795678824186325,0.7165806889533997,0.6624191999435425,-0.04840046167373657,0.6903340816497803,0.6744787096977234,-0.053884971886873245,0.7212660312652588,0.681775689125061,-0.004530841950327158,0.7591206431388855,0.6793482303619385,-0.03365683555603027,0.7133234739303589,0.7008541822433472,-0.041229214519262314,0.6852638721466064,0.7019875645637512,-0.038702718913555145,0.7253528833389282,0.7167214155197144,-0.009301836602389812,0.7612963318824768,0.7158461213111877,-0.03798605874180794,0.7162189483642578,0.7286043763160706,-0.03288254886865616,0.6882867217063904,0.723766028881073,-0.021322742104530334,0.7244266271591187,0.7527921199798584,-0.015796322375535965,0.7501320242881775,0.7522299289703369,-0.03426152840256691,0.7187031507492065,0.7553040385246277,-0.0290526133030653,0.6953429579734802,0.7451930046081543,-0.019568530842661858,A
0.0,0.0,0.0,0.0,0.0,0.0,0.0,0.0,0.0,0.0,0.0,0.0,0.0,0.0,0.0,0.0,0.0,0.0,0.0,0.0,0.0,0.0,0.0,0.0,0.0,0.0,0.0,0.0,0.0,0.0,0.0,0.0,0.0,0.0,0.0,0.0,0.0,0.0,0.0,0.0,0.0,0.0,0.0,0.0,0.0,0.0,0.0,0.0,0.0,0.0,0.0,0.0,0.0,0.0,0.0,0.0,0.0,0.0,0.0,0.0,0.0,0.0,0.0,0.6261741518974304,0.7737189531326294,-3.89611386708566e-07,0.6253219842910767,0.712458074092865,-0.021510526537895203,0.6582092642784119,0.654879629611969,-0.030174793675541878,0.6988346576690674,0.624881386756897,-0.038181524723768234,0.729353129863739,0.5965028405189514,-0.0417148694396019,0.7113443613052368,0.644766092300415,-0.004997788928449154,0.7487822771072388,0.6381479501724243,-0.03235400840640068,0.7173667550086975,0.6633351445198059,-0.048021409660577774,0.6907421946525574,0.6752685904502869,-0.05369003489613533,0.7216031551361084,0.6808499693870544,-0.004333277232944965,0.7585616707801819,0.6794508695602417,-0.033235374838113785,0.7137399911880493,0.7016021609306335,-0.04164167866110802,0.6850149035453796,0.703088641166687,-0.03987547382712364,0.7257788181304932,0.7157458066940308,-0.008628987707197666,0.7611744999885559,0.7161299586296082,-0.03695199638605118,0.7167641520500183,0.729390561580658,-0.03238711133599281,0.6879085898399353,0.7243303656578064,-0.021331563591957092,0.7246207594871521,0.7509402632713318,-0.014663147740066051,0.7498027682304382,0.7525470852851868,-0.03327485918998718,0.7190548777580261,0.7565937042236328,-0.028451096266508102,0.6954379677772522,0.7464343309402466,-0.019191861152648926,A
0.0,0.0,0.0,0.0,0.0,0.0,0.0,0.0,0.0,0.0,0.0,0.0,0.0,0.0,0.0,0.0,0.0,0.0,0.0,0.0,0.0,0.0,0.0,0.0,0.0,0.0,0.0,0.0,0.0,0.0,0.0,0.0,0.0,0.0,0.0,0.0,0.0,0.0,0.0,0.0,0.0,0.0,0.0,0.0,0.0,0.0,0.0,0.0,0.0,0.0,0.0,0.0,0.0,0.0,0.0,0.0,0.0,0.0,0.0,0.0,0.0,0.0,0.0,0.6265025734901428,0.7740129828453064,-4.034617688830622e-07,0.6242793202400208,0.7134584188461304,-0.020575741305947304,0.6575422286987305,0.6548040509223938,-0.028797058388590813,0.6983436942100525,0.6246066093444824,-0.03644568473100662,0.7288491129875183,0.5968779921531677,-0.03978799656033516,0.7102259397506714,0.6454898715019226,-0.005644563585519791,0.7482088208198547,0.638035774230957,-0.03274982422590256,0.7173281908035278,0.663154661655426,-0.04806876927614212,0.6903507709503174,0.6751675009727478,-0.0536450520157814,0.7211122512817383,0.6815870404243469,-0.005557080265134573,0.7580562233924866,0.6797059178352356,-0.03412146866321564,0.7134857773780823,0.701924204826355,-0.041996315121650696,0.6843968629837036,0.7032760381698608,-0.04008001089096069,0.7256931066513062,0.716850996017456,-0.010266372002661228,0.7617146968841553,0.716106116771698,-0.03831581398844719,0.717341959476471,0.7296321988105774,-0.03332345932722092,0.688058078289032,0.724550724029541,-0.02224235236644745,0.724847674369812,0.7523729801177979,-0.016630690544843674,0.7498726844787598,0.7528490424156189,-0.03541900962591171,0.7187672853469849,0.7566682696342468,-0.030485058203339577,0.6948325037956238,0.7462059259414673,-0.021279584616422653,A
0.0,0.0,0.0,0.0,0.0,0.0,0.0,0.0,0.0,0.0,0.0,0.0,0.0,0.0,0.0,0.0,0.0,0.0,0.0,0.0,0.0,0.0,0.0,0.0,0.0,0.0,0.0,0.0,0.0,0.0,0.0,0.0,0.0,0.0,0.0,0.0,0.0,0.0,0.0,0.0,0.0,0.0,0.0,0.0,0.0,0.0,0.0,0.0,0.0,0.0,0.0,0.0,0.0,0.0,0.0,0.0,0.0,0.0,0.0,0.0,0.0,0.0,0.0,0.626162052154541,0.7729394435882568,-3.9083090541680576e-07,0.6254150867462158,0.7126234769821167,-0.021218394860625267,0.6585118770599365,0.6552321314811707,-0.02992568165063858,0.6985142230987549,0.6253086924552917,-0.038017310202121735,0.7291997075080872,0.5971435904502869,-0.041861392557621,0.7114466428756714,0.6450175642967224,-0.00543179688975215,0.7479346990585327,0.6378841996192932,-0.032143812626600266,0.7174866795539856,0.6627452373504639,-0.047842442989349365,0.6900443434715271,0.675574779510498,-0.05378358066082001,0.7220969796180725,0.6810360550880432,-0.0049407766200602055,0.7578757405281067,0.6788987517356873,-0.03300384059548378,0.7139466404914856,0.7007724642753601,-0.04149838164448738,0.683826744556427,0.7031082510948181,-0.04017527028918266,0.7261220812797546,0.7166175246238708,-0.009257033467292786,0.7614322304725647,0.7156499028205872,-0.036817215383052826,0.7177661061286926,0.7286266088485718,-0.0324050635099411,0.68753582239151,0.7243248820304871,-0.021818982437253,0.724493145942688,0.7526693344116211,-0.015285290777683258,0.7498506903648376,0.7528461217880249,-0.034062448889017105,0.7195658087730408,0.756358802318573,-0.029469696804881096,0.6950562596321106,0.7464268803596497,-0.02049940638244152,A
0.0,0.0,0.0,0.0,0.0,0.0,0.0,0.0,0.0,0.0,0.0,0.0,0.0,0.0,0.0,0.0,0.0,0.0,0.0,0.0,0.0,0.0,0.0,0.0,0.0,0.0,0.0,0.0,0.0,0.0,0.0,0.0,0.0,0.0,0.0,0.0,0.0,0.0,0.0,0.0,0.0,0.0,0.0,0.0,0.0,0.0,0.0,0.0,0.0,0.0,0.0,0.0,0.0,0.0,0.0,0.0,0.0,0.0,0.0,0.0,0.0,0.0,0.0,0.6262768507003784,0.7739874124526978,-3.937061308079137e-07,0.6246499419212341,0.7138358950614929,-0.021166453137993813,0.6571395993232727,0.6551216244697571,-0.02962084859609604,0.6974648237228394,0.6239246726036072,-0.03744609281420708,0.7282562255859375,0.5964628458023071,-0.04075883701443672,0.710152268409729,0.6449191570281982,-0.004749841056764126,0.7474769949913025,0.637446939945221,-0.032148320227861404,0.716310977935791,0.6628270149230957,-0.04764970764517784,0.6897119283676147,0.675223708152771,-0.05329076945781708,0.720827043056488,0.6808016300201416,-0.004445542581379414,0.7577944993972778,0.6785246729850769,-0.03353910148143768,0.7127821445465088,0.7006910443305969,-0.04174154996871948,0.6841523051261902,0.7019590139389038,-0.039882682263851166,0.7251569628715515,0.716027557849884,-0.00911401491612196,0.7613639831542969,0.7155670523643494,-0.03768570348620415,0.7167493104934692,0.7288885712623596,-0.03276553377509117,0.6879463791847229,0.7237147688865662,-0.021545926108956337,0.7241464853286743,0.7516908049583435,-0.015498771332204342,0.7495934367179871,0.7527105808258057,-0.034396734088659286,0.7185854315757751,0.7564932107925415,-0.029423130676150322,0.6949958801269531,0.746084988117218,-0.020113511011004448,A
0.0,0.0,0.0,0.0,0.0,0.0,0.0,0.0,0.0,0.0,0.0,0.0,0.0,0.0,0.0,0.0,0.0,0.0,0.0,0.0,0.0,0.0,0.0,0.0,0.0,0.0,0.0,0.0,0.0,0.0,0.0,0.0,0.0,0.0,0.0,0.0,0.0,0.0,0.0,0.0,0.0,0.0,0.0,0.0,0.0,0.0,0.0,0.0,0.0,0.0,0.0,0.0,0.0,0.0,0.0,0.0,0.0,0.0,0.0,0.0,0.0,0.0,0.0,0.6265313625335693,0.7740688323974609,-4.0377051391260466e-07,0.6235401034355164,0.7143994569778442,-0.0219033882021904,0.6576563715934753,0.655204176902771,-0.03014751709997654,0.6987627744674683,0.6234668493270874,-0.03756140545010567,0.7294806838035583,0.5950577855110168,-0.040404222905635834,0.7097522616386414,0.6442309021949768,-0.005280518438667059,0.7482830882072449,0.636620044708252,-0.033265598118305206,0.7161164879798889,0.6627389192581177,-0.048659227788448334,0.6898416876792908,0.6746411323547363,-0.054030876606702805,0.7205331921577454,0.6805433630943298,-0.0045822616666555405,0.7584996819496155,0.67856365442276,-0.03450392931699753,0.712274968624115,0.7009986042976379,-0.04265996068716049,0.6844174265861511,0.7015857100486755,-0.040393225848674774,0.7253690958023071,0.7158873677253723,-0.00895426794886589,0.7615280151367188,0.7153273820877075,-0.03850220516324043,0.7151506543159485,0.7292746305465698,-0.03338678181171417,0.6869645118713379,0.7236567735671997,-0.021638700738549232,0.7253146767616272,0.7516183853149414,-0.015046407468616962,0.74962317943573,0.7524558901786804,-0.03432898223400116,0.7175449728965759,0.7570209503173828,-0.02915712632238865,0.6949226260185242,0.7466151118278503,-0.019504742696881294,A
0.0,0.0,0.0,0.0,0.0,0.0,0.0,0.0,0.0,0.0,0.0,0.0,0.0,0.0,0.0,0.0,0.0,0.0,0.0,0.0,0.0,0.0,0.0,0.0,0.0,0.0,0.0,0.0,0.0,0.0,0.0,0.0,0.0,0.0,0.0,0.0,0.0,0.0,0.0,0.0,0.0,0.0,0.0,0.0,0.0,0.0,0.0,0.0,0.0,0.0,0.0,0.0,0.0,0.0,0.0,0.0,0.0,0.0,0.0,0.0,0.0,0.0,0.0,0.6257262825965881,0.7747020125389099,-3.956218961320701e-07,0.6245509386062622,0.7150604724884033,-0.021448692306876183,0.6570574045181274,0.6564571261405945,-0.030204063281416893,0.6970999240875244,0.624226987361908,-0.03833707049489021,0.7277278900146484,0.5953566431999207,-0.041927579790353775,0.7101745009422302,0.6443937420845032,-0.00455313129350543,0.7479636669158936,0.6374366283416748,-0.03262162581086159,0.715989351272583,0.6623956561088562,-0.04853658378124237,0.6894806027412415,0.6743567585945129,-0.054345935583114624,0.7206081748008728,0.6804234385490417,-0.004238154739141464,0.7583281397819519,0.6781343221664429,-0.03390052542090416,0.7126493453979492,0.6996105313301086,-0.04220043867826462,0.6840575337409973,0.7006821036338806,-0.04016343876719475,0.7250338792800903,0.7157832384109497,-0.00903189368546009,0.7614866495132446,0.7147186398506165,-0.03827744349837303,0.7158462405204773,0.7279703617095947,-0.03339511901140213,0.6868721842765808,0.7230350971221924,-0.021875528618693352,0.7242201566696167,0.7518984079360962,-0.015537528321146965,0.7488752007484436,0.7514632940292358,-0.03489050269126892,0.716920018196106,0.7552238702774048,-0.030016982927918434,0.6933155655860901,0.7451781630516052,-0.020578892901539803,A
0.0,0.0,0.0,0.0,0.0,0.0,0.0,0.0,0.0,0.0,0.0,0.0,0.0,0.0,0.0,0.0,0.0,0.0,0.0,0.0,0.0,0.0,0.0,0.0,0.0,0.0,0.0,0.0,0.0,0.0,0.0,0.0,0.0,0.0,0.0,0.0,0.0,0.0,0.0,0.0,0.0,0.0,0.0,0.0,0.0,0.0,0.0,0.0,0.0,0.0,0.0,0.0,0.0,0.0,0.0,0.0,0.0,0.0,0.0,0.0,0.0,0.0,0.0,0.6245211362838745,0.7738616466522217,-3.8959547055128496e-07,0.6235461235046387,0.713969886302948,-0.021824436262249947,0.655910849571228,0.6553142070770264,-0.030620027333498,0.6963956952095032,0.6232680678367615,-0.03876316919922829,0.7276585102081299,0.5949462056159973,-0.04241945594549179,0.7093383073806763,0.6439991593360901,-0.003810461610555649,0.7466756105422974,0.6370511651039124,-0.03166553005576134,0.7162650227546692,0.6625146865844727,-0.047907449305057526,0.6893994212150574,0.6752288341522217,-0.053932640701532364,0.7203240394592285,0.6795716285705566,-0.0030639308970421553,0.7575789093971252,0.6774418950080872,-0.03204551339149475,0.7130146622657776,0.7002130150794983,-0.04041067883372307,0.6837312579154968,0.7024766206741333,-0.03854045271873474,0.7249367237091064,0.7145400643348694,-0.007565720472484827,0.7609169483184814,0.7139467000961304,-0.03627084568142891,0.7165747880935669,0.7279881238937378,-0.031861208379268646,0.6873449683189392,0.7238752841949463,-0.0207766592502594,0.7242878079414368,0.7505418062210083,-0.01384060550481081,0.749415934085846,0.7505463361740112,-0.03286541625857353,0.7181105017662048,0.7545846700668335,-0.028271637856960297,0.6940276622772217,0.7447954416275024,-0.019118191674351692,A
0.0,0.0,0.0,0.0,0.0,0.0,0.0,0.0,0.0,0.0,0.0,0.0,0.0,0.0,0.0,0.0,0.0,0.0,0.0,0.0,0.0,0.0,0.0,0.0,0.0,0.0,0.0,0.0,0.0,0.0,0.0,0.0,0.0,0.0,0.0,0.0,0.0,0.0,0.0,0.0,0.0,0.0,0.0,0.0,0.0,0.0,0.0,0.0,0.0,0.0,0.0,0.0,0.0,0.0,0.0,0.0,0.0,0.0,0.0,0.0,0.0,0.0,0.0,0.6245338916778564,0.7734948992729187,-4.0831335468283214e-07,0.6232709288597107,0.7138415575027466,-0.021398210898041725,0.6570957899093628,0.6551270484924316,-0.029598262161016464,0.697822630405426,0.6234055757522583,-0.03714517503976822,0.728163480758667,0.5943648815155029,-0.04013267531991005,0.7102729678153992,0.6442229151725769,-0.004459515679627657,0.7484160661697388,0.6363151669502258,-0.031526289880275726,0.7168188095092773,0.6620651483535767,-0.04680901765823364,0.6899334788322449,0.6748780608177185,-0.05227300152182579,0.7207965850830078,0.6800376176834106,-0.0037845554761588573,0.7576254606246948,0.6774063110351562,-0.03251149132847786,0.7127860188484192,0.7005278468132019,-0.0403914675116539,0.6837090849876404,0.70296311378479,-0.038287341594696045,0.7251737117767334,0.7148262858390808,-0.008152855560183525,0.761206865310669,0.713499128818512,-0.036318086087703705,0.7167569994926453,0.7279708385467529,-0.031241703778505325,0.6873741149902344,0.724067211151123,-0.019940240308642387,0.7245086431503296,0.7502269744873047,-0.014299379661679268,0.7498466968536377,0.7503557205200195,-0.03308765962719917,0.71845543384552,0.7549115419387817,-0.028225857764482498,0.6942592859268188,0.7455540895462036,-0.01898273266851902,A
0.0,0.0,0.0,0.0,0.0,0.0,0.0,0.0,0.0,0.0,0.0,0.0,0.0,0.0,0.0,0.0,0.0,0.0,0.0,0.0,0.0,0.0,0.0,0.0,0.0,0.0,0.0,0.0,0.0,0.0,0.0,0.0,0.0,0.0,0.0,0.0,0.0,0.0,0.0,0.0,0.0,0.0,0.0,0.0,0.0,0.0,0.0,0.0,0.0,0.0,0.0,0.0,0.0,0.0,0.0,0.0,0.0,0.0,0.0,0.0,0.0,0.0,0.0,0.6245253086090088,0.7729116678237915,-4.049578592457692e-07,0.6236610412597656,0.7136189937591553,-0.020473124459385872,0.6579050421714783,0.655023455619812,-0.028592973947525024,0.6981304287910461,0.6231682300567627,-0.03626365587115288,0.7285412549972534,0.5941411852836609,-0.039384275674819946,0.7096109390258789,0.6438883543014526,-0.005272751208394766,0.7493904829025269,0.6347593069076538,-0.03239675983786583,0.7178167104721069,0.6604207754135132,-0.04721054807305336,0.6909826993942261,0.6734405159950256,-0.05226755142211914,0.7202085256576538,0.6799797415733337,-0.005087916273623705,0.758106529712677,0.6777530312538147,-0.034228481352329254,0.7124963402748108,0.7000299096107483,-0.041955672204494476,0.683635950088501,0.7016980051994324,-0.03964218124747276,0.7244496941566467,0.7154163718223572,-0.009698005393147469,0.7610992789268494,0.7143017053604126,-0.0379805713891983,0.7158779501914978,0.7278298139572144,-0.03264334797859192,0.6867267489433289,0.7232866883277893,-0.021083548665046692,0.7235137224197388,0.7509700655937195,-0.0159547608345747,0.7496694922447205,0.7513641119003296,-0.03461414575576782,0.7186992168426514,0.7552083134651184,-0.029513387009501457,0.6951280236244202,0.7456254959106445,-0.02005756087601185,A
0.0,0.0,0.0,0.0,0.0,0.0,0.0,0.0,0.0,0.0,0.0,0.0,0.0,0.0,0.0,0.0,0.0,0.0,0.0,0.0,0.0,0.0,0.0,0.0,0.0,0.0,0.0,0.0,0.0,0.0,0.0,0.0,0.0,0.0,0.0,0.0,0.0,0.0,0.0,0.0,0.0,0.0,0.0,0.0,0.0,0.0,0.0,0.0,0.0,0.0,0.0,0.0,0.0,0.0,0.0,0.0,0.0,0.0,0.0,0.0,0.0,0.0,0.0,0.6260334253311157,0.7718587517738342,-4.160186790613807e-07,0.6255489587783813,0.712165892124176,-0.018995940685272217,0.6597456336021423,0.654282808303833,-0.02682936005294323,0.7001703381538391,0.6242865324020386,-0.03451155871152878,0.7305341958999634,0.5966445207595825,-0.037777725607156754,0.7118063569068909,0.6460970640182495,-0.004792005755007267,0.7519828677177429,0.6366593241691589,-0.03110329434275627,0.7195307016372681,0.6613222360610962,-0.04559929296374321,0.6924005150794983,0.6744475960731506,-0.05055749788880348,0.7215762138366699,0.6827482581138611,-0.005303595215082169,0.7598234415054321,0.680030107498169,-0.033250488340854645,0.7144575715065002,0.7003557085990906,-0.04053415358066559,0.6847611665725708,0.7019148468971252,-0.03818119689822197,0.7251989245414734,0.7180724143981934,-0.010422131977975368,0.7619490623474121,0.7169010043144226,-0.03739568218588829,0.7171741724014282,0.7280945777893066,-0.03218216449022293,0.6873506903648376,0.7227492332458496,-0.021064244210720062,0.7236634492874146,0.7531059384346008,-0.0171004980802536,0.7495999336242676,0.753393292427063,-0.03479224070906639,0.7191372513771057,0.7557639479637146,-0.029777182266116142,0.6951298117637634,0.7458851337432861,-0.020700357854366302,A
0.0,0.0,0.0,0.0,0.0,0.0,0.0,0.0,0.0,0.0,0.0,0.0,0.0,0.0,0.0,0.0,0.0,0.0,0.0,0.0,0.0,0.0,0.0,0.0,0.0,0.0,0.0,0.0,0.0,0.0,0.0,0.0,0.0,0.0,0.0,0.0,0.0,0.0,0.0,0.0,0.0,0.0,0.0,0.0,0.0,0.0,0.0,0.0,0.0,0.0,0.0,0.0,0.0,0.0,0.0,0.0,0.0,0.0,0.0,0.0,0.0,0.0,0.0,0.6252530813217163,0.7726758122444153,-4.032079914395581e-07,0.624851644039154,0.7128273844718933,-0.02000516839325428,0.6579961180686951,0.6554288268089294,-0.028450079262256622,0.6984118223190308,0.6254477500915527,-0.0365724191069603,0.729201078414917,0.5979026556015015,-0.04022862762212753,0.7118578553199768,0.6456115245819092,-0.005137285683304071,0.7507151365280151,0.6371608972549438,-0.03186063468456268,0.7188429236412048,0.6622439622879028,-0.046903014183044434,0.6919952034950256,0.6749436259269714,-0.0523417703807354,0.722084105014801,0.6818220615386963,-0.005287267733365297,0.7596466541290283,0.6794922351837158,-0.033817559480667114,0.7146479487419128,0.7004191279411316,-0.04188935086131096,0.6849039793014526,0.7015931606292725,-0.04008946940302849,0.7259345650672913,0.7172573208808899,-0.010121090337634087,0.7621432542800903,0.7166330218315125,-0.03780621662735939,0.7178272008895874,0.7285599708557129,-0.0331106036901474,0.6878648400306702,0.7231679558753967,-0.022239500656723976,0.7244018316268921,0.7527278065681458,-0.016578875482082367,0.7498915195465088,0.7531405687332153,-0.0351298488676548,0.7192572951316833,0.7559776902198792,-0.030550271272659302,0.6948511600494385,0.7456292510032654,-0.021613091230392456,A
0.0,0.0,0.0,0.0,0.0,0.0,0.0,0.0,0.0,0.0,0.0,0.0,0.0,0.0,0.0,0.0,0.0,0.0,0.0,0.0,0.0,0.0,0.0,0.0,0.0,0.0,0.0,0.0,0.0,0.0,0.0,0.0,0.0,0.0,0.0,0.0,0.0,0.0,0.0,0.0,0.0,0.0,0.0,0.0,0.0,0.0,0.0,0.0,0.0,0.0,0.0,0.0,0.0,0.0,0.0,0.0,0.0,0.0,0.0,0.0,0.0,0.0,0.0,0.6246241927146912,0.771701455116272,-4.0125476630237245e-07,0.6250104904174805,0.7115562558174133,-0.020720699802041054,0.6583461165428162,0.654615581035614,-0.029264124110341072,0.6985374093055725,0.6245789527893066,-0.037348948419094086,0.7289443016052246,0.5967419743537903,-0.040871795266866684,0.711920976638794,0.6445600986480713,-0.004899181425571442,0.7505195140838623,0.6374116539955139,-0.032208360731601715,0.71856290102005,0.6625180244445801,-0.047738347202539444,0.6914825439453125,0.6744007468223572,-0.05341043695807457,0.7221213579177856,0.6807956099510193,-0.004794810898602009,0.7598978281021118,0.6795410513877869,-0.03386794403195381,0.7148874402046204,0.7006939053535461,-0.04213133826851845,0.6853758692741394,0.7010291814804077,-0.04033074155449867,0.7261442542076111,0.7160542011260986,-0.009582598693668842,0.7623830437660217,0.7161712646484375,-0.0378577746450901,0.7179546356201172,0.72841876745224,-0.033230409026145935,0.6883669495582581,0.7223505973815918,-0.022262364625930786,0.7247033715248108,0.7514164447784424,-0.016073111444711685,0.7503722310066223,0.7523599863052368,-0.0348721444606781,0.7192862033843994,0.7550863027572632,-0.030240951105952263,0.694863498210907,0.7441383004188538,-0.021197929978370667,A
0.0,0.0,0.0,0.0,0.0,0.0,0.0,0.0,0.0,0.0,0.0,0.0,0.0,0.0,0.0,0.0,0.0,0.0,0.0,0.0,0.0,0.0,0.0,0.0,0.0,0.0,0.0,0.0,0.0,0.0,0.0,0.0,0.0,0.0,0.0,0.0,0.0,0.0,0.0,0.0,0.0,0.0,0.0,0.0,0.0,0.0,0.0,0.0,0.0,0.0,0.0,0.0,0.0,0.0,0.0,0.0,0.0,0.0,0.0,0.0,0.0,0.0,0.0,0.6253547668457031,0.772369384765625,-4.0074857565741695e-07,0.6246458292007446,0.7113239765167236,-0.020772244781255722,0.6575172543525696,0.6542223691940308,-0.029291901737451553,0.6980128288269043,0.6239749193191528,-0.03734748065471649,0.7288615107536316,0.596566379070282,-0.04082155600190163,0.7111515998840332,0.6442442536354065,-0.0045509180054068565,0.7500104904174805,0.6375917196273804,-0.032133977860212326,0.7174139618873596,0.6621570587158203,-0.04759750887751579,0.6905192732810974,0.673201322555542,-0.053104184567928314,0.7213193774223328,0.6800572872161865,-0.0043673464097082615,0.759466290473938,0.6779772639274597,-0.033781498670578,0.713708221912384,0.6998251080513,-0.04192019999027252,0.685078501701355,0.7006667256355286,-0.03981481492519379,0.7255193591117859,0.7150344252586365,-0.00910279992967844,0.7623022198677063,0.7144760489463806,-0.03781542181968689,0.7168986201286316,0.7278032302856445,-0.032628901302814484,0.6877649426460266,0.7225306630134583,-0.02099786512553692,0.7244755625724792,0.7500664591789246,-0.015534204430878162,0.7501291632652283,0.7507824897766113,-0.034283917397260666,0.7186254262924194,0.7544886469841003,-0.02914406545460224,0.6947022080421448,0.7441534996032715,-0.01960035413503647,A
0.0,0.0,0.0,0.0,0.0,0.0,0.0,0.0,0.0,0.0,0.0,0.0,0.0,0.0,0.0,0.0,0.0,0.0,0.0,0.0,0.0,0.0,0.0,0.0,0.0,0.0,0.0,0.0,0.0,0.0,0.0,0.0,0.0,0.0,0.0,0.0,0.0,0.0,0.0,0.0,0.0,0.0,0.0,0.0,0.0,0.0,0.0,0.0,0.0,0.0,0.0,0.0,0.0,0.0,0.0,0.0,0.0,0.0,0.0,0.0,0.0,0.0,0.0,0.6254845857620239,0.7740964889526367,-4.0318195715371985e-07,0.6244485974311829,0.7130828499794006,-0.019953858107328415,0.6576551198959351,0.6540732383728027,-0.027640899643301964,0.6975770592689514,0.6222084164619446,-0.035063114017248154,0.7280790209770203,0.5942968130111694,-0.03807992860674858,0.7107455134391785,0.6444292664527893,-0.00257167243398726,0.7486585974693298,0.6366528272628784,-0.029751157388091087,0.7172178030014038,0.6616645455360413,-0.045330312103033066,0.6904398202896118,0.6736960411071777,-0.0510314479470253,0.7214199304580688,0.6800540685653687,-0.0028189069125801325,0.7591083645820618,0.6772794723510742,-0.031824685633182526,0.7138888835906982,0.6993232369422913,-0.04027434438467026,0.6849326491355896,0.7005472183227539,-0.03849843889474869,0.7257150411605835,0.7148180603981018,-0.008014017716050148,0.7625308632850647,0.7136626243591309,-0.036727435886859894,0.7173408269882202,0.7275505661964417,-0.03197686746716499,0.6879662275314331,0.7226454615592957,-0.020693833008408546,0.7245597839355469,0.7498429417610168,-0.014826256781816483,0.7499076128005981,0.7505317330360413,-0.033983562141656876,0.7183042168617249,0.7549121975898743,-0.02910623885691166,0.6942961812019348,0.74482661485672,-0.019723715260624886,A
0.0,0.0,0.0,0.0,0.0,0.0,0.0,0.0,0.0,0.0,0.0,0.0,0.0,0.0,0.0,0.0,0.0,0.0,0.0,0.0,0.0,0.0,0.0,0.0,0.0,0.0,0.0,0.0,0.0,0.0,0.0,0.0,0.0,0.0,0.0,0.0,0.0,0.0,0.0,0.0,0.0,0.0,0.0,0.0,0.0,0.0,0.0,0.0,0.0,0.0,0.0,0.0,0.0,0.0,0.0,0.0,0.0,0.0,0.0,0.0,0.0,0.0,0.0,0.6242051720619202,0.7703548669815063,-3.7921813600405585e-07,0.6241592764854431,0.7095791697502136,-0.021016431972384453,0.656737208366394,0.6526618003845215,-0.02951902151107788,0.6969118118286133,0.621488094329834,-0.03748812526464462,0.727810800075531,0.59351646900177,-0.04097926989197731,0.7098081111907959,0.6430408358573914,-0.003454945981502533,0.7485504746437073,0.6359262466430664,-0.030184853821992874,0.7179428339004517,0.6606844067573547,-0.04581537842750549,0.6906796097755432,0.6735958456993103,-0.05158146843314171,0.7205411791801453,0.6788899302482605,-0.0029304514173418283,0.7595185041427612,0.6767129898071289,-0.031430136412382126,0.7150710821151733,0.6990872621536255,-0.040023814886808395,0.6848387718200684,0.7021811604499817,-0.03833465650677681,0.7247766256332397,0.7134441137313843,-0.007344539742916822,0.7615360617637634,0.7131190299987793,-0.03512497991323471,0.717629611492157,0.7261263132095337,-0.030998820438981056,0.6876076459884644,0.7217384576797485,-0.020284388214349747,0.7234722375869751,0.748149037361145,-0.013479050248861313,0.7485957145690918,0.7493066787719727,-0.03193395212292671,0.7177659273147583,0.7526741623878479,-0.02754439041018486,0.6932247281074524,0.7424986362457275,-0.018663739785552025,A
0.0,0.0,0.0,0.0,0.0,0.0,0.0,0.0,0.0,0.0,0.0,0.0,0.0,0.0,0.0,0.0,0.0,0.0,0.0,0.0,0.0,0.0,0.0,0.0,0.0,0.0,0.0,0.0,0.0,0.0,0.0,0.0,0.0,0.0,0.0,0.0,0.0,0.0,0.0,0.0,0.0,0.0,0.0,0.0,0.0,0.0,0.0,0.0,0.0,0.0,0.0,0.0,0.0,0.0,0.0,0.0,0.0,0.0,0.0,0.0,0.0,0.0,0.0,0.6224584579467773,0.7659529447555542,-3.8497634591294627e-07,0.6239283084869385,0.7053802609443665,-0.01956550031900406,0.6553940773010254,0.6489998698234558,-0.028024950996041298,0.6947401165962219,0.6195017099380493,-0.03638641908764839,0.7258023023605347,0.5938577651977539,-0.04053155705332756,0.710442066192627,0.6403065323829651,-0.0021245835814625025,0.7471438050270081,0.6334561705589294,-0.028956186026334763,0.7160680294036865,0.6571375727653503,-0.04524383693933487,0.6888622045516968,0.6707367300987244,-0.051346126943826675,0.7203956842422485,0.676066517829895,-0.002410061890259385,0.757808268070221,0.6739217042922974,-0.029848989099264145,0.7132052183151245,0.6945922374725342,-0.03806745260953903,0.683610200881958,0.698833167552948,-0.03629469871520996,0.7237644195556641,0.7106399536132812,-0.007688235025852919,0.760698139667511,0.7108824253082275,-0.03479361906647682,0.7166734337806702,0.7223721742630005,-0.03052426129579544,0.6870352625846863,0.719951331615448,-0.019759196788072586,0.7214574217796326,0.7458757162094116,-0.014630306512117386,0.7482154965400696,0.7471832036972046,-0.03274497389793396,0.7173070311546326,0.7492426037788391,-0.028063638135790825,0.6924861669540405,0.7404531240463257,-0.01894613914191723,A
0.0,0.0,0.0,0.0,0.0,0.0,0.0,0.0,0.0,0.0,0.0,0.0,0.0,0.0,0.0,0.0,0.0,0.0,0.0,0.0,0.0,0.0,0.0,0.0,0.0,0.0,0.0,0.0,0.0,0.0,0.0,0.0,0.0,0.0,0.0,0.0,0.0,0.0,0.0,0.0,0.0,0.0,0.0,0.0,0.0,0.0,0.0,0.0,0.0,0.0,0.0,0.0,0.0,0.0,0.0,0.0,0.0,0.0,0.0,0.0,0.0,0.0,0.0,0.6237000226974487,0.7639615535736084,-3.712477791850688e-07,0.6250787377357483,0.7033096551895142,-0.019641319289803505,0.655881404876709,0.6473696231842041,-0.02842061035335064,0.6946880221366882,0.6176307797431946,-0.03708459064364433,0.7253353595733643,0.5911182165145874,-0.04163861274719238,0.7099100351333618,0.63974529504776,-0.00318907480686903,0.7468433976173401,0.6318305134773254,-0.029959948733448982,0.717779815196991,0.6542766094207764,-0.04611305147409439,0.6910756826400757,0.6671060919761658,-0.05211927369236946,0.7197992205619812,0.675315260887146,-0.003292359411716461,0.7575318813323975,0.6732280850410461,-0.030503323301672935,0.7144078016281128,0.6928302645683289,-0.038734644651412964,0.685187816619873,0.6960631012916565,-0.03721072897315025,0.723196804523468,0.7095764875411987,-0.008279450237751007,0.7595420479774475,0.7097147107124329,-0.035139646381139755,0.7166683077812195,0.7206239104270935,-0.031161252409219742,0.6876047253608704,0.7178261876106262,-0.020779436454176903,0.7211809754371643,0.74482661485672,-0.014886707998812199,0.7481054067611694,0.7455567717552185,-0.032545968890190125,0.7182264924049377,0.7473193407058716,-0.027988124638795853,0.6938729286193848,0.738177478313446,-0.019186312332749367,A
0.0,0.0,0.0,0.0,0.0,0.0,0.0,0.0,0.0,0.0,0.0,0.0,0.0,0.0,0.0,0.0,0.0,0.0,0.0,0.0,0.0,0.0,0.0,0.0,0.0,0.0,0.0,0.0,0.0,0.0,0.0,0.0,0.0,0.0,0.0,0.0,0.0,0.0,0.0,0.0,0.0,0.0,0.0,0.0,0.0,0.0,0.0,0.0,0.0,0.0,0.0,0.0,0.0,0.0,0.0,0.0,0.0,0.0,0.0,0.0,0.0,0.0,0.0,0.6224526166915894,0.7645757794380188,-3.6463680430642853e-07,0.6241189241409302,0.7051407694816589,-0.020880233496427536,0.6553149223327637,0.6487494111061096,-0.029808202758431435,0.6941496133804321,0.6173507571220398,-0.03853056579828262,0.7253533005714417,0.5900135636329651,-0.04285018518567085,0.7095737457275391,0.6390343308448792,-0.0016294390661641955,0.7461890578269958,0.6308752298355103,-0.029147012159228325,0.7171642780303955,0.6543292999267578,-0.04579244926571846,0.6902185082435608,0.667985200881958,-0.05183720588684082,0.7195239067077637,0.6743968725204468,-0.0011991943465545774,0.757056474685669,0.6726866364479065,-0.029538005590438843,0.7134885787963867,0.6927605271339417,-0.038345228880643845,0.6838896870613098,0.6959867477416992,-0.03663140535354614,0.7227901816368103,0.7088304758071899,-0.006051256787031889,0.75867760181427,0.7097601890563965,-0.033936239778995514,0.715923011302948,0.7201669216156006,-0.03055761754512787,0.6867620944976807,0.7168709635734558,-0.020047344267368317,0.7207120060920715,0.744193434715271,-0.012646142393350601,0.7475399374961853,0.7453864812850952,-0.03092523105442524,0.718130886554718,0.7465412020683289,-0.026825908571481705,0.6938905119895935,0.737089991569519,-0.01799388788640499,A
0.0,0.0,0.0,0.0,0.0,0.0,0.0,0.0,0.0,0.0,0.0,0.0,0.0,0.0,0.0,0.0,0.0,0.0,0.0,0.0,0.0,0.0,0.0,0.0,0.0,0.0,0.0,0.0,0.0,0.0,0.0,0.0,0.0,0.0,0.0,0.0,0.0,0.0,0.0,0.0,0.0,0.0,0.0,0.0,0.0,0.0,0.0,0.0,0.0,0.0,0.0,0.0,0.0,0.0,0.0,0.0,0.0,0.0,0.0,0.0,0.0,0.0,0.0,0.6239991188049316,0.7653695344924927,-3.74685043880163e-07,0.6243792772293091,0.7073786854743958,-0.020298823714256287,0.6559746265411377,0.6510424017906189,-0.029493335634469986,0.6945939660072327,0.6204721927642822,-0.03832824155688286,0.7255680561065674,0.5935123562812805,-0.042811933904886246,0.7086727023124695,0.6403804421424866,-0.0057666911743581295,0.7476043701171875,0.6308208703994751,-0.032917581498622894,0.7179625034332275,0.6554931998252869,-0.048811644315719604,0.6911625862121582,0.6689329147338867,-0.05476020649075508,0.7194473147392273,0.6761919260025024,-0.005735557060688734,0.7575058341026306,0.67439866065979,-0.033650241792201996,0.7138209939002991,0.6957570314407349,-0.04160463064908981,0.6846880316734314,0.6976991295814514,-0.03997740522027016,0.7231863737106323,0.7111786007881165,-0.010440868325531483,0.7591617107391357,0.7105011343955994,-0.03730848431587219,0.7162625193595886,0.7230868339538574,-0.03227836638689041,0.6876380443572998,0.7184125185012817,-0.021519500762224197,0.7212942242622375,0.7464241981506348,-0.01683807373046875,0.7477889060974121,0.7474216222763062,-0.03457391634583473,0.7181854248046875,0.7504130005836487,-0.029411455616354942,0.6945509910583496,0.7400467991828918,-0.020321190357208252,A
0.0,0.0,0.0,0.0,0.0,0.0,0.0,0.0,0.0,0.0,0.0,0.0,0.0,0.0,0.0,0.0,0.0,0.0,0.0,0.0,0.0,0.0,0.0,0.0,0.0,0.0,0.0,0.0,0.0,0.0,0.0,0.0,0.0,0.0,0.0,0.0,0.0,0.0,0.0,0.0,0.0,0.0,0.0,0.0,0.0,0.0,0.0,0.0,0.0,0.0,0.0,0.0,0.0,0.0,0.0,0.0,0.0,0.0,0.0,0.0,0.0,0.0,0.0,0.623343825340271,0.767707884311676,-3.8900878962522256e-07,0.6231446266174316,0.7082834839820862,-0.021618463099002838,0.6557112336158752,0.651648998260498,-0.030693765729665756,0.6957260966300964,0.6208961009979248,-0.03912011906504631,0.7268006801605225,0.593738853931427,-0.04282821714878082,0.7083654999732971,0.640946090221405,-0.005742671899497509,0.748465895652771,0.63242506980896,-0.03318130970001221,0.71681147813797,0.6579961180686951,-0.04849458485841751,0.689979076385498,0.6709341406822205,-0.053911805152893066,0.7192080616950989,0.6769821047782898,-0.005078558344393969,0.7583655714988708,0.6752130389213562,-0.03404361382126808,0.7131885886192322,0.6970818042755127,-0.04181135445833206,0.6842400431632996,0.6988116502761841,-0.03958158195018768,0.7234192490577698,0.7117050290107727,-0.009383969940245152,0.7605107426643372,0.7114012837409973,-0.03720777854323387,0.7161626219749451,0.7246132493019104,-0.031878795474767685,0.6874058246612549,0.7201622724533081,-0.02047031559050083,0.7222344279289246,0.7465004920959473,-0.015540564432740211,0.7485639452934265,0.7481664419174194,-0.033733997493982315,0.7180998921394348,0.7515527009963989,-0.02876267582178116,0.6945652365684509,0.741477370262146,-0.019562700763344765,A
0.0,0.0,0.0,0.0,0.0,0.0,0.0,0.0,0.0,0.0,0.0,0.0,0.0,0.0,0.0,0.0,0.0,0.0,0.0,0.0,0.0,0.0,0.0,0.0,0.0,0.0,0.0,0.0,0.0,0.0,0.0,0.0,0.0,0.0,0.0,0.0,0.0,0.0,0.0,0.0,0.0,0.0,0.0,0.0,0.0,0.0,0.0,0.0,0.0,0.0,0.0,0.0,0.0,0.0,0.0,0.0,0.0,0.0,0.0,0.0,0.0,0.0,0.0,0.6224497556686401,0.7666395306587219,-3.8115652500891883e-07,0.6246514916419983,0.707524836063385,-0.021067475900053978,0.6575188040733337,0.6515412330627441,-0.02998790517449379,0.6967287063598633,0.6204229593276978,-0.03852375969290733,0.7274382710456848,0.5933589339256287,-0.04242432117462158,0.7091085314750671,0.641442060470581,-0.004103256389498711,0.7484917640686035,0.6335075497627258,-0.031781576573848724,0.7171093225479126,0.6591177582740784,-0.047752123326063156,0.6901012063026428,0.6726119518280029,-0.05358289182186127,0.7195843458175659,0.6774610280990601,-0.0037122357171028852,0.7582802176475525,0.6760478615760803,-0.03325434774160385,0.7133637070655823,0.6971334218978882,-0.041803061962127686,0.6838951706886292,0.699081301689148,-0.0400221049785614,0.7232221364974976,0.7122372388839722,-0.008333418518304825,0.760339617729187,0.7125115990638733,-0.03665342181921005,0.7162548303604126,0.7242994904518127,-0.03202008828520775,0.6868833899497986,0.7195636034011841,-0.02090156450867653,0.7213560342788696,0.746792733669281,-0.014729950577020645,0.7483137845993042,0.7487967014312744,-0.03316056355834007,0.7183287143707275,0.751334547996521,-0.02844720147550106,0.694568932056427,0.741296648979187,-0.019336974248290062,A
0.0,0.0,0.0,0.0,0.0,0.0,0.0,0.0,0.0,0.0,0.0,0.0,0.0,0.0,0.0,0.0,0.0,0.0,0.0,0.0,0.0,0.0,0.0,0.0,0.0,0.0,0.0,0.0,0.0,0.0,0.0,0.0,0.0,0.0,0.0,0.0,0.0,0.0,0.0,0.0,0.0,0.0,0.0,0.0,0.0,0.0,0.0,0.0,0.0,0.0,0.0,0.0,0.0,0.0,0.0,0.0,0.0,0.0,0.0,0.0,0.0,0.0,0.0,0.6235964298248291,0.7711858749389648,-4.0744933471614786e-07,0.6233645081520081,0.7109571099281311,-0.019243789836764336,0.6565118432044983,0.6532397866249084,-0.027065368369221687,0.6964064836502075,0.6230709552764893,-0.034699175506830215,0.7268224358558655,0.59718257188797,-0.03788595646619797,0.7093419432640076,0.6429707407951355,-0.003459235420450568,0.7484159469604492,0.6351680159568787,-0.03032783232629299,0.7170547246932983,0.6601868867874146,-0.045327067375183105,0.6902170777320862,0.6726047992706299,-0.05056579411029816,0.7196044921875,0.6791347861289978,-0.003935794811695814,0.7575817704200745,0.6770749688148499,-0.03248833864927292,0.7124492526054382,0.6984469294548035,-0.040192291140556335,0.6837738752365112,0.699715793132782,-0.03798982501029968,0.723565936088562,0.7142272591590881,-0.009196645580232143,0.760807991027832,0.7138343453407288,-0.03715056926012039,0.7159722447395325,0.726874828338623,-0.03191356733441353,0.6870660781860352,0.7221338748931885,-0.020527644082903862,0.7219958901405334,0.7492973804473877,-0.01605057902634144,0.7482789754867554,0.7506040930747986,-0.03457999974489212,0.7171048521995544,0.7543298006057739,-0.029468819499015808,0.6935098767280579,0.7445195913314819,-0.020086277276277542,A
0.0,0.0,0.0,0.0,0.0,0.0,0.0,0.0,0.0,0.0,0.0,0.0,0.0,0.0,0.0,0.0,0.0,0.0,0.0,0.0,0.0,0.0,0.0,0.0,0.0,0.0,0.0,0.0,0.0,0.0,0.0,0.0,0.0,0.0,0.0,0.0,0.0,0.0,0.0,0.0,0.0,0.0,0.0,0.0,0.0,0.0,0.0,0.0,0.0,0.0,0.0,0.0,0.0,0.0,0.0,0.0,0.0,0.0,0.0,0.0,0.0,0.0,0.0,0.6246361136436462,0.7702926397323608,-3.8354914977389853e-07,0.6238649487495422,0.7101046442985535,-0.02228824980556965,0.6563155055046082,0.6525866985321045,-0.03129439800977707,0.6963048577308655,0.6215535998344421,-0.03955507650971413,0.7269635200500488,0.5941035151481628,-0.04321574792265892,0.7093607783317566,0.6404702067375183,-0.004993475507944822,0.7472808361053467,0.6343125700950623,-0.03344938904047012,0.7157121300697327,0.6597979068756104,-0.04978758841753006,0.6886714100837708,0.6721318960189819,-0.05572160705924034,0.7199916243553162,0.6766688227653503,-0.0041350675746798515,0.7579385042190552,0.6758025288581848,-0.03475387021899223,0.712457537651062,0.6983249187469482,-0.04364814981818199,0.6830456852912903,0.7002931833267212,-0.041692644357681274,0.7242692112922668,0.711706280708313,-0.008432107046246529,0.7599847912788391,0.7125817537307739,-0.03808026388287544,0.7152596712112427,0.7262625694274902,-0.03364364430308342,0.6861963272094727,0.7214142680168152,-0.02218538336455822,0.723138689994812,0.7467278838157654,-0.01455873902887106,0.7486333847045898,0.7494345307350159,-0.03412743657827377,0.7176870107650757,0.7535852193832397,-0.02959682047367096,0.6938318014144897,0.7431597709655762,-0.02024826966226101,A
0.0,0.0,0.0,0.0,0.0,0.0,0.0,0.0,0.0,0.0,0.0,0.0,0.0,0.0,0.0,0.0,0.0,0.0,0.0,0.0,0.0,0.0,0.0,0.0,0.0,0.0,0.0,0.0,0.0,0.0,0.0,0.0,0.0,0.0,0.0,0.0,0.0,0.0,0.0,0.0,0.0,0.0,0.0,0.0,0.0,0.0,0.0,0.0,0.0,0.0,0.0,0.0,0.0,0.0,0.0,0.0,0.0,0.0,0.0,0.0,0.0,0.0,0.0,0.6231468915939331,0.7682002186775208,-3.8474365737783955e-07,0.6228624582290649,0.7094579339027405,-0.02293473668396473,0.6552781462669373,0.6522802114486694,-0.03227057307958603,0.6952443718910217,0.6216247081756592,-0.04073621332645416,0.7266049385070801,0.5947079658508301,-0.044465433806180954,0.7098754048347473,0.6402305364608765,-0.004891587421298027,0.7469441890716553,0.6338157057762146,-0.033128879964351654,0.7150207757949829,0.6588857173919678,-0.04942691698670387,0.6882068514823914,0.6711629629135132,-0.055533017963171005,0.7208501696586609,0.6763468384742737,-0.00390747282654047,0.7583003044128418,0.6756187677383423,-0.03419499471783638,0.7126424908638,0.6974373459815979,-0.043201759457588196,0.6838493347167969,0.6985968947410583,-0.0415184460580349,0.7248573303222656,0.7116705179214478,-0.008171950466930866,0.7603476643562317,0.7127057313919067,-0.03773064166307449,0.7157073616981506,0.7256665229797363,-0.0336298793554306,0.68714839220047,0.7200304865837097,-0.022582994773983955,0.7232994437217712,0.7471904158592224,-0.01431084144860506,0.7487900257110596,0.7495883107185364,-0.03393851965665817,0.7182117700576782,0.752806544303894,-0.02966960519552231,0.694819986820221,0.7415628433227539,-0.020627258345484734,A
0.0,0.0,0.0,0.0,0.0,0.0,0.0,0.0,0.0,0.0,0.0,0.0,0.0,0.0,0.0,0.0,0.0,0.0,0.0,0.0,0.0,0.0,0.0,0.0,0.0,0.0,0.0,0.0,0.0,0.0,0.0,0.0,0.0,0.0,0.0,0.0,0.0,0.0,0.0,0.0,0.0,0.0,0.0,0.0,0.0,0.0,0.0,0.0,0.0,0.0,0.0,0.0,0.0,0.0,0.0,0.0,0.0,0.0,0.0,0.0,0.0,0.0,0.0,0.6244380474090576,0.7699761986732483,-3.8822673786853557e-07,0.6236476898193359,0.7099540829658508,-0.02103993110358715,0.6565987467765808,0.6524085998535156,-0.029542548581957817,0.696657657623291,0.6217106580734253,-0.03757026791572571,0.7275949716567993,0.594987154006958,-0.041036542505025864,0.709488570690155,0.6412224769592285,-0.0039764707908034325,0.7487390637397766,0.6337932348251343,-0.03154122084379196,0.7178897857666016,0.6593936681747437,-0.04725547879934311,0.6911643743515015,0.6715177297592163,-0.05295869708061218,0.7201167941093445,0.6772840023040771,-0.0036513935774564743,0.7580351233482361,0.6766615509986877,-0.03340577706694603,0.712821900844574,0.6986437439918518,-0.042053353041410446,0.6837880611419678,0.6992236375808716,-0.040242601186037064,0.7243569493293762,0.7123046517372131,-0.00832004938274622,0.7606082558631897,0.7128424644470215,-0.037198200821876526,0.7156863212585449,0.7260858416557312,-0.03253825753927231,0.6866769194602966,0.7202458381652832,-0.021295104175806046,0.7232671976089478,0.7473998069763184,-0.014723858796060085,0.7485417723655701,0.7493907809257507,-0.033892735838890076,0.7174524068832397,0.753295361995697,-0.02920578233897686,0.6939250826835632,0.7423034310340881,-0.019961202517151833,A
0.0,0.0,0.0,0.0,0.0,0.0,0.0,0.0,0.0,0.0,0.0,0.0,0.0,0.0,0.0,0.0,0.0,0.0,0.0,0.0,0.0,0.0,0.0,0.0,0.0,0.0,0.0,0.0,0.0,0.0,0.0,0.0,0.0,0.0,0.0,0.0,0.0,0.0,0.0,0.0,0.0,0.0,0.0,0.0,0.0,0.0,0.0,0.0,0.0,0.0,0.0,0.0,0.0,0.0,0.0,0.0,0.0,0.0,0.0,0.0,0.0,0.0,0.0,0.6241474151611328,0.7692896127700806,-3.850762197998847e-07,0.6231912970542908,0.7103063464164734,-0.022688832134008408,0.6558793187141418,0.653167724609375,-0.031821828335523605,0.6962278485298157,0.6226816177368164,-0.04010450467467308,0.7277228832244873,0.5965412855148315,-0.043695542961359024,0.7104536890983582,0.6426007151603699,-0.004854483064264059,0.749337375164032,0.6357542276382446,-0.03254217654466629,0.7180492877960205,0.6606302857398987,-0.048328470438718796,0.6913581490516663,0.6725488305091858,-0.05409206822514534,0.7210819125175476,0.6783433556556702,-0.003627885365858674,0.7591099739074707,0.6779672503471375,-0.03359754756093025,0.7135427594184875,0.6993430256843567,-0.04232190176844597,0.6843960285186768,0.7000499367713928,-0.04047863930463791,0.7250403761863708,0.7128299474716187,-0.007534806150943041,0.7610799074172974,0.7137787342071533,-0.036943670362234116,0.7157792448997498,0.7267901301383972,-0.03245852142572403,0.6865367293357849,0.7212804555892944,-0.021119749173521996,0.72362220287323,0.7475236654281616,-0.013278109021484852,0.7488570213317871,0.7497084736824036,-0.03301849216222763,0.7176029086112976,0.7538594603538513,-0.028615139424800873,0.6939514875411987,0.743164598941803,-0.01942882314324379,A
0.0,0.0,0.0,0.0,0.0,0.0,0.0,0.0,0.0,0.0,0.0,0.0,0.0,0.0,0.0,0.0,0.0,0.0,0.0,0.0,0.0,0.0,0.0,0.0,0.0,0.0,0.0,0.0,0.0,0.0,0.0,0.0,0.0,0.0,0.0,0.0,0.0,0.0,0.0,0.0,0.0,0.0,0.0,0.0,0.0,0.0,0.0,0.0,0.0,0.0,0.0,0.0,0.0,0.0,0.0,0.0,0.0,0.0,0.0,0.0,0.0,0.0,0.0,0.623754620552063,0.768557071685791,-3.902970036051556e-07,0.6237865090370178,0.7093501687049866,-0.02123851142823696,0.6564129590988159,0.6525819897651672,-0.030049944296479225,0.6961948871612549,0.6223978996276855,-0.038346078246831894,0.7274867296218872,0.5963022708892822,-0.04217611253261566,0.7106386423110962,0.6412765979766846,-0.004176265560090542,0.7490522861480713,0.6342139840126038,-0.03137480467557907,0.7182258367538452,0.6592926383018494,-0.04713713005185127,0.6913591027259827,0.671584963798523,-0.05297491326928139,0.7211359739303589,0.6773353815078735,-0.003648787969723344,0.7581294178962708,0.6767948865890503,-0.03281869739294052,0.7130151391029358,0.6983875036239624,-0.0414607897400856,0.6833702921867371,0.6994326114654541,-0.03978663682937622,0.7250193357467651,0.7123991250991821,-0.008072822354733944,0.76092529296875,0.7130981683731079,-0.0366460457444191,0.7160483002662659,0.7261857986450195,-0.032199613749980927,0.6862583756446838,0.7210485339164734,-0.021141789853572845,0.7233974933624268,0.7477480173110962,-0.01422178279608488,0.7486855387687683,0.749541163444519,-0.03348961099982262,0.7174450755119324,0.7537343502044678,-0.029011214151978493,0.6933247447013855,0.7435853481292725,-0.019885869696736336,A
0.0,0.0,0.0,0.0,0.0,0.0,0.0,0.0,0.0,0.0,0.0,0.0,0.0,0.0,0.0,0.0,0.0,0.0,0.0,0.0,0.0,0.0,0.0,0.0,0.0,0.0,0.0,0.0,0.0,0.0,0.0,0.0,0.0,0.0,0.0,0.0,0.0,0.0,0.0,0.0,0.0,0.0,0.0,0.0,0.0,0.0,0.0,0.0,0.0,0.0,0.0,0.0,0.0,0.0,0.0,0.0,0.0,0.0,0.0,0.0,0.0,0.0,0.0,0.6243533492088318,0.7694767117500305,-3.872046647757088e-07,0.6244791746139526,0.7098848819732666,-0.021302277222275734,0.6569480895996094,0.6526599526405334,-0.03009161725640297,0.696541428565979,0.6222437024116516,-0.038386739790439606,0.7277748584747314,0.5959092974662781,-0.04221193864941597,0.7114079594612122,0.6423346996307373,-0.0038992755580693483,0.7489123344421387,0.6356915831565857,-0.031285837292671204,0.7177274227142334,0.6607399582862854,-0.04745187610387802,0.6905950903892517,0.6733677387237549,-0.053521860390901566,0.7219570279121399,0.6781303286552429,-0.0033804993145167828,0.7588174343109131,0.6779552102088928,-0.03301439806818962,0.7133485078811646,0.6996988654136658,-0.04213847219944,0.6835894584655762,0.7011685371398926,-0.040632519870996475,0.7256790399551392,0.7127721905708313,-0.007783349137753248,0.7609916925430298,0.7139503955841064,-0.036685094237327576,0.7160980701446533,0.727050244808197,-0.032429859042167664,0.6865320205688477,0.7218779921531677,-0.0212993323802948,0.7238476872444153,0.7474082708358765,-0.013890853151679039,0.7492309808731079,0.7497597336769104,-0.03304363042116165,0.7185488939285278,0.7539370059967041,-0.028292642906308174,0.6948471665382385,0.7434481382369995,-0.018871400505304337,A
0.0,0.0,0.0,0.0,0.0,0.0,0.0,0.0,0.0,0.0,0.0,0.0,0.0,0.0,0.0,0.0,0.0,0.0,0.0,0.0,0.0,0.0,0.0,0.0,0.0,0.0,0.0,0.0,0.0,0.0,0.0,0.0,0.0,0.0,0.0,0.0,0.0,0.0,0.0,0.0,0.0,0.0,0.0,0.0,0.0,0.0,0.0,0.0,0.0,0.0,0.0,0.0,0.0,0.0,0.0,0.0,0.0,0.0,0.0,0.0,0.0,0.0,0.0,0.622593343257904,0.7694462537765503,-3.795267389250512e-07,0.6233510375022888,0.709160327911377,-0.020626669749617577,0.6564905047416687,0.6524550914764404,-0.02903776243329048,0.6963410377502441,0.6219282150268555,-0.03717212378978729,0.7276079058647156,0.594440221786499,-0.04099167883396149,0.7096816301345825,0.6424477696418762,-0.0026526297442615032,0.7486671805381775,0.6341313123703003,-0.029999207705259323,0.718889057636261,0.6587832570075989,-0.04666963219642639,0.6914359927177429,0.6716521978378296,-0.0531524159014225,0.720464825630188,0.6786596179008484,-0.002658291021361947,0.7589247226715088,0.6775821447372437,-0.03190649300813675,0.7143739461898804,0.6986925005912781,-0.04147040843963623,0.6835131049156189,0.7001750469207764,-0.040392812341451645,0.7243611216545105,0.7138396501541138,-0.007641364820301533,0.7604906558990479,0.7144891023635864,-0.035959064960479736,0.7165339589118958,0.7266148328781128,-0.032286208122968674,0.6863043904304504,0.7211311459541321,-0.02180005982518196,0.7227319478988647,0.7489989995956421,-0.014360735192894936,0.7476801872253418,0.7508755922317505,-0.03331507742404938,0.717343270778656,0.7540591359138489,-0.029030730947852135,0.6933457255363464,0.743497908115387,-0.020135575905442238,A
0.0,0.0,0.0,0.0,0.0,0.0,0.0,0.0,0.0,0.0,0.0,0.0,0.0,0.0,0.0,0.0,0.0,0.0,0.0,0.0,0.0,0.0,0.0,0.0,0.0,0.0,0.0,0.0,0.0,0.0,0.0,0.0,0.0,0.0,0.0,0.0,0.0,0.0,0.0,0.0,0.0,0.0,0.0,0.0,0.0,0.0,0.0,0.0,0.0,0.0,0.0,0.0,0.0,0.0,0.0,0.0,0.0,0.0,0.0,0.0,0.0,0.0,0.0,0.6242728233337402,0.7689046859741211,-3.9179428767965874e-07,0.6247798800468445,0.7088868021965027,-0.019984949380159378,0.6573346853256226,0.6527993679046631,-0.028604090213775635,0.6967328786849976,0.623348593711853,-0.03691788762807846,0.727314829826355,0.5964576601982117,-0.04087042063474655,0.7106772065162659,0.6450542211532593,-0.005168041680008173,0.7497119307518005,0.6373409628868103,-0.031864482909440994,0.7185314893722534,0.6606682538986206,-0.04760556295514107,0.6910786032676697,0.6724351644515991,-0.05355203524231911,0.7207581400871277,0.6809929609298706,-0.005259762983769178,0.7599393129348755,0.6792538166046143,-0.033749546855688095,0.7151026725769043,0.6995872855186462,-0.04228813201189041,0.6848325729370117,0.7009173035621643,-0.04081597551703453,0.7243233919143677,0.715326189994812,-0.009945272468030453,0.7608767747879028,0.7151943445205688,-0.03723711520433426,0.7171478271484375,0.7268582582473755,-0.03275047987699509,0.6876037120819092,0.7213021516799927,-0.022070931270718575,0.7224684357643127,0.7494729161262512,-0.016270838677883148,0.7493327260017395,0.7509408593177795,-0.03407983109354973,0.7196862101554871,0.7535054087638855,-0.0291408970952034,0.6956666707992554,0.742431640625,-0.020124638453125954,A
0.0,0.0,0.0,0.0,0.0,0.0,0.0,0.0,0.0,0.0,0.0,0.0,0.0,0.0,0.0,0.0,0.0,0.0,0.0,0.0,0.0,0.0,0.0,0.0,0.0,0.0,0.0,0.0,0.0,0.0,0.0,0.0,0.0,0.0,0.0,0.0,0.0,0.0,0.0,0.0,0.0,0.0,0.0,0.0,0.0,0.0,0.0,0.0,0.0,0.0,0.0,0.0,0.0,0.0,0.0,0.0,0.0,0.0,0.0,0.0,0.0,0.0,0.0,0.6240086555480957,0.7690351009368896,-3.784412569984852e-07,0.6236326098442078,0.7094730734825134,-0.022739563137292862,0.6561707258224487,0.6532536149024963,-0.032024797052145004,0.6963338255882263,0.6222200989723206,-0.04034988582134247,0.7275747060775757,0.5947179794311523,-0.0440770760178566,0.7095581293106079,0.6450376510620117,-0.005931380204856396,0.7490135431289673,0.6373082995414734,-0.03321531042456627,0.7172613739967346,0.661637544631958,-0.048953622579574585,0.6897101402282715,0.6734228730201721,-0.054830584675073624,0.7206252813339233,0.6805569529533386,-0.004490833729505539,0.7592316269874573,0.6790847182273865,-0.0342981182038784,0.7139525413513184,0.7004677057266235,-0.043256912380456924,0.6835582256317139,0.7016428112983704,-0.041709013283252716,0.7249963879585266,0.7149617075920105,-0.0079638147726655,0.7619237899780273,0.7143945693969727,-0.036934200674295425,0.7169554829597473,0.7271042466163635,-0.032542794942855835,0.6864879131317139,0.7217736840248108,-0.02144048921763897,0.7239212393760681,0.7492874264717102,-0.013234923593699932,0.74846351146698,0.749963641166687,-0.03286658972501755,0.7170434594154358,0.7536109685897827,-0.02856457605957985,0.6924984455108643,0.742816150188446,-0.01952369324862957,A
0.0,0.0,0.0,0.0,0.0,0.0,0.0,0.0,0.0,0.0,0.0,0.0,0.0,0.0,0.0,0.0,0.0,0.0,0.0,0.0,0.0,0.0,0.0,0.0,0.0,0.0,0.0,0.0,0.0,0.0,0.0,0.0,0.0,0.0,0.0,0.0,0.0,0.0,0.0,0.0,0.0,0.0,0.0,0.0,0.0,0.0,0.0,0.0,0.0,0.0,0.0,0.0,0.0,0.0,0.0,0.0,0.0,0.0,0.0,0.0,0.0,0.0,0.0,0.6248286962509155,0.7688872814178467,-3.820803726739541e-07,0.6233986616134644,0.7098740935325623,-0.023089395835995674,0.6562630534172058,0.6521244049072266,-0.032585322856903076,0.6969146728515625,0.6214172840118408,-0.04110931605100632,0.7282309532165527,0.5944898128509521,-0.04484562575817108,0.7107352614402771,0.6407416462898254,-0.006167749874293804,0.7494191527366638,0.6340255737304688,-0.03424544259905815,0.7180788516998291,0.6599284410476685,-0.05023789778351784,0.691524863243103,0.6728919148445129,-0.05602385103702545,0.7211154103279114,0.6768537163734436,-0.004833967890590429,0.76048743724823,0.6772492527961731,-0.034902919083833694,0.7145368456840515,0.6994720697402954,-0.04316909611225128,0.6851741671562195,0.7009201645851135,-0.040927622467279434,0.7248541116714478,0.7112011909484863,-0.008657237514853477,0.7620280385017395,0.7133383750915527,-0.03789960965514183,0.717187225818634,0.7264956831932068,-0.03312001749873161,0.6882733702659607,0.7212446331977844,-0.021588146686553955,0.7233549356460571,0.7456721663475037,-0.014343634247779846,0.7500856518745422,0.7489270567893982,-0.03349514678120613,0.7196229100227356,0.7529580593109131,-0.028767626732587814,0.6962891221046448,0.7422171235084534,-0.019438836723566055,A
0.0,0.0,0.0,0.0,0.0,0.0,0.0,0.0,0.0,0.0,0.0,0.0,0.0,0.0,0.0,0.0,0.0,0.0,0.0,0.0,0.0,0.0,0.0,0.0,0.0,0.0,0.0,0.0,0.0,0.0,0.0,0.0,0.0,0.0,0.0,0.0,0.0,0.0,0.0,0.0,0.0,0.0,0.0,0.0,0.0,0.0,0.0,0.0,0.0,0.0,0.0,0.0,0.0,0.0,0.0,0.0,0.0,0.0,0.0,0.0,0.0,0.0,0.0,0.6227453351020813,0.7659363746643066,-3.815069646861957e-07,0.6229469776153564,0.708575427532196,-0.02415533922612667,0.655682384967804,0.6514429450035095,-0.0338902585208416,0.6956965327262878,0.6201245784759521,-0.04251474142074585,0.7272582650184631,0.5933268666267395,-0.04623902589082718,0.710556149482727,0.6392409205436707,-0.005575333721935749,0.7489593625068665,0.6319112777709961,-0.03376170992851257,0.7179896831512451,0.6578680872917175,-0.04974614828824997,0.6913817524909973,0.6717562079429626,-0.055413611233234406,0.7212499380111694,0.6752113103866577,-0.0036246944218873978,0.7595343589782715,0.6747814416885376,-0.03383183851838112,0.71356201171875,0.6971811056137085,-0.042123012244701385,0.6839768290519714,0.6992896199226379,-0.039658207446336746,0.7252015471458435,0.7097964882850647,-0.007122851442545652,0.7618454098701477,0.7111456990242004,-0.03676087036728859,0.7170630097389221,0.7241970896720886,-0.032384078949689865,0.6881192326545715,0.7196294665336609,-0.02089046873152256,0.7238766551017761,0.7451008558273315,-0.012580319307744503,0.7498655319213867,0.7473688721656799,-0.03232425078749657,0.7187889218330383,0.7505131363868713,-0.02815203368663788,0.6949787139892578,0.739920437335968,-0.01902628317475319,A
0.0,0.0,0.0,0.0,0.0,0.0,0.0,0.0,0.0,0.0,0.0,0.0,0.0,0.0,0.0,0.0,0.0,0.0,0.0,0.0,0.0,0.0,0.0,0.0,0.0,0.0,0.0,0.0,0.0,0.0,0.0,0.0,0.0,0.0,0.0,0.0,0.0,0.0,0.0,0.0,0.0,0.0,0.0,0.0,0.0,0.0,0.0,0.0,0.0,0.0,0.0,0.0,0.0,0.0,0.0,0.0,0.0,0.0,0.0,0.0,0.0,0.0,0.0,0.6206133365631104,0.7628201842308044,-3.7166830679780105e-07,0.6205032467842102,0.7040029764175415,-0.02157551422715187,0.6510879397392273,0.6458523273468018,-0.030203446745872498,0.6911441683769226,0.6132302284240723,-0.03841899707913399,0.7229495048522949,0.5874645113945007,-0.04193003848195076,0.7068879008293152,0.6382594108581543,-0.002833554521203041,0.7469656467437744,0.6244635581970215,-0.028851378709077835,0.7181945443153381,0.6492548584938049,-0.04365493729710579,0.69217848777771,0.6664110422134399,-0.048623763024806976,0.7176896333694458,0.6744942665100098,-0.001559876836836338,0.7562417387962341,0.6691158413887024,-0.02835555374622345,0.7136865854263306,0.6892254948616028,-0.036009952425956726,0.6847802996635437,0.6939958333969116,-0.033957771956920624,0.7214953303337097,0.7089977860450745,-0.0055069029331207275,0.7599905729293823,0.7076672315597534,-0.03216710314154625,0.717082679271698,0.7177578210830688,-0.028250811621546745,0.687858521938324,0.7156687378883362,-0.017872925847768784,0.7198524475097656,0.7446972727775574,-0.011282558552920818,0.7473181486129761,0.745302677154541,-0.029308293014764786,0.7176523804664612,0.7459871172904968,-0.025690918788313866,0.6936074495315552,0.7375833988189697,-0.017514487728476524,A
0.0,0.0,0.0,0.0,0.0,0.0,0.0,0.0,0.0,0.0,0.0,0.0,0.0,0.0,0.0,0.0,0.0,0.0,0.0,0.0,0.0,0.0,0.0,0.0,0.0,0.0,0.0,0.0,0.0,0.0,0.0,0.0,0.0,0.0,0.0,0.0,0.0,0.0,0.0,0.0,0.0,0.0,0.0,0.0,0.0,0.0,0.0,0.0,0.0,0.0,0.0,0.0,0.0,0.0,0.0,0.0,0.0,0.0,0.0,0.0,0.0,0.0,0.0,0.6191315650939941,0.764708399772644,-3.765135261346586e-07,0.6183194518089294,0.7066248059272766,-0.02060849219560623,0.6501273512840271,0.6478368639945984,-0.029401162639260292,0.6893300414085388,0.6184945106506348,-0.037577271461486816,0.7198978066444397,0.5931037664413452,-0.04116864129900932,0.7055097222328186,0.6400763392448425,-0.00540325278416276,0.7434082627296448,0.631052553653717,-0.03243601694703102,0.7134848237037659,0.6555085778236389,-0.04764096811413765,0.6880597472190857,0.6696295738220215,-0.052885752171278,0.7156492471694946,0.6769563555717468,-0.005237549543380737,0.7534692883491516,0.6748975515365601,-0.03298230469226837,0.7103955149650574,0.6954745054244995,-0.04012328013777733,0.6835811734199524,0.6978405117988586,-0.037714097648859024,0.7189670205116272,0.7119686603546143,-0.009973135776817799,0.7542487978935242,0.712174117565155,-0.03665180504322052,0.7123876810073853,0.7247344851493835,-0.030938584357500076,0.6864842176437378,0.7212640047073364,-0.019670967012643814,0.7169787287712097,0.7474986910820007,-0.01647311821579933,0.7438181638717651,0.7488919496536255,-0.03357138857245445,0.7142744064331055,0.7527055740356445,-0.027685295790433884,0.6920695304870605,0.7436531782150269,-0.018123697489500046,A
0.0,0.0,0.0,0.0,0.0,0.0,0.0,0.0,0.0,0.0,0.0,0.0,0.0,0.0,0.0,0.0,0.0,0.0,0.0,0.0,0.0,0.0,0.0,0.0,0.0,0.0,0.0,0.0,0.0,0.0,0.0,0.0,0.0,0.0,0.0,0.0,0.0,0.0,0.0,0.0,0.0,0.0,0.0,0.0,0.0,0.0,0.0,0.0,0.0,0.0,0.0,0.0,0.0,0.0,0.0,0.0,0.0,0.0,0.0,0.0,0.0,0.0,0.0,0.6167646646499634,0.7703506350517273,-3.743476781892241e-07,0.6141531467437744,0.7122954726219177,-0.025031745433807373,0.6461703777313232,0.6531728506088257,-0.03500647842884064,0.6866024136543274,0.6213219165802002,-0.04335671290755272,0.7190749049186707,0.5977519750595093,-0.04665398225188255,0.7017974257469177,0.6446962356567383,-0.0071479850448668,0.7398372888565063,0.6378479599952698,-0.03595460578799248,0.7088960409164429,0.6641207933425903,-0.05207855999469757,0.6833200454711914,0.6781055331230164,-0.05791974067687988,0.7136558890342712,0.6810378432273865,-0.004771057981997728,0.75137859582901,0.6800017952919006,-0.035362083464860916,0.7065826654434204,0.7023938894271851,-0.04381837695837021,0.6803151369094849,0.7047080397605896,-0.04171353578567505,0.718096137046814,0.7156803607940674,-0.007727834861725569,0.7535375952720642,0.7183940410614014,-0.037220098078250885,0.7100359797477722,0.7311438322067261,-0.03191244229674339,0.6846268177032471,0.7261613011360168,-0.02016819640994072,0.7173670530319214,0.7506710886955261,-0.012769539840519428,0.7422190308570862,0.7556774020195007,-0.031744398176670074,0.711445152759552,0.7592830061912537,-0.02655407413840294,0.6900563836097717,0.7480447292327881,-0.01703980192542076,A
0.0,0.0,0.0,0.0,0.0,0.0,0.0,0.0,0.0,0.0,0.0,0.0,0.0,0.0,0.0,0.0,0.0,0.0,0.0,0.0,0.0,0.0,0.0,0.0,0.0,0.0,0.0,0.0,0.0,0.0,0.0,0.0,0.0,0.0,0.0,0.0,0.0,0.0,0.0,0.0,0.0,0.0,0.0,0.0,0.0,0.0,0.0,0.0,0.0,0.0,0.0,0.0,0.0,0.0,0.0,0.0,0.0,0.0,0.0,0.0,0.0,0.0,0.0,0.6134284138679504,0.7755985260009766,-3.991267476521898e-07,0.6109738349914551,0.717268705368042,-0.024289699271321297,0.6442153453826904,0.6574558019638062,-0.0341983325779438,0.6853218078613281,0.6246458292007446,-0.04267049580812454,0.7173594832420349,0.5990481376647949,-0.04564576596021652,0.6978909969329834,0.6475129127502441,-0.009209219366312027,0.7395643591880798,0.6378710269927979,-0.03730973228812218,0.7058717608451843,0.6660036444664001,-0.05094873532652855,0.6803613901138306,0.6798051595687866,-0.05486438050866127,0.7095087170600891,0.6842339038848877,-0.006963944993913174,0.7493519186973572,0.6826272010803223,-0.03681894391775131,0.7024195790290833,0.705987274646759,-0.042675502598285675,0.6773689389228821,0.7068255543708801,-0.038847558200359344,0.7143973708152771,0.7194849848747253,-0.009891631081700325,0.7521106004714966,0.7198523283004761,-0.038157567381858826,0.707419216632843,0.7342830896377563,-0.03061591275036335,0.6827917098999023,0.7300571799278259,-0.017701629549264908,0.7144284248352051,0.7546603679656982,-0.014881476759910583,0.7423843145370483,0.7572072744369507,-0.032226961106061935,0.7113364934921265,0.7613698840141296,-0.02581758424639702,0.6900180578231812,0.7512859106063843,-0.01574389636516571,A
0.0,0.0,0.0,0.0,0.0,0.0,0.0,0.0,0.0,0.0,0.0,0.0,0.0,0.0,0.0,0.0,0.0,0.0,0.0,0.0,0.0,0.0,0.0,0.0,0.0,0.0,0.0,0.0,0.0,0.0,0.0,0.0,0.0,0.0,0.0,0.0,0.0,0.0,0.0,0.0,0.0,0.0,0.0,0.0,0.0,0.0,0.0,0.0,0.0,0.0,0.0,0.0,0.0,0.0,0.0,0.0,0.0,0.0,0.0,0.0,0.0,0.0,0.0,0.6131659746170044,0.7771207094192505,-3.9955668285074353e-07,0.6114159822463989,0.7163201570510864,-0.022796891629695892,0.6447170972824097,0.6571541428565979,-0.03205655515193939,0.6854760646820068,0.6257182359695435,-0.04056061431765556,0.7163582444190979,0.5984572172164917,-0.04381073638796806,0.6987674832344055,0.6476656198501587,-0.006211302243173122,0.7401230931282043,0.63759446144104,-0.034528765827417374,0.7065998315811157,0.6652185916900635,-0.04929012432694435,0.6806414723396301,0.6790874004364014,-0.05400824546813965,0.7096680402755737,0.683841347694397,-0.005117480643093586,0.7501875162124634,0.6824037432670593,-0.036304641515016556,0.7025783061981201,0.7055996060371399,-0.04373336583375931,0.675731897354126,0.7071163058280945,-0.04059692844748497,0.7142918109893799,0.7184785008430481,-0.009191368706524372,0.752545952796936,0.7194772958755493,-0.03858419135212898,0.7065579891204834,0.7337238788604736,-0.031995948404073715,0.6798123121261597,0.7294216752052307,-0.019188564270734787,0.7143516540527344,0.7532094717025757,-0.015234451740980148,0.7430703043937683,0.7563202977180481,-0.03324607387185097,0.7120876312255859,0.7604592442512512,-0.027049928903579712,0.689757227897644,0.7503233551979065,-0.0167981144040823,A
0.0,0.0,0.0,0.0,0.0,0.0,0.0,0.0,0.0,0.0,0.0,0.0,0.0,0.0,0.0,0.0,0.0,0.0,0.0,0.0,0.0,0.0,0.0,0.0,0.0,0.0,0.0,0.0,0.0,0.0,0.0,0.0,0.0,0.0,0.0,0.0,0.0,0.0,0.0,0.0,0.0,0.0,0.0,0.0,0.0,0.0,0.0,0.0,0.0,0.0,0.0,0.0,0.0,0.0,0.0,0.0,0.0,0.0,0.0,0.0,0.0,0.0,0.0,0.6135212779045105,0.7761147618293762,-4.0403077150585887e-07,0.6118776798248291,0.7166239619255066,-0.02337273210287094,0.645352303981781,0.6574848294258118,-0.03293600678443909,0.6860677003860474,0.6255720257759094,-0.04158392176032066,0.7172749042510986,0.5979604721069336,-0.04498060420155525,0.6990892887115479,0.6470649838447571,-0.007240624167025089,0.7407112121582031,0.6376731991767883,-0.0359344407916069,0.7070609331130981,0.6650767922401428,-0.05048449710011482,0.681408166885376,0.6781196594238281,-0.055016279220581055,0.7101923823356628,0.6838212013244629,-0.005960431415587664,0.7509401440620422,0.6816927790641785,-0.03719036653637886,0.7033430337905884,0.7043796181678772,-0.04430106282234192,0.6770563125610352,0.7046550512313843,-0.04100155830383301,0.7151212096214294,0.7189376354217529,-0.009893124923110008,0.7533352971076965,0.7189747095108032,-0.03954523801803589,0.7071788907051086,0.733220636844635,-0.032702669501304626,0.6810511946678162,0.7277853488922119,-0.019823716953396797,0.7154068350791931,0.7542782425880432,-0.01579689234495163,0.743145227432251,0.7563148140907288,-0.03408209607005119,0.7114458680152893,0.7603057622909546,-0.027859097346663475,0.6893236041069031,0.7491248250007629,-0.017674610018730164,A
0.0,0.0,0.0,0.0,0.0,0.0,0.0,0.0,0.0,0.0,0.0,0.0,0.0,0.0,0.0,0.0,0.0,0.0,0.0,0.0,0.0,0.0,0.0,0.0,0.0,0.0,0.0,0.0,0.0,0.0,0.0,0.0,0.0,0.0,0.0,0.0,0.0,0.0,0.0,0.0,0.0,0.0,0.0,0.0,0.0,0.0,0.0,0.0,0.0,0.0,0.0,0.0,0.0,0.0,0.0,0.0,0.0,0.0,0.0,0.0,0.0,0.0,0.0,0.6167444586753845,0.7711268663406372,-4.06443632527953e-07,0.6148204803466797,0.7118893265724182,-0.023077167570590973,0.6484057903289795,0.6527351140975952,-0.03277359530329704,0.6890969276428223,0.6216174960136414,-0.041525136679410934,0.7208378314971924,0.5940092206001282,-0.04499050974845886,0.7039178609848022,0.6410526633262634,-0.007626513484865427,0.744353175163269,0.6318755745887756,-0.03667060285806656,0.7086933851242065,0.6597113609313965,-0.05132583901286125,0.6822811365127563,0.6748149991035461,-0.05561133101582527,0.7146764397621155,0.6785665154457092,-0.006603395100682974,0.7564833164215088,0.6752909421920776,-0.038022853434085846,0.706785261631012,0.6987659335136414,-0.04451239854097366,0.6792585849761963,0.7019287943840027,-0.040190085768699646,0.7187471389770508,0.7142603993415833,-0.010824805125594139,0.7574837803840637,0.7140294313430786,-0.04066728800535202,0.7099303007125854,0.7285357117652893,-0.033518657088279724,0.6835495829582214,0.7253248691558838,-0.01987360417842865,0.7179672718048096,0.7503901720046997,-0.016945932060480118,0.7471305727958679,0.7527137994766235,-0.03517966717481613,0.7148730754852295,0.7563269138336182,-0.02866368740797043,0.6925586462020874,0.7461672425270081,-0.017988484352827072,A
0.0,0.0,0.0,0.0,0.0,0.0,0.0,0.0,0.0,0.0,0.0,0.0,0.0,0.0,0.0,0.0,0.0,0.0,0.0,0.0,0.0,0.0,0.0,0.0,0.0,0.0,0.0,0.0,0.0,0.0,0.0,0.0,0.0,0.0,0.0,0.0,0.0,0.0,0.0,0.0,0.0,0.0,0.0,0.0,0.0,0.0,0.0,0.0,0.0,0.0,0.0,0.0,0.0,0.0,0.0,0.0,0.0,0.0,0.0,0.0,0.0,0.0,0.0,0.6173743605613708,0.7713472247123718,-4.192579581285827e-07,0.6162097454071045,0.7124511003494263,-0.023638004437088966,0.6507700681686401,0.6532965898513794,-0.033250052481889725,0.6913160681724548,0.6211792230606079,-0.04173227399587631,0.7224876284599304,0.5934847593307495,-0.04500811919569969,0.7068078517913818,0.6411452293395996,-0.00788482278585434,0.7468189001083374,0.634179949760437,-0.03655039519071579,0.7110905647277832,0.6615740656852722,-0.05134144052863121,0.6831773519515991,0.6766318678855896,-0.05590211600065231,0.7173225283622742,0.6788192987442017,-0.006515515968203545,0.7570285201072693,0.6767978072166443,-0.037721578031778336,0.7078984975814819,0.7001572847366333,-0.044681698083877563,0.678864598274231,0.7040451765060425,-0.04086383059620857,0.7211959362030029,0.7147012948989868,-0.010400969535112381,0.7597353458404541,0.7145376205444336,-0.040323104709386826,0.7124925255775452,0.7282668352127075,-0.034003060311079025,0.6840339303016663,0.7251694202423096,-0.02102523483335972,0.7197846174240112,0.7506629824638367,-0.01621384173631668,0.7483322024345398,0.7530818581581116,-0.03555060178041458,0.7160995006561279,0.7565312385559082,-0.03004342131316662,0.6926829814910889,0.7470314502716064,-0.019893674179911613,A
0.0,0.0,0.0,0.0,0.0,0.0,0.0,0.0,0.0,0.0,0.0,0.0,0.0,0.0,0.0,0.0,0.0,0.0,0.0,0.0,0.0,0.0,0.0,0.0,0.0,0.0,0.0,0.0,0.0,0.0,0.0,0.0,0.0,0.0,0.0,0.0,0.0,0.0,0.0,0.0,0.0,0.0,0.0,0.0,0.0,0.0,0.0,0.0,0.0,0.0,0.0,0.0,0.0,0.0,0.0,0.0,0.0,0.0,0.0,0.0,0.0,0.0,0.0,0.6169763803482056,0.7705307006835938,-4.142747513924405e-07,0.6169306635856628,0.7112774848937988,-0.021863970905542374,0.6512618064880371,0.6529513597488403,-0.031042994931340218,0.6913192272186279,0.6212726831436157,-0.03959953784942627,0.7224192023277283,0.5927084684371948,-0.04311930760741234,0.7066261768341064,0.6411600112915039,-0.006350487936288118,0.7473233342170715,0.6339409351348877,-0.034269414842128754,0.7125346660614014,0.6604186296463013,-0.04908623546361923,0.6851892471313477,0.6745826005935669,-0.0538862943649292,0.717007040977478,0.6788779497146606,-0.005790343973785639,0.7571794390678406,0.6774027347564697,-0.03622283786535263,0.7089527249336243,0.6996097564697266,-0.043472472578287125,0.6796050071716309,0.7025575637817383,-0.040198277682065964,0.7207266688346863,0.714844286441803,-0.010263840667903423,0.7592176795005798,0.7147785425186157,-0.03919559344649315,0.7128593921661377,0.727619469165802,-0.03328444063663483,0.6839971542358398,0.7237014174461365,-0.0209076888859272,0.7192539572715759,0.7508782148361206,-0.016541296616196632,0.7483410835266113,0.7529354691505432,-0.03498648479580879,0.7168968319892883,0.7553540468215942,-0.02953929454088211,0.6930992007255554,0.7449547052383423,-0.01973254233598709,A
0.0,0.0,0.0,0.0,0.0,0.0,0.0,0.0,0.0,0.0,0.0,0.0,0.0,0.0,0.0,0.0,0.0,0.0,0.0,0.0,0.0,0.0,0.0,0.0,0.0,0.0,0.0,0.0,0.0,0.0,0.0,0.0,0.0,0.0,0.0,0.0,0.0,0.0,0.0,0.0,0.0,0.0,0.0,0.0,0.0,0.0,0.0,0.0,0.0,0.0,0.0,0.0,0.0,0.0,0.0,0.0,0.0,0.0,0.0,0.0,0.0,0.0,0.0,0.6156346797943115,0.7718148827552795,-4.153181407673401e-07,0.6165884137153625,0.7134780883789062,-0.02326817624270916,0.6503360271453857,0.6545796990394592,-0.03317457437515259,0.690663754940033,0.6221928000450134,-0.04224671050906181,0.7227151989936829,0.5941869020462036,-0.046201158314943314,0.7063258290290833,0.6410083770751953,-0.006367362104356289,0.7463250756263733,0.634533166885376,-0.03558610379695892,0.7117064595222473,0.6618545055389404,-0.05113251507282257,0.6848224401473999,0.6756318211555481,-0.0562552735209465,0.7167356014251709,0.6787610054016113,-0.005330224987119436,0.7557191848754883,0.6787005066871643,-0.03685358539223671,0.7070647478103638,0.701279878616333,-0.04459022730588913,0.679101824760437,0.7025063633918762,-0.04148198664188385,0.7205667495727539,0.7150512933731079,-0.0096553610637784,0.7579235434532166,0.7163212895393372,-0.04034751281142235,0.7106196284294128,0.7297002077102661,-0.034772299230098724,0.6828579306602478,0.7244544625282288,-0.022262301295995712,0.719256579875946,0.7517006397247314,-0.015819886699318886,0.7471047639846802,0.7538648843765259,-0.03559928387403488,0.714362621307373,0.7573896646499634,-0.030271409079432487,0.6909170746803284,0.7467708587646484,-0.02024325169622898,A
0.0,0.0,0.0,0.0,0.0,0.0,0.0,0.0,0.0,0.0,0.0,0.0,0.0,0.0,0.0,0.0,0.0,0.0,0.0,0.0,0.0,0.0,0.0,0.0,0.0,0.0,0.0,0.0,0.0,0.0,0.0,0.0,0.0,0.0,0.0,0.0,0.0,0.0,0.0,0.0,0.0,0.0,0.0,0.0,0.0,0.0,0.0,0.0,0.0,0.0,0.0,0.0,0.0,0.0,0.0,0.0,0.0,0.0,0.0,0.0,0.0,0.0,0.0,0.6123907566070557,0.7771504521369934,-3.989963488493231e-07,0.6088489890098572,0.718366265296936,-0.02612813375890255,0.6434616446495056,0.6575589179992676,-0.0362100824713707,0.6857910752296448,0.6246716976165771,-0.04439589008688927,0.7184543013572693,0.5984361171722412,-0.047331638634204865,0.6992263197898865,0.6482579708099365,-0.009451890364289284,0.7397926449775696,0.6426457762718201,-0.03951505944132805,0.7054843902587891,0.6690886616706848,-0.05516812950372696,0.6801811456680298,0.6822952032089233,-0.06039034202694893,0.7104657888412476,0.6858338713645935,-0.006758187897503376,0.750605583190918,0.6873931884765625,-0.039830587804317474,0.7028509974479675,0.70998215675354,-0.04776618629693985,0.6773802042007446,0.7114006280899048,-0.044581491500139236,0.715298593044281,0.7204537391662598,-0.009507126174867153,0.7515397071838379,0.7255692481994629,-0.04089100658893585,0.7054627537727356,0.7394033670425415,-0.03454174846410751,0.681171178817749,0.733791172504425,-0.02159222960472107,0.7155700922012329,0.7543951272964478,-0.014411582611501217,0.7402377128601074,0.7620292901992798,-0.03382877632975578,0.7071544528007507,0.7674350142478943,-0.02806537039577961,0.6864713430404663,0.7560942769050598,-0.01800626330077648,A
0.0,0.0,0.0,0.0,0.0,0.0,0.0,0.0,0.0,0.0,0.0,0.0,0.0,0.0,0.0,0.0,0.0,0.0,0.0,0.0,0.0,0.0,0.0,0.0,0.0,0.0,0.0,0.0,0.0,0.0,0.0,0.0,0.0,0.0,0.0,0.0,0.0,0.0,0.0,0.0,0.0,0.0,0.0,0.0,0.0,0.0,0.0,0.0,0.0,0.0,0.0,0.0,0.0,0.0,0.0,0.0,0.0,0.0,0.0,0.0,0.0,0.0,0.0,0.6106513142585754,0.778581976890564,-4.1316010879199894e-07,0.6074522733688354,0.7212207913398743,-0.02594495750963688,0.6432786583900452,0.6611068248748779,-0.03584045171737671,0.6846821308135986,0.6287913918495178,-0.04393539950251579,0.716464102268219,0.6033721566200256,-0.04656693711876869,0.697685182094574,0.651526689529419,-0.011147967539727688,0.7380631566047668,0.6432296633720398,-0.040699552744627,0.7023810744285583,0.6717294454574585,-0.05493571609258652,0.6765754818916321,0.6861763000488281,-0.05910081788897514,0.7092577219009399,0.6889815926551819,-0.008510713465511799,0.7493384480476379,0.68900465965271,-0.0406961515545845,0.6998936533927917,0.7128468751907349,-0.0469648577272892,0.6746463775634766,0.714049220085144,-0.04264639690518379,0.7134472727775574,0.7239784598350525,-0.011226610280573368,0.7505789995193481,0.7274286150932312,-0.04219876602292061,0.7033799290657043,0.742199182510376,-0.03483731672167778,0.6789106726646423,0.7369800806045532,-0.021178117021918297,0.7127119898796082,0.7585107088088989,-0.0160355344414711,0.7400238513946533,0.76549232006073,-0.035495441406965256,0.7074774503707886,0.7703053951263428,-0.029337255284190178,0.6862236261367798,0.7588303089141846,-0.0188793633133173,A
0.0,0.0,0.0,0.0,0.0,0.0,0.0,0.0,0.0,0.0,0.0,0.0,0.0,0.0,0.0,0.0,0.0,0.0,0.0,0.0,0.0,0.0,0.0,0.0,0.0,0.0,0.0,0.0,0.0,0.0,0.0,0.0,0.0,0.0,0.0,0.0,0.0,0.0,0.0,0.0,0.0,0.0,0.0,0.0,0.0,0.0,0.0,0.0,0.0,0.0,0.0,0.0,0.0,0.0,0.0,0.0,0.0,0.0,0.0,0.0,0.0,0.0,0.0,0.6051075458526611,0.7798824310302734,-4.1495641767141933e-07,0.6040518879890442,0.719652533531189,-0.022626211866736412,0.6360689401626587,0.6582930088043213,-0.0317888967692852,0.6768825650215149,0.6235730051994324,-0.040085695683956146,0.7096923589706421,0.6001548171043396,-0.043088022619485855,0.6925447583198547,0.6498106718063354,-0.005433807615190744,0.734095573425293,0.6392844319343567,-0.033209726214408875,0.7020868062973022,0.6660087704658508,-0.04724590852856636,0.6752706170082092,0.6809434294700623,-0.05148382484912872,0.7035381197929382,0.687187135219574,-0.0043249293230473995,0.743831217288971,0.6832224726676941,-0.034041520208120346,0.6971611380577087,0.7050978541374207,-0.04088680073618889,0.6692025661468506,0.7065322995185852,-0.03754504770040512,0.7078761458396912,0.7228107452392578,-0.008562658913433552,0.7466170787811279,0.7220880389213562,-0.03778238222002983,0.7011229395866394,0.7345815896987915,-0.03216702118515968,0.6738215088844299,0.7299791574478149,-0.020097043365240097,0.7068907618522644,0.7596849203109741,-0.014671762473881245,0.7350341081619263,0.7607277631759644,-0.033806584775447845,0.7033411860466003,0.7636139988899231,-0.029065491631627083,0.6801338195800781,0.7537375092506409,-0.019815785810351372,A
0.0,0.0,0.0,0.0,0.0,0.0,0.0,0.0,0.0,0.0,0.0,0.0,0.0,0.0,0.0,0.0,0.0,0.0,0.0,0.0,0.0,0.0,0.0,0.0,0.0,0.0,0.0,0.0,0.0,0.0,0.0,0.0,0.0,0.0,0.0,0.0,0.0,0.0,0.0,0.0,0.0,0.0,0.0,0.0,0.0,0.0,0.0,0.0,0.0,0.0,0.0,0.0,0.0,0.0,0.0,0.0,0.0,0.0,0.0,0.0,0.0,0.0,0.0,0.6052156686782837,0.7784104943275452,-4.0540183476878155e-07,0.6041688323020935,0.7196604609489441,-0.023434462025761604,0.6357764601707458,0.6599804759025574,-0.03344622626900673,0.6755704283714294,0.6259526014328003,-0.04247696325182915,0.7077304124832153,0.6012762188911438,-0.0462469719350338,0.6912026405334473,0.6495234966278076,-0.0072036865167319775,0.7336242198944092,0.6397536993026733,-0.035376787185668945,0.7009651064872742,0.6669631600379944,-0.049881864339113235,0.6740414500236511,0.6812742948532104,-0.054441094398498535,0.7022165060043335,0.686635434627533,-0.005655758082866669,0.7422202229499817,0.6846896409988403,-0.036221664398908615,0.695330023765564,0.7069228291511536,-0.04363284632563591,0.6673711538314819,0.7075900435447693,-0.04060802981257439,0.7069488167762756,0.7217161655426025,-0.009329494088888168,0.744964599609375,0.7223991751670837,-0.03895131126046181,0.6994598507881165,0.7360246181488037,-0.03341006860136986,0.6720201373100281,0.7307732701301575,-0.021310923621058464,0.7066177129745483,0.7573999762535095,-0.014890126883983612,0.7343200445175171,0.7597297430038452,-0.03410186246037483,0.7027232646942139,0.7638972997665405,-0.02918136864900589,0.6794648766517639,0.753470778465271,-0.019726939499378204,A
0.0,0.0,0.0,0.0,0.0,0.0,0.0,0.0,0.0,0.0,0.0,0.0,0.0,0.0,0.0,0.0,0.0,0.0,0.0,0.0,0.0,0.0,0.0,0.0,0.0,0.0,0.0,0.0,0.0,0.0,0.0,0.0,0.0,0.0,0.0,0.0,0.0,0.0,0.0,0.0,0.0,0.0,0.0,0.0,0.0,0.0,0.0,0.0,0.0,0.0,0.0,0.0,0.0,0.0,0.0,0.0,0.0,0.0,0.0,0.0,0.0,0.0,0.0,0.6058882474899292,0.7780789732933044,-4.1346260104546673e-07,0.604601263999939,0.7182254195213318,-0.022813871502876282,0.6371323466300964,0.6585280299186707,-0.032409727573394775,0.676801860332489,0.6247069835662842,-0.04104522243142128,0.7086142301559448,0.6005508303642273,-0.04440304636955261,0.6920410990715027,0.6480264663696289,-0.00755698885768652,0.7345205545425415,0.6398983597755432,-0.035373568534851074,0.7002236843109131,0.6660364866256714,-0.04937677085399628,0.6734369993209839,0.6780669689178467,-0.053804267197847366,0.702741801738739,0.6853775382041931,-0.006380492355674505,0.7427374720573425,0.6844862699508667,-0.037028953433036804,0.6945950388908386,0.7057971954345703,-0.04419922083616257,0.6671026945114136,0.7050482630729675,-0.04114506393671036,0.707382082939148,0.7206518650054932,-0.010221507400274277,0.7457255125045776,0.7223103642463684,-0.04013589769601822,0.6987773776054382,0.735437273979187,-0.03426284343004227,0.6710085272789001,0.7291446924209595,-0.021967584267258644,0.7070172429084778,0.755743682384491,-0.015855764970183372,0.7351211905479431,0.7598838210105896,-0.035295818001031876,0.7027315497398376,0.7641178965568542,-0.03009004518389702,0.6792437434196472,0.7531951069831848,-0.020405344665050507,A
0.0,0.0,0.0,0.0,0.0,0.0,0.0,0.0,0.0,0.0,0.0,0.0,0.0,0.0,0.0,0.0,0.0,0.0,0.0,0.0,0.0,0.0,0.0,0.0,0.0,0.0,0.0,0.0,0.0,0.0,0.0,0.0,0.0,0.0,0.0,0.0,0.0,0.0,0.0,0.0,0.0,0.0,0.0,0.0,0.0,0.0,0.0,0.0,0.0,0.0,0.0,0.0,0.0,0.0,0.0,0.0,0.0,0.0,0.0,0.0,0.0,0.0,0.0,0.608591616153717,0.7770853638648987,-4.115528611237096e-07,0.6081442832946777,0.7195321917533875,-0.02278921939432621,0.6402879357337952,0.6607425808906555,-0.03257942199707031,0.6791761517524719,0.6274505257606506,-0.04146021232008934,0.7106585502624512,0.6012998819351196,-0.045234158635139465,0.6954311728477478,0.6489092111587524,-0.006968909874558449,0.7356024384498596,0.6402856111526489,-0.0350414402782917,0.7017492055892944,0.666591465473175,-0.050022587180137634,0.6754786968231201,0.6800909042358398,-0.05526936799287796,0.7065463662147522,0.685983419418335,-0.00609796866774559,0.7451642751693726,0.68362957239151,-0.036340925842523575,0.6981528997421265,0.70588219165802,-0.044020600616931915,0.6709664463996887,0.7073505520820618,-0.041527725756168365,0.7111361622810364,0.7214569449424744,-0.01031376700848341,0.7480136156082153,0.7212154269218445,-0.039879996329545975,0.7021011114120483,0.735088586807251,-0.034274935722351074,0.6745908856391907,0.7300684452056885,-0.022381864488124847,0.7105710506439209,0.7572848200798035,-0.016356687992811203,0.737299919128418,0.7590954303741455,-0.03581063821911812,0.7053015828132629,0.763319730758667,-0.03063679113984108,0.6817743182182312,0.7529430985450745,-0.02108420431613922,A
0.0,0.0,0.0,0.0,0.0,0.0,0.0,0.0,0.0,0.0,0.0,0.0,0.0,0.0,0.0,0.0,0.0,0.0,0.0,0.0,0.0,0.0,0.0,0.0,0.0,0.0,0.0,0.0,0.0,0.0,0.0,0.0,0.0,0.0,0.0,0.0,0.0,0.0,0.0,0.0,0.0,0.0,0.0,0.0,0.0,0.0,0.0,0.0,0.0,0.0,0.0,0.0,0.0,0.0,0.0,0.0,0.0,0.0,0.0,0.0,0.0,0.0,0.0,0.6094855070114136,0.7777338624000549,-4.139222369303752e-07,0.6081931591033936,0.7190542221069336,-0.02216695435345173,0.6412103772163391,0.6596006751060486,-0.0318867526948452,0.6806183457374573,0.6262124180793762,-0.0407555066049099,0.7123875617980957,0.6008308529853821,-0.044478852301836014,0.6958909630775452,0.6489482522010803,-0.00849191378802061,0.7377610206604004,0.6403248906135559,-0.03665924444794655,0.7031803131103516,0.6667779684066772,-0.051120560616254807,0.6762877106666565,0.6805734634399414,-0.055857423692941666,0.7069006562232971,0.6870368719100952,-0.007891342043876648,0.747295618057251,0.6849446892738342,-0.03795360028743744,0.699516236782074,0.7066222429275513,-0.044772833585739136,0.6714536547660828,0.7080093026161194,-0.04164566472172737,0.71149080991745,0.7233197093009949,-0.012195989489555359,0.7492657899856567,0.7233065366744995,-0.04128925874829292,0.7027267813682556,0.7360066175460815,-0.0348992720246315,0.6743553876876831,0.7309679388999939,-0.022476432844996452,0.7107142210006714,0.7594514489173889,-0.018278134986758232,0.7383740544319153,0.7612410187721252,-0.03718150034546852,0.7066280245780945,0.7646772861480713,-0.03148913010954857,0.6827690005302429,0.7546980977058411,-0.021572932600975037,A
0.0,0.0,0.0,0.0,0.0,0.0,0.0,0.0,0.0,0.0,0.0,0.0,0.0,0.0,0.0,0.0,0.0,0.0,0.0,0.0,0.0,0.0,0.0,0.0,0.0,0.0,0.0,0.0,0.0,0.0,0.0,0.0,0.0,0.0,0.0,0.0,0.0,0.0,0.0,0.0,0.0,0.0,0.0,0.0,0.0,0.0,0.0,0.0,0.0,0.0,0.0,0.0,0.0,0.0,0.0,0.0,0.0,0.0,0.0,0.0,0.0,0.0,0.0,0.6093047261238098,0.7761340737342834,-4.0115847355082224e-07,0.6095211505889893,0.7173815965652466,-0.02311042509973049,0.6428613066673279,0.6591542959213257,-0.033165983855724335,0.6827561855316162,0.626102864742279,-0.04218494892120361,0.7142848968505859,0.5990163087844849,-0.04610530659556389,0.6969370245933533,0.6478093862533569,-0.009086748585104942,0.7396138906478882,0.6407068371772766,-0.03736370429396629,0.7056346535682678,0.666547954082489,-0.05213434621691704,0.6781865954399109,0.6793845295906067,-0.057233888655900955,0.707744836807251,0.6861011385917664,-0.008216975256800652,0.7485421895980835,0.6844075918197632,-0.0386999137699604,0.700782060623169,0.7059754729270935,-0.04613927751779556,0.6712890863418579,0.7072092294692993,-0.043494127690792084,0.7120321989059448,0.7226428389549255,-0.012344375252723694,0.7514391541481018,0.7226296663284302,-0.0418204702436924,0.70457923412323,0.7351114153862,-0.035950809717178345,0.6746397018432617,0.7297230958938599,-0.023936279118061066,0.7106622457504272,0.759064793586731,-0.01834087073802948,0.7381308674812317,0.7614427804946899,-0.03807973116636276,0.7060338258743286,0.7646925449371338,-0.033185649663209915,0.681739866733551,0.7543797492980957,-0.02384655550122261,A
0.0,0.0,0.0,0.0,0.0,0.0,0.0,0.0,0.0,0.0,0.0,0.0,0.0,0.0,0.0,0.0,0.0,0.0,0.0,0.0,0.0,0.0,0.0,0.0,0.0,0.0,0.0,0.0,0.0,0.0,0.0,0.0,0.0,0.0,0.0,0.0,0.0,0.0,0.0,0.0,0.0,0.0,0.0,0.0,0.0,0.0,0.0,0.0,0.0,0.0,0.0,0.0,0.0,0.0,0.0,0.0,0.0,0.0,0.0,0.0,0.0,0.0,0.0,0.6070396900177002,0.7783290147781372,-3.835978361621528e-07,0.6079734563827515,0.7202211618423462,-0.026663877069950104,0.6406276226043701,0.6612528562545776,-0.038161370903253555,0.6806954741477966,0.6265413761138916,-0.04803466796875,0.7146396636962891,0.6023305654525757,-0.052427154034376144,0.697371780872345,0.6476935148239136,-0.008981150574982166,0.7398444414138794,0.6419036984443665,-0.03828177601099014,0.7063019871711731,0.6683279275894165,-0.05429606884717941,0.6787470579147339,0.6808081865310669,-0.060070257633924484,0.7087157368659973,0.6858813166618347,-0.0058992416597902775,0.7488774657249451,0.6868110299110413,-0.03719738870859146,0.7016292214393616,0.7092692255973816,-0.04572783038020134,0.6725220084190369,0.7093263268470764,-0.043580878525972366,0.7133357524871826,0.7224845290184021,-0.008317787200212479,0.751032829284668,0.7250098586082458,-0.038928136229515076,0.7046512961387634,0.7383237481117249,-0.03398602455854416,0.6753186583518982,0.7322078943252563,-0.02218307927250862,0.7121805548667908,0.7592664957046509,-0.012875075452029705,0.7387934923171997,0.7626563906669617,-0.033388085663318634,0.7065699100494385,0.7662773728370667,-0.029142899438738823,0.682133138179779,0.7549616098403931,-0.01996074989438057,A
0.0,0.0,0.0,0.0,0.0,0.0,0.0,0.0,0.0,0.0,0.0,0.0,0.0,0.0,0.0,0.0,0.0,0.0,0.0,0.0,0.0,0.0,0.0,0.0,0.0,0.0,0.0,0.0,0.0,0.0,0.0,0.0,0.0,0.0,0.0,0.0,0.0,0.0,0.0,0.0,0.0,0.0,0.0,0.0,0.0,0.0,0.0,0.0,0.0,0.0,0.0,0.0,0.0,0.0,0.0,0.0,0.0,0.0,0.0,0.0,0.0,0.0,0.0,0.6058890223503113,0.7807079553604126,-3.9719373035040917e-07,0.607675313949585,0.7213175296783447,-0.02520117349922657,0.6403480768203735,0.6621758341789246,-0.035825666040182114,0.6806656718254089,0.6281721591949463,-0.04527079686522484,0.7139849066734314,0.6028530597686768,-0.04927929863333702,0.6969500184059143,0.6493535041809082,-0.006634986959397793,0.7390274405479431,0.642691433429718,-0.0355132594704628,0.7048205733299255,0.6690270900726318,-0.05142853409051895,0.6773211359977722,0.681149959564209,-0.05724296718835831,0.708111584186554,0.6870359182357788,-0.004519212990999222,0.7484280467033386,0.686954915523529,-0.036143943667411804,0.7004296183586121,0.7093093395233154,-0.04490117356181145,0.6705983281135559,0.7093294262886047,-0.04278983920812607,0.7124798893928528,0.7230919003486633,-0.007886112667620182,0.7509782910346985,0.7247177958488464,-0.03874931484460831,0.703899621963501,0.7377352118492126,-0.034079261124134064,0.6733980178833008,0.7312542200088501,-0.022349035367369652,0.7111805081367493,0.7594216465950012,-0.013311502523720264,0.7378997206687927,0.762499988079071,-0.03400746360421181,0.7052793502807617,0.7654445171356201,-0.030013296753168106,0.6801354885101318,0.7533866763114929,-0.020993851125240326,A
0.0,0.0,0.0,0.0,0.0,0.0,0.0,0.0,0.0,0.0,0.0,0.0,0.0,0.0,0.0,0.0,0.0,0.0,0.0,0.0,0.0,0.0,0.0,0.0,0.0,0.0,0.0,0.0,0.0,0.0,0.0,0.0,0.0,0.0,0.0,0.0,0.0,0.0,0.0,0.0,0.0,0.0,0.0,0.0,0.0,0.0,0.0,0.0,0.0,0.0,0.0,0.0,0.0,0.0,0.0,0.0,0.0,0.0,0.0,0.0,0.0,0.0,0.0,0.6069986820220947,0.7823658585548401,-3.983560930009844e-07,0.6081977486610413,0.7224497199058533,-0.02450806088745594,0.641473114490509,0.6627435684204102,-0.03486265987157822,0.6816675066947937,0.6287708282470703,-0.04419591650366783,0.7148279547691345,0.6031591892242432,-0.04826454818248749,0.6970311403274536,0.6492807269096375,-0.007057027891278267,0.7388452291488647,0.6432209610939026,-0.03591085597872734,0.7050854563713074,0.6698362827301025,-0.0518750362098217,0.6771448850631714,0.6824142932891846,-0.05762301757931709,0.7083241939544678,0.6872426867485046,-0.005136690102517605,0.7482596635818481,0.6880121231079102,-0.03648372367024422,0.7004069685935974,0.7110112905502319,-0.04493226110935211,0.6699919700622559,0.7116901278495789,-0.042656317353248596,0.7127072215080261,0.7235317826271057,-0.008555830456316471,0.7510482668876648,0.7257087230682373,-0.03906623646616936,0.704405665397644,0.7391964197158813,-0.0341947078704834,0.6735565066337585,0.7330379486083984,-0.022359462454915047,0.7112858891487122,0.7597161531448364,-0.013951713219285011,0.7394390106201172,0.7634705305099487,-0.034280210733413696,0.7076018452644348,0.7668354511260986,-0.029968557879328728,0.6822522878646851,0.7549160718917847,-0.020723843947052956,A
0.0,0.0,0.0,0.0,0.0,0.0,0.0,0.0,0.0,0.0,0.0,0.0,0.0,0.0,0.0,0.0,0.0,0.0,0.0,0.0,0.0,0.0,0.0,0.0,0.0,0.0,0.0,0.0,0.0,0.0,0.0,0.0,0.0,0.0,0.0,0.0,0.0,0.0,0.0,0.0,0.0,0.0,0.0,0.0,0.0,0.0,0.0,0.0,0.0,0.0,0.0,0.0,0.0,0.0,0.0,0.0,0.0,0.0,0.0,0.0,0.0,0.0,0.0,0.6119621992111206,0.7817177772521973,-3.927751492938114e-07,0.6107544898986816,0.7241319417953491,-0.024911142885684967,0.6434979438781738,0.6642059087753296,-0.035819731652736664,0.6838792562484741,0.6320338845252991,-0.04546450823545456,0.7170379161834717,0.6085749864578247,-0.04980321601033211,0.6988843679428101,0.6534908413887024,-0.008662772364914417,0.7396556735038757,0.6469606757164001,-0.03876926004886627,0.7069001197814941,0.6714054942131042,-0.055075448006391525,0.6807657480239868,0.6835222840309143,-0.06096842512488365,0.7096675634384155,0.6914713382720947,-0.007208432536572218,0.7504981160163879,0.6941530704498291,-0.03988378494977951,0.7025280594825745,0.7143047451972961,-0.04831216484308243,0.6751671433448792,0.7133303880691528,-0.04580836370587349,0.7139603495597839,0.7270119190216064,-0.011155371554195881,0.7503242492675781,0.7329723834991455,-0.042746834456920624,0.7040701508522034,0.7439786195755005,-0.03773307427763939,0.6777939796447754,0.7354192137718201,-0.025764888152480125,0.7132869958877563,0.7625409364700317,-0.017080651596188545,0.7407922744750977,0.7692503929138184,-0.03712744638323784,0.7091095447540283,0.7721408009529114,-0.032113488763570786,0.6867905259132385,0.7588062286376953,-0.022607864812016487,A
0.0,0.0,0.0,0.0,0.0,0.0,0.0,0.0,0.0,0.0,0.0,0.0,0.0,0.0,0.0,0.0,0.0,0.0,0.0,0.0,0.0,0.0,0.0,0.0,0.0,0.0,0.0,0.0,0.0,0.0,0.0,0.0,0.0,0.0,0.0,0.0,0.0,0.0,0.0,0.0,0.0,0.0,0.0,0.0,0.0,0.0,0.0,0.0,0.0,0.0,0.0,0.0,0.0,0.0,0.0,0.0,0.0,0.0,0.0,0.0,0.0,0.0,0.0,0.6114038228988647,0.7808796763420105,-4.0519634580959973e-07,0.6089257597923279,0.724123477935791,-0.02614491805434227,0.6431353092193604,0.6653770208358765,-0.036874108016490936,0.6839529275894165,0.6334766149520874,-0.045908648520708084,0.715802788734436,0.6085420250892639,-0.049523238092660904,0.6986308693885803,0.6544981598854065,-0.011198394000530243,0.7393561005592346,0.6470931768417358,-0.040971383452415466,0.7047731280326843,0.6728958487510681,-0.05603572353720665,0.6782991886138916,0.685011625289917,-0.06101599708199501,0.7095711827278137,0.6924209594726562,-0.00885024480521679,0.7500417828559875,0.6930954456329346,-0.04208919778466225,0.7008614540100098,0.7154671549797058,-0.04993779957294464,0.673432469367981,0.7162055373191833,-0.046710770577192307,0.713973343372345,0.7278252840042114,-0.011814895085990429,0.7518287897109985,0.7315512895584106,-0.04418221861124039,0.7041063904762268,0.7443497180938721,-0.03862589970231056,0.6768178343772888,0.7376511096954346,-0.025887778028845787,0.7134249806404114,0.7629771828651428,-0.016780393198132515,0.7419147491455078,0.7689663767814636,-0.03792838007211685,0.709415853023529,0.7724058628082275,-0.0331558957695961,0.6860910654067993,0.7600183486938477,-0.023429961875081062,A
0.0,0.0,0.0,0.0,0.0,0.0,0.0,0.0,0.0,0.0,0.0,0.0,0.0,0.0,0.0,0.0,0.0,0.0,0.0,0.0,0.0,0.0,0.0,0.0,0.0,0.0,0.0,0.0,0.0,0.0,0.0,0.0,0.0,0.0,0.0,0.0,0.0,0.0,0.0,0.0,0.0,0.0,0.0,0.0,0.0,0.0,0.0,0.0,0.0,0.0,0.0,0.0,0.0,0.0,0.0,0.0,0.0,0.0,0.0,0.0,0.0,0.0,0.0,0.6096453070640564,0.7806922793388367,-3.799633248036116e-07,0.6091792583465576,0.7223397493362427,-0.025934692472219467,0.6416991353034973,0.6629844903945923,-0.03695401921868324,0.6817389130592346,0.6294514536857605,-0.04648495838046074,0.7147733569145203,0.6072390675544739,-0.05049893260002136,0.6984453797340393,0.6520646810531616,-0.008807084523141384,0.7403917908668518,0.6459249258041382,-0.03865242004394531,0.7060371041297913,0.6715238094329834,-0.054414983838796616,0.6787905097007751,0.6841548681259155,-0.05979682877659798,0.7090679407119751,0.6902554035186768,-0.006503050681203604,0.7501139044761658,0.6913907527923584,-0.03931685537099838,0.7013011574745178,0.7128905653953552,-0.04754585027694702,0.6726292967796326,0.7132973074913025,-0.044529687613248825,0.7131583094596863,0.7262164354324341,-0.00977067556232214,0.7515773773193359,0.7301545739173889,-0.04135441035032272,0.7042138576507568,0.7418692111968994,-0.03618773818016052,0.675816535949707,0.7353399991989136,-0.02375594712793827,0.7121009230613708,0.7622693181037903,-0.015145079232752323,0.7399075031280518,0.7681697010993958,-0.03576125204563141,0.7079318165779114,0.7705501317977905,-0.031416215002536774,0.6848928332328796,0.7585985064506531,-0.022015970200300217,A
0.0,0.0,0.0,0.0,0.0,0.0,0.0,0.0,0.0,0.0,0.0,0.0,0.0,0.0,0.0,0.0,0.0,0.0,0.0,0.0,0.0,0.0,0.0,0.0,0.0,0.0,0.0,0.0,0.0,0.0,0.0,0.0,0.0,0.0,0.0,0.0,0.0,0.0,0.0,0.0,0.0,0.0,0.0,0.0,0.0,0.0,0.0,0.0,0.0,0.0,0.0,0.0,0.0,0.0,0.0,0.0,0.0,0.0,0.0,0.0,0.0,0.0,0.0,0.6093197464942932,0.784304678440094,-4.0511775978302467e-07,0.6065138578414917,0.7256395816802979,-0.025172196328639984,0.6418939828872681,0.6655540466308594,-0.035150978714227676,0.6834090352058411,0.632404625415802,-0.04367036744952202,0.7154843807220459,0.6067386269569397,-0.04651562497019768,0.6962348222732544,0.654747486114502,-0.01033293828368187,0.740694522857666,0.6480088233947754,-0.039789918810129166,0.7051602005958557,0.6737648248672485,-0.05408845841884613,0.6786153316497803,0.684868574142456,-0.05854480341076851,0.7072157859802246,0.6927473545074463,-0.008423041552305222,0.7507486343383789,0.6934781074523926,-0.041513342410326004,0.7011500000953674,0.7153575420379639,-0.04864949733018875,0.6738547682762146,0.714816689491272,-0.04493359848856926,0.7120438814163208,0.7282424569129944,-0.011776122264564037,0.7518499493598938,0.7311417460441589,-0.04331048205494881,0.703766405582428,0.7440952062606812,-0.03661065921187401,0.6766042709350586,0.7369330525398254,-0.023335307836532593,0.7120699882507324,0.7630622386932373,-0.0171985924243927,0.7408590316772461,0.7683831453323364,-0.03725612908601761,0.7083591222763062,0.771819531917572,-0.0318136066198349,0.6856948733329773,0.7595256567001343,-0.02186078019440174,A
0.0,0.0,0.0,0.0,0.0,0.0,0.0,0.0,0.0,0.0,0.0,0.0,0.0,0.0,0.0,0.0,0.0,0.0,0.0,0.0,0.0,0.0,0.0,0.0,0.0,0.0,0.0,0.0,0.0,0.0,0.0,0.0,0.0,0.0,0.0,0.0,0.0,0.0,0.0,0.0,0.0,0.0,0.0,0.0,0.0,0.0,0.0,0.0,0.0,0.0,0.0,0.0,0.0,0.0,0.0,0.0,0.0,0.0,0.0,0.0,0.0,0.0,0.0,0.61070317029953,0.7836629152297974,-4.0762898834145744e-07,0.60880446434021,0.7243670225143433,-0.024619299918413162,0.6433707475662231,0.6653783321380615,-0.03473644703626633,0.6848105192184448,0.633105456829071,-0.04345966503024101,0.7167460918426514,0.6064395904541016,-0.046766247600317,0.6981149315834045,0.6545308232307434,-0.00981704518198967,0.7406748533248901,0.6487454175949097,-0.038991667330265045,0.7051079273223877,0.6743755340576172,-0.05370707809925079,0.6780608296394348,0.6859474778175354,-0.05848816782236099,0.7087788581848145,0.6927312612533569,-0.008097207173705101,0.7504779696464539,0.6928190588951111,-0.04030260443687439,0.7011194229125977,0.7152574062347412,-0.047371622174978256,0.6734080910682678,0.7164416909217834,-0.04387829452753067,0.7133696675300598,0.7284548282623291,-0.011608486995100975,0.7526423931121826,0.7306101322174072,-0.04242786765098572,0.7049642205238342,0.7438506484031677,-0.03584581986069679,0.6771607995033264,0.7380787134170532,-0.02285669557750225,0.713229775428772,0.763897180557251,-0.01712377741932869,0.7421874403953552,0.7679554224014282,-0.03676703944802284,0.7095643281936646,0.7714141607284546,-0.031161116436123848,0.6861429214477539,0.7599385976791382,-0.021165646612644196,A
0.0,0.0,0.0,0.0,0.0,0.0,0.0,0.0,0.0,0.0,0.0,0.0,0.0,0.0,0.0,0.0,0.0,0.0,0.0,0.0,0.0,0.0,0.0,0.0,0.0,0.0,0.0,0.0,0.0,0.0,0.0,0.0,0.0,0.0,0.0,0.0,0.0,0.0,0.0,0.0,0.0,0.0,0.0,0.0,0.0,0.0,0.0,0.0,0.0,0.0,0.0,0.0,0.0,0.0,0.0,0.0,0.0,0.0,0.0,0.0,0.0,0.0,0.0,0.6114474534988403,0.7838167548179626,-4.1278863704974356e-07,0.608805775642395,0.7247920036315918,-0.02557331509888172,0.6446362137794495,0.665778398513794,-0.03579564020037651,0.6863316893577576,0.6331033110618591,-0.04430774971842766,0.7177889347076416,0.6062285900115967,-0.04734762758016586,0.6995585560798645,0.6547593474388123,-0.01141836866736412,0.7419244050979614,0.6487871408462524,-0.0409759059548378,0.7056612372398376,0.6748846769332886,-0.055508192628622055,0.6787029504776001,0.6856828927993774,-0.06010399013757706,0.7102105617523193,0.6930840015411377,-0.009393536485731602,0.7525445222854614,0.69354248046875,-0.042161040008068085,0.7028002142906189,0.7158540487289429,-0.04935389384627342,0.6751890778541565,0.7155949473381042,-0.0457460880279541,0.7149059772491455,0.7286183834075928,-0.012595610693097115,0.7543482184410095,0.7318100333213806,-0.04413706436753273,0.7060624361038208,0.745039165019989,-0.037713054567575455,0.678542971611023,0.7379428744316101,-0.02462823875248432,0.7145923972129822,0.763205349445343,-0.01783822476863861,0.7427033185958862,0.7688358426094055,-0.03802479803562164,0.709865927696228,0.7729136943817139,-0.03263566642999649,0.6871446371078491,0.7610960006713867,-0.022649448364973068,A
0.0,0.0,0.0,0.0,0.0,0.0,0.0,0.0,0.0,0.0,0.0,0.0,0.0,0.0,0.0,0.0,0.0,0.0,0.0,0.0,0.0,0.0,0.0,0.0,0.0,0.0,0.0,0.0,0.0,0.0,0.0,0.0,0.0,0.0,0.0,0.0,0.0,0.0,0.0,0.0,0.0,0.0,0.0,0.0,0.0,0.0,0.0,0.0,0.0,0.0,0.0,0.0,0.0,0.0,0.0,0.0,0.0,0.0,0.0,0.0,0.0,0.0,0.0,0.6113439202308655,0.7836902141571045,-4.0306969140146975e-07,0.6108011603355408,0.7245100140571594,-0.024730395525693893,0.6458101868629456,0.6664069294929504,-0.03497716784477234,0.68658447265625,0.63429856300354,-0.043903619050979614,0.7182585597038269,0.6088281869888306,-0.04760237783193588,0.7014378309249878,0.6571914553642273,-0.009524064138531685,0.7425347566604614,0.6514361500740051,-0.03859293460845947,0.7071516513824463,0.6764379739761353,-0.05411728098988533,0.6791825294494629,0.6880188584327698,-0.05955778434872627,0.711524248123169,0.6949033141136169,-0.007877575233578682,0.7525787949562073,0.6943511366844177,-0.03962741792201996,0.7042141556739807,0.7157750725746155,-0.0475701168179512,0.6750203371047974,0.7170130610466003,-0.044764380902051926,0.715412437915802,0.730301558971405,-0.011445527896285057,0.7540877461433411,0.7322288155555725,-0.04209084436297417,0.7071669101715088,0.7445134520530701,-0.03659876808524132,0.6780421733856201,0.7385796308517456,-0.024290604516863823,0.7140906453132629,0.7653273940086365,-0.017026595771312714,0.7429236769676208,0.7698509097099304,-0.03713162615895271,0.7110589146614075,0.7727261185646057,-0.03224806860089302,0.686804473400116,0.7613050937652588,-0.02262798696756363,A
0.0,0.0,0.0,0.0,0.0,0.0,0.0,0.0,0.0,0.0,0.0,0.0,0.0,0.0,0.0,0.0,0.0,0.0,0.0,0.0,0.0,0.0,0.0,0.0,0.0,0.0,0.0,0.0,0.0,0.0,0.0,0.0,0.0,0.0,0.0,0.0,0.0,0.0,0.0,0.0,0.0,0.0,0.0,0.0,0.0,0.0,0.0,0.0,0.0,0.0,0.0,0.0,0.0,0.0,0.0,0.0,0.0,0.0,0.0,0.0,0.0,0.0,0.0,0.613102376461029,0.7817220687866211,-4.00279333234721e-07,0.6131579279899597,0.7206454873085022,-0.023476410657167435,0.6491456627845764,0.6628599762916565,-0.03331805020570755,0.6904348134994507,0.6322513818740845,-0.04213225841522217,0.7214155793190002,0.604485273361206,-0.045766185969114304,0.7041255831718445,0.653356671333313,-0.008507752791047096,0.745978593826294,0.6493667960166931,-0.037707604467868805,0.710338830947876,0.6753391027450562,-0.05309149622917175,0.6824268698692322,0.6872039437294006,-0.05827593803405762,0.7138914465904236,0.692020833492279,-0.00759256212040782,0.7554264664649963,0.69379723072052,-0.03966468572616577,0.7058898210525513,0.7151537537574768,-0.0475122444331646,0.6760079860687256,0.715465247631073,-0.0444539450109005,0.7176582217216492,0.728244423866272,-0.011858316138386726,0.7567122578620911,0.731817901134491,-0.042596686631441116,0.7085891962051392,0.7437779903411865,-0.03688383102416992,0.6790180206298828,0.7369255423545837,-0.024385835975408554,0.7161502242088318,0.7639357447624207,-0.018030017614364624,0.7437754273414612,0.7694260478019714,-0.038044944405555725,0.7107070684432983,0.771285891532898,-0.03305927291512489,0.6865295767784119,0.7583239078521729,-0.023382043465971947,A
0.0,0.0,0.0,0.0,0.0,0.0,0.0,0.0,0.0,0.0,0.0,0.0,0.0,0.0,0.0,0.0,0.0,0.0,0.0,0.0,0.0,0.0,0.0,0.0,0.0,0.0,0.0,0.0,0.0,0.0,0.0,0.0,0.0,0.0,0.0,0.0,0.0,0.0,0.0,0.0,0.0,0.0,0.0,0.0,0.0,0.0,0.0,0.0,0.0,0.0,0.0,0.0,0.0,0.0,0.0,0.0,0.0,0.0,0.0,0.0,0.0,0.0,0.0,0.6126829385757446,0.7834275960922241,-3.952268627926969e-07,0.6141993999481201,0.7251109480857849,-0.023618625476956367,0.6499168872833252,0.6673617362976074,-0.033717621117830276,0.6901353597640991,0.6348387002944946,-0.042817309498786926,0.7224932909011841,0.6088210940361023,-0.04695510491728783,0.7034950256347656,0.6556332111358643,-0.008138665929436684,0.7447367310523987,0.6498189568519592,-0.037368759512901306,0.7116367220878601,0.6761429309844971,-0.053564030677080154,0.6834290623664856,0.6891483664512634,-0.059179697185754776,0.7138079404830933,0.6935455799102783,-0.006774125620722771,0.7542972564697266,0.6937711238861084,-0.0379444845020771,0.7074077129364014,0.7161692380905151,-0.04612105339765549,0.6775188446044922,0.7181908488273621,-0.043485116213560104,0.7181264162063599,0.7298138737678528,-0.010595416650176048,0.7559248208999634,0.7327009439468384,-0.040407706052064896,0.7102922201156616,0.7451310157775879,-0.03521006926894188,0.6809154152870178,0.7396266460418701,-0.023169226944446564,0.7170773148536682,0.7653899788856506,-0.01635824702680111,0.7453124523162842,0.7699198722839355,-0.035698793828487396,0.7141540050506592,0.7728947401046753,-0.030700238421559334,0.689942479133606,0.7620356678962708,-0.0209950041025877,A
0.0,0.0,0.0,0.0,0.0,0.0,0.0,0.0,0.0,0.0,0.0,0.0,0.0,0.0,0.0,0.0,0.0,0.0,0.0,0.0,0.0,0.0,0.0,0.0,0.0,0.0,0.0,0.0,0.0,0.0,0.0,0.0,0.0,0.0,0.0,0.0,0.0,0.0,0.0,0.0,0.0,0.0,0.0,0.0,0.0,0.0,0.0,0.0,0.0,0.0,0.0,0.0,0.0,0.0,0.0,0.0,0.0,0.0,0.0,0.0,0.0,0.0,0.0,0.6163697838783264,0.7876360416412354,-4.2678877321122854e-07,0.6129670143127441,0.7295536398887634,-0.02372533641755581,0.6505851745605469,0.667938232421875,-0.032708317041397095,0.6928303837776184,0.633812427520752,-0.04045901075005531,0.7246665358543396,0.6068149209022522,-0.04285997524857521,0.7038760781288147,0.6551308631896973,-0.008349460549652576,0.7468198537826538,0.6484264731407166,-0.038035981357097626,0.7117195129394531,0.6751378178596497,-0.05226363241672516,0.6854684948921204,0.6875201463699341,-0.05611139535903931,0.714022159576416,0.6931134462356567,-0.006943375803530216,0.756563663482666,0.695482611656189,-0.039371341466903687,0.7062094211578369,0.716684103012085,-0.04554220288991928,0.6793901920318604,0.7151682376861572,-0.04078513756394386,0.7187092304229736,0.7283481359481812,-0.01097380742430687,0.7569114565849304,0.7331923246383667,-0.04238545149564743,0.7079935669898987,0.7456632256507874,-0.03569631278514862,0.6823388338088989,0.7378158569335938,-0.022161979228258133,0.7191000580787659,0.7631003260612488,-0.016876740381121635,0.7461695671081543,0.7689392566680908,-0.03603239357471466,0.7124655246734619,0.7735947966575623,-0.029914384707808495,0.6913093328475952,0.7621452212333679,-0.019373532384634018,A
0.0,0.0,0.0,0.0,0.0,0.0,0.0,0.0,0.0,0.0,0.0,0.0,0.0,0.0,0.0,0.0,0.0,0.0,0.0,0.0,0.0,0.0,0.0,0.0,0.0,0.0,0.0,0.0,0.0,0.0,0.0,0.0,0.0,0.0,0.0,0.0,0.0,0.0,0.0,0.0,0.0,0.0,0.0,0.0,0.0,0.0,0.0,0.0,0.0,0.0,0.0,0.0,0.0,0.0,0.0,0.0,0.0,0.0,0.0,0.0,0.0,0.0,0.0,0.61737459897995,0.7852694988250732,-4.2413336132085533e-07,0.6138427257537842,0.7286613583564758,-0.02506609447300434,0.6509653329849243,0.6679985523223877,-0.03473253175616264,0.692812979221344,0.6344420909881592,-0.04270997270941734,0.7242098450660706,0.606829047203064,-0.04530695825815201,0.7047272324562073,0.652786135673523,-0.010383830405771732,0.7458806037902832,0.6480696201324463,-0.04076292738318443,0.7098057270050049,0.6754534244537354,-0.055335935205221176,0.683758020401001,0.6876507997512817,-0.05940082669258118,0.7149868607521057,0.6909381151199341,-0.008504998870193958,0.7564657330513,0.6924954056739807,-0.04177577421069145,0.7052325010299683,0.715465784072876,-0.04817313700914383,0.6787112355232239,0.7146539092063904,-0.043386153876781464,0.7197127938270569,0.7269245982170105,-0.01204492338001728,0.7578186392784119,0.7308140993118286,-0.044052790850400925,0.7083446979522705,0.7449932098388672,-0.036759521812200546,0.682930052280426,0.7378635406494141,-0.022675611078739166,0.7196564078330994,0.7623091340065002,-0.017532767727971077,0.7462844252586365,0.7678937315940857,-0.03726744279265404,0.7120192646980286,0.7734967470169067,-0.030785180628299713,0.6909880638122559,0.7620236873626709,-0.019814591854810715,A
0.0,0.0,0.0,0.0,0.0,0.0,0.0,0.0,0.0,0.0,0.0,0.0,0.0,0.0,0.0,0.0,0.0,0.0,0.0,0.0,0.0,0.0,0.0,0.0,0.0,0.0,0.0,0.0,0.0,0.0,0.0,0.0,0.0,0.0,0.0,0.0,0.0,0.0,0.0,0.0,0.0,0.0,0.0,0.0,0.0,0.0,0.0,0.0,0.0,0.0,0.0,0.0,0.0,0.0,0.0,0.0,0.0,0.0,0.0,0.0,0.0,0.0,0.0,0.6181989312171936,0.7860127687454224,-4.2026312030429835e-07,0.6142577528953552,0.7286144495010376,-0.024390093982219696,0.6505800485610962,0.667975902557373,-0.033704888075590134,0.691993236541748,0.6342983245849609,-0.04148144647479057,0.7233737707138062,0.6073951721191406,-0.0440143458545208,0.7046945095062256,0.6543710231781006,-0.009265911765396595,0.7458679676055908,0.6484103202819824,-0.03860348090529442,0.7108670473098755,0.6754510402679443,-0.053221628069877625,0.684478223323822,0.6874445676803589,-0.05763831362128258,0.7153874635696411,0.6922900080680847,-0.007544710300862789,0.7566239237785339,0.6930896639823914,-0.03983454033732414,0.707233190536499,0.7161008715629578,-0.0468096099793911,0.6798710823059082,0.7159146070480347,-0.04281047359108925,0.7202367782592773,0.7278661131858826,-0.011066444218158722,0.7579004168510437,0.7309006452560425,-0.04216199740767479,0.7098997831344604,0.7452594637870789,-0.0355999730527401,0.6833601593971252,0.7384706735610962,-0.022359004244208336,0.7201780676841736,0.7627118825912476,-0.016516609117388725,0.7463116645812988,0.7678085565567017,-0.036184560507535934,0.7128210663795471,0.7734664082527161,-0.03027539886534214,0.6907815933227539,0.7622233033180237,-0.01983640156686306,A
0.0,0.0,0.0,0.0,0.0,0.0,0.0,0.0,0.0,0.0,0.0,0.0,0.0,0.0,0.0,0.0,0.0,0.0,0.0,0.0,0.0,0.0,0.0,0.0,0.0,0.0,0.0,0.0,0.0,0.0,0.0,0.0,0.0,0.0,0.0,0.0,0.0,0.0,0.0,0.0,0.0,0.0,0.0,0.0,0.0,0.0,0.0,0.0,0.0,0.0,0.0,0.0,0.0,0.0,0.0,0.0,0.0,0.0,0.0,0.0,0.0,0.0,0.0,0.6171067357063293,0.7866257429122925,-4.0834672176970344e-07,0.6135313510894775,0.7300097346305847,-0.027634931728243828,0.6494930982589722,0.6694581508636475,-0.03801664710044861,0.6914902329444885,0.6349632740020752,-0.046289317309856415,0.72376549243927,0.6076122522354126,-0.0490194596350193,0.70479416847229,0.6546480655670166,-0.01010171975940466,0.7455872893333435,0.6489995718002319,-0.040683623403310776,0.7100448608398438,0.6758469343185425,-0.056042347103357315,0.6835732460021973,0.6873021125793457,-0.06073072552680969,0.7153974771499634,0.692306399345398,-0.006903885398060083,0.7562809586524963,0.6928553581237793,-0.04046984016895294,0.7062704563140869,0.7159614562988281,-0.047935906797647476,0.6792525053024292,0.7155546545982361,-0.04388276860117912,0.720148503780365,0.7277101278305054,-0.009451880119740963,0.7581687569618225,0.7304124236106873,-0.04219438135623932,0.7093366980552673,0.7449458837509155,-0.035997357219457626,0.6827468276023865,0.7384032607078552,-0.022426126524806023,0.7201099395751953,0.7629064321517944,-0.01415941584855318,0.7465158104896545,0.7673465013504028,-0.03514575585722923,0.7125805616378784,0.7728733420372009,-0.02964692749083042,0.6903239488601685,0.7617234587669373,-0.019046690315008163,A
0.0,0.0,0.0,0.0,0.0,0.0,0.0,0.0,0.0,0.0,0.0,0.0,0.0,0.0,0.0,0.0,0.0,0.0,0.0,0.0,0.0,0.0,0.0,0.0,0.0,0.0,0.0,0.0,0.0,0.0,0.0,0.0,0.0,0.0,0.0,0.0,0.0,0.0,0.0,0.0,0.0,0.0,0.0,0.0,0.0,0.0,0.0,0.0,0.0,0.0,0.0,0.0,0.0,0.0,0.0,0.0,0.0,0.0,0.0,0.0,0.0,0.0,0.0,0.6198553442955017,0.7850903868675232,-4.0973782233777456e-07,0.6148302555084229,0.7287718057632446,-0.026522967964410782,0.6502483487129211,0.6664997935295105,-0.03661815822124481,0.6923564076423645,0.632695198059082,-0.04488632455468178,0.7245166897773743,0.6066385507583618,-0.04777761548757553,0.7057157158851624,0.6530611515045166,-0.010040457360446453,0.7461051344871521,0.6459304690361023,-0.04046591743826866,0.7111541032791138,0.6730954051017761,-0.05590789392590523,0.6848875284194946,0.6868434548377991,-0.06063806265592575,0.7161881923675537,0.6909273266792297,-0.007418097462505102,0.7575929760932922,0.6913265585899353,-0.041421081870794296,0.7075486779212952,0.7142916917800903,-0.04898805916309357,0.6791293025016785,0.715192973613739,-0.044760603457689285,0.7210071086883545,0.7260726094245911,-0.0103995893150568,0.7586373686790466,0.7289934158325195,-0.04296283796429634,0.7099888324737549,0.7427328824996948,-0.036928556859493256,0.6827868819236755,0.7361925840377808,-0.02340126782655716,0.7210996150970459,0.7609947919845581,-0.015456383116543293,0.7473266124725342,0.7652584314346313,-0.03614632040262222,0.7139559984207153,0.770750105381012,-0.030688297003507614,0.6917435526847839,0.7597503066062927,-0.020182523876428604,A
0.0,0.0,0.0,0.0,0.0,0.0,0.0,0.0,0.0,0.0,0.0,0.0,0.0,0.0,0.0,0.0,0.0,0.0,0.0,0.0,0.0,0.0,0.0,0.0,0.0,0.0,0.0,0.0,0.0,0.0,0.0,0.0,0.0,0.0,0.0,0.0,0.0,0.0,0.0,0.0,0.0,0.0,0.0,0.0,0.0,0.0,0.0,0.0,0.0,0.0,0.0,0.0,0.0,0.0,0.0,0.0,0.0,0.0,0.0,0.0,0.0,0.0,0.0,0.6176324486732483,0.7830443382263184,-4.0753457142272964e-07,0.614794135093689,0.7266476154327393,-0.026973607018589973,0.651160478591919,0.6666790843009949,-0.03719671443104744,0.692681610584259,0.6334296464920044,-0.045463573187589645,0.7242279052734375,0.6052363514900208,-0.04812486097216606,0.7070459723472595,0.6520369052886963,-0.009119263850152493,0.7458022236824036,0.6477397084236145,-0.039365146309137344,0.709801197052002,0.6747207641601562,-0.05466938391327858,0.6839913725852966,0.6864984035491943,-0.05944019928574562,0.7171492576599121,0.6898776888847351,-0.006093428935855627,0.7564295530319214,0.6919906735420227,-0.039740197360515594,0.7069991827011108,0.7149919271469116,-0.04753553494811058,0.6807396411895752,0.7150996923446655,-0.04383065178990364,0.7214739918708801,0.7252060770988464,-0.008707249537110329,0.7576588988304138,0.7291614413261414,-0.040747687220573425,0.710311770439148,0.7435154914855957,-0.034597743302583694,0.6847644448280334,0.7372814416885376,-0.021339595317840576,0.7212429642677307,0.7599501609802246,-0.013477185741066933,0.7465205788612366,0.7655729651451111,-0.03341470658779144,0.7133944034576416,0.7707502245903015,-0.027839571237564087,0.6920123100280762,0.7592235803604126,-0.01746813952922821,A
0.0,0.0,0.0,0.0,0.0,0.0,0.0,0.0,0.0,0.0,0.0,0.0,0.0,0.0,0.0,0.0,0.0,0.0,0.0,0.0,0.0,0.0,0.0,0.0,0.0,0.0,0.0,0.0,0.0,0.0,0.0,0.0,0.0,0.0,0.0,0.0,0.0,0.0,0.0,0.0,0.0,0.0,0.0,0.0,0.0,0.0,0.0,0.0,0.0,0.0,0.0,0.0,0.0,0.0,0.0,0.0,0.0,0.0,0.0,0.0,0.0,0.0,0.0,0.6191636919975281,0.7846719026565552,-4.150894028498442e-07,0.6154393553733826,0.7263511419296265,-0.025172444060444832,0.6510962247848511,0.6660292148590088,-0.03460989519953728,0.6929396986961365,0.6332706809043884,-0.04257359355688095,0.7238985300064087,0.6056272983551025,-0.04504009336233139,0.7061559557914734,0.6527484059333801,-0.008012768812477589,0.7461047172546387,0.6464282274246216,-0.03767884522676468,0.7107112407684326,0.6744109392166138,-0.05240597948431969,0.684977650642395,0.6870157122612,-0.05665207281708717,0.7162508964538574,0.6906107664108276,-0.005849393084645271,0.756217360496521,0.6915785074234009,-0.03850289061665535,0.7068262100219727,0.7149543166160583,-0.04571180045604706,0.6803269982337952,0.7150205969810486,-0.041748158633708954,0.7207304239273071,0.7258224487304688,-0.009183273650705814,0.7581366300582886,0.7288816571235657,-0.040402788668870926,0.7105264663696289,0.7431336045265198,-0.03402590751647949,0.6845329999923706,0.7368302941322327,-0.020749956369400024,0.7205324769020081,0.7604451179504395,-0.014553398825228214,0.7474759221076965,0.7657158374786377,-0.033747512847185135,0.714884340763092,0.7709624171257019,-0.02783053368330002,0.693213939666748,0.7599518895149231,-0.01734062097966671,A
0.0,0.0,0.0,0.0,0.0,0.0,0.0,0.0,0.0,0.0,0.0,0.0,0.0,0.0,0.0,0.0,0.0,0.0,0.0,0.0,0.0,0.0,0.0,0.0,0.0,0.0,0.0,0.0,0.0,0.0,0.0,0.0,0.0,0.0,0.0,0.0,0.0,0.0,0.0,0.0,0.0,0.0,0.0,0.0,0.0,0.0,0.0,0.0,0.0,0.0,0.0,0.0,0.0,0.0,0.0,0.0,0.0,0.0,0.0,0.0,0.0,0.0,0.0,0.6242303252220154,0.7771716713905334,-3.95274810216506e-07,0.6258179545402527,0.7203867435455322,-0.021950367838144302,0.6618037223815918,0.6624975204467773,-0.03134715184569359,0.7012807726860046,0.6316726803779602,-0.04000772535800934,0.7324208617210388,0.6051974892616272,-0.04362587258219719,0.7140549421310425,0.6499844789505005,-0.007738959044218063,0.75553297996521,0.6416704654693604,-0.03688785806298256,0.720496654510498,0.6688745617866516,-0.05211731418967247,0.6934612989425659,0.6830081343650818,-0.05681199952960014,0.724255383014679,0.688122570514679,-0.007114066742360592,0.7661992311477661,0.687396228313446,-0.03813627362251282,0.7172130346298218,0.7101417183876038,-0.04485369473695755,0.6897585988044739,0.7119161486625671,-0.04093876853585243,0.7277055382728577,0.7239172458648682,-0.01150805689394474,0.765856921672821,0.7259973883628845,-0.040370017290115356,0.7193478941917419,0.7396255135536194,-0.03317474201321602,0.693511962890625,0.7345679402351379,-0.01994250901043415,0.7259118556976318,0.7590193152427673,-0.01773318089544773,0.7532953023910522,0.764271080493927,-0.035230688750743866,0.7214345335960388,0.7676699161529541,-0.02850698120892048,0.6996537446975708,0.7561532258987427,-0.017892425879836082,A
0.0,0.0,0.0,0.0,0.0,0.0,0.0,0.0,0.0,0.0,0.0,0.0,0.0,0.0,0.0,0.0,0.0,0.0,0.0,0.0,0.0,0.0,0.0,0.0,0.0,0.0,0.0,0.0,0.0,0.0,0.0,0.0,0.0,0.0,0.0,0.0,0.0,0.0,0.0,0.0,0.0,0.0,0.0,0.0,0.0,0.0,0.0,0.0,0.0,0.0,0.0,0.0,0.0,0.0,0.0,0.0,0.0,0.0,0.0,0.0,0.0,0.0,0.0,0.6308616399765015,0.7760096192359924,-4.093076881872548e-07,0.6326189041137695,0.717038094997406,-0.021572332829236984,0.6681414842605591,0.659455418586731,-0.030961407348513603,0.7081564664840698,0.6296773552894592,-0.039419714361429214,0.7398149371147156,0.6060939431190491,-0.04291391372680664,0.7226663827896118,0.6507741808891296,-0.007442039903253317,0.762140691280365,0.6442745923995972,-0.035482678562402725,0.7276443839073181,0.6689249873161316,-0.05046101287007332,0.7000563144683838,0.6818380355834961,-0.055098820477724075,0.7320313453674316,0.6898160576820374,-0.006788210477679968,0.772401750087738,0.6916250586509705,-0.03604229912161827,0.72525954246521,0.7119116187095642,-0.04263264313340187,0.6960793733596802,0.7128466367721558,-0.038890622556209564,0.7350227236747742,0.7258644700050354,-0.010996397584676743,0.7700425386428833,0.7303858995437622,-0.038704343140125275,0.7252107262611389,0.7420225143432617,-0.032337792217731476,0.6981003880500793,0.7369717955589294,-0.019816240295767784,0.7327337861061096,0.761102557182312,-0.016925126314163208,0.758567214012146,0.7656770348548889,-0.03382522612810135,0.7272620797157288,0.7690284252166748,-0.02730172500014305,0.7050960063934326,0.7591288089752197,-0.016808126121759415,A
0.0,0.0,0.0,0.0,0.0,0.0,0.0,0.0,0.0,0.0,0.0,0.0,0.0,0.0,0.0,0.0,0.0,0.0,0.0,0.0,0.0,0.0,0.0,0.0,0.0,0.0,0.0,0.0,0.0,0.0,0.0,0.0,0.0,0.0,0.0,0.0,0.0,0.0,0.0,0.0,0.0,0.0,0.0,0.0,0.0,0.0,0.0,0.0,0.0,0.0,0.0,0.0,0.0,0.0,0.0,0.0,0.0,0.0,0.0,0.0,0.0,0.0,0.0,0.6328754425048828,0.7777696847915649,-4.191842322143202e-07,0.6341060996055603,0.718714714050293,-0.021026821807026863,0.6713865995407104,0.6607522964477539,-0.029792919754981995,0.7119601368904114,0.6307476758956909,-0.037794288247823715,0.7432819604873657,0.6051701307296753,-0.04076850414276123,0.7256693243980408,0.6522983908653259,-0.0072478968650102615,0.7648979425430298,0.646587073802948,-0.036018554121255875,0.7292488217353821,0.672199547290802,-0.050987984985113144,0.7022265791893005,0.6849163174629211,-0.05561872571706772,0.7348096966743469,0.6911672353744507,-0.007195631042122841,0.7747195959091187,0.6936722993850708,-0.037351809442043304,0.7259278893470764,0.7140160799026489,-0.04377630725502968,0.6983654499053955,0.7139775156974792,-0.03999418392777443,0.7375476360321045,0.7274996042251587,-0.012077881954610348,0.7736570835113525,0.731597363948822,-0.04085099697113037,0.7271676659584045,0.7428330779075623,-0.03393593057990074,0.7006796598434448,0.7365327477455139,-0.021024437621235847,0.7349749803543091,0.7630057334899902,-0.01865147054195404,0.7617447376251221,0.7682614922523499,-0.036451272666454315,0.7290894389152527,0.7702392339706421,-0.029707936570048332,0.706486165523529,0.7585681080818176,-0.01899619959294796,A
0.0,0.0,0.0,0.0,0.0,0.0,0.0,0.0,0.0,0.0,0.0,0.0,0.0,0.0,0.0,0.0,0.0,0.0,0.0,0.0,0.0,0.0,0.0,0.0,0.0,0.0,0.0,0.0,0.0,0.0,0.0,0.0,0.0,0.0,0.0,0.0,0.0,0.0,0.0,0.0,0.0,0.0,0.0,0.0,0.0,0.0,0.0,0.0,0.0,0.0,0.0,0.0,0.0,0.0,0.0,0.0,0.0,0.0,0.0,0.0,0.0,0.0,0.0,0.6305585503578186,0.7822829484939575,-4.363222103620501e-07,0.6313995718955994,0.7224311232566833,-0.02301890403032303,0.671990156173706,0.6639314889907837,-0.03161857649683952,0.7140234112739563,0.6343623995780945,-0.03900786116719246,0.7442435622215271,0.6072901487350464,-0.041102804243564606,0.7240464687347412,0.655009388923645,-0.007471282500773668,0.7636348605155945,0.6514343619346619,-0.036863673478364944,0.7261224389076233,0.6767239570617676,-0.05152629315853119,0.7004506587982178,0.6878184676170349,-0.05578206479549408,0.7327566742897034,0.6934384107589722,-0.006346133537590504,0.7742267847061157,0.6981655955314636,-0.03809719160199165,0.7242211699485779,0.7169001698493958,-0.04431387037038803,0.6976946592330933,0.7161382436752319,-0.039647720754146576,0.7361570000648499,0.7281656265258789,-0.0105741610750556,0.7712427377700806,0.735684871673584,-0.04030090570449829,0.7240020036697388,0.7460602521896362,-0.03354763612151146,0.6996030807495117,0.7394086122512817,-0.020221585407853127,0.7352549433708191,0.7622592449188232,-0.01676902361214161,0.7609332799911499,0.769951581954956,-0.0340024009346962,0.7285102009773254,0.7726897597312927,-0.02758137509226799,0.7085936665534973,0.7617424130439758,-0.017087960615754128,A
0.0,0.0,0.0,0.0,0.0,0.0,0.0,0.0,0.0,0.0,0.0,0.0,0.0,0.0,0.0,0.0,0.0,0.0,0.0,0.0,0.0,0.0,0.0,0.0,0.0,0.0,0.0,0.0,0.0,0.0,0.0,0.0,0.0,0.0,0.0,0.0,0.0,0.0,0.0,0.0,0.0,0.0,0.0,0.0,0.0,0.0,0.0,0.0,0.0,0.0,0.0,0.0,0.0,0.0,0.0,0.0,0.0,0.0,0.0,0.0,0.0,0.0,0.0,0.6261954307556152,0.7746686339378357,-4.110147244773543e-07,0.6294394135475159,0.7143347859382629,-0.018105223774909973,0.6677132844924927,0.6590002775192261,-0.024563364684581757,0.7100419998168945,0.6323041319847107,-0.03079098090529442,0.7397398948669434,0.6058263182640076,-0.032619208097457886,0.7196292281150818,0.6529672741889954,-0.00241380394436419,0.7601919770240784,0.6458770632743835,-0.027689388021826744,0.7280822992324829,0.6673035025596619,-0.041658200323581696,0.7001781463623047,0.681739866733551,-0.045908547937870026,0.7283688187599182,0.6920995116233826,-0.0027904235757887363,0.7688813209533691,0.6930235624313354,-0.02903766743838787,0.7232685685157776,0.7091057300567627,-0.035094182938337326,0.6928156018257141,0.7120348215103149,-0.03156447783112526,0.7304565906524658,0.7279917001724243,-0.007903422228991985,0.7670961618423462,0.7321290373802185,-0.03200831264257431,0.7243489027023315,0.7388580441474915,-0.026389239355921745,0.6967616081237793,0.7351285815238953,-0.015383043326437473,0.7270419001579285,0.7631299495697021,-0.014726661145687103,0.7535187005996704,0.7682336568832397,-0.029392626136541367,0.7234538793563843,0.7675086259841919,-0.023770509287714958,0.7015532851219177,0.7590800523757935,-0.014704524539411068,A
0.0,0.0,0.0,0.0,0.0,0.0,0.0,0.0,0.0,0.0,0.0,0.0,0.0,0.0,0.0,0.0,0.0,0.0,0.0,0.0,0.0,0.0,0.0,0.0,0.0,0.0,0.0,0.0,0.0,0.0,0.0,0.0,0.0,0.0,0.0,0.0,0.0,0.0,0.0,0.0,0.0,0.0,0.0,0.0,0.0,0.0,0.0,0.0,0.0,0.0,0.0,0.0,0.0,0.0,0.0,0.0,0.0,0.0,0.0,0.0,0.0,0.0,0.0,0.6235696077346802,0.7744671106338501,-3.78733318484592e-07,0.6255078911781311,0.7138405442237854,-0.014955486170947552,0.6597684621810913,0.6550408601760864,-0.021173853427171707,0.6986042261123657,0.6271154880523682,-0.027929114177823067,0.7281538844108582,0.6036578416824341,-0.03101501427590847,0.7118852138519287,0.6504144072532654,-0.001100761815905571,0.7497591972351074,0.6386734247207642,-0.02533629722893238,0.7237513661384583,0.6571527719497681,-0.03958669304847717,0.6985309720039368,0.6717009544372559,-0.044470980763435364,0.7210253477096558,0.6878165006637573,-0.003103624563664198,0.7594177722930908,0.6847910284996033,-0.027612656354904175,0.7180971503257751,0.697663426399231,-0.033845871686935425,0.6890624761581421,0.7008563280105591,-0.03119640424847603,0.7236977815628052,0.7227328419685364,-0.009483913891017437,0.7564619779586792,0.7238346338272095,-0.03286527469754219,0.7163949608802795,0.7279025316238403,-0.028801074251532555,0.6896846890449524,0.7243857979774475,-0.01928158663213253,0.7208935618400574,0.7577199935913086,-0.017201896756887436,0.7452002763748169,0.758979320526123,-0.03163781762123108,0.7163504362106323,0.7570988535881042,-0.026559626683592796,0.6940385103225708,0.7492005825042725,-0.018184829503297806,A
0.0,0.0,0.0,0.0,0.0,0.0,0.0,0.0,0.0,0.0,0.0,0.0,0.0,0.0,0.0,0.0,0.0,0.0,0.0,0.0,0.0,0.0,0.0,0.0,0.0,0.0,0.0,0.0,0.0,0.0,0.0,0.0,0.0,0.0,0.0,0.0,0.0,0.0,0.0,0.0,0.0,0.0,0.0,0.0,0.0,0.0,0.0,0.0,0.0,0.0,0.0,0.0,0.0,0.0,0.0,0.0,0.0,0.0,0.0,0.0,0.0,0.0,0.0,0.6239886283874512,0.7674676775932312,-3.7822601939296874e-07,0.6220141053199768,0.7102752327919006,-0.020654568448662758,0.6563687324523926,0.6503626704216003,-0.028286278247833252,0.6965847015380859,0.6226483583450317,-0.0353328138589859,0.7265902757644653,0.5979176163673401,-0.03789231553673744,0.7098663449287415,0.6401004195213318,-0.004662015940994024,0.7477271556854248,0.6323049664497375,-0.03201919421553612,0.7168546915054321,0.6555032730102539,-0.04655049741268158,0.6922961473464966,0.6689213514328003,-0.051047757267951965,0.7192786931991577,0.6765701770782471,-0.004278264474123716,0.7590295672416687,0.6774911284446716,-0.03320573642849922,0.7129272818565369,0.6963256597518921,-0.03928610682487488,0.686730682849884,0.6972916722297668,-0.035131197422742844,0.722356915473938,0.7108367681503296,-0.009087534621357918,0.758349597454071,0.7156627178192139,-0.03672367334365845,0.7139253616333008,0.7262330651283264,-0.0310255978256464,0.6899541616439819,0.7211652398109436,-0.01905389316380024,0.7210294008255005,0.7460041642189026,-0.015674030408263206,0.7470287680625916,0.7523831129074097,-0.03262946382164955,0.7161230444908142,0.7538509964942932,-0.027240999042987823,0.6962457299232483,0.7426884174346924,-0.017907805740833282,A
0.0,0.0,0.0,0.0,0.0,0.0,0.0,0.0,0.0,0.0,0.0,0.0,0.0,0.0,0.0,0.0,0.0,0.0,0.0,0.0,0.0,0.0,0.0,0.0,0.0,0.0,0.0,0.0,0.0,0.0,0.0,0.0,0.0,0.0,0.0,0.0,0.0,0.0,0.0,0.0,0.0,0.0,0.0,0.0,0.0,0.0,0.0,0.0,0.0,0.0,0.0,0.0,0.0,0.0,0.0,0.0,0.0,0.0,0.0,0.0,0.0,0.0,0.0,0.6227259039878845,0.7672044634819031,-3.9746677771290706e-07,0.6217032074928284,0.710688054561615,-0.022729916498064995,0.6555970311164856,0.6519426703453064,-0.03212650492787361,0.6952365636825562,0.6207422018051147,-0.040479984134435654,0.7265684008598328,0.5955047607421875,-0.0438150092959404,0.7086304426193237,0.6419854760169983,-0.006939124781638384,0.7475551962852478,0.6338262557983398,-0.03560023382306099,0.7140241265296936,0.6591209769248962,-0.05026915296912193,0.6888010501861572,0.6726374626159668,-0.054506782442331314,0.7188548445701599,0.6780673861503601,-0.005698390305042267,0.759136438369751,0.6756011247634888,-0.03533947840332985,0.7119190692901611,0.6971689462661743,-0.041169047355651855,0.686270534992218,0.6998559236526489,-0.036721013486385345,0.723096489906311,0.7117781639099121,-0.009748699143528938,0.7602711915969849,0.7121310234069824,-0.03805401176214218,0.7146381735801697,0.7264699339866638,-0.03074125200510025,0.6899786591529846,0.7244429588317871,-0.017309846356511116,0.7226375341415405,0.7460082769393921,-0.015724461525678635,0.7494716644287109,0.7483510971069336,-0.032791391015052795,0.7179253101348877,0.752759575843811,-0.026109419763088226,0.6970800161361694,0.7440025806427002,-0.015475464053452015,A
0.0,0.0,0.0,0.0,0.0,0.0,0.0,0.0,0.0,0.0,0.0,0.0,0.0,0.0,0.0,0.0,0.0,0.0,0.0,0.0,0.0,0.0,0.0,0.0,0.0,0.0,0.0,0.0,0.0,0.0,0.0,0.0,0.0,0.0,0.0,0.0,0.0,0.0,0.0,0.0,0.0,0.0,0.0,0.0,0.0,0.0,0.0,0.0,0.0,0.0,0.0,0.0,0.0,0.0,0.0,0.0,0.0,0.0,0.0,0.0,0.0,0.0,0.0,0.6233856678009033,0.7643229961395264,-3.7603746250169934e-07,0.6213551163673401,0.7064670324325562,-0.020175736397504807,0.654163122177124,0.647915780544281,-0.02836494892835617,0.6941969990730286,0.6173868775367737,-0.0360003300011158,0.7244268655776978,0.5905132293701172,-0.039077937602996826,0.7065219879150391,0.6375817656517029,-0.005895533598959446,0.7478863000869751,0.625580370426178,-0.03295370936393738,0.7204652428627014,0.6482244729995728,-0.04629217088222504,0.6954490542411804,0.6628645658493042,-0.049689047038555145,0.7163731455802917,0.6753107309341431,-0.005697954911738634,0.755886435508728,0.6727828979492188,-0.03371328487992287,0.7113034725189209,0.6912460923194885,-0.03885123133659363,0.6846404671669006,0.6929322481155396,-0.034465305507183075,0.7202447652816772,0.7108942866325378,-0.01052300725132227,0.7570077180862427,0.711023211479187,-0.03784520924091339,0.711948812007904,0.721786618232727,-0.031117750331759453,0.6862414479255676,0.7186392545700073,-0.01864885538816452,0.7194191217422485,0.7474433779716492,-0.017023243010044098,0.7450239062309265,0.7489422559738159,-0.03445005416870117,0.7131309509277344,0.7512046098709106,-0.028524309396743774,0.6917025446891785,0.742752194404602,-0.018637752160429955,A
0.0,0.0,0.0,0.0,0.0,0.0,0.0,0.0,0.0,0.0,0.0,0.0,0.0,0.0,0.0,0.0,0.0,0.0,0.0,0.0,0.0,0.0,0.0,0.0,0.0,0.0,0.0,0.0,0.0,0.0,0.0,0.0,0.0,0.0,0.0,0.0,0.0,0.0,0.0,0.0,0.0,0.0,0.0,0.0,0.0,0.0,0.0,0.0,0.0,0.0,0.0,0.0,0.0,0.0,0.0,0.0,0.0,0.0,0.0,0.0,0.0,0.0,0.0,0.6218550205230713,0.7678850889205933,-4.1118835270026466e-07,0.6179675459861755,0.7095107436180115,-0.020429981872439384,0.6524500846862793,0.6488511562347412,-0.027943331748247147,0.6935058236122131,0.6162219047546387,-0.03470083326101303,0.7233614325523376,0.5895131230354309,-0.036764539778232574,0.703450620174408,0.6385637521743774,-0.005567281041294336,0.7443627119064331,0.6300837993621826,-0.03272498771548271,0.7128415703773499,0.6550092697143555,-0.045896999537944794,0.6877294778823853,0.6671182513237,-0.04937979206442833,0.7137187719345093,0.6755368113517761,-0.005330258514732122,0.7542129158973694,0.6742558479309082,-0.03362491354346275,0.707963764667511,0.6946601867675781,-0.03875608369708061,0.6822623610496521,0.6951256394386292,-0.03429391607642174,0.7182116508483887,0.7103037238121033,-0.010156639851629734,0.7547376155853271,0.7119921445846558,-0.03804131597280502,0.7091298699378967,0.7249204516410828,-0.031395308673381805,0.684142529964447,0.7209616899490356,-0.01882336661219597,0.7183135747909546,0.7454526424407959,-0.01666499860584736,0.7439187169075012,0.7486525774002075,-0.03386453166604042,0.7119479775428772,0.753226101398468,-0.027796056121587753,0.6909227967262268,0.7450042963027954,-0.017855187878012657,A
0.0,0.0,0.0,0.0,0.0,0.0,0.0,0.0,0.0,0.0,0.0,0.0,0.0,0.0,0.0,0.0,0.0,0.0,0.0,0.0,0.0,0.0,0.0,0.0,0.0,0.0,0.0,0.0,0.0,0.0,0.0,0.0,0.0,0.0,0.0,0.0,0.0,0.0,0.0,0.0,0.0,0.0,0.0,0.0,0.0,0.0,0.0,0.0,0.0,0.0,0.0,0.0,0.0,0.0,0.0,0.0,0.0,0.0,0.0,0.0,0.0,0.0,0.0,0.6225154399871826,0.767949640750885,-4.015137733404117e-07,0.6196801662445068,0.7105897665023804,-0.02296443097293377,0.6526188850402832,0.6512147188186646,-0.032469939440488815,0.6923027634620667,0.6194614171981812,-0.040803976356983185,0.7227129340171814,0.5917596817016602,-0.044311657547950745,0.7054465413093567,0.6393700242042542,-0.008355006575584412,0.7436630725860596,0.6299872994422913,-0.03727595508098602,0.7121668457984924,0.6548408269882202,-0.0522674024105072,0.6863860487937927,0.668220043182373,-0.056861232966184616,0.7157431840896606,0.6756380200386047,-0.007221632171422243,0.7541763782501221,0.6748806238174438,-0.03748757392168045,0.7081789374351501,0.6955404281616211,-0.0443003810942173,0.6812070608139038,0.6965234875679016,-0.040910836309194565,0.7201021313667297,0.7099850177764893,-0.01124564092606306,0.7556266784667969,0.7117367386817932,-0.04062386229634285,0.7101454138755798,0.724904477596283,-0.03460951894521713,0.6838186979293823,0.7203587889671326,-0.02226998843252659,0.7196887731552124,0.745134711265564,-0.017095519229769707,0.7452887296676636,0.7478780746459961,-0.03586166352033615,0.7131381034851074,0.7528414726257324,-0.030134880915284157,0.6906991600990295,0.7434123158454895,-0.0200814176350832,A
0.0,0.0,0.0,0.0,0.0,0.0,0.0,0.0,0.0,0.0,0.0,0.0,0.0,0.0,0.0,0.0,0.0,0.0,0.0,0.0,0.0,0.0,0.0,0.0,0.0,0.0,0.0,0.0,0.0,0.0,0.0,0.0,0.0,0.0,0.0,0.0,0.0,0.0,0.0,0.0,0.0,0.0,0.0,0.0,0.0,0.0,0.0,0.0,0.0,0.0,0.0,0.0,0.0,0.0,0.0,0.0,0.0,0.0,0.0,0.0,0.0,0.0,0.0,0.6234725117683411,0.7674070596694946,-4.102790001070389e-07,0.620107114315033,0.7096186876296997,-0.021456465125083923,0.6556037664413452,0.651387095451355,-0.03006773814558983,0.696308434009552,0.6206728219985962,-0.03766566142439842,0.7247606515884399,0.5901500582695007,-0.04063084349036217,0.705966055393219,0.6402133703231812,-0.00988626666367054,0.7465485334396362,0.631921112537384,-0.03827690705657005,0.7141429781913757,0.6581462025642395,-0.05208132416009903,0.6882185339927673,0.6717260479927063,-0.05576816573739052,0.7159570455551147,0.6781070232391357,-0.009377868846058846,0.7555255889892578,0.6773371696472168,-0.0394098125398159,0.708332896232605,0.6985817551612854,-0.04501901566982269,0.6812074184417725,0.7001941800117493,-0.0406833216547966,0.7202804088592529,0.7133349180221558,-0.013733312487602234,0.7570199370384216,0.7142904996871948,-0.04256196692585945,0.7108431458473206,0.7271745204925537,-0.03567126765847206,0.6845748424530029,0.7227206230163574,-0.02279847115278244,0.7199403643608093,0.7480165958404541,-0.019767457619309425,0.7464932203292847,0.7510508298873901,-0.037731196731328964,0.7145963311195374,0.7552408576011658,-0.03148104250431061,0.6928172707557678,0.7457174062728882,-0.021201960742473602,A
0.0,0.0,0.0,0.0,0.0,0.0,0.0,0.0,0.0,0.0,0.0,0.0,0.0,0.0,0.0,0.0,0.0,0.0,0.0,0.0,0.0,0.0,0.0,0.0,0.0,0.0,0.0,0.0,0.0,0.0,0.0,0.0,0.0,0.0,0.0,0.0,0.0,0.0,0.0,0.0,0.0,0.0,0.0,0.0,0.0,0.0,0.0,0.0,0.0,0.0,0.0,0.0,0.0,0.0,0.0,0.0,0.0,0.0,0.0,0.0,0.0,0.0,0.0,0.6227036714553833,0.7685692310333252,-4.043594685754215e-07,0.6200858950614929,0.711232602596283,-0.022276856005191803,0.6532158255577087,0.6523159742355347,-0.03189613297581673,0.6937400102615356,0.6218679547309875,-0.04047105833888054,0.7245078682899475,0.5951516628265381,-0.04431258141994476,0.7066922783851624,0.6411019563674927,-0.009561861865222454,0.7463598847389221,0.6327897906303406,-0.0380859337747097,0.714069128036499,0.6581070423126221,-0.05298035591840744,0.6877260208129883,0.6716609001159668,-0.05769401416182518,0.7168593406677246,0.6782920956611633,-0.008897548541426659,0.7567325830459595,0.6783567667007446,-0.038517870008945465,0.7102325558662415,0.6993333101272583,-0.04486202448606491,0.6825159788131714,0.7010652422904968,-0.04141559079289436,0.7209334969520569,0.7131549119949341,-0.013189084827899933,0.7576941847801208,0.7152529358863831,-0.04175713658332825,0.7119598388671875,0.7275600433349609,-0.035475704818964005,0.6848424077033997,0.7231682538986206,-0.0232680831104517,0.7200455069541931,0.7480522990226746,-0.01926637627184391,0.747343897819519,0.7512733936309814,-0.037503715604543686,0.7157274484634399,0.7552664279937744,-0.03159544616937637,0.6930420994758606,0.746195912361145,-0.021616540849208832,A
0.0,0.0,0.0,0.0,0.0,0.0,0.0,0.0,0.0,0.0,0.0,0.0,0.0,0.0,0.0,0.0,0.0,0.0,0.0,0.0,0.0,0.0,0.0,0.0,0.0,0.0,0.0,0.0,0.0,0.0,0.0,0.0,0.0,0.0,0.0,0.0,0.0,0.0,0.0,0.0,0.0,0.0,0.0,0.0,0.0,0.0,0.0,0.0,0.0,0.0,0.0,0.0,0.0,0.0,0.0,0.0,0.0,0.0,0.0,0.0,0.0,0.0,0.0,0.6230825185775757,0.7698095440864563,-4.004245113264915e-07,0.620740532875061,0.7129408717155457,-0.02249806374311447,0.6552923917770386,0.6541708707809448,-0.03182447701692581,0.6955153942108154,0.6230716705322266,-0.040104493498802185,0.7257131338119507,0.595008134841919,-0.043635446578264236,0.7078571915626526,0.6420007348060608,-0.008615240454673767,0.7477620840072632,0.6335102915763855,-0.037491925060749054,0.7161858677864075,0.6588875651359558,-0.052434224635362625,0.6901499629020691,0.671985387802124,-0.05705216899514198,0.7179465293884277,0.6791839599609375,-0.00783033948391676,0.7574595212936401,0.6800159215927124,-0.03836206719279289,0.7112404704093933,0.7005470395088196,-0.04516570270061493,0.6838017702102661,0.7007954120635986,-0.0417005680501461,0.7222477793693542,0.7139586210250854,-0.012145538814365864,0.7580816745758057,0.7170596718788147,-0.04158611223101616,0.7125935554504395,0.7290589213371277,-0.03590451180934906,0.686048686504364,0.7230896353721619,-0.023845233023166656,0.7219147682189941,0.7488350868225098,-0.018242668360471725,0.7478122711181641,0.7527487277984619,-0.036996904760599136,0.716031014919281,0.7571256756782532,-0.031524885445833206,0.6940265893936157,0.7471340894699097,-0.021708069369196892,A
0.0,0.0,0.0,0.0,0.0,0.0,0.0,0.0,0.0,0.0,0.0,0.0,0.0,0.0,0.0,0.0,0.0,0.0,0.0,0.0,0.0,0.0,0.0,0.0,0.0,0.0,0.0,0.0,0.0,0.0,0.0,0.0,0.0,0.0,0.0,0.0,0.0,0.0,0.0,0.0,0.0,0.0,0.0,0.0,0.0,0.0,0.0,0.0,0.0,0.0,0.0,0.0,0.0,0.0,0.0,0.0,0.0,0.0,0.0,0.0,0.0,0.0,0.0,0.6229764819145203,0.7705460786819458,-3.8125457990645373e-07,0.6211105585098267,0.7139994502067566,-0.024173554033041,0.6545442342758179,0.655208945274353,-0.03451642766594887,0.6946309804916382,0.6229823231697083,-0.04353213682770729,0.7257912755012512,0.5960747003555298,-0.04758673533797264,0.7073469161987305,0.6411046981811523,-0.009528299793601036,0.7478008270263672,0.6335837244987488,-0.039268605411052704,0.7170591950416565,0.6595699787139893,-0.05453409627079964,0.6906449198722839,0.6731798648834229,-0.05911045894026756,0.7179990410804749,0.6782963871955872,-0.007896999828517437,0.757919430732727,0.6797583103179932,-0.03941452503204346,0.7111703753471375,0.7011594772338867,-0.04637683928012848,0.6833304166793823,0.7014489769935608,-0.04266495630145073,0.7228224873542786,0.7135425209999084,-0.01157259102910757,0.7594965696334839,0.7175633907318115,-0.04212244600057602,0.7133920788764954,0.7300750017166138,-0.036257293075323105,0.6864698529243469,0.7244088649749756,-0.023606037721037865,0.7226452827453613,0.748821496963501,-0.017118938267230988,0.7487972378730774,0.7532781362533569,-0.036531656980514526,0.7170765399932861,0.7580717206001282,-0.030990006402134895,0.6952889561653137,0.7482295036315918,-0.020811816677451134,A
0.0,0.0,0.0,0.0,0.0,0.0,0.0,0.0,0.0,0.0,0.0,0.0,0.0,0.0,0.0,0.0,0.0,0.0,0.0,0.0,0.0,0.0,0.0,0.0,0.0,0.0,0.0,0.0,0.0,0.0,0.0,0.0,0.0,0.0,0.0,0.0,0.0,0.0,0.0,0.0,0.0,0.0,0.0,0.0,0.0,0.0,0.0,0.0,0.0,0.0,0.0,0.0,0.0,0.0,0.0,0.0,0.0,0.0,0.0,0.0,0.0,0.0,0.0,0.6235407590866089,0.7732976675033569,-4.1475786360933853e-07,0.6189773082733154,0.7148833870887756,-0.02254377491772175,0.6529214978218079,0.6547600030899048,-0.031395867466926575,0.6946035027503967,0.6230465769767761,-0.03918929770588875,0.725210964679718,0.5957416892051697,-0.0421312190592289,0.706161618232727,0.6440459489822388,-0.007886609993875027,0.7467659711837769,0.6368681788444519,-0.036524612456560135,0.7132048010826111,0.6622346639633179,-0.05135422199964523,0.6867700219154358,0.6745097041130066,-0.056087568402290344,0.7168561816215515,0.6805028915405273,-0.007096660323441029,0.757916271686554,0.6797894835472107,-0.037786178290843964,0.7102970480918884,0.701117217540741,-0.044629521667957306,0.6826878786087036,0.7019585967063904,-0.041153304278850555,0.7217079997062683,0.7148407697677612,-0.011427105404436588,0.7594197988510132,0.7163715958595276,-0.0405944362282753,0.7132471799850464,0.7294763922691345,-0.03435512259602547,0.6866249442100525,0.7240732312202454,-0.021986685693264008,0.7219879627227783,0.749536395072937,-0.01763344369828701,0.748454749584198,0.7527191042900085,-0.035793498158454895,0.7166376709938049,0.75725257396698,-0.029963532462716103,0.6946650147438049,0.7470376491546631,-0.020074397325515747,A
0.0,0.0,0.0,0.0,0.0,0.0,0.0,0.0,0.0,0.0,0.0,0.0,0.0,0.0,0.0,0.0,0.0,0.0,0.0,0.0,0.0,0.0,0.0,0.0,0.0,0.0,0.0,0.0,0.0,0.0,0.0,0.0,0.0,0.0,0.0,0.0,0.0,0.0,0.0,0.0,0.0,0.0,0.0,0.0,0.0,0.0,0.0,0.0,0.0,0.0,0.0,0.0,0.0,0.0,0.0,0.0,0.0,0.0,0.0,0.0,0.0,0.0,0.0,0.6235923171043396,0.7729605436325073,-4.0392492905994004e-07,0.6193436980247498,0.7155957818031311,-0.023335875943303108,0.6534863114356995,0.6547302007675171,-0.032657019793987274,0.6947735548019409,0.6231279969215393,-0.040670499205589294,0.7257262468338013,0.595884382724762,-0.0438518300652504,0.7067826390266418,0.6423922777175903,-0.009413481689989567,0.7457050085067749,0.6345914006233215,-0.038418520241975784,0.7129371166229248,0.6615376472473145,-0.05324173718690872,0.687099277973175,0.6747700572013855,-0.05782925337553024,0.7174631357192993,0.679122269153595,-0.008259705267846584,0.7577934265136719,0.6782190203666687,-0.0388939343392849,0.710467517375946,0.7012163400650024,-0.04534277319908142,0.682955265045166,0.7026819586753845,-0.04154428094625473,0.7220689654350281,0.7141352295875549,-0.01223171129822731,0.7597050070762634,0.7157912850379944,-0.041836149990558624,0.7133023738861084,0.7302953004837036,-0.035058580338954926,0.6862882971763611,0.725838303565979,-0.022138657048344612,0.7216313481330872,0.7492913603782654,-0.018086807802319527,0.7483187913894653,0.7527362108230591,-0.037052422761917114,0.7162951231002808,0.7584063410758972,-0.03100091964006424,0.6939235925674438,0.7489948868751526,-0.020662182942032814,A
0.0,0.0,0.0,0.0,0.0,0.0,0.0,0.0,0.0,0.0,0.0,0.0,0.0,0.0,0.0,0.0,0.0,0.0,0.0,0.0,0.0,0.0,0.0,0.0,0.0,0.0,0.0,0.0,0.0,0.0,0.0,0.0,0.0,0.0,0.0,0.0,0.0,0.0,0.0,0.0,0.0,0.0,0.0,0.0,0.0,0.0,0.0,0.0,0.0,0.0,0.0,0.0,0.0,0.0,0.0,0.0,0.0,0.0,0.0,0.0,0.0,0.0,0.0,0.6249004006385803,0.7717330455780029,-4.082106670466601e-07,0.6200447082519531,0.713779091835022,-0.02265574410557747,0.6533838510513306,0.6527640223503113,-0.031576186418533325,0.6947432160377502,0.6214421391487122,-0.03935800492763519,0.7247849106788635,0.5932660102844238,-0.042524922639131546,0.7072800397872925,0.6412672400474548,-0.009056450799107552,0.7463963627815247,0.6324993371963501,-0.03783663734793663,0.714533805847168,0.6585145592689514,-0.05262189731001854,0.6885089874267578,0.6722939610481262,-0.057198140770196915,0.7177971601486206,0.6785451173782349,-0.008414574898779392,0.7577680349349976,0.6772158145904541,-0.0390365794301033,0.7101678252220154,0.6987267732620239,-0.04556220397353172,0.6820935010910034,0.7001467943191528,-0.04169866070151329,0.7224544882774353,0.7137810587882996,-0.012891851365566254,0.7593699097633362,0.7147484421730042,-0.04241989552974701,0.7126486301422119,0.7279262542724609,-0.036042168736457825,0.6857328414916992,0.7234575152397156,-0.023376841098070145,0.7221654057502747,0.7495905160903931,-0.019206486642360687,0.7475555539131165,0.7517325282096863,-0.038099031895399094,0.7151824235916138,0.7564314007759094,-0.03222259506583214,0.6933011412620544,0.7473354935646057,-0.02203941158950329,A
0.0,0.0,0.0,0.0,0.0,0.0,0.0,0.0,0.0,0.0,0.0,0.0,0.0,0.0,0.0,0.0,0.0,0.0,0.0,0.0,0.0,0.0,0.0,0.0,0.0,0.0,0.0,0.0,0.0,0.0,0.0,0.0,0.0,0.0,0.0,0.0,0.0,0.0,0.0,0.0,0.0,0.0,0.0,0.0,0.0,0.0,0.0,0.0,0.0,0.0,0.0,0.0,0.0,0.0,0.0,0.0,0.0,0.0,0.0,0.0,0.0,0.0,0.0,0.6213575601577759,0.771612286567688,-4.0717085880714876e-07,0.6196327209472656,0.7137160301208496,-0.021874288097023964,0.6541510820388794,0.6546157598495483,-0.030847826972603798,0.6947043538093567,0.6222114562988281,-0.03898237273097038,0.7255992889404297,0.5943108201026917,-0.042458031326532364,0.7068125009536743,0.6417574286460876,-0.006604055408388376,0.7470589876174927,0.6335761547088623,-0.03476732596755028,0.7152072787284851,0.6600515842437744,-0.04983166232705116,0.6887649893760681,0.6736327409744263,-0.05468682572245598,0.7171993851661682,0.6785809993743896,-0.005955618806183338,0.7570295929908752,0.6784071326255798,-0.03531716391444206,0.7100201845169067,0.7001517415046692,-0.0421045683324337,0.6813476085662842,0.7013059258460999,-0.03876424953341484,0.7215606570243835,0.713676393032074,-0.010410710237920284,0.7584260106086731,0.7153379917144775,-0.03910794481635094,0.7119655013084412,0.7284421324729919,-0.033238597214221954,0.6836947202682495,0.7236970663070679,-0.021061936393380165,0.7207064032554626,0.7489912509918213,-0.01662612333893776,0.7461409568786621,0.7518374919891357,-0.035167668014764786,0.713571310043335,0.7562010884284973,-0.029615415260195732,0.6904025077819824,0.7467958927154541,-0.019710315391421318,A
0.0,0.0,0.0,0.0,0.0,0.0,0.0,0.0,0.0,0.0,0.0,0.0,0.0,0.0,0.0,0.0,0.0,0.0,0.0,0.0,0.0,0.0,0.0,0.0,0.0,0.0,0.0,0.0,0.0,0.0,0.0,0.0,0.0,0.0,0.0,0.0,0.0,0.0,0.0,0.0,0.0,0.0,0.0,0.0,0.0,0.0,0.0,0.0,0.0,0.0,0.0,0.0,0.0,0.0,0.0,0.0,0.0,0.0,0.0,0.0,0.0,0.0,0.0,0.6221789717674255,0.7723186016082764,-4.04877084747568e-07,0.6200456023216248,0.7138345837593079,-0.022132445126771927,0.6543058753013611,0.6542380452156067,-0.03122941590845585,0.6944074034690857,0.621936559677124,-0.03929639607667923,0.7250939607620239,0.5941487550735474,-0.042521100491285324,0.706710934638977,0.6416735649108887,-0.007406022399663925,0.7462146878242493,0.6336432099342346,-0.03556779399514198,0.7142674922943115,0.6601837873458862,-0.050324056297540665,0.6879670023918152,0.6730406284332275,-0.05498761683702469,0.71730637550354,0.6785460710525513,-0.00662778178229928,0.7569778561592102,0.678555965423584,-0.036509301513433456,0.7105736136436462,0.7009789347648621,-0.043400008231401443,0.6821991801261902,0.7014567255973816,-0.040116116404533386,0.7222253084182739,0.7134969830513,-0.010872149839997292,0.7589758038520813,0.7155583500862122,-0.03978142514824867,0.7134701609611511,0.7292149066925049,-0.03388170525431633,0.6855802536010742,0.7234465479850769,-0.021771349012851715,0.722027063369751,0.7481441497802734,-0.01687540113925934,0.7473856806755066,0.7512960433959961,-0.035288721323013306,0.7153415679931641,0.7563890814781189,-0.029610218480229378,0.692462682723999,0.7463096380233765,-0.019717684015631676,A
0.0,0.0,0.0,0.0,0.0,0.0,0.0,0.0,0.0,0.0,0.0,0.0,0.0,0.0,0.0,0.0,0.0,0.0,0.0,0.0,0.0,0.0,0.0,0.0,0.0,0.0,0.0,0.0,0.0,0.0,0.0,0.0,0.0,0.0,0.0,0.0,0.0,0.0,0.0,0.0,0.0,0.0,0.0,0.0,0.0,0.0,0.0,0.0,0.0,0.0,0.0,0.0,0.0,0.0,0.0,0.0,0.0,0.0,0.0,0.0,0.0,0.0,0.0,0.638168215751648,0.6857579946517944,4.57862540770293e-07,0.6186478734016418,0.6453983783721924,-0.04464547336101532,0.6132856011390686,0.5877653360366821,-0.05168784037232399,0.6281092166900635,0.5307325720787048,-0.04993944242596626,0.6430960893630981,0.4853861331939697,-0.044269971549510956,0.5678665637969971,0.5277628302574158,-0.013541262596845627,0.5651305913925171,0.4563705325126648,-0.018691379576921463,0.5692393779754639,0.41437679529190063,-0.025158099830150604,0.5739572048187256,0.3801184296607971,-0.029710954055190086,0.5925089716911316,0.5198732614517212,0.006697263568639755,0.5895769596099854,0.4560987949371338,0.0007392992847599089,0.5982075929641724,0.42579546570777893,-0.0075515941716730595,0.6064854860305786,0.40755218267440796,-0.012053144164383411,0.6162304282188416,0.5245358943939209,0.02094927802681923,0.6222162246704102,0.47765663266181946,0.004337280988693237,0.6281715631484985,0.5004398226737976,-0.010275455191731453,0.6292129158973694,0.5251399278640747,-0.014609910547733307,0.6379005312919617,0.5351197719573975,0.032003406435251236,0.6432479619979858,0.49943557381629944,0.014803055673837662,0.6472514271736145,0.5072691440582275,0.0023495275527238846,0.6455757021903992,0.5220751166343689,-0.0027533359825611115,Б
0.0,0.0,0.0,0.0,0.0,0.0,0.0,0.0,0.0,0.0,0.0,0.0,0.0,0.0,0.0,0.0,0.0,0.0,0.0,0.0,0.0,0.0,0.0,0.0,0.0,0.0,0.0,0.0,0.0,0.0,0.0,0.0,0.0,0.0,0.0,0.0,0.0,0.0,0.0,0.0,0.0,0.0,0.0,0.0,0.0,0.0,0.0,0.0,0.0,0.0,0.0,0.0,0.0,0.0,0.0,0.0,0.0,0.0,0.0,0.0,0.0,0.0,0.0,0.6384050846099854,0.686610996723175,4.6446064061456127e-07,0.6197478771209717,0.6462277173995972,-0.0452604815363884,0.6147517561912537,0.5890384912490845,-0.05279462784528732,0.629065752029419,0.5316711068153381,-0.05144452303647995,0.6436936855316162,0.4855896532535553,-0.04596042260527611,0.5688327550888062,0.5283125638961792,-0.014749713242053986,0.5660716891288757,0.45635443925857544,-0.020096566528081894,0.5701712369918823,0.4143591821193695,-0.026053067296743393,0.5748251676559448,0.3801843523979187,-0.0298596303910017,0.5928063988685608,0.5204210877418518,0.005858622957020998,0.5893768668174744,0.45577746629714966,0.0003854321257676929,0.5977902412414551,0.4252888262271881,-0.00591119471937418,0.6060926914215088,0.40739041566848755,-0.008566886186599731,0.616244912147522,0.5249678492546082,0.020386578515172005,0.6231345534324646,0.47852039337158203,0.0043694814667105675,0.6288214921951294,0.5043981671333313,-0.0074608223512768745,0.6288104057312012,0.5297112464904785,-0.009464179165661335,0.6377931237220764,0.5350979566574097,0.03151680901646614,0.6444540023803711,0.4995323419570923,0.01555507630109787,0.6483777761459351,0.5099241137504578,0.005448011215776205,0.646047830581665,0.5254249572753906,0.0023306950461119413,Б
0.0,0.0,0.0,0.0,0.0,0.0,0.0,0.0,0.0,0.0,0.0,0.0,0.0,0.0,0.0,0.0,0.0,0.0,0.0,0.0,0.0,0.0,0.0,0.0,0.0,0.0,0.0,0.0,0.0,0.0,0.0,0.0,0.0,0.0,0.0,0.0,0.0,0.0,0.0,0.0,0.0,0.0,0.0,0.0,0.0,0.0,0.0,0.0,0.0,0.0,0.0,0.0,0.0,0.0,0.0,0.0,0.0,0.0,0.0,0.0,0.0,0.0,0.0,0.6390626430511475,0.6877545714378357,4.73121701816126e-07,0.6195254325866699,0.6466242671012878,-0.04365440830588341,0.6148622035980225,0.5888420343399048,-0.05171915888786316,0.6289293169975281,0.531071126461029,-0.05154970660805702,0.6424477100372314,0.48511064052581787,-0.04766315221786499,0.5689070224761963,0.5292233228683472,-0.013319574296474457,0.5664164423942566,0.45810630917549133,-0.019312551245093346,0.5708810091018677,0.41490423679351807,-0.026499278843402863,0.5753267407417297,0.38046523928642273,-0.03141992166638374,0.5937514901161194,0.5216561555862427,0.006098474841564894,0.5903759002685547,0.45773252844810486,-0.0009924034820869565,0.5992581248283386,0.42768070101737976,-0.009498722851276398,0.6069763898849487,0.4089757800102234,-0.013750743120908737,0.6179956793785095,0.5266007781028748,0.0197510477155447,0.6240106225013733,0.4801184833049774,0.002784900600090623,0.6297786831855774,0.5038154125213623,-0.009909356012940407,0.6300138235092163,0.5282071232795715,-0.012603877112269402,0.6393485069274902,0.5374550223350525,0.03026263788342476,0.6440788507461548,0.501211941242218,0.013981041498482227,0.6473549604415894,0.5098108053207397,0.0038352131377905607,0.6447440981864929,0.5235585570335388,0.0005479059182107449,Б
0.0,0.0,0.0,0.0,0.0,0.0,0.0,0.0,0.0,0.0,0.0,0.0,0.0,0.0,0.0,0.0,0.0,0.0,0.0,0.0,0.0,0.0,0.0,0.0,0.0,0.0,0.0,0.0,0.0,0.0,0.0,0.0,0.0,0.0,0.0,0.0,0.0,0.0,0.0,0.0,0.0,0.0,0.0,0.0,0.0,0.0,0.0,0.0,0.0,0.0,0.0,0.0,0.0,0.0,0.0,0.0,0.0,0.0,0.0,0.0,0.0,0.0,0.0,0.6387007832527161,0.6860188245773315,4.877426249549899e-07,0.6200984120368958,0.6454356908798218,-0.04483804851770401,0.6152430176734924,0.5889065265655518,-0.05368444323539734,0.6287171840667725,0.5316745638847351,-0.054049354046583176,0.6427885293960571,0.4854719936847687,-0.05066784471273422,0.568717360496521,0.5292847752571106,-0.015214218758046627,0.5663174986839294,0.45681989192962646,-0.021141286939382553,0.5710943937301636,0.41359251737594604,-0.028179895132780075,0.5760149955749512,0.37888103723526,-0.033055756241083145,0.5933029055595398,0.52140212059021,0.005112385842949152,0.5907042622566223,0.4563979208469391,-0.0016007323283702135,0.5999943614006042,0.42656606435775757,-0.009928309358656406,0.6083723902702332,0.40900692343711853,-0.014336624182760715,0.6172984838485718,0.5257963538169861,0.0197043027728796,0.6226891875267029,0.4771324396133423,0.0036977757699787617,0.6293118000030518,0.49786219000816345,-0.009265481494367123,0.6312770843505859,0.5219054818153381,-0.012671834789216518,0.6382842063903809,0.5359948873519897,0.030996274203062057,0.6436898708343506,0.49911242723464966,0.015170239843428135,0.6480004787445068,0.5059073567390442,0.004271138459444046,0.647092878818512,0.5192073583602905,0.00014570205530617386,Б
0.0,0.0,0.0,0.0,0.0,0.0,0.0,0.0,0.0,0.0,0.0,0.0,0.0,0.0,0.0,0.0,0.0,0.0,0.0,0.0,0.0,0.0,0.0,0.0,0.0,0.0,0.0,0.0,0.0,0.0,0.0,0.0,0.0,0.0,0.0,0.0,0.0,0.0,0.0,0.0,0.0,0.0,0.0,0.0,0.0,0.0,0.0,0.0,0.0,0.0,0.0,0.0,0.0,0.0,0.0,0.0,0.0,0.0,0.0,0.0,0.0,0.0,0.0,0.6381887197494507,0.6877624988555908,4.876842467638198e-07,0.6207941174507141,0.6490499973297119,-0.045649316161870956,0.615655779838562,0.5927212238311768,-0.05551757290959358,0.6282392740249634,0.5348542928695679,-0.05689593032002449,0.6417129635810852,0.48742955923080444,-0.05447864532470703,0.5694025754928589,0.5311570763587952,-0.017372213304042816,0.5669981241226196,0.45885276794433594,-0.023991351947188377,0.571678638458252,0.4150655269622803,-0.030985666438937187,0.5762771368026733,0.37995803356170654,-0.03575091436505318,0.5931503772735596,0.5228226184844971,0.0029500576201826334,0.5901438593864441,0.45730096101760864,-0.003860596101731062,0.599912166595459,0.428874671459198,-0.01098022609949112,0.6079588532447815,0.41325199604034424,-0.014353001490235329,0.6166328191757202,0.5270915627479553,0.0175416711717844,0.6226766705513,0.47960031032562256,0.0014598729321733117,0.6285872459411621,0.5022792220115662,-0.009402844123542309,0.6280195116996765,0.5268633365631104,-0.011301274411380291,0.637783408164978,0.537331223487854,0.02867487259209156,0.6453326344490051,0.5002291798591614,0.013027152046561241,0.6494880318641663,0.5095144510269165,0.0037466627545654774,0.6464181542396545,0.5246545076370239,0.0009361737756989896,Б
0.0,0.0,0.0,0.0,0.0,0.0,0.0,0.0,0.0,0.0,0.0,0.0,0.0,0.0,0.0,0.0,0.0,0.0,0.0,0.0,0.0,0.0,0.0,0.0,0.0,0.0,0.0,0.0,0.0,0.0,0.0,0.0,0.0,0.0,0.0,0.0,0.0,0.0,0.0,0.0,0.0,0.0,0.0,0.0,0.0,0.0,0.0,0.0,0.0,0.0,0.0,0.0,0.0,0.0,0.0,0.0,0.0,0.0,0.0,0.0,0.0,0.0,0.0,0.6385615468025208,0.6857556104660034,4.830369562114356e-07,0.6197196841239929,0.6437124013900757,-0.04563623294234276,0.6151066422462463,0.5865666270256042,-0.0538724847137928,0.6288238167762756,0.5292919874191284,-0.053397562354803085,0.6433225870132446,0.4829411804676056,-0.04907114431262016,0.5681846737861633,0.5268246531486511,-0.01350819505751133,0.5660426020622253,0.45547401905059814,-0.018739739432930946,0.5703577995300293,0.4123811721801758,-0.025484222918748856,0.5747792720794678,0.3778606653213501,-0.030118372291326523,0.5931013226509094,0.5202714800834656,0.007191233336925507,0.5904282331466675,0.4553661346435547,0.0004935494507662952,0.5989991426467896,0.4268829822540283,-0.008312094025313854,0.6069158315658569,0.41105854511260986,-0.012537402100861073,0.6175113916397095,0.5257000923156738,0.021967023611068726,0.6232279539108276,0.47939473390579224,0.0055199735797941685,0.6295983791351318,0.5014951825141907,-0.008424515835940838,0.6310059428215027,0.525395393371582,-0.011918454430997372,0.6386241912841797,0.5369119644165039,0.03346159681677818,0.6432319283485413,0.5010944604873657,0.0176982581615448,0.6471699476242065,0.5093912482261658,0.006748014595359564,0.6458545923233032,0.5235880017280579,0.002838634420186281,Б
0.0,0.0,0.0,0.0,0.0,0.0,0.0,0.0,0.0,0.0,0.0,0.0,0.0,0.0,0.0,0.0,0.0,0.0,0.0,0.0,0.0,0.0,0.0,0.0,0.0,0.0,0.0,0.0,0.0,0.0,0.0,0.0,0.0,0.0,0.0,0.0,0.0,0.0,0.0,0.0,0.0,0.0,0.0,0.0,0.0,0.0,0.0,0.0,0.0,0.0,0.0,0.0,0.0,0.0,0.0,0.0,0.0,0.0,0.0,0.0,0.0,0.0,0.0,0.6383154392242432,0.6848445534706116,4.909425115329213e-07,0.6200987100601196,0.6434636116027832,-0.045751284807920456,0.6152600049972534,0.5864055156707764,-0.054565150290727615,0.6288132071495056,0.5283753871917725,-0.05472028627991676,0.6439714431762695,0.4819429814815521,-0.05124947056174278,0.5678176283836365,0.5260604619979858,-0.01396471168845892,0.5653712749481201,0.4545154869556427,-0.019298182800412178,0.5701585412025452,0.411138117313385,-0.026127716526389122,0.5756610631942749,0.37725555896759033,-0.030626367777585983,0.5925779342651367,0.519351065158844,0.007063183467835188,0.5890699625015259,0.45381513237953186,0.0007279234123416245,0.5989097356796265,0.42489102482795715,-0.007830005139112473,0.6087316870689392,0.4097697138786316,-0.011879370547831059,0.6169180870056152,0.5248269438743591,0.02225351892411709,0.6213749647140503,0.4785264730453491,0.0062589822337031364,0.6287403702735901,0.4972308874130249,-0.007957645691931248,0.6319165825843811,0.5199235677719116,-0.011800440028309822,0.6379932761192322,0.5358666777610779,0.03421056643128395,0.6424161791801453,0.49890509247779846,0.018719879910349846,0.6475127339363098,0.5073294639587402,0.007945462130010128,0.6478854417800903,0.5227524638175964,0.004173640627413988,Б
0.0,0.0,0.0,0.0,0.0,0.0,0.0,0.0,0.0,0.0,0.0,0.0,0.0,0.0,0.0,0.0,0.0,0.0,0.0,0.0,0.0,0.0,0.0,0.0,0.0,0.0,0.0,0.0,0.0,0.0,0.0,0.0,0.0,0.0,0.0,0.0,0.0,0.0,0.0,0.0,0.0,0.0,0.0,0.0,0.0,0.0,0.0,0.0,0.0,0.0,0.0,0.0,0.0,0.0,0.0,0.0,0.0,0.0,0.0,0.0,0.0,0.0,0.0,0.6384286880493164,0.6871691942214966,4.987105057807639e-07,0.6204906105995178,0.646369218826294,-0.04601424187421799,0.6152561902999878,0.5895026326179504,-0.05547803267836571,0.6273288726806641,0.5311692953109741,-0.05629454553127289,0.6419504880905151,0.4843343198299408,-0.05326152965426445,0.567475438117981,0.5305666923522949,-0.01594133861362934,0.5653930306434631,0.4571250081062317,-0.022646838799118996,0.5701621770858765,0.41284918785095215,-0.030026385560631752,0.5749487280845642,0.3777562379837036,-0.0348343662917614,0.5917645692825317,0.5227210521697998,0.005040180869400501,0.5888806581497192,0.45781630277633667,-0.002662596758455038,0.5970795154571533,0.4284985065460205,-0.011067581363022327,0.6039188504219055,0.41194024682044983,-0.014948352240025997,0.6157169938087463,0.526521623134613,0.020204350352287292,0.6211654543876648,0.4798371195793152,0.0035400986671447754,0.6266699433326721,0.501289427280426,-0.008747364394366741,0.6270208358764648,0.5253230929374695,-0.011113869026303291,0.6363664269447327,0.5360594391822815,0.03194329887628555,0.6423256397247314,0.5015861392021179,0.016292419284582138,0.646104097366333,0.5098854303359985,0.006325045134872198,0.6445052027702332,0.5241351127624512,0.0033092417288571596,Б
0.0,0.0,0.0,0.0,0.0,0.0,0.0,0.0,0.0,0.0,0.0,0.0,0.0,0.0,0.0,0.0,0.0,0.0,0.0,0.0,0.0,0.0,0.0,0.0,0.0,0.0,0.0,0.0,0.0,0.0,0.0,0.0,0.0,0.0,0.0,0.0,0.0,0.0,0.0,0.0,0.0,0.0,0.0,0.0,0.0,0.0,0.0,0.0,0.0,0.0,0.0,0.0,0.0,0.0,0.0,0.0,0.0,0.0,0.0,0.0,0.0,0.0,0.0,0.6383050680160522,0.6853989958763123,4.81556810427719e-07,0.6203011274337769,0.6468151807785034,-0.0439281202852726,0.6149903535842896,0.5901235938072205,-0.05323175713419914,0.6286375522613525,0.5331171751022339,-0.05446247383952141,0.6432759165763855,0.4873698651790619,-0.05201638117432594,0.5679648518562317,0.5302790999412537,-0.01634763367474079,0.5663104057312012,0.457720547914505,-0.023363806307315826,0.5710720419883728,0.41394418478012085,-0.030290348455309868,0.5752744674682617,0.37915676832199097,-0.03479791432619095,0.5925214290618896,0.5215895175933838,0.0028449837118387222,0.5900432467460632,0.4559091031551361,-0.004818830639123917,0.5984800457954407,0.42765381932258606,-0.011766401119530201,0.6044487357139587,0.4111695885658264,-0.0146410521119833,0.6165755391120911,0.5253443717956543,0.01637755148112774,0.6226383447647095,0.4796055853366852,-0.0007872632704675198,0.6280736327171326,0.5051964521408081,-0.011136172339320183,0.6267961859703064,0.5302041172981262,-0.012083279900252819,0.6379932761192322,0.5350720882415771,0.026671936735510826,0.6443076729774475,0.4994557797908783,0.01093916967511177,0.6476010084152222,0.5122959613800049,0.0027424246072769165,0.6443191766738892,0.5293411612510681,0.0009455771651118994,Б
0.0,0.0,0.0,0.0,0.0,0.0,0.0,0.0,0.0,0.0,0.0,0.0,0.0,0.0,0.0,0.0,0.0,0.0,0.0,0.0,0.0,0.0,0.0,0.0,0.0,0.0,0.0,0.0,0.0,0.0,0.0,0.0,0.0,0.0,0.0,0.0,0.0,0.0,0.0,0.0,0.0,0.0,0.0,0.0,0.0,0.0,0.0,0.0,0.0,0.0,0.0,0.0,0.0,0.0,0.0,0.0,0.0,0.0,0.0,0.0,0.0,0.0,0.0,0.6383598446846008,0.6856687664985657,4.828456212635501e-07,0.6191766858100891,0.6447601318359375,-0.044073790311813354,0.6138633489608765,0.5874772071838379,-0.05250854045152664,0.6286234259605408,0.5295159220695496,-0.052830614149570465,0.6437931656837463,0.4833161532878876,-0.04946593567728996,0.568230926990509,0.5271443128585815,-0.013209606520831585,0.5652991533279419,0.4554423689842224,-0.019421182572841644,0.5700602531433105,0.4121154546737671,-0.026760857552289963,0.5750564336776733,0.3776307702064514,-0.0317840613424778,0.5930585265159607,0.5195703506469727,0.006310166325420141,0.5901567935943604,0.4544354975223541,-0.0011168603086844087,0.5998077392578125,0.42507272958755493,-0.009953496977686882,0.6083388328552246,0.408172070980072,-0.014363261871039867,0.6172178983688354,0.5246463418006897,0.01999574713408947,0.6229792833328247,0.4775734841823578,0.002849208889529109,0.6291648149490356,0.5002467632293701,-0.010483693331480026,0.630236804485321,0.525299072265625,-0.01361917331814766,0.6382911801338196,0.5358442068099976,0.03049394302070141,0.6436548233032227,0.4988011121749878,0.013891376554965973,0.6474859714508057,0.5082088112831116,0.003186337649822235,0.6457407474517822,0.5239464640617371,-0.00048016849905252457,Б
0.0,0.0,0.0,0.0,0.0,0.0,0.0,0.0,0.0,0.0,0.0,0.0,0.0,0.0,0.0,0.0,0.0,0.0,0.0,0.0,0.0,0.0,0.0,0.0,0.0,0.0,0.0,0.0,0.0,0.0,0.0,0.0,0.0,0.0,0.0,0.0,0.0,0.0,0.0,0.0,0.0,0.0,0.0,0.0,0.0,0.0,0.0,0.0,0.0,0.0,0.0,0.0,0.0,0.0,0.0,0.0,0.0,0.0,0.0,0.0,0.0,0.0,0.0,0.6390974521636963,0.6857113838195801,5.030590841670346e-07,0.6202977895736694,0.6447732448577881,-0.044690825045108795,0.6145535111427307,0.58754962682724,-0.053941551595926285,0.6277886629104614,0.5286950469017029,-0.05496380850672722,0.6425127983093262,0.48259860277175903,-0.052330441772937775,0.5675497055053711,0.5271490812301636,-0.013855538330972195,0.5647247433662415,0.4548982083797455,-0.020012816414237022,0.5693676471710205,0.41144630312919617,-0.02733837440609932,0.5740734338760376,0.3767470717430115,-0.03228256106376648,0.592174768447876,0.5193542242050171,0.006399836856871843,0.5900000333786011,0.4534319341182709,-0.0015745362034067512,0.6002407073974609,0.42451003193855286,-0.010698136873543262,0.6092755198478699,0.4083722233772278,-0.014985820278525352,0.6164076328277588,0.5239226222038269,0.020983751863241196,0.6220869421958923,0.4762035608291626,0.0038688150234520435,0.6284189820289612,0.49844229221343994,-0.009168374352157116,0.6302804350852966,0.5242897272109985,-0.011862876825034618,0.6371596455574036,0.5345078110694885,0.032368384301662445,0.642831563949585,0.49828583002090454,0.01618519052863121,0.6469319462776184,0.5052106380462646,0.005682823713868856,0.6460561752319336,0.518757700920105,0.0023532165214419365,Б
0.0,0.0,0.0,0.0,0.0,0.0,0.0,0.0,0.0,0.0,0.0,0.0,0.0,0.0,0.0,0.0,0.0,0.0,0.0,0.0,0.0,0.0,0.0,0.0,0.0,0.0,0.0,0.0,0.0,0.0,0.0,0.0,0.0,0.0,0.0,0.0,0.0,0.0,0.0,0.0,0.0,0.0,0.0,0.0,0.0,0.0,0.0,0.0,0.0,0.0,0.0,0.0,0.0,0.0,0.0,0.0,0.0,0.0,0.0,0.0,0.0,0.0,0.0,0.6368893384933472,0.6813918948173523,4.998312306270236e-07,0.6197072267532349,0.635972261428833,-0.047222405672073364,0.6132676601409912,0.577361524105072,-0.055932097136974335,0.6232591867446899,0.5192235708236694,-0.05517379567027092,0.6334130764007568,0.47202807664871216,-0.05057985708117485,0.5636581778526306,0.5223556160926819,-0.015271293930709362,0.5610151290893555,0.4494602382183075,-0.01987982541322708,0.5653327107429504,0.4037344455718994,-0.026071224361658096,0.569834291934967,0.3691309690475464,-0.02975175715982914,0.5883651375770569,0.5170959830284119,0.007527035661041737,0.5857494473457336,0.44998353719711304,0.001645737560465932,0.5964115262031555,0.42185279726982117,-0.007050652988255024,0.6065905690193176,0.4091070890426636,-0.010705524124205112,0.6130458116531372,0.5225319862365723,0.02464178390800953,0.6178796887397766,0.4746936857700348,0.00955167319625616,0.6275452971458435,0.48947131633758545,-0.005173845682293177,0.6324517726898193,0.5096210241317749,-0.009151519276201725,0.633983850479126,0.5327014923095703,0.038591641932725906,0.6362311840057373,0.4969474673271179,0.025045473128557205,0.6419652700424194,0.5005092620849609,0.014674673788249493,0.6437389850616455,0.512028157711029,0.011203615926206112,Б
0.0,0.0,0.0,0.0,0.0,0.0,0.0,0.0,0.0,0.0,0.0,0.0,0.0,0.0,0.0,0.0,0.0,0.0,0.0,0.0,0.0,0.0,0.0,0.0,0.0,0.0,0.0,0.0,0.0,0.0,0.0,0.0,0.0,0.0,0.0,0.0,0.0,0.0,0.0,0.0,0.0,0.0,0.0,0.0,0.0,0.0,0.0,0.0,0.0,0.0,0.0,0.0,0.0,0.0,0.0,0.0,0.0,0.0,0.0,0.0,0.0,0.0,0.0,0.6335642337799072,0.6851540803909302,4.823003791898373e-07,0.6148984432220459,0.6419934034347534,-0.04275750741362572,0.6089164614677429,0.5856825113296509,-0.051739539951086044,0.6203984618186951,0.5264832973480225,-0.05307985097169876,0.6357471942901611,0.4807681143283844,-0.050973087549209595,0.5601192116737366,0.5268042683601379,-0.01128265168517828,0.557879626750946,0.45459648966789246,-0.018411407247185707,0.5621693134307861,0.40896075963974,-0.026292024180293083,0.5669317841529846,0.3745511472225189,-0.03107615001499653,0.5858173370361328,0.5194687247276306,0.008059713989496231,0.5848621129989624,0.4523141384124756,-0.0012307617580518126,0.594071090221405,0.427776038646698,-0.010937083512544632,0.6016100645065308,0.41628968715667725,-0.014559241943061352,0.6109813451766968,0.5229656100273132,0.021894115954637527,0.6165017485618591,0.47780686616897583,0.005122851580381393,0.6230939030647278,0.4964262545108795,-0.007212866097688675,0.6248984336853027,0.5186890959739685,-0.00900619849562645,0.6315287351608276,0.5334787368774414,0.0326920822262764,0.6352054476737976,0.4970927834510803,0.019422847777605057,0.6391558647155762,0.5043675899505615,0.011596417054533958,0.6384739279747009,0.5185778737068176,0.010228853672742844,Б
0.0,0.0,0.0,0.0,0.0,0.0,0.0,0.0,0.0,0.0,0.0,0.0,0.0,0.0,0.0,0.0,0.0,0.0,0.0,0.0,0.0,0.0,0.0,0.0,0.0,0.0,0.0,0.0,0.0,0.0,0.0,0.0,0.0,0.0,0.0,0.0,0.0,0.0,0.0,0.0,0.0,0.0,0.0,0.0,0.0,0.0,0.0,0.0,0.0,0.0,0.0,0.0,0.0,0.0,0.0,0.0,0.0,0.0,0.0,0.0,0.0,0.0,0.0,0.6320499777793884,0.6889637112617493,4.811132043869293e-07,0.6137852668762207,0.6442217826843262,-0.043410055339336395,0.608993411064148,0.5855011940002441,-0.050670113414525986,0.6207033395767212,0.5266640782356262,-0.049395184963941574,0.6355264186859131,0.4824025332927704,-0.04421098902821541,0.5579403042793274,0.5300929546356201,-0.012205950915813446,0.5554302930831909,0.4565274715423584,-0.018246684223413467,0.5595377087593079,0.41181084513664246,-0.0243453998118639,0.5639714598655701,0.37781575322151184,-0.027511805295944214,0.5830495357513428,0.5232397317886353,0.00855349376797676,0.5822741985321045,0.45595782995224,0.0017468053847551346,0.5913154482841492,0.42843469977378845,-0.005066679324954748,0.5979586839675903,0.41307324171066284,-0.0068296934477984905,0.607729434967041,0.526974618434906,0.023581651970744133,0.6153959035873413,0.4830904006958008,0.007456829305738211,0.6216239333152771,0.5085234642028809,-0.003425710601732135,0.6210935711860657,0.533078134059906,-0.003780561266466975,0.6281273365020752,0.5375691652297974,0.035579707473516464,0.632919192314148,0.5044311285018921,0.022057896479964256,0.6372591257095337,0.5166885852813721,0.014655566774308681,0.6357118487358093,0.5335671305656433,0.014007262885570526,Б
0.0,0.0,0.0,0.0,0.0,0.0,0.0,0.0,0.0,0.0,0.0,0.0,0.0,0.0,0.0,0.0,0.0,0.0,0.0,0.0,0.0,0.0,0.0,0.0,0.0,0.0,0.0,0.0,0.0,0.0,0.0,0.0,0.0,0.0,0.0,0.0,0.0,0.0,0.0,0.0,0.0,0.0,0.0,0.0,0.0,0.0,0.0,0.0,0.0,0.0,0.0,0.0,0.0,0.0,0.0,0.0,0.0,0.0,0.0,0.0,0.0,0.0,0.0,0.6319646835327148,0.6857019066810608,4.781197731063003e-07,0.6140989661216736,0.6413346529006958,-0.042622942477464676,0.6078154444694519,0.5834986567497253,-0.05070715770125389,0.6187307238578796,0.5257719159126282,-0.050762567669153214,0.6340328454971313,0.4816632866859436,-0.047149788588285446,0.5577003955841064,0.5285054445266724,-0.012597622349858284,0.5553375482559204,0.45575058460235596,-0.01956271007657051,0.5592375993728638,0.4109992980957031,-0.02643408626317978,0.5629836320877075,0.37681350111961365,-0.030347071588039398,0.582496166229248,0.5205714106559753,0.007115430664271116,0.5827792882919312,0.4533563256263733,-0.0015592549461871386,0.5920053720474243,0.42861372232437134,-0.009336915798485279,0.5981882810592651,0.4156869351863861,-0.01161506213247776,0.6067643165588379,0.5233022570610046,0.021276196464896202,0.6140829920768738,0.4783070385456085,0.0044069173745810986,0.6199352145195007,0.5017808675765991,-0.006239483132958412,0.6194729804992676,0.5257772207260132,-0.006613539531826973,0.6268749237060547,0.5328662991523743,0.032397590577602386,0.6323001980781555,0.4994478225708008,0.018780376762151718,0.6364166736602783,0.5098230838775635,0.011587505228817463,0.6347707509994507,0.5251362919807434,0.010888297110795975,Б
0.0,0.0,0.0,0.0,0.0,0.0,0.0,0.0,0.0,0.0,0.0,0.0,0.0,0.0,0.0,0.0,0.0,0.0,0.0,0.0,0.0,0.0,0.0,0.0,0.0,0.0,0.0,0.0,0.0,0.0,0.0,0.0,0.0,0.0,0.0,0.0,0.0,0.0,0.0,0.0,0.0,0.0,0.0,0.0,0.0,0.0,0.0,0.0,0.0,0.0,0.0,0.0,0.0,0.0,0.0,0.0,0.0,0.0,0.0,0.0,0.0,0.0,0.0,0.6324012279510498,0.6850991249084473,4.905771788799029e-07,0.6139410734176636,0.6433302164077759,-0.04290258511900902,0.6076399683952332,0.5843493342399597,-0.05184975638985634,0.6182636022567749,0.5248934626579285,-0.05295342579483986,0.634278416633606,0.48168686032295227,-0.05061204358935356,0.5572760105133057,0.5270568132400513,-0.013222363777458668,0.5541335344314575,0.45488470792770386,-0.020541464909911156,0.5579534769058228,0.41008371114730835,-0.028158558532595634,0.5620245933532715,0.37568557262420654,-0.03281838819384575,0.582493245601654,0.5186829566955566,0.006165373604744673,0.5816222429275513,0.45207667350769043,-0.0031042969785630703,0.5904584527015686,0.42667779326438904,-0.011933662928640842,0.597098708152771,0.41292399168014526,-0.015140614472329617,0.6072731614112854,0.5213779807090759,0.02011561393737793,0.6127845048904419,0.4759162366390228,0.0028728251345455647,0.6178635954856873,0.4979059100151062,-0.008612903766334057,0.6183853149414062,0.5223588943481445,-0.009732458740472794,0.6279351115226746,0.5311914086341858,0.031030859798192978,0.6315257549285889,0.4969567656517029,0.01692221872508526,0.6352924108505249,0.5063035488128662,0.009235807694494724,0.6347799897193909,0.521537184715271,0.008135042153298855,Б
0.0,0.0,0.0,0.0,0.0,0.0,0.0,0.0,0.0,0.0,0.0,0.0,0.0,0.0,0.0,0.0,0.0,0.0,0.0,0.0,0.0,0.0,0.0,0.0,0.0,0.0,0.0,0.0,0.0,0.0,0.0,0.0,0.0,0.0,0.0,0.0,0.0,0.0,0.0,0.0,0.0,0.0,0.0,0.0,0.0,0.0,0.0,0.0,0.0,0.0,0.0,0.0,0.0,0.0,0.0,0.0,0.0,0.0,0.0,0.0,0.0,0.0,0.0,0.6310890913009644,0.6911236047744751,4.779963092005346e-07,0.610807478427887,0.6500915288925171,-0.04232151806354523,0.6042671203613281,0.5912667512893677,-0.050269924104213715,0.6165676712989807,0.5308182239532471,-0.05033327639102936,0.6316790580749512,0.4858182370662689,-0.046675361692905426,0.554254949092865,0.5332009196281433,-0.012831354513764381,0.5514516830444336,0.46086233854293823,-0.021591847762465477,0.5554028749465942,0.4151698350906372,-0.029816759750247,0.5597506165504456,0.3794586658477783,-0.03458477556705475,0.5800325274467468,0.5237224102020264,0.005622574128210545,0.5787718296051025,0.45677536725997925,-0.004588615149259567,0.5876133441925049,0.4316052794456482,-0.012760111130774021,0.5942522883415222,0.41737422347068787,-0.01492712739855051,0.6052303910255432,0.5259056687355042,0.018350083380937576,0.6125338673591614,0.4830983281135559,-9.949332888936624e-05,0.6175065636634827,0.5115450620651245,-0.009916102513670921,0.6159075498580933,0.5369726419448853,-0.009160434827208519,0.6270313262939453,0.5363314747810364,0.02796044945716858,0.6315696835517883,0.5034822225570679,0.013519549742341042,0.6351829767227173,0.5166228413581848,0.007286908570677042,0.6326791644096375,0.5329850316047668,0.007635136134922504,Б
0.0,0.0,0.0,0.0,0.0,0.0,0.0,0.0,0.0,0.0,0.0,0.0,0.0,0.0,0.0,0.0,0.0,0.0,0.0,0.0,0.0,0.0,0.0,0.0,0.0,0.0,0.0,0.0,0.0,0.0,0.0,0.0,0.0,0.0,0.0,0.0,0.0,0.0,0.0,0.0,0.0,0.0,0.0,0.0,0.0,0.0,0.0,0.0,0.0,0.0,0.0,0.0,0.0,0.0,0.0,0.0,0.0,0.0,0.0,0.0,0.0,0.0,0.0,0.6309205293655396,0.6901270747184753,4.7322328100563027e-07,0.6110243797302246,0.6477590203285217,-0.04261274263262749,0.6046104431152344,0.5887434482574463,-0.050132885575294495,0.6160274147987366,0.5290653705596924,-0.04947654902935028,0.631395697593689,0.48483702540397644,-0.045259907841682434,0.5545748472213745,0.5299985408782959,-0.01147106196731329,0.5507463216781616,0.45844465494155884,-0.017481334507465363,0.5540300607681274,0.4139583706855774,-0.025056209415197372,0.5576058626174927,0.37939974665641785,-0.030171019956469536,0.5798318386077881,0.5215278267860413,0.008036496117711067,0.5775089859962463,0.45712292194366455,0.001134722726419568,0.5871646404266357,0.4293549656867981,-0.0075597818940877914,0.5946890115737915,0.41241270303726196,-0.01173203531652689,0.6049627065658569,0.5247669816017151,0.021961180493235588,0.609142541885376,0.47948601841926575,0.006482565775513649,0.615334153175354,0.5002497434616089,-0.005553131457418203,0.6164044141769409,0.5234531760215759,-0.008083825930953026,0.6269981861114502,0.5352879166603088,0.0327824167907238,0.6293291449546814,0.5002809762954712,0.018669098615646362,0.6338408589363098,0.5095594525337219,0.010119451209902763,0.6335890293121338,0.5252835154533386,0.007925210520625114,Б
0.0,0.0,0.0,0.0,0.0,0.0,0.0,0.0,0.0,0.0,0.0,0.0,0.0,0.0,0.0,0.0,0.0,0.0,0.0,0.0,0.0,0.0,0.0,0.0,0.0,0.0,0.0,0.0,0.0,0.0,0.0,0.0,0.0,0.0,0.0,0.0,0.0,0.0,0.0,0.0,0.0,0.0,0.0,0.0,0.0,0.0,0.0,0.0,0.0,0.0,0.0,0.0,0.0,0.0,0.0,0.0,0.0,0.0,0.0,0.0,0.0,0.0,0.0,0.6292820572853088,0.6904774904251099,4.937288622386404e-07,0.6099057197570801,0.6524275541305542,-0.044154100120067596,0.6031441688537598,0.5941698551177979,-0.05368749052286148,0.6153231859207153,0.5334526300430298,-0.05524377152323723,0.6312856078147888,0.48663273453712463,-0.053122080862522125,0.5541733503341675,0.5305841565132141,-0.01469080988317728,0.5504809617996216,0.4582239091396332,-0.0225700493901968,0.5537970662117004,0.4128634035587311,-0.030480964109301567,0.5575773119926453,0.3770027756690979,-0.03560679405927658,0.5794740915298462,0.5213972330093384,0.004460766911506653,0.5762466192245483,0.45557132363319397,-0.005038141738623381,0.5842965841293335,0.4276887774467468,-0.013386202976107597,0.5912029147148132,0.41149377822875977,-0.016595568507909775,0.6046231389045715,0.5251352190971375,0.017836185172200203,0.611149251461029,0.48051968216896057,-0.0004836783919017762,0.6155811548233032,0.5067472457885742,-0.011502563022077084,0.6151445508003235,0.5327887535095215,-0.012342211790382862,0.6264352202415466,0.5358794927597046,0.02798517607152462,0.6307140588760376,0.5023764371871948,0.012001591734588146,0.6338820457458496,0.5153668522834778,0.0037494776770472527,0.6322982907295227,0.5318247079849243,0.0022774545941501856,Б
0.0,0.0,0.0,0.0,0.0,0.0,0.0,0.0,0.0,0.0,0.0,0.0,0.0,0.0,0.0,0.0,0.0,0.0,0.0,0.0,0.0,0.0,0.0,0.0,0.0,0.0,0.0,0.0,0.0,0.0,0.0,0.0,0.0,0.0,0.0,0.0,0.0,0.0,0.0,0.0,0.0,0.0,0.0,0.0,0.0,0.0,0.0,0.0,0.0,0.0,0.0,0.0,0.0,0.0,0.0,0.0,0.0,0.0,0.0,0.0,0.0,0.0,0.0,0.6288577318191528,0.6918797492980957,4.956403927280917e-07,0.6091260313987732,0.6516624689102173,-0.0445278063416481,0.6027629375457764,0.5930405855178833,-0.053436633199453354,0.6153027415275574,0.5326125621795654,-0.05416269600391388,0.6304434537887573,0.4857518672943115,-0.05108986422419548,0.5538290739059448,0.5302014350891113,-0.013589149340987206,0.5505608916282654,0.458228200674057,-0.020705439150333405,0.553941011428833,0.4134247303009033,-0.02814420871436596,0.5576930642127991,0.3777070641517639,-0.032898638397455215,0.5791292786598206,0.5218973159790039,0.006048604846000671,0.5752824544906616,0.4568479061126709,-0.0027292626909911633,0.5820176601409912,0.42776966094970703,-0.010904996655881405,0.5880771279335022,0.41000694036483765,-0.014007152058184147,0.6042887568473816,0.526535153388977,0.019776081666350365,0.6109220385551453,0.4826628565788269,0.0012678938219323754,0.6153813004493713,0.5097779035568237,-0.010259820148348808,0.6150144934654236,0.5359563231468201,-0.011182785034179688,0.6261898279190063,0.5375706553459167,0.030312731862068176,0.6306554079055786,0.5049458742141724,0.01399398036301136,0.6335911154747009,0.5184273719787598,0.005395711399614811,0.6318390965461731,0.5348302721977234,0.0038427473045885563,Б
0.0,0.0,0.0,0.0,0.0,0.0,0.0,0.0,0.0,0.0,0.0,0.0,0.0,0.0,0.0,0.0,0.0,0.0,0.0,0.0,0.0,0.0,0.0,0.0,0.0,0.0,0.0,0.0,0.0,0.0,0.0,0.0,0.0,0.0,0.0,0.0,0.0,0.0,0.0,0.0,0.0,0.0,0.0,0.0,0.0,0.0,0.0,0.0,0.0,0.0,0.0,0.0,0.0,0.0,0.0,0.0,0.0,0.0,0.0,0.0,0.0,0.0,0.0,0.630725622177124,0.6913461685180664,5.060562671133084e-07,0.610220730304718,0.6489651799201965,-0.04399407282471657,0.6029195189476013,0.5902730822563171,-0.052750907838344574,0.615208089351654,0.528921365737915,-0.05350189283490181,0.6305129528045654,0.482744961977005,-0.050451792776584625,0.5539180040359497,0.5308528542518616,-0.011919602751731873,0.5493985414505005,0.45815396308898926,-0.018127378076314926,0.552797257900238,0.4123728573322296,-0.025316555052995682,0.5562649965286255,0.3762049078941345,-0.030035536736249924,0.5790724754333496,0.5219757556915283,0.007884688675403595,0.5737892389297485,0.4547433853149414,-0.0005553049850277603,0.5810585021972656,0.4249937832355499,-0.009146277792751789,0.5876827836036682,0.4077675938606262,-0.012540243566036224,0.6047219038009644,0.5258482694625854,0.02189534716308117,0.6091586351394653,0.4778364896774292,0.004069637507200241,0.6141465902328491,0.5025262236595154,-0.007828980684280396,0.6152114868164062,0.5291469097137451,-0.00914024654775858,0.6267588138580322,0.5357972979545593,0.03276682272553444,0.6302124857902527,0.49975520372390747,0.016543829813599586,0.6326704025268555,0.5097529292106628,0.007203867193311453,0.6311922669410706,0.5247834324836731,0.005045476369559765,Б
0.0,0.0,0.0,0.0,0.0,0.0,0.0,0.0,0.0,0.0,0.0,0.0,0.0,0.0,0.0,0.0,0.0,0.0,0.0,0.0,0.0,0.0,0.0,0.0,0.0,0.0,0.0,0.0,0.0,0.0,0.0,0.0,0.0,0.0,0.0,0.0,0.0,0.0,0.0,0.0,0.0,0.0,0.0,0.0,0.0,0.0,0.0,0.0,0.0,0.0,0.0,0.0,0.0,0.0,0.0,0.0,0.0,0.0,0.0,0.0,0.0,0.0,0.0,0.6292802691459656,0.689821720123291,5.041637223257567e-07,0.6088988780975342,0.651364803314209,-0.045045699924230576,0.6015592813491821,0.5929016470909119,-0.05501549318432808,0.6146902441978455,0.5320872664451599,-0.056911054998636246,0.6301628947257996,0.48414286971092224,-0.05517932027578354,0.5541722178459167,0.5284708142280579,-0.015267563983798027,0.5498732328414917,0.4553879201412201,-0.02243814431130886,0.5529558658599854,0.41100773215293884,-0.030233222991228104,0.5564173460006714,0.3758668303489685,-0.03549336642026901,0.5796195864677429,0.5199938416481018,0.0041279722936451435,0.575509250164032,0.4528716802597046,-0.0043638236820697784,0.5827069282531738,0.42322394251823425,-0.013026938773691654,0.5893368721008301,0.40572720766067505,-0.016969934105873108,0.6047393083572388,0.5248143672943115,0.017714351415634155,0.6101176738739014,0.47779789566993713,3.3399508538423106e-05,0.6145544648170471,0.5035954117774963,-0.011834243312478065,0.6146783828735352,0.5300120711326599,-0.013662174344062805,0.6267640590667725,0.5361842513084412,0.02800130844116211,0.6307507753372192,0.4999314844608307,0.01200743019580841,0.633978545665741,0.5123411417007446,0.0031815844122320414,0.6326976418495178,0.5291367173194885,0.0010296247201040387,Б
0.0,0.0,0.0,0.0,0.0,0.0,0.0,0.0,0.0,0.0,0.0,0.0,0.0,0.0,0.0,0.0,0.0,0.0,0.0,0.0,0.0,0.0,0.0,0.0,0.0,0.0,0.0,0.0,0.0,0.0,0.0,0.0,0.0,0.0,0.0,0.0,0.0,0.0,0.0,0.0,0.0,0.0,0.0,0.0,0.0,0.0,0.0,0.0,0.0,0.0,0.0,0.0,0.0,0.0,0.0,0.0,0.0,0.0,0.0,0.0,0.0,0.0,0.0,0.631274938583374,0.6881824731826782,5.054151301919774e-07,0.610909104347229,0.6480591297149658,-0.0440739169716835,0.6027166843414307,0.5899847745895386,-0.05422113090753555,0.6150174140930176,0.528918981552124,-0.05662823095917702,0.6308788061141968,0.4819600284099579,-0.05533870682120323,0.5548092722892761,0.5296527743339539,-0.015085472725331783,0.5493220090866089,0.4566453993320465,-0.023442398756742477,0.5527133941650391,0.41078734397888184,-0.031381454318761826,0.5562093257904053,0.3747684359550476,-0.036287397146224976,0.5799921751022339,0.5199130177497864,0.004054028075188398,0.5745084285736084,0.4525361657142639,-0.006311685778200626,0.5818983912467957,0.4234522581100464,-0.014589418657124043,0.5884550213813782,0.406678706407547,-0.017357097938656807,0.6052932143211365,0.5231341123580933,0.017491279169917107,0.6109026074409485,0.47752872109413147,-0.0015978907467797399,0.6156429648399353,0.5040231943130493,-0.011963504366576672,0.6161314845085144,0.5310714244842529,-0.011820443905889988,0.6267861127853394,0.5327726006507874,0.02769288793206215,0.6309882402420044,0.4991554617881775,0.011343486607074738,0.6335960030555725,0.5112493634223938,0.003377639688551426,0.6321879029273987,0.5267394185066223,0.002432012464851141,Б
0.0,0.0,0.0,0.0,0.0,0.0,0.0,0.0,0.0,0.0,0.0,0.0,0.0,0.0,0.0,0.0,0.0,0.0,0.0,0.0,0.0,0.0,0.0,0.0,0.0,0.0,0.0,0.0,0.0,0.0,0.0,0.0,0.0,0.0,0.0,0.0,0.0,0.0,0.0,0.0,0.0,0.0,0.0,0.0,0.0,0.0,0.0,0.0,0.0,0.0,0.0,0.0,0.0,0.0,0.0,0.0,0.0,0.0,0.0,0.0,0.0,0.0,0.0,0.6311643719673157,0.6892306208610535,5.119623551763652e-07,0.6103664040565491,0.6481102108955383,-0.0444880835711956,0.6030659675598145,0.5881502032279968,-0.05451498180627823,0.6159740686416626,0.5264100432395935,-0.056683070957660675,0.6313701272010803,0.47815051674842834,-0.05523039028048515,0.5547076463699341,0.5273209810256958,-0.014903073199093342,0.5502155423164368,0.4536873698234558,-0.02322578988969326,0.5529724955558777,0.40690019726753235,-0.031558819115161896,0.5558736324310303,0.37032076716423035,-0.03675298020243645,0.5804800987243652,0.5179310441017151,0.004123893566429615,0.5762354731559753,0.4480499029159546,-0.00617375411093235,0.5827978253364563,0.41844695806503296,-0.01538973767310381,0.5890476107597351,0.40205588936805725,-0.018834155052900314,0.6064416170120239,0.5215983986854553,0.017416080459952354,0.6119633316993713,0.47316616773605347,-0.0015470747603103518,0.6167781352996826,0.4988976716995239,-0.013033581897616386,0.6177536845207214,0.5254355669021606,-0.01373285986483097,0.6286985874176025,0.532408595085144,0.027494365349411964,0.632073700428009,0.4958666265010834,0.011746728792786598,0.6348949074745178,0.5053942203521729,0.0036213123239576817,0.6338657736778259,0.5193528532981873,0.0023671367671340704,Б
0.0,0.0,0.0,0.0,0.0,0.0,0.0,0.0,0.0,0.0,0.0,0.0,0.0,0.0,0.0,0.0,0.0,0.0,0.0,0.0,0.0,0.0,0.0,0.0,0.0,0.0,0.0,0.0,0.0,0.0,0.0,0.0,0.0,0.0,0.0,0.0,0.0,0.0,0.0,0.0,0.0,0.0,0.0,0.0,0.0,0.0,0.0,0.0,0.0,0.0,0.0,0.0,0.0,0.0,0.0,0.0,0.0,0.0,0.0,0.0,0.0,0.0,0.0,0.6287935972213745,0.6890103220939636,4.946429612573411e-07,0.6093724370002747,0.6482009291648865,-0.046201396733522415,0.6032681465148926,0.5874634981155396,-0.0541963167488575,0.6159473657608032,0.5261110663414001,-0.053109027445316315,0.6320422291755676,0.48041021823883057,-0.04781292378902435,0.5525499582290649,0.5280649662017822,-0.01581026241183281,0.5481820106506348,0.4536309242248535,-0.023606128990650177,0.5512046813964844,0.407745897769928,-0.03100704587996006,0.5542844533920288,0.37117961049079895,-0.0352470725774765,0.5777841806411743,0.5186986327171326,0.004826187156140804,0.5739815831184387,0.4501907229423523,-0.003628272097557783,0.5818432569503784,0.42152079939842224,-0.010778059251606464,0.5884577035903931,0.40491944551467896,-0.012685307301580906,0.6024250388145447,0.5218891501426697,0.019322747364640236,0.6103373765945435,0.47646576166152954,0.0011882447870448232,0.6153423190116882,0.5054277181625366,-0.00966567825525999,0.6139615178108215,0.5320249199867249,-0.009650294668972492,0.6237666606903076,0.5327565670013428,0.030387213453650475,0.6297073364257812,0.4992978870868683,0.01509846094995737,0.6334139704704285,0.5118736028671265,0.007259779144078493,0.6310129165649414,0.5285526514053345,0.006414854433387518,Б
0.0,0.0,0.0,0.0,0.0,0.0,0.0,0.0,0.0,0.0,0.0,0.0,0.0,0.0,0.0,0.0,0.0,0.0,0.0,0.0,0.0,0.0,0.0,0.0,0.0,0.0,0.0,0.0,0.0,0.0,0.0,0.0,0.0,0.0,0.0,0.0,0.0,0.0,0.0,0.0,0.0,0.0,0.0,0.0,0.0,0.0,0.0,0.0,0.0,0.0,0.0,0.0,0.0,0.0,0.0,0.0,0.0,0.0,0.0,0.0,0.0,0.0,0.0,0.6271353960037231,0.6867609024047852,5.28600310190086e-07,0.6076655983924866,0.6468008160591125,-0.046157341450452805,0.5998231172561646,0.5887150168418884,-0.0567377544939518,0.6111994385719299,0.5276917815208435,-0.058956678956747055,0.626013994216919,0.479189395904541,-0.05748917534947395,0.5509563684463501,0.5263816714286804,-0.016451289877295494,0.5457028746604919,0.45298701524734497,-0.024297060444951057,0.5485947728157043,0.40684831142425537,-0.03231169283390045,0.5518025159835815,0.37088707089424133,-0.037224311381578445,0.576213538646698,0.5176026821136475,0.003995145205408335,0.5723262429237366,0.4508516788482666,-0.004916933830827475,0.5811081528663635,0.4212605953216553,-0.0135551318526268,0.5888294577598572,0.4049164652824402,-0.016911689192056656,0.601273775100708,0.5213608741760254,0.018639137968420982,0.6063759326934814,0.4766596555709839,0.0010662619024515152,0.6122018098831177,0.5002152323722839,-0.010361776687204838,0.6130079627037048,0.5249887108802795,-0.011456059291958809,0.6228228807449341,0.531831681728363,0.029941748827695847,0.626406192779541,0.4968808591365814,0.015424744226038456,0.6311916708946228,0.5072879791259766,0.00795199628919363,0.6313467025756836,0.5224171876907349,0.007009088061749935,Б
0.0,0.0,0.0,0.0,0.0,0.0,0.0,0.0,0.0,0.0,0.0,0.0,0.0,0.0,0.0,0.0,0.0,0.0,0.0,0.0,0.0,0.0,0.0,0.0,0.0,0.0,0.0,0.0,0.0,0.0,0.0,0.0,0.0,0.0,0.0,0.0,0.0,0.0,0.0,0.0,0.0,0.0,0.0,0.0,0.0,0.0,0.0,0.0,0.0,0.0,0.0,0.0,0.0,0.0,0.0,0.0,0.0,0.0,0.0,0.0,0.0,0.0,0.0,0.6265336275100708,0.6878530979156494,5.205527031648671e-07,0.6058762073516846,0.6485862731933594,-0.046594325453042984,0.5974095463752747,0.5904555320739746,-0.056348107755184174,0.6105578541755676,0.5293173789978027,-0.05746077746152878,0.6268906593322754,0.4817417562007904,-0.05474954470992088,0.5504605770111084,0.5263367891311646,-0.016254950314760208,0.5450710654258728,0.45260703563690186,-0.02341928705573082,0.5478017330169678,0.4075166881084442,-0.0310803335160017,0.5509231090545654,0.37096381187438965,-0.03604412451386452,0.5751423835754395,0.5171974301338196,0.004130035638809204,0.5693273544311523,0.4514000117778778,-0.003847729880362749,0.5769035220146179,0.4196197986602783,-0.01206896174699068,0.5845926403999329,0.40012893080711365,-0.01565701700747013,0.5998416543006897,0.5213877558708191,0.018463660031557083,0.6055825352668762,0.47560232877731323,0.0006206163670867682,0.6113936901092529,0.4998985826969147,-0.011681901291012764,0.6124297380447388,0.5246648192405701,-0.013551737181842327,0.6217015981674194,0.5320037603378296,0.029355831444263458,0.626419723033905,0.4969787895679474,0.013194036670029163,0.6306869983673096,0.5079851150512695,0.00400228425860405,0.6301551461219788,0.5233280658721924,0.0017929638270288706,Б
0.0,0.0,0.0,0.0,0.0,0.0,0.0,0.0,0.0,0.0,0.0,0.0,0.0,0.0,0.0,0.0,0.0,0.0,0.0,0.0,0.0,0.0,0.0,0.0,0.0,0.0,0.0,0.0,0.0,0.0,0.0,0.0,0.0,0.0,0.0,0.0,0.0,0.0,0.0,0.0,0.0,0.0,0.0,0.0,0.0,0.0,0.0,0.0,0.0,0.0,0.0,0.0,0.0,0.0,0.0,0.0,0.0,0.0,0.0,0.0,0.0,0.0,0.0,0.6282598972320557,0.6874420046806335,5.054255893810478e-07,0.6098547577857971,0.6498696804046631,-0.045783139765262604,0.6019158959388733,0.5931953191757202,-0.05647634342312813,0.612971305847168,0.5328055620193481,-0.0590025968849659,0.6273033022880554,0.4849478006362915,-0.05779535695910454,0.5533222556114197,0.5285326838493347,-0.016745487228035927,0.5466367602348328,0.4563140571117401,-0.024202125146985054,0.5486576557159424,0.41056349873542786,-0.031759850680828094,0.5509608387947083,0.3742075562477112,-0.0366821251809597,0.5774101614952087,0.5190483331680298,0.0030862598214298487,0.5718173384666443,0.45248302817344666,-0.005412043537944555,0.5803504586219788,0.42270171642303467,-0.013143736869096756,0.5881465077400208,0.4067767262458801,-0.016236547380685806,0.6018699407577515,0.5229188203811646,0.017110750079154968,0.6071017384529114,0.47629040479660034,-0.0005029746680520475,0.613262414932251,0.49929118156433105,-0.011391298845410347,0.6139889359474182,0.5246464610099792,-0.012490902096033096,0.6236981749534607,0.5333774089813232,0.027743970975279808,0.6289449334144592,0.4960209131240845,0.012259574607014656,0.633374035358429,0.5071491599082947,0.004239640198647976,0.6323421001434326,0.5236514210700989,0.002672818023711443,Б
0.0,0.0,0.0,0.0,0.0,0.0,0.0,0.0,0.0,0.0,0.0,0.0,0.0,0.0,0.0,0.0,0.0,0.0,0.0,0.0,0.0,0.0,0.0,0.0,0.0,0.0,0.0,0.0,0.0,0.0,0.0,0.0,0.0,0.0,0.0,0.0,0.0,0.0,0.0,0.0,0.0,0.0,0.0,0.0,0.0,0.0,0.0,0.0,0.0,0.0,0.0,0.0,0.0,0.0,0.0,0.0,0.0,0.0,0.0,0.0,0.0,0.0,0.0,0.6284440755844116,0.686531662940979,4.998879603590467e-07,0.6100229620933533,0.6486433744430542,-0.04620993882417679,0.6026351451873779,0.5905011892318726,-0.056073348969221115,0.6146824955940247,0.5304970741271973,-0.057392898947000504,0.6299695372581482,0.48269978165626526,-0.05500505119562149,0.5545235872268677,0.5272027254104614,-0.0164053812623024,0.549241304397583,0.4552689790725708,-0.023118536919355392,0.5514893531799316,0.40968313813209534,-0.030274076387286186,0.553321361541748,0.3737638592720032,-0.035045381635427475,0.5781972408294678,0.5192031860351562,0.003833174239844084,0.5727803111076355,0.4521176218986511,-0.003989581950008869,0.580299437046051,0.423559308052063,-0.011626668274402618,0.5862552523612976,0.4073912799358368,-0.014660073444247246,0.6022514700889587,0.5245619416236877,0.018216589465737343,0.6082254648208618,0.4764065742492676,0.0005855499766767025,0.6144969463348389,0.5024832487106323,-0.01062223594635725,0.6140307188034058,0.528061032295227,-0.011752855032682419,0.6236516237258911,0.5365940928459167,0.029259642586112022,0.6289061903953552,0.4988788068294525,0.013314109295606613,0.6338109374046326,0.5102883577346802,0.004792666528373957,0.6321732401847839,0.5257101058959961,0.002956792013719678,Б
0.0,0.0,0.0,0.0,0.0,0.0,0.0,0.0,0.0,0.0,0.0,0.0,0.0,0.0,0.0,0.0,0.0,0.0,0.0,0.0,0.0,0.0,0.0,0.0,0.0,0.0,0.0,0.0,0.0,0.0,0.0,0.0,0.0,0.0,0.0,0.0,0.0,0.0,0.0,0.0,0.0,0.0,0.0,0.0,0.0,0.0,0.0,0.0,0.0,0.0,0.0,0.0,0.0,0.0,0.0,0.0,0.0,0.0,0.0,0.0,0.0,0.0,0.0,0.6294456720352173,0.690568208694458,5.166861569705361e-07,0.6105663180351257,0.6523557305335999,-0.046963755041360855,0.6037607789039612,0.5946254730224609,-0.05803221836686134,0.6155785322189331,0.5336923003196716,-0.06070304661989212,0.6293185949325562,0.4834550619125366,-0.059818219393491745,0.55564945936203,0.5299878120422363,-0.016511069610714912,0.5504142045974731,0.4576564431190491,-0.02312569133937359,0.5534290075302124,0.411465048789978,-0.03093026764690876,0.5569334030151367,0.3753787875175476,-0.03638388589024544,0.5802252888679504,0.5212767124176025,0.004303804133087397,0.5740666389465332,0.45494094491004944,-0.0034047269728034735,0.5817347168922424,0.42407310009002686,-0.01201066467911005,0.5892840027809143,0.4069962501525879,-0.016295963898301125,0.6053681373596191,0.5258690714836121,0.019286101683974266,0.6096135377883911,0.47634652256965637,0.0024221264757215977,0.6155487298965454,0.4973766803741455,-0.009481879882514477,0.6168481111526489,0.5217002630233765,-0.01193409413099289,0.6277316808700562,0.5362046957015991,0.03080940805375576,0.6318777799606323,0.49719521403312683,0.01468995027244091,0.6360329389572144,0.5065106749534607,0.005194497294723988,0.6350810527801514,0.5205744504928589,0.0023280803579837084,Б
0.0,0.0,0.0,0.0,0.0,0.0,0.0,0.0,0.0,0.0,0.0,0.0,0.0,0.0,0.0,0.0,0.0,0.0,0.0,0.0,0.0,0.0,0.0,0.0,0.0,0.0,0.0,0.0,0.0,0.0,0.0,0.0,0.0,0.0,0.0,0.0,0.0,0.0,0.0,0.0,0.0,0.0,0.0,0.0,0.0,0.0,0.0,0.0,0.0,0.0,0.0,0.0,0.0,0.0,0.0,0.0,0.0,0.0,0.0,0.0,0.0,0.0,0.0,0.6283657550811768,0.6901980042457581,5.148581863068102e-07,0.6093845963478088,0.6529281139373779,-0.04743010178208351,0.6032622456550598,0.5951616764068604,-0.05822693556547165,0.6166682243347168,0.5342828035354614,-0.060423675924539566,0.6306249499320984,0.4837791919708252,-0.05887804925441742,0.5555484890937805,0.5287532210350037,-0.016821730881929398,0.5507574081420898,0.4559706747531891,-0.02348976582288742,0.553433358669281,0.41053444147109985,-0.031141432002186775,0.5559943914413452,0.37471508979797363,-0.036521732807159424,0.5801601409912109,0.5202502012252808,0.003916618414223194,0.5752111673355103,0.45316559076309204,-0.004090721253305674,0.5833271741867065,0.42317500710487366,-0.012644035741686821,0.5902740955352783,0.40649569034576416,-0.01671304926276207,0.6048509478569031,0.5254228115081787,0.018665073439478874,0.6106769442558289,0.4774763882160187,0.0012190054403617978,0.6155351400375366,0.5030524134635925,-0.010800137184560299,0.6145651936531067,0.5291988253593445,-0.013035261072218418,0.6269947290420532,0.5365324020385742,0.029895830899477005,0.6323215961456299,0.4994080066680908,0.013288486748933792,0.635489284992218,0.5118495225906372,0.0036079068668186665,0.6326269507408142,0.5279535055160522,0.0006974195130169392,Б
0.0,0.0,0.0,0.0,0.0,0.0,0.0,0.0,0.0,0.0,0.0,0.0,0.0,0.0,0.0,0.0,0.0,0.0,0.0,0.0,0.0,0.0,0.0,0.0,0.0,0.0,0.0,0.0,0.0,0.0,0.0,0.0,0.0,0.0,0.0,0.0,0.0,0.0,0.0,0.0,0.0,0.0,0.0,0.0,0.0,0.0,0.0,0.0,0.0,0.0,0.0,0.0,0.0,0.0,0.0,0.0,0.0,0.0,0.0,0.0,0.0,0.0,0.0,0.6289557218551636,0.6921490430831909,5.14477278557024e-07,0.6108205914497375,0.6551097631454468,-0.04690704122185707,0.6037687659263611,0.5972684025764465,-0.05813810974359512,0.6157406568527222,0.5359935164451599,-0.06102006509900093,0.6289899945259094,0.48519018292427063,-0.06033144146203995,0.5560012459754944,0.5303038954734802,-0.017090504989027977,0.5516901612281799,0.4576984643936157,-0.023855026811361313,0.554481029510498,0.41239744424819946,-0.031538426876068115,0.5573986768722534,0.3764164447784424,-0.03697548806667328,0.5800991058349609,0.5220431089401245,0.0034033514093607664,0.5755185484886169,0.4544774889945984,-0.0044400873593986034,0.5835853815078735,0.42390257120132446,-0.012591158039867878,0.5913119316101074,0.4066837430000305,-0.016461439430713654,0.6047775149345398,0.5278474688529968,0.018084710463881493,0.6110867261886597,0.47887465357780457,0.000960821402259171,0.6172186732292175,0.501440167427063,-0.01039208099246025,0.6179110407829285,0.5263741612434387,-0.012368782423436642,0.6269174814224243,0.5398344993591309,0.029294529929757118,0.6336426138877869,0.5007306933403015,0.012582071125507355,0.6377765536308289,0.5107890367507935,0.0031899558380246162,0.6357815265655518,0.5251286029815674,0.0005191272357478738,Б
0.0,0.0,0.0,0.0,0.0,0.0,0.0,0.0,0.0,0.0,0.0,0.0,0.0,0.0,0.0,0.0,0.0,0.0,0.0,0.0,0.0,0.0,0.0,0.0,0.0,0.0,0.0,0.0,0.0,0.0,0.0,0.0,0.0,0.0,0.0,0.0,0.0,0.0,0.0,0.0,0.0,0.0,0.0,0.0,0.0,0.0,0.0,0.0,0.0,0.0,0.0,0.0,0.0,0.0,0.0,0.0,0.0,0.0,0.0,0.0,0.0,0.0,0.0,0.6283170580863953,0.6932308673858643,5.193113565837848e-07,0.6117845177650452,0.6566750407218933,-0.04903911426663399,0.6045309901237488,0.6002614498138428,-0.061152681708335876,0.6152820587158203,0.5402652621269226,-0.06396699696779251,0.6277039647102356,0.48976805806159973,-0.06304251402616501,0.5575727224349976,0.5344294905662537,-0.02149401232600212,0.5533043742179871,0.4590681195259094,-0.027010086923837662,0.5563145279884338,0.4134661555290222,-0.03409649059176445,0.5594671964645386,0.3766164183616638,-0.0397523008286953,0.5801472663879395,0.5260918736457825,0.000753794563934207,0.5735057592391968,0.4580055773258209,-0.004818434361368418,0.5832191705703735,0.4247836768627167,-0.012884330004453659,0.592930793762207,0.4054381251335144,-0.018185194581747055,0.6039310097694397,0.5311059355735779,0.017377901822328568,0.6073575019836426,0.4784395694732666,0.003051220905035734,0.6154679656028748,0.49073198437690735,-0.009987161494791508,0.6188042759895325,0.5110458731651306,-0.015053256414830685,0.6260735988616943,0.5413042306900024,0.03030746802687645,0.6325706839561462,0.5004038214683533,0.014059474691748619,0.6391031742095947,0.5014964938163757,0.0018267276464030147,0.6396531462669373,0.5101234316825867,-0.004038113635033369,Б
0.0,0.0,0.0,0.0,0.0,0.0,0.0,0.0,0.0,0.0,0.0,0.0,0.0,0.0,0.0,0.0,0.0,0.0,0.0,0.0,0.0,0.0,0.0,0.0,0.0,0.0,0.0,0.0,0.0,0.0,0.0,0.0,0.0,0.0,0.0,0.0,0.0,0.0,0.0,0.0,0.0,0.0,0.0,0.0,0.0,0.0,0.0,0.0,0.0,0.0,0.0,0.0,0.0,0.0,0.0,0.0,0.0,0.0,0.0,0.0,0.0,0.0,0.0,0.6302425861358643,0.6941021680831909,5.070993438494042e-07,0.6142250895500183,0.6557193398475647,-0.04683837294578552,0.6084490418434143,0.5990993976593018,-0.05810457095503807,0.6197491884231567,0.5394260883331299,-0.060770612210035324,0.6303832530975342,0.49025338888168335,-0.05969063937664032,0.5601242184638977,0.5351340174674988,-0.01915942318737507,0.555364191532135,0.4616089165210724,-0.025923969224095345,0.5582625269889832,0.4153496026992798,-0.03332274407148361,0.5607969760894775,0.3784255385398865,-0.038506072014570236,0.5825715661048889,0.5261220335960388,0.001654622727073729,0.5755970478057861,0.45850709080696106,-0.005786579567939043,0.5849131345748901,0.42453908920288086,-0.013860142789781094,0.5933371782302856,0.4035055637359619,-0.018084073439240456,0.6062970161437988,0.5304057598114014,0.0168230552226305,0.6124409437179565,0.48077571392059326,-9.103838237933815e-05,0.6207000613212585,0.500740110874176,-0.01196872815489769,0.6222132444381714,0.5244103074073792,-0.014428526163101196,0.6277907490730286,0.5404167771339417,0.02858060412108898,0.6345177888870239,0.5015837550163269,0.012136226519942284,0.6407816410064697,0.5065909624099731,0.0019600139930844307,0.6400210857391357,0.517719566822052,-0.0014776792377233505,Б
0.0,0.0,0.0,0.0,0.0,0.0,0.0,0.0,0.0,0.0,0.0,0.0,0.0,0.0,0.0,0.0,0.0,0.0,0.0,0.0,0.0,0.0,0.0,0.0,0.0,0.0,0.0,0.0,0.0,0.0,0.0,0.0,0.0,0.0,0.0,0.0,0.0,0.0,0.0,0.0,0.0,0.0,0.0,0.0,0.0,0.0,0.0,0.0,0.0,0.0,0.0,0.0,0.0,0.0,0.0,0.0,0.0,0.0,0.0,0.0,0.0,0.0,0.0,0.6296083927154541,0.6929451823234558,5.253514814285154e-07,0.6135002970695496,0.6549149751663208,-0.04676428437232971,0.6086321473121643,0.5975953936576843,-0.05833960697054863,0.6210158467292786,0.5375536680221558,-0.06119077280163765,0.6336772441864014,0.48886197805404663,-0.0604073703289032,0.5594115853309631,0.5342344641685486,-0.020432088524103165,0.5560804009437561,0.46132057905197144,-0.028410861268639565,0.5590094923973083,0.415745347738266,-0.036419421434402466,0.5613206624984741,0.37890106439590454,-0.04178014397621155,0.581631600856781,0.5241760015487671,-0.00023899265215732157,0.5774229764938354,0.45530563592910767,-0.008852754719555378,0.585644543170929,0.421896755695343,-0.01749565079808235,0.5924572944641113,0.39954519271850586,-0.021692873910069466,0.6055181622505188,0.5278345346450806,0.014439130201935768,0.6130887866020203,0.47799667716026306,-0.0038048396818339825,0.6205006241798401,0.5021877288818359,-0.015090436674654484,0.6214703321456909,0.5268816351890564,-0.016456417739391327,0.6271233558654785,0.5385565757751465,0.02578268013894558,0.6336448788642883,0.5019404888153076,0.008895068429410458,0.6403950452804565,0.5076755285263062,-0.0001839135366026312,0.6409125328063965,0.5176160335540771,-0.0023326100781559944,Б
0.0,0.0,0.0,0.0,0.0,0.0,0.0,0.0,0.0,0.0,0.0,0.0,0.0,0.0,0.0,0.0,0.0,0.0,0.0,0.0,0.0,0.0,0.0,0.0,0.0,0.0,0.0,0.0,0.0,0.0,0.0,0.0,0.0,0.0,0.0,0.0,0.0,0.0,0.0,0.0,0.0,0.0,0.0,0.0,0.0,0.0,0.0,0.0,0.0,0.0,0.0,0.0,0.0,0.0,0.0,0.0,0.0,0.0,0.0,0.0,0.0,0.0,0.0,0.6297276020050049,0.6914899945259094,5.282620918478642e-07,0.6148068904876709,0.6536620855331421,-0.04562944546341896,0.6102882623672485,0.5962141752243042,-0.056679822504520416,0.6221277117729187,0.5360246300697327,-0.059116411954164505,0.6347286105155945,0.48690104484558105,-0.058080289512872696,0.5598555207252502,0.5324909090995789,-0.019103510305285454,0.5567417740821838,0.4605575501918793,-0.025577057152986526,0.5593968629837036,0.4159160852432251,-0.03322054445743561,0.5611423254013062,0.3802485466003418,-0.03875212371349335,0.5813316106796265,0.5230146050453186,0.001156636280938983,0.5761160254478455,0.4557951092720032,-0.004824342206120491,0.5835593342781067,0.42012980580329895,-0.012379264459013939,0.5897125005722046,0.39317184686660767,-0.016767721623182297,0.6054591536521912,0.527999997138977,0.016107112169265747,0.6126635074615479,0.47547322511672974,-5.0536677008494735e-05,0.6210577487945557,0.4990989565849304,-0.010136068798601627,0.6226341724395752,0.522905170917511,-0.011550121940672398,0.6271324753761292,0.5402872562408447,0.027827637270092964,0.633905291557312,0.5012466311454773,0.011568163521587849,0.6420167088508606,0.5065474510192871,0.0031241888646036386,0.6434761881828308,0.5152245163917542,0.001160597545094788,Б
0.0,0.0,0.0,0.0,0.0,0.0,0.0,0.0,0.0,0.0,0.0,0.0,0.0,0.0,0.0,0.0,0.0,0.0,0.0,0.0,0.0,0.0,0.0,0.0,0.0,0.0,0.0,0.0,0.0,0.0,0.0,0.0,0.0,0.0,0.0,0.0,0.0,0.0,0.0,0.0,0.0,0.0,0.0,0.0,0.0,0.0,0.0,0.0,0.0,0.0,0.0,0.0,0.0,0.0,0.0,0.0,0.0,0.0,0.0,0.0,0.0,0.0,0.0,0.631787121295929,0.6853681802749634,5.348728677745385e-07,0.6148301362991333,0.6510999202728271,-0.04464460536837578,0.6097365021705627,0.5957494974136353,-0.055610720068216324,0.6243566870689392,0.5383182764053345,-0.05816497281193733,0.639242947101593,0.49322351813316345,-0.057137630879879,0.5606420040130615,0.5310214161872864,-0.021718500182032585,0.5578177571296692,0.4579097032546997,-0.030293235555291176,0.5606605410575867,0.41308391094207764,-0.038350049406290054,0.5632600784301758,0.3770330250263214,-0.0439210906624794,0.5824770331382751,0.5201432704925537,-0.002948910463601351,0.5789068341255188,0.4515452980995178,-0.011474781669676304,0.5862361192703247,0.41431504487991333,-0.019313232973217964,0.5929772257804871,0.3862025737762451,-0.0235078614205122,0.6065716743469238,0.5235902667045593,0.010542819276452065,0.6150414943695068,0.4716656804084778,-0.007868814282119274,0.6219870448112488,0.49789413809776306,-0.018202977254986763,0.6227262020111084,0.5225565433502197,-0.019340867176651955,0.6291666030883789,0.5348577499389648,0.020813029259443283,0.6386010050773621,0.4993627965450287,0.0020095359068363905,0.6465708017349243,0.5040151476860046,-0.007895315997302532,0.6476716995239258,0.511220395565033,-0.010552866384387016,Б
0.0,0.0,0.0,0.0,0.0,0.0,0.0,0.0,0.0,0.0,0.0,0.0,0.0,0.0,0.0,0.0,0.0,0.0,0.0,0.0,0.0,0.0,0.0,0.0,0.0,0.0,0.0,0.0,0.0,0.0,0.0,0.0,0.0,0.0,0.0,0.0,0.0,0.0,0.0,0.0,0.0,0.0,0.0,0.0,0.0,0.0,0.0,0.0,0.0,0.0,0.0,0.0,0.0,0.0,0.0,0.0,0.0,0.0,0.0,0.0,0.0,0.0,0.0,0.6309874057769775,0.6840977668762207,5.404519924923079e-07,0.6142002940177917,0.6515704989433289,-0.044336188584566116,0.6101230978965759,0.5968607068061829,-0.05473322048783302,0.6261811852455139,0.5397624969482422,-0.056595999747514725,0.6422373056411743,0.49683815240859985,-0.05500626191496849,0.5607244372367859,0.5317298769950867,-0.021563785150647163,0.5581361651420593,0.45824259519577026,-0.03019304946064949,0.561241090297699,0.4128594398498535,-0.03840053454041481,0.5644174218177795,0.37672460079193115,-0.044075947254896164,0.5825706124305725,0.5210464000701904,-0.002870940836146474,0.5793946981430054,0.450693815946579,-0.011734193190932274,0.5885803699493408,0.4121011793613434,-0.020355550572276115,0.5974305868148804,0.3831390142440796,-0.024980662390589714,0.6069968938827515,0.524818480014801,0.010704315267503262,0.614670991897583,0.4705156683921814,-0.008412023074924946,0.6244794726371765,0.4953489303588867,-0.01966242305934429,0.6282694339752197,0.5194502472877502,-0.021186957135796547,0.6298710703849792,0.5370864272117615,0.021224884316325188,0.6389452815055847,0.5009585618972778,0.00112400040961802,0.6493397951126099,0.5029774308204651,-0.00976601243019104,0.65330970287323,0.507976233959198,-0.012870983220636845,Б
0.0,0.0,0.0,0.0,0.0,0.0,0.0,0.0,0.0,0.0,0.0,0.0,0.0,0.0,0.0,0.0,0.0,0.0,0.0,0.0,0.0,0.0,0.0,0.0,0.0,0.0,0.0,0.0,0.0,0.0,0.0,0.0,0.0,0.0,0.0,0.0,0.0,0.0,0.0,0.0,0.0,0.0,0.0,0.0,0.0,0.0,0.0,0.0,0.0,0.0,0.0,0.0,0.0,0.0,0.0,0.0,0.0,0.0,0.0,0.0,0.0,0.0,0.0,0.6281907558441162,0.6839224100112915,5.550034529733239e-07,0.6130483746528625,0.652654767036438,-0.043397456407547,0.6100748777389526,0.5977708697319031,-0.05399875342845917,0.6275364756584167,0.54220050573349,-0.05622035637497902,0.6450491547584534,0.5014370679855347,-0.055017489939928055,0.5620580315589905,0.5311123132705688,-0.02303580567240715,0.5589502453804016,0.45732787251472473,-0.03028535470366478,0.5618751645088196,0.41319674253463745,-0.03713023662567139,0.5643317699432373,0.3779221177101135,-0.04216909408569336,0.5829766988754272,0.5209947824478149,-0.00434890715405345,0.5803818702697754,0.4505481719970703,-0.011669392697513103,0.5884689688682556,0.4105914235115051,-0.018670059740543365,0.5954266786575317,0.3790699243545532,-0.022649191319942474,0.606852114200592,0.5259456038475037,0.009592628106474876,0.6149811744689941,0.4711571931838989,-0.0076910508796572685,0.6236122250556946,0.5002899169921875,-0.01677056774497032,0.6254861354827881,0.5266431570053101,-0.01733282394707203,0.6296647191047668,0.5393207669258118,0.020463423803448677,0.6415596604347229,0.5036355257034302,0.0010297535918653011,0.6515382528305054,0.5039668083190918,-0.009535513818264008,0.6539618968963623,0.5060567259788513,-0.012641185894608498,Б
0.0,0.0,0.0,0.0,0.0,0.0,0.0,0.0,0.0,0.0,0.0,0.0,0.0,0.0,0.0,0.0,0.0,0.0,0.0,0.0,0.0,0.0,0.0,0.0,0.0,0.0,0.0,0.0,0.0,0.0,0.0,0.0,0.0,0.0,0.0,0.0,0.0,0.0,0.0,0.0,0.0,0.0,0.0,0.0,0.0,0.0,0.0,0.0,0.0,0.0,0.0,0.0,0.0,0.0,0.0,0.0,0.0,0.0,0.0,0.0,0.0,0.0,0.0,0.628111720085144,0.6825375556945801,5.595004495262401e-07,0.6137142777442932,0.6533238291740417,-0.04490845650434494,0.6107300519943237,0.6011636853218079,-0.056960612535476685,0.6272291541099548,0.5459744334220886,-0.060447514057159424,0.6432878375053406,0.5037586688995361,-0.06064265966415405,0.5631013512611389,0.532702624797821,-0.026099251583218575,0.560119092464447,0.45992207527160645,-0.0358453169465065,0.5630993843078613,0.4149780869483948,-0.04476645216345787,0.5660942196846008,0.3787488043308258,-0.0512230321764946,0.5837055444717407,0.5221621990203857,-0.007545589003711939,0.5798200964927673,0.451827734708786,-0.017425142228603363,0.5887719988822937,0.4118919372558594,-0.026508864015340805,0.5970932841300964,0.3797369599342346,-0.03194210305809975,0.6072522401809692,0.5264554619789124,0.006274745799601078,0.6147792935371399,0.4714120924472809,-0.01340686809271574,0.6241333484649658,0.49784591794013977,-0.023684538900852203,0.6270704865455627,0.5226327180862427,-0.02499605342745781,0.6296654343605042,0.5401005744934082,0.016982782632112503,0.640723705291748,0.5046494603157043,-0.004159208387136459,0.6516600251197815,0.504677414894104,-0.015162533149123192,0.6552668809890747,0.5073244571685791,-0.018559759482741356,Б
0.0,0.0,0.0,0.0,0.0,0.0,0.0,0.0,0.0,0.0,0.0,0.0,0.0,0.0,0.0,0.0,0.0,0.0,0.0,0.0,0.0,0.0,0.0,0.0,0.0,0.0,0.0,0.0,0.0,0.0,0.0,0.0,0.0,0.0,0.0,0.0,0.0,0.0,0.0,0.0,0.0,0.0,0.0,0.0,0.0,0.0,0.0,0.0,0.0,0.0,0.0,0.0,0.0,0.0,0.0,0.0,0.0,0.0,0.0,0.0,0.0,0.0,0.0,0.6290163993835449,0.6783573627471924,5.459987164613267e-07,0.6119542121887207,0.6525013446807861,-0.042519789189100266,0.6073817610740662,0.6039539575576782,-0.05444636195898056,0.6269217133522034,0.5531350374221802,-0.058571651577949524,0.6469131708145142,0.5161977410316467,-0.05953909829258919,0.5636816620826721,0.5333873629570007,-0.026006925851106644,0.560549259185791,0.4611477255821228,-0.03561979532241821,0.5635128617286682,0.41690054535865784,-0.0438656322658062,0.5661438703536987,0.3813934922218323,-0.049942851066589355,0.5847790837287903,0.5219054222106934,-0.00908276904374361,0.5797634124755859,0.4531790018081665,-0.018862053751945496,0.5885193347930908,0.4133354127407074,-0.026780571788549423,0.5969438552856445,0.3821004629135132,-0.0313742458820343,0.6087307333946228,0.5260874032974243,0.0033477144315838814,0.6144408583641052,0.4726090431213379,-0.016358839347958565,0.6247917413711548,0.49981674551963806,-0.025810733437538147,0.6291467547416687,0.5264065861701965,-0.026454705744981766,0.6317195892333984,0.5394646525382996,0.012755734845995903,0.6414875388145447,0.5070927739143372,-0.010112646967172623,0.6527319550514221,0.5089566707611084,-0.021755609661340714,0.657392144203186,0.5141658782958984,-0.025229427963495255,Б
0.0,0.0,0.0,0.0,0.0,0.0,0.0,0.0,0.0,0.0,0.0,0.0,0.0,0.0,0.0,0.0,0.0,0.0,0.0,0.0,0.0,0.0,0.0,0.0,0.0,0.0,0.0,0.0,0.0,0.0,0.0,0.0,0.0,0.0,0.0,0.0,0.0,0.0,0.0,0.0,0.0,0.0,0.0,0.0,0.0,0.0,0.0,0.0,0.0,0.0,0.0,0.0,0.0,0.0,0.0,0.0,0.0,0.0,0.0,0.0,0.0,0.0,0.0,0.6267285943031311,0.6815245151519775,5.379208687372738e-07,0.612352192401886,0.6542675495147705,-0.04576639458537102,0.6096959114074707,0.6040364503860474,-0.056775324046611786,0.628726601600647,0.5533854961395264,-0.05881643667817116,0.6480977535247803,0.5143662691116333,-0.05736999586224556,0.5631285309791565,0.5346633195877075,-0.027179528027772903,0.5605664849281311,0.46193423867225647,-0.03679083660244942,0.5631692409515381,0.41753119230270386,-0.04503295198082924,0.5658988356590271,0.3816983699798584,-0.05102038010954857,0.5841986536979675,0.523073673248291,-0.008107143454253674,0.5791835784912109,0.45395100116729736,-0.017457233741879463,0.588169515132904,0.413859099149704,-0.02492886409163475,0.5965789556503296,0.38199251890182495,-0.029150839895009995,0.6074535846710205,0.5270053148269653,0.005906988400965929,0.6147016286849976,0.4733371436595917,-0.014053563587367535,0.6249127984046936,0.5033239126205444,-0.0238169077783823,0.6276489496231079,0.5301999449729919,-0.024456294253468513,0.6300210952758789,0.5398218035697937,0.016617095097899437,0.6412215828895569,0.5063167214393616,-0.006709314417093992,0.6510636210441589,0.5125576853752136,-0.018921611830592155,0.6526493430137634,0.5217822790145874,-0.022748757153749466,Б
0.0,0.0,0.0,0.0,0.0,0.0,0.0,0.0,0.0,0.0,0.0,0.0,0.0,0.0,0.0,0.0,0.0,0.0,0.0,0.0,0.0,0.0,0.0,0.0,0.0,0.0,0.0,0.0,0.0,0.0,0.0,0.0,0.0,0.0,0.0,0.0,0.0,0.0,0.0,0.0,0.0,0.0,0.0,0.0,0.0,0.0,0.0,0.0,0.0,0.0,0.0,0.0,0.0,0.0,0.0,0.0,0.0,0.0,0.0,0.0,0.0,0.0,0.0,0.6268165707588196,0.6822339296340942,5.210418407841644e-07,0.612946629524231,0.653123140335083,-0.045815080404281616,0.6110426783561707,0.6023856997489929,-0.05535878241062164,0.6291630864143372,0.5518216490745544,-0.05561637878417969,0.6473839282989502,0.5135742425918579,-0.052120454609394073,0.5634589195251465,0.5365696549415588,-0.025719983503222466,0.5611070990562439,0.4627779424190521,-0.03441343829035759,0.5639031529426575,0.41846370697021484,-0.04149940237402916,0.566868245601654,0.38308587670326233,-0.0463259294629097,0.5848795771598816,0.5248163938522339,-0.006035558879375458,0.5804980993270874,0.455032080411911,-0.013994928449392319,0.5889190435409546,0.4145820736885071,-0.02043537236750126,0.5965431332588196,0.3825666904449463,-0.02388143353164196,0.6079330444335938,0.5277842283248901,0.00831490196287632,0.6160359382629395,0.4763067066669464,-0.01129813864827156,0.6278469562530518,0.504335880279541,-0.022066770121455193,0.6315118074417114,0.5294066667556763,-0.023179350420832634,0.6301306486129761,0.5389881134033203,0.019436007365584373,0.6407958269119263,0.505768358707428,-0.003254242241382599,0.650862455368042,0.5135906338691711,-0.015766773372888565,0.6524630784988403,0.5250069499015808,-0.01986563391983509,Б
0.0,0.0,0.0,0.0,0.0,0.0,0.0,0.0,0.0,0.0,0.0,0.0,0.0,0.0,0.0,0.0,0.0,0.0,0.0,0.0,0.0,0.0,0.0,0.0,0.0,0.0,0.0,0.0,0.0,0.0,0.0,0.0,0.0,0.0,0.0,0.0,0.0,0.0,0.0,0.0,0.0,0.0,0.0,0.0,0.0,0.0,0.0,0.0,0.0,0.0,0.0,0.0,0.0,0.0,0.0,0.0,0.0,0.0,0.0,0.0,0.0,0.0,0.0,0.6324346661567688,0.6877063512802124,5.410905714597902e-07,0.6152029633522034,0.6579914093017578,-0.04476332664489746,0.6106252074241638,0.6060764789581299,-0.054279886186122894,0.6290917992591858,0.5538833737373352,-0.054690226912498474,0.6487712860107422,0.5163909792900085,-0.05142458155751228,0.5635754466056824,0.5362311601638794,-0.024385998025536537,0.5616648197174072,0.46175748109817505,-0.03162362426519394,0.5643224120140076,0.41713520884513855,-0.03827853873372078,0.5667428970336914,0.38146811723709106,-0.04310162365436554,0.5861247777938843,0.5254549384117126,-0.004809799138456583,0.5837230086326599,0.45546191930770874,-0.011709741316735744,0.5921670198440552,0.4138389825820923,-0.018308116123080254,0.6001352071762085,0.3823186159133911,-0.022150199860334396,0.6105801463127136,0.5299065709114075,0.009720820002257824,0.6179469227790833,0.4777126908302307,-0.00795421376824379,0.6276580691337585,0.5037112832069397,-0.018883641809225082,0.631428062915802,0.528590738773346,-0.020728593692183495,0.6335071325302124,0.5425564050674438,0.021055124700069427,0.6436048150062561,0.5096634030342102,-0.0004509192949626595,0.6533052325248718,0.5131047368049622,-0.013286893256008625,0.6566704511642456,0.5199186205863953,-0.01790255680680275,Б
0.0,0.0,0.0,0.0,0.0,0.0,0.0,0.0,0.0,0.0,0.0,0.0,0.0,0.0,0.0,0.0,0.0,0.0,0.0,0.0,0.0,0.0,0.0,0.0,0.0,0.0,0.0,0.0,0.0,0.0,0.0,0.0,0.0,0.0,0.0,0.0,0.0,0.0,0.0,0.0,0.0,0.0,0.0,0.0,0.0,0.0,0.0,0.0,0.0,0.0,0.0,0.0,0.0,0.0,0.0,0.0,0.0,0.0,0.0,0.0,0.0,0.0,0.0,0.628691554069519,0.6886605620384216,5.422759272732947e-07,0.6137295365333557,0.6589749455451965,-0.04553147032856941,0.6112329363822937,0.6066343784332275,-0.055871982127428055,0.6299355030059814,0.5540545582771301,-0.057294927537441254,0.6490108966827393,0.5146487951278687,-0.055166881531476974,0.5639829635620117,0.5362488031387329,-0.025033770129084587,0.5625024437904358,0.46219271421432495,-0.03359190374612808,0.5657775402069092,0.4174962639808655,-0.04100007936358452,0.5689133405685425,0.38156020641326904,-0.046254225075244904,0.5856209993362427,0.5245598554611206,-0.0058270846493542194,0.5832314491271973,0.4550769329071045,-0.013904818333685398,0.5914961099624634,0.41424256563186646,-0.02090970240533352,0.5988616943359375,0.38171905279159546,-0.02491101250052452,0.6094045639038086,0.5284647345542908,0.008141692727804184,0.6189118027687073,0.4774782955646515,-0.01082142349332571,0.6275690197944641,0.5072138905525208,-0.0213954858481884,0.6287686824798584,0.5329113602638245,-0.022694870829582214,0.632038414478302,0.5410440564155579,0.01884264126420021,0.6435509920120239,0.5077623724937439,-0.002580096013844013,0.652673602104187,0.5154632925987244,-0.014402237720787525,0.6539962887763977,0.5248335599899292,-0.018274612724781036,Б
0.0,0.0,0.0,0.0,0.0,0.0,0.0,0.0,0.0,0.0,0.0,0.0,0.0,0.0,0.0,0.0,0.0,0.0,0.0,0.0,0.0,0.0,0.0,0.0,0.0,0.0,0.0,0.0,0.0,0.0,0.0,0.0,0.0,0.0,0.0,0.0,0.0,0.0,0.0,0.0,0.0,0.0,0.0,0.0,0.0,0.0,0.0,0.0,0.0,0.0,0.0,0.0,0.0,0.0,0.0,0.0,0.0,0.0,0.0,0.0,0.0,0.0,0.0,0.6305275559425354,0.6905438303947449,5.540078404919768e-07,0.6145294308662415,0.6598554253578186,-0.04585539922118187,0.6113863587379456,0.6073071360588074,-0.05678755044937134,0.6299849152565002,0.5544990301132202,-0.058957453817129135,0.6487823724746704,0.5150175094604492,-0.057593055069446564,0.5643514394760132,0.5355526804924011,-0.024702658876776695,0.5633728504180908,0.4610695242881775,-0.03364741802215576,0.5673413276672363,0.41652917861938477,-0.041700541973114014,0.5708481669425964,0.38072478771209717,-0.047622159123420715,0.5866724252700806,0.5248894095420837,-0.005612251348793507,0.5837630033493042,0.45489683747291565,-0.014744424261152744,0.5931583046913147,0.41434988379478455,-0.02236616611480713,0.6011662483215332,0.38286346197128296,-0.026627304032444954,0.6111295223236084,0.529792070388794,0.008164400234818459,0.6189247965812683,0.475980281829834,-0.011768183670938015,0.6275609731674194,0.5071141719818115,-0.022065019235014915,0.6286181807518005,0.5344000458717346,-0.022917490452528,0.6348862648010254,0.5427613258361816,0.01858316734433174,0.6459930539131165,0.5094005465507507,-0.004383993800729513,0.6541978120803833,0.5171830654144287,-0.016814282163977623,0.6543911695480347,0.5262287855148315,-0.02080005593597889,Б
0.0,0.0,0.0,0.0,0.0,0.0,0.0,0.0,0.0,0.0,0.0,0.0,0.0,0.0,0.0,0.0,0.0,0.0,0.0,0.0,0.0,0.0,0.0,0.0,0.0,0.0,0.0,0.0,0.0,0.0,0.0,0.0,0.0,0.0,0.0,0.0,0.0,0.0,0.0,0.0,0.0,0.0,0.0,0.0,0.0,0.0,0.0,0.0,0.0,0.0,0.0,0.0,0.0,0.0,0.0,0.0,0.0,0.0,0.0,0.0,0.0,0.0,0.0,0.6317247152328491,0.6917263865470886,5.280921868688893e-07,0.6149504780769348,0.6616804599761963,-0.044455088675022125,0.6116984486579895,0.6080482006072998,-0.05554850026965141,0.6308435201644897,0.5521237254142761,-0.058261703699827194,0.6496663093566895,0.5103042721748352,-0.057502638548612595,0.5650362372398376,0.5391988754272461,-0.022937089204788208,0.5648326873779297,0.4679052233695984,-0.03309765085577965,0.5700554847717285,0.42239218950271606,-0.0420197956264019,0.5743952989578247,0.3848307430744171,-0.04819655045866966,0.5867001414299011,0.526846706867218,-0.004748688079416752,0.5805761814117432,0.45769596099853516,-0.015681343153119087,0.5886250734329224,0.42225000262260437,-0.024103185161948204,0.5956019759178162,0.39550697803497314,-0.027961188927292824,0.61080402135849,0.5298689603805542,0.008296223357319832,0.6181396245956421,0.4770521819591522,-0.013809744268655777,0.627596914768219,0.5080212354660034,-0.024723200127482414,0.6292845606803894,0.5360738635063171,-0.024993430823087692,0.6343080401420593,0.5416262149810791,0.01830786094069481,0.6450148820877075,0.5104976296424866,-0.0045563094317913055,0.6535214781761169,0.5193642973899841,-0.01618756167590618,0.6539492011070251,0.5292550921440125,-0.01911928690969944,Б
0.0,0.0,0.0,0.0,0.0,0.0,0.0,0.0,0.0,0.0,0.0,0.0,0.0,0.0,0.0,0.0,0.0,0.0,0.0,0.0,0.0,0.0,0.0,0.0,0.0,0.0,0.0,0.0,0.0,0.0,0.0,0.0,0.0,0.0,0.0,0.0,0.0,0.0,0.0,0.0,0.0,0.0,0.0,0.0,0.0,0.0,0.0,0.0,0.0,0.0,0.0,0.0,0.0,0.0,0.0,0.0,0.0,0.0,0.0,0.0,0.0,0.0,0.0,0.6298335790634155,0.6920634508132935,4.873784291703487e-07,0.6135843992233276,0.6620219945907593,-0.044264357537031174,0.6106065511703491,0.6080169081687927,-0.05437919870018959,0.6300445795059204,0.5535255074501038,-0.05565023049712181,0.6491167545318604,0.5142025351524353,-0.053339436650276184,0.5659270286560059,0.5386107563972473,-0.024366235360503197,0.5652980208396912,0.46621227264404297,-0.03375294804573059,0.5695459246635437,0.4202912747859955,-0.0419224314391613,0.5734159350395203,0.3828369975090027,-0.047585975378751755,0.5882274508476257,0.5280023813247681,-0.006222739350050688,0.5832752585411072,0.45876049995422363,-0.015876833349466324,0.5919474959373474,0.4251573979854584,-0.023823965340852737,0.6006682515144348,0.40235254168510437,-0.027638603001832962,0.612174391746521,0.5317585468292236,0.006863587535917759,0.6197149753570557,0.47796115279197693,-0.012913595885038376,0.6291835904121399,0.5038270950317383,-0.02440061792731285,0.6318973898887634,0.5293117165565491,-0.025990856811404228,0.6355171799659729,0.5442011952400208,0.016816986724734306,0.6458890438079834,0.5108975768089294,-0.0039698174223303795,0.65482097864151,0.5146418213844299,-0.015931207686662674,0.6562666296958923,0.5225570201873779,-0.019931936636567116,Б
0.0,0.0,0.0,0.0,0.0,0.0,0.0,0.0,0.0,0.0,0.0,0.0,0.0,0.0,0.0,0.0,0.0,0.0,0.0,0.0,0.0,0.0,0.0,0.0,0.0,0.0,0.0,0.0,0.0,0.0,0.0,0.0,0.0,0.0,0.0,0.0,0.0,0.0,0.0,0.0,0.0,0.0,0.0,0.0,0.0,0.0,0.0,0.0,0.0,0.0,0.0,0.0,0.0,0.0,0.0,0.0,0.0,0.0,0.0,0.0,0.0,0.0,0.0,0.6307269334793091,0.6900370717048645,5.016680688640918e-07,0.6129666566848755,0.6599124670028687,-0.041942548006772995,0.6092588901519775,0.6066502332687378,-0.05285611376166344,0.6295121908187866,0.5504581928253174,-0.056046027690172195,0.6498661041259766,0.5093098878860474,-0.05595362186431885,0.5649948120117188,0.5368717908859253,-0.021792367100715637,0.5648950934410095,0.4647579789161682,-0.031749751418828964,0.5696072578430176,0.4180299937725067,-0.04056952893733978,0.5731021165847778,0.3808278739452362,-0.04647514969110489,0.5882595181465149,0.525635302066803,-0.005194539669901133,0.5840013027191162,0.4550982117652893,-0.0174968671053648,0.5955457091331482,0.4275462031364441,-0.02635255455970764,0.6053915023803711,0.41314348578453064,-0.02930954098701477,0.6131139397621155,0.5292823314666748,0.0067269764840602875,0.620045006275177,0.47930970788002014,-0.013702533207833767,0.6295915842056274,0.5099586248397827,-0.0229500625282526,0.6322834491729736,0.5398882031440735,-0.021934812888503075,0.6359671354293823,0.5421605110168457,0.015594994649291039,0.6455588340759277,0.5103190541267395,-0.0035939114168286324,0.6532012224197388,0.5146149396896362,-0.012769955210387707,0.6540338397026062,0.5227508544921875,-0.014239025302231312,Б
0.0,0.0,0.0,0.0,0.0,0.0,0.0,0.0,0.0,0.0,0.0,0.0,0.0,0.0,0.0,0.0,0.0,0.0,0.0,0.0,0.0,0.0,0.0,0.0,0.0,0.0,0.0,0.0,0.0,0.0,0.0,0.0,0.0,0.0,0.0,0.0,0.0,0.0,0.0,0.0,0.0,0.0,0.0,0.0,0.0,0.0,0.0,0.0,0.0,0.0,0.0,0.0,0.0,0.0,0.0,0.0,0.0,0.0,0.0,0.0,0.0,0.0,0.0,0.6302570104598999,0.6928632855415344,4.727770317458635e-07,0.6131166815757751,0.6608089208602905,-0.04566631466150284,0.6101308465003967,0.6046985387802124,-0.05491845682263374,0.6292043924331665,0.5487781763076782,-0.05470440536737442,0.6480305194854736,0.5072937607765198,-0.0506858304142952,0.5650712251663208,0.536696195602417,-0.022740056738257408,0.5639463663101196,0.46418890357017517,-0.030834203585982323,0.5680212378501892,0.4179752767086029,-0.03867047652602196,0.5721912980079651,0.38083916902542114,-0.04390115290880203,0.5884979367256165,0.5276100635528564,-0.0030845929868519306,0.5842595100402832,0.45722731947898865,-0.012521347030997276,0.5959263443946838,0.4301703870296478,-0.02090998739004135,0.6070534586906433,0.4170129895210266,-0.02409692294895649,0.612928032875061,0.5320714116096497,0.01140072662383318,0.6199126243591309,0.48156750202178955,-0.007089708466082811,0.6299868226051331,0.5080996751785278,-0.019209396094083786,0.6330596804618835,0.5350537896156311,-0.020892081782221794,0.6361259818077087,0.5449526309967041,0.022623995319008827,0.6457054615020752,0.509845495223999,0.004158299416303635,0.6541081070899963,0.5119892954826355,-0.007270451635122299,0.6547222137451172,0.5206248760223389,-0.010955264791846275,Б
0.0,0.0,0.0,0.0,0.0,0.0,0.0,0.0,0.0,0.0,0.0,0.0,0.0,0.0,0.0,0.0,0.0,0.0,0.0,0.0,0.0,0.0,0.0,0.0,0.0,0.0,0.0,0.0,0.0,0.0,0.0,0.0,0.0,0.0,0.0,0.0,0.0,0.0,0.0,0.0,0.0,0.0,0.0,0.0,0.0,0.0,0.0,0.0,0.0,0.0,0.0,0.0,0.0,0.0,0.0,0.0,0.0,0.0,0.0,0.0,0.0,0.0,0.0,0.6311138868331909,0.6912359595298767,4.796186203748221e-07,0.6139710545539856,0.6601428389549255,-0.0455700159072876,0.6100921034812927,0.6053133606910706,-0.05577796325087547,0.6282415390014648,0.5493451356887817,-0.05675879120826721,0.6470158696174622,0.507037341594696,-0.054025646299123764,0.564831554889679,0.5355103611946106,-0.023697303608059883,0.5640478730201721,0.4632946848869324,-0.0322982594370842,0.5678355097770691,0.41661545634269714,-0.04016164317727089,0.5714292526245117,0.3796837329864502,-0.045257240533828735,0.5882801413536072,0.5256248116493225,-0.0044393218122422695,0.5837963819503784,0.45334959030151367,-0.015269015915691853,0.5961561799049377,0.42850929498672485,-0.023800034075975418,0.6079334616661072,0.41950443387031555,-0.026350578293204308,0.612725555896759,0.5295252799987793,0.009840921498835087,0.6196783185005188,0.47963643074035645,-0.009305375628173351,0.6304482817649841,0.5063239932060242,-0.02072969079017639,0.634608268737793,0.53410804271698,-0.0214820746332407,0.6353881359100342,0.5420773029327393,0.020857105031609535,0.6447315216064453,0.5084033012390137,0.0026642445009201765,0.6538975834846497,0.510589599609375,-0.007951815612614155,0.6563239693641663,0.5189236998558044,-0.010815625078976154,Б
0.0,0.0,0.0,0.0,0.0,0.0,0.0,0.0,0.0,0.0,0.0,0.0,0.0,0.0,0.0,0.0,0.0,0.0,0.0,0.0,0.0,0.0,0.0,0.0,0.0,0.0,0.0,0.0,0.0,0.0,0.0,0.0,0.0,0.0,0.0,0.0,0.0,0.0,0.0,0.0,0.0,0.0,0.0,0.0,0.0,0.0,0.0,0.0,0.0,0.0,0.0,0.0,0.0,0.0,0.0,0.0,0.0,0.0,0.0,0.0,0.0,0.0,0.0,0.6301780939102173,0.6916382312774658,4.5608459231516463e-07,0.6136636137962341,0.659339964389801,-0.04616044461727142,0.6107551455497742,0.6043395400047302,-0.05547953397035599,0.6300121545791626,0.5485233068466187,-0.05532235652208328,0.648844301700592,0.5063022971153259,-0.05132860317826271,0.5645024180412292,0.5356172323226929,-0.022099273279309273,0.5639232397079468,0.4636705219745636,-0.030983245000243187,0.5682662129402161,0.41658997535705566,-0.038632024079561234,0.5728499293327332,0.3793067932128906,-0.04312864691019058,0.5881420373916626,0.5261183977127075,-0.0025056088343262672,0.5841715335845947,0.452946275472641,-0.014350027777254581,0.5957860350608826,0.43174058198928833,-0.0232241190969944,0.606989860534668,0.4277700185775757,-0.02502831071615219,0.612160861492157,0.5294725298881531,0.011793783865869045,0.6198462843894958,0.48271694779396057,-0.009076302871108055,0.6302995681762695,0.5097669959068298,-0.022215496748685837,0.6335225105285645,0.5372259616851807,-0.02306336537003517,0.6340620517730713,0.5410691499710083,0.02290240302681923,0.6432344317436218,0.509484052658081,0.0039098430424928665,0.6522518992424011,0.5141502618789673,-0.00730722164735198,0.6540582776069641,0.5252377390861511,-0.010075701400637627,Б
0.0,0.0,0.0,0.0,0.0,0.0,0.0,0.0,0.0,0.0,0.0,0.0,0.0,0.0,0.0,0.0,0.0,0.0,0.0,0.0,0.0,0.0,0.0,0.0,0.0,0.0,0.0,0.0,0.0,0.0,0.0,0.0,0.0,0.0,0.0,0.0,0.0,0.0,0.0,0.0,0.0,0.0,0.0,0.0,0.0,0.0,0.0,0.0,0.0,0.0,0.0,0.0,0.0,0.0,0.0,0.0,0.0,0.0,0.0,0.0,0.0,0.0,0.0,0.630782425403595,0.692912220954895,4.5705439788434887e-07,0.6138929128646851,0.6603667140007019,-0.045089974999427795,0.6096423864364624,0.6053664684295654,-0.055065352469682693,0.6292692422866821,0.5487502813339233,-0.055980242788791656,0.6488755345344543,0.5064358711242676,-0.05331423506140709,0.5646228790283203,0.5369398593902588,-0.022075941786170006,0.5638954639434814,0.4643014371395111,-0.031247984617948532,0.5684775710105896,0.41694948077201843,-0.039500344544649124,0.5732801556587219,0.37953826785087585,-0.04457380995154381,0.588327169418335,0.5273516774177551,-0.003293024841696024,0.5855103731155396,0.45435410737991333,-0.014956030994653702,0.5964913964271545,0.43334102630615234,-0.024292411282658577,0.6073532104492188,0.42925190925598145,-0.026852358132600784,0.6125515103340149,0.5307657122612,0.010397673584520817,0.6205418705940247,0.4829265773296356,-0.009599563665688038,0.630668044090271,0.507204532623291,-0.02261367253959179,0.6346029043197632,0.5329828858375549,-0.024030521512031555,0.6346585154533386,0.5430116653442383,0.02095053531229496,0.6432162523269653,0.5098442435264587,0.003149882424622774,0.6526109576225281,0.5118629336357117,-0.007326534017920494,0.6558930277824402,0.5205854773521423,-0.01000133901834488,Б
0.0,0.0,0.0,0.0,0.0,0.0,0.0,0.0,0.0,0.0,0.0,0.0,0.0,0.0,0.0,0.0,0.0,0.0,0.0,0.0,0.0,0.0,0.0,0.0,0.0,0.0,0.0,0.0,0.0,0.0,0.0,0.0,0.0,0.0,0.0,0.0,0.0,0.0,0.0,0.0,0.0,0.0,0.0,0.0,0.0,0.0,0.0,0.0,0.0,0.0,0.0,0.0,0.0,0.0,0.0,0.0,0.0,0.0,0.0,0.0,0.0,0.0,0.0,0.6308058500289917,0.6925410628318787,4.387745491385431e-07,0.6134790182113647,0.6602644920349121,-0.044757261872291565,0.6092310547828674,0.6049677729606628,-0.05479881167411804,0.6288043260574341,0.548429548740387,-0.055872105062007904,0.6477135419845581,0.5050910115242004,-0.05345475301146507,0.5654640793800354,0.5354861617088318,-0.021398918703198433,0.5647367238998413,0.4635730981826782,-0.030037792399525642,0.5691596865653992,0.41704729199409485,-0.03870540112257004,0.5735203623771667,0.3794281482696533,-0.04474565386772156,0.5894786715507507,0.5257543325424194,-0.0029493956826627254,0.5865346789360046,0.4538916349411011,-0.013550309464335442,0.5969116687774658,0.4331669509410858,-0.023410215973854065,0.6066763997077942,0.42825081944465637,-0.027457697317004204,0.6132898926734924,0.5295091867446899,0.010398054495453835,0.6196624636650085,0.47712835669517517,-0.008059256710112095,0.6297158598899841,0.49539631605148315,-0.022008242085576057,0.6340229511260986,0.5182654857635498,-0.02561064437031746,0.6354917883872986,0.5422781109809875,0.02055472508072853,0.6441030502319336,0.5074481964111328,0.002846542512997985,0.6525670289993286,0.5107929110527039,-0.008772777393460274,0.654689610004425,0.5219482779502869,-0.013142752461135387,Б
0.0,0.0,0.0,0.0,0.0,0.0,0.0,0.0,0.0,0.0,0.0,0.0,0.0,0.0,0.0,0.0,0.0,0.0,0.0,0.0,0.0,0.0,0.0,0.0,0.0,0.0,0.0,0.0,0.0,0.0,0.0,0.0,0.0,0.0,0.0,0.0,0.0,0.0,0.0,0.0,0.0,0.0,0.0,0.0,0.0,0.0,0.0,0.0,0.0,0.0,0.0,0.0,0.0,0.0,0.0,0.0,0.0,0.0,0.0,0.0,0.0,0.0,0.0,0.6306096911430359,0.6923257112503052,4.5958245209476445e-07,0.6144386529922485,0.6604846715927124,-0.04497227817773819,0.6099094152450562,0.6059849858283997,-0.05572347342967987,0.6285248398780823,0.5479699373245239,-0.057730842381715775,0.6470339298248291,0.5029609799385071,-0.05631871521472931,0.5651757717132568,0.5360262393951416,-0.021431181579828262,0.5645738840103149,0.4638845920562744,-0.030529126524925232,0.5690980553627014,0.4170427918434143,-0.039612818509340286,0.5729201436042786,0.37956738471984863,-0.0458826944231987,0.5885851383209229,0.5257244110107422,-0.0029899142682552338,0.585562527179718,0.4540673792362213,-0.014241506345570087,0.5977442860603333,0.4329736530780792,-0.024323176592588425,0.6084422469139099,0.4277734160423279,-0.028261452913284302,0.6125004887580872,0.5294740200042725,0.010421566665172577,0.6188135743141174,0.47849059104919434,-0.00863052997738123,0.6293913125991821,0.49992135167121887,-0.0214906744658947,0.633445680141449,0.5250433683395386,-0.023914668709039688,0.6345308423042297,0.5427723526954651,0.020633364096283913,0.6433911919593811,0.508330762386322,0.002888874849304557,0.6522579193115234,0.512762188911438,-0.007591363973915577,0.6544715166091919,0.5244427919387817,-0.010785030201077461,Б
0.0,0.0,0.0,0.0,0.0,0.0,0.0,0.0,0.0,0.0,0.0,0.0,0.0,0.0,0.0,0.0,0.0,0.0,0.0,0.0,0.0,0.0,0.0,0.0,0.0,0.0,0.0,0.0,0.0,0.0,0.0,0.0,0.0,0.0,0.0,0.0,0.0,0.0,0.0,0.0,0.0,0.0,0.0,0.0,0.0,0.0,0.0,0.0,0.0,0.0,0.0,0.0,0.0,0.0,0.0,0.0,0.0,0.0,0.0,0.0,0.0,0.0,0.0,0.6310434937477112,0.6914041042327881,4.4388949049789517e-07,0.6137087345123291,0.6598110795021057,-0.045134950429201126,0.610080361366272,0.6042270660400391,-0.0544445738196373,0.6297009587287903,0.547135055065155,-0.0545746274292469,0.64894038438797,0.5037410855293274,-0.050925761461257935,0.5645470023155212,0.5358360409736633,-0.021195609122514725,0.5640284419059753,0.4632149934768677,-0.030181827023625374,0.5686706900596619,0.4163888692855835,-0.03827111795544624,0.5735105872154236,0.37863633036613464,-0.04341131076216698,0.5885947346687317,0.5259305834770203,-0.002406786661595106,0.5845413208007812,0.4549800753593445,-0.013832587748765945,0.596489429473877,0.43346118927001953,-0.022876983508467674,0.6078839302062988,0.42743584513664246,-0.02553967386484146,0.6126584410667419,0.5292212963104248,0.011091870255768299,0.6198267936706543,0.4806208312511444,-0.009339792653918266,0.6303695440292358,0.5066155791282654,-0.022233275696635246,0.6336526870727539,0.5332107543945312,-0.023690013214945793,0.6351630091667175,0.5410534143447876,0.02145172283053398,0.6438440680503845,0.5077388882637024,0.002683669328689575,0.6517707705497742,0.5151113271713257,-0.008066083304584026,0.6521925926208496,0.52887362241745,-0.010953656397759914,Б
0.0,0.0,0.0,0.0,0.0,0.0,0.0,0.0,0.0,0.0,0.0,0.0,0.0,0.0,0.0,0.0,0.0,0.0,0.0,0.0,0.0,0.0,0.0,0.0,0.0,0.0,0.0,0.0,0.0,0.0,0.0,0.0,0.0,0.0,0.0,0.0,0.0,0.0,0.0,0.0,0.0,0.0,0.0,0.0,0.0,0.0,0.0,0.0,0.0,0.0,0.0,0.0,0.0,0.0,0.0,0.0,0.0,0.0,0.0,0.0,0.0,0.0,0.0,0.6309455037117004,0.6923672556877136,4.625965743798588e-07,0.6136492490768433,0.6603959202766418,-0.04469731077551842,0.6098137497901917,0.6048533320426941,-0.05468298867344856,0.6292974948883057,0.5474160313606262,-0.05579959228634834,0.648530125617981,0.5035482048988342,-0.053296852856874466,0.5643376111984253,0.5362740159034729,-0.02092389017343521,0.5638872981071472,0.4637042284011841,-0.029777538031339645,0.5684332251548767,0.4164871573448181,-0.03827676177024841,0.5726513862609863,0.3784677982330322,-0.04400113224983215,0.5879145264625549,0.526008129119873,-0.0024732318706810474,0.5844829678535461,0.4547234773635864,-0.013528241775929928,0.5972386002540588,0.4327014088630676,-0.022765928879380226,0.6087287664413452,0.42556869983673096,-0.025973554700613022,0.6121501922607422,0.5292018055915833,0.010828452184796333,0.6194387078285217,0.4778245687484741,-0.008640019223093987,0.6300655007362366,0.5030475854873657,-0.02072078362107277,0.6333656907081604,0.5291891098022461,-0.02218960039317608,0.6350117325782776,0.5413814187049866,0.020939607173204422,0.6445081830024719,0.5073691606521606,0.002924508647993207,0.6530255675315857,0.5138928890228271,-0.007292135618627071,0.654140055179596,0.5260758996009827,-0.010067785158753395,Б
0.0,0.0,0.0,0.0,0.0,0.0,0.0,0.0,0.0,0.0,0.0,0.0,0.0,0.0,0.0,0.0,0.0,0.0,0.0,0.0,0.0,0.0,0.0,0.0,0.0,0.0,0.0,0.0,0.0,0.0,0.0,0.0,0.0,0.0,0.0,0.0,0.0,0.0,0.0,0.0,0.0,0.0,0.0,0.0,0.0,0.0,0.0,0.0,0.0,0.0,0.0,0.0,0.0,0.0,0.0,0.0,0.0,0.0,0.0,0.0,0.0,0.0,0.0,0.6312668323516846,0.6919927597045898,4.4155211753604817e-07,0.6143813133239746,0.6604703068733215,-0.045140787959098816,0.61003577709198,0.6057772040367126,-0.05471621826291084,0.6288772225379944,0.5487393736839294,-0.055104587227106094,0.648310124874115,0.505359411239624,-0.051752470433712006,0.5656188130378723,0.5362621545791626,-0.021978028118610382,0.564643383026123,0.4639986455440521,-0.030980557203292847,0.5686968564987183,0.41702812910079956,-0.03917953372001648,0.5726714134216309,0.3789134621620178,-0.04454644024372101,0.589023232460022,0.5258580446243286,-0.0032452901359647512,0.584773600101471,0.4550841748714447,-0.014227624051272869,0.5974610447883606,0.43279412388801575,-0.02297535538673401,0.6095089912414551,0.4261012077331543,-0.02581389620900154,0.6126000285148621,0.5288851261138916,0.010240106843411922,0.6198071241378784,0.4779972434043884,-0.009592588990926743,0.6309895515441895,0.5023152828216553,-0.02212049998342991,0.6348824501037598,0.5285661220550537,-0.02375022880733013,0.6350648403167725,0.5408845543861389,0.02051691710948944,0.6443262100219727,0.5069496631622314,0.001970068085938692,0.6529812216758728,0.5128560066223145,-0.008849719539284706,0.6539477705955505,0.5261646509170532,-0.011984224431216717,Б
0.0,0.0,0.0,0.0,0.0,0.0,0.0,0.0,0.0,0.0,0.0,0.0,0.0,0.0,0.0,0.0,0.0,0.0,0.0,0.0,0.0,0.0,0.0,0.0,0.0,0.0,0.0,0.0,0.0,0.0,0.0,0.0,0.0,0.0,0.0,0.0,0.0,0.0,0.0,0.0,0.0,0.0,0.0,0.0,0.0,0.0,0.0,0.0,0.0,0.0,0.0,0.0,0.0,0.0,0.0,0.0,0.0,0.0,0.0,0.0,0.0,0.0,0.0,0.6321703195571899,0.6929571628570557,4.339377426276769e-07,0.6152738332748413,0.6597943902015686,-0.04544167220592499,0.6110199689865112,0.6037886738777161,-0.05426891893148422,0.6299705505371094,0.5468719601631165,-0.05355852469801903,0.6492275595664978,0.5038197636604309,-0.04891505092382431,0.5651546716690063,0.5360091924667358,-0.021701669320464134,0.563948392868042,0.46237894892692566,-0.029861407354474068,0.5681918263435364,0.41588807106018066,-0.03754507005214691,0.5726473331451416,0.3782421350479126,-0.04265790432691574,0.5887647271156311,0.5256290435791016,-0.002294505713507533,0.5853304862976074,0.4540853202342987,-0.011922289617359638,0.5978890061378479,0.4311458468437195,-0.0204436294734478,0.6098527312278748,0.42405015230178833,-0.02357492782175541,0.612291693687439,0.5283751487731934,0.0117938918992877,0.6195715069770813,0.47582682967185974,-0.0065169557929039,0.631283700466156,0.49750760197639465,-0.019736289978027344,0.6359564065933228,0.5225823521614075,-0.022514227777719498,0.6348397135734558,0.5398983359336853,0.02259560488164425,0.6435084342956543,0.5057416558265686,0.004744881764054298,0.6522700786590576,0.5110973715782166,-0.006866446230560541,0.6537085771560669,0.5246968865394592,-0.010964104905724525,Б
0.0,0.0,0.0,0.0,0.0,0.0,0.0,0.0,0.0,0.0,0.0,0.0,0.0,0.0,0.0,0.0,0.0,0.0,0.0,0.0,0.0,0.0,0.0,0.0,0.0,0.0,0.0,0.0,0.0,0.0,0.0,0.0,0.0,0.0,0.0,0.0,0.0,0.0,0.0,0.0,0.0,0.0,0.0,0.0,0.0,0.0,0.0,0.0,0.0,0.0,0.0,0.0,0.0,0.0,0.0,0.0,0.0,0.0,0.0,0.0,0.0,0.0,0.0,0.6314556002616882,0.6917446851730347,4.4570867885340704e-07,0.6143752336502075,0.6581420302391052,-0.04564763605594635,0.6107983589172363,0.6031315922737122,-0.05485193431377411,0.6303919553756714,0.545971691608429,-0.0547117218375206,0.6496449112892151,0.5022614598274231,-0.05084976926445961,0.5648960471153259,0.5351141095161438,-0.020802754908800125,0.5641034841537476,0.46166473627090454,-0.028829636052250862,0.5680441856384277,0.4153227210044861,-0.03654501214623451,0.5721427202224731,0.3778579831123352,-0.04164848476648331,0.5886667966842651,0.5250639915466309,-0.001112485653720796,0.5858228206634521,0.45460644364356995,-0.010802685283124447,0.5976893305778503,0.43247145414352417,-0.01955743320286274,0.6090477705001831,0.42571139335632324,-0.022726234048604965,0.6122161746025085,0.5281879305839539,0.013227428309619427,0.6192083954811096,0.4773666262626648,-0.0052392687648534775,0.6300474405288696,0.49891144037246704,-0.018785860389471054,0.6344752311706543,0.5235266089439392,-0.021611850708723068,0.6342036724090576,0.5399910807609558,0.024321533739566803,0.6431237459182739,0.5067775845527649,0.006368654780089855,0.6518035531044006,0.5131795406341553,-0.00528038339689374,0.6536309123039246,0.5272030830383301,-0.009205440059304237,Б
0.0,0.0,0.0,0.0,0.0,0.0,0.0,0.0,0.0,0.0,0.0,0.0,0.0,0.0,0.0,0.0,0.0,0.0,0.0,0.0,0.0,0.0,0.0,0.0,0.0,0.0,0.0,0.0,0.0,0.0,0.0,0.0,0.0,0.0,0.0,0.0,0.0,0.0,0.0,0.0,0.0,0.0,0.0,0.0,0.0,0.0,0.0,0.0,0.0,0.0,0.0,0.0,0.0,0.0,0.0,0.0,0.0,0.0,0.0,0.0,0.0,0.0,0.0,0.6307871341705322,0.6925048828125,4.5916317503724713e-07,0.6141895651817322,0.6553743481636047,-0.0480692982673645,0.6107119917869568,0.5986981987953186,-0.056052304804325104,0.6291700005531311,0.5411091446876526,-0.05368049070239067,0.6459673047065735,0.4954743981361389,-0.04731094837188721,0.5641824007034302,0.5315516591072083,-0.01923513226211071,0.5629453659057617,0.4564143419265747,-0.023757420480251312,0.5659722685813904,0.41068220138549805,-0.029860971495509148,0.5692341923713684,0.37465429306030273,-0.034073006361722946,0.5883291363716125,0.5249103903770447,0.0031474889256060123,0.5842962265014648,0.45582661032676697,-0.0015294766053557396,0.5950161218643188,0.4296792447566986,-0.009173784404993057,0.6063337326049805,0.41902482509613037,-0.012721274048089981,0.6124060750007629,0.530796229839325,0.019838761538267136,0.6178408265113831,0.48107820749282837,0.005087618716061115,0.6293295621871948,0.4983232319355011,-0.010075168684124947,0.635020911693573,0.5194545388221741,-0.01510483305901289,0.6343080401420593,0.5436944961547852,0.03313196077942848,0.6411631107330322,0.5084324479103088,0.01645215041935444,0.6506304740905762,0.5122215747833252,0.0033513763919472694,0.653870701789856,0.523949921131134,-0.002140277763828635,Б
0.0,0.0,0.0,0.0,0.0,0.0,0.0,0.0,0.0,0.0,0.0,0.0,0.0,0.0,0.0,0.0,0.0,0.0,0.0,0.0,0.0,0.0,0.0,0.0,0.0,0.0,0.0,0.0,0.0,0.0,0.0,0.0,0.0,0.0,0.0,0.0,0.0,0.0,0.0,0.0,0.0,0.0,0.0,0.0,0.0,0.0,0.0,0.0,0.0,0.0,0.0,0.0,0.0,0.0,0.0,0.0,0.0,0.0,0.0,0.0,0.0,0.0,0.0,0.6315414309501648,0.6920019388198853,4.731937508495321e-07,0.614747166633606,0.6565473079681396,-0.04676508903503418,0.6110787987709045,0.5998489260673523,-0.05622386187314987,0.6286740303039551,0.5412659049034119,-0.056425534188747406,0.6459553837776184,0.4964742660522461,-0.05282525345683098,0.563694417476654,0.533478856086731,-0.019832497462630272,0.5618019104003906,0.457693874835968,-0.02708442322909832,0.5651026368141174,0.4107697010040283,-0.03372877463698387,0.568851888179779,0.37418609857559204,-0.037391748279333115,0.5884532332420349,0.5251868963241577,0.0008598803542554379,0.5847141146659851,0.45236483216285706,-0.009033373557031155,0.5947773456573486,0.4277888238430023,-0.017576243728399277,0.6052490472793579,0.4200148582458496,-0.019479768350720406,0.6131062507629395,0.5290403366088867,0.016083672642707825,0.620708167552948,0.482790470123291,-0.003214297816157341,0.6307031512260437,0.5077978372573853,-0.01680281013250351,0.6347246170043945,0.5340867638587952,-0.018101772293448448,0.6348344683647156,0.5397937893867493,0.02811940759420395,0.6430679559707642,0.5057136416435242,0.011071428656578064,0.6513038873672485,0.5105404853820801,0.0004724457976408303,0.6532773375511169,0.5219529867172241,-0.0020157909020781517,Б
0.0,0.0,0.0,0.0,0.0,0.0,0.0,0.0,0.0,0.0,0.0,0.0,0.0,0.0,0.0,0.0,0.0,0.0,0.0,0.0,0.0,0.0,0.0,0.0,0.0,0.0,0.0,0.0,0.0,0.0,0.0,0.0,0.0,0.0,0.0,0.0,0.0,0.0,0.0,0.0,0.0,0.0,0.0,0.0,0.0,0.0,0.0,0.0,0.0,0.0,0.0,0.0,0.0,0.0,0.0,0.0,0.0,0.0,0.0,0.0,0.0,0.0,0.0,0.6315441131591797,0.6922414302825928,4.651614915474056e-07,0.6148924231529236,0.6550818681716919,-0.04723457619547844,0.6108042597770691,0.5995490550994873,-0.056594882160425186,0.6270502209663391,0.541559636592865,-0.05647527426481247,0.6439570784568787,0.4960145950317383,-0.05248755216598511,0.5633102059364319,0.5310903787612915,-0.019234176725149155,0.5609926581382751,0.45714128017425537,-0.02580179274082184,0.5638967752456665,0.41080617904663086,-0.03296081721782684,0.5675336718559265,0.3741842806339264,-0.037712953984737396,0.5880066156387329,0.522955060005188,0.001727177295833826,0.5842282772064209,0.45081034302711487,-0.006696789525449276,0.5943372845649719,0.42587265372276306,-0.015647144988179207,0.6047184467315674,0.41778093576431274,-0.019023826345801353,0.6127122044563293,0.5280340313911438,0.017104439437389374,0.6188573837280273,0.47901487350463867,-0.0003308953018859029,0.629078209400177,0.4981141686439514,-0.014856787398457527,0.6337910890579224,0.522444486618042,-0.018415866419672966,0.6348460912704468,0.5408068895339966,0.02913859114050865,0.6432672739028931,0.5035852193832397,0.012026102282106876,0.6515800952911377,0.5062597393989563,-0.0001916971814353019,0.6534120440483093,0.5178053379058838,-0.00476151704788208,Б
0.0,0.0,0.0,0.0,0.0,0.0,0.0,0.0,0.0,0.0,0.0,0.0,0.0,0.0,0.0,0.0,0.0,0.0,0.0,0.0,0.0,0.0,0.0,0.0,0.0,0.0,0.0,0.0,0.0,0.0,0.0,0.0,0.0,0.0,0.0,0.0,0.0,0.0,0.0,0.0,0.0,0.0,0.0,0.0,0.0,0.0,0.0,0.0,0.0,0.0,0.0,0.0,0.0,0.0,0.0,0.0,0.0,0.0,0.0,0.0,0.0,0.0,0.0,0.6308861970901489,0.6912423968315125,4.7583330342604313e-07,0.6142849922180176,0.6556987762451172,-0.04690513387322426,0.6101296544075012,0.600280225276947,-0.056622788310050964,0.6270003318786621,0.5424361228942871,-0.05706897750496864,0.6444964408874512,0.4968106150627136,-0.05371918901801109,0.5625609755516052,0.5306093096733093,-0.02014281041920185,0.5603319406509399,0.4565352499485016,-0.027555275708436966,0.5634259581565857,0.4100167155265808,-0.03490862250328064,0.5669739246368408,0.3733619153499603,-0.03957586735486984,0.5871990323066711,0.5222670435905457,0.0002307080867467448,0.5831505656242371,0.45014047622680664,-0.009066719561815262,0.5945677161216736,0.42498573660850525,-0.01762300357222557,0.6056873202323914,0.4160727262496948,-0.020329006016254425,0.6118879318237305,0.5273324847221375,0.015064111910760403,0.6186693906784058,0.47950905561447144,-0.003426493378356099,0.629213273525238,0.5034507513046265,-0.016445215791463852,0.633034884929657,0.5293230414390564,-0.018302490934729576,0.6339005827903748,0.5403113961219788,0.026571499183773994,0.6426950693130493,0.5038711428642273,0.009133212268352509,0.6511615514755249,0.5087553262710571,-0.001709237927570939,0.6521755456924438,0.5207664966583252,-0.004865772090852261,Б
0.0,0.0,0.0,0.0,0.0,0.0,0.0,0.0,0.0,0.0,0.0,0.0,0.0,0.0,0.0,0.0,0.0,0.0,0.0,0.0,0.0,0.0,0.0,0.0,0.0,0.0,0.0,0.0,0.0,0.0,0.0,0.0,0.0,0.0,0.0,0.0,0.0,0.0,0.0,0.0,0.0,0.0,0.0,0.0,0.0,0.0,0.0,0.0,0.0,0.0,0.0,0.0,0.0,0.0,0.0,0.0,0.0,0.0,0.0,0.0,0.0,0.0,0.0,0.6308366656303406,0.6918588280677795,4.886629767497652e-07,0.6142762899398804,0.6569409370422363,-0.04642939567565918,0.6093505620956421,0.6011437773704529,-0.057544123381376266,0.6262807250022888,0.5425878763198853,-0.05987413600087166,0.6439774036407471,0.4967897832393646,-0.05858626216650009,0.5622023344039917,0.530817449092865,-0.02151046134531498,0.5600705146789551,0.45716431736946106,-0.030683156102895737,0.5635192394256592,0.4103800654411316,-0.039009083062410355,0.5672467350959778,0.3733319044113159,-0.04418732225894928,0.5868256092071533,0.5216179490089417,-0.002098748693242669,0.583290696144104,0.44950181245803833,-0.013480735011398792,0.5941534042358398,0.42515552043914795,-0.022631004452705383,0.6047138571739197,0.4167478084564209,-0.025363286957144737,0.6116944551467896,0.5259985327720642,0.011942267417907715,0.6186968684196472,0.47860974073410034,-0.007933017797768116,0.627554714679718,0.5042974948883057,-0.019891368225216866,0.6306479573249817,0.5312992334365845,-0.02061723731458187,0.6337578296661377,0.5385948419570923,0.02265929989516735,0.6416942477226257,0.5041629672050476,0.005109540652483702,0.6495930552482605,0.5103808641433716,-0.0043359617702662945,0.6513382196426392,0.5224626660346985,-0.006193153094500303,Б
0.0,0.0,0.0,0.0,0.0,0.0,0.0,0.0,0.0,0.0,0.0,0.0,0.0,0.0,0.0,0.0,0.0,0.0,0.0,0.0,0.0,0.0,0.0,0.0,0.0,0.0,0.0,0.0,0.0,0.0,0.0,0.0,0.0,0.0,0.0,0.0,0.0,0.0,0.0,0.0,0.0,0.0,0.0,0.0,0.0,0.0,0.0,0.0,0.0,0.0,0.0,0.0,0.0,0.0,0.0,0.0,0.0,0.0,0.0,0.0,0.0,0.0,0.0,0.6301335096359253,0.6920585632324219,4.927117061015451e-07,0.6126683354377747,0.6601192951202393,-0.04514467716217041,0.607471227645874,0.6045984029769897,-0.05583544448018074,0.6238398551940918,0.5464106202125549,-0.057930126786231995,0.6419728398323059,0.5020532011985779,-0.056304797530174255,0.561721920967102,0.5321638584136963,-0.021381264552474022,0.5598066449165344,0.4579233229160309,-0.030344869941473007,0.5636307597160339,0.4116930365562439,-0.038084227591753006,0.5678694844245911,0.3741644620895386,-0.04291120171546936,0.5859978795051575,0.5219696164131165,-0.0025242194533348083,0.5814117193222046,0.45066946744918823,-0.012973492033779621,0.592389702796936,0.42389976978302,-0.020733900368213654,0.6033180952072144,0.4122055172920227,-0.023036902770400047,0.6102953553199768,0.5254700183868408,0.010975854471325874,0.6177811026573181,0.47896602749824524,-0.007989486679434776,0.6256135702133179,0.5040872693061829,-0.01901746354997158,0.6276521682739258,0.5306925177574158,-0.0196708831936121,0.6321284770965576,0.5370991826057434,0.021111616864800453,0.6411396861076355,0.5043690800666809,0.0034374515525996685,0.6481466889381409,0.5110234618186951,-0.006279712077230215,0.6485462188720703,0.5232599973678589,-0.008550992235541344,Б
0.0,0.0,0.0,0.0,0.0,0.0,0.0,0.0,0.0,0.0,0.0,0.0,0.0,0.0,0.0,0.0,0.0,0.0,0.0,0.0,0.0,0.0,0.0,0.0,0.0,0.0,0.0,0.0,0.0,0.0,0.0,0.0,0.0,0.0,0.0,0.0,0.0,0.0,0.0,0.0,0.0,0.0,0.0,0.0,0.0,0.0,0.0,0.0,0.0,0.0,0.0,0.0,0.0,0.0,0.0,0.0,0.0,0.0,0.0,0.0,0.0,0.0,0.0,0.6293625831604004,0.6921679973602295,4.996278448743396e-07,0.6122339963912964,0.6577883362770081,-0.045547712594270706,0.6075357794761658,0.6019273996353149,-0.05701422318816185,0.6238391995429993,0.5440333485603333,-0.06016030162572861,0.6403924822807312,0.49796611070632935,-0.05983733758330345,0.5612320303916931,0.5311636924743652,-0.020574362948536873,0.5589600801467896,0.4579155147075653,-0.03008193150162697,0.562556266784668,0.41113629937171936,-0.03923528641462326,0.5663651823997498,0.37362194061279297,-0.045260101556777954,0.5858768820762634,0.5218979716300964,-0.0019963679369539022,0.5818329453468323,0.4490334391593933,-0.013840153813362122,0.5937291979789734,0.4244142770767212,-0.02386162057518959,0.6047878861427307,0.41549617052078247,-0.02743326500058174,0.6106781959533691,0.5265400409698486,0.011313111521303654,0.6178224086761475,0.478292316198349,-0.008289242163300514,0.6266424059867859,0.5029611587524414,-0.02023264952003956,0.6289912462234497,0.5298336744308472,-0.021368280053138733,0.632719874382019,0.5395762324333191,0.0212927907705307,0.6413705945014954,0.5035169124603271,0.0038696343544870615,0.648542582988739,0.5105903744697571,-0.005509871058166027,0.6484256386756897,0.5239362120628357,-0.007595531176775694,Б
0.0,0.0,0.0,0.0,0.0,0.0,0.0,0.0,0.0,0.0,0.0,0.0,0.0,0.0,0.0,0.0,0.0,0.0,0.0,0.0,0.0,0.0,0.0,0.0,0.0,0.0,0.0,0.0,0.0,0.0,0.0,0.0,0.0,0.0,0.0,0.0,0.0,0.0,0.0,0.0,0.0,0.0,0.0,0.0,0.0,0.0,0.0,0.0,0.0,0.0,0.0,0.0,0.0,0.0,0.0,0.0,0.0,0.0,0.0,0.0,0.0,0.0,0.0,0.6294332146644592,0.6888172626495361,4.7329217522928957e-07,0.6124295592308044,0.6548358201980591,-0.04624944552779198,0.6072997450828552,0.5994966626167297,-0.05596857890486717,0.6241427063941956,0.5431121587753296,-0.05647093057632446,0.642381489276886,0.49962374567985535,-0.053127359598875046,0.562324583530426,0.5299842357635498,-0.02167632058262825,0.5602664351463318,0.4554632306098938,-0.029274646192789078,0.5637470483779907,0.40970513224601746,-0.036144666373729706,0.567889928817749,0.3729017972946167,-0.040585145354270935,0.5869178175926208,0.5215821862220764,-0.0015444235177710652,0.582996129989624,0.4502738118171692,-0.010383576154708862,0.593898594379425,0.4242821931838989,-0.017834695056080818,0.6050199270248413,0.41420263051986694,-0.02034345269203186,0.6108604669570923,0.5265276432037354,0.01311096828430891,0.6184461712837219,0.47858715057373047,-0.004711024463176727,0.6267924904823303,0.5018215775489807,-0.01717897690832615,0.6294229626655579,0.5281475782394409,-0.01933111622929573,0.632487952709198,0.5388758778572083,0.024358592927455902,0.6423117518424988,0.5046145915985107,0.006395046133548021,0.6492961049079895,0.5096105933189392,-0.005288759712129831,0.6492379307746887,0.5221960544586182,-0.009346789680421352,Б
0.0,0.0,0.0,0.0,0.0,0.0,0.0,0.0,0.0,0.0,0.0,0.0,0.0,0.0,0.0,0.0,0.0,0.0,0.0,0.0,0.0,0.0,0.0,0.0,0.0,0.0,0.0,0.0,0.0,0.0,0.0,0.0,0.0,0.0,0.0,0.0,0.0,0.0,0.0,0.0,0.0,0.0,0.0,0.0,0.0,0.0,0.0,0.0,0.0,0.0,0.0,0.0,0.0,0.0,0.0,0.0,0.0,0.0,0.0,0.0,0.0,0.0,0.0,0.629592776298523,0.6877277493476868,4.7415946369255835e-07,0.612845242023468,0.6550461649894714,-0.04551732540130615,0.6070374250411987,0.6003998517990112,-0.056068118661642075,0.6246067881584167,0.5438093543052673,-0.057861097157001495,0.6435662508010864,0.49950602650642395,-0.055935490876436234,0.5627946257591248,0.5290818214416504,-0.021234529092907906,0.5606614947319031,0.45462989807128906,-0.028273502364754677,0.5644423961639404,0.40911898016929626,-0.03484983369708061,0.5682607889175415,0.3729360103607178,-0.039304886013269424,0.5866044759750366,0.520493745803833,-0.0018121994799003005,0.5829720497131348,0.44929739832878113,-0.010059685446321964,0.5944899320602417,0.42326104640960693,-0.017251882702112198,0.6053194403648376,0.41336801648139954,-0.019839176908135414,0.6104724407196045,0.5258476734161377,0.012269030325114727,0.618315577507019,0.47586607933044434,-0.0049393330700695515,0.6277747750282288,0.4979866147041321,-0.016977524384856224,0.6303476095199585,0.5231128334999084,-0.019191505387425423,0.6323267817497253,0.5385879278182983,0.022995389997959137,0.6430485248565674,0.5024757385253906,0.005538801196962595,0.6506110429763794,0.5077695846557617,-0.005623191129416227,0.6504747271537781,0.5198972821235657,-0.00949760153889656,Б
0.0,0.0,0.0,0.0,0.0,0.0,0.0,0.0,0.0,0.0,0.0,0.0,0.0,0.0,0.0,0.0,0.0,0.0,0.0,0.0,0.0,0.0,0.0,0.0,0.0,0.0,0.0,0.0,0.0,0.0,0.0,0.0,0.0,0.0,0.0,0.0,0.0,0.0,0.0,0.0,0.0,0.0,0.0,0.0,0.0,0.0,0.0,0.0,0.0,0.0,0.0,0.0,0.0,0.0,0.0,0.0,0.0,0.0,0.0,0.0,0.0,0.0,0.0,0.6292539238929749,0.6868116855621338,4.656884300402453e-07,0.6130248308181763,0.6516839265823364,-0.04631480574607849,0.6082797646522522,0.5969061255455017,-0.05593963339924812,0.6267461776733398,0.5409355163574219,-0.05652140825986862,0.6459234952926636,0.49690112471580505,-0.053348343819379807,0.563373327255249,0.5275403261184692,-0.019765356555581093,0.5614742636680603,0.4540044665336609,-0.02681097202003002,0.5650531053543091,0.4086495637893677,-0.033548902720212936,0.569391131401062,0.37289685010910034,-0.03780842572450638,0.5873488187789917,0.5202649831771851,0.000231316895224154,0.5846666693687439,0.4490901529788971,-0.00852502603083849,0.5960742235183716,0.4234985411167145,-0.016516366973519325,0.6075353026390076,0.4143162667751312,-0.01900789700448513,0.6111510992050171,0.5263193845748901,0.014648687094449997,0.6191263198852539,0.4770134687423706,-0.0033910833299160004,0.6291717886924744,0.5002161264419556,-0.01656344346702099,0.6328226923942566,0.525562584400177,-0.018731476739048958,0.6329001188278198,0.5398042798042297,0.02574760839343071,0.6426936388015747,0.5038698315620422,0.008276725187897682,0.6503279805183411,0.5096885561943054,-0.002917942125350237,0.650744616985321,0.5228777527809143,-0.006415692623704672,Б
0.0,0.0,0.0,0.0,0.0,0.0,0.0,0.0,0.0,0.0,0.0,0.0,0.0,0.0,0.0,0.0,0.0,0.0,0.0,0.0,0.0,0.0,0.0,0.0,0.0,0.0,0.0,0.0,0.0,0.0,0.0,0.0,0.0,0.0,0.0,0.0,0.0,0.0,0.0,0.0,0.0,0.0,0.0,0.0,0.0,0.0,0.0,0.0,0.0,0.0,0.0,0.0,0.0,0.0,0.0,0.0,0.0,0.0,0.0,0.0,0.0,0.0,0.0,0.62897789478302,0.6855683326721191,4.635415677967103e-07,0.6115519404411316,0.6535652279853821,-0.0446467287838459,0.6070579886436462,0.597733199596405,-0.05408245325088501,0.6259518265724182,0.5420931577682495,-0.05478141829371452,0.6450196504592896,0.4989854097366333,-0.05180368199944496,0.5633101463317871,0.5267846584320068,-0.020530056208372116,0.5620402097702026,0.4544796049594879,-0.028398841619491577,0.566109299659729,0.4092673361301422,-0.03557124733924866,0.5704635977745056,0.3732829689979553,-0.04027588665485382,0.5869467854499817,0.518324077129364,-0.0019090890418738127,0.5832042694091797,0.447252094745636,-0.011435460299253464,0.5952090620994568,0.42206335067749023,-0.01918092928826809,0.606852114200592,0.4123329520225525,-0.0215280894190073,0.6108797192573547,0.5237948298454285,0.011402247473597527,0.6191844344139099,0.47460782527923584,-0.007063350174576044,0.6287223100662231,0.500813901424408,-0.018748970702290535,0.6309341192245483,0.5268701314926147,-0.020018890500068665,0.6332842111587524,0.5373192429542542,0.021453123539686203,0.6439789533615112,0.5027817487716675,0.0033443686552345753,0.6515476703643799,0.5095635056495667,-0.00731429411098361,0.6510907411575317,0.5215579271316528,-0.01040776539593935,Б
0.0,0.0,0.0,0.0,0.0,0.0,0.0,0.0,0.0,0.0,0.0,0.0,0.0,0.0,0.0,0.0,0.0,0.0,0.0,0.0,0.0,0.0,0.0,0.0,0.0,0.0,0.0,0.0,0.0,0.0,0.0,0.0,0.0,0.0,0.0,0.0,0.0,0.0,0.0,0.0,0.0,0.0,0.0,0.0,0.0,0.0,0.0,0.0,0.0,0.0,0.0,0.0,0.0,0.0,0.0,0.0,0.0,0.0,0.0,0.0,0.0,0.0,0.0,0.6287879347801208,0.6872673630714417,4.5461885633812926e-07,0.6117827296257019,0.6545670628547668,-0.0447264164686203,0.6077051758766174,0.5989670753479004,-0.0536135733127594,0.6266228556632996,0.5429336428642273,-0.05352972447872162,0.6459143757820129,0.5002332329750061,-0.049499813467264175,0.5627627968788147,0.52838134765625,-0.01954929158091545,0.5620626211166382,0.4556264281272888,-0.02669573947787285,0.5661792159080505,0.4106213450431824,-0.033359114080667496,0.5706000328063965,0.37427157163619995,-0.0378207303583622,0.5867564082145691,0.5197261571884155,-0.0005207533831708133,0.5833609700202942,0.44979825615882874,-0.009028595872223377,0.5948993563652039,0.4244067966938019,-0.015989704057574272,0.6059324741363525,0.41282835602760315,-0.018125390633940697,0.6109573245048523,0.5245739817619324,0.013040468096733093,0.619513750076294,0.47536465525627136,-0.004933370742946863,0.6280393600463867,0.50273597240448,-0.01614449918270111,0.6291191577911377,0.5289655923843384,-0.017218032851815224,0.6338438391685486,0.5373284816741943,0.023298919200897217,0.6444782614707947,0.5024548172950745,0.0054897740483284,0.650967538356781,0.5097179412841797,-0.005059927236288786,0.6491379141807556,0.5220174789428711,-0.00820114929229021,Б
0.0,0.0,0.0,0.0,0.0,0.0,0.0,0.0,0.0,0.0,0.0,0.0,0.0,0.0,0.0,0.0,0.0,0.0,0.0,0.0,0.0,0.0,0.0,0.0,0.0,0.0,0.0,0.0,0.0,0.0,0.0,0.0,0.0,0.0,0.0,0.0,0.0,0.0,0.0,0.0,0.0,0.0,0.0,0.0,0.0,0.0,0.0,0.0,0.0,0.0,0.0,0.0,0.0,0.0,0.0,0.0,0.0,0.0,0.0,0.0,0.0,0.0,0.0,0.6286688446998596,0.6874688267707825,4.649643585707963e-07,0.6119730472564697,0.6555829048156738,-0.04499846324324608,0.6080638766288757,0.6000105142593384,-0.054855264723300934,0.6262899041175842,0.5442245602607727,-0.055814459919929504,0.6449069976806641,0.5008174180984497,-0.052979033440351486,0.563286304473877,0.528755784034729,-0.021355735138058662,0.5623166561126709,0.45597150921821594,-0.029033251106739044,0.5661822557449341,0.41096019744873047,-0.03603147715330124,0.5701000094413757,0.37478166818618774,-0.04084867238998413,0.586881697177887,0.5198686122894287,-0.002411122899502516,0.5832650065422058,0.44934016466140747,-0.011611982248723507,0.5953160524368286,0.42393094301223755,-0.018960583955049515,0.6065272092819214,0.41288554668426514,-0.021496398374438286,0.610890805721283,0.5248314738273621,0.011232299730181694,0.6187977194786072,0.4742937684059143,-0.007185113150626421,0.6275851726531982,0.5008622407913208,-0.01844986341893673,0.6289473176002502,0.5273298621177673,-0.019788973033428192,0.6335565447807312,0.5377771854400635,0.021577024832367897,0.6445878148078918,0.503275990486145,0.0029140026308596134,0.6515385508537292,0.5102370381355286,-0.008152909576892853,0.65023273229599,0.5223296880722046,-0.011688259430229664,Б
0.0,0.0,0.0,0.0,0.0,0.0,0.0,0.0,0.0,0.0,0.0,0.0,0.0,0.0,0.0,0.0,0.0,0.0,0.0,0.0,0.0,0.0,0.0,0.0,0.0,0.0,0.0,0.0,0.0,0.0,0.0,0.0,0.0,0.0,0.0,0.0,0.0,0.0,0.0,0.0,0.0,0.0,0.0,0.0,0.0,0.0,0.0,0.0,0.0,0.0,0.0,0.0,0.0,0.0,0.0,0.0,0.0,0.0,0.0,0.0,0.0,0.0,0.0,0.6295181512832642,0.6880522966384888,4.584277633057354e-07,0.6134988069534302,0.6556044816970825,-0.048627715557813644,0.6093988418579102,0.599544107913971,-0.058060742914676666,0.6277691125869751,0.5432518720626831,-0.057351287454366684,0.646355390548706,0.49894797801971436,-0.05238906294107437,0.5638251304626465,0.5304750204086304,-0.023717481642961502,0.56293123960495,0.4558563530445099,-0.03148196265101433,0.5669057369232178,0.41088199615478516,-0.03820335119962692,0.5714601278305054,0.37402859330177307,-0.04254686459898949,0.5876390933990479,0.5213420391082764,-0.002419025870040059,0.5837238430976868,0.4522963762283325,-0.010422104969620705,0.595130205154419,0.42510268092155457,-0.016870994120836258,0.606611430644989,0.41136685013771057,-0.019106753170490265,0.6110159754753113,0.525547981262207,0.01297205500304699,0.620450496673584,0.47686898708343506,-0.005462478380650282,0.6290257573127747,0.503784716129303,-0.017729543149471283,0.6301583051681519,0.5295215249061584,-0.019670436158776283,0.6332502365112305,0.5370889902114868,0.024773087352514267,0.6440646052360535,0.5042888522148132,0.005767131689935923,0.6511330604553223,0.5134027600288391,-0.00609720079228282,0.6498256921768188,0.5278754234313965,-0.01015398371964693,Б
0.0,0.0,0.0,0.0,0.0,0.0,0.0,0.0,0.0,0.0,0.0,0.0,0.0,0.0,0.0,0.0,0.0,0.0,0.0,0.0,0.0,0.0,0.0,0.0,0.0,0.0,0.0,0.0,0.0,0.0,0.0,0.0,0.0,0.0,0.0,0.0,0.0,0.0,0.0,0.0,0.0,0.0,0.0,0.0,0.0,0.0,0.0,0.0,0.0,0.0,0.0,0.0,0.0,0.0,0.0,0.0,0.0,0.0,0.0,0.0,0.0,0.0,0.0,0.6291895508766174,0.6885886788368225,4.5954251959301473e-07,0.6127140522003174,0.6574938297271729,-0.04625861346721649,0.6089375019073486,0.6013858914375305,-0.055384326726198196,0.6270906329154968,0.5447341799736023,-0.05497236177325249,0.6455111503601074,0.5005751252174377,-0.05044944956898689,0.56437087059021,0.5315239429473877,-0.021999871358275414,0.5633273720741272,0.45782145857810974,-0.02925238199532032,0.5671031475067139,0.4129404127597809,-0.035786841064691544,0.5711014866828918,0.3766353130340576,-0.04012645408511162,0.5881376266479492,0.5219950675964355,-0.0018478448037058115,0.5840646624565125,0.4526410400867462,-0.010009242221713066,0.5955237150192261,0.42525550723075867,-0.01673039048910141,0.6063564419746399,0.4119960069656372,-0.01907205581665039,0.6114815473556519,0.5262402892112732,0.012761048041284084,0.6192410588264465,0.47778236865997314,-0.005192479584366083,0.6279224753379822,0.5048876404762268,-0.016807053238153458,0.6293928623199463,0.5318198800086975,-0.018397025763988495,0.6335740089416504,0.5379747748374939,0.02395976521074772,0.6439246535301208,0.5055869221687317,0.005425252486020327,0.6512599587440491,0.5129924416542053,-0.006059268023818731,0.6505364179611206,0.5260289311408997,-0.009881844744086266,Б
0.0,0.0,0.0,0.0,0.0,0.0,0.0,0.0,0.0,0.0,0.0,0.0,0.0,0.0,0.0,0.0,0.0,0.0,0.0,0.0,0.0,0.0,0.0,0.0,0.0,0.0,0.0,0.0,0.0,0.0,0.0,0.0,0.0,0.0,0.0,0.0,0.0,0.0,0.0,0.0,0.0,0.0,0.0,0.0,0.0,0.0,0.0,0.0,0.0,0.0,0.0,0.0,0.0,0.0,0.0,0.0,0.0,0.0,0.0,0.0,0.0,0.0,0.0,0.6295312643051147,0.688713014125824,4.570340479403967e-07,0.6129014492034912,0.6556653380393982,-0.046576209366321564,0.6092000603675842,0.5995559096336365,-0.05472637340426445,0.6274037957191467,0.5436667799949646,-0.05292621999979019,0.6462046504020691,0.5008630156517029,-0.04687526822090149,0.5639399886131287,0.5304641723632812,-0.021300511434674263,0.5635765790939331,0.4570674002170563,-0.02765897661447525,0.5674862861633301,0.4125635623931885,-0.03365036100149155,0.5718297958374023,0.37615424394607544,-0.037656430155038834,0.5875875949859619,0.5218591690063477,-0.0007187823648564517,0.5832129120826721,0.4535161852836609,-0.007136425469070673,0.5934904217720032,0.4248655438423157,-0.013139177113771439,0.6039954423904419,0.40963947772979736,-0.015494794584810734,0.6109236478805542,0.5266360640525818,0.014134441502392292,0.6191144585609436,0.47696688771247864,-0.0030329113360494375,0.6279807686805725,0.50117427110672,-0.015481097623705864,0.6299099326133728,0.5257765650749207,-0.018045861274003983,0.6332963705062866,0.5388800501823425,0.025591256096959114,0.6432408690452576,0.5060580372810364,0.0071342457085847855,0.6508520841598511,0.5133334398269653,-0.004930279217660427,0.6505590081214905,0.5265423655509949,-0.009356492199003696,Б
0.0,0.0,0.0,0.0,0.0,0.0,0.0,0.0,0.0,0.0,0.0,0.0,0.0,0.0,0.0,0.0,0.0,0.0,0.0,0.0,0.0,0.0,0.0,0.0,0.0,0.0,0.0,0.0,0.0,0.0,0.0,0.0,0.0,0.0,0.0,0.0,0.0,0.0,0.0,0.0,0.0,0.0,0.0,0.0,0.0,0.0,0.0,0.0,0.0,0.0,0.0,0.0,0.0,0.0,0.0,0.0,0.0,0.0,0.0,0.0,0.0,0.0,0.0,0.6287696361541748,0.6901682019233704,4.530515980150085e-07,0.6122663617134094,0.6562497615814209,-0.046652767807245255,0.6092778444290161,0.5999128222465515,-0.054954398423433304,0.6277936100959778,0.5434457659721375,-0.05354202911257744,0.6459494829177856,0.4996134638786316,-0.048100546002388,0.5639063715934753,0.5304369926452637,-0.01994113065302372,0.5632696151733398,0.4573552906513214,-0.026591090485453606,0.5672136545181274,0.4126567244529724,-0.033188994973897934,0.5721032619476318,0.3767127990722656,-0.03749358281493187,0.5883396863937378,0.5222792029380798,0.0007062174845486879,0.5857700705528259,0.452634334564209,-0.007028208579868078,0.596762478351593,0.4260648787021637,-0.014803679659962654,0.6083498597145081,0.4150928258895874,-0.017791038379073143,0.6119585633277893,0.5272804498672485,0.015639634802937508,0.6207541823387146,0.4796498119831085,-0.001979533350095153,0.6294164657592773,0.5019155144691467,-0.016199877485632896,0.632288932800293,0.5266446471214294,-0.01964927837252617,0.6338522434234619,0.539587140083313,0.027227789163589478,0.6438929438591003,0.506077766418457,0.00888995174318552,0.6509203910827637,0.5118075609207153,-0.00402397895231843,0.6508033871650696,0.5249726176261902,-0.009009289555251598,Б
0.0,0.0,0.0,0.0,0.0,0.0,0.0,0.0,0.0,0.0,0.0,0.0,0.0,0.0,0.0,0.0,0.0,0.0,0.0,0.0,0.0,0.0,0.0,0.0,0.0,0.0,0.0,0.0,0.0,0.0,0.0,0.0,0.0,0.0,0.0,0.0,0.0,0.0,0.0,0.0,0.0,0.0,0.0,0.0,0.0,0.0,0.0,0.0,0.0,0.0,0.0,0.0,0.0,0.0,0.0,0.0,0.0,0.0,0.0,0.0,0.0,0.0,0.0,0.6297003030776978,0.6884000301361084,4.599951921591128e-07,0.6131311655044556,0.6557303667068481,-0.04676491394639015,0.6095805764198303,0.6000848412513733,-0.05519365891814232,0.628132700920105,0.5443763136863708,-0.05378946289420128,0.6466865539550781,0.5013811588287354,-0.048150788992643356,0.5637586116790771,0.5310408473014832,-0.021663254126906395,0.5630784630775452,0.4573092758655548,-0.029010562226176262,0.5672621130943298,0.412433385848999,-0.03515230864286423,0.5722641348838806,0.3762292265892029,-0.038826849311590195,0.587902307510376,0.5218662023544312,-0.0009034730028361082,0.5856422781944275,0.4516890347003937,-0.00929192267358303,0.5974101424217224,0.4252875745296478,-0.015824610367417336,0.6091950535774231,0.41437828540802,-0.017518363893032074,0.6113185882568359,0.525908887386322,0.014120381325483322,0.6214135885238647,0.480080783367157,-0.003860712982714176,0.6293854117393494,0.50560462474823,-0.01638009585440159,0.6307123303413391,0.5310336351394653,-0.018266133964061737,0.6329999566078186,0.5374504327774048,0.025708790868520737,0.6439855098724365,0.5054654479026794,0.007616761140525341,0.6509466171264648,0.5134288668632507,-0.004188498016446829,0.6502019762992859,0.5269411206245422,-0.00816101860255003,Б
0.0,0.0,0.0,0.0,0.0,0.0,0.0,0.0,0.0,0.0,0.0,0.0,0.0,0.0,0.0,0.0,0.0,0.0,0.0,0.0,0.0,0.0,0.0,0.0,0.0,0.0,0.0,0.0,0.0,0.0,0.0,0.0,0.0,0.0,0.0,0.0,0.0,0.0,0.0,0.0,0.0,0.0,0.0,0.0,0.0,0.0,0.0,0.0,0.0,0.0,0.0,0.0,0.0,0.0,0.0,0.0,0.0,0.0,0.0,0.0,0.0,0.0,0.0,0.6297932863235474,0.6908941268920898,4.504048263243021e-07,0.613027811050415,0.6569534540176392,-0.045814283192157745,0.6097950339317322,0.6001894474029541,-0.05422874912619591,0.6284741759300232,0.5442057847976685,-0.0531783290207386,0.6469125151634216,0.5010176301002502,-0.04805488511919975,0.5641172528266907,0.5316534638404846,-0.02033933438360691,0.5636811256408691,0.45776790380477905,-0.02757047489285469,0.5680354237556458,0.4128847122192383,-0.033965788781642914,0.572907567024231,0.3766050934791565,-0.037970274686813354,0.588279128074646,0.5229410529136658,-0.00029527663718909025,0.5856691598892212,0.45236584544181824,-0.008901303634047508,0.5975908637046814,0.42616692185401917,-0.01583145372569561,0.6091561913490295,0.41497066617012024,-0.01781327649950981,0.6117566227912903,0.5274465680122375,0.014099090360105038,0.6206231117248535,0.47899001836776733,-0.004347330424934626,0.629750669002533,0.5047258734703064,-0.01673736423254013,0.6317720413208008,0.5306979417800903,-0.018390851095318794,0.6338784098625183,0.5391833782196045,0.025177162140607834,0.6441937685012817,0.5044035315513611,0.0067656622268259525,0.6512806415557861,0.5125828981399536,-0.004728502128273249,0.650290846824646,0.5270889401435852,-0.008400178514420986,Б
0.0,0.0,0.0,0.0,0.0,0.0,0.0,0.0,0.0,0.0,0.0,0.0,0.0,0.0,0.0,0.0,0.0,0.0,0.0,0.0,0.0,0.0,0.0,0.0,0.0,0.0,0.0,0.0,0.0,0.0,0.0,0.0,0.0,0.0,0.0,0.0,0.0,0.0,0.0,0.0,0.0,0.0,0.0,0.0,0.0,0.0,0.0,0.0,0.0,0.0,0.0,0.0,0.0,0.0,0.0,0.0,0.0,0.0,0.0,0.0,0.0,0.0,0.0,0.6299633383750916,0.6907986402511597,4.512964153491339e-07,0.6133489012718201,0.6568478941917419,-0.045141007751226425,0.6102054715156555,0.6002868413925171,-0.05362994596362114,0.628136157989502,0.5442973375320435,-0.05287723243236542,0.6460416913032532,0.501113772392273,-0.0480785109102726,0.5643206238746643,0.5316802263259888,-0.020369356498122215,0.563726544380188,0.4584697484970093,-0.028117742389440536,0.5680029988288879,0.4135247468948364,-0.03490069508552551,0.5725483298301697,0.3772970736026764,-0.03919266164302826,0.5882905125617981,0.5227227210998535,-0.0009185738163068891,0.5851167440414429,0.4520934224128723,-0.010175946168601513,0.597154438495636,0.42575156688690186,-0.017413930967450142,0.6085438132286072,0.4142019748687744,-0.019579187035560608,0.6118521690368652,0.5271687507629395,0.012996776029467583,0.6202607750892639,0.4785435199737549,-0.005838832817971706,0.6292877793312073,0.5050690174102783,-0.017687492072582245,0.6311249136924744,0.5317404866218567,-0.018923334777355194,0.6341505646705627,0.5392729640007019,0.023627474904060364,0.6440842151641846,0.5046365261077881,0.005148954689502716,0.6513746380805969,0.512183666229248,-0.005902075674384832,0.6505209803581238,0.5259888172149658,-0.009211999364197254,Б
0.0,0.0,0.0,0.0,0.0,0.0,0.0,0.0,0.0,0.0,0.0,0.0,0.0,0.0,0.0,0.0,0.0,0.0,0.0,0.0,0.0,0.0,0.0,0.0,0.0,0.0,0.0,0.0,0.0,0.0,0.0,0.0,0.0,0.0,0.0,0.0,0.0,0.0,0.0,0.0,0.0,0.0,0.0,0.0,0.0,0.0,0.0,0.0,0.0,0.0,0.0,0.0,0.0,0.0,0.0,0.0,0.0,0.0,0.0,0.0,0.0,0.0,0.0,0.629186749458313,0.6883494853973389,4.5979243168403627e-07,0.6126598119735718,0.6555098295211792,-0.0450793020427227,0.609817385673523,0.5994644165039062,-0.05323440954089165,0.6287239193916321,0.5438297390937805,-0.05192752182483673,0.6472607851028442,0.501341700553894,-0.04641889035701752,0.5642119646072388,0.5309579372406006,-0.020638596266508102,0.5640069246292114,0.4579378068447113,-0.02811940386891365,0.5683200359344482,0.41338470578193665,-0.03465950861573219,0.5729942321777344,0.3767620325088501,-0.03877132385969162,0.5877310633659363,0.5214475989341736,-0.0011584918247535825,0.5843635201454163,0.4526723623275757,-0.009464665316045284,0.5958254933357239,0.4243256449699402,-0.016057634726166725,0.6073144674301147,0.40936386585235596,-0.018236607313156128,0.6109574437141418,0.5251696109771729,0.012716514989733696,0.6199905872344971,0.4770487844944,-0.005640404764562845,0.6281524300575256,0.5046704411506653,-0.017199605703353882,0.6296185255050659,0.5309997797012329,-0.018517930060625076,0.6330721974372864,0.536420464515686,0.023284994065761566,0.6424965858459473,0.5042914152145386,0.005096338223665953,0.6498466730117798,0.512592613697052,-0.005691445432603359,0.6497685313224792,0.5259099006652832,-0.00895083136856556,Б
0.0,0.0,0.0,0.0,0.0,0.0,0.0,0.0,0.0,0.0,0.0,0.0,0.0,0.0,0.0,0.0,0.0,0.0,0.0,0.0,0.0,0.0,0.0,0.0,0.0,0.0,0.0,0.0,0.0,0.0,0.0,0.0,0.0,0.0,0.0,0.0,0.0,0.0,0.0,0.0,0.0,0.0,0.0,0.0,0.0,0.0,0.0,0.0,0.0,0.0,0.0,0.0,0.0,0.0,0.0,0.0,0.0,0.0,0.0,0.0,0.0,0.0,0.0,0.6282240152359009,0.6875108480453491,4.853703785556718e-07,0.6119322180747986,0.6564908027648926,-0.04201745241880417,0.6080713868141174,0.6039927005767822,-0.052727602422237396,0.627194881439209,0.5495575666427612,-0.05600742623209953,0.644809365272522,0.5083001852035522,-0.055994778871536255,0.564324676990509,0.5348743796348572,-0.019754942506551743,0.5634809732437134,0.46021568775177,-0.028170550242066383,0.5688020586967468,0.41502395272254944,-0.03482895344495773,0.572889506816864,0.3794005513191223,-0.038768429309129715,0.5878946781158447,0.5259836316108704,-0.0022241726983338594,0.5854756236076355,0.45494160056114197,-0.013586712069809437,0.5973345041275024,0.43004536628723145,-0.021106917411088943,0.6056836247444153,0.4193585216999054,-0.022439824417233467,0.6111770272254944,0.5296751260757446,0.010500520467758179,0.6188856363296509,0.48239970207214355,-0.008898572996258736,0.6287000179290771,0.5090367794036865,-0.01835717260837555,0.6295108795166016,0.5353260636329651,-0.01718166097998619,0.6311653256416321,0.5402866005897522,0.020210595801472664,0.6425222754478455,0.5088056921958923,0.002644837135449052,0.6509971022605896,0.5157788395881653,-0.005882914178073406,0.6507577300071716,0.5265092849731445,-0.006731259170919657,Б
0.0,0.0,0.0,0.0,0.0,0.0,0.0,0.0,0.0,0.0,0.0,0.0,0.0,0.0,0.0,0.0,0.0,0.0,0.0,0.0,0.0,0.0,0.0,0.0,0.0,0.0,0.0,0.0,0.0,0.0,0.0,0.0,0.0,0.0,0.0,0.0,0.0,0.0,0.0,0.0,0.0,0.0,0.0,0.0,0.0,0.0,0.0,0.0,0.0,0.0,0.0,0.0,0.0,0.0,0.0,0.0,0.0,0.0,0.0,0.0,0.0,0.0,0.0,0.6289000511169434,0.6836123466491699,4.810626137441432e-07,0.6137862205505371,0.652405321598053,-0.04389386624097824,0.6107350587844849,0.5985837578773499,-0.05280706658959389,0.6294441819190979,0.5440646409988403,-0.053168509155511856,0.6462894678115845,0.5031482577323914,-0.0499705895781517,0.5634655356407166,0.5340279340744019,-0.019479144364595413,0.564087450504303,0.4595249593257904,-0.026860615238547325,0.5692780017852783,0.4142398536205292,-0.03372642397880554,0.5742248892784119,0.3780313730239868,-0.038153570145368576,0.588068962097168,0.5256829857826233,-0.0003502489998936653,0.5859871506690979,0.45624157786369324,-0.00999118946492672,0.5980325937271118,0.4299778938293457,-0.018549054861068726,0.6086922883987427,0.41683053970336914,-0.021555587649345398,0.6120313405990601,0.5296579003334045,0.013683932833373547,0.6194582581520081,0.48433592915534973,-0.00516281183809042,0.628923237323761,0.509911298751831,-0.018161781132221222,0.6306922435760498,0.5357150435447693,-0.020092811435461044,0.6330510973930359,0.540576696395874,0.024726293981075287,0.6431353688240051,0.5077123045921326,0.006227660924196243,0.6509422063827515,0.5141788721084595,-0.005218417849391699,0.6508152484893799,0.527012050151825,-0.008710968308150768,Б
0.0,0.0,0.0,0.0,0.0,0.0,0.0,0.0,0.0,0.0,0.0,0.0,0.0,0.0,0.0,0.0,0.0,0.0,0.0,0.0,0.0,0.0,0.0,0.0,0.0,0.0,0.0,0.0,0.0,0.0,0.0,0.0,0.0,0.0,0.0,0.0,0.0,0.0,0.0,0.0,0.0,0.0,0.0,0.0,0.0,0.0,0.0,0.0,0.0,0.0,0.0,0.0,0.0,0.0,0.0,0.0,0.0,0.0,0.0,0.0,0.0,0.0,0.0,0.6312447190284729,0.6857905983924866,4.594275253566593e-07,0.6152276396751404,0.6543479561805725,-0.0448339469730854,0.6113830804824829,0.6000168323516846,-0.053706228733062744,0.6308058500289917,0.544795572757721,-0.05346493795514107,0.6488199234008789,0.5031485557556152,-0.04937572777271271,0.5651730895042419,0.5338762402534485,-0.02107054553925991,0.5651512742042542,0.4587615430355072,-0.027732491493225098,0.5701228976249695,0.41387659311294556,-0.03377220779657364,0.5750008225440979,0.3778159022331238,-0.03769826143980026,0.5895837545394897,0.5255722999572754,-0.0012521877652034163,0.5862394571304321,0.456490695476532,-0.009545985609292984,0.5982310771942139,0.4309912919998169,-0.016576671972870827,0.6089472770690918,0.4194585680961609,-0.01881089061498642,0.6133499145507812,0.5297390818595886,0.013386496342718601,0.6195345520973206,0.48109960556030273,-0.004180098418146372,0.6301591992378235,0.5056966543197632,-0.01592419482767582,0.633273184299469,0.5314227342605591,-0.017452578991651535,0.6348714828491211,0.5409097671508789,0.024800263345241547,0.643984854221344,0.5077229738235474,0.006536965724080801,0.6521474719047546,0.5132979154586792,-0.00484282523393631,0.6524893045425415,0.5254823565483093,-0.008398383855819702,Б
0.0,0.0,0.0,0.0,0.0,0.0,0.0,0.0,0.0,0.0,0.0,0.0,0.0,0.0,0.0,0.0,0.0,0.0,0.0,0.0,0.0,0.0,0.0,0.0,0.0,0.0,0.0,0.0,0.0,0.0,0.0,0.0,0.0,0.0,0.0,0.0,0.0,0.0,0.0,0.0,0.0,0.0,0.0,0.0,0.0,0.0,0.0,0.0,0.0,0.0,0.0,0.0,0.0,0.0,0.0,0.0,0.0,0.0,0.0,0.0,0.0,0.0,0.0,0.6296930313110352,0.6845542192459106,4.3708675434572797e-07,0.615074872970581,0.6557492613792419,-0.04175103083252907,0.6114137768745422,0.6050131916999817,-0.05156838148832321,0.6303381323814392,0.5526502728462219,-0.05323849245905876,0.6494952440261841,0.5137891173362732,-0.05141424015164375,0.5672799944877625,0.5347456932067871,-0.022039996460080147,0.5663090944290161,0.4612349271774292,-0.02909688465297222,0.5716239213943481,0.41655880212783813,-0.03554324433207512,0.5758586525917053,0.3806222081184387,-0.0403289757668972,0.5905441045761108,0.5247395038604736,-0.0042471690103411674,0.5861713886260986,0.45616060495376587,-0.012204097583889961,0.5997710824012756,0.43097978830337524,-0.018719563260674477,0.6099980473518372,0.41885820031166077,-0.021529922261834145,0.6141024231910706,0.5281177759170532,0.008930757641792297,0.6179074645042419,0.47704261541366577,-0.0067451223731040955,0.6287111043930054,0.4997815787792206,-0.01635129377245903,0.630861222743988,0.5257273316383362,-0.017840519547462463,0.6362599730491638,0.5395262241363525,0.018937336280941963,0.6459642052650452,0.5048248767852783,0.0018778613302856684,0.6533969640731812,0.5099183917045593,-0.008613018319010735,0.6520829796791077,0.5230140089988708,-0.012422919273376465,Б
0.0,0.0,0.0,0.0,0.0,0.0,0.0,0.0,0.0,0.0,0.0,0.0,0.0,0.0,0.0,0.0,0.0,0.0,0.0,0.0,0.0,0.0,0.0,0.0,0.0,0.0,0.0,0.0,0.0,0.0,0.0,0.0,0.0,0.0,0.0,0.0,0.0,0.0,0.0,0.0,0.0,0.0,0.0,0.0,0.0,0.0,0.0,0.0,0.0,0.0,0.0,0.0,0.0,0.0,0.0,0.0,0.0,0.0,0.0,0.0,0.0,0.0,0.0,0.6320846676826477,0.681984007358551,5.07503330027248e-07,0.6173040270805359,0.6520510911941528,-0.046943195164203644,0.6146602034568787,0.6014058589935303,-0.056522585451602936,0.6333052515983582,0.5477293133735657,-0.05628509819507599,0.6499214172363281,0.5063811540603638,-0.05215535685420036,0.5683605670928955,0.53486567735672,-0.023047275841236115,0.5693798065185547,0.4605944752693176,-0.02898525819182396,0.5743712186813354,0.4153748154640198,-0.03539670631289482,0.5779407620429993,0.37888872623443604,-0.039802514016628265,0.5910724997520447,0.5264272093772888,-0.0016358844004571438,0.5882772207260132,0.4596569538116455,-0.007951976731419563,0.6003571152687073,0.4309602975845337,-0.015176904387772083,0.6103206872940063,0.4153616428375244,-0.01839773915708065,0.6140364408493042,0.5300590991973877,0.014584778808057308,0.6197481155395508,0.48198646306991577,-0.0006401169812306762,0.6283202767372131,0.5053727626800537,-0.012650938704609871,0.628821611404419,0.5294739603996277,-0.015334824100136757,0.6345810890197754,0.5412565469741821,0.02741868793964386,0.6441230177879333,0.5092620253562927,0.011155929416418076,0.6535754799842834,0.5134029984474182,0.00016848814266268164,0.6550040245056152,0.5243309736251831,-0.0036299205385148525,Б
0.0,0.0,0.0,0.0,0.0,0.0,0.0,0.0,0.0,0.0,0.0,0.0,0.0,0.0,0.0,0.0,0.0,0.0,0.0,0.0,0.0,0.0,0.0,0.0,0.0,0.0,0.0,0.0,0.0,0.0,0.0,0.0,0.0,0.0,0.0,0.0,0.0,0.0,0.0,0.0,0.0,0.0,0.0,0.0,0.0,0.0,0.0,0.0,0.0,0.0,0.0,0.0,0.0,0.0,0.0,0.0,0.0,0.0,0.0,0.0,0.0,0.0,0.0,0.6310518980026245,0.6832658648490906,4.875882950727828e-07,0.6173332333564758,0.6517437100410461,-0.045416850596666336,0.6156783103942871,0.6001425385475159,-0.05454860255122185,0.6358733773231506,0.5463286638259888,-0.05450676754117012,0.6542486548423767,0.5051274299621582,-0.05052934214472771,0.5687741041183472,0.5317613482475281,-0.021161643788218498,0.5699471235275269,0.4566265344619751,-0.028602512553334236,0.5745256543159485,0.4114699363708496,-0.035135816782712936,0.5787472128868103,0.3758701682090759,-0.03892122581601143,0.5920853614807129,0.5238929390907288,-0.0013111247681081295,0.5915069580078125,0.4552811086177826,-0.010094488970935345,0.6031713485717773,0.42838743329048157,-0.017749976366758347,0.6136543154716492,0.41539499163627625,-0.02008986659348011,0.61507248878479,0.5281633138656616,0.013131647370755672,0.62465500831604,0.4838178753852844,-0.005280886776745319,0.6340075731277466,0.510694146156311,-0.01805901899933815,0.6356872320175171,0.5360298156738281,-0.01962239481508732,0.6354584693908691,0.5399143695831299,0.024417594075202942,0.6458555459976196,0.5084546208381653,0.007019332610070705,0.65476393699646,0.5134815573692322,-0.0037850383669137955,0.6564093828201294,0.5249893069267273,-0.00670004403218627,Б
0.0,0.0,0.0,0.0,0.0,0.0,0.0,0.0,0.0,0.0,0.0,0.0,0.0,0.0,0.0,0.0,0.0,0.0,0.0,0.0,0.0,0.0,0.0,0.0,0.0,0.0,0.0,0.0,0.0,0.0,0.0,0.0,0.0,0.0,0.0,0.0,0.0,0.0,0.0,0.0,0.0,0.0,0.0,0.0,0.0,0.0,0.0,0.0,0.0,0.0,0.0,0.0,0.0,0.0,0.0,0.0,0.0,0.0,0.0,0.0,0.0,0.0,0.0,0.6328988075256348,0.6819744110107422,4.663680215344357e-07,0.6177640557289124,0.654755175113678,-0.042706042528152466,0.6138927936553955,0.6054831147193909,-0.05284146964550018,0.6341332197189331,0.5528720021247864,-0.054732222110033035,0.6532023549079895,0.5131535530090332,-0.052814874798059464,0.5701186656951904,0.534285306930542,-0.022461097687482834,0.5703220367431641,0.46026891469955444,-0.03069673664867878,0.5754615664482117,0.41481009125709534,-0.03758454695343971,0.5794779658317566,0.3779059052467346,-0.042130161076784134,0.5930914878845215,0.5241805911064148,-0.0047596655786037445,0.5903399586677551,0.45628735423088074,-0.014079894870519638,0.602713406085968,0.4294629991054535,-0.02075185626745224,0.6124175190925598,0.41488808393478394,-0.022827329114079475,0.6165604591369629,0.5279842019081116,0.008071069605648518,0.6239347457885742,0.4826997220516205,-0.00953841395676136,0.6335294246673584,0.511289656162262,-0.018664738163352013,0.634490966796875,0.5382490158081055,-0.018434511497616768,0.638399064540863,0.5401526689529419,0.01772676594555378,0.6492670178413391,0.5068632364273071,0.0007427581585943699,0.6574777960777283,0.5113748908042908,-0.008124436251819134,0.6573885083198547,0.5218296051025391,-0.010026613250374794,Б
0.0,0.0,0.0,0.0,0.0,0.0,0.0,0.0,0.0,0.0,0.0,0.0,0.0,0.0,0.0,0.0,0.0,0.0,0.0,0.0,0.0,0.0,0.0,0.0,0.0,0.0,0.0,0.0,0.0,0.0,0.0,0.0,0.0,0.0,0.0,0.0,0.0,0.0,0.0,0.0,0.0,0.0,0.0,0.0,0.0,0.0,0.0,0.0,0.0,0.0,0.0,0.0,0.0,0.0,0.0,0.0,0.0,0.0,0.0,0.0,0.0,0.0,0.0,0.6336483955383301,0.68428635597229,4.800551778316731e-07,0.6180726885795593,0.6560940742492676,-0.04535045474767685,0.6155438423156738,0.6059685945510864,-0.05485241115093231,0.6372693181037903,0.5531617403030396,-0.054969001561403275,0.6570001840591431,0.5139186978340149,-0.051372841000556946,0.5709187984466553,0.5365819931030273,-0.023202387616038322,0.5719667077064514,0.461946964263916,-0.029912414029240608,0.5775632262229919,0.41648441553115845,-0.03643649071455002,0.5819560289382935,0.380659818649292,-0.04097261652350426,0.594411313533783,0.5270265340805054,-0.00331352767534554,0.5909532308578491,0.4586758613586426,-0.009989862330257893,0.6040969491004944,0.4307869076728821,-0.01700429432094097,0.6151478290557861,0.41743016242980957,-0.02023596130311489,0.618289589881897,0.5299643278121948,0.011462905444204807,0.6227825284004211,0.47953590750694275,-0.004134021699428558,0.6324579119682312,0.4969033896923065,-0.016951292753219604,0.634403645992279,0.5172195434570312,-0.020698534324765205,0.6402648687362671,0.541218638420105,0.022944586351513863,0.6496384739875793,0.5100200176239014,0.005122183356434107,0.6585983037948608,0.5146616697311401,-0.007262391038239002,0.6598219871520996,0.5263074636459351,-0.012247971259057522,Б
0.0,0.0,0.0,0.0,0.0,0.0,0.0,0.0,0.0,0.0,0.0,0.0,0.0,0.0,0.0,0.0,0.0,0.0,0.0,0.0,0.0,0.0,0.0,0.0,0.0,0.0,0.0,0.0,0.0,0.0,0.0,0.0,0.0,0.0,0.0,0.0,0.0,0.0,0.0,0.0,0.0,0.0,0.0,0.0,0.0,0.0,0.0,0.0,0.0,0.0,0.0,0.0,0.0,0.0,0.0,0.0,0.0,0.0,0.0,0.0,0.0,0.0,0.0,0.6352007389068604,0.6906304359436035,4.953324150847038e-07,0.6191701889038086,0.6614068150520325,-0.04461522400379181,0.6163415908813477,0.6091746091842651,-0.05426265671849251,0.6379532217979431,0.5547913312911987,-0.055205460637807846,0.6565020680427551,0.5126742720603943,-0.052221495658159256,0.5708446502685547,0.5386912822723389,-0.020902978256344795,0.5722000002861023,0.46239858865737915,-0.027814196422696114,0.5777941942214966,0.4166284203529358,-0.033667027950286865,0.582102358341217,0.3803401589393616,-0.037311818450689316,0.5952209830284119,0.5296309590339661,-0.0015922663733363152,0.5936770439147949,0.4583885073661804,-0.01103612408041954,0.6071508526802063,0.4329164922237396,-0.01804397627711296,0.6177617907524109,0.42185190320014954,-0.01953798718750477,0.6193264126777649,0.5337628126144409,0.012602582573890686,0.6269139051437378,0.48768770694732666,-0.005920872557908297,0.6359527111053467,0.5176299214363098,-0.016303397715091705,0.636267364025116,0.5450701117515564,-0.01605496183037758,0.6406596899032593,0.5450469255447388,0.023589957505464554,0.6513940691947937,0.5132282972335815,0.005439674947410822,0.6594867706298828,0.5196978449821472,-0.0044774990528821945,0.659309446811676,0.5304857492446899,-0.006534142419695854,Б
0.0,0.0,0.0,0.0,0.0,0.0,0.0,0.0,0.0,0.0,0.0,0.0,0.0,0.0,0.0,0.0,0.0,0.0,0.0,0.0,0.0,0.0,0.0,0.0,0.0,0.0,0.0,0.0,0.0,0.0,0.0,0.0,0.0,0.0,0.0,0.0,0.0,0.0,0.0,0.0,0.0,0.0,0.0,0.0,0.0,0.0,0.0,0.0,0.0,0.0,0.0,0.0,0.0,0.0,0.0,0.0,0.0,0.0,0.0,0.0,0.0,0.0,0.0,0.6344929933547974,0.6944335103034973,4.71170039872959e-07,0.6204001903533936,0.6623034477233887,-0.04775753989815712,0.6184445023536682,0.6079081296920776,-0.05558719485998154,0.6385341882705688,0.5528180599212646,-0.05312904715538025,0.6562912464141846,0.5101795196533203,-0.04631245508790016,0.5702887177467346,0.5393691658973694,-0.02179122157394886,0.5723540186882019,0.4628453850746155,-0.02748943120241165,0.5777310729026794,0.4173468053340912,-0.032637979835271835,0.582379162311554,0.3805883526802063,-0.03591475263237953,0.5939667224884033,0.530986487865448,0.00013782338646706194,0.5919821858406067,0.4612402319908142,-0.006100778933614492,0.6047788858413696,0.43446439504623413,-0.011548055335879326,0.6153408885002136,0.4207005500793457,-0.012883302755653858,0.6172089576721191,0.5355275869369507,0.016331279650330544,0.625308096408844,0.48711898922920227,-0.000902186322491616,0.6363912224769592,0.5152603983879089,-0.012780699878931046,0.637886643409729,0.5407418608665466,-0.014192813076078892,0.6385459303855896,0.547178328037262,0.02909945137798786,0.6502482891082764,0.5139868259429932,0.010218172334134579,0.6591346263885498,0.522805392742157,-0.001816589036025107,0.6583885550498962,0.5374127626419067,-0.005620758514851332,Б
0.0,0.0,0.0,0.0,0.0,0.0,0.0,0.0,0.0,0.0,0.0,0.0,0.0,0.0,0.0,0.0,0.0,0.0,0.0,0.0,0.0,0.0,0.0,0.0,0.0,0.0,0.0,0.0,0.0,0.0,0.0,0.0,0.0,0.0,0.0,0.0,0.0,0.0,0.0,0.0,0.0,0.0,0.0,0.0,0.0,0.0,0.0,0.0,0.0,0.0,0.0,0.0,0.0,0.0,0.0,0.0,0.0,0.0,0.0,0.0,0.0,0.0,0.0,0.6356125473976135,0.6998926401138306,4.6849370960444503e-07,0.6205399036407471,0.6659573912620544,-0.04765520617365837,0.6184849739074707,0.6098293662071228,-0.05598941072821617,0.6387032866477966,0.5527589917182922,-0.0545780323445797,0.6555958986282349,0.5080423355102539,-0.048988573253154755,0.5688114166259766,0.5411699414253235,-0.020213602110743523,0.5713210701942444,0.46398407220840454,-0.02766937017440796,0.5768272280693054,0.41774845123291016,-0.03414813429117203,0.5822733044624329,0.38101905584335327,-0.03774590417742729,0.5943616032600403,0.5340026021003723,0.001012099557556212,0.5960032939910889,0.4626331031322479,-0.008526052348315716,0.6075844764709473,0.43880462646484375,-0.016734907403588295,0.6168922781944275,0.4295501708984375,-0.018789323046803474,0.6186087727546692,0.5386912226676941,0.01644575223326683,0.6296787858009338,0.49507471919059753,-0.002887633629143238,0.6386871337890625,0.522688090801239,-0.016672305762767792,0.6383752822875977,0.5477270483970642,-0.018369043245911598,0.6396796703338623,0.5505750179290771,0.028565634042024612,0.6512201428413391,0.518083393573761,0.010831772349774837,0.6591849327087402,0.5256744623184204,-0.0002836065541487187,0.6580050587654114,0.5396181344985962,-0.003223102306947112,Б
0.0,0.0,0.0,0.0,0.0,0.0,0.0,0.0,0.0,0.0,0.0,0.0,0.0,0.0,0.0,0.0,0.0,0.0,0.0,0.0,0.0,0.0,0.0,0.0,0.0,0.0,0.0,0.0,0.0,0.0,0.0,0.0,0.0,0.0,0.0,0.0,0.0,0.0,0.0,0.0,0.0,0.0,0.0,0.0,0.0,0.0,0.0,0.0,0.0,0.0,0.0,0.0,0.0,0.0,0.0,0.0,0.0,0.0,0.0,0.0,0.0,0.0,0.0,0.6342225074768066,0.7018826007843018,4.5196449605100497e-07,0.618489682674408,0.663187563419342,-0.04738401249051094,0.6168046593666077,0.6043844819068909,-0.05404592677950859,0.636942446231842,0.5488927364349365,-0.0507698729634285,0.6554553508758545,0.5068230628967285,-0.04330085963010788,0.5679081082344055,0.53901207447052,-0.018391700461506844,0.5704545378684998,0.4639010727405548,-0.02487746812403202,0.5765041708946228,0.41851916909217834,-0.030315468087792397,0.582728385925293,0.38211488723754883,-0.0330718494951725,0.5936644673347473,0.5324304103851318,0.003243763232603669,0.5948195457458496,0.46302109956741333,-0.004420154727995396,0.6054993271827698,0.43767327070236206,-0.01099624764174223,0.6145578026771545,0.4263678193092346,-0.012163825333118439,0.6180074214935303,0.5375135540962219,0.018793761730194092,0.6299062371253967,0.4944789707660675,-0.0001480657811043784,0.6395927667617798,0.5215147733688354,-0.014178898185491562,0.6403605341911316,0.5463663935661316,-0.015889964997768402,0.6391971111297607,0.5487381815910339,0.03107091598212719,0.6502571702003479,0.5173997282981873,0.013030695728957653,0.6579299569129944,0.5268251895904541,0.0012776596704497933,0.6568751335144043,0.5424683690071106,-0.0019912475254386663,Б
0.0,0.0,0.0,0.0,0.0,0.0,0.0,0.0,0.0,0.0,0.0,0.0,0.0,0.0,0.0,0.0,0.0,0.0,0.0,0.0,0.0,0.0,0.0,0.0,0.0,0.0,0.0,0.0,0.0,0.0,0.0,0.0,0.0,0.0,0.0,0.0,0.0,0.0,0.0,0.0,0.0,0.0,0.0,0.0,0.0,0.0,0.0,0.0,0.0,0.0,0.0,0.0,0.0,0.0,0.0,0.0,0.0,0.0,0.0,0.0,0.0,0.0,0.0,0.6337326765060425,0.7024507522583008,4.919984917250986e-07,0.6180544495582581,0.6640681028366089,-0.04678749665617943,0.6152845621109009,0.6070886850357056,-0.05589880794286728,0.6324673295021057,0.5499127507209778,-0.05560390651226044,0.649084746837616,0.5046827793121338,-0.05133155360817909,0.5675291419029236,0.539225161075592,-0.019445005804300308,0.5694493651390076,0.46328815817832947,-0.025163229554891586,0.5751914381980896,0.4183259606361389,-0.030661316588521004,0.580452561378479,0.38238561153411865,-0.03383265435695648,0.5927331447601318,0.5323003530502319,0.0016046680975705385,0.5929783582687378,0.4620108902454376,-0.005065346136689186,0.603534996509552,0.4354519844055176,-0.011804108507931232,0.6127656698226929,0.4238099753856659,-0.013738386332988739,0.6172963380813599,0.5377896428108215,0.01704830676317215,0.6272162795066833,0.4924807548522949,0.0006375034572556615,0.6360735893249512,0.5159878730773926,-0.011855329386889935,0.6374934315681458,0.5397977232933044,-0.013718556612730026,0.6386933326721191,0.5498849749565125,0.029190078377723694,0.6474503874778748,0.5161370038986206,0.014618218876421452,0.6546680331230164,0.5242255926132202,0.00543254753574729,0.6544623970985413,0.5378786325454712,0.003156457794830203,Б
0.0,0.0,0.0,0.0,0.0,0.0,0.0,0.0,0.0,0.0,0.0,0.0,0.0,0.0,0.0,0.0,0.0,0.0,0.0,0.0,0.0,0.0,0.0,0.0,0.0,0.0,0.0,0.0,0.0,0.0,0.0,0.0,0.0,0.0,0.0,0.0,0.0,0.0,0.0,0.0,0.0,0.0,0.0,0.0,0.0,0.0,0.0,0.0,0.0,0.0,0.0,0.0,0.0,0.0,0.0,0.0,0.0,0.0,0.0,0.0,0.0,0.0,0.0,0.6314774751663208,0.6972163915634155,4.899716827821976e-07,0.6142189502716064,0.6597328186035156,-0.04395454004406929,0.6099156737327576,0.6033782362937927,-0.053825464099645615,0.6274355053901672,0.5477690100669861,-0.05573442205786705,0.6438590288162231,0.5050490498542786,-0.05414867401123047,0.5634015202522278,0.5372822880744934,-0.017263337969779968,0.5645691752433777,0.46212708950042725,-0.02434765174984932,0.5705963969230652,0.4170278310775757,-0.031094852834939957,0.5755380392074585,0.38139334321022034,-0.03532968461513519,0.5891556143760681,0.530144989490509,0.0018297930946573615,0.5896523594856262,0.4620041251182556,-0.0073507907800376415,0.6016484498977661,0.43732279539108276,-0.015146023593842983,0.610470175743103,0.4258819818496704,-0.01739613711833954,0.6145575642585754,0.5350984930992126,0.015684252604842186,0.6216809153556824,0.49047553539276123,-0.0021614867728203535,0.6304585337638855,0.5168550610542297,-0.012891543097794056,0.6318692564964294,0.54354327917099,-0.013140009716153145,0.6366006135940552,0.5463738441467285,0.02633921429514885,0.6450462937355042,0.5146175622940063,0.009898635558784008,0.6516836285591125,0.5247108340263367,0.0012382522691041231,0.6514553427696228,0.5394749641418457,-4.0949260437628254e-05,Б
0.0,0.0,0.0,0.0,0.0,0.0,0.0,0.0,0.0,0.0,0.0,0.0,0.0,0.0,0.0,0.0,0.0,0.0,0.0,0.0,0.0,0.0,0.0,0.0,0.0,0.0,0.0,0.0,0.0,0.0,0.0,0.0,0.0,0.0,0.0,0.0,0.0,0.0,0.0,0.0,0.0,0.0,0.0,0.0,0.0,0.0,0.0,0.0,0.0,0.0,0.0,0.0,0.0,0.0,0.0,0.0,0.0,0.0,0.0,0.0,0.0,0.0,0.0,0.6302358508110046,0.6942636966705322,4.801640898222104e-07,0.6143395304679871,0.6518753170967102,-0.048229433596134186,0.6122469902038574,0.5945497751235962,-0.05492879077792168,0.6285434365272522,0.5394269824028015,-0.05103776231408119,0.6418956518173218,0.4959256947040558,-0.042619768530130386,0.5617608428001404,0.5329970717430115,-0.018883652985095978,0.563441276550293,0.4572451114654541,-0.023501891642808914,0.568854808807373,0.4137643575668335,-0.027751566842198372,0.5742554068565369,0.37855345010757446,-0.02960786037147045,0.5866340398788452,0.5270975828170776,0.004410421941429377,0.5856447815895081,0.4588739573955536,-0.0009338075178675354,0.5961347818374634,0.4322527050971985,-0.006728257052600384,0.6065599322319031,0.42083054780960083,-0.007746983785182238,0.610664427280426,0.5316601395606995,0.02169373631477356,0.6208620667457581,0.489536315202713,0.005742472130805254,0.6296563148498535,0.5139592289924622,-0.008453971706330776,0.6317070126533508,0.5375615358352661,-0.01105243805795908,0.6318393349647522,0.5412169694900513,0.03559136390686035,0.6401330828666687,0.5142204761505127,0.02036910131573677,0.6469671726226807,0.5241398215293884,0.00878274068236351,0.647221565246582,0.5394206643104553,0.005163710098713636,Б
0.0,0.0,0.0,0.0,0.0,0.0,0.0,0.0,0.0,0.0,0.0,0.0,0.0,0.0,0.0,0.0,0.0,0.0,0.0,0.0,0.0,0.0,0.0,0.0,0.0,0.0,0.0,0.0,0.0,0.0,0.0,0.0,0.0,0.0,0.0,0.0,0.0,0.0,0.0,0.0,0.0,0.0,0.0,0.0,0.0,0.0,0.0,0.0,0.0,0.0,0.0,0.0,0.0,0.0,0.0,0.0,0.0,0.0,0.0,0.0,0.0,0.0,0.0,0.6295363306999207,0.6915633678436279,4.7251663204406213e-07,0.6123977899551392,0.6550182104110718,-0.04590786620974541,0.6082446575164795,0.6005129218101501,-0.054951637983322144,0.6254320740699768,0.5445219874382019,-0.05464887246489525,0.642489492893219,0.5008059740066528,-0.050671666860580444,0.5608776211738586,0.5318717956542969,-0.018454445526003838,0.5626676082611084,0.45660313963890076,-0.022901905700564384,0.5681837797164917,0.41250038146972656,-0.028821483254432678,0.5733014941215515,0.377591073513031,-0.03306926041841507,0.5863299369812012,0.524630606174469,0.0027685286477208138,0.5854665040969849,0.45753127336502075,-0.0013225460425019264,0.5951277017593384,0.43035855889320374,-0.00828996580094099,0.6033640503883362,0.41621676087379456,-0.01201486773788929,0.6112268567085266,0.5294550061225891,0.018618160858750343,0.6171780228614807,0.47984015941619873,0.006058412604033947,0.6271989345550537,0.492375910282135,-0.007133634760975838,0.6312183737754822,0.5100253820419312,-0.011989758349955082,0.6332319378852844,0.5402114987373352,0.031031811609864235,0.6403074860572815,0.5077703595161438,0.016950422897934914,0.6470791101455688,0.5152010917663574,0.00604076636955142,0.6478209495544434,0.5297031998634338,0.0014466861030086875,Б
0.0,0.0,0.0,0.0,0.0,0.0,0.0,0.0,0.0,0.0,0.0,0.0,0.0,0.0,0.0,0.0,0.0,0.0,0.0,0.0,0.0,0.0,0.0,0.0,0.0,0.0,0.0,0.0,0.0,0.0,0.0,0.0,0.0,0.0,0.0,0.0,0.0,0.0,0.0,0.0,0.0,0.0,0.0,0.0,0.0,0.0,0.0,0.0,0.0,0.0,0.0,0.0,0.0,0.0,0.0,0.0,0.0,0.0,0.0,0.0,0.0,0.0,0.0,0.6290718913078308,0.6929268836975098,4.574091008180403e-07,0.6114224195480347,0.6574090719223022,-0.045480821281671524,0.607120931148529,0.6009397506713867,-0.05356743186712265,0.6253469586372375,0.5447571277618408,-0.0524468831717968,0.6435146331787109,0.502612829208374,-0.04756123572587967,0.5602517127990723,0.533082902431488,-0.017849018797278404,0.5620787739753723,0.4581567049026489,-0.02388625405728817,0.5677542686462402,0.4132280945777893,-0.0303945429623127,0.5731958746910095,0.37751737236976624,-0.03463263437151909,0.5862886905670166,0.5259532928466797,0.0025229118764400482,0.5860709547996521,0.45844343304634094,-0.004293080419301987,0.5968952178955078,0.4326004385948181,-0.011661568656563759,0.6059356331825256,0.4200843870639801,-0.014406349509954453,0.6111714243888855,0.5307541489601135,0.017343970015645027,0.6182971596717834,0.4831131398677826,0.0010804175399243832,0.6282996535301208,0.505017876625061,-0.011685973033308983,0.6309705376625061,0.5282280445098877,-0.014229435473680496,0.6333755254745483,0.5424091815948486,0.02888326905667782,0.6410050988197327,0.5089052319526672,0.012428327463567257,0.6482191681861877,0.5177932381629944,0.001887934049591422,0.6482737064361572,0.5336548686027527,-0.0012721223756670952,Б
0.0,0.0,0.0,0.0,0.0,0.0,0.0,0.0,0.0,0.0,0.0,0.0,0.0,0.0,0.0,0.0,0.0,0.0,0.0,0.0,0.0,0.0,0.0,0.0,0.0,0.0,0.0,0.0,0.0,0.0,0.0,0.0,0.0,0.0,0.0,0.0,0.0,0.0,0.0,0.0,0.0,0.0,0.0,0.0,0.0,0.0,0.0,0.0,0.0,0.0,0.0,0.0,0.0,0.0,0.0,0.0,0.0,0.0,0.0,0.0,0.0,0.0,0.0,0.6279765963554382,0.6938796639442444,4.4764689732801344e-07,0.6103602647781372,0.6580706238746643,-0.04559339955449104,0.6070066690444946,0.601105809211731,-0.05330923944711685,0.6256875395774841,0.5457599759101868,-0.051733799278736115,0.643806517124176,0.5043967962265015,-0.04614124074578285,0.5593520998954773,0.5331867337226868,-0.0189083032310009,0.5604784488677979,0.46004897356033325,-0.02673865295946598,0.5662883520126343,0.4151238799095154,-0.0331709198653698,0.57269686460495,0.3797716498374939,-0.03647158667445183,0.5858493447303772,0.5259552001953125,0.0011581265134736896,0.5861843228340149,0.4566848874092102,-0.008321971632540226,0.5973061919212341,0.43346017599105835,-0.01531168818473816,0.6067089438438416,0.42502671480178833,-0.016243014484643936,0.6108834147453308,0.53029865026474,0.01548660546541214,0.6198126077651978,0.4880751371383667,-0.0034114981535822153,0.628607988357544,0.5158389210700989,-0.015431775711476803,0.6293545961380005,0.5414930582046509,-0.0157367754727602,0.6328357458114624,0.5417478680610657,0.02655765973031521,0.6409076452255249,0.5106000900268555,0.00990037340670824,0.6476052403450012,0.5202922821044922,0.00046081480104476213,0.6464385986328125,0.5357845425605774,-0.0011944369180127978,Б
0.0,0.0,0.0,0.0,0.0,0.0,0.0,0.0,0.0,0.0,0.0,0.0,0.0,0.0,0.0,0.0,0.0,0.0,0.0,0.0,0.0,0.0,0.0,0.0,0.0,0.0,0.0,0.0,0.0,0.0,0.0,0.0,0.0,0.0,0.0,0.0,0.0,0.0,0.0,0.0,0.0,0.0,0.0,0.0,0.0,0.0,0.0,0.0,0.0,0.0,0.0,0.0,0.0,0.0,0.0,0.0,0.0,0.0,0.0,0.0,0.0,0.0,0.0,0.6276463270187378,0.6938539147377014,4.590222886236006e-07,0.6089431047439575,0.6579079627990723,-0.045985497534275055,0.6054109930992126,0.6015325784683228,-0.05236274376511574,0.625099241733551,0.5462249517440796,-0.04877319186925888,0.6439759135246277,0.5047236084938049,-0.040769658982753754,0.5580728650093079,0.5335853099822998,-0.018265817314386368,0.5602366328239441,0.45894551277160645,-0.023932497948408127,0.5662013292312622,0.41553640365600586,-0.028617771342396736,0.5724361538887024,0.38068562746047974,-0.030748270452022552,0.5844009518623352,0.5263653993606567,0.0029379616025835276,0.5831796526908875,0.45990169048309326,-0.0028067620005458593,0.5916043519973755,0.4319559931755066,-0.0076065766625106335,0.5997853875160217,0.41775527596473694,-0.008124705404043198,0.6088923811912537,0.5311647057533264,0.01811438985168934,0.6185493469238281,0.4893953502178192,0.0009751833858899772,0.6254898905754089,0.5174885392189026,-0.011417309753596783,0.6252927184104919,0.542290449142456,-0.012642948888242245,0.6306669116020203,0.542060375213623,0.029973315075039864,0.6400865316390991,0.5134996771812439,0.012678948231041431,0.6460923552513123,0.5241879224777222,0.001711216988041997,0.6443635821342468,0.5397611260414124,-0.001103365677408874,Б
0.0,0.0,0.0,0.0,0.0,0.0,0.0,0.0,0.0,0.0,0.0,0.0,0.0,0.0,0.0,0.0,0.0,0.0,0.0,0.0,0.0,0.0,0.0,0.0,0.0,0.0,0.0,0.0,0.0,0.0,0.0,0.0,0.0,0.0,0.0,0.0,0.0,0.0,0.0,0.0,0.0,0.0,0.0,0.0,0.0,0.0,0.0,0.0,0.0,0.0,0.0,0.0,0.0,0.0,0.0,0.0,0.0,0.0,0.0,0.0,0.0,0.0,0.0,0.5877860188484192,0.7712557315826416,3.5038809187426523e-07,0.538461446762085,0.7500861287117004,-0.023459672927856445,0.4910973310470581,0.6920166015625,-0.03412183001637459,0.45703718066215515,0.6446696519851685,-0.04268535599112511,0.42272067070007324,0.631560742855072,-0.0506097674369812,0.5200150012969971,0.5797899961471558,-0.014640002511441708,0.5111548900604248,0.5021748542785645,-0.029237745329737663,0.5086420774459839,0.4536890685558319,-0.04345403239130974,0.5085480809211731,0.41216275095939636,-0.053758565336465836,0.547573983669281,0.5670709013938904,-0.01430826261639595,0.5368853807449341,0.48041409254074097,-0.023634592071175575,0.5316800475120544,0.4252094626426697,-0.032653018832206726,0.5287861824035645,0.37843358516693115,-0.03971477597951889,0.5760754346847534,0.5713664889335632,-0.017649278044700623,0.5677672028541565,0.49083787202835083,-0.025707172229886055,0.5629851818084717,0.4422849416732788,-0.03048168122768402,0.5587389469146729,0.401691198348999,-0.03464868664741516,0.6064809560775757,0.5892103314399719,-0.02413763292133808,0.6025740504264832,0.5283480286598206,-0.030653534457087517,0.5972371697425842,0.4905644953250885,-0.031762897968292236,0.5910598635673523,0.4577043652534485,-0.03275957331061363,B
0.0,0.0,0.0,0.0,0.0,0.0,0.0,0.0,0.0,0.0,0.0,0.0,0.0,0.0,0.0,0.0,0.0,0.0,0.0,0.0,0.0,0.0,0.0,0.0,0.0,0.0,0.0,0.0,0.0,0.0,0.0,0.0,0.0,0.0,0.0,0.0,0.0,0.0,0.0,0.0,0.0,0.0,0.0,0.0,0.0,0.0,0.0,0.0,0.0,0.0,0.0,0.0,0.0,0.0,0.0,0.0,0.0,0.0,0.0,0.0,0.0,0.0,0.0,0.5880503058433533,0.7749329805374146,3.385223692475847e-07,0.5380392670631409,0.7515698671340942,-0.022498788312077522,0.49050775170326233,0.6942101716995239,-0.0326099693775177,0.4558427631855011,0.6503704190254211,-0.040745336562395096,0.4223364591598511,0.6356875896453857,-0.0483180470764637,0.5207452178001404,0.5837122201919556,-0.014730117283761501,0.5112549066543579,0.5069326162338257,-0.030247751623392105,0.5086248517036438,0.4579513967037201,-0.044660504907369614,0.5086649060249329,0.41589251160621643,-0.05492549389600754,0.548365592956543,0.5704951882362366,-0.015050803311169147,0.5379365086555481,0.48324155807495117,-0.025322893634438515,0.5331422686576843,0.426853746175766,-0.03458882495760918,0.5306061506271362,0.37874388694763184,-0.04171353578567505,0.5767825245857239,0.5745323896408081,-0.019047632813453674,0.568734884262085,0.4938425123691559,-0.027981115505099297,0.5645470023155212,0.44472575187683105,-0.033169616013765335,0.5608166456222534,0.4034467935562134,-0.037453364580869675,0.6069774031639099,0.5923982858657837,-0.026089681312441826,0.6033195853233337,0.5316932201385498,-0.03349894657731056,0.5981778502464294,0.4933161437511444,-0.03539057821035385,0.5921730399131775,0.46014535427093506,-0.036883872002363205,B
0.0,0.0,0.0,0.0,0.0,0.0,0.0,0.0,0.0,0.0,0.0,0.0,0.0,0.0,0.0,0.0,0.0,0.0,0.0,0.0,0.0,0.0,0.0,0.0,0.0,0.0,0.0,0.0,0.0,0.0,0.0,0.0,0.0,0.0,0.0,0.0,0.0,0.0,0.0,0.0,0.0,0.0,0.0,0.0,0.0,0.0,0.0,0.0,0.0,0.0,0.0,0.0,0.0,0.0,0.0,0.0,0.0,0.0,0.0,0.0,0.0,0.0,0.0,0.5859858989715576,0.7801440954208374,3.353182478349481e-07,0.5362430810928345,0.7551556825637817,-0.021362459287047386,0.48945629596710205,0.6973240971565247,-0.03163273632526398,0.4538846015930176,0.6548706889152527,-0.04047200828790665,0.4199603199958801,0.6367921829223633,-0.04901716858148575,0.5185705423355103,0.5895627737045288,-0.014113759621977806,0.5099427103996277,0.5120270252227783,-0.031096704304218292,0.5069814920425415,0.46197113394737244,-0.04636901617050171,0.5065944790840149,0.4188164472579956,-0.05727735906839371,0.546625018119812,0.5761759281158447,-0.01596585288643837,0.5364333987236023,0.48836761713027954,-0.02827422320842743,0.5317925810813904,0.430747926235199,-0.038855284452438354,0.5289783477783203,0.3814457654953003,-0.04683641344308853,0.5752421617507935,0.580163300037384,-0.021570757031440735,0.5673835277557373,0.49948087334632874,-0.03267364948987961,0.562955379486084,0.4490375518798828,-0.039122167974710464,0.5583072304725647,0.40615200996398926,-0.04417861998081207,0.6054063439369202,0.5977250933647156,-0.0300410445779562,0.6019675135612488,0.5372282266616821,-0.03952917456626892,0.596534013748169,0.4983881711959839,-0.04262970760464668,0.5894259810447693,0.4643170237541199,-0.044971764087677,B
0.0,0.0,0.0,0.0,0.0,0.0,0.0,0.0,0.0,0.0,0.0,0.0,0.0,0.0,0.0,0.0,0.0,0.0,0.0,0.0,0.0,0.0,0.0,0.0,0.0,0.0,0.0,0.0,0.0,0.0,0.0,0.0,0.0,0.0,0.0,0.0,0.0,0.0,0.0,0.0,0.0,0.0,0.0,0.0,0.0,0.0,0.0,0.0,0.0,0.0,0.0,0.0,0.0,0.0,0.0,0.0,0.0,0.0,0.0,0.0,0.0,0.0,0.0,0.5839690566062927,0.7746027112007141,3.646405843937828e-07,0.5352701544761658,0.7523516416549683,-0.024613365530967712,0.48754245042800903,0.6953979730606079,-0.03630680963397026,0.45202553272247314,0.6498746275901794,-0.045709386467933655,0.4166567325592041,0.6339137554168701,-0.05444470793008804,0.5144209265708923,0.5827929377555847,-0.017367854714393616,0.5058503150939941,0.5040290355682373,-0.033375900238752365,0.5031213164329529,0.4551907181739807,-0.04815453290939331,0.502704918384552,0.41390377283096313,-0.05865240842103958,0.5429549813270569,0.5695533752441406,-0.016752121970057487,0.5330950021743774,0.4806409776210785,-0.027128230780363083,0.5285313725471497,0.42502671480178833,-0.036243002861738205,0.5255671143531799,0.37872517108917236,-0.04329739883542061,0.5725662112236023,0.5738242864608765,-0.019909357652068138,0.5643585920333862,0.4923708736896515,-0.028805656358599663,0.5604958534240723,0.4439235329627991,-0.03360982611775398,0.5565814971923828,0.4036586284637451,-0.03775112330913544,0.6038120985031128,0.5917574167251587,-0.02627926506102085,0.5986813306808472,0.5307589769363403,-0.03372815623879433,0.5926450490951538,0.49335432052612305,-0.03524100407958031,0.5855855345726013,0.4611555337905884,-0.036448884755373,B
0.0,0.0,0.0,0.0,0.0,0.0,0.0,0.0,0.0,0.0,0.0,0.0,0.0,0.0,0.0,0.0,0.0,0.0,0.0,0.0,0.0,0.0,0.0,0.0,0.0,0.0,0.0,0.0,0.0,0.0,0.0,0.0,0.0,0.0,0.0,0.0,0.0,0.0,0.0,0.0,0.0,0.0,0.0,0.0,0.0,0.0,0.0,0.0,0.0,0.0,0.0,0.0,0.0,0.0,0.0,0.0,0.0,0.0,0.0,0.0,0.0,0.0,0.0,0.5804471969604492,0.779160737991333,3.3682806588331005e-07,0.5292068719863892,0.7536559104919434,-0.01786884479224682,0.4829530417919159,0.6977956891059875,-0.02743523195385933,0.4495795965194702,0.6566087603569031,-0.03628237545490265,0.41699934005737305,0.6373102068901062,-0.044945575296878815,0.5109862089157104,0.5871286392211914,-0.011943882331252098,0.5021917223930359,0.5086232423782349,-0.028414571657776833,0.4992484152317047,0.45914578437805176,-0.043488167226314545,0.49850237369537354,0.4165225625038147,-0.054159015417099,0.5393843650817871,0.5745797753334045,-0.015715552493929863,0.529116153717041,0.4858122169971466,-0.02747231163084507,0.5250006914138794,0.42849627137184143,-0.037910979241132736,0.5226927995681763,0.3796100616455078,-0.04575980082154274,0.5686110258102417,0.5785488486289978,-0.022849280387163162,0.5601174831390381,0.4966597557067871,-0.03300900012254715,0.55633944272995,0.4476315975189209,-0.038304172456264496,0.5528856515884399,0.40623247623443604,-0.04259328544139862,0.5996164679527283,0.5960047841072083,-0.032601576298475266,0.5955212712287903,0.5345288515090942,-0.04074224457144737,0.5902705192565918,0.49566569924354553,-0.04229165241122246,0.5840874910354614,0.4621298611164093,-0.04345950484275818,B
0.0,0.0,0.0,0.0,0.0,0.0,0.0,0.0,0.0,0.0,0.0,0.0,0.0,0.0,0.0,0.0,0.0,0.0,0.0,0.0,0.0,0.0,0.0,0.0,0.0,0.0,0.0,0.0,0.0,0.0,0.0,0.0,0.0,0.0,0.0,0.0,0.0,0.0,0.0,0.0,0.0,0.0,0.0,0.0,0.0,0.0,0.0,0.0,0.0,0.0,0.0,0.0,0.0,0.0,0.0,0.0,0.0,0.0,0.0,0.0,0.0,0.0,0.0,0.5798047184944153,0.7831372618675232,3.332161213620566e-07,0.5293940305709839,0.7583588361740112,-0.020949263125658035,0.4810587763786316,0.7045618295669556,-0.03212472423911095,0.4451829791069031,0.6629505753517151,-0.04195079579949379,0.4119132161140442,0.6432600617408752,-0.051456790417432785,0.5082962512969971,0.5940876603126526,-0.014711831696331501,0.49872270226478577,0.5162860155105591,-0.032889753580093384,0.4956265985965729,0.4661664068698883,-0.0490601547062397,0.49538546800613403,0.42270147800445557,-0.06051817536354065,0.5372677445411682,0.5797613263130188,-0.017122788354754448,0.5259572863578796,0.4923834204673767,-0.0305191557854414,0.5211398601531982,0.43524932861328125,-0.04189715534448624,0.5183424949645996,0.3861353397369385,-0.05047263950109482,0.5666387677192688,0.5827143788337708,-0.023236261680722237,0.5575060248374939,0.5021856427192688,-0.0351906344294548,0.5528469681739807,0.4519060254096985,-0.04182780906558037,0.5484485626220703,0.4099138379096985,-0.04694938659667969,0.597661018371582,0.5997655391693115,-0.03214779123663902,0.5922943353652954,0.539426863193512,-0.042196884751319885,0.5858250260353088,0.5005598664283752,-0.04538401588797569,0.5780812501907349,0.4673140048980713,-0.0477009192109108,B
0.0,0.0,0.0,0.0,0.0,0.0,0.0,0.0,0.0,0.0,0.0,0.0,0.0,0.0,0.0,0.0,0.0,0.0,0.0,0.0,0.0,0.0,0.0,0.0,0.0,0.0,0.0,0.0,0.0,0.0,0.0,0.0,0.0,0.0,0.0,0.0,0.0,0.0,0.0,0.0,0.0,0.0,0.0,0.0,0.0,0.0,0.0,0.0,0.0,0.0,0.0,0.0,0.0,0.0,0.0,0.0,0.0,0.0,0.0,0.0,0.0,0.0,0.0,0.57871413230896,0.7737007737159729,3.2831323437676474e-07,0.5282509922981262,0.7513846158981323,-0.020841706544160843,0.48150551319122314,0.6939276456832886,-0.03137330710887909,0.44737881422042847,0.6493518948554993,-0.04050445184111595,0.4126679003238678,0.6304029226303101,-0.0493500791490078,0.5085999965667725,0.5828757882118225,-0.014376251958310604,0.5006399750709534,0.5039317011833191,-0.03090892918407917,0.497378945350647,0.454092800617218,-0.04576610028743744,0.496432363986969,0.4116725027561188,-0.05647437274456024,0.5374496579170227,0.569627046585083,-0.016590239480137825,0.5275301337242126,0.4804694652557373,-0.02838718704879284,0.5228851437568665,0.42364737391471863,-0.03862904757261276,0.519866943359375,0.37574464082717896,-0.04651635140180588,0.5666072964668274,0.5738891959190369,-0.022406790405511856,0.5583811402320862,0.49150654673576355,-0.03308893367648125,0.5539959669113159,0.44161322712898254,-0.039167650043964386,0.5492994785308838,0.3995518982410431,-0.04415380209684372,0.5972168445587158,0.5919205546379089,-0.031024353578686714,0.5930448174476624,0.5299336910247803,-0.04047099128365517,0.586983323097229,0.49090078473091125,-0.043526791036129,0.5793331265449524,0.45713552832603455,-0.04585980996489525,B
0.0,0.0,0.0,0.0,0.0,0.0,0.0,0.0,0.0,0.0,0.0,0.0,0.0,0.0,0.0,0.0,0.0,0.0,0.0,0.0,0.0,0.0,0.0,0.0,0.0,0.0,0.0,0.0,0.0,0.0,0.0,0.0,0.0,0.0,0.0,0.0,0.0,0.0,0.0,0.0,0.0,0.0,0.0,0.0,0.0,0.0,0.0,0.0,0.0,0.0,0.0,0.0,0.0,0.0,0.0,0.0,0.0,0.0,0.0,0.0,0.0,0.0,0.0,0.5781751871109009,0.7741588354110718,3.3106866226262355e-07,0.5279898047447205,0.752512514591217,-0.02161429449915886,0.4816974997520447,0.6951246857643127,-0.03212600573897362,0.44781628251075745,0.6493614315986633,-0.04102768376469612,0.4135139286518097,0.6300983428955078,-0.04948540776968002,0.5096340179443359,0.5833404064178467,-0.014293743297457695,0.5015001893043518,0.5043540596961975,-0.03037257120013237,0.49825403094291687,0.45497941970825195,-0.04491984844207764,0.49763140082359314,0.41344648599624634,-0.05525568127632141,0.5379681587219238,0.570188581943512,-0.01561789121478796,0.5277515649795532,0.48084741830825806,-0.026697315275669098,0.5228716135025024,0.4243055284023285,-0.03629329428076744,0.520126461982727,0.3773308992385864,-0.04359225183725357,0.5668119788169861,0.5742723941802979,-0.02061755768954754,0.5583702921867371,0.49170058965682983,-0.03049672394990921,0.5539801716804504,0.4423719048500061,-0.03582370653748512,0.5499227643013,0.4014013409614563,-0.04018734395503998,0.5972195863723755,0.5919809937477112,-0.028528161346912384,0.5930075645446777,0.5303208231925964,-0.03701908886432648,0.587102472782135,0.4920009970664978,-0.03931114077568054,0.5800513029098511,0.45925241708755493,-0.040996942669153214,B
0.0,0.0,0.0,0.0,0.0,0.0,0.0,0.0,0.0,0.0,0.0,0.0,0.0,0.0,0.0,0.0,0.0,0.0,0.0,0.0,0.0,0.0,0.0,0.0,0.0,0.0,0.0,0.0,0.0,0.0,0.0,0.0,0.0,0.0,0.0,0.0,0.0,0.0,0.0,0.0,0.0,0.0,0.0,0.0,0.0,0.0,0.0,0.0,0.0,0.0,0.0,0.0,0.0,0.0,0.0,0.0,0.0,0.0,0.0,0.0,0.0,0.0,0.0,0.5778164267539978,0.7778140902519226,3.43035679861714e-07,0.5270528793334961,0.7562990188598633,-0.022485673427581787,0.47999319434165955,0.7008424997329712,-0.0337420217692852,0.44568541646003723,0.6552243232727051,-0.04323677718639374,0.4120868444442749,0.6339326500892639,-0.05235122889280319,0.5076461434364319,0.5900030136108398,-0.016318023204803467,0.4999966025352478,0.5111991763114929,-0.03363392502069473,0.49721279740333557,0.4612358808517456,-0.04888193681836128,0.4969021677970886,0.41823744773864746,-0.059743449091911316,0.5372120141983032,0.575587272644043,-0.017922673374414444,0.5276684165000916,0.4866039454936981,-0.030642688274383545,0.5231831073760986,0.4287053346633911,-0.04161594808101654,0.5206140875816345,0.37962961196899414,-0.04993247240781784,0.566500186920166,0.578993558883667,-0.02321114018559456,0.5584737062454224,0.49752840399742126,-0.03504559397697449,0.5544001460075378,0.4473456144332886,-0.04188455641269684,0.5504669547080994,0.40520402789115906,-0.04713134467601776,0.5965859889984131,0.5962430238723755,-0.03132262080907822,0.592205286026001,0.5354059338569641,-0.04146547242999077,0.5870118141174316,0.4968867897987366,-0.044802818447351456,0.5807579159736633,0.46351158618927,-0.04720369353890419,B
0.0,0.0,0.0,0.0,0.0,0.0,0.0,0.0,0.0,0.0,0.0,0.0,0.0,0.0,0.0,0.0,0.0,0.0,0.0,0.0,0.0,0.0,0.0,0.0,0.0,0.0,0.0,0.0,0.0,0.0,0.0,0.0,0.0,0.0,0.0,0.0,0.0,0.0,0.0,0.0,0.0,0.0,0.0,0.0,0.0,0.0,0.0,0.0,0.0,0.0,0.0,0.0,0.0,0.0,0.0,0.0,0.0,0.0,0.0,0.0,0.0,0.0,0.0,0.5755546689033508,0.7811155319213867,3.5886893101633177e-07,0.5253305435180664,0.7579135894775391,-0.02251674421131611,0.4776758551597595,0.7005738019943237,-0.03459949046373367,0.442488431930542,0.6550610065460205,-0.0451466403901577,0.4063579738140106,0.6365415453910828,-0.055709030479192734,0.5048359632492065,0.5917587280273438,-0.018766431137919426,0.4956870973110199,0.5124521255493164,-0.03809954971075058,0.4917711019515991,0.46165984869003296,-0.05497386306524277,0.4901212155818939,0.4173787236213684,-0.06704484671354294,0.5343467593193054,0.5783398151397705,-0.02127777971327305,0.5234605073928833,0.4882037341594696,-0.036226674914360046,0.5181447863578796,0.42857104539871216,-0.04877857863903046,0.5141104459762573,0.376804918050766,-0.05817680060863495,0.5642814040184021,0.5826952457427979,-0.02735762484371662,0.5553491711616516,0.4998576045036316,-0.0409076064825058,0.5508133172988892,0.4479990601539612,-0.048529040068387985,0.5457881093025208,0.40342095494270325,-0.05429200828075409,0.5959447622299194,0.6005876064300537,-0.03622806444764137,0.5908149480819702,0.538506805896759,-0.04768304526805878,0.5844686627388,0.49862033128738403,-0.051454171538352966,0.5765811800956726,0.4634341299533844,-0.05417913198471069,B
0.0,0.0,0.0,0.0,0.0,0.0,0.0,0.0,0.0,0.0,0.0,0.0,0.0,0.0,0.0,0.0,0.0,0.0,0.0,0.0,0.0,0.0,0.0,0.0,0.0,0.0,0.0,0.0,0.0,0.0,0.0,0.0,0.0,0.0,0.0,0.0,0.0,0.0,0.0,0.0,0.0,0.0,0.0,0.0,0.0,0.0,0.0,0.0,0.0,0.0,0.0,0.0,0.0,0.0,0.0,0.0,0.0,0.0,0.0,0.0,0.0,0.0,0.0,0.5730454325675964,0.7911283373832703,3.689594620936987e-07,0.5222383737564087,0.7659717798233032,-0.021932033821940422,0.47521185874938965,0.7103369235992432,-0.03424378111958504,0.44167560338974,0.6656323671340942,-0.045087333768606186,0.407719224691391,0.6427360773086548,-0.05563817173242569,0.5007622838020325,0.5981484055519104,-0.01781599596142769,0.4909684360027313,0.5168424844741821,-0.03677067533135414,0.4869304895401001,0.46559110283851624,-0.053384970873594284,0.48552605509757996,0.42127978801727295,-0.06501784175634384,0.5302644371986389,0.5851799249649048,-0.020527413114905357,0.5185831189155579,0.49424803256988525,-0.03456942364573479,0.5131927728652954,0.4346759021282196,-0.046543437987565994,0.5095502138137817,0.38358092308044434,-0.05542000010609627,0.5605208873748779,0.5893719792366028,-0.026785291731357574,0.5505735874176025,0.5053648948669434,-0.03914736211299896,0.5457334518432617,0.453986257314682,-0.045837391167879105,0.5412837266921997,0.41052085161209106,-0.050943199545145035,0.5926353335380554,0.6075027585029602,-0.03587684780359268,0.5866003036499023,0.5446211099624634,-0.046081747859716415,0.5806536078453064,0.5046073794364929,-0.04883802682161331,0.5740092396736145,0.4701538383960724,-0.050671063363552094,B
0.0,0.0,0.0,0.0,0.0,0.0,0.0,0.0,0.0,0.0,0.0,0.0,0.0,0.0,0.0,0.0,0.0,0.0,0.0,0.0,0.0,0.0,0.0,0.0,0.0,0.0,0.0,0.0,0.0,0.0,0.0,0.0,0.0,0.0,0.0,0.0,0.0,0.0,0.0,0.0,0.0,0.0,0.0,0.0,0.0,0.0,0.0,0.0,0.0,0.0,0.0,0.0,0.0,0.0,0.0,0.0,0.0,0.0,0.0,0.0,0.0,0.0,0.0,0.5716354846954346,0.7904031276702881,3.6065804920326627e-07,0.5211631655693054,0.7665599584579468,-0.021993614733219147,0.47439780831336975,0.7106924057006836,-0.033815670758485794,0.4404154121875763,0.6657639741897583,-0.04416496306657791,0.405612587928772,0.6438885927200317,-0.054302215576171875,0.4995274543762207,0.5990474224090576,-0.017297353595495224,0.4898322522640228,0.5192038416862488,-0.03602360934019089,0.4856700003147125,0.46861547231674194,-0.05244030803442001,0.48410534858703613,0.4244754910469055,-0.06411290168762207,0.5289703607559204,0.5852333307266235,-0.019863186404109,0.5173327922821045,0.49465399980545044,-0.03389187529683113,0.5122324824333191,0.43508780002593994,-0.04592769593000412,0.5085737705230713,0.38375771045684814,-0.0550299733877182,0.5588163137435913,0.5894031524658203,-0.02606690302491188,0.5493735671043396,0.5069181323051453,-0.038727037608623505,0.5448435544967651,0.45579397678375244,-0.046057362109422684,0.5399329662322998,0.41203832626342773,-0.05178617313504219,0.5903894901275635,0.6075056195259094,-0.035077281296253204,0.5856366157531738,0.5460754632949829,-0.04572700336575508,0.5800290107727051,0.506489634513855,-0.04927690327167511,0.572868824005127,0.47162774205207825,-0.05192505940794945,B
0.0,0.0,0.0,0.0,0.0,0.0,0.0,0.0,0.0,0.0,0.0,0.0,0.0,0.0,0.0,0.0,0.0,0.0,0.0,0.0,0.0,0.0,0.0,0.0,0.0,0.0,0.0,0.0,0.0,0.0,0.0,0.0,0.0,0.0,0.0,0.0,0.0,0.0,0.0,0.0,0.0,0.0,0.0,0.0,0.0,0.0,0.0,0.0,0.0,0.0,0.0,0.0,0.0,0.0,0.0,0.0,0.0,0.0,0.0,0.0,0.0,0.0,0.0,0.575587809085846,0.780139684677124,3.727987234469765e-07,0.526039183139801,0.75684654712677,-0.025031983852386475,0.479525625705719,0.7010600566864014,-0.03805866464972496,0.4452241361141205,0.6540089249610901,-0.04900844395160675,0.409726083278656,0.6309319734573364,-0.059187449514865875,0.5019192695617676,0.5876120328903198,-0.018084455281496048,0.4912896752357483,0.508130669593811,-0.03600461781024933,0.48711666464805603,0.458422988653183,-0.05235545337200165,0.4854434132575989,0.4150824248790741,-0.06385616958141327,0.529925525188446,0.5737707614898682,-0.018440667539834976,0.5180066823959351,0.4849241375923157,-0.030857503414154053,0.5120146870613098,0.42746537923812866,-0.04180215299129486,0.5077124834060669,0.3782951831817627,-0.050108544528484344,0.5593530535697937,0.5776767730712891,-0.02263420633971691,0.5501994490623474,0.496703565120697,-0.033383313566446304,0.5453988909721375,0.4473212957382202,-0.038845498114824295,0.5403837561607361,0.40521231293678284,-0.04329017177224159,0.5910645723342896,0.5958381295204163,-0.03008103556931019,0.5859795808792114,0.5339773893356323,-0.03858114033937454,0.580338180065155,0.4962109923362732,-0.040058329701423645,0.5734776258468628,0.46337348222732544,-0.041103437542915344,B
0.0,0.0,0.0,0.0,0.0,0.0,0.0,0.0,0.0,0.0,0.0,0.0,0.0,0.0,0.0,0.0,0.0,0.0,0.0,0.0,0.0,0.0,0.0,0.0,0.0,0.0,0.0,0.0,0.0,0.0,0.0,0.0,0.0,0.0,0.0,0.0,0.0,0.0,0.0,0.0,0.0,0.0,0.0,0.0,0.0,0.0,0.0,0.0,0.0,0.0,0.0,0.0,0.0,0.0,0.0,0.0,0.0,0.0,0.0,0.0,0.0,0.0,0.0,0.576030433177948,0.7797040939331055,3.3402741905774747e-07,0.5258998870849609,0.7576174736022949,-0.02241889201104641,0.47978752851486206,0.6993506550788879,-0.03355436027050018,0.4474208354949951,0.6509510278701782,-0.04310040920972824,0.41294676065444946,0.6307917237281799,-0.052382949739694595,0.5047656297683716,0.58620685338974,-0.014806803315877914,0.4952790141105652,0.5092542171478271,-0.032115619629621506,0.49099862575531006,0.45996981859207153,-0.048215992748737335,0.48883211612701416,0.41715574264526367,-0.0600375197827816,0.5324548482894897,0.5726826190948486,-0.016999972984194756,0.5216671824455261,0.48432689905166626,-0.02996818721294403,0.5152842998504639,0.42697012424468994,-0.04156871140003204,0.5099605917930603,0.37761300802230835,-0.05042460188269615,0.560545802116394,0.5774561762809753,-0.02301129326224327,0.5515328645706177,0.49519240856170654,-0.03500267118215561,0.5455536246299744,0.44427576661109924,-0.04208128899335861,0.5389868021011353,0.40007472038269043,-0.04775906726717949,0.5908176898956299,0.5961654186248779,-0.03199120610952377,0.5863535404205322,0.5345574021339417,-0.0425751768052578,0.5794843435287476,0.4949951767921448,-0.04627000913023949,0.5709911584854126,0.45952194929122925,-0.049113929271698,B
0.0,0.0,0.0,0.0,0.0,0.0,0.0,0.0,0.0,0.0,0.0,0.0,0.0,0.0,0.0,0.0,0.0,0.0,0.0,0.0,0.0,0.0,0.0,0.0,0.0,0.0,0.0,0.0,0.0,0.0,0.0,0.0,0.0,0.0,0.0,0.0,0.0,0.0,0.0,0.0,0.0,0.0,0.0,0.0,0.0,0.0,0.0,0.0,0.0,0.0,0.0,0.0,0.0,0.0,0.0,0.0,0.0,0.0,0.0,0.0,0.0,0.0,0.0,0.578031063079834,0.7744213938713074,3.18858894843288e-07,0.5279136300086975,0.7488259673118591,-0.019596939906477928,0.4831957221031189,0.6914715766906738,-0.029210863634943962,0.45072540640830994,0.6446235775947571,-0.03798610717058182,0.41775214672088623,0.624783992767334,-0.04637773707509041,0.5095820426940918,0.5813731551170349,-0.009728647768497467,0.5006301403045654,0.5043134689331055,-0.02490209974348545,0.4967651963233948,0.45568352937698364,-0.03968514874577522,0.4950355887413025,0.41345059871673584,-0.05059797689318657,0.5363626480102539,0.5692853927612305,-0.012562925927340984,0.5262399315834045,0.4826219379901886,-0.023032894358038902,0.5210549831390381,0.4277050495147705,-0.03298777714371681,0.517439603805542,0.38068705797195435,-0.040747661143541336,0.5638976097106934,0.5739414691925049,-0.01911330223083496,0.5556685924530029,0.49215221405029297,-0.02855757251381874,0.5503942966461182,0.442696213722229,-0.03374911844730377,0.5452284216880798,0.40051156282424927,-0.038301195949316025,0.5937497019767761,0.5923725962638855,-0.028596602380275726,0.590908408164978,0.5322096347808838,-0.03636109456419945,0.586050808429718,0.49418580532073975,-0.03800703212618828,0.5800354480743408,0.4612720012664795,-0.039467666298151016,B
0.0,0.0,0.0,0.0,0.0,0.0,0.0,0.0,0.0,0.0,0.0,0.0,0.0,0.0,0.0,0.0,0.0,0.0,0.0,0.0,0.0,0.0,0.0,0.0,0.0,0.0,0.0,0.0,0.0,0.0,0.0,0.0,0.0,0.0,0.0,0.0,0.0,0.0,0.0,0.0,0.0,0.0,0.0,0.0,0.0,0.0,0.0,0.0,0.0,0.0,0.0,0.0,0.0,0.0,0.0,0.0,0.0,0.0,0.0,0.0,0.0,0.0,0.0,0.5778695344924927,0.7611651420593262,3.316341690151603e-07,0.52900230884552,0.7363466024398804,-0.020775457844138145,0.48424047231674194,0.6801357269287109,-0.03137781098484993,0.4518301486968994,0.6352198123931885,-0.040526751428842545,0.4195101857185364,0.613490641117096,-0.04944606497883797,0.5115401744842529,0.576292872428894,-0.015576369129121304,0.5035803318023682,0.4981539249420166,-0.032883014529943466,0.5000067353248596,0.44840821623802185,-0.047938935458660126,0.4991585612297058,0.40607309341430664,-0.058604419231414795,0.5398591160774231,0.5640723705291748,-0.01793198101222515,0.5299519300460815,0.4753066897392273,-0.03068862296640873,0.5256661176681519,0.4180276095867157,-0.041395362466573715,0.5234234929084778,0.36989927291870117,-0.049421634525060654,0.5684074759483337,0.5687615871429443,-0.023780759423971176,0.5602081418037415,0.48556673526763916,-0.03557233884930611,0.5564202070236206,0.4345741868019104,-0.04198206588625908,0.5530828833580017,0.39196979999542236,-0.04692264646291733,0.5987058877944946,0.5868322253227234,-0.03229603171348572,0.5944896936416626,0.5262097120285034,-0.04256770759820938,0.5894328355789185,0.48727551102638245,-0.045718394219875336,0.5835368633270264,0.4538775086402893,-0.04788357391953468,B
0.0,0.0,0.0,0.0,0.0,0.0,0.0,0.0,0.0,0.0,0.0,0.0,0.0,0.0,0.0,0.0,0.0,0.0,0.0,0.0,0.0,0.0,0.0,0.0,0.0,0.0,0.0,0.0,0.0,0.0,0.0,0.0,0.0,0.0,0.0,0.0,0.0,0.0,0.0,0.0,0.0,0.0,0.0,0.0,0.0,0.0,0.0,0.0,0.0,0.0,0.0,0.0,0.0,0.0,0.0,0.0,0.0,0.0,0.0,0.0,0.0,0.0,0.0,0.5761877298355103,0.7674798369407654,3.163119117743918e-07,0.5264427065849304,0.741895318031311,-0.019005414098501205,0.48114627599716187,0.6820764541625977,-0.028220053762197495,0.44960126280784607,0.6358914375305176,-0.03633195906877518,0.41659510135650635,0.6169038414955139,-0.04463224485516548,0.5096490979194641,0.5786382555961609,-0.01437337789684534,0.5018435120582581,0.5018296837806702,-0.03104044497013092,0.49827006459236145,0.4525713324546814,-0.04594605043530464,0.4967326819896698,0.40996435284614563,-0.05698402225971222,0.5378583669662476,0.5682383179664612,-0.017863532528281212,0.5284333825111389,0.48141545057296753,-0.03075338900089264,0.5239948630332947,0.42474719882011414,-0.042006153613328934,0.5206392407417297,0.375529944896698,-0.05066632479429245,0.5663697123527527,0.5751601457595825,-0.024667847901582718,0.5586588978767395,0.494335412979126,-0.03708525002002716,0.5545557737350464,0.4446862041950226,-0.044484782963991165,0.5500911474227905,0.40168988704681396,-0.05029108002781868,0.5966544151306152,0.5950400829315186,-0.033926092088222504,0.5925495028495789,0.5352997183799744,-0.04548308998346329,0.5872432589530945,0.4961779713630676,-0.049894578754901886,0.5808121562004089,0.4612346887588501,-0.053141627460718155,B
0.0,0.0,0.0,0.0,0.0,0.0,0.0,0.0,0.0,0.0,0.0,0.0,0.0,0.0,0.0,0.0,0.0,0.0,0.0,0.0,0.0,0.0,0.0,0.0,0.0,0.0,0.0,0.0,0.0,0.0,0.0,0.0,0.0,0.0,0.0,0.0,0.0,0.0,0.0,0.0,0.0,0.0,0.0,0.0,0.0,0.0,0.0,0.0,0.0,0.0,0.0,0.0,0.0,0.0,0.0,0.0,0.0,0.0,0.0,0.0,0.0,0.0,0.0,0.5735763907432556,0.7637949585914612,3.106297583599371e-07,0.5257925391197205,0.7407159209251404,-0.01934082806110382,0.4799420237541199,0.6813189387321472,-0.028502175584435463,0.4487397074699402,0.634275496006012,-0.03641379252076149,0.4165516793727875,0.6147816181182861,-0.04449624568223953,0.507253885269165,0.576632559299469,-0.014569210819900036,0.4988095760345459,0.5016881823539734,-0.03159426525235176,0.49563831090927124,0.4537432789802551,-0.04709392413496971,0.494811475276947,0.41221097111701965,-0.05847537890076637,0.5352928042411804,0.5652101039886475,-0.017861658707261086,0.5252615809440613,0.4784879684448242,-0.030778026208281517,0.5202803611755371,0.4218883514404297,-0.042504649609327316,0.5163326859474182,0.37315690517425537,-0.05153261870145798,0.5636009573936462,0.5710598230361938,-0.024460190907120705,0.5559524893760681,0.4909626245498657,-0.036685358732938766,0.5518108010292053,0.4405133128166199,-0.04434100538492203,0.5471197366714478,0.39682912826538086,-0.0504363588988781,0.5937483310699463,0.5904141068458557,-0.03355775773525238,0.5894879102706909,0.5312560796737671,-0.04463287815451622,0.5841037631034851,0.492410808801651,-0.04876192286610603,0.577483057975769,0.4577893316745758,-0.05191958695650101,B
0.0,0.0,0.0,0.0,0.0,0.0,0.0,0.0,0.0,0.0,0.0,0.0,0.0,0.0,0.0,0.0,0.0,0.0,0.0,0.0,0.0,0.0,0.0,0.0,0.0,0.0,0.0,0.0,0.0,0.0,0.0,0.0,0.0,0.0,0.0,0.0,0.0,0.0,0.0,0.0,0.0,0.0,0.0,0.0,0.0,0.0,0.0,0.0,0.0,0.0,0.0,0.0,0.0,0.0,0.0,0.0,0.0,0.0,0.0,0.0,0.0,0.0,0.0,0.5688636302947998,0.7664557099342346,3.2648824799252907e-07,0.5195034742355347,0.7426333427429199,-0.018852071836590767,0.47285541892051697,0.6847333908081055,-0.027787527069449425,0.44059932231903076,0.6400383710861206,-0.035568613559007645,0.408309668302536,0.6221879720687866,-0.043539054691791534,0.5008337497711182,0.5795808434486389,-0.014134696684777737,0.49226459860801697,0.5035212635993958,-0.03150303289294243,0.4886893630027771,0.45424550771713257,-0.04710601642727852,0.48755595088005066,0.41180455684661865,-0.05849567428231239,0.5289609432220459,0.5679552555084229,-0.017746884375810623,0.519042432308197,0.4811985194683075,-0.031148003414273262,0.5143126845359802,0.42379581928253174,-0.043130021542310715,0.5109290480613708,0.3741143047809601,-0.05226444825530052,0.5573283433914185,0.5735591650009155,-0.02467961609363556,0.5499187707901001,0.4933096170425415,-0.03740907832980156,0.5463755130767822,0.4430606961250305,-0.04524754360318184,0.5423902869224548,0.3998161554336548,-0.05132396146655083,0.5873748660087585,0.5925447940826416,-0.034039437770843506,0.5836589336395264,0.5338139533996582,-0.04545770585536957,0.578954815864563,0.49519169330596924,-0.0496978722512722,0.573013961315155,0.4610759913921356,-0.052876051515340805,B
0.0,0.0,0.0,0.0,0.0,0.0,0.0,0.0,0.0,0.0,0.0,0.0,0.0,0.0,0.0,0.0,0.0,0.0,0.0,0.0,0.0,0.0,0.0,0.0,0.0,0.0,0.0,0.0,0.0,0.0,0.0,0.0,0.0,0.0,0.0,0.0,0.0,0.0,0.0,0.0,0.0,0.0,0.0,0.0,0.0,0.0,0.0,0.0,0.0,0.0,0.0,0.0,0.0,0.0,0.0,0.0,0.0,0.0,0.0,0.0,0.0,0.0,0.0,0.5672261118888855,0.7665524482727051,3.23017246728341e-07,0.5166561603546143,0.7422357797622681,-0.019390322268009186,0.4707411229610443,0.6842560768127441,-0.02875208668410778,0.43889912962913513,0.6387391686439514,-0.03706993907690048,0.4059852063655853,0.6220696568489075,-0.045685797929763794,0.5001319050788879,0.5808438062667847,-0.014309150166809559,0.49193254113197327,0.5051890015602112,-0.03140025958418846,0.48826780915260315,0.45601898431777954,-0.04703139141201973,0.4867764413356781,0.41301220655441284,-0.0586119182407856,0.5288999676704407,0.5692164897918701,-0.017869433388113976,0.5187022089958191,0.4826325476169586,-0.031245721504092216,0.5132726430892944,0.4250991940498352,-0.04359721764922142,0.5090433955192566,0.3748651146888733,-0.05308804661035538,0.5578594207763672,0.5748260617256165,-0.024730443954467773,0.5500943660736084,0.4943070113658905,-0.037528619170188904,0.5458787679672241,0.4437497854232788,-0.0457245297729969,0.541228175163269,0.3998120129108429,-0.05209296569228172,0.5882374048233032,0.5936234593391418,-0.034063372761011124,0.5840786695480347,0.5345793962478638,-0.04584189131855965,0.578784167766571,0.4951733946800232,-0.05045926943421364,0.5724565386772156,0.4596956968307495,-0.053881291300058365,B
0.0,0.0,0.0,0.0,0.0,0.0,0.0,0.0,0.0,0.0,0.0,0.0,0.0,0.0,0.0,0.0,0.0,0.0,0.0,0.0,0.0,0.0,0.0,0.0,0.0,0.0,0.0,0.0,0.0,0.0,0.0,0.0,0.0,0.0,0.0,0.0,0.0,0.0,0.0,0.0,0.0,0.0,0.0,0.0,0.0,0.0,0.0,0.0,0.0,0.0,0.0,0.0,0.0,0.0,0.0,0.0,0.0,0.0,0.0,0.0,0.0,0.0,0.0,0.5674644708633423,0.7669137716293335,3.262289567373955e-07,0.5170355439186096,0.7441411018371582,-0.02003537304699421,0.4700647294521332,0.6860734820365906,-0.02949298731982708,0.4374749958515167,0.6401745080947876,-0.0376361683011055,0.40401166677474976,0.6235774159431458,-0.045952051877975464,0.499166339635849,0.5812796354293823,-0.01530384086072445,0.49088969826698303,0.505709707736969,-0.03234752640128136,0.48735302686691284,0.45652464032173157,-0.047885533422231674,0.4859362840652466,0.4136120676994324,-0.05942482501268387,0.5278065800666809,0.5687016844749451,-0.018319468945264816,0.5177584886550903,0.48204416036605835,-0.03159056231379509,0.512527346611023,0.4245540499687195,-0.04365469887852669,0.5082955956459045,0.37450122833251953,-0.05297468230128288,0.5565611720085144,0.5738574862480164,-0.02465111017227173,0.5488782525062561,0.49397653341293335,-0.03737851604819298,0.5446969866752625,0.44383805990219116,-0.04566849395632744,0.5397935509681702,0.40064823627471924,-0.052172817289829254,0.586811363697052,0.5925322771072388,-0.033494070172309875,0.583573043346405,0.5337554216384888,-0.045340247452259064,0.5784965753555298,0.4947269558906555,-0.05030646547675133,0.5718992948532104,0.45982590317726135,-0.05403735861182213,B
0.0,0.0,0.0,0.0,0.0,0.0,0.0,0.0,0.0,0.0,0.0,0.0,0.0,0.0,0.0,0.0,0.0,0.0,0.0,0.0,0.0,0.0,0.0,0.0,0.0,0.0,0.0,0.0,0.0,0.0,0.0,0.0,0.0,0.0,0.0,0.0,0.0,0.0,0.0,0.0,0.0,0.0,0.0,0.0,0.0,0.0,0.0,0.0,0.0,0.0,0.0,0.0,0.0,0.0,0.0,0.0,0.0,0.0,0.0,0.0,0.0,0.0,0.0,0.5658244490623474,0.7716919779777527,3.27187422044517e-07,0.5155423283576965,0.7476455569267273,-0.020017357543110847,0.4693446159362793,0.6897987127304077,-0.029708154499530792,0.4375983476638794,0.6438347101211548,-0.03808894753456116,0.40495577454566956,0.6252120137214661,-0.046493638306856155,0.49731701612472534,0.583740770816803,-0.015132641419768333,0.48912227153778076,0.5067235827445984,-0.032279424369335175,0.4855456054210663,0.4573940336704254,-0.04774291813373566,0.4839931130409241,0.41444215178489685,-0.05907028913497925,0.526068925857544,0.5713117718696594,-0.018114211037755013,0.5159465670585632,0.4838179647922516,-0.03112141229212284,0.5104859471321106,0.4265406131744385,-0.04270745813846588,0.5060652494430542,0.3770309388637543,-0.05162487179040909,0.5548507571220398,0.5764147043228149,-0.024476274847984314,0.5466752052307129,0.49534863233566284,-0.036577675491571426,0.5421333312988281,0.4454624652862549,-0.04396187514066696,0.5369170308113098,0.4026176929473877,-0.04986286535859108,0.585228443145752,0.5950342416763306,-0.03343609720468521,0.5811032056808472,0.5356847643852234,-0.04450739547610283,0.5753135681152344,0.4970313012599945,-0.04864149168133736,0.5679123997688293,0.4628184735774994,-0.05173066630959511,B
0.0,0.0,0.0,0.0,0.0,0.0,0.0,0.0,0.0,0.0,0.0,0.0,0.0,0.0,0.0,0.0,0.0,0.0,0.0,0.0,0.0,0.0,0.0,0.0,0.0,0.0,0.0,0.0,0.0,0.0,0.0,0.0,0.0,0.0,0.0,0.0,0.0,0.0,0.0,0.0,0.0,0.0,0.0,0.0,0.0,0.0,0.0,0.0,0.0,0.0,0.0,0.0,0.0,0.0,0.0,0.0,0.0,0.0,0.0,0.0,0.0,0.0,0.0,0.5656346678733826,0.769460141658783,3.269802562044788e-07,0.5155286192893982,0.7457709312438965,-0.0203999076038599,0.4695223867893219,0.6880590319633484,-0.030423421412706375,0.4379197061061859,0.6415430903434753,-0.039067283272743225,0.40482887625694275,0.6228286027908325,-0.04767480865120888,0.49730104207992554,0.5823211669921875,-0.015770722180604935,0.4892812669277191,0.5051823854446411,-0.032972272485494614,0.48592180013656616,0.4563107490539551,-0.04837515205144882,0.4845922887325287,0.413474440574646,-0.05961289256811142,0.5261287689208984,0.5696836709976196,-0.018494199961423874,0.5159708261489868,0.4823581576347351,-0.03143595531582832,0.5104262828826904,0.4253392815589905,-0.04281537979841232,0.5059157013893127,0.37593787908554077,-0.051590487360954285,0.5550994277000427,0.5747688412666321,-0.02461097575724125,0.5470060110092163,0.49409088492393494,-0.03659108281135559,0.542349636554718,0.4444665312767029,-0.04386924207210541,0.5371047258377075,0.401619017124176,-0.049690160900354385,0.5856236815452576,0.5934168696403503,-0.03336215019226074,0.5812392234802246,0.5342086553573608,-0.044315267354249954,0.5750741362571716,0.49587011337280273,-0.04842009395360947,0.5674949288368225,0.4616207182407379,-0.05148753523826599,B
0.0,0.0,0.0,0.0,0.0,0.0,0.0,0.0,0.0,0.0,0.0,0.0,0.0,0.0,0.0,0.0,0.0,0.0,0.0,0.0,0.0,0.0,0.0,0.0,0.0,0.0,0.0,0.0,0.0,0.0,0.0,0.0,0.0,0.0,0.0,0.0,0.0,0.0,0.0,0.0,0.0,0.0,0.0,0.0,0.0,0.0,0.0,0.0,0.0,0.0,0.0,0.0,0.0,0.0,0.0,0.0,0.0,0.0,0.0,0.0,0.0,0.0,0.0,0.5678711533546448,0.7649513483047485,3.293123143066623e-07,0.5172955989837646,0.7434211373329163,-0.023063914850354195,0.4704952836036682,0.6874171495437622,-0.0337027870118618,0.43804094195365906,0.6408724188804626,-0.042154472321271896,0.40445655584335327,0.6219769716262817,-0.05000213533639908,0.49855363368988037,0.5781688690185547,-0.016766982153058052,0.48875489830970764,0.5007007718086243,-0.03321389853954315,0.48497089743614197,0.45167064666748047,-0.04789306968450546,0.4838399291038513,0.40943968296051025,-0.05833253636956215,0.5268477201461792,0.5645803213119507,-0.01703003980219364,0.5154232978820801,0.4776155352592468,-0.028457701206207275,0.5102411508560181,0.421676367521286,-0.0382310152053833,0.5070865154266357,0.3743669390678406,-0.045756399631500244,0.5551186203956604,0.5685065388679504,-0.020937977358698845,0.5459004044532776,0.48827964067459106,-0.031224342063069344,0.5415234565734863,0.4396655559539795,-0.037094589322805405,0.5370663404464722,0.3988247513771057,-0.04187178239226341,0.5850057601928711,0.5860637426376343,-0.027823442593216896,0.5804990530014038,0.5267236232757568,-0.036900270730257034,0.5742941498756409,0.48979097604751587,-0.03988102450966835,0.5665349960327148,0.45799726247787476,-0.04209725931286812,B
0.0,0.0,0.0,0.0,0.0,0.0,0.0,0.0,0.0,0.0,0.0,0.0,0.0,0.0,0.0,0.0,0.0,0.0,0.0,0.0,0.0,0.0,0.0,0.0,0.0,0.0,0.0,0.0,0.0,0.0,0.0,0.0,0.0,0.0,0.0,0.0,0.0,0.0,0.0,0.0,0.0,0.0,0.0,0.0,0.0,0.0,0.0,0.0,0.0,0.0,0.0,0.0,0.0,0.0,0.0,0.0,0.0,0.0,0.0,0.0,0.0,0.0,0.0,0.5677550435066223,0.7667704820632935,3.2099600844048837e-07,0.5173038244247437,0.7450215816497803,-0.022098518908023834,0.47038978338241577,0.6874839067459106,-0.03199206665158272,0.43766021728515625,0.6404568552970886,-0.03994493559002876,0.40420517325401306,0.6230515837669373,-0.04734812304377556,0.49881425499916077,0.5783617496490479,-0.014476201497018337,0.48936089873313904,0.5019614696502686,-0.02997972071170807,0.48580124974250793,0.4535137712955475,-0.044344622641801834,0.484657883644104,0.4114838242530823,-0.054787568747997284,0.5269676446914673,0.5649038553237915,-0.015277829021215439,0.5159249901771545,0.4786638021469116,-0.02579205483198166,0.5108124613761902,0.4234442114830017,-0.035255178809165955,0.5073827505111694,0.3765265941619873,-0.04264378920197487,0.5552957057952881,0.5691599249839783,-0.019731609150767326,0.5460079908370972,0.488871693611145,-0.02938123606145382,0.5416057705879211,0.4402892291545868,-0.03493548557162285,0.5369988083839417,0.3991811275482178,-0.03956973925232887,0.5853389501571655,0.5871163010597229,-0.0271306112408638,0.5805403590202332,0.5273581147193909,-0.03578381612896919,0.5743672847747803,0.4900731146335602,-0.03842268884181976,0.5667788982391357,0.4579170048236847,-0.040452584624290466,B
0.0,0.0,0.0,0.0,0.0,0.0,0.0,0.0,0.0,0.0,0.0,0.0,0.0,0.0,0.0,0.0,0.0,0.0,0.0,0.0,0.0,0.0,0.0,0.0,0.0,0.0,0.0,0.0,0.0,0.0,0.0,0.0,0.0,0.0,0.0,0.0,0.0,0.0,0.0,0.0,0.0,0.0,0.0,0.0,0.0,0.0,0.0,0.0,0.0,0.0,0.0,0.0,0.0,0.0,0.0,0.0,0.0,0.0,0.0,0.0,0.0,0.0,0.0,0.5659876465797424,0.762710690498352,3.042215155346639e-07,0.5160580277442932,0.7414692044258118,-0.021382642909884453,0.4696064293384552,0.68532395362854,-0.03094155713915825,0.4367583990097046,0.6403599381446838,-0.03858012333512306,0.40421175956726074,0.6240526437759399,-0.04577231407165527,0.4983132779598236,0.5769093632698059,-0.015036764554679394,0.48966845870018005,0.500851571559906,-0.030440567061305046,0.486526221036911,0.45278292894363403,-0.04430645331740379,0.4858507215976715,0.4115392863750458,-0.054315973073244095,0.5265721082687378,0.5634501576423645,-0.015874972566962242,0.5160633325576782,0.47711244225502014,-0.026532698422670364,0.5112430453300476,0.4225175678730011,-0.035650577396154404,0.5081642270088196,0.3762316405773163,-0.04270070791244507,0.554975688457489,0.5672585964202881,-0.020215045660734177,0.5458871722221375,0.4871474802494049,-0.030098771676421165,0.5416713356971741,0.4394606053829193,-0.035642482340335846,0.5374314188957214,0.3993349075317383,-0.040113430470228195,0.5849531888961792,0.584363579750061,-0.0273500457406044,0.5796911716461182,0.5246047973632812,-0.03632890433073044,0.5733239650726318,0.4877828359603882,-0.0391780287027359,0.5655723214149475,0.4562199115753174,-0.041263241320848465,B
0.0,0.0,0.0,0.0,0.0,0.0,0.0,0.0,0.0,0.0,0.0,0.0,0.0,0.0,0.0,0.0,0.0,0.0,0.0,0.0,0.0,0.0,0.0,0.0,0.0,0.0,0.0,0.0,0.0,0.0,0.0,0.0,0.0,0.0,0.0,0.0,0.0,0.0,0.0,0.0,0.0,0.0,0.0,0.0,0.0,0.0,0.0,0.0,0.0,0.0,0.0,0.0,0.0,0.0,0.0,0.0,0.0,0.0,0.0,0.0,0.0,0.0,0.0,0.5643632411956787,0.7592449188232422,3.2982583775265084e-07,0.5157188773155212,0.7387683391571045,-0.021162334829568863,0.4693525731563568,0.6847196817398071,-0.031061731278896332,0.4360229969024658,0.6420920491218567,-0.039148617535829544,0.4037531614303589,0.6267873644828796,-0.04672577977180481,0.4959147572517395,0.573358416557312,-0.0145559161901474,0.48784157633781433,0.4971843659877777,-0.02987934835255146,0.4848802983760834,0.44951412081718445,-0.043938715010881424,0.48440951108932495,0.40916407108306885,-0.05398300290107727,0.5241002440452576,0.5594536662101746,-0.015237819403409958,0.5139830708503723,0.47337913513183594,-0.02539287507534027,0.5092753767967224,0.41851741075515747,-0.034370057284832,0.5060463547706604,0.3723340928554535,-0.04140631854534149,0.552605152130127,0.5627151131629944,-0.019447971135377884,0.5436698794364929,0.48392343521118164,-0.028413433581590652,0.5386225581169128,0.436471551656723,-0.034011755138635635,0.5332123041152954,0.39676883816719055,-0.038770630955696106,0.5826728940010071,0.5794408321380615,-0.026485290378332138,0.5784227252006531,0.5205024480819702,-0.034553565084934235,0.572012722492218,0.48439186811447144,-0.0372423492372036,0.5638802647590637,0.45350170135498047,-0.03935004025697708,B
0.0,0.0,0.0,0.0,0.0,0.0,0.0,0.0,0.0,0.0,0.0,0.0,0.0,0.0,0.0,0.0,0.0,0.0,0.0,0.0,0.0,0.0,0.0,0.0,0.0,0.0,0.0,0.0,0.0,0.0,0.0,0.0,0.0,0.0,0.0,0.0,0.0,0.0,0.0,0.0,0.0,0.0,0.0,0.0,0.0,0.0,0.0,0.0,0.0,0.0,0.0,0.0,0.0,0.0,0.0,0.0,0.0,0.0,0.0,0.0,0.0,0.0,0.0,0.5610581636428833,0.7590726613998413,3.2593931109659025e-07,0.5124998092651367,0.7380602955818176,-0.020765170454978943,0.4650772511959076,0.6853283643722534,-0.030923333019018173,0.42926642298698425,0.6457340121269226,-0.03955990448594093,0.396967351436615,0.6309975385665894,-0.04766352102160454,0.4921391010284424,0.5752089619636536,-0.01375962421298027,0.4831654727458954,0.49911054968833923,-0.029725609347224236,0.4802270829677582,0.451532244682312,-0.044233713299036026,0.48010337352752686,0.4110566973686218,-0.05438748374581337,0.519734799861908,0.561823844909668,-0.014684544876217842,0.5087795853614807,0.47761213779449463,-0.025444597005844116,0.5039036870002747,0.4238862991333008,-0.034664612263441086,0.5010826587677002,0.37834757566452026,-0.041685063391923904,0.5479006767272949,0.5642392039299011,-0.019198866561055183,0.538600742816925,0.4882436990737915,-0.028183452785015106,0.5331643223762512,0.44134262204170227,-0.03310944512486458,0.5278027057647705,0.40205055475234985,-0.0372074730694294,0.5778182744979858,0.5796173214912415,-0.02658999338746071,0.5729542374610901,0.5212672352790833,-0.033738765865564346,0.5667445659637451,0.48527178168296814,-0.03530436009168625,0.5590905547142029,0.4547936022281647,-0.03655783087015152,B
0.0,0.0,0.0,0.0,0.0,0.0,0.0,0.0,0.0,0.0,0.0,0.0,0.0,0.0,0.0,0.0,0.0,0.0,0.0,0.0,0.0,0.0,0.0,0.0,0.0,0.0,0.0,0.0,0.0,0.0,0.0,0.0,0.0,0.0,0.0,0.0,0.0,0.0,0.0,0.0,0.0,0.0,0.0,0.0,0.0,0.0,0.0,0.0,0.0,0.0,0.0,0.0,0.0,0.0,0.0,0.0,0.0,0.0,0.0,0.0,0.0,0.0,0.0,0.5611252784729004,0.7557118535041809,3.2966028129521874e-07,0.5124741196632385,0.7374678254127502,-0.022952601313591003,0.4651355743408203,0.6858990788459778,-0.03382429853081703,0.4290723204612732,0.6446024775505066,-0.042586199939250946,0.3960078954696655,0.6305684447288513,-0.05055241659283638,0.489949494600296,0.5730229616165161,-0.014952869154512882,0.4802514314651489,0.4975929260253906,-0.030129604041576385,0.4769335985183716,0.45092707872390747,-0.04429847002029419,0.47667157649993896,0.41077834367752075,-0.054277289658784866,0.5174380540847778,0.5584483742713928,-0.014291122555732727,0.5053331255912781,0.4747166633605957,-0.02361517958343029,0.49984461069107056,0.4217986464500427,-0.03209703788161278,0.4967198073863983,0.377099871635437,-0.038737956434488297,0.5459261536598206,0.5603048205375671,-0.01728919893503189,0.5349332690238953,0.48357489705085754,-0.025296319276094437,0.529313862323761,0.4375436007976532,-0.029783612117171288,0.5241649150848389,0.39954107999801636,-0.03358420729637146,0.5764796733856201,0.5752617120742798,-0.023329295217990875,0.570210874080658,0.5165730714797974,-0.029907509684562683,0.5637251138687134,0.4812123775482178,-0.031138356775045395,0.5562248826026917,0.4515951871871948,-0.032048117369413376,B
0.0,0.0,0.0,0.0,0.0,0.0,0.0,0.0,0.0,0.0,0.0,0.0,0.0,0.0,0.0,0.0,0.0,0.0,0.0,0.0,0.0,0.0,0.0,0.0,0.0,0.0,0.0,0.0,0.0,0.0,0.0,0.0,0.0,0.0,0.0,0.0,0.0,0.0,0.0,0.0,0.0,0.0,0.0,0.0,0.0,0.0,0.0,0.0,0.0,0.0,0.0,0.0,0.0,0.0,0.0,0.0,0.0,0.0,0.0,0.0,0.0,0.0,0.0,0.5585705637931824,0.7526838183403015,3.174681921791489e-07,0.5094433426856995,0.7351564764976501,-0.022945238277316093,0.46236753463745117,0.6838427186012268,-0.03339691832661629,0.42667651176452637,0.642883837223053,-0.04173573479056358,0.3935244083404541,0.6299835443496704,-0.04938437417149544,0.48927444219589233,0.5715791583061218,-0.014516127295792103,0.47918903827667236,0.497244656085968,-0.02897520735859871,0.47590944170951843,0.4512313902378082,-0.04256394878029823,0.4753960371017456,0.41168466210365295,-0.052188973873853683,0.5168594717979431,0.5567630529403687,-0.013770613819360733,0.5048550963401794,0.4735024571418762,-0.02259259857237339,0.4989812970161438,0.4213756322860718,-0.030903305858373642,0.49541062116622925,0.3770458698272705,-0.03747562691569328,0.5450873970985413,0.5582926869392395,-0.016668247058987617,0.5341712832450867,0.4822135269641876,-0.024325313046574593,0.5283087491989136,0.437208890914917,-0.02872842364013195,0.5231679677963257,0.39947301149368286,-0.03249312564730644,0.5747652649879456,0.5729121565818787,-0.02260829322040081,0.5676039457321167,0.514602780342102,-0.028869660571217537,0.5611881613731384,0.4793463945388794,-0.030003322288393974,0.554399311542511,0.448923796415329,-0.030926678329706192,B
0.0,0.0,0.0,0.0,0.0,0.0,0.0,0.0,0.0,0.0,0.0,0.0,0.0,0.0,0.0,0.0,0.0,0.0,0.0,0.0,0.0,0.0,0.0,0.0,0.0,0.0,0.0,0.0,0.0,0.0,0.0,0.0,0.0,0.0,0.0,0.0,0.0,0.0,0.0,0.0,0.0,0.0,0.0,0.0,0.0,0.0,0.0,0.0,0.0,0.0,0.0,0.0,0.0,0.0,0.0,0.0,0.0,0.0,0.0,0.0,0.0,0.0,0.0,0.5578417778015137,0.7530781030654907,3.2762531532171124e-07,0.5086740255355835,0.7333799600601196,-0.023688219487667084,0.46177423000335693,0.6851348876953125,-0.035374902188777924,0.42502114176750183,0.6463040113449097,-0.044965919107198715,0.3923571705818176,0.6303163766860962,-0.05362651124596596,0.48799216747283936,0.5710790753364563,-0.014075822196900845,0.47698381543159485,0.4976334571838379,-0.029165027663111687,0.47334161400794983,0.4524613618850708,-0.04356024041771889,0.4727640748023987,0.413321852684021,-0.05374198034405708,0.5152458548545837,0.5563005208969116,-0.013161438517272472,0.5029190182685852,0.47410058975219727,-0.022717664018273354,0.49712276458740234,0.42239707708358765,-0.03187615051865578,0.49372598528862,0.37871986627578735,-0.039033450186252594,0.5432556867599487,0.5581632852554321,-0.016101425513625145,0.5324652791023254,0.4826621115207672,-0.02444831281900406,0.5264373421669006,0.43708086013793945,-0.029748588800430298,0.5208521485328674,0.3993328809738159,-0.03405014052987099,0.573036253452301,0.573231041431427,-0.022110799327492714,0.567014217376709,0.5147334337234497,-0.02889767289161682,0.5603909492492676,0.4795004725456238,-0.030633024871349335,0.5528692007064819,0.4494136869907379,-0.03191525861620903,B
0.0,0.0,0.0,0.0,0.0,0.0,0.0,0.0,0.0,0.0,0.0,0.0,0.0,0.0,0.0,0.0,0.0,0.0,0.0,0.0,0.0,0.0,0.0,0.0,0.0,0.0,0.0,0.0,0.0,0.0,0.0,0.0,0.0,0.0,0.0,0.0,0.0,0.0,0.0,0.0,0.0,0.0,0.0,0.0,0.0,0.0,0.0,0.0,0.0,0.0,0.0,0.0,0.0,0.0,0.0,0.0,0.0,0.0,0.0,0.0,0.0,0.0,0.0,0.5575394034385681,0.75379878282547,3.4379394264760776e-07,0.5081411004066467,0.7334997653961182,-0.024274863302707672,0.46063873171806335,0.6849328875541687,-0.03564079478383064,0.42334216833114624,0.6471412777900696,-0.04481981322169304,0.39060157537460327,0.6325662732124329,-0.052983466535806656,0.4873211085796356,0.5724409818649292,-0.013349112123250961,0.47621211409568787,0.4982532262802124,-0.02789033018052578,0.47273218631744385,0.45255374908447266,-0.04192104563117027,0.4722047448158264,0.4126583933830261,-0.05189569294452667,0.514052152633667,0.557624340057373,-0.01196738425642252,0.5016014575958252,0.4748377203941345,-0.02101140096783638,0.49554377794265747,0.4234315752983093,-0.02987738698720932,0.4918082654476166,0.3794417083263397,-0.0367877222597599,0.5418848991394043,0.5592877268791199,-0.01453067921102047,0.5312060713768005,0.4823606312274933,-0.02246108092367649,0.5251531600952148,0.43682536482810974,-0.02731027640402317,0.5194968581199646,0.3986245393753052,-0.031256429851055145,0.5716864466667175,0.574181854724884,-0.02026132494211197,0.5660340785980225,0.5155556201934814,-0.02659621089696884,0.5596795678138733,0.4798866808414459,-0.02791360206902027,0.5525156259536743,0.4489613175392151,-0.028898634016513824,B
0.0,0.0,0.0,0.0,0.0,0.0,0.0,0.0,0.0,0.0,0.0,0.0,0.0,0.0,0.0,0.0,0.0,0.0,0.0,0.0,0.0,0.0,0.0,0.0,0.0,0.0,0.0,0.0,0.0,0.0,0.0,0.0,0.0,0.0,0.0,0.0,0.0,0.0,0.0,0.0,0.0,0.0,0.0,0.0,0.0,0.0,0.0,0.0,0.0,0.0,0.0,0.0,0.0,0.0,0.0,0.0,0.0,0.0,0.0,0.0,0.0,0.0,0.0,0.5555312633514404,0.7530941367149353,3.246918538479804e-07,0.5064865350723267,0.7329631447792053,-0.021750738844275475,0.45963242650032043,0.6838470697402954,-0.03250161558389664,0.42336463928222656,0.6464918851852417,-0.041607171297073364,0.3910454511642456,0.6334242820739746,-0.04992169886827469,0.48700615763664246,0.5703806281089783,-0.01205901987850666,0.47581079602241516,0.4966152310371399,-0.02612108178436756,0.4724361300468445,0.45139259099960327,-0.03980619087815285,0.47207728028297424,0.4121495187282562,-0.04967711120843887,0.5137777924537659,0.5560965538024902,-0.012301074340939522,0.5011260509490967,0.4734058678150177,-0.021071121096611023,0.49529212713241577,0.42245417833328247,-0.029705453664064407,0.49161309003829956,0.3792596161365509,-0.03654330596327782,0.5416609644889832,0.5581885576248169,-0.016245845705270767,0.530827522277832,0.48043742775917053,-0.02384154498577118,0.5250579118728638,0.4350244700908661,-0.02832876890897751,0.5194450616836548,0.3967163562774658,-0.03221249207854271,0.5716211795806885,0.5735645294189453,-0.0231787096709013,0.5659237504005432,0.5145955085754395,-0.02937089465558529,0.5594491362571716,0.47844430804252625,-0.030537866055965424,0.5520316958427429,0.447093665599823,-0.03152967244386673,B
0.0,0.0,0.0,0.0,0.0,0.0,0.0,0.0,0.0,0.0,0.0,0.0,0.0,0.0,0.0,0.0,0.0,0.0,0.0,0.0,0.0,0.0,0.0,0.0,0.0,0.0,0.0,0.0,0.0,0.0,0.0,0.0,0.0,0.0,0.0,0.0,0.0,0.0,0.0,0.0,0.0,0.0,0.0,0.0,0.0,0.0,0.0,0.0,0.0,0.0,0.0,0.0,0.0,0.0,0.0,0.0,0.0,0.0,0.0,0.0,0.0,0.0,0.0,0.5554701685905457,0.7527937889099121,2.990990708440222e-07,0.5060769319534302,0.7322820425033569,-0.019160082563757896,0.4592668116092682,0.6839178204536438,-0.028531648218631744,0.42455756664276123,0.6476408243179321,-0.03669150173664093,0.3940526247024536,0.6314473748207092,-0.04434118792414665,0.4869101643562317,0.5691609978675842,-0.009805911220610142,0.4764333963394165,0.49611935019493103,-0.023140156641602516,0.4734366536140442,0.4511241018772125,-0.036399610340595245,0.47327134013175964,0.4123160243034363,-0.04609071463346481,0.5142104625701904,0.5550447702407837,-0.011350841261446476,0.5018618106842041,0.47209617495536804,-0.0198160782456398,0.4960373640060425,0.42059558629989624,-0.028803085908293724,0.4921190142631531,0.3774948716163635,-0.03600139543414116,0.5424671173095703,0.5574997067451477,-0.016399458050727844,0.5313252806663513,0.48006895184516907,-0.024092577397823334,0.524738073348999,0.4342153072357178,-0.029658691957592964,0.5183079838752747,0.39589065313339233,-0.03442638739943504,0.5725653171539307,0.573401153087616,-0.024106625467538834,0.5667662620544434,0.5145699381828308,-0.030938448384404182,0.5602148771286011,0.4785721004009247,-0.03299003839492798,0.5528548955917358,0.4472825527191162,-0.034662868827581406,B
0.0,0.0,0.0,0.0,0.0,0.0,0.0,0.0,0.0,0.0,0.0,0.0,0.0,0.0,0.0,0.0,0.0,0.0,0.0,0.0,0.0,0.0,0.0,0.0,0.0,0.0,0.0,0.0,0.0,0.0,0.0,0.0,0.0,0.0,0.0,0.0,0.0,0.0,0.0,0.0,0.0,0.0,0.0,0.0,0.0,0.0,0.0,0.0,0.0,0.0,0.0,0.0,0.0,0.0,0.0,0.0,0.0,0.0,0.0,0.0,0.0,0.0,0.0,0.5584201216697693,0.7537811398506165,3.0758440061617875e-07,0.5076946020126343,0.7316440343856812,-0.020137513056397438,0.46074315905570984,0.684352695941925,-0.030160170048475266,0.4254564344882965,0.6483968496322632,-0.038837503641843796,0.3951931595802307,0.6317670941352844,-0.046790752559900284,0.4891510009765625,0.5690214037895203,-0.009633155539631844,0.47754278779029846,0.495161771774292,-0.022753532975912094,0.4740104079246521,0.4501372277736664,-0.03598174452781677,0.47324830293655396,0.41152700781822205,-0.04559613764286041,0.5162460207939148,0.5548340678215027,-0.010458734817802906,0.5030002593994141,0.47126904129981995,-0.018766267225146294,0.4965817332267761,0.4202027916908264,-0.02774260938167572,0.4921746551990509,0.37793678045272827,-0.03482232242822647,0.5442265272140503,0.55698162317276,-0.014912106096744537,0.532150149345398,0.47905296087265015,-0.022328995168209076,0.5247244834899902,0.4327753186225891,-0.02792377956211567,0.5176554918289185,0.39456552267074585,-0.03262970224022865,0.574208676815033,0.572442352771759,-0.02211839333176613,0.5681902766227722,0.5131486654281616,-0.028362471610307693,0.5611147880554199,0.4772830009460449,-0.030177408829331398,0.5532311201095581,0.4463801980018616,-0.03166110813617706,B
0.0,0.0,0.0,0.0,0.0,0.0,0.0,0.0,0.0,0.0,0.0,0.0,0.0,0.0,0.0,0.0,0.0,0.0,0.0,0.0,0.0,0.0,0.0,0.0,0.0,0.0,0.0,0.0,0.0,0.0,0.0,0.0,0.0,0.0,0.0,0.0,0.0,0.0,0.0,0.0,0.0,0.0,0.0,0.0,0.0,0.0,0.0,0.0,0.0,0.0,0.0,0.0,0.0,0.0,0.0,0.0,0.0,0.0,0.0,0.0,0.0,0.0,0.0,0.5602824091911316,0.7501806020736694,3.0446264531747147e-07,0.508661150932312,0.7293404340744019,-0.019106311723589897,0.46095478534698486,0.6823171973228455,-0.028428100049495697,0.4250279664993286,0.6466551423072815,-0.03630905970931053,0.3955380916595459,0.6291922926902771,-0.04326838627457619,0.48978766798973083,0.5665640830993652,-0.00892114732414484,0.47780656814575195,0.4931892156600952,-0.02133539505302906,0.47451815009117126,0.44834738969802856,-0.033932287245988846,0.4744280278682709,0.4103384017944336,-0.04284432902932167,0.5168672204017639,0.5528184771537781,-0.00927478726953268,0.5029217004776001,0.4701591730117798,-0.016802597790956497,0.496689110994339,0.41879206895828247,-0.02484116330742836,0.49318569898605347,0.376834899187088,-0.031067127361893654,0.5447109937667847,0.554979681968689,-0.01308683305978775,0.5321766138076782,0.4776065945625305,-0.01987326890230179,0.5250810384750366,0.43153131008148193,-0.02488095685839653,0.518822968006134,0.394321084022522,-0.028865106403827667,0.5743456482887268,0.5698688626289368,-0.019493771716952324,0.5684640407562256,0.5104893445968628,-0.02500235103070736,0.5613040924072266,0.47506803274154663,-0.026286976411938667,0.5538195371627808,0.44551244378089905,-0.027129927650094032,B
0.0,0.0,0.0,0.0,0.0,0.0,0.0,0.0,0.0,0.0,0.0,0.0,0.0,0.0,0.0,0.0,0.0,0.0,0.0,0.0,0.0,0.0,0.0,0.0,0.0,0.0,0.0,0.0,0.0,0.0,0.0,0.0,0.0,0.0,0.0,0.0,0.0,0.0,0.0,0.0,0.0,0.0,0.0,0.0,0.0,0.0,0.0,0.0,0.0,0.0,0.0,0.0,0.0,0.0,0.0,0.0,0.0,0.0,0.0,0.0,0.0,0.0,0.0,0.5606461763381958,0.7496857643127441,2.967930186059675e-07,0.509272038936615,0.7289536595344543,-0.018779631704092026,0.46207761764526367,0.6804390549659729,-0.028037089854478836,0.4257121682167053,0.6438723206520081,-0.03595144674181938,0.3947821259498596,0.6296970844268799,-0.04304097220301628,0.4910256862640381,0.5663505792617798,-0.00828373059630394,0.47916245460510254,0.49287188053131104,-0.02011438086628914,0.47549816966056824,0.4479038715362549,-0.03238256275653839,0.47490862011909485,0.40950489044189453,-0.04123196005821228,0.5184538960456848,0.5521122217178345,-0.008913443423807621,0.5042927265167236,0.4692084491252899,-0.015758300200104713,0.49754565954208374,0.41815072298049927,-0.023447170853614807,0.4935428202152252,0.37615448236465454,-0.029608363285660744,0.5460652709007263,0.5539872646331787,-0.012943745590746403,0.5332416296005249,0.47591495513916016,-0.019151998683810234,0.5260123610496521,0.4301772713661194,-0.023663679137825966,0.5196822285652161,0.39306771755218506,-0.02747833915054798,0.5750846266746521,0.5683289766311646,-0.01957966946065426,0.5682744979858398,0.5084218382835388,-0.024724308401346207,0.5611143708229065,0.4729465842247009,-0.025614207610487938,0.5535198450088501,0.4433940052986145,-0.026287762448191643,B
0.0,0.0,0.0,0.0,0.0,0.0,0.0,0.0,0.0,0.0,0.0,0.0,0.0,0.0,0.0,0.0,0.0,0.0,0.0,0.0,0.0,0.0,0.0,0.0,0.0,0.0,0.0,0.0,0.0,0.0,0.0,0.0,0.0,0.0,0.0,0.0,0.0,0.0,0.0,0.0,0.0,0.0,0.0,0.0,0.0,0.0,0.0,0.0,0.0,0.0,0.0,0.0,0.0,0.0,0.0,0.0,0.0,0.0,0.0,0.0,0.0,0.0,0.0,0.5595225691795349,0.7493144273757935,2.827030982643919e-07,0.5091602206230164,0.7292345762252808,-0.019105173647403717,0.46256232261657715,0.6819127202033997,-0.02835792675614357,0.4278396964073181,0.6449589729309082,-0.03589817136526108,0.3983203172683716,0.6267482042312622,-0.042547423392534256,0.491471529006958,0.5672871470451355,-0.011000766418874264,0.47947102785110474,0.4944950342178345,-0.023446684703230858,0.4754408597946167,0.4500346779823303,-0.03550109267234802,0.4746692180633545,0.4125904440879822,-0.04393508657813072,0.5191764235496521,0.5535081624984741,-0.010934308171272278,0.5050795078277588,0.4708765745162964,-0.018749939277768135,0.49837765097618103,0.419846773147583,-0.026370570063591003,0.49444788694381714,0.3780463933944702,-0.032183438539505005,0.5469346046447754,0.5556820631027222,-0.014060433022677898,0.5345656275749207,0.4789018929004669,-0.021068667992949486,0.5277426242828369,0.4332548677921295,-0.025724632665514946,0.5218103528022766,0.3968188762664795,-0.029259130358695984,0.5756937265396118,0.5704564452171326,-0.01966777816414833,0.5691882371902466,0.5110836029052734,-0.025300662964582443,0.5623411536216736,0.47547727823257446,-0.026450414210557938,0.555295467376709,0.4462664723396301,-0.027039775624871254,B
0.0,0.0,0.0,0.0,0.0,0.0,0.0,0.0,0.0,0.0,0.0,0.0,0.0,0.0,0.0,0.0,0.0,0.0,0.0,0.0,0.0,0.0,0.0,0.0,0.0,0.0,0.0,0.0,0.0,0.0,0.0,0.0,0.0,0.0,0.0,0.0,0.0,0.0,0.0,0.0,0.0,0.0,0.0,0.0,0.0,0.0,0.0,0.0,0.0,0.0,0.0,0.0,0.0,0.0,0.0,0.0,0.0,0.0,0.0,0.0,0.0,0.0,0.0,0.5605186223983765,0.7490175366401672,2.805543033446156e-07,0.5105503797531128,0.7287737131118774,-0.01878209598362446,0.4632774889469147,0.6808334589004517,-0.027814824134111404,0.4286876618862152,0.6441771984100342,-0.03543514013290405,0.39961421489715576,0.6258596181869507,-0.04221680015325546,0.490926593542099,0.5656549334526062,-0.009859481826424599,0.4792492985725403,0.4926529824733734,-0.022270385175943375,0.4754648506641388,0.448141485452652,-0.03461223095655441,0.47464969754219055,0.4105648100376129,-0.04343334957957268,0.5184548497200012,0.5518726110458374,-0.010423735715448856,0.5046998262405396,0.4699830710887909,-0.01826600544154644,0.49845027923583984,0.4195488691329956,-0.026279153302311897,0.49479609727859497,0.3779287338256836,-0.032493047416210175,0.5465244650840759,0.5539758801460266,-0.01430386584252119,0.5343652367591858,0.47779208421707153,-0.021244265139102936,0.5275311470031738,0.43288958072662354,-0.026052244007587433,0.521368145942688,0.3963589668273926,-0.029951203614473343,0.5762985348701477,0.5689844489097595,-0.020734185352921486,0.5700011849403381,0.509786069393158,-0.026458296924829483,0.5629552602767944,0.4747020900249481,-0.027712108567357063,0.5553295612335205,0.4453505277633667,-0.028537685051560402,B
0.0,0.0,0.0,0.0,0.0,0.0,0.0,0.0,0.0,0.0,0.0,0.0,0.0,0.0,0.0,0.0,0.0,0.0,0.0,0.0,0.0,0.0,0.0,0.0,0.0,0.0,0.0,0.0,0.0,0.0,0.0,0.0,0.0,0.0,0.0,0.0,0.0,0.0,0.0,0.0,0.0,0.0,0.0,0.0,0.0,0.0,0.0,0.0,0.0,0.0,0.0,0.0,0.0,0.0,0.0,0.0,0.0,0.0,0.0,0.0,0.0,0.0,0.0,0.5627701878547668,0.7510427832603455,3.004396376127261e-07,0.5129398107528687,0.7290730476379395,-0.021847393363714218,0.46590906381607056,0.6808246374130249,-0.03233172371983528,0.4306228756904602,0.6434078812599182,-0.041000768542289734,0.399904727935791,0.6253417730331421,-0.04871472343802452,0.49282509088516235,0.565875232219696,-0.011900408193469048,0.4799645245075226,0.49190616607666016,-0.02581208199262619,0.47583717107772827,0.44625425338745117,-0.03928295150399208,0.4750957489013672,0.40783268213272095,-0.04879123345017433,0.5199235081672668,0.5509558320045471,-0.011448209173977375,0.5055030584335327,0.4688296914100647,-0.020493976771831512,0.498722106218338,0.41730672121047974,-0.02944435551762581,0.494655042886734,0.37488508224487305,-0.03618014231324196,0.5479145646095276,0.5525025129318237,-0.014678810723125935,0.5349149107933044,0.47571897506713867,-0.02295994758605957,0.527343213558197,0.42915472388267517,-0.028607681393623352,0.52045738697052,0.39101141691207886,-0.032924383878707886,0.5779788494110107,0.5674729943275452,-0.02073690854012966,0.5712456703186035,0.5086289644241333,-0.027660951018333435,0.5633606314659119,0.4734688401222229,-0.029575815424323082,0.5545209646224976,0.4436724781990051,-0.030777543783187866,B
0.0,0.0,0.0,0.0,0.0,0.0,0.0,0.0,0.0,0.0,0.0,0.0,0.0,0.0,0.0,0.0,0.0,0.0,0.0,0.0,0.0,0.0,0.0,0.0,0.0,0.0,0.0,0.0,0.0,0.0,0.0,0.0,0.0,0.0,0.0,0.0,0.0,0.0,0.0,0.0,0.0,0.0,0.0,0.0,0.0,0.0,0.0,0.0,0.0,0.0,0.0,0.0,0.0,0.0,0.0,0.0,0.0,0.0,0.0,0.0,0.0,0.0,0.0,0.5621005296707153,0.749413251876831,2.7877402430931397e-07,0.5137056112289429,0.7282121777534485,-0.019872406497597694,0.4668166935443878,0.6779868006706238,-0.028875060379505157,0.4326767921447754,0.641616702079773,-0.03643496334552765,0.40300869941711426,0.6231417059898376,-0.04316791146993637,0.49490585923194885,0.5624529719352722,-0.010008557699620724,0.4835815131664276,0.48912230134010315,-0.02271437644958496,0.47973111271858215,0.4447532594203949,-0.0353579968214035,0.4786401093006134,0.4071245789527893,-0.04453185573220253,0.5213683843612671,0.5493539571762085,-0.010379752144217491,0.5083516836166382,0.4672345519065857,-0.01851237379014492,0.5021510720252991,0.41708147525787354,-0.026659242808818817,0.4978507459163666,0.37576016783714294,-0.03285139426589012,0.5492742657661438,0.5523641109466553,-0.014317556284368038,0.5371794104576111,0.47526147961616516,-0.021907348185777664,0.5296767354011536,0.42889899015426636,-0.02706579864025116,0.5221443176269531,0.3900133967399597,-0.03119964897632599,0.5793956518173218,0.5688705444335938,-0.020958349108695984,0.5734997987747192,0.5102177858352661,-0.027749354019761086,0.5656635761260986,0.47522810101509094,-0.029674317687749863,0.5563728213310242,0.4451374411582947,-0.03096036985516548,B
0.0,0.0,0.0,0.0,0.0,0.0,0.0,0.0,0.0,0.0,0.0,0.0,0.0,0.0,0.0,0.0,0.0,0.0,0.0,0.0,0.0,0.0,0.0,0.0,0.0,0.0,0.0,0.0,0.0,0.0,0.0,0.0,0.0,0.0,0.0,0.0,0.0,0.0,0.0,0.0,0.0,0.0,0.0,0.0,0.0,0.0,0.0,0.0,0.0,0.0,0.0,0.0,0.0,0.0,0.0,0.0,0.0,0.0,0.0,0.0,0.0,0.0,0.0,0.5642925500869751,0.7482162714004517,2.7813058522951906e-07,0.5145499110221863,0.7274024486541748,-0.019426358863711357,0.4672074615955353,0.6761713027954102,-0.027889510616660118,0.4332241415977478,0.6395601630210876,-0.03501775115728378,0.40353184938430786,0.6230644583702087,-0.041484564542770386,0.49732035398483276,0.5619964003562927,-0.009513732977211475,0.48583245277404785,0.48912355303764343,-0.02288295514881611,0.4817606210708618,0.4436365067958832,-0.0361434705555439,0.48074284195899963,0.40526315569877625,-0.04556180164217949,0.5234514474868774,0.5484440922737122,-0.01018207985907793,0.510222315788269,0.46615955233573914,-0.01843988709151745,0.5034403204917908,0.41457194089889526,-0.026537826284766197,0.49899718165397644,0.37189191579818726,-0.03261328861117363,0.5511044859886169,0.5507579445838928,-0.014485299587249756,0.5385523438453674,0.4733527898788452,-0.021801074966788292,0.5305551290512085,0.42671722173690796,-0.026403086259961128,0.5230093598365784,0.3877664804458618,-0.03010532073676586,0.5811971426010132,0.5663512349128723,-0.02160065434873104,0.5743979811668396,0.5073040127754211,-0.027986492961645126,0.5660051107406616,0.47239065170288086,-0.029350770637392998,0.5564165711402893,0.4428415596485138,-0.03022056072950363,B
0.0,0.0,0.0,0.0,0.0,0.0,0.0,0.0,0.0,0.0,0.0,0.0,0.0,0.0,0.0,0.0,0.0,0.0,0.0,0.0,0.0,0.0,0.0,0.0,0.0,0.0,0.0,0.0,0.0,0.0,0.0,0.0,0.0,0.0,0.0,0.0,0.0,0.0,0.0,0.0,0.0,0.0,0.0,0.0,0.0,0.0,0.0,0.0,0.0,0.0,0.0,0.0,0.0,0.0,0.0,0.0,0.0,0.0,0.0,0.0,0.0,0.0,0.0,0.5651586651802063,0.747519850730896,2.7580796313486644e-07,0.5152848958969116,0.7266881465911865,-0.01945379748940468,0.46863630414009094,0.6757524013519287,-0.02802407369017601,0.43517422676086426,0.6393260955810547,-0.03532686457037926,0.40600085258483887,0.6221489310264587,-0.04189462959766388,0.49916061758995056,0.5613795518875122,-0.008931053802371025,0.4870859384536743,0.4883722960948944,-0.021829230710864067,0.4832543134689331,0.443367600440979,-0.03467671573162079,0.48269951343536377,0.40512290596961975,-0.04386984556913376,0.5249432921409607,0.5488460063934326,-0.00960596278309822,0.5113195776939392,0.4665204882621765,-0.017833469435572624,0.5049421191215515,0.4159448444843292,-0.025950586423277855,0.5011894702911377,0.37390971183776855,-0.03203921392560005,0.5522632002830505,0.5517533421516418,-0.013926172628998756,0.5398027300834656,0.4742523729801178,-0.021222438663244247,0.5319730043411255,0.42814940214157104,-0.02576356753706932,0.5248693823814392,0.38927552103996277,-0.029451418668031693,0.5821190476417542,0.5675830841064453,-0.021056268364191055,0.575655460357666,0.5080439448356628,-0.027205053716897964,0.5679185390472412,0.4729304015636444,-0.028459185734391212,0.5591990947723389,0.44262799620628357,-0.02931170165538788,B
0.0,0.0,0.0,0.0,0.0,0.0,0.0,0.0,0.0,0.0,0.0,0.0,0.0,0.0,0.0,0.0,0.0,0.0,0.0,0.0,0.0,0.0,0.0,0.0,0.0,0.0,0.0,0.0,0.0,0.0,0.0,0.0,0.0,0.0,0.0,0.0,0.0,0.0,0.0,0.0,0.0,0.0,0.0,0.0,0.0,0.0,0.0,0.0,0.0,0.0,0.0,0.0,0.0,0.0,0.0,0.0,0.0,0.0,0.0,0.0,0.0,0.0,0.0,0.5712987184524536,0.7404844164848328,3.026229080660414e-07,0.5214845538139343,0.7224264740943909,-0.02138572558760643,0.4738655984401703,0.6759085059165955,-0.031908828765153885,0.43943488597869873,0.63913893699646,-0.04056268185377121,0.4081229269504547,0.6238044500350952,-0.04860180243849754,0.5035887956619263,0.5626167058944702,-0.014415513724088669,0.49071773886680603,0.48874446749687195,-0.02834891900420189,0.4868173599243164,0.4432098865509033,-0.04145020246505737,0.4857064187526703,0.40483009815216064,-0.05056089162826538,0.5302220582962036,0.5490292906761169,-0.013929277658462524,0.5160900354385376,0.46733394265174866,-0.023433923721313477,0.5092598795890808,0.4166000485420227,-0.03230813890695572,0.505029022693634,0.37411588430404663,-0.038920238614082336,0.5575695633888245,0.5504065752029419,-0.016781290993094444,0.5452520847320557,0.4752506911754608,-0.025086523965001106,0.5373319387435913,0.42868518829345703,-0.03051985427737236,0.5302287936210632,0.39014071226119995,-0.03471298888325691,0.5866734981536865,0.5636252164840698,-0.022337893024086952,0.5796259045600891,0.5048129558563232,-0.02890106663107872,0.5720392465591431,0.469657301902771,-0.030425820499658585,0.5637078285217285,0.4394553005695343,-0.03146768733859062,B
0.0,0.0,0.0,0.0,0.0,0.0,0.0,0.0,0.0,0.0,0.0,0.0,0.0,0.0,0.0,0.0,0.0,0.0,0.0,0.0,0.0,0.0,0.0,0.0,0.0,0.0,0.0,0.0,0.0,0.0,0.0,0.0,0.0,0.0,0.0,0.0,0.0,0.0,0.0,0.0,0.0,0.0,0.0,0.0,0.0,0.0,0.0,0.0,0.0,0.0,0.0,0.0,0.0,0.0,0.0,0.0,0.0,0.0,0.0,0.0,0.0,0.0,0.0,0.5736549496650696,0.73583984375,2.9149964575481135e-07,0.5246030688285828,0.7181439995765686,-0.021594814956188202,0.47895973920822144,0.6715497970581055,-0.03313291072845459,0.4446887969970703,0.6342262029647827,-0.04324078932404518,0.4118342995643616,0.6206927299499512,-0.052885379642248154,0.5092073082923889,0.5596463084220886,-0.013371904380619526,0.4960216283798218,0.4880131781101227,-0.028159458190202713,0.49121513962745667,0.4433107078075409,-0.04237884283065796,0.4894656836986542,0.4045914113521576,-0.052497491240501404,0.5342965722084045,0.546322226524353,-0.013878322206437588,0.5206993222236633,0.4658547341823578,-0.02412443980574608,0.5137544274330139,0.416049599647522,-0.03374158963561058,0.5097609162330627,0.3732735812664032,-0.04095546901226044,0.5604783296585083,0.5482644438743591,-0.017879445105791092,0.5484955906867981,0.47341153025627136,-0.02672150544822216,0.540702223777771,0.4284517765045166,-0.031440090388059616,0.534170925617218,0.39033082127571106,-0.03513664752244949,0.5888625979423523,0.5625525712966919,-0.02479959838092327,0.5820356607437134,0.5043615102767944,-0.03129667788743973,0.574779212474823,0.4697641432285309,-0.03195034712553024,0.5669385194778442,0.439532995223999,-0.032407600432634354,B
0.0,0.0,0.0,0.0,0.0,0.0,0.0,0.0,0.0,0.0,0.0,0.0,0.0,0.0,0.0,0.0,0.0,0.0,0.0,0.0,0.0,0.0,0.0,0.0,0.0,0.0,0.0,0.0,0.0,0.0,0.0,0.0,0.0,0.0,0.0,0.0,0.0,0.0,0.0,0.0,0.0,0.0,0.0,0.0,0.0,0.0,0.0,0.0,0.0,0.0,0.0,0.0,0.0,0.0,0.0,0.0,0.0,0.0,0.0,0.0,0.0,0.0,0.0,0.5860585570335388,0.7303913831710815,2.7400082558415306e-07,0.5395447611808777,0.7091913223266602,-0.019970636814832687,0.4939256012439728,0.6618348360061646,-0.03076780028641224,0.45757922530174255,0.6266928911209106,-0.040095388889312744,0.42541763186454773,0.6139721274375916,-0.04882556200027466,0.5236849784851074,0.5529272556304932,-0.013058420270681381,0.5117829442024231,0.4801149070262909,-0.02642902545630932,0.5079753994941711,0.4360065460205078,-0.03919222205877304,0.5067208409309387,0.39873403310775757,-0.04813862591981888,0.5488823056221008,0.5407291650772095,-0.01290428638458252,0.5363794565200806,0.46157628297805786,-0.021752139553427696,0.5300289392471313,0.41299307346343994,-0.030048398301005363,0.5261897444725037,0.37211430072784424,-0.03633936867117882,0.5748999714851379,0.5428767204284668,-0.015837114304304123,0.5639916062355042,0.46877428889274597,-0.023075135424733162,0.5568332672119141,0.4243725538253784,-0.026929490268230438,0.5507579445838928,0.38820040225982666,-0.030023232102394104,0.6023445129394531,0.5564306378364563,-0.02142590470612049,0.5954806208610535,0.4982239305973053,-0.026608582586050034,0.5888448357582092,0.46351397037506104,-0.026736214756965637,0.5820419192314148,0.4344870150089264,-0.02670854888856411,B
0.0,0.0,0.0,0.0,0.0,0.0,0.0,0.0,0.0,0.0,0.0,0.0,0.0,0.0,0.0,0.0,0.0,0.0,0.0,0.0,0.0,0.0,0.0,0.0,0.0,0.0,0.0,0.0,0.0,0.0,0.0,0.0,0.0,0.0,0.0,0.0,0.0,0.0,0.0,0.0,0.0,0.0,0.0,0.0,0.0,0.0,0.0,0.0,0.0,0.0,0.0,0.0,0.0,0.0,0.0,0.0,0.0,0.0,0.0,0.0,0.0,0.0,0.0,0.593055009841919,0.7248020172119141,2.750329883838276e-07,0.5472802519798279,0.7053077220916748,-0.02148495800793171,0.5015460848808289,0.6569663286209106,-0.03245982527732849,0.46511274576187134,0.6207668781280518,-0.04161778837442398,0.43238767981529236,0.6080092191696167,-0.0499783493578434,0.5325812101364136,0.547751784324646,-0.013694708235561848,0.5202807784080505,0.4756656587123871,-0.026983393356204033,0.5164567232131958,0.4319145977497101,-0.0397084504365921,0.5153166055679321,0.39498430490493774,-0.04866653308272362,0.5563843846321106,0.5351284146308899,-0.012822744436562061,0.5440857410430908,0.4556654989719391,-0.02118523232638836,0.5378677248954773,0.40740281343460083,-0.028811907395720482,0.5342620611190796,0.36720171570777893,-0.03465312719345093,0.5812913775444031,0.5369589328765869,-0.015293000265955925,0.5705760717391968,0.4621858298778534,-0.02217590995132923,0.5641279816627502,0.4183081388473511,-0.02553919143974781,0.5588127374649048,0.3820500075817108,-0.028351176530122757,0.6077942252159119,0.5506743788719177,-0.020636694505810738,0.6010356545448303,0.49205413460731506,-0.025704456493258476,0.5952593088150024,0.45772141218185425,-0.025717712938785553,0.5894147157669067,0.4285142123699188,-0.025671863928437233,B
0.0,0.0,0.0,0.0,0.0,0.0,0.0,0.0,0.0,0.0,0.0,0.0,0.0,0.0,0.0,0.0,0.0,0.0,0.0,0.0,0.0,0.0,0.0,0.0,0.0,0.0,0.0,0.0,0.0,0.0,0.0,0.0,0.0,0.0,0.0,0.0,0.0,0.0,0.0,0.0,0.0,0.0,0.0,0.0,0.0,0.0,0.0,0.0,0.0,0.0,0.0,0.0,0.0,0.0,0.0,0.0,0.0,0.0,0.0,0.0,0.0,0.0,0.0,0.5932484865188599,0.7231534123420715,2.898312345678278e-07,0.5470502972602844,0.7010918259620667,-0.021431079134345055,0.5022045969963074,0.6533489227294922,-0.03286319971084595,0.4672582745552063,0.617306113243103,-0.042439378798007965,0.4373167157173157,0.6022226214408875,-0.05133911967277527,0.5350093841552734,0.5461366176605225,-0.015581224113702774,0.5248693823814392,0.47289884090423584,-0.029862994328141212,0.521685004234314,0.42839640378952026,-0.04308032616972923,0.5208723545074463,0.3908892273902893,-0.05228101462125778,0.5605417490005493,0.5342614650726318,-0.015132332220673561,0.5492828488349915,0.45349788665771484,-0.024992670863866806,0.5433688759803772,0.4036829173564911,-0.03376954421401024,0.5396679639816284,0.36214539408683777,-0.04025103151798248,0.5865232348442078,0.5366851091384888,-0.01790592633187771,0.57627934217453,0.46194976568222046,-0.026264190673828125,0.5691704154014587,0.4156399667263031,-0.031586773693561554,0.562869131565094,0.37760281562805176,-0.03561623767018318,0.6139124035835266,0.5509337782859802,-0.023354779928922653,0.6085947155952454,0.4922720491886139,-0.029841488227248192,0.6023437976837158,0.4571283757686615,-0.031293317675590515,0.5954418778419495,0.4271918535232544,-0.032178279012441635,B
0.0,0.0,0.0,0.0,0.0,0.0,0.0,0.0,0.0,0.0,0.0,0.0,0.0,0.0,0.0,0.0,0.0,0.0,0.0,0.0,0.0,0.0,0.0,0.0,0.0,0.0,0.0,0.0,0.0,0.0,0.0,0.0,0.0,0.0,0.0,0.0,0.0,0.0,0.0,0.0,0.0,0.0,0.0,0.0,0.0,0.0,0.0,0.0,0.0,0.0,0.0,0.0,0.0,0.0,0.0,0.0,0.0,0.0,0.0,0.0,0.0,0.0,0.0,0.5950589776039124,0.7221978306770325,2.971092669667996e-07,0.5489434003829956,0.7002132534980774,-0.018670745193958282,0.5048463344573975,0.6514015793800354,-0.029154902324080467,0.4713578522205353,0.6145269274711609,-0.03864350542426109,0.4404587745666504,0.6023014187812805,-0.04764971882104874,0.5367974042892456,0.5420354604721069,-0.010976363904774189,0.5270394682884216,0.46939119696617126,-0.023876646533608437,0.5250118970870972,0.42571505904197693,-0.03678616136312485,0.5253257155418396,0.3887929916381836,-0.046116895973682404,0.5616611242294312,0.5307365655899048,-0.012566165067255497,0.5513613224029541,0.44959622621536255,-0.02085261046886444,0.546231746673584,0.400184690952301,-0.029400097206234932,0.5430142879486084,0.35958951711654663,-0.035991113632917404,0.5874194502830505,0.534345805644989,-0.01733892783522606,0.5781304240226746,0.4576350748538971,-0.024260403588414192,0.5719088315963745,0.4122200608253479,-0.02887546643614769,0.5662071108818054,0.37493985891342163,-0.03283703699707985,0.6148035526275635,0.550486147403717,-0.024770719930529594,0.6106188893318176,0.49197059869766235,-0.03009294718503952,0.6050761938095093,0.45676660537719727,-0.03074304200708866,0.5987858772277832,0.4265648126602173,-0.03134432062506676,B
0.0,0.0,0.0,0.0,0.0,0.0,0.0,0.0,0.0,0.0,0.0,0.0,0.0,0.0,0.0,0.0,0.0,0.0,0.0,0.0,0.0,0.0,0.0,0.0,0.0,0.0,0.0,0.0,0.0,0.0,0.0,0.0,0.0,0.0,0.0,0.0,0.0,0.0,0.0,0.0,0.0,0.0,0.0,0.0,0.0,0.0,0.0,0.0,0.0,0.0,0.0,0.0,0.0,0.0,0.0,0.0,0.0,0.0,0.0,0.0,0.0,0.0,0.0,0.597798228263855,0.7221260070800781,2.87680819610614e-07,0.551399827003479,0.7004241943359375,-0.02023216150701046,0.5059736967086792,0.6513707637786865,-0.03051331825554371,0.47253891825675964,0.6136890649795532,-0.03896286338567734,0.44279512763023376,0.5991995930671692,-0.04670273885130882,0.538780152797699,0.5439122915267944,-0.01455889455974102,0.5287180542945862,0.4708714783191681,-0.02782551757991314,0.5261257290840149,0.42624878883361816,-0.04008439928293228,0.5262082815170288,0.389386385679245,-0.048664260655641556,0.5652417540550232,0.5315773487091064,-0.0144345136359334,0.5539991855621338,0.44948816299438477,-0.023381432518363,0.549024224281311,0.39865776896476746,-0.03146109730005264,0.546512246131897,0.3571054935455322,-0.03750605136156082,0.5916463136672974,0.5341066718101501,-0.017418114468455315,0.5813409090042114,0.45817333459854126,-0.02502714842557907,0.5750889182090759,0.41185474395751953,-0.030240118503570557,0.569571852684021,0.37434977293014526,-0.03432348370552063,0.619439423084259,0.5489345788955688,-0.02295280061662197,0.6145227551460266,0.4899969696998596,-0.028817513957619667,0.608379602432251,0.45473241806030273,-0.030274219810962677,0.6015554666519165,0.4250428080558777,-0.031284719705581665,B
0.0,0.0,0.0,0.0,0.0,0.0,0.0,0.0,0.0,0.0,0.0,0.0,0.0,0.0,0.0,0.0,0.0,0.0,0.0,0.0,0.0,0.0,0.0,0.0,0.0,0.0,0.0,0.0,0.0,0.0,0.0,0.0,0.0,0.0,0.0,0.0,0.0,0.0,0.0,0.0,0.0,0.0,0.0,0.0,0.0,0.0,0.0,0.0,0.0,0.0,0.0,0.0,0.0,0.0,0.0,0.0,0.0,0.0,0.0,0.0,0.0,0.0,0.0,0.5990934371948242,0.7238559722900391,2.9538597345890594e-07,0.5524733066558838,0.7026058435440063,-0.021579118445515633,0.5066529512405396,0.6529927253723145,-0.03196569159626961,0.4732969105243683,0.6151916980743408,-0.040290359407663345,0.44331467151641846,0.5997810959815979,-0.047843627631664276,0.5390214920043945,0.5449825525283813,-0.015201620757579803,0.5286299586296082,0.4719250798225403,-0.028767429292201996,0.5262921452522278,0.4273056387901306,-0.041290074586868286,0.5267406105995178,0.3900770843029022,-0.05008377507328987,0.5649235248565674,0.5322881937026978,-0.014560667797923088,0.5538875460624695,0.4501393437385559,-0.023585019633173943,0.5490278005599976,0.39929306507110596,-0.03181729465723038,0.5465995669364929,0.3574029803276062,-0.03802534192800522,0.5912817120552063,0.5347422957420349,-0.017233891412615776,0.5807747840881348,0.4584139585494995,-0.025091489776968956,0.5743751525878906,0.4120079278945923,-0.030457299202680588,0.5688533186912537,0.37403780221939087,-0.03467511758208275,0.6195306777954102,0.5498582124710083,-0.022621599957346916,0.6145308017730713,0.4907160699367523,-0.02888537012040615,0.6085149049758911,0.4553090035915375,-0.030616402626037598,0.6018824577331543,0.42505890130996704,-0.03184879943728447,B
0.0,0.0,0.0,0.0,0.0,0.0,0.0,0.0,0.0,0.0,0.0,0.0,0.0,0.0,0.0,0.0,0.0,0.0,0.0,0.0,0.0,0.0,0.0,0.0,0.0,0.0,0.0,0.0,0.0,0.0,0.0,0.0,0.0,0.0,0.0,0.0,0.0,0.0,0.0,0.0,0.0,0.0,0.0,0.0,0.0,0.0,0.0,0.0,0.0,0.0,0.0,0.0,0.0,0.0,0.0,0.0,0.0,0.0,0.0,0.0,0.0,0.0,0.0,0.5986000895500183,0.7232889533042908,2.9424430181279604e-07,0.5523108243942261,0.7023605108261108,-0.02065879851579666,0.5064600110054016,0.6531307697296143,-0.030858252197504044,0.47275659441947937,0.615932047367096,-0.039196427911520004,0.44278544187545776,0.6006731986999512,-0.04691096395254135,0.5384200811386108,0.5438124537467957,-0.014423643238842487,0.5286210775375366,0.4710666835308075,-0.027738645672798157,0.5264519453048706,0.42666012048721313,-0.040196020156145096,0.5268433690071106,0.3893257975578308,-0.04909934476017952,0.5646761059761047,0.5314123630523682,-0.014499207958579063,0.5540552735328674,0.4493260979652405,-0.02345137856900692,0.5494903922080994,0.3988281190395355,-0.0317724235355854,0.5469267964363098,0.3570025563240051,-0.038123857229948044,0.5913446545600891,0.5343713164329529,-0.017835333943367004,0.5809962749481201,0.45811694860458374,-0.02584102563560009,0.5747473835945129,0.4117608666419983,-0.03140651807188988,0.5690511465072632,0.37348175048828125,-0.03587128221988678,0.6196789741516113,0.5500354170799255,-0.023783667013049126,0.6148854494094849,0.49127042293548584,-0.03041568584740162,0.6091617941856384,0.4558790922164917,-0.032359424978494644,0.602790892124176,0.4254377484321594,-0.03380608931183815,B
0.0,0.0,0.0,0.0,0.0,0.0,0.0,0.0,0.0,0.0,0.0,0.0,0.0,0.0,0.0,0.0,0.0,0.0,0.0,0.0,0.0,0.0,0.0,0.0,0.0,0.0,0.0,0.0,0.0,0.0,0.0,0.0,0.0,0.0,0.0,0.0,0.0,0.0,0.0,0.0,0.0,0.0,0.0,0.0,0.0,0.0,0.0,0.0,0.0,0.0,0.0,0.0,0.0,0.0,0.0,0.0,0.0,0.0,0.0,0.0,0.0,0.0,0.0,0.5970598459243774,0.7212004661560059,2.9467227591339906e-07,0.5508226752281189,0.7001943588256836,-0.020313413813710213,0.5056139826774597,0.6517691612243652,-0.031071417033672333,0.471730500459671,0.6147357225418091,-0.039936184883117676,0.44168299436569214,0.5996384024620056,-0.0482364259660244,0.5375354886054993,0.5427325963973999,-0.015471129678189754,0.5283057689666748,0.47013571858406067,-0.028936689719557762,0.5265142321586609,0.4259487986564636,-0.04137246683239937,0.527286946773529,0.38850653171539307,-0.05027638003230095,0.5644916296005249,0.5308868885040283,-0.015639647841453552,0.5536354184150696,0.448876291513443,-0.02506507933139801,0.5489717721939087,0.39826500415802,-0.03360879421234131,0.5464040637016296,0.3560713827610016,-0.040123917162418365,0.5913535356521606,0.5344310402870178,-0.01884150132536888,0.5809600353240967,0.45834022760391235,-0.027407024055719376,0.5745647549629211,0.4114331007003784,-0.03330902010202408,0.568731427192688,0.3729255795478821,-0.03789485991001129,0.6195932626724243,0.5500772595405579,-0.02448432333767414,0.6146958470344543,0.4911237359046936,-0.03157329931855202,0.6088098287582397,0.455400288105011,-0.033741459250450134,0.6023863554000854,0.4246721565723419,-0.03526008501648903,B
0.0,0.0,0.0,0.0,0.0,0.0,0.0,0.0,0.0,0.0,0.0,0.0,0.0,0.0,0.0,0.0,0.0,0.0,0.0,0.0,0.0,0.0,0.0,0.0,0.0,0.0,0.0,0.0,0.0,0.0,0.0,0.0,0.0,0.0,0.0,0.0,0.0,0.0,0.0,0.0,0.0,0.0,0.0,0.0,0.0,0.0,0.0,0.0,0.0,0.0,0.0,0.0,0.0,0.0,0.0,0.0,0.0,0.0,0.0,0.0,0.0,0.0,0.0,0.597375214099884,0.7196604013442993,2.957469575903815e-07,0.5514010787010193,0.7002410888671875,-0.02192126214504242,0.5061889886856079,0.6527855396270752,-0.033255815505981445,0.47180283069610596,0.6152329444885254,-0.04241204261779785,0.4415266215801239,0.6002469658851624,-0.05095310136675835,0.5374324917793274,0.5438655614852905,-0.01719980686903,0.5279795527458191,0.4711494743824005,-0.031172558665275574,0.5256525278091431,0.42674359679222107,-0.04384453222155571,0.5260149240493774,0.3891846835613251,-0.052902523428201675,0.564149022102356,0.5311506390571594,-0.016627341508865356,0.5534899830818176,0.4490879476070404,-0.02653716690838337,0.5487725138664246,0.39820265769958496,-0.03530377522110939,0.5464127063751221,0.3558218479156494,-0.04197968170046806,0.590732753276825,0.5339484214782715,-0.019193999469280243,0.5806717872619629,0.457620233297348,-0.0282365083694458,0.5743303894996643,0.4108389616012573,-0.03444189205765724,0.5687706470489502,0.3726337254047394,-0.03917716071009636,0.6186755895614624,0.5490116477012634,-0.02433026023209095,0.6137955188751221,0.49010926485061646,-0.03191930428147316,0.6077642440795898,0.45452919602394104,-0.034522827714681625,0.6011313199996948,0.4242408573627472,-0.03630356118083,B
0.0,0.0,0.0,0.0,0.0,0.0,0.0,0.0,0.0,0.0,0.0,0.0,0.0,0.0,0.0,0.0,0.0,0.0,0.0,0.0,0.0,0.0,0.0,0.0,0.0,0.0,0.0,0.0,0.0,0.0,0.0,0.0,0.0,0.0,0.0,0.0,0.0,0.0,0.0,0.0,0.0,0.0,0.0,0.0,0.0,0.0,0.0,0.0,0.0,0.0,0.0,0.0,0.0,0.0,0.0,0.0,0.0,0.0,0.0,0.0,0.0,0.0,0.0,0.598122775554657,0.7211226224899292,2.868257524824003e-07,0.5519906282424927,0.7006258964538574,-0.0206367876380682,0.5064718723297119,0.6528673768043518,-0.03140641003847122,0.4720103144645691,0.6159400939941406,-0.04019222781062126,0.4420664608478546,0.6004666090011597,-0.048356447368860245,0.5379688739776611,0.5442042350769043,-0.016162114217877388,0.5287767648696899,0.47142577171325684,-0.029920998960733414,0.5263909101486206,0.4267919659614563,-0.04243846237659454,0.5265182256698608,0.38928818702697754,-0.05136844515800476,0.5645381212234497,0.5315467119216919,-0.01615835167467594,0.5539809465408325,0.4494083523750305,-0.025779487565159798,0.5490880608558655,0.3983047604560852,-0.03428531438112259,0.5462874174118042,0.3561050295829773,-0.04076413810253143,0.5910822749137878,0.5343142151832581,-0.019213810563087463,0.5812170505523682,0.4575307369232178,-0.027924319729208946,0.5751500129699707,0.4106220006942749,-0.033978987485170364,0.5695043206214905,0.37274664640426636,-0.038642849773168564,0.6189671158790588,0.5493749976158142,-0.024744868278503418,0.6141900420188904,0.49045830965042114,-0.032370295375585556,0.6080817580223083,0.4544870853424072,-0.035105254501104355,0.6011302471160889,0.42422208189964294,-0.03692697361111641,B
0.0,0.0,0.0,0.0,0.0,0.0,0.0,0.0,0.0,0.0,0.0,0.0,0.0,0.0,0.0,0.0,0.0,0.0,0.0,0.0,0.0,0.0,0.0,0.0,0.0,0.0,0.0,0.0,0.0,0.0,0.0,0.0,0.0,0.0,0.0,0.0,0.0,0.0,0.0,0.0,0.0,0.0,0.0,0.0,0.0,0.0,0.0,0.0,0.0,0.0,0.0,0.0,0.0,0.0,0.0,0.0,0.0,0.0,0.0,0.0,0.0,0.0,0.0,0.6051390171051025,0.7180765867233276,2.856823471120151e-07,0.5605869293212891,0.696124255657196,-0.022536123171448708,0.515609085559845,0.648627758026123,-0.03338243439793587,0.4811221659183502,0.6128556728363037,-0.041658397763967514,0.45241549611091614,0.5976536273956299,-0.04891790449619293,0.5468970537185669,0.5417658686637878,-0.01763448864221573,0.5357249975204468,0.46933725476264954,-0.031241390854120255,0.5322827696800232,0.4248349666595459,-0.04342358931899071,0.5316750407218933,0.3884907364845276,-0.051605187356472015,0.5718101859092712,0.5290871262550354,-0.015169761143624783,0.5599706172943115,0.44828978180885315,-0.024300891906023026,0.5541126132011414,0.397943913936615,-0.031695231795310974,0.5509065389633179,0.35706886649131775,-0.036939192563295364,0.5972676277160645,0.5309334993362427,-0.01583174616098404,0.5862781405448914,0.4562511742115021,-0.023565907031297684,0.5794679522514343,0.4097954034805298,-0.028323374688625336,0.5739714503288269,0.37301287055015564,-0.03166600689291954,0.6241493821144104,0.5447676181793213,-0.019181298092007637,0.6193423271179199,0.4861135482788086,-0.02506318874657154,0.6135479211807251,0.4516738951206207,-0.026454664766788483,0.607377827167511,0.4233500361442566,-0.027099428698420525,B
0.0,0.0,0.0,0.0,0.0,0.0,0.0,0.0,0.0,0.0,0.0,0.0,0.0,0.0,0.0,0.0,0.0,0.0,0.0,0.0,0.0,0.0,0.0,0.0,0.0,0.0,0.0,0.0,0.0,0.0,0.0,0.0,0.0,0.0,0.0,0.0,0.0,0.0,0.0,0.0,0.0,0.0,0.0,0.0,0.0,0.0,0.0,0.0,0.0,0.0,0.0,0.0,0.0,0.0,0.0,0.0,0.0,0.0,0.0,0.0,0.0,0.0,0.0,0.6101610064506531,0.7116116881370544,2.923351019035181e-07,0.5651536583900452,0.6923643350601196,-0.023097103461623192,0.5207164287567139,0.6456947922706604,-0.03484722599387169,0.4857862591743469,0.6103229522705078,-0.04355008527636528,0.45693087577819824,0.5950878858566284,-0.05119955912232399,0.554127037525177,0.5412501692771912,-0.022581331431865692,0.5430768728256226,0.4665323793888092,-0.03712090849876404,0.5391592979431152,0.42028218507766724,-0.04885498061776161,0.5383776426315308,0.38334524631500244,-0.05628405883908272,0.5787734985351562,0.5296064615249634,-0.018895715475082397,0.5659559965133667,0.44851088523864746,-0.02919190004467964,0.5595449805259705,0.39763420820236206,-0.035735007375478745,0.5561677813529968,0.35625556111335754,-0.04003487527370453,0.6032691597938538,0.5310527682304382,-0.017946764826774597,0.5920137763023376,0.456662118434906,-0.026150692254304886,0.5850299000740051,0.4098472595214844,-0.030205830931663513,0.5795777440071106,0.37239617109298706,-0.03266272321343422,0.628771185874939,0.5433259606361389,-0.019541701301932335,0.623619556427002,0.4844042956829071,-0.02572951652109623,0.6178416609764099,0.449123740196228,-0.02705376222729683,0.6116021275520325,0.41990262269973755,-0.02730962075293064,B
0.0,0.0,0.0,0.0,0.0,0.0,0.0,0.0,0.0,0.0,0.0,0.0,0.0,0.0,0.0,0.0,0.0,0.0,0.0,0.0,0.0,0.0,0.0,0.0,0.0,0.0,0.0,0.0,0.0,0.0,0.0,0.0,0.0,0.0,0.0,0.0,0.0,0.0,0.0,0.0,0.0,0.0,0.0,0.0,0.0,0.0,0.0,0.0,0.0,0.0,0.0,0.0,0.0,0.0,0.0,0.0,0.0,0.0,0.0,0.0,0.0,0.0,0.0,0.6195954084396362,0.7051634192466736,2.9321995498321485e-07,0.5745026469230652,0.686610758304596,-0.023765360936522484,0.5299036502838135,0.6424089074134827,-0.035885851830244064,0.4952855408191681,0.6079916954040527,-0.04528549313545227,0.4654921889305115,0.5932273864746094,-0.053633853793144226,0.5607162714004517,0.5345883965492249,-0.019192039966583252,0.5493131279945374,0.4633096158504486,-0.03294282406568527,0.5454821586608887,0.4192761182785034,-0.045339856296777725,0.5442761182785034,0.3832413852214813,-0.053714629262685776,0.5843116641044617,0.5216888189315796,-0.016225362196564674,0.5727366805076599,0.44320008158683777,-0.025173688307404518,0.5665562152862549,0.39432957768440247,-0.032325226813554764,0.5632736682891846,0.3545539975166321,-0.037547871470451355,0.6083745360374451,0.5234460234642029,-0.016372445970773697,0.5981282591819763,0.45020079612731934,-0.023525843396782875,0.591920018196106,0.4061111807823181,-0.02722400799393654,0.5870305895805359,0.3705460727214813,-0.029988134279847145,0.6335431337356567,0.5372539758682251,-0.019397081807255745,0.6283897161483765,0.4804195463657379,-0.024695537984371185,0.6229547262191772,0.4470899701118469,-0.02530842460691929,0.6175019145011902,0.4191981554031372,-0.025430792942643166,B
0.0,0.0,0.0,0.0,0.0,0.0,0.0,0.0,0.0,0.0,0.0,0.0,0.0,0.0,0.0,0.0,0.0,0.0,0.0,0.0,0.0,0.0,0.0,0.0,0.0,0.0,0.0,0.0,0.0,0.0,0.0,0.0,0.0,0.0,0.0,0.0,0.0,0.0,0.0,0.0,0.0,0.0,0.0,0.0,0.0,0.0,0.0,0.0,0.0,0.0,0.0,0.0,0.0,0.0,0.0,0.0,0.0,0.0,0.0,0.0,0.0,0.0,0.0,0.6257979869842529,0.7014884948730469,2.8326564915914787e-07,0.5824939608573914,0.6818069219589233,-0.022321658208966255,0.5394333004951477,0.6356093883514404,-0.03388962894678116,0.5063085556030273,0.5997276306152344,-0.043213531374931335,0.47677600383758545,0.5852320194244385,-0.05167175829410553,0.5712608695030212,0.5303043127059937,-0.017192093655467033,0.562113881111145,0.458435595035553,-0.03067561611533165,0.559249222278595,0.41534483432769775,-0.042803991585969925,0.558738648891449,0.37997257709503174,-0.051167625933885574,0.5950363874435425,0.5191158056259155,-0.01561603881418705,0.5848771929740906,0.4394240975379944,-0.025133291259407997,0.5798677206039429,0.39099249243736267,-0.032913144677877426,0.5771310925483704,0.3518122434616089,-0.03853490948677063,0.6189582943916321,0.5214464664459229,-0.017208896577358246,0.6097705960273743,0.44637566804885864,-0.0256304070353508,0.6041755080223083,0.4017511010169983,-0.030584540218114853,0.5994868874549866,0.3661006689071655,-0.034044716507196426,0.644139289855957,0.5348491072654724,-0.021473495289683342,0.6394640207290649,0.4764074683189392,-0.028089890256524086,0.6342524290084839,0.4419521987438202,-0.02984418161213398,0.6286529302597046,0.4131371080875397,-0.03078160621225834,B
0.0,0.0,0.0,0.0,0.0,0.0,0.0,0.0,0.0,0.0,0.0,0.0,0.0,0.0,0.0,0.0,0.0,0.0,0.0,0.0,0.0,0.0,0.0,0.0,0.0,0.0,0.0,0.0,0.0,0.0,0.0,0.0,0.0,0.0,0.0,0.0,0.0,0.0,0.0,0.0,0.0,0.0,0.0,0.0,0.0,0.0,0.0,0.0,0.0,0.0,0.0,0.0,0.0,0.0,0.0,0.0,0.0,0.0,0.0,0.0,0.0,0.0,0.0,0.6281068325042725,0.7023385167121887,2.9660395739483647e-07,0.585529088973999,0.6814112067222595,-0.023714857175946236,0.5427464246749878,0.6346155405044556,-0.03591173514723778,0.5099673867225647,0.598357081413269,-0.045497260987758636,0.48051580786705017,0.5813238620758057,-0.05416935309767723,0.574313223361969,0.5315968990325928,-0.019926032051444054,0.5648104548454285,0.45945775508880615,-0.03472194820642471,0.5621970295906067,0.4156360626220703,-0.04749799892306328,0.5623726844787598,0.3796083331108093,-0.05609184876084328,0.5989109873771667,0.5193162560462952,-0.01786610297858715,0.5891686081886292,0.4384760558605194,-0.028046654537320137,0.5843166708946228,0.3886234164237976,-0.036159150302410126,0.581853985786438,0.34845656156539917,-0.0419900007545948,0.6237366199493408,0.521317720413208,-0.019032912328839302,0.6147802472114563,0.44682902097702026,-0.02767658419907093,0.6086992621421814,0.4009578227996826,-0.03277452662587166,0.6035393476486206,0.36426296830177307,-0.03648678958415985,0.6499298810958862,0.5355256199836731,-0.022985311225056648,0.6464266180992126,0.4774600565433502,-0.02947617881000042,0.6413916349411011,0.44324982166290283,-0.03105410374701023,0.6354864835739136,0.41473037004470825,-0.03198067843914032,B
0.0,0.0,0.0,0.0,0.0,0.0,0.0,0.0,0.0,0.0,0.0,0.0,0.0,0.0,0.0,0.0,0.0,0.0,0.0,0.0,0.0,0.0,0.0,0.0,0.0,0.0,0.0,0.0,0.0,0.0,0.0,0.0,0.0,0.0,0.0,0.0,0.0,0.0,0.0,0.0,0.0,0.0,0.0,0.0,0.0,0.0,0.0,0.0,0.0,0.0,0.0,0.0,0.0,0.0,0.0,0.0,0.0,0.0,0.0,0.0,0.0,0.0,0.0,0.6288279294967651,0.69889897108078,2.852868874470005e-07,0.5856707692146301,0.6783380508422852,-0.02150760591030121,0.5439920425415039,0.6318491697311401,-0.033032290637493134,0.5114710330963135,0.5955044627189636,-0.04206784442067146,0.48201143741607666,0.5805279612541199,-0.05023811757564545,0.5764327645301819,0.5271022319793701,-0.018435489386320114,0.5677114129066467,0.45443838834762573,-0.03130429983139038,0.5651894211769104,0.41125160455703735,-0.042405497282743454,0.5656262636184692,0.37643975019454956,-0.04994133487343788,0.6018021106719971,0.5168781876564026,-0.0165850967168808,0.5913352370262146,0.43608272075653076,-0.025732921436429024,0.5865689516067505,0.38689953088760376,-0.03302712365984917,0.5843796730041504,0.34780633449554443,-0.038310930132865906,0.6262412071228027,0.5203721523284912,-0.017528723925352097,0.6165679097175598,0.4452899396419525,-0.02580767497420311,0.610625147819519,0.39995014667510986,-0.031209178268909454,0.605562686920166,0.3645140528678894,-0.034954983741045,0.651598334312439,0.5345476269721985,-0.02084166556596756,0.6473316550254822,0.47587069869041443,-0.027438892051577568,0.6420153379440308,0.44168397784233093,-0.02953299880027771,0.6358681321144104,0.41414332389831543,-0.030674058943986893,B
0.0,0.0,0.0,0.0,0.0,0.0,0.0,0.0,0.0,0.0,0.0,0.0,0.0,0.0,0.0,0.0,0.0,0.0,0.0,0.0,0.0,0.0,0.0,0.0,0.0,0.0,0.0,0.0,0.0,0.0,0.0,0.0,0.0,0.0,0.0,0.0,0.0,0.0,0.0,0.0,0.0,0.0,0.0,0.0,0.0,0.0,0.0,0.0,0.0,0.0,0.0,0.0,0.0,0.0,0.0,0.0,0.0,0.0,0.0,0.0,0.0,0.0,0.0,0.6294457912445068,0.7009488940238953,2.9348888119784533e-07,0.586035966873169,0.678900957107544,-0.022843286395072937,0.5437718629837036,0.6325039863586426,-0.03433714061975479,0.511623740196228,0.5955989956855774,-0.04325462132692337,0.4826091527938843,0.5783758759498596,-0.05127067491412163,0.5755918622016907,0.5283992886543274,-0.01803842931985855,0.5672128200531006,0.45660609006881714,-0.031322918832302094,0.5652947425842285,0.4137175679206848,-0.043098654597997665,0.5659515261650085,0.3784416913986206,-0.05129757523536682,0.601187527179718,0.5163097977638245,-0.015960069373250008,0.5918529033660889,0.43556636571884155,-0.025351904332637787,0.5876290202140808,0.38644617795944214,-0.03345674276351929,0.5852680206298828,0.34688133001327515,-0.0395023487508297,0.6262611746788025,0.5189259052276611,-0.016996772959828377,0.6171993017196655,0.4443868398666382,-0.025316867977380753,0.611619234085083,0.398780882358551,-0.031347233802080154,0.6064183115959167,0.36249101161956787,-0.03586248680949211,0.6524344086647034,0.5336006283760071,-0.020621677860617638,0.6487820148468018,0.4760756194591522,-0.02724076621234417,0.643535852432251,0.4418768584728241,-0.029745610430836678,0.6373201608657837,0.4133549928665161,-0.0314570814371109,B
0.0,0.0,0.0,0.0,0.0,0.0,0.0,0.0,0.0,0.0,0.0,0.0,0.0,0.0,0.0,0.0,0.0,0.0,0.0,0.0,0.0,0.0,0.0,0.0,0.0,0.0,0.0,0.0,0.0,0.0,0.0,0.0,0.0,0.0,0.0,0.0,0.0,0.0,0.0,0.0,0.0,0.0,0.0,0.0,0.0,0.0,0.0,0.0,0.0,0.0,0.0,0.0,0.0,0.0,0.0,0.0,0.0,0.0,0.0,0.0,0.0,0.0,0.0,0.629379153251648,0.7004908323287964,2.830295500189095e-07,0.5863157510757446,0.6787273287773132,-0.022573156282305717,0.5439978241920471,0.6326152682304382,-0.034409426152706146,0.5115237236022949,0.5955128073692322,-0.043691422790288925,0.4820958077907562,0.5788095593452454,-0.052199460566043854,0.5764058828353882,0.5297411680221558,-0.01930195279419422,0.5680688619613647,0.4578944444656372,-0.032811179757118225,0.5659701824188232,0.4150933623313904,-0.04465001821517944,0.5662577748298645,0.37971264123916626,-0.05299215391278267,0.6020954847335815,0.5173190236091614,-0.01751573197543621,0.5927532315254211,0.4364900588989258,-0.02724112570285797,0.5882533192634583,0.387359619140625,-0.035664599388837814,0.5853331089019775,0.3474884033203125,-0.042060669511556625,0.6270548701286316,0.5195865035057068,-0.01865534856915474,0.6177499890327454,0.44473981857299805,-0.027335572987794876,0.6119451522827148,0.39919763803482056,-0.0337848961353302,0.6062396764755249,0.362887978553772,-0.03869045525789261,0.6530178189277649,0.53397136926651,-0.022268688306212425,0.6492863297462463,0.47645384073257446,-0.02939135767519474,0.6439641714096069,0.44225600361824036,-0.032371263951063156,0.6374226212501526,0.41390126943588257,-0.03447405621409416,B
0.0,0.0,0.0,0.0,0.0,0.0,0.0,0.0,0.0,0.0,0.0,0.0,0.0,0.0,0.0,0.0,0.0,0.0,0.0,0.0,0.0,0.0,0.0,0.0,0.0,0.0,0.0,0.0,0.0,0.0,0.0,0.0,0.0,0.0,0.0,0.0,0.0,0.0,0.0,0.0,0.0,0.0,0.0,0.0,0.0,0.0,0.0,0.0,0.0,0.0,0.0,0.0,0.0,0.0,0.0,0.0,0.0,0.0,0.0,0.0,0.0,0.0,0.0,0.6296148300170898,0.7003848552703857,2.964623604384542e-07,0.5860848426818848,0.6794583797454834,-0.023618733510375023,0.5439889430999756,0.6331419944763184,-0.035578735172748566,0.5118381381034851,0.5959503650665283,-0.044907309114933014,0.4822753071784973,0.5790818333625793,-0.053441401571035385,0.5756533741950989,0.52922523021698,-0.01889420486986637,0.5675963759422302,0.4578991234302521,-0.03257474675774574,0.5657410025596619,0.41529589891433716,-0.04478830099105835,0.5661114454269409,0.37982475757598877,-0.053476426750421524,0.6009764671325684,0.5168056488037109,-0.01683957129716873,0.592166006565094,0.4362569749355316,-0.026602711528539658,0.5879530906677246,0.38713008165359497,-0.035312823951244354,0.5852957367897034,0.3471897840499878,-0.041962649673223495,0.6259636878967285,0.5194801092147827,-0.017960648983716965,0.6170448064804077,0.4447272717952728,-0.02679494209587574,0.6115648150444031,0.3992885947227478,-0.03342104330658913,0.6062436103820801,0.3629210293292999,-0.03851743042469025,0.6523056030273438,0.5344865918159485,-0.021716147661209106,0.6490124464035034,0.4774688482284546,-0.029072720557451248,0.6437233686447144,0.4434090256690979,-0.032208673655986786,0.637298583984375,0.41474974155426025,-0.03449089452624321,B
0.0,0.0,0.0,0.0,0.0,0.0,0.0,0.0,0.0,0.0,0.0,0.0,0.0,0.0,0.0,0.0,0.0,0.0,0.0,0.0,0.0,0.0,0.0,0.0,0.0,0.0,0.0,0.0,0.0,0.0,0.0,0.0,0.0,0.0,0.0,0.0,0.0,0.0,0.0,0.0,0.0,0.0,0.0,0.0,0.0,0.0,0.0,0.0,0.0,0.0,0.0,0.0,0.0,0.0,0.0,0.0,0.0,0.0,0.0,0.0,0.0,0.0,0.0,0.6307439208030701,0.7001521587371826,2.964645204883709e-07,0.5874476432800293,0.6793224811553955,-0.02261921390891075,0.5450272560119629,0.6325286626815796,-0.03454022854566574,0.5126205682754517,0.5951801538467407,-0.044261056929826736,0.48267680406570435,0.5784560441970825,-0.05342338606715202,0.5759930610656738,0.5300487279891968,-0.01850137859582901,0.5675429701805115,0.4588829278945923,-0.033136915415525436,0.565771758556366,0.41563886404037476,-0.046074725687503815,0.5665528774261475,0.379210501909256,-0.0552545040845871,0.601158618927002,0.5177021622657776,-0.01782095432281494,0.5922675132751465,0.4368242919445038,-0.028470909222960472,0.588411808013916,0.3870922923088074,-0.03778095543384552,0.58627849817276,0.3462027311325073,-0.04483523592352867,0.6263411641120911,0.5203219652175903,-0.020320560783147812,0.6176537871360779,0.44435256719589233,-0.030085211619734764,0.612301230430603,0.3986135423183441,-0.03683290630578995,0.6071683168411255,0.3618708848953247,-0.04193352162837982,0.6532021760940552,0.5354586839675903,-0.02539624087512493,0.6498984694480896,0.47738000750541687,-0.033484335988759995,0.6448885798454285,0.4424803853034973,-0.036626409739255905,0.6387244462966919,0.4133675694465637,-0.03887004777789116,B
0.0,0.0,0.0,0.0,0.0,0.0,0.0,0.0,0.0,0.0,0.0,0.0,0.0,0.0,0.0,0.0,0.0,0.0,0.0,0.0,0.0,0.0,0.0,0.0,0.0,0.0,0.0,0.0,0.0,0.0,0.0,0.0,0.0,0.0,0.0,0.0,0.0,0.0,0.0,0.0,0.0,0.0,0.0,0.0,0.0,0.0,0.0,0.0,0.0,0.0,0.0,0.0,0.0,0.0,0.0,0.0,0.0,0.0,0.0,0.0,0.0,0.0,0.0,0.6322059631347656,0.7008751630783081,2.9523172884182713e-07,0.5883657336235046,0.6807774901390076,-0.022983906790614128,0.5454834699630737,0.6338101029396057,-0.03505420312285423,0.5131477117538452,0.5951220393180847,-0.04462167248129845,0.48288846015930176,0.5781435370445251,-0.053493957966566086,0.5776041150093079,0.531819224357605,-0.020344488322734833,0.5683091878890991,0.45926138758659363,-0.034956395626068115,0.565730631351471,0.4154875874519348,-0.047331150621175766,0.5660285949707031,0.3794824182987213,-0.05589089170098305,0.6030715107917786,0.5192192792892456,-0.018964381888508797,0.5932565331459045,0.437578022480011,-0.029570959508419037,0.5889731645584106,0.38766467571258545,-0.038147587329149246,0.5868398547172546,0.3473483920097351,-0.044503677636384964,0.6284396052360535,0.5212059020996094,-0.020618341863155365,0.6189900040626526,0.4451867341995239,-0.03003331460058689,0.613560140132904,0.3993608355522156,-0.036025241017341614,0.608632504940033,0.3631649613380432,-0.04051905497908592,0.6551320552825928,0.5353846549987793,-0.02483694814145565,0.6513782143592834,0.47734808921813965,-0.03245916962623596,0.6463296413421631,0.4427081346511841,-0.035142309963703156,0.6402204632759094,0.41435495018959045,-0.0369492843747139,B
0.0,0.0,0.0,0.0,0.0,0.0,0.0,0.0,0.0,0.0,0.0,0.0,0.0,0.0,0.0,0.0,0.0,0.0,0.0,0.0,0.0,0.0,0.0,0.0,0.0,0.0,0.0,0.0,0.0,0.0,0.0,0.0,0.0,0.0,0.0,0.0,0.0,0.0,0.0,0.0,0.0,0.0,0.0,0.0,0.0,0.0,0.0,0.0,0.0,0.0,0.0,0.0,0.0,0.0,0.0,0.0,0.0,0.0,0.0,0.0,0.0,0.0,0.0,0.6322893500328064,0.7003155946731567,3.0034715337023954e-07,0.5884336233139038,0.6790351867675781,-0.022883065044879913,0.5461404323577881,0.6330109238624573,-0.035218607634305954,0.5141468644142151,0.595341145992279,-0.045235149562358856,0.48410671949386597,0.5777667760848999,-0.054507531225681305,0.5778409838676453,0.5300511717796326,-0.019188961014151573,0.5684675574302673,0.4575841426849365,-0.03383060172200203,0.5661695599555969,0.4140096604824066,-0.04650428146123886,0.5667316317558289,0.377928763628006,-0.055309005081653595,0.6030694246292114,0.518104612827301,-0.018144631758332253,0.5933274030685425,0.4370215833187103,-0.02865874394774437,0.5893909931182861,0.38750433921813965,-0.03751601651310921,0.5874649286270142,0.3470603823661804,-0.04414916783571243,0.6282738447189331,0.5207738280296326,-0.020251061767339706,0.6193716526031494,0.44522494077682495,-0.029538504779338837,0.6141456961631775,0.399990975856781,-0.035649802535772324,0.6091520190238953,0.3636523485183716,-0.04029286652803421,0.6551927328109741,0.5355772972106934,-0.02498062700033188,0.6515535712242126,0.47795015573501587,-0.032496944069862366,0.6463364958763123,0.4436604380607605,-0.03512433171272278,0.639873743057251,0.415115624666214,-0.0369337797164917,B
0.0,0.0,0.0,0.0,0.0,0.0,0.0,0.0,0.0,0.0,0.0,0.0,0.0,0.0,0.0,0.0,0.0,0.0,0.0,0.0,0.0,0.0,0.0,0.0,0.0,0.0,0.0,0.0,0.0,0.0,0.0,0.0,0.0,0.0,0.0,0.0,0.0,0.0,0.0,0.0,0.0,0.0,0.0,0.0,0.0,0.0,0.0,0.0,0.0,0.0,0.0,0.0,0.0,0.0,0.0,0.0,0.0,0.0,0.0,0.0,0.0,0.0,0.0,0.6319343447685242,0.7004848122596741,2.9275855695232167e-07,0.5886846780776978,0.679789662361145,-0.02262723818421364,0.5465224981307983,0.6325765252113342,-0.03397328034043312,0.5147101879119873,0.5949832797050476,-0.04305204004049301,0.4847338795661926,0.5787229537963867,-0.05147683247923851,0.5779614448547363,0.5283966064453125,-0.017116360366344452,0.5695168375968933,0.4574335217475891,-0.030924052000045776,0.5674433708190918,0.41422125697135925,-0.043434884399175644,0.5679224729537964,0.3782075047492981,-0.052378203719854355,0.6032009124755859,0.516025722026825,-0.016074862331151962,0.5940414071083069,0.4356399178504944,-0.02591746300458908,0.5900458097457886,0.38616234064102173,-0.03496469929814339,0.587978184223175,0.3455374836921692,-0.04182698577642441,0.6285254955291748,0.5188721418380737,-0.01823331043124199,0.6199266910552979,0.4437371790409088,-0.02717364765703678,0.6146386861801147,0.39795681834220886,-0.033572807908058167,0.6097627282142639,0.36088937520980835,-0.038530271500349045,0.6554511189460754,0.534318208694458,-0.023015465587377548,0.6521493792533875,0.4774543046951294,-0.030492225661873817,0.6470839977264404,0.44301509857177734,-0.03326239809393883,0.6410679817199707,0.41387367248535156,-0.03525431081652641,B
0.0,0.0,0.0,0.0,0.0,0.0,0.0,0.0,0.0,0.0,0.0,0.0,0.0,0.0,0.0,0.0,0.0,0.0,0.0,0.0,0.0,0.0,0.0,0.0,0.0,0.0,0.0,0.0,0.0,0.0,0.0,0.0,0.0,0.0,0.0,0.0,0.0,0.0,0.0,0.0,0.0,0.0,0.0,0.0,0.0,0.0,0.0,0.0,0.0,0.0,0.0,0.0,0.0,0.0,0.0,0.0,0.0,0.0,0.0,0.0,0.0,0.0,0.0,0.6326379776000977,0.7014979124069214,3.0351247914950363e-07,0.5889102220535278,0.6805527210235596,-0.023923728615045547,0.5465981364250183,0.6332364082336426,-0.035614680498838425,0.5143781900405884,0.595203697681427,-0.0447024405002594,0.48408156633377075,0.5782808065414429,-0.052942872047424316,0.5783600211143494,0.5285091400146484,-0.017649689689278603,0.5701509714126587,0.4572440981864929,-0.031188132241368294,0.5681557059288025,0.41433894634246826,-0.04344433918595314,0.5685882568359375,0.3786424994468689,-0.05219178646802902,0.6037405729293823,0.5158426761627197,-0.01558984536677599,0.5950236916542053,0.4351069927215576,-0.02519429475069046,0.5908085107803345,0.3857753276824951,-0.0339612141251564,0.5882940292358398,0.3456851541996002,-0.04058316722512245,0.6291235685348511,0.5186128616333008,-0.016829505562782288,0.6204045414924622,0.4435224235057831,-0.02548038773238659,0.61481773853302,0.3981688320636749,-0.03164833039045334,0.609527587890625,0.3616218566894531,-0.03641779348254204,0.6559283137321472,0.5341714024543762,-0.020800484344363213,0.65275639295578,0.4774472713470459,-0.02785523235797882,0.6476120352745056,0.44348669052124023,-0.03043312206864357,0.641567051410675,0.4148579239845276,-0.032280389219522476,B
0.0,0.0,0.0,0.0,0.0,0.0,0.0,0.0,0.0,0.0,0.0,0.0,0.0,0.0,0.0,0.0,0.0,0.0,0.0,0.0,0.0,0.0,0.0,0.0,0.0,0.0,0.0,0.0,0.0,0.0,0.0,0.0,0.0,0.0,0.0,0.0,0.0,0.0,0.0,0.0,0.0,0.0,0.0,0.0,0.0,0.0,0.0,0.0,0.0,0.0,0.0,0.0,0.0,0.0,0.0,0.0,0.0,0.0,0.0,0.0,0.0,0.0,0.0,0.6335523128509521,0.7010077238082886,2.997949195560068e-07,0.5902003645896912,0.6796684861183167,-0.023564813658595085,0.5477617979049683,0.6326006650924683,-0.03563131392002106,0.515353262424469,0.5949404239654541,-0.04516536742448807,0.4849661886692047,0.5777059197425842,-0.05394972860813141,0.5788084268569946,0.5290293097496033,-0.0193256177008152,0.5698733329772949,0.45706236362457275,-0.033657319843769073,0.5675980448722839,0.4137568771839142,-0.0462212972342968,0.5680466294288635,0.37778374552726746,-0.05504744499921799,0.6040317416191101,0.5165220499038696,-0.017656270414590836,0.5947414636611938,0.4353887736797333,-0.02787967212498188,0.5906984806060791,0.38545119762420654,-0.03682119771838188,0.5886558294296265,0.34469878673553467,-0.04356640949845314,0.6293421983718872,0.519084095954895,-0.019158659502863884,0.6203717589378357,0.4436606466770172,-0.028229838237166405,0.614916980266571,0.39774149656295776,-0.03467594087123871,0.6099250316619873,0.360737144947052,-0.03964803367853165,0.6563881635665894,0.5341855883598328,-0.023314282298088074,0.653071939945221,0.47698816657066345,-0.03061361238360405,0.6480676531791687,0.44288474321365356,-0.033376194536685944,0.6421111226081848,0.4144003689289093,-0.035370539873838425,B
0.0,0.0,0.0,0.0,0.0,0.0,0.0,0.0,0.0,0.0,0.0,0.0,0.0,0.0,0.0,0.0,0.0,0.0,0.0,0.0,0.0,0.0,0.0,0.0,0.0,0.0,0.0,0.0,0.0,0.0,0.0,0.0,0.0,0.0,0.0,0.0,0.0,0.0,0.0,0.0,0.0,0.0,0.0,0.0,0.0,0.0,0.0,0.0,0.0,0.0,0.0,0.0,0.0,0.0,0.0,0.0,0.0,0.0,0.0,0.0,0.0,0.0,0.0,0.6337843537330627,0.6993513703346252,3.0269455919551547e-07,0.5905529856681824,0.6803109049797058,-0.025087159126996994,0.5481778383255005,0.633565366268158,-0.03767041116952896,0.5154248476028442,0.5949884653091431,-0.047423381358385086,0.4846773147583008,0.577751636505127,-0.056405454874038696,0.5798187255859375,0.5301443934440613,-0.020952466875314713,0.5710088610649109,0.4585016667842865,-0.035664480179548264,0.5687843561172485,0.4148070216178894,-0.048409298062324524,0.5692336559295654,0.37830018997192383,-0.05743946135044098,0.6051136255264282,0.5167917609214783,-0.018633903935551643,0.5960466265678406,0.4357645511627197,-0.029215257614850998,0.5919089913368225,0.3861740231513977,-0.03835274651646614,0.5897397994995117,0.345042884349823,-0.04530363529920578,0.630067765712738,0.518766462802887,-0.019559107720851898,0.6212705373764038,0.4438473582267761,-0.028956005349755287,0.6160037517547607,0.3985622823238373,-0.03544782102108002,0.611280620098114,0.36163151264190674,-0.04050369933247566,0.656171977519989,0.533359944820404,-0.02327042818069458,0.6528303027153015,0.476898729801178,-0.030925845727324486,0.6481993198394775,0.44292688369750977,-0.03395921364426613,0.6426888704299927,0.4140462279319763,-0.03619568049907684,B
0.0,0.0,0.0,0.0,0.0,0.0,0.0,0.0,0.0,0.0,0.0,0.0,0.0,0.0,0.0,0.0,0.0,0.0,0.0,0.0,0.0,0.0,0.0,0.0,0.0,0.0,0.0,0.0,0.0,0.0,0.0,0.0,0.0,0.0,0.0,0.0,0.0,0.0,0.0,0.0,0.0,0.0,0.0,0.0,0.0,0.0,0.0,0.0,0.0,0.0,0.0,0.0,0.0,0.0,0.0,0.0,0.0,0.0,0.0,0.0,0.0,0.0,0.0,0.6333006620407104,0.7008150815963745,3.064488680593058e-07,0.5901896953582764,0.680854320526123,-0.02418646588921547,0.5480213761329651,0.6333262920379639,-0.03629563748836517,0.5156033635139465,0.5946083068847656,-0.045843541622161865,0.48482000827789307,0.5774275660514832,-0.05465345084667206,0.5797510147094727,0.5301235318183899,-0.01940121129155159,0.5708065032958984,0.4580029249191284,-0.03402191400527954,0.5687487721443176,0.4143395721912384,-0.04688639938831329,0.5694962739944458,0.3776400089263916,-0.05597691237926483,0.6046175956726074,0.517469048500061,-0.01762409694492817,0.5956189632415771,0.43626224994659424,-0.02809779904782772,0.5919390916824341,0.3863268494606018,-0.03722863644361496,0.5902913212776184,0.3448770046234131,-0.044129904359579086,0.6295714378356934,0.5199142098426819,-0.01913466304540634,0.6212992668151855,0.4447031617164612,-0.028547771275043488,0.6167019009590149,0.3995482921600342,-0.0349404513835907,0.612349808216095,0.3627506196498871,-0.03984883800148964,0.656118631362915,0.5349132418632507,-0.023403022438287735,0.6532339453697205,0.4781000316143036,-0.031094379723072052,0.6486726403236389,0.4440303444862366,-0.03403623029589653,0.6428685188293457,0.4152161478996277,-0.03615925461053848,B
0.0,0.0,0.0,0.0,0.0,0.0,0.0,0.0,0.0,0.0,0.0,0.0,0.0,0.0,0.0,0.0,0.0,0.0,0.0,0.0,0.0,0.0,0.0,0.0,0.0,0.0,0.0,0.0,0.0,0.0,0.0,0.0,0.0,0.0,0.0,0.0,0.0,0.0,0.0,0.0,0.0,0.0,0.0,0.0,0.0,0.0,0.0,0.0,0.0,0.0,0.0,0.0,0.0,0.0,0.0,0.0,0.0,0.0,0.0,0.0,0.0,0.0,0.0,0.6333189606666565,0.6996496915817261,3.247781705795205e-07,0.5903575420379639,0.67891526222229,-0.025433631613850594,0.5495196580886841,0.6325765252113342,-0.038674451410770416,0.5174388289451599,0.5942867994308472,-0.049187857657670975,0.4871596693992615,0.5753612518310547,-0.05873875692486763,0.5800927877426147,0.5281112194061279,-0.020082341507077217,0.5715338587760925,0.45564746856689453,-0.0349445603787899,0.5694342851638794,0.4126063287258148,-0.04808284714818001,0.5702213048934937,0.37652552127838135,-0.057224441319704056,0.6048710346221924,0.5161975026130676,-0.0177955012768507,0.5964023470878601,0.4346500337123871,-0.02826027199625969,0.5925980806350708,0.3847767114639282,-0.037357497960329056,0.5909436345100403,0.3439052402973175,-0.044197067618370056,0.6296296715736389,0.5193244218826294,-0.018938621506094933,0.6221268177032471,0.4433441460132599,-0.028207700699567795,0.6174067258834839,0.39806073904037476,-0.0343182347714901,0.6129891276359558,0.3617398142814636,-0.038966018706560135,0.6558648943901062,0.5350474119186401,-0.022973205894231796,0.6532894968986511,0.47720032930374146,-0.03026501275599003,0.6487169861793518,0.4432133138179779,-0.03266417235136032,0.6429371237754822,0.4148816764354706,-0.03432958573102951,B
0.0,0.0,0.0,0.0,0.0,0.0,0.0,0.0,0.0,0.0,0.0,0.0,0.0,0.0,0.0,0.0,0.0,0.0,0.0,0.0,0.0,0.0,0.0,0.0,0.0,0.0,0.0,0.0,0.0,0.0,0.0,0.0,0.0,0.0,0.0,0.0,0.0,0.0,0.0,0.0,0.0,0.0,0.0,0.0,0.0,0.0,0.0,0.0,0.0,0.0,0.0,0.0,0.0,0.0,0.0,0.0,0.0,0.0,0.0,0.0,0.0,0.0,0.0,0.6337722539901733,0.6999067068099976,3.082341493154672e-07,0.5901413559913635,0.6822288036346436,-0.02476757951080799,0.5480560064315796,0.6348909735679626,-0.037144627422094345,0.5152572989463806,0.5956688523292542,-0.04665471985936165,0.48391738533973694,0.5794463753700256,-0.05537498742341995,0.5808221101760864,0.5294211506843567,-0.020230630412697792,0.5728742480278015,0.45788294076919556,-0.034279175102710724,0.5708515644073486,0.4144933223724365,-0.04673141613602638,0.5717045664787292,0.3784393072128296,-0.0555475577712059,0.6059601306915283,0.516654908657074,-0.017755622044205666,0.597148597240448,0.4351541996002197,-0.027555741369724274,0.5930224657058716,0.3851737976074219,-0.03593292832374573,0.5911675691604614,0.3446386456489563,-0.04228262975811958,0.630750834941864,0.519625186920166,-0.01849290542304516,0.6222971677780151,0.44358566403388977,-0.02763834036886692,0.6173861622810364,0.39767199754714966,-0.033603642135858536,0.6131599545478821,0.3612554669380188,-0.0381326787173748,0.6564911007881165,0.5352056622505188,-0.021967604756355286,0.653873860836029,0.47800347208976746,-0.02986009418964386,0.6495083570480347,0.4438753128051758,-0.032676566392183304,0.644287109375,0.41575515270233154,-0.034544557332992554,B
0.0,0.0,0.0,0.0,0.0,0.0,0.0,0.0,0.0,0.0,0.0,0.0,0.0,0.0,0.0,0.0,0.0,0.0,0.0,0.0,0.0,0.0,0.0,0.0,0.0,0.0,0.0,0.0,0.0,0.0,0.0,0.0,0.0,0.0,0.0,0.0,0.0,0.0,0.0,0.0,0.0,0.0,0.0,0.0,0.0,0.0,0.0,0.0,0.0,0.0,0.0,0.0,0.0,0.0,0.0,0.0,0.0,0.0,0.0,0.0,0.0,0.0,0.0,0.6325381994247437,0.7010689973831177,3.0978603149378614e-07,0.5892472863197327,0.6820670962333679,-0.0252287145704031,0.5475444197654724,0.6350374221801758,-0.03778009116649628,0.5150007605552673,0.5967463254928589,-0.04754277691245079,0.4837404489517212,0.5803394913673401,-0.05660979822278023,0.5797104239463806,0.5307806730270386,-0.020280523225665092,0.5715529322624207,0.4593347907066345,-0.034703947603702545,0.5698761940002441,0.4163026213645935,-0.04741321876645088,0.5707316994667053,0.3803286552429199,-0.05651496723294258,0.6048002243041992,0.5177918076515198,-0.01784137263894081,0.5964170098304749,0.4367484450340271,-0.028336437419056892,0.5928025841712952,0.38686591386795044,-0.037514764815568924,0.5909184813499451,0.3454397916793823,-0.044461287558078766,0.6298065185546875,0.5204281210899353,-0.018727775663137436,0.6211389303207397,0.44513845443725586,-0.02829670161008835,0.6160989999771118,0.39937296509742737,-0.03504924103617668,0.6116313338279724,0.3619653284549713,-0.04023156687617302,0.656204104423523,0.5358775854110718,-0.02239900454878807,0.653530478477478,0.4793184697628021,-0.030386844649910927,0.6489712595939636,0.44546207785606384,-0.033660292625427246,0.6435569524765015,0.41675034165382385,-0.03602322190999985,B
0.0,0.0,0.0,0.0,0.0,0.0,0.0,0.0,0.0,0.0,0.0,0.0,0.0,0.0,0.0,0.0,0.0,0.0,0.0,0.0,0.0,0.0,0.0,0.0,0.0,0.0,0.0,0.0,0.0,0.0,0.0,0.0,0.0,0.0,0.0,0.0,0.0,0.0,0.0,0.0,0.0,0.0,0.0,0.0,0.0,0.0,0.0,0.0,0.0,0.0,0.0,0.0,0.0,0.0,0.0,0.0,0.0,0.0,0.0,0.0,0.0,0.0,0.0,0.6329986453056335,0.7003722190856934,3.151928069655696e-07,0.5889084339141846,0.6818997859954834,-0.02557382918894291,0.5471777319908142,0.6354256272315979,-0.03849458694458008,0.5146299600601196,0.5963031053543091,-0.04857481271028519,0.48313483595848083,0.5795143842697144,-0.057944998145103455,0.5790232419967651,0.5310713648796082,-0.021064981818199158,0.5710560083389282,0.45932233333587646,-0.03580600023269653,0.5695459246635437,0.4161022901535034,-0.04869657754898071,0.5706489682197571,0.3798871636390686,-0.05785566568374634,0.6045974493026733,0.5178517699241638,-0.01864360086619854,0.596513569355011,0.4367308020591736,-0.029315754771232605,0.5928633809089661,0.3870283365249634,-0.03859388828277588,0.5909721851348877,0.34566521644592285,-0.04564246907830238,0.6298256516456604,0.5202522873878479,-0.019536806270480156,0.6217257976531982,0.44523897767066956,-0.02921157516539097,0.6166141629219055,0.3996499180793762,-0.03590843081474304,0.611945629119873,0.36243337392807007,-0.04108170047402382,0.6559923887252808,0.5356498956680298,-0.02324211411178112,0.6535161137580872,0.4791003465652466,-0.031195422634482384,0.6492208242416382,0.44520312547683716,-0.0343417190015316,0.6439657211303711,0.41643622517585754,-0.03663637116551399,B
0.0,0.0,0.0,0.0,0.0,0.0,0.0,0.0,0.0,0.0,0.0,0.0,0.0,0.0,0.0,0.0,0.0,0.0,0.0,0.0,0.0,0.0,0.0,0.0,0.0,0.0,0.0,0.0,0.0,0.0,0.0,0.0,0.0,0.0,0.0,0.0,0.0,0.0,0.0,0.0,0.0,0.0,0.0,0.0,0.0,0.0,0.0,0.0,0.0,0.0,0.0,0.0,0.0,0.0,0.0,0.0,0.0,0.0,0.0,0.0,0.0,0.0,0.0,0.631538987159729,0.7000706791877747,3.2370297731176834e-07,0.5895110368728638,0.6801986694335938,-0.027115270495414734,0.5480623841285706,0.6360922455787659,-0.04140448197722435,0.5142936706542969,0.5985878705978394,-0.05232838913798332,0.48384416103363037,0.5787522196769714,-0.062212634831666946,0.5787992477416992,0.5332502126693726,-0.024205366149544716,0.5704271197319031,0.4615023136138916,-0.039730045944452286,0.568702757358551,0.4182010889053345,-0.05283333361148834,0.5698309540748596,0.38144129514694214,-0.061882492154836655,0.6044015884399414,0.5195719599723816,-0.020594928413629532,0.5957866907119751,0.43843355774879456,-0.03148837760090828,0.5922406315803528,0.3884347081184387,-0.04031255096197128,0.5907413363456726,0.34700149297714233,-0.046994853764772415,0.6296701431274414,0.5214342474937439,-0.020260442048311234,0.6214684844017029,0.4462581276893616,-0.02998444065451622,0.6170530319213867,0.4002814292907715,-0.036202605813741684,0.6130133867263794,0.3632057309150696,-0.04090581089258194,0.6560389995574951,0.5362244248390198,-0.02280612662434578,0.6529475450515747,0.47954261302948,-0.030880622565746307,0.6482647061347961,0.4456007480621338,-0.03392884135246277,0.6424980163574219,0.4172356128692627,-0.035966623574495316,B
0.0,0.0,0.0,0.0,0.0,0.0,0.0,0.0,0.0,0.0,0.0,0.0,0.0,0.0,0.0,0.0,0.0,0.0,0.0,0.0,0.0,0.0,0.0,0.0,0.0,0.0,0.0,0.0,0.0,0.0,0.0,0.0,0.0,0.0,0.0,0.0,0.0,0.0,0.0,0.0,0.0,0.0,0.0,0.0,0.0,0.0,0.0,0.0,0.0,0.0,0.0,0.0,0.0,0.0,0.0,0.0,0.0,0.0,0.0,0.0,0.0,0.0,0.0,0.630672812461853,0.6971742510795593,3.2908118896557426e-07,0.5874910354614258,0.6796528100967407,-0.025680823251605034,0.5476181507110596,0.6369005441665649,-0.040716636925935745,0.5154169797897339,0.5972418189048767,-0.052301835268735886,0.4839906394481659,0.5785185694694519,-0.06304839253425598,0.5795080065727234,0.5349164605140686,-0.02780073508620262,0.5712950825691223,0.4605660140514374,-0.04293157160282135,0.5694856643676758,0.416221559047699,-0.05484352633357048,0.5707149505615234,0.37932533025741577,-0.06288813054561615,0.6061446666717529,0.5213876962661743,-0.023989694193005562,0.596857488155365,0.43720436096191406,-0.035379718989133835,0.5929090976715088,0.38604676723480225,-0.043722350150346756,0.5910952687263489,0.34426483511924744,-0.04990766942501068,0.6312155723571777,0.523529052734375,-0.022634513676166534,0.6222193837165833,0.4461250901222229,-0.03260442242026329,0.61765456199646,0.39918190240859985,-0.03904347866773605,0.6135256290435791,0.3629504144191742,-0.04363749921321869,0.6565634608268738,0.5372124314308167,-0.023679371923208237,0.6532235145568848,0.47846755385398865,-0.031817737966775894,0.6481931805610657,0.44354909658432007,-0.03502707928419113,0.6419489979743958,0.41539084911346436,-0.03700154274702072,B
0.0,0.0,0.0,0.0,0.0,0.0,0.0,0.0,0.0,0.0,0.0,0.0,0.0,0.0,0.0,0.0,0.0,0.0,0.0,0.0,0.0,0.0,0.0,0.0,0.0,0.0,0.0,0.0,0.0,0.0,0.0,0.0,0.0,0.0,0.0,0.0,0.0,0.0,0.0,0.0,0.0,0.0,0.0,0.0,0.0,0.0,0.0,0.0,0.0,0.0,0.0,0.0,0.0,0.0,0.0,0.0,0.0,0.0,0.0,0.0,0.0,0.0,0.0,0.6308858394622803,0.6976866722106934,3.215521644506225e-07,0.5874220132827759,0.6795293092727661,-0.026128681376576424,0.5471153855323792,0.6361223459243774,-0.04072078317403793,0.5147539377212524,0.5972447395324707,-0.052030351012945175,0.48317864537239075,0.5796741843223572,-0.06253325939178467,0.5794488191604614,0.532569408416748,-0.025414662435650826,0.5712668299674988,0.45949527621269226,-0.04037628695368767,0.5693707466125488,0.4159325063228607,-0.05272642523050308,0.5703260898590088,0.37988346815109253,-0.06128285452723503,0.6058281064033508,0.5189177989959717,-0.021966546773910522,0.5972988605499268,0.4361410439014435,-0.03302575275301933,0.5932517647743225,0.3859710097312927,-0.041968755424022675,0.5909045338630676,0.345103919506073,-0.048712074756622314,0.6309552192687988,0.5212970972061157,-0.021359452977776527,0.6223862171173096,0.44455257058143616,-0.03125899285078049,0.6175079941749573,0.39838850498199463,-0.038244083523750305,0.6128008365631104,0.36237120628356934,-0.04343153163790703,0.6564922332763672,0.5360956788063049,-0.023320769891142845,0.6536287069320679,0.478529691696167,-0.031656619161367416,0.6486565470695496,0.4440089464187622,-0.0353267602622509,0.64235919713974,0.4156982898712158,-0.03778781369328499,B
0.0,0.0,0.0,0.0,0.0,0.0,0.0,0.0,0.0,0.0,0.0,0.0,0.0,0.0,0.0,0.0,0.0,0.0,0.0,0.0,0.0,0.0,0.0,0.0,0.0,0.0,0.0,0.0,0.0,0.0,0.0,0.0,0.0,0.0,0.0,0.0,0.0,0.0,0.0,0.0,0.0,0.0,0.0,0.0,0.0,0.0,0.0,0.0,0.0,0.0,0.0,0.0,0.0,0.0,0.0,0.0,0.0,0.0,0.0,0.0,0.0,0.0,0.0,0.6311904191970825,0.6990222334861755,3.1992487947718473e-07,0.5876824855804443,0.6817103028297424,-0.025693843141198158,0.547531008720398,0.6379803419113159,-0.04012150689959526,0.5153802633285522,0.5978015661239624,-0.05098635330796242,0.4837029278278351,0.5794030427932739,-0.06098799407482147,0.5799894332885742,0.5350518822669983,-0.027296654880046844,0.5717628002166748,0.46051687002182007,-0.04178350418806076,0.5695778131484985,0.416363000869751,-0.05307936668395996,0.5704734325408936,0.38015997409820557,-0.060733724385499954,0.6067716479301453,0.521635115146637,-0.023241354152560234,0.5975395441055298,0.43765386939048767,-0.034254591912031174,0.5932151675224304,0.3871263265609741,-0.04226158186793327,0.5909608006477356,0.3464171886444092,-0.048164695501327515,0.6319153904914856,0.5238744616508484,-0.021673649549484253,0.6226844191551208,0.4464893043041229,-0.031518928706645966,0.6176154613494873,0.399562269449234,-0.037998225539922714,0.6128512620925903,0.3631604313850403,-0.04263369366526604,0.657188355922699,0.5377926826477051,-0.02247494086623192,0.6539276838302612,0.4795595407485962,-0.030690813437104225,0.6490691900253296,0.4449501037597656,-0.034109070897102356,0.642917275428772,0.41697263717651367,-0.03622126206755638,B
0.0,0.0,0.0,0.0,0.0,0.0,0.0,0.0,0.0,0.0,0.0,0.0,0.0,0.0,0.0,0.0,0.0,0.0,0.0,0.0,0.0,0.0,0.0,0.0,0.0,0.0,0.0,0.0,0.0,0.0,0.0,0.0,0.0,0.0,0.0,0.0,0.0,0.0,0.0,0.0,0.0,0.0,0.0,0.0,0.0,0.0,0.0,0.0,0.0,0.0,0.0,0.0,0.0,0.0,0.0,0.0,0.0,0.0,0.0,0.0,0.0,0.0,0.0,0.6315709352493286,0.6993378400802612,3.3046077874132607e-07,0.5883192420005798,0.680699348449707,-0.027198616415262222,0.5476739406585693,0.6375744342803955,-0.042623404413461685,0.5147912502288818,0.5986446142196655,-0.05456069856882095,0.48278725147247314,0.5797440409660339,-0.06558354943990707,0.5793260335922241,0.5324546694755554,-0.026928583160042763,0.571550190448761,0.4592461884021759,-0.04248165711760521,0.5694849491119385,0.41544705629348755,-0.05509665608406067,0.5701763033866882,0.37894147634506226,-0.06377208232879639,0.6058241724967957,0.5191550254821777,-0.02323737181723118,0.5977345108985901,0.43627604842185974,-0.03491966426372528,0.593579113483429,0.38613995909690857,-0.04394979402422905,0.5910615921020508,0.34545648097991943,-0.050637807697057724,0.6311189532279968,0.5218890905380249,-0.022462625056505203,0.6226674318313599,0.44538629055023193,-0.03292642906308174,0.6174725294113159,0.39915329217910767,-0.039855148643255234,0.6124967336654663,0.36308902502059937,-0.044879376888275146,0.6569353938102722,0.5371022820472717,-0.02434297651052475,0.6540318131446838,0.47934016585350037,-0.032979946583509445,0.6493046879768372,0.444918692111969,-0.03655491769313812,0.6434285044670105,0.4166720509529114,-0.03885512426495552,B
0.0,0.0,0.0,0.0,0.0,0.0,0.0,0.0,0.0,0.0,0.0,0.0,0.0,0.0,0.0,0.0,0.0,0.0,0.0,0.0,0.0,0.0,0.0,0.0,0.0,0.0,0.0,0.0,0.0,0.0,0.0,0.0,0.0,0.0,0.0,0.0,0.0,0.0,0.0,0.0,0.0,0.0,0.0,0.0,0.0,0.0,0.0,0.0,0.0,0.0,0.0,0.0,0.0,0.0,0.0,0.0,0.0,0.0,0.0,0.0,0.0,0.0,0.0,0.6315722465515137,0.6993217468261719,3.324265094306611e-07,0.5882192254066467,0.6807800531387329,-0.02665727585554123,0.5479871034622192,0.6378586292266846,-0.04197237640619278,0.5152788162231445,0.5985018014907837,-0.05384540930390358,0.4834485352039337,0.5794717669487,-0.06479348987340927,0.5798067450523376,0.5331193208694458,-0.026799434795975685,0.5718453526496887,0.4587670862674713,-0.04196649044752121,0.5698802471160889,0.4149620532989502,-0.05412023887038231,0.5708625912666321,0.378773957490921,-0.06240491941571236,0.6065781116485596,0.5200544595718384,-0.022918779402971268,0.5978196859359741,0.43618765473365784,-0.0344574972987175,0.593651533126831,0.38560181856155396,-0.04323901608586311,0.5914151668548584,0.3448418974876404,-0.04973190277814865,0.631673276424408,0.5227280855178833,-0.02181938663125038,0.6227638721466064,0.4456023871898651,-0.032166849821805954,0.6175898909568787,0.3988037407398224,-0.039102260023355484,0.6128530502319336,0.3627033829689026,-0.04407309368252754,0.6569793224334717,0.5372727513313293,-0.02326640859246254,0.6540396213531494,0.4790446162223816,-0.03176926076412201,0.6491933465003967,0.44425833225250244,-0.035407889634370804,0.6431618928909302,0.41571325063705444,-0.03773517906665802,B
0.0,0.0,0.0,0.0,0.0,0.0,0.0,0.0,0.0,0.0,0.0,0.0,0.0,0.0,0.0,0.0,0.0,0.0,0.0,0.0,0.0,0.0,0.0,0.0,0.0,0.0,0.0,0.0,0.0,0.0,0.0,0.0,0.0,0.0,0.0,0.0,0.0,0.0,0.0,0.0,0.0,0.0,0.0,0.0,0.0,0.0,0.0,0.0,0.0,0.0,0.0,0.0,0.0,0.0,0.0,0.0,0.0,0.0,0.0,0.0,0.0,0.0,0.0,0.6325317025184631,0.6990282535552979,3.2561044349677104e-07,0.5891994833946228,0.6807003617286682,-0.0257005263119936,0.5483963489532471,0.6380132436752319,-0.040660589933395386,0.5161316394805908,0.5980116724967957,-0.05206596851348877,0.48529374599456787,0.5792489647865295,-0.06249731034040451,0.5808330774307251,0.5347200632095337,-0.027762265875935555,0.5728723406791687,0.4597167372703552,-0.04244420304894447,0.5706826448440552,0.41552990674972534,-0.053887639194726944,0.571465253829956,0.37961798906326294,-0.06152500584721565,0.6078458428382874,0.521579384803772,-0.023770689964294434,0.5986185073852539,0.4373708665370941,-0.03484347090125084,0.5941608548164368,0.3865172266960144,-0.04274291172623634,0.5918413400650024,0.34617990255355835,-0.04850438982248306,0.632983386516571,0.5238666534423828,-0.022267907857894897,0.6236302256584167,0.4459419250488281,-0.032157208770513535,0.6183221340179443,0.399152934551239,-0.03845994547009468,0.6135777235031128,0.3637610971927643,-0.04287503659725189,0.6581205725669861,0.5376348495483398,-0.023132449015975,0.6548906564712524,0.47896820306777954,-0.031223686411976814,0.6501869559288025,0.4441561698913574,-0.03442743420600891,0.6444545388221741,0.4162469208240509,-0.03631635010242462,B
0.0,0.0,0.0,0.0,0.0,0.0,0.0,0.0,0.0,0.0,0.0,0.0,0.0,0.0,0.0,0.0,0.0,0.0,0.0,0.0,0.0,0.0,0.0,0.0,0.0,0.0,0.0,0.0,0.0,0.0,0.0,0.0,0.0,0.0,0.0,0.0,0.0,0.0,0.0,0.0,0.0,0.0,0.0,0.0,0.0,0.0,0.0,0.0,0.0,0.0,0.0,0.0,0.0,0.0,0.0,0.0,0.0,0.0,0.0,0.0,0.0,0.0,0.0,0.6349691152572632,0.7000207304954529,3.314690673050791e-07,0.5931415557861328,0.6791082620620728,-0.0262469369918108,0.5514739155769348,0.6326227784156799,-0.0400969497859478,0.5179142951965332,0.5942017436027527,-0.05071333050727844,0.4874451756477356,0.5765795111656189,-0.060404885560274124,0.5846745371818542,0.5298104286193848,-0.023670988157391548,0.5771320462226868,0.45683667063713074,-0.038956303149461746,0.5755167603492737,0.41152870655059814,-0.05206122249364853,0.5770505666732788,0.3741813898086548,-0.060920339077711105,0.6100006103515625,0.5184186100959778,-0.020223528146743774,0.6019222140312195,0.43655234575271606,-0.030985243618488312,0.598274827003479,0.38578706979751587,-0.03954151272773743,0.5972294211387634,0.3449800908565521,-0.04573967680335045,0.6348363161087036,0.5217944979667664,-0.019860636442899704,0.6278418898582458,0.44576582312583923,-0.029443111270666122,0.6234884262084961,0.3996790051460266,-0.03505685552954674,0.6199948191642761,0.36366236209869385,-0.038963548839092255,0.6604341268539429,0.5375160574913025,-0.022315099835395813,0.658309817314148,0.47981664538383484,-0.03002341277897358,0.6545112133026123,0.4454389810562134,-0.03237714245915413,0.6497280597686768,0.4171554446220398,-0.03365139290690422,B
0.0,0.0,0.0,0.0,0.0,0.0,0.0,0.0,0.0,0.0,0.0,0.0,0.0,0.0,0.0,0.0,0.0,0.0,0.0,0.0,0.0,0.0,0.0,0.0,0.0,0.0,0.0,0.0,0.0,0.0,0.0,0.0,0.0,0.0,0.0,0.0,0.0,0.0,0.0,0.0,0.0,0.0,0.0,0.0,0.0,0.0,0.0,0.0,0.0,0.0,0.0,0.0,0.0,0.0,0.0,0.0,0.0,0.0,0.0,0.0,0.0,0.0,0.0,0.6386235952377319,0.6993933916091919,3.3375249586242717e-07,0.5962443351745605,0.6780406832695007,-0.0275342408567667,0.5548365712165833,0.6316750645637512,-0.041792500764131546,0.5208615660667419,0.5933095216751099,-0.052344415336847305,0.4898943305015564,0.5753881931304932,-0.06161170080304146,0.5876533389091492,0.5270654559135437,-0.023891108110547066,0.5798530578613281,0.45354753732681274,-0.038019001483917236,0.5775638222694397,0.40949010848999023,-0.050286177545785904,0.5781289935112,0.3734160363674164,-0.05845925956964493,0.6127361059188843,0.5159550905227661,-0.018792657181620598,0.6049810647964478,0.4339456558227539,-0.028044559061527252,0.600803017616272,0.38415637612342834,-0.03537379950284958,0.5991487503051758,0.34510478377342224,-0.04077564552426338,0.6373424530029297,0.5196192264556885,-0.016855528578162193,0.6307792663574219,0.4434208869934082,-0.024656997993588448,0.6266637444496155,0.3982389569282532,-0.029103033244609833,0.6232960224151611,0.3634517788887024,-0.03233954310417175,0.6626068353652954,0.5351609587669373,-0.017889440059661865,0.6604210138320923,0.47647786140441895,-0.023875748738646507,0.6568533182144165,0.4425058364868164,-0.02520614303648472,0.6524138450622559,0.4145534634590149,-0.025840217247605324,B
0.0,0.0,0.0,0.0,0.0,0.0,0.0,0.0,0.0,0.0,0.0,0.0,0.0,0.0,0.0,0.0,0.0,0.0,0.0,0.0,0.0,0.0,0.0,0.0,0.0,0.0,0.0,0.0,0.0,0.0,0.0,0.0,0.0,0.0,0.0,0.0,0.0,0.0,0.0,0.0,0.0,0.0,0.0,0.0,0.0,0.0,0.0,0.0,0.0,0.0,0.0,0.0,0.0,0.0,0.0,0.0,0.0,0.0,0.0,0.0,0.0,0.0,0.0,0.6396855115890503,0.7008656859397888,3.4499589673941955e-07,0.5958435535430908,0.680785596370697,-0.027120262384414673,0.5553284287452698,0.6352398991584778,-0.04219335317611694,0.5225803256034851,0.5950767993927002,-0.0534018836915493,0.4911331236362457,0.5761049389839172,-0.06348127871751785,0.5888199806213379,0.5303530097007751,-0.027508819475769997,0.5802202820777893,0.4540894627571106,-0.04238658770918846,0.5783057808876038,0.40868425369262695,-0.05433247983455658,0.5798789262771606,0.37162691354751587,-0.06211986765265465,0.6157582998275757,0.5180465579032898,-0.02233087457716465,0.6063767075538635,0.43283894658088684,-0.032732538878917694,0.602992594242096,0.3810907006263733,-0.040296126157045364,0.6022921800613403,0.33991700410842896,-0.04580807685852051,0.6409290432929993,0.5210830569267273,-0.019856495782732964,0.632116436958313,0.44409850239753723,-0.02871163748204708,0.6277635097503662,0.3967250883579254,-0.034335408359766006,0.6242477297782898,0.3606926202774048,-0.03830276429653168,0.6660454273223877,0.5352370738983154,-0.020020000636577606,0.6627587080001831,0.4755130410194397,-0.02671472728252411,0.659101665019989,0.4408767819404602,-0.02883893996477127,0.6545530557632446,0.41266870498657227,-0.030031755566596985,B
0.0,0.0,0.0,0.0,0.0,0.0,0.0,0.0,0.0,0.0,0.0,0.0,0.0,0.0,0.0,0.0,0.0,0.0,0.0,0.0,0.0,0.0,0.0,0.0,0.0,0.0,0.0,0.0,0.0,0.0,0.0,0.0,0.0,0.0,0.0,0.0,0.0,0.0,0.0,0.0,0.0,0.0,0.0,0.0,0.0,0.0,0.0,0.0,0.0,0.0,0.0,0.0,0.0,0.0,0.0,0.0,0.0,0.0,0.0,0.0,0.0,0.0,0.0,0.6393937468528748,0.7020063996315002,3.4219661415590963e-07,0.5961175560951233,0.6821025609970093,-0.028582671657204628,0.5548658967018127,0.6369825601577759,-0.044082410633563995,0.5219581723213196,0.5965457558631897,-0.0556003637611866,0.49081969261169434,0.5761027932167053,-0.06592199951410294,0.5879939794540405,0.5298506617546082,-0.028410864993929863,0.5795472860336304,0.4543761909008026,-0.04386264458298683,0.5784143805503845,0.4094557464122772,-0.056298092007637024,0.5804181694984436,0.3726043701171875,-0.06455690413713455,0.6147599816322327,0.5171768665313721,-0.02308049239218235,0.6059325337409973,0.4328486919403076,-0.034307319670915604,0.6025983095169067,0.3813185691833496,-0.04262452945113182,0.6015428900718689,0.34019532799720764,-0.048697590827941895,0.6400533318519592,0.5200912952423096,-0.020721781998872757,0.6311244964599609,0.4426218867301941,-0.030698632821440697,0.6265292763710022,0.3947722315788269,-0.03731473162770271,0.622560441493988,0.358207643032074,-0.04193722456693649,0.6657013893127441,0.5350772738456726,-0.0211347546428442,0.6635688543319702,0.4753669798374176,-0.029177363961935043,0.6592055559158325,0.4400838315486908,-0.03263493627309799,0.6535667181015015,0.41158366203308105,-0.03474067151546478,B
0.0,0.0,0.0,0.0,0.0,0.0,0.0,0.0,0.0,0.0,0.0,0.0,0.0,0.0,0.0,0.0,0.0,0.0,0.0,0.0,0.0,0.0,0.0,0.0,0.0,0.0,0.0,0.0,0.0,0.0,0.0,0.0,0.0,0.0,0.0,0.0,0.0,0.0,0.0,0.0,0.0,0.0,0.0,0.0,0.0,0.0,0.0,0.0,0.0,0.0,0.0,0.0,0.0,0.0,0.0,0.0,0.0,0.0,0.0,0.0,0.0,0.0,0.0,0.6387348771095276,0.7032613754272461,3.345342918237293e-07,0.5952621698379517,0.6831613183021545,-0.02774973027408123,0.553842306137085,0.6370981335639954,-0.04256853461265564,0.5210925936698914,0.5958823561668396,-0.05387828126549721,0.4896637201309204,0.5754156112670898,-0.06406216323375702,0.5874197483062744,0.528408408164978,-0.02492298185825348,0.5793635249137878,0.45435333251953125,-0.04046742245554924,0.577733039855957,0.4103187322616577,-0.05354469269514084,0.5791500210762024,0.3737722635269165,-0.06249024718999863,0.6137657165527344,0.5159328579902649,-0.021099859848618507,0.606130838394165,0.4324299097061157,-0.03222270309925079,0.6027777791023254,0.38152867555618286,-0.04119281843304634,0.6013616323471069,0.3402685523033142,-0.04783165454864502,0.6391908526420593,0.5192371010780334,-0.0205516554415226,0.6314365267753601,0.44191381335258484,-0.030577559024095535,0.6272197961807251,0.3949395716190338,-0.03708710893988609,0.6234446167945862,0.3577195405960083,-0.04185255616903305,0.6651718020439148,0.5354198813438416,-0.022889142856001854,0.6633359789848328,0.4766174256801605,-0.030954213812947273,0.6601150631904602,0.44204556941986084,-0.0339486226439476,0.6558760404586792,0.4133925437927246,-0.03585895895957947,B
0.0,0.0,0.0,0.0,0.0,0.0,0.0,0.0,0.0,0.0,0.0,0.0,0.0,0.0,0.0,0.0,0.0,0.0,0.0,0.0,0.0,0.0,0.0,0.0,0.0,0.0,0.0,0.0,0.0,0.0,0.0,0.0,0.0,0.0,0.0,0.0,0.0,0.0,0.0,0.0,0.0,0.0,0.0,0.0,0.0,0.0,0.0,0.0,0.0,0.0,0.0,0.0,0.0,0.0,0.0,0.0,0.0,0.0,0.0,0.0,0.0,0.0,0.0,0.6383346319198608,0.7041767835617065,3.433584367940057e-07,0.5953288674354553,0.6822053790092468,-0.02890533022582531,0.5533936619758606,0.6361970901489258,-0.04364527761936188,0.5204280614852905,0.5959519743919373,-0.05498797819018364,0.48923778533935547,0.5752058625221252,-0.06520846486091614,0.5860329866409302,0.5275789499282837,-0.023058846592903137,0.577589750289917,0.45505812764167786,-0.03926429525017738,0.5758252739906311,0.41116684675216675,-0.05355469882488251,0.5766869187355042,0.37369632720947266,-0.06345494836568832,0.612000584602356,0.5150582790374756,-0.019500449299812317,0.6052746176719666,0.43319910764694214,-0.030756544321775436,0.6017665266990662,0.3828822374343872,-0.04041191563010216,0.6001446843147278,0.34108757972717285,-0.047659315168857574,0.6374570727348328,0.5189175605773926,-0.019692955538630486,0.6318674683570862,0.44380149245262146,-0.029421145096421242,0.6281462907791138,0.3985998034477234,-0.03532848134636879,0.6248222589492798,0.3613741993904114,-0.039844971150159836,0.6636059880256653,0.5366321206092834,-0.023168519139289856,0.6623748540878296,0.4796504080295563,-0.03058484010398388,0.6592912673950195,0.44569334387779236,-0.03273561969399452,0.655510663986206,0.4163978099822998,-0.034205880016088486,B
0.0,0.0,0.0,0.0,0.0,0.0,0.0,0.0,0.0,0.0,0.0,0.0,0.0,0.0,0.0,0.0,0.0,0.0,0.0,0.0,0.0,0.0,0.0,0.0,0.0,0.0,0.0,0.0,0.0,0.0,0.0,0.0,0.0,0.0,0.0,0.0,0.0,0.0,0.0,0.0,0.0,0.0,0.0,0.0,0.0,0.0,0.0,0.0,0.0,0.0,0.0,0.0,0.0,0.0,0.0,0.0,0.0,0.0,0.0,0.0,0.0,0.0,0.0,0.6290280222892761,0.7062631845474243,3.193104021192994e-07,0.5864531993865967,0.6842547059059143,-0.026024524122476578,0.5446978807449341,0.6379721164703369,-0.039381805807352066,0.5135494470596313,0.5984745621681213,-0.049795251339673996,0.4842960238456726,0.5779719352722168,-0.05898438021540642,0.5740336179733276,0.5290219783782959,-0.01880430430173874,0.565259575843811,0.4587427079677582,-0.03389556705951691,0.5635423064231873,0.4162595272064209,-0.047744520008563995,0.5648809671401978,0.38063082098960876,-0.057391732931137085,0.5999226570129395,0.5168880820274353,-0.016204284504055977,0.5922858715057373,0.43699344992637634,-0.026535680517554283,0.5891303420066833,0.38762110471725464,-0.03565995395183563,0.5879771709442139,0.3476426899433136,-0.04244951158761978,0.625164806842804,0.5206019282341003,-0.017301032319664955,0.6180715560913086,0.4457440972328186,-0.02651272900402546,0.6142783761024475,0.3998381495475769,-0.032348133623600006,0.6104710102081299,0.3630136251449585,-0.03672362491488457,0.6520466804504395,0.5372703075408936,-0.021410157904028893,0.6497176289558411,0.4798314869403839,-0.02849549800157547,0.644448459148407,0.44663119316101074,-0.03044801950454712,0.6374817490577698,0.4196774959564209,-0.03171088919043541,B
0.0,0.0,0.0,0.0,0.0,0.0,0.0,0.0,0.0,0.0,0.0,0.0,0.0,0.0,0.0,0.0,0.0,0.0,0.0,0.0,0.0,0.0,0.0,0.0,0.0,0.0,0.0,0.0,0.0,0.0,0.0,0.0,0.0,0.0,0.0,0.0,0.0,0.0,0.0,0.0,0.0,0.0,0.0,0.0,0.0,0.0,0.0,0.0,0.0,0.0,0.0,0.0,0.0,0.0,0.0,0.0,0.0,0.0,0.0,0.0,0.0,0.0,0.0,0.6261073350906372,0.701490581035614,3.223936460017285e-07,0.5852466225624084,0.6797792911529541,-0.02620156668126583,0.5429459810256958,0.6348013877868652,-0.03990867733955383,0.5104953050613403,0.5972109436988831,-0.05062061548233032,0.48115426301956177,0.5760642290115356,-0.06016729027032852,0.57154381275177,0.5272941589355469,-0.02089356817305088,0.5627687573432922,0.4564718008041382,-0.036264870315790176,0.5605306625366211,0.4141511023044586,-0.050010208040475845,0.5615994334220886,0.37878531217575073,-0.05940895155072212,0.5973920822143555,0.514941394329071,-0.017705734819173813,0.5893733501434326,0.4348536431789398,-0.02790575660765171,0.5856500864028931,0.38603466749191284,-0.03657015040516853,0.584219753742218,0.3468281030654907,-0.04315214231610298,0.6231377720832825,0.5179820656776428,-0.0180557519197464,0.615594744682312,0.443946897983551,-0.02664061449468136,0.6114507913589478,0.39878135919570923,-0.03191514313220978,0.6077644228935242,0.36346620321273804,-0.0360458679497242,0.650373101234436,0.5334526896476746,-0.02143752947449684,0.647242546081543,0.4755077660083771,-0.027753600850701332,0.6421542167663574,0.4427281618118286,-0.029228175058960915,0.6359582543373108,0.4167402684688568,-0.03026219829916954,B
0.0,0.0,0.0,0.0,0.0,0.0,0.0,0.0,0.0,0.0,0.0,0.0,0.0,0.0,0.0,0.0,0.0,0.0,0.0,0.0,0.0,0.0,0.0,0.0,0.0,0.0,0.0,0.0,0.0,0.0,0.0,0.0,0.0,0.0,0.0,0.0,0.0,0.0,0.0,0.0,0.0,0.0,0.0,0.0,0.0,0.0,0.0,0.0,0.0,0.0,0.0,0.0,0.0,0.0,0.0,0.0,0.0,0.0,0.0,0.0,0.0,0.0,0.0,0.6252853274345398,0.6991068124771118,3.327149045162514e-07,0.5835129022598267,0.678554117679596,-0.027588248252868652,0.5425185561180115,0.6341097950935364,-0.04133576899766922,0.5099230408668518,0.5961349010467529,-0.05198437348008156,0.4794023334980011,0.5755411386489868,-0.061409879475831985,0.5709683299064636,0.5256223678588867,-0.018817318603396416,0.5620973110198975,0.4565559923648834,-0.033415280282497406,0.5598435997962952,0.4148944020271301,-0.04707769304513931,0.5604897141456604,0.3791070282459259,-0.05663923919200897,0.5961588025093079,0.5133628845214844,-0.015174313448369503,0.5884289145469666,0.43524909019470215,-0.024643264710903168,0.5841339826583862,0.3866272568702698,-0.03363526239991188,0.581874430179596,0.3462410569190979,-0.040543291717767715,0.6214379668235779,0.5170230865478516,-0.01535861473530531,0.6144729852676392,0.44511860609054565,-0.02342359349131584,0.6100459098815918,0.4009954631328583,-0.028749525547027588,0.6063079833984375,0.36477166414260864,-0.03300041705369949,0.6478766202926636,0.5335308909416199,-0.018797732889652252,0.6447328329086304,0.4776483476161957,-0.02470695599913597,0.6410379409790039,0.4455053508281708,-0.025987671688199043,0.6370588541030884,0.4180483818054199,-0.026944497600197792,B
0.0,0.0,0.0,0.0,0.0,0.0,0.0,0.0,0.0,0.0,0.0,0.0,0.0,0.0,0.0,0.0,0.0,0.0,0.0,0.0,0.0,0.0,0.0,0.0,0.0,0.0,0.0,0.0,0.0,0.0,0.0,0.0,0.0,0.0,0.0,0.0,0.0,0.0,0.0,0.0,0.0,0.0,0.0,0.0,0.0,0.0,0.0,0.0,0.0,0.0,0.0,0.0,0.0,0.0,0.0,0.0,0.0,0.0,0.0,0.0,0.0,0.0,0.0,0.625054121017456,0.69985032081604,3.307658289486426e-07,0.5837543606758118,0.6784520745277405,-0.02752046473324299,0.5420544743537903,0.6333506107330322,-0.04123717546463013,0.5087278485298157,0.5952804684638977,-0.05162978544831276,0.47841930389404297,0.5747493505477905,-0.06085216626524925,0.5704050660133362,0.5269215703010559,-0.02109663188457489,0.561988115310669,0.4564175009727478,-0.03568783402442932,0.5599768757820129,0.4141530990600586,-0.04877834767103195,0.5608208775520325,0.3782693147659302,-0.05785942077636719,0.5961077213287354,0.514545202255249,-0.017042485997080803,0.5881637334823608,0.43509915471076965,-0.026818817481398582,0.5839790105819702,0.38590872287750244,-0.03556003049015999,0.5818837285041809,0.3457382917404175,-0.04223008453845978,0.6217846870422363,0.518019437789917,-0.01653553545475006,0.6142385601997375,0.4443667531013489,-0.025060385465621948,0.6098443865776062,0.39957481622695923,-0.030648639425635338,0.6062231063842773,0.36354249715805054,-0.03498426079750061,0.6484442949295044,0.5341808199882507,-0.01910647563636303,0.6451681852340698,0.47779580950737,-0.025771472603082657,0.6409640312194824,0.4446377456188202,-0.027796033769845963,0.636558473110199,0.41670721769332886,-0.02917301282286644,B
0.0,0.0,0.0,0.0,0.0,0.0,0.0,0.0,0.0,0.0,0.0,0.0,0.0,0.0,0.0,0.0,0.0,0.0,0.0,0.0,0.0,0.0,0.0,0.0,0.0,0.0,0.0,0.0,0.0,0.0,0.0,0.0,0.0,0.0,0.0,0.0,0.0,0.0,0.0,0.0,0.0,0.0,0.0,0.0,0.0,0.0,0.0,0.0,0.0,0.0,0.0,0.0,0.0,0.0,0.0,0.0,0.0,0.0,0.0,0.0,0.0,0.0,0.0,0.6251364946365356,0.7019296884536743,3.1720034598947677e-07,0.5834776759147644,0.6794505715370178,-0.024814177304506302,0.5418087244033813,0.6328890323638916,-0.037508755922317505,0.509028434753418,0.5951237082481384,-0.047495871782302856,0.4793434739112854,0.5755276679992676,-0.056464072316884995,0.571279764175415,0.5284631848335266,-0.019022755324840546,0.562140941619873,0.4578496813774109,-0.033535026013851166,0.5603769421577454,0.41515928506851196,-0.04647490754723549,0.5618586540222168,0.37902987003326416,-0.05541805550456047,0.5966037511825562,0.5164549350738525,-0.01649331860244274,0.5874271988868713,0.4365071952342987,-0.026539992541074753,0.5836620330810547,0.3863433003425598,-0.03526574745774269,0.5822475552558899,0.3450358211994171,-0.041665300726890564,0.6224186420440674,0.5200490355491638,-0.017296060919761658,0.6133487820625305,0.4452663064002991,-0.0262216255068779,0.6082015037536621,0.39912205934524536,-0.03191540762782097,0.6040271520614624,0.3617655634880066,-0.03612830117344856,0.6498154997825623,0.5364590883255005,-0.02091948315501213,0.6461426019668579,0.47980862855911255,-0.027985069900751114,0.6411740779876709,0.44600728154182434,-0.030042739585042,0.6358348727226257,0.4173635244369507,-0.031290724873542786,B
0.0,0.0,0.0,0.0,0.0,0.0,0.0,0.0,0.0,0.0,0.0,0.0,0.0,0.0,0.0,0.0,0.0,0.0,0.0,0.0,0.0,0.0,0.0,0.0,0.0,0.0,0.0,0.0,0.0,0.0,0.0,0.0,0.0,0.0,0.0,0.0,0.0,0.0,0.0,0.0,0.0,0.0,0.0,0.0,0.0,0.0,0.0,0.0,0.0,0.0,0.0,0.0,0.0,0.0,0.0,0.0,0.0,0.0,0.0,0.0,0.0,0.0,0.0,0.6273645162582397,0.6998216509819031,3.1355722285297816e-07,0.5846008062362671,0.6785362958908081,-0.02440120279788971,0.5428715348243713,0.631959855556488,-0.03714291751384735,0.5104573369026184,0.5930139422416687,-0.04707503318786621,0.4803723990917206,0.5741474032402039,-0.05611851438879967,0.574130654335022,0.5293262600898743,-0.020669788122177124,0.5665956735610962,0.4579859673976898,-0.035430364310741425,0.5650680661201477,0.41446369886398315,-0.048308104276657104,0.5665245652198792,0.37787991762161255,-0.0571562759578228,0.5996641516685486,0.5173450708389282,-0.01816004328429699,0.5910882949829102,0.436556875705719,-0.028461264446377754,0.587171196937561,0.38604432344436646,-0.03700057417154312,0.5854216814041138,0.3448715806007385,-0.04332850128412247,0.6249979138374329,0.5203912854194641,-0.018785683438181877,0.6166698932647705,0.4450734853744507,-0.02812162972986698,0.6117599606513977,0.3986873924732208,-0.034147314727306366,0.6074357032775879,0.36221593618392944,-0.03850420191884041,0.6517751216888428,0.5356951355934143,-0.022098153829574585,0.6487240791320801,0.4779680669307709,-0.02981349639594555,0.6437488198280334,0.44382381439208984,-0.0325053445994854,0.6376928091049194,0.4160965085029602,-0.034137606620788574,B
0.0,0.0,0.0,0.0,0.0,0.0,0.0,0.0,0.0,0.0,0.0,0.0,0.0,0.0,0.0,0.0,0.0,0.0,0.0,0.0,0.0,0.0,0.0,0.0,0.0,0.0,0.0,0.0,0.0,0.0,0.0,0.0,0.0,0.0,0.0,0.0,0.0,0.0,0.0,0.0,0.0,0.0,0.0,0.0,0.0,0.0,0.0,0.0,0.0,0.0,0.0,0.0,0.0,0.0,0.0,0.0,0.0,0.0,0.0,0.0,0.0,0.0,0.0,0.6275911331176758,0.6994922161102295,3.197698674739513e-07,0.5843290686607361,0.6784242391586304,-0.025606656447052956,0.5427812337875366,0.6329182982444763,-0.039131008088588715,0.5099599957466125,0.5935845375061035,-0.04968252405524254,0.47956568002700806,0.5741726160049438,-0.059328336268663406,0.5746108293533325,0.5299116969108582,-0.021978631615638733,0.5671929717063904,0.4583614766597748,-0.03741394728422165,0.5656657218933105,0.4145734906196594,-0.05068433657288551,0.5670609474182129,0.3774159550666809,-0.059819046407938004,0.6005087494850159,0.5177751183509827,-0.019262215122580528,0.5923261642456055,0.43698886036872864,-0.030207987874746323,0.5886624455451965,0.3865741491317749,-0.03900528699159622,0.5871419310569763,0.34507375955581665,-0.04555358737707138,0.6258466243743896,0.5210063457489014,-0.019820183515548706,0.6180889010429382,0.4455776512622833,-0.02974027581512928,0.6134592294692993,0.39936381578445435,-0.035717833787202835,0.6093989014625549,0.36273980140686035,-0.04003318026661873,0.6521933674812317,0.5365867614746094,-0.023192023858428,0.6491543054580688,0.4790938198566437,-0.03130437806248665,0.6444582939147949,0.44489720463752747,-0.0340447798371315,0.6388673186302185,0.4167960584163666,-0.035724934190511703,B
0.0,0.0,0.0,0.0,0.0,0.0,0.0,0.0,0.0,0.0,0.0,0.0,0.0,0.0,0.0,0.0,0.0,0.0,0.0,0.0,0.0,0.0,0.0,0.0,0.0,0.0,0.0,0.0,0.0,0.0,0.0,0.0,0.0,0.0,0.0,0.0,0.0,0.0,0.0,0.0,0.0,0.0,0.0,0.0,0.0,0.0,0.0,0.0,0.0,0.0,0.0,0.0,0.0,0.0,0.0,0.0,0.0,0.0,0.0,0.0,0.0,0.0,0.0,0.6268739700317383,0.6987429261207581,3.202176230843179e-07,0.584221601486206,0.6777604818344116,-0.025390272960066795,0.5426737666130066,0.6327040791511536,-0.039059579372406006,0.5096234083175659,0.5936733484268188,-0.049493443220853806,0.4791690409183502,0.574499785900116,-0.058927591890096664,0.5745412707328796,0.5291377305984497,-0.023662244901061058,0.5670682191848755,0.4568001627922058,-0.03838725388050079,0.5653432607650757,0.41320186853408813,-0.05076718330383301,0.5664791464805603,0.3768768608570099,-0.05921337753534317,0.600618302822113,0.5168813467025757,-0.020197730511426926,0.5921152234077454,0.4354507327079773,-0.03068387322127819,0.5883617401123047,0.3849901258945465,-0.038919851183891296,0.5867630243301392,0.3441879153251648,-0.04511953890323639,0.6256940364837646,0.5201876163482666,-0.019661808386445045,0.6180822253227234,0.4440261125564575,-0.02914561703801155,0.6138948798179626,0.39819949865341187,-0.03519708290696144,0.6098638772964478,0.36296170949935913,-0.03954728692770004,0.6515324115753174,0.5352783799171448,-0.021753733977675438,0.6493756175041199,0.47711482644081116,-0.029693812131881714,0.6448463201522827,0.44261425733566284,-0.0327741913497448,0.6389225721359253,0.4150460362434387,-0.034643784165382385,B
0.0,0.0,0.0,0.0,0.0,0.0,0.0,0.0,0.0,0.0,0.0,0.0,0.0,0.0,0.0,0.0,0.0,0.0,0.0,0.0,0.0,0.0,0.0,0.0,0.0,0.0,0.0,0.0,0.0,0.0,0.0,0.0,0.0,0.0,0.0,0.0,0.0,0.0,0.0,0.0,0.0,0.0,0.0,0.0,0.0,0.0,0.0,0.0,0.0,0.0,0.0,0.0,0.0,0.0,0.0,0.0,0.0,0.0,0.0,0.0,0.0,0.0,0.0,0.6271651387214661,0.699858546257019,3.3775361885091115e-07,0.5843607187271118,0.6797028183937073,-0.02771422266960144,0.5432369112968445,0.63564133644104,-0.04185120388865471,0.51107257604599,0.596764087677002,-0.052666857838630676,0.4807305335998535,0.5766698718070984,-0.06226994842290878,0.5726004838943481,0.5278295278549194,-0.021413687616586685,0.5645728707313538,0.4570798873901367,-0.03620152175426483,0.5631693005561829,0.41479063034057617,-0.04932305961847305,0.5650467872619629,0.379077672958374,-0.05841962620615959,0.5985354781150818,0.515193521976471,-0.017619503661990166,0.5908503532409668,0.4353671073913574,-0.0275927372276783,0.587636411190033,0.3860436677932739,-0.036326322704553604,0.5867623090744019,0.3458161950111389,-0.042955413460731506,0.6242484450340271,0.5185946822166443,-0.01744510419666767,0.6170616149902344,0.44412335753440857,-0.0265448447316885,0.6131080985069275,0.39914125204086304,-0.03245816007256508,0.6099836230278015,0.36317145824432373,-0.03692270442843437,0.6510002017021179,0.5351250767707825,-0.020338311791419983,0.6485543251037598,0.4785606265068054,-0.027789708226919174,0.6445775032043457,0.4453756809234619,-0.030253443866968155,0.6400715112686157,0.41774511337280273,-0.03182285279035568,B
0.0,0.0,0.0,0.0,0.0,0.0,0.0,0.0,0.0,0.0,0.0,0.0,0.0,0.0,0.0,0.0,0.0,0.0,0.0,0.0,0.0,0.0,0.0,0.0,0.0,0.0,0.0,0.0,0.0,0.0,0.0,0.0,0.0,0.0,0.0,0.0,0.0,0.0,0.0,0.0,0.0,0.0,0.0,0.0,0.0,0.0,0.0,0.0,0.0,0.0,0.0,0.0,0.0,0.0,0.0,0.0,0.0,0.0,0.0,0.0,0.0,0.0,0.0,0.6272522211074829,0.700124979019165,3.378073074600252e-07,0.5845927000045776,0.680519700050354,-0.02866271883249283,0.5433486700057983,0.6362897157669067,-0.0431121326982975,0.5112121105194092,0.5966886878013611,-0.05405924469232559,0.4804416298866272,0.5767796635627747,-0.06381096690893173,0.573056161403656,0.5284339189529419,-0.022749554365873337,0.5643166899681091,0.4576723873615265,-0.03800385445356369,0.5626334547996521,0.4149363040924072,-0.05145343393087387,0.5641017556190491,0.37860107421875,-0.06081441044807434,0.5989062786102295,0.5151797533035278,-0.018570946529507637,0.590703010559082,0.4352952241897583,-0.02885453775525093,0.5868268013000488,0.38596996665000916,-0.03774341195821762,0.5851916670799255,0.34544694423675537,-0.044515956193208694,0.6245551109313965,0.518247663974762,-0.018038444221019745,0.616624653339386,0.44411706924438477,-0.02717875875532627,0.6119427680969238,0.3989209234714508,-0.03289899602532387,0.6081972718238831,0.3624253273010254,-0.037324510514736176,0.6512199640274048,0.5346394777297974,-0.020692139863967896,0.6484615206718445,0.4784373939037323,-0.027938608080148697,0.6444467902183533,0.44551002979278564,-0.03016359731554985,0.6400821805000305,0.41782450675964355,-0.0316549576818943,B
0.0,0.0,0.0,0.0,0.0,0.0,0.0,0.0,0.0,0.0,0.0,0.0,0.0,0.0,0.0,0.0,0.0,0.0,0.0,0.0,0.0,0.0,0.0,0.0,0.0,0.0,0.0,0.0,0.0,0.0,0.0,0.0,0.0,0.0,0.0,0.0,0.0,0.0,0.0,0.0,0.0,0.0,0.0,0.0,0.0,0.0,0.0,0.0,0.0,0.0,0.0,0.0,0.0,0.0,0.0,0.0,0.0,0.0,0.0,0.0,0.0,0.0,0.0,0.6269674301147461,0.7005197405815125,3.383865418982168e-07,0.584202766418457,0.6807008981704712,-0.028445163741707802,0.5428510308265686,0.6350809335708618,-0.042714085429906845,0.5100768804550171,0.5958660840988159,-0.05357031524181366,0.4787265956401825,0.5757400989532471,-0.06332319229841232,0.5726887583732605,0.5281366109848022,-0.022481271997094154,0.5640098452568054,0.4573388993740082,-0.037981968373060226,0.5623791813850403,0.41437894105911255,-0.05169350281357765,0.5639270544052124,0.3777107000350952,-0.061200421303510666,0.5985411405563354,0.5151839256286621,-0.01849319599568844,0.5904977321624756,0.4352559447288513,-0.02882477641105652,0.5864467620849609,0.3856348991394043,-0.03779754042625427,0.5845159888267517,0.34451591968536377,-0.044595666229724884,0.6244964599609375,0.5183704495429993,-0.01815653219819069,0.6164279580116272,0.44389909505844116,-0.027304094284772873,0.6116007566452026,0.39846178889274597,-0.03292699158191681,0.6074962019920349,0.3611934781074524,-0.03726125881075859,0.6514697670936584,0.5348830819129944,-0.021003929898142815,0.6480867862701416,0.47833430767059326,-0.02831743285059929,0.6437534093856812,0.44491249322891235,-0.030443904921412468,0.6390984058380127,0.4164179563522339,-0.031827662140131,B
0.0,0.0,0.0,0.0,0.0,0.0,0.0,0.0,0.0,0.0,0.0,0.0,0.0,0.0,0.0,0.0,0.0,0.0,0.0,0.0,0.0,0.0,0.0,0.0,0.0,0.0,0.0,0.0,0.0,0.0,0.0,0.0,0.0,0.0,0.0,0.0,0.0,0.0,0.0,0.0,0.0,0.0,0.0,0.0,0.0,0.0,0.0,0.0,0.0,0.0,0.0,0.0,0.0,0.0,0.0,0.0,0.0,0.0,0.0,0.0,0.0,0.0,0.0,0.6092422008514404,0.7610650062561035,-8.710570398307027e-08,0.6396345496177673,0.6995410919189453,-0.024654822424054146,0.6927312016487122,0.6684510111808777,-0.03943337872624397,0.7388149499893188,0.6548421382904053,-0.05415669083595276,0.7710121273994446,0.6273573637008667,-0.06874285638332367,0.7518558502197266,0.7513588666915894,-0.033114492893218994,0.8098815083503723,0.8049407601356506,-0.06067466735839844,0.8436661958694458,0.8433826565742493,-0.07756204158067703,0.8718732595443726,0.8771344423294067,-0.08861030638217926,0.7368362545967102,0.7918798327445984,-0.03456992655992508,0.7283631563186646,0.8159010410308838,-0.08144529908895493,0.6839799284934998,0.7765982151031494,-0.09237399697303772,0.6593934297561646,0.7463176250457764,-0.08986369520425797,0.7144821286201477,0.8216397762298584,-0.03844271972775459,0.699429988861084,0.8361321091651917,-0.0812867283821106,0.6638118028640747,0.7937910556793213,-0.07600674778223038,0.6482421159744263,0.7625368237495422,-0.06197043135762215,0.6897883415222168,0.8419478535652161,-0.044198933988809586,0.6764261722564697,0.8527843952178955,-0.07171988487243652,0.6512740850448608,0.8180203437805176,-0.0667252317070961,0.6419985890388489,0.7890728116035461,-0.0554380938410759,Г
0.0,0.0,0.0,0.0,0.0,0.0,0.0,0.0,0.0,0.0,0.0,0.0,0.0,0.0,0.0,0.0,0.0,0.0,0.0,0.0,0.0,0.0,0.0,0.0,0.0,0.0,0.0,0.0,0.0,0.0,0.0,0.0,0.0,0.0,0.0,0.0,0.0,0.0,0.0,0.0,0.0,0.0,0.0,0.0,0.0,0.0,0.0,0.0,0.0,0.0,0.0,0.0,0.0,0.0,0.0,0.0,0.0,0.0,0.0,0.0,0.0,0.0,0.0,0.607695460319519,0.7625386714935303,-1.0354690971325908e-07,0.6378883719444275,0.7005098462104797,-0.024733802303671837,0.6922622919082642,0.6696373820304871,-0.038549505174160004,0.7390282154083252,0.6561662554740906,-0.052180562168359756,0.7706090807914734,0.6272624731063843,-0.06566771864891052,0.7512000203132629,0.7517104744911194,-0.031605131924152374,0.8095356225967407,0.8049243092536926,-0.058162398636341095,0.8432592749595642,0.8434285521507263,-0.0745544359087944,0.8715738654136658,0.8770130276679993,-0.08535495400428772,0.7360613942146301,0.793371856212616,-0.032574448734521866,0.727709174156189,0.8157157897949219,-0.07929772883653641,0.682945966720581,0.7769923210144043,-0.09078363329172134,0.6570635437965393,0.7463955879211426,-0.08834999054670334,0.7137660980224609,0.8238322734832764,-0.03591698780655861,0.6983473300933838,0.8355542421340942,-0.07844353467226028,0.6627597808837891,0.7939653992652893,-0.07419773936271667,0.646390438079834,0.7629408836364746,-0.06059239059686661,0.689298689365387,0.844183623790741,-0.04110369831323624,0.674878716468811,0.8513127565383911,-0.06829608976840973,0.6496456861495972,0.8165798187255859,-0.06405149400234222,0.640139102935791,0.7882542014122009,-0.05318198725581169,Г
0.0,0.0,0.0,0.0,0.0,0.0,0.0,0.0,0.0,0.0,0.0,0.0,0.0,0.0,0.0,0.0,0.0,0.0,0.0,0.0,0.0,0.0,0.0,0.0,0.0,0.0,0.0,0.0,0.0,0.0,0.0,0.0,0.0,0.0,0.0,0.0,0.0,0.0,0.0,0.0,0.0,0.0,0.0,0.0,0.0,0.0,0.0,0.0,0.0,0.0,0.0,0.0,0.0,0.0,0.0,0.0,0.0,0.0,0.0,0.0,0.0,0.0,0.0,0.6084266304969788,0.7585682272911072,-7.409083480069967e-08,0.6389544606208801,0.6978835463523865,-0.026314379647374153,0.6929704546928406,0.6671482920646667,-0.04166378453373909,0.7399775385856628,0.6526922583580017,-0.05678674206137657,0.7718297839164734,0.6239584684371948,-0.07176501303911209,0.7536556124687195,0.7483603954315186,-0.033863797783851624,0.8114253282546997,0.8010342121124268,-0.062189120799303055,0.8449321389198303,0.8393622636795044,-0.07966724038124084,0.8726209998130798,0.873135507106781,-0.09104327857494354,0.7381754517555237,0.7882382869720459,-0.03465641289949417,0.730649471282959,0.813154935836792,-0.08319157361984253,0.6845024824142456,0.7745676636695862,-0.09460185468196869,0.658993661403656,0.7452495694160461,-0.09185905009508133,0.7154052257537842,0.8178715109825134,-0.03808463364839554,0.7019428610801697,0.8339185118675232,-0.08314304053783417,0.6649267673492432,0.791491687297821,-0.07845315337181091,0.6488363742828369,0.7602545022964478,-0.06400716304779053,0.6907007694244385,0.8385667204856873,-0.04339466616511345,0.6791291832923889,0.8518418669700623,-0.07281958311796188,0.6530012488365173,0.8174901008605957,-0.06827007234096527,0.6430310606956482,0.7891668677330017,-0.05676600709557533,Г
0.0,0.0,0.0,0.0,0.0,0.0,0.0,0.0,0.0,0.0,0.0,0.0,0.0,0.0,0.0,0.0,0.0,0.0,0.0,0.0,0.0,0.0,0.0,0.0,0.0,0.0,0.0,0.0,0.0,0.0,0.0,0.0,0.0,0.0,0.0,0.0,0.0,0.0,0.0,0.0,0.0,0.0,0.0,0.0,0.0,0.0,0.0,0.0,0.0,0.0,0.0,0.0,0.0,0.0,0.0,0.0,0.0,0.0,0.0,0.0,0.0,0.0,0.0,0.6079124808311462,0.7631427049636841,-1.0638706982035728e-07,0.6377202272415161,0.7007889151573181,-0.02386900782585144,0.6921398639678955,0.6683720350265503,-0.03765419125556946,0.7392235994338989,0.6549412608146667,-0.051414571702480316,0.7711169719696045,0.627217710018158,-0.06505916267633438,0.7520048022270203,0.7504388093948364,-0.03161541372537613,0.810787558555603,0.8033329844474792,-0.058303192257881165,0.8443368077278137,0.8417203426361084,-0.07492246478796005,0.8721786737442017,0.8752074241638184,-0.08578326553106308,0.736743152141571,0.7908210754394531,-0.03302190452814102,0.7293243408203125,0.8151280879974365,-0.07941368222236633,0.6836833357810974,0.7773038148880005,-0.09046625345945358,0.6573300957679749,0.7470161318778992,-0.08789629489183426,0.7146366834640503,0.8209232091903687,-0.03671451285481453,0.7017186880111694,0.8356828689575195,-0.07889091223478317,0.664208173751831,0.7945637702941895,-0.07376361638307571,0.646507740020752,0.7633151412010193,-0.05969594046473503,0.6900047659873962,0.8422982096672058,-0.04218006134033203,0.678449273109436,0.8524038791656494,-0.06942317634820938,0.6520955562591553,0.8181231617927551,-0.06452112644910812,0.6414239406585693,0.789387047290802,-0.05309763923287392,Г
0.0,0.0,0.0,0.0,0.0,0.0,0.0,0.0,0.0,0.0,0.0,0.0,0.0,0.0,0.0,0.0,0.0,0.0,0.0,0.0,0.0,0.0,0.0,0.0,0.0,0.0,0.0,0.0,0.0,0.0,0.0,0.0,0.0,0.0,0.0,0.0,0.0,0.0,0.0,0.0,0.0,0.0,0.0,0.0,0.0,0.0,0.0,0.0,0.0,0.0,0.0,0.0,0.0,0.0,0.0,0.0,0.0,0.0,0.0,0.0,0.0,0.0,0.0,0.6091225147247314,0.7608543634414673,-1.1168691571583622e-07,0.6383881568908691,0.6996027827262878,-0.024506572633981705,0.6923880577087402,0.6691176891326904,-0.03845326974987984,0.7391806244850159,0.6559396386146545,-0.05228617787361145,0.770665168762207,0.627734899520874,-0.0660591796040535,0.7529690265655518,0.751602292060852,-0.031663428992033005,0.8107651472091675,0.8043867349624634,-0.05841601639986038,0.8443635702133179,0.8427597880363464,-0.07477565109729767,0.8721964359283447,0.876374363899231,-0.08544768393039703,0.7379797101020813,0.7927888035774231,-0.03273841366171837,0.7295111417770386,0.8143664598464966,-0.0787535160779953,0.6840550899505615,0.7748765349388123,-0.0891725942492485,0.659106969833374,0.7448385953903198,-0.08621048182249069,0.7156184315681458,0.8229002356529236,-0.03625927120447159,0.7011155486106873,0.8355644345283508,-0.07836180180311203,0.6643991470336914,0.793715238571167,-0.07289756834506989,0.6483889818191528,0.7633370757102966,-0.05863754078745842,0.6908662915229797,0.8439561724662781,-0.04165003448724747,0.6772247552871704,0.8519715070724487,-0.06882961839437485,0.6514487266540527,0.8176921606063843,-0.06396183371543884,0.6424347162246704,0.7902474403381348,-0.05260341987013817,Г
0.0,0.0,0.0,0.0,0.0,0.0,0.0,0.0,0.0,0.0,0.0,0.0,0.0,0.0,0.0,0.0,0.0,0.0,0.0,0.0,0.0,0.0,0.0,0.0,0.0,0.0,0.0,0.0,0.0,0.0,0.0,0.0,0.0,0.0,0.0,0.0,0.0,0.0,0.0,0.0,0.0,0.0,0.0,0.0,0.0,0.0,0.0,0.0,0.0,0.0,0.0,0.0,0.0,0.0,0.0,0.0,0.0,0.0,0.0,0.0,0.0,0.0,0.0,0.6076757311820984,0.7633007168769836,-8.19476895230764e-08,0.6383002996444702,0.700450599193573,-0.02680886536836624,0.6916210651397705,0.6691657304763794,-0.04247807338833809,0.7392956614494324,0.6558678150177002,-0.05771913006901741,0.771567165851593,0.6257709860801697,-0.07279025763273239,0.7518300414085388,0.7504606246948242,-0.03480963781476021,0.8104404211044312,0.8030233383178711,-0.06304548680782318,0.84438157081604,0.8416367769241333,-0.08053088933229446,0.8728408813476562,0.8754168152809143,-0.0920206680893898,0.7366112470626831,0.7918877601623535,-0.035325221717357635,0.7290697693824768,0.8144152164459229,-0.08366709202528,0.6837134957313538,0.7758419513702393,-0.09534399956464767,0.6575427055358887,0.7451609969139099,-0.09300365298986435,0.7144927382469177,0.822629988193512,-0.03842203691601753,0.7001444101333618,0.8357526063919067,-0.08263208717107773,0.6639048457145691,0.7939961552619934,-0.07812656462192535,0.6467286944389343,0.762275218963623,-0.06414131820201874,0.6901522278785706,0.8440045118331909,-0.0435464046895504,0.6767814755439758,0.8522970080375671,-0.07238863408565521,0.65095454454422,0.8185782432556152,-0.06840597838163376,0.6408658623695374,0.7910093665122986,-0.05748210474848747,Г
0.0,0.0,0.0,0.0,0.0,0.0,0.0,0.0,0.0,0.0,0.0,0.0,0.0,0.0,0.0,0.0,0.0,0.0,0.0,0.0,0.0,0.0,0.0,0.0,0.0,0.0,0.0,0.0,0.0,0.0,0.0,0.0,0.0,0.0,0.0,0.0,0.0,0.0,0.0,0.0,0.0,0.0,0.0,0.0,0.0,0.0,0.0,0.0,0.0,0.0,0.0,0.0,0.0,0.0,0.0,0.0,0.0,0.0,0.0,0.0,0.0,0.0,0.0,0.6083790063858032,0.7615697383880615,-1.1902514529538166e-07,0.6375573873519897,0.699933648109436,-0.024634428322315216,0.6917144656181335,0.6690369844436646,-0.038873206824064255,0.7388920187950134,0.6552632451057434,-0.052907299250364304,0.7713596820831299,0.6262791752815247,-0.06670711934566498,0.7524300813674927,0.7526563405990601,-0.03191040828824043,0.8111593127250671,0.8046726584434509,-0.057962946593761444,0.8452163338661194,0.8422714471817017,-0.07374227046966553,0.8735834360122681,0.8751288056373596,-0.0841112807393074,0.7382902503013611,0.7944141626358032,-0.032739050686359406,0.7284233570098877,0.8148291707038879,-0.07836287468671799,0.6838580369949341,0.7762041091918945,-0.08901181817054749,0.6583190560340881,0.7463038563728333,-0.08624355494976044,0.7163518071174622,0.8248223662376404,-0.035866424441337585,0.6997649073600769,0.8350352644920349,-0.07733297348022461,0.6642563939094543,0.7933962345123291,-0.07254232466220856,0.6480218172073364,0.7628255486488342,-0.058887042105197906,0.6917714476585388,0.8456626534461975,-0.04086616635322571,0.6764545440673828,0.8508241176605225,-0.06718913465738297,0.6512707471847534,0.8161569833755493,-0.06267090141773224,0.6422114372253418,0.7882066369056702,-0.051768507808446884,Г
0.0,0.0,0.0,0.0,0.0,0.0,0.0,0.0,0.0,0.0,0.0,0.0,0.0,0.0,0.0,0.0,0.0,0.0,0.0,0.0,0.0,0.0,0.0,0.0,0.0,0.0,0.0,0.0,0.0,0.0,0.0,0.0,0.0,0.0,0.0,0.0,0.0,0.0,0.0,0.0,0.0,0.0,0.0,0.0,0.0,0.0,0.0,0.0,0.0,0.0,0.0,0.0,0.0,0.0,0.0,0.0,0.0,0.0,0.0,0.0,0.0,0.0,0.0,0.6084957718849182,0.7611317038536072,-1.0786503423787508e-07,0.6378505229949951,0.7001622915267944,-0.0255670677870512,0.6915163993835449,0.6692488193511963,-0.040343087166547775,0.7385395765304565,0.6556013226509094,-0.054899536073207855,0.7711029052734375,0.6266335248947144,-0.06926360726356506,0.7527113556861877,0.7524038553237915,-0.032624710351228714,0.8110257387161255,0.8035516738891602,-0.05910651758313179,0.8446483016014099,0.8413573503494263,-0.07546857744455338,0.872786283493042,0.8743183612823486,-0.08636362850666046,0.737599790096283,0.7929893732070923,-0.03335854411125183,0.729290246963501,0.8146252036094666,-0.07968591898679733,0.6843950748443604,0.7759047150611877,-0.0908975601196289,0.6585084795951843,0.745276153087616,-0.08860115706920624,0.7151376605033875,0.8226988315582275,-0.036517057567834854,0.7012026906013489,0.8359469175338745,-0.07910644263029099,0.6651722192764282,0.7937085628509521,-0.07453566044569016,0.6480299830436707,0.7618988752365112,-0.0608576275408268,0.6902209520339966,0.8432389497756958,-0.04158258065581322,0.678222119808197,0.8526952266693115,-0.06931525468826294,0.6529129147529602,0.8179460763931274,-0.06508486717939377,0.6427704095840454,0.788841187953949,-0.05421469733119011,Г
0.0,0.0,0.0,0.0,0.0,0.0,0.0,0.0,0.0,0.0,0.0,0.0,0.0,0.0,0.0,0.0,0.0,0.0,0.0,0.0,0.0,0.0,0.0,0.0,0.0,0.0,0.0,0.0,0.0,0.0,0.0,0.0,0.0,0.0,0.0,0.0,0.0,0.0,0.0,0.0,0.0,0.0,0.0,0.0,0.0,0.0,0.0,0.0,0.0,0.0,0.0,0.0,0.0,0.0,0.0,0.0,0.0,0.0,0.0,0.0,0.0,0.0,0.0,0.6080437898635864,0.7623482942581177,-9.140683232544689e-08,0.6384175419807434,0.6980938911437988,-0.025036510080099106,0.6920685172080994,0.6668330430984497,-0.0391249805688858,0.7393341064453125,0.6533227562904358,-0.05301770195364952,0.7709635496139526,0.6249708533287048,-0.06687667965888977,0.752515435218811,0.7494954466819763,-0.03174516558647156,0.8110480904579163,0.8016834259033203,-0.058708347380161285,0.844519853591919,0.8400763869285583,-0.07578002661466599,0.8721576929092407,0.8738016486167908,-0.08690577000379562,0.7369139790534973,0.7904084920883179,-0.03240514546632767,0.7299292683601379,0.811514675617218,-0.07909754663705826,0.6845420598983765,0.7733234167098999,-0.09050805866718292,0.6580847501754761,0.7440379858016968,-0.08809662610292435,0.7141219973564148,0.820402979850769,-0.035466209053993225,0.7026789784431458,0.8327022790908813,-0.07857245951890945,0.6655237674713135,0.7917066812515259,-0.07390305399894714,0.6472612023353577,0.761370837688446,-0.05970476567745209,0.6893134117126465,0.8410040736198425,-0.04030851274728775,0.6785129904747009,0.8490180969238281,-0.06842483580112457,0.6521655321121216,0.816650927066803,-0.0636659488081932,0.6408088803291321,0.7908567190170288,-0.05197123438119888,Г
0.0,0.0,0.0,0.0,0.0,0.0,0.0,0.0,0.0,0.0,0.0,0.0,0.0,0.0,0.0,0.0,0.0,0.0,0.0,0.0,0.0,0.0,0.0,0.0,0.0,0.0,0.0,0.0,0.0,0.0,0.0,0.0,0.0,0.0,0.0,0.0,0.0,0.0,0.0,0.0,0.0,0.0,0.0,0.0,0.0,0.0,0.0,0.0,0.0,0.0,0.0,0.0,0.0,0.0,0.0,0.0,0.0,0.0,0.0,0.0,0.0,0.0,0.0,0.6086112260818481,0.7594514489173889,-9.14758402359439e-08,0.6383200287818909,0.6979557871818542,-0.025755569338798523,0.691832423210144,0.6674193739891052,-0.04061475768685341,0.7388197183609009,0.653563916683197,-0.05523918196558952,0.7710695266723633,0.624091625213623,-0.06972898542881012,0.7530248165130615,0.7492276430130005,-0.03325312212109566,0.8108765482902527,0.8011908531188965,-0.060722243040800095,0.8439320921897888,0.8387070894241333,-0.07780107110738754,0.871741771697998,0.8718975782394409,-0.08918554335832596,0.737809956073761,0.7901508212089539,-0.03421222046017647,0.729434072971344,0.8132045269012451,-0.08191695064306259,0.6838260889053345,0.7749928832054138,-0.09358477592468262,0.6579041481018066,0.7448753714561462,-0.09137903898954391,0.7150626182556152,0.8202292919158936,-0.03764994814991951,0.7004626989364624,0.8336487412452698,-0.08134212344884872,0.6636626720428467,0.7917191982269287,-0.07668221741914749,0.6468474864959717,0.7601704001426697,-0.06276208907365799,0.6900402307510376,0.8407807350158691,-0.04302561655640602,0.6764512062072754,0.8501943349838257,-0.07156437635421753,0.6504777669906616,0.8158993124961853,-0.06733833253383636,0.6405970454216003,0.7874510288238525,-0.05634457617998123,Г
0.0,0.0,0.0,0.0,0.0,0.0,0.0,0.0,0.0,0.0,0.0,0.0,0.0,0.0,0.0,0.0,0.0,0.0,0.0,0.0,0.0,0.0,0.0,0.0,0.0,0.0,0.0,0.0,0.0,0.0,0.0,0.0,0.0,0.0,0.0,0.0,0.0,0.0,0.0,0.0,0.0,0.0,0.0,0.0,0.0,0.0,0.0,0.0,0.0,0.0,0.0,0.0,0.0,0.0,0.0,0.0,0.0,0.0,0.0,0.0,0.0,0.0,0.0,0.6082628965377808,0.7584143877029419,-9.979940074344995e-08,0.6381169557571411,0.6964527368545532,-0.025158802047371864,0.691943883895874,0.6665487289428711,-0.03965117409825325,0.7390273213386536,0.6532690525054932,-0.05399622395634651,0.7710630893707275,0.6240662932395935,-0.06822901219129562,0.7523626685142517,0.7494326829910278,-0.03236420080065727,0.8104807734489441,0.8016710877418518,-0.05933801084756851,0.8434796333312988,0.8397806286811829,-0.07618893682956696,0.871037483215332,0.873254656791687,-0.08733244240283966,0.7371364831924438,0.7907034754753113,-0.033269524574279785,0.7282357811927795,0.8127002716064453,-0.08022473752498627,0.6829534769058228,0.7743975520133972,-0.09172997623682022,0.6573134064674377,0.7447171807289124,-0.0894857794046402,0.7142543792724609,0.8207859992980957,-0.03654463589191437,0.6996670365333557,0.8329728245735168,-0.07990550994873047,0.662934422492981,0.7912827134132385,-0.07526358962059021,0.6459927558898926,0.7606276273727417,-0.06127767264842987,0.6893907785415649,0.8411358594894409,-0.041628334671258926,0.6765779256820679,0.8502622842788696,-0.06969204545021057,0.6507841944694519,0.8162379860877991,-0.06498771905899048,0.640527069568634,0.7883147597312927,-0.05360889807343483,Г
0.0,0.0,0.0,0.0,0.0,0.0,0.0,0.0,0.0,0.0,0.0,0.0,0.0,0.0,0.0,0.0,0.0,0.0,0.0,0.0,0.0,0.0,0.0,0.0,0.0,0.0,0.0,0.0,0.0,0.0,0.0,0.0,0.0,0.0,0.0,0.0,0.0,0.0,0.0,0.0,0.0,0.0,0.0,0.0,0.0,0.0,0.0,0.0,0.0,0.0,0.0,0.0,0.0,0.0,0.0,0.0,0.0,0.0,0.0,0.0,0.0,0.0,0.0,0.6077038049697876,0.7567886114120483,-1.0633073088683886e-07,0.6377698183059692,0.6974413394927979,-0.024529578164219856,0.6912825703620911,0.6685270667076111,-0.03920429199934006,0.738437294960022,0.6576468348503113,-0.053817786276340485,0.7699781656265259,0.6285871267318726,-0.06839171051979065,0.7494580149650574,0.7543359398841858,-0.03240349143743515,0.8085682988166809,0.8078261017799377,-0.05953183397650719,0.8423949480056763,0.8471479415893555,-0.07612302154302597,0.8703194856643677,0.8815300464630127,-0.08668460696935654,0.7332639694213867,0.7952256202697754,-0.03353235870599747,0.7258542776107788,0.819993793964386,-0.07964164763689041,0.6809265613555908,0.7815062999725342,-0.08996948599815369,0.6558839678764343,0.7514680624008179,-0.08682654052972794,0.7110328674316406,0.825171172618866,-0.037011921405792236,0.697566568851471,0.8404110670089722,-0.07912136614322662,0.6616641283035278,0.7993570566177368,-0.07338441908359528,0.6452941298484802,0.7688001990318298,-0.05882112681865692,0.6868879795074463,0.8457443714141846,-0.04227760434150696,0.6751828193664551,0.8557648658752441,-0.06848523020744324,0.649616539478302,0.8217478394508362,-0.06232857704162598,0.6396548748016357,0.7940022349357605,-0.05013244226574898,Г
0.0,0.0,0.0,0.0,0.0,0.0,0.0,0.0,0.0,0.0,0.0,0.0,0.0,0.0,0.0,0.0,0.0,0.0,0.0,0.0,0.0,0.0,0.0,0.0,0.0,0.0,0.0,0.0,0.0,0.0,0.0,0.0,0.0,0.0,0.0,0.0,0.0,0.0,0.0,0.0,0.0,0.0,0.0,0.0,0.0,0.0,0.0,0.0,0.0,0.0,0.0,0.0,0.0,0.0,0.0,0.0,0.0,0.0,0.0,0.0,0.0,0.0,0.0,0.6072844862937927,0.7559666633605957,-9.38696231855829e-08,0.6385803818702698,0.6969965696334839,-0.026296842843294144,0.6908954977989197,0.6683604121208191,-0.042600344866514206,0.7380082011222839,0.6551388502120972,-0.05857427790760994,0.7715572118759155,0.6269266605377197,-0.07426995038986206,0.7502234578132629,0.7530187368392944,-0.03520843759179115,0.8097192645072937,0.8057605624198914,-0.06352424621582031,0.8434402346611023,0.844398021697998,-0.08067598193883896,0.871665894985199,0.8785076141357422,-0.09166203439235687,0.7353104948997498,0.7951399683952332,-0.035530935972929,0.7261584401130676,0.8150436282157898,-0.08298580348491669,0.6815175414085388,0.7765427231788635,-0.09338319301605225,0.6560483574867249,0.7479346990585327,-0.09032383561134338,0.7132624387741089,0.8254131078720093,-0.038369759917259216,0.6975663304328918,0.8349670171737671,-0.08174479007720947,0.6620275974273682,0.7937023043632507,-0.07586969435214996,0.645290195941925,0.7642037868499756,-0.06114255636930466,0.6891968250274658,0.8459487557411194,-0.04318920150399208,0.6757509708404541,0.8533157110214233,-0.07045850902795792,0.6502206325531006,0.8189588189125061,-0.06483537703752518,0.6399720907211304,0.7915387153625488,-0.05297495052218437,Г
0.0,0.0,0.0,0.0,0.0,0.0,0.0,0.0,0.0,0.0,0.0,0.0,0.0,0.0,0.0,0.0,0.0,0.0,0.0,0.0,0.0,0.0,0.0,0.0,0.0,0.0,0.0,0.0,0.0,0.0,0.0,0.0,0.0,0.0,0.0,0.0,0.0,0.0,0.0,0.0,0.0,0.0,0.0,0.0,0.0,0.0,0.0,0.0,0.0,0.0,0.0,0.0,0.0,0.0,0.0,0.0,0.0,0.0,0.0,0.0,0.0,0.0,0.0,0.6061685681343079,0.7561643719673157,-9.687988722362206e-08,0.6354332566261292,0.6959285140037537,-0.025194568559527397,0.6893844604492188,0.6651467680931091,-0.040134068578481674,0.7368608713150024,0.6525133848190308,-0.054941851645708084,0.7691810131072998,0.6242121458053589,-0.06950639188289642,0.7507776618003845,0.7470809817314148,-0.032731134444475174,0.8099141716957092,0.7993552684783936,-0.059634383767843246,0.8435018658638,0.8379141092300415,-0.0758916586637497,0.8715164065361023,0.8717362880706787,-0.08644866198301315,0.7357295751571655,0.7868894338607788,-0.03361329063773155,0.7287625074386597,0.8135819435119629,-0.0795104131102562,0.6830558776855469,0.7761293053627014,-0.08982113003730774,0.6582483053207397,0.7468618750572205,-0.08691942691802979,0.7140250205993652,0.8170197010040283,-0.03692023456096649,0.7015758156776428,0.8359550833702087,-0.0788995549082756,0.6647261381149292,0.7936440110206604,-0.07310128957033157,0.6486297249794006,0.7620581984519958,-0.05875282362103462,0.6897224187850952,0.8386724591255188,-0.04215139150619507,0.6791585087776184,0.8528849482536316,-0.06871014088392258,0.6531766653060913,0.8178115487098694,-0.06315847486257553,0.6431984305381775,0.7885482907295227,-0.05156341940164566,Г
0.0,0.0,0.0,0.0,0.0,0.0,0.0,0.0,0.0,0.0,0.0,0.0,0.0,0.0,0.0,0.0,0.0,0.0,0.0,0.0,0.0,0.0,0.0,0.0,0.0,0.0,0.0,0.0,0.0,0.0,0.0,0.0,0.0,0.0,0.0,0.0,0.0,0.0,0.0,0.0,0.0,0.0,0.0,0.0,0.0,0.0,0.0,0.0,0.0,0.0,0.0,0.0,0.0,0.0,0.0,0.0,0.0,0.0,0.0,0.0,0.0,0.0,0.0,0.6062811017036438,0.755440890789032,-1.0125526017645825e-07,0.6363469958305359,0.6947239637374878,-0.02433236688375473,0.6900043487548828,0.6636586785316467,-0.03832230716943741,0.7362778186798096,0.6502208709716797,-0.05222059413790703,0.7685056924819946,0.6231690049171448,-0.06601300835609436,0.7506374716758728,0.7455207705497742,-0.03154536336660385,0.809891402721405,0.797568142414093,-0.05791248753666878,0.8435117602348328,0.8357346057891846,-0.07437310367822647,0.8714611530303955,0.8690524697303772,-0.08506983518600464,0.7353848814964294,0.7868074774742126,-0.032643552869558334,0.7276105284690857,0.8072192072868347,-0.07871371507644653,0.6820796132087708,0.7712175250053406,-0.09004819393157959,0.6553514003753662,0.7438645362854004,-0.08759760111570358,0.713082492351532,0.8171676397323608,-0.03599397838115692,0.6996943354606628,0.8279892802238464,-0.07768647372722626,0.6628355383872986,0.7884559631347656,-0.0725642591714859,0.645307183265686,0.7597271203994751,-0.058383699506521225,0.6886304020881653,0.8381692171096802,-0.041183892637491226,0.6775170564651489,0.8457778096199036,-0.06732325255870819,0.6517260670661926,0.8130381107330322,-0.061679620295763016,0.6409338116645813,0.7868176102638245,-0.04973417520523071,Г
0.0,0.0,0.0,0.0,0.0,0.0,0.0,0.0,0.0,0.0,0.0,0.0,0.0,0.0,0.0,0.0,0.0,0.0,0.0,0.0,0.0,0.0,0.0,0.0,0.0,0.0,0.0,0.0,0.0,0.0,0.0,0.0,0.0,0.0,0.0,0.0,0.0,0.0,0.0,0.0,0.0,0.0,0.0,0.0,0.0,0.0,0.0,0.0,0.0,0.0,0.0,0.0,0.0,0.0,0.0,0.0,0.0,0.0,0.0,0.0,0.0,0.0,0.0,0.6070867776870728,0.756748378276825,-1.0870143540842037e-07,0.631857693195343,0.6925874352455139,-0.025720976293087006,0.6843626499176025,0.6600428819656372,-0.04007803648710251,0.7318549156188965,0.6481859087944031,-0.05361054092645645,0.7634308934211731,0.6207040548324585,-0.06693117320537567,0.7435964941978455,0.74356609582901,-0.0347406342625618,0.8034903407096863,0.7957095503807068,-0.06122809648513794,0.8376016616821289,0.8338778614997864,-0.07713527977466583,0.8650436997413635,0.8680548667907715,-0.08701097220182419,0.7293062210083008,0.786483883857727,-0.03443858027458191,0.7205906510353088,0.8059356808662415,-0.07958319038152695,0.6758736968040466,0.770134687423706,-0.08937039971351624,0.6491954326629639,0.7436388731002808,-0.08568979054689407,0.7082617282867432,0.8176859617233276,-0.03637845441699028,0.691970944404602,0.826225757598877,-0.07804501801729202,0.6560409069061279,0.7881326079368591,-0.07276611775159836,0.6387782692909241,0.760897159576416,-0.05819658190011978,0.6855658888816833,0.8388296365737915,-0.040039606392383575,0.671829879283905,0.8424189686775208,-0.06605929136276245,0.6452524662017822,0.8115329742431641,-0.060056816786527634,0.6340779662132263,0.7877277731895447,-0.047680433839559555,Г
0.0,0.0,0.0,0.0,0.0,0.0,0.0,0.0,0.0,0.0,0.0,0.0,0.0,0.0,0.0,0.0,0.0,0.0,0.0,0.0,0.0,0.0,0.0,0.0,0.0,0.0,0.0,0.0,0.0,0.0,0.0,0.0,0.0,0.0,0.0,0.0,0.0,0.0,0.0,0.0,0.0,0.0,0.0,0.0,0.0,0.0,0.0,0.0,0.0,0.0,0.0,0.0,0.0,0.0,0.0,0.0,0.0,0.0,0.0,0.0,0.0,0.0,0.0,0.605241596698761,0.7572072744369507,-1.0339601885789307e-07,0.6313391923904419,0.6933020353317261,-0.02478877827525139,0.6842113137245178,0.6604045033454895,-0.03880324959754944,0.7308527827262878,0.646343469619751,-0.05234011635184288,0.7621603608131409,0.6185920238494873,-0.06588657200336456,0.7419605255126953,0.7444631457328796,-0.03364932909607887,0.8017756938934326,0.7964544892311096,-0.059747375547885895,0.8350319862365723,0.8347353935241699,-0.07563883811235428,0.8620387315750122,0.8687723875045776,-0.0858754813671112,0.7266393303871155,0.7884183526039124,-0.03432352468371391,0.7191199064254761,0.8052209615707397,-0.07992769032716751,0.6748542785644531,0.7695613503456116,-0.09074127674102783,0.6485334634780884,0.7429391741752625,-0.0880308449268341,0.7041717171669006,0.8199394345283508,-0.03716140612959862,0.6893596053123474,0.8246645927429199,-0.07923085987567902,0.6538040637969971,0.78646320104599,-0.07463804632425308,0.6370531320571899,0.7586250901222229,-0.06072800233960152,0.680350661277771,0.8406182527542114,-0.04161513224244118,0.6681725382804871,0.8414848446846008,-0.06822843849658966,0.6425352692604065,0.8102318048477173,-0.06273297220468521,0.6318421363830566,0.7858309149742126,-0.05086751654744148,Г
0.0,0.0,0.0,0.0,0.0,0.0,0.0,0.0,0.0,0.0,0.0,0.0,0.0,0.0,0.0,0.0,0.0,0.0,0.0,0.0,0.0,0.0,0.0,0.0,0.0,0.0,0.0,0.0,0.0,0.0,0.0,0.0,0.0,0.0,0.0,0.0,0.0,0.0,0.0,0.0,0.0,0.0,0.0,0.0,0.0,0.0,0.0,0.0,0.0,0.0,0.0,0.0,0.0,0.0,0.0,0.0,0.0,0.0,0.0,0.0,0.0,0.0,0.0,0.6077022552490234,0.7575685381889343,-8.622379255029955e-08,0.6314036846160889,0.6942194700241089,-0.02570914290845394,0.6841509938240051,0.659582793712616,-0.04073671996593475,0.7324187755584717,0.6459797620773315,-0.055051565170288086,0.7647509574890137,0.6176944971084595,-0.06922566890716553,0.7452438473701477,0.7436628341674805,-0.034987181425094604,0.8041527271270752,0.7958030700683594,-0.06289408355951309,0.8388989567756653,0.8338391780853271,-0.07992363721132278,0.8670812249183655,0.8689907193183899,-0.09049556404352188,0.7313725352287292,0.7862193584442139,-0.034899141639471054,0.7230047583580017,0.8080189824104309,-0.08192697912454605,0.6775419116020203,0.770897388458252,-0.09197652339935303,0.6498870849609375,0.7431890368461609,-0.08795785158872604,0.7101147174835205,0.8175128698348999,-0.03709440305829048,0.6943633556365967,0.8280938863754272,-0.08151037245988846,0.6572452187538147,0.7878186106681824,-0.07640696316957474,0.6387391090393066,0.7586097121238708,-0.06120897829532623,0.6873329877853394,0.8396595120429993,-0.04081225022673607,0.6737316846847534,0.8440399169921875,-0.06885755807161331,0.6455820798873901,0.8120812177658081,-0.06298237293958664,0.6334789991378784,0.7876455783843994,-0.05035477131605148,Г
0.0,0.0,0.0,0.0,0.0,0.0,0.0,0.0,0.0,0.0,0.0,0.0,0.0,0.0,0.0,0.0,0.0,0.0,0.0,0.0,0.0,0.0,0.0,0.0,0.0,0.0,0.0,0.0,0.0,0.0,0.0,0.0,0.0,0.0,0.0,0.0,0.0,0.0,0.0,0.0,0.0,0.0,0.0,0.0,0.0,0.0,0.0,0.0,0.0,0.0,0.0,0.0,0.0,0.0,0.0,0.0,0.0,0.0,0.0,0.0,0.0,0.0,0.0,0.6081010699272156,0.7530249953269958,-9.732716677035569e-08,0.6352592706680298,0.6927902698516846,-0.02588733285665512,0.6878470778465271,0.6605426073074341,-0.041278988122940063,0.7339382767677307,0.6456518173217773,-0.0561247356235981,0.7658533453941345,0.6172848343849182,-0.07094555348157883,0.7485036849975586,0.7435807585716248,-0.035709965974092484,0.8074320554733276,0.7955801486968994,-0.062375009059906006,0.841521143913269,0.8338378071784973,-0.07858637720346451,0.8696317076683044,0.8676705956459045,-0.08906356245279312,0.7341371774673462,0.7855784893035889,-0.03619828075170517,0.7226806282997131,0.8068937659263611,-0.08190679550170898,0.6781505942344666,0.7701215744018555,-0.09251175075769424,0.6526162624359131,0.7408958077430725,-0.08987868577241898,0.7119410634040833,0.8163391351699829,-0.03889433294534683,0.6947624683380127,0.827399492263794,-0.08110660314559937,0.658716082572937,0.7880306243896484,-0.07597704231739044,0.6418060660362244,0.7576661109924316,-0.06194961443543434,0.6874650716781616,0.837442934513092,-0.04338913410902023,0.6744372248649597,0.8454067707061768,-0.07037970423698425,0.6478866934776306,0.8138436079025269,-0.06472542881965637,0.6364756226539612,0.7867516279220581,-0.05277670919895172,Г
0.0,0.0,0.0,0.0,0.0,0.0,0.0,0.0,0.0,0.0,0.0,0.0,0.0,0.0,0.0,0.0,0.0,0.0,0.0,0.0,0.0,0.0,0.0,0.0,0.0,0.0,0.0,0.0,0.0,0.0,0.0,0.0,0.0,0.0,0.0,0.0,0.0,0.0,0.0,0.0,0.0,0.0,0.0,0.0,0.0,0.0,0.0,0.0,0.0,0.0,0.0,0.0,0.0,0.0,0.0,0.0,0.0,0.0,0.0,0.0,0.0,0.0,0.0,0.6059471368789673,0.7545047998428345,-9.813584256335162e-08,0.6354519724845886,0.6924697756767273,-0.024236507713794708,0.6884922981262207,0.6603246927261353,-0.03815625607967377,0.7354735732078552,0.6467791795730591,-0.05186067149043083,0.7672297358512878,0.6185680627822876,-0.06556818634271622,0.748832106590271,0.7438615560531616,-0.032620884478092194,0.8090109825134277,0.7964116930961609,-0.0589296780526638,0.8428453207015991,0.8355457782745361,-0.07552731037139893,0.8710942268371582,0.8694069981575012,-0.08635015040636063,0.733087956905365,0.7862856984138489,-0.03361382707953453,0.7260774374008179,0.8079161643981934,-0.0793636292219162,0.6813899874687195,0.7711349129676819,-0.0908522754907608,0.6538140177726746,0.7402353882789612,-0.08877942711114883,0.710517942905426,0.8174501061439514,-0.03674500808119774,0.6981903910636902,0.8289299011230469,-0.07829661667346954,0.6620445251464844,0.7892711758613586,-0.07369906455278397,0.6429605484008789,0.7576037049293518,-0.06003274768590927,0.6859893798828125,0.8380186557769775,-0.04158142954111099,0.6752714514732361,0.8458127975463867,-0.06812401115894318,0.6492205262184143,0.8140603303909302,-0.06297300010919571,0.6369351744651794,0.7869288921356201,-0.05137266591191292,Г
0.0,0.0,0.0,0.0,0.0,0.0,0.0,0.0,0.0,0.0,0.0,0.0,0.0,0.0,0.0,0.0,0.0,0.0,0.0,0.0,0.0,0.0,0.0,0.0,0.0,0.0,0.0,0.0,0.0,0.0,0.0,0.0,0.0,0.0,0.0,0.0,0.0,0.0,0.0,0.0,0.0,0.0,0.0,0.0,0.0,0.0,0.0,0.0,0.0,0.0,0.0,0.0,0.0,0.0,0.0,0.0,0.0,0.0,0.0,0.0,0.0,0.0,0.0,0.6047525405883789,0.7536777257919312,-7.269686363997607e-08,0.6369437575340271,0.6936575174331665,-0.025480089709162712,0.6899269223213196,0.6627351641654968,-0.040671806782484055,0.7372841835021973,0.6490958333015442,-0.0556093230843544,0.7693289518356323,0.6203795671463013,-0.07046850770711899,0.7499908208847046,0.7455988526344299,-0.0343652106821537,0.8103463649749756,0.7994435429573059,-0.06320823729038239,0.8445045948028564,0.8391221761703491,-0.08163410425186157,0.8730481863021851,0.8738341927528381,-0.09348084777593613,0.7328675389289856,0.7877972722053528,-0.03540053591132164,0.729586660861969,0.810588002204895,-0.08497152477502823,0.6829869151115417,0.7721013426780701,-0.09748753160238266,0.6539341807365417,0.7406553030014038,-0.09505726397037506,0.7098796367645264,0.8194477558135986,-0.03874953091144562,0.7009467482566833,0.8321936130523682,-0.08343211561441422,0.6634082794189453,0.7913901209831238,-0.07847896218299866,0.6430619359016418,0.7594597935676575,-0.06348361074924469,0.6854730844497681,0.8402063250541687,-0.04390009492635727,0.6771938800811768,0.8487801551818848,-0.0725223645567894,0.6507182717323303,0.8156136870384216,-0.0671824961900711,0.6379173398017883,0.7887012958526611,-0.054794322699308395,Г
0.0,0.0,0.0,0.0,0.0,0.0,0.0,0.0,0.0,0.0,0.0,0.0,0.0,0.0,0.0,0.0,0.0,0.0,0.0,0.0,0.0,0.0,0.0,0.0,0.0,0.0,0.0,0.0,0.0,0.0,0.0,0.0,0.0,0.0,0.0,0.0,0.0,0.0,0.0,0.0,0.0,0.0,0.0,0.0,0.0,0.0,0.0,0.0,0.0,0.0,0.0,0.0,0.0,0.0,0.0,0.0,0.0,0.0,0.0,0.0,0.0,0.0,0.0,0.6061530709266663,0.7526820302009583,-6.639710647959873e-08,0.6369943618774414,0.6918746829032898,-0.027015045285224915,0.6902062892913818,0.6601949334144592,-0.04321900010108948,0.737914502620697,0.6471178531646729,-0.059214603155851364,0.7713829874992371,0.6197957396507263,-0.07497721910476685,0.7520548701286316,0.7453904747962952,-0.03527768328785896,0.8129971027374268,0.7981780767440796,-0.06404707580804825,0.8472928404808044,0.8376883864402771,-0.0817471370100975,0.8757660388946533,0.8722313046455383,-0.09311681240797043,0.7359616160392761,0.7866072654724121,-0.03573623672127724,0.7301955223083496,0.8129882216453552,-0.08530919253826141,0.6835571527481079,0.7744976282119751,-0.09726652503013611,0.6572179794311523,0.742892324924469,-0.09463673830032349,0.7135939598083496,0.8172881603240967,-0.03869166225194931,0.7017850875854492,0.8347548842430115,-0.08402326703071594,0.6640612483024597,0.7922081351280212,-0.07878988236188889,0.6462988257408142,0.7581157684326172,-0.06377966701984406,0.6896119117736816,0.8373307585716248,-0.043632905930280685,0.6797596216201782,0.8536067605018616,-0.072801373898983,0.6532946825027466,0.8195682764053345,-0.06761710345745087,0.6420275568962097,0.7891632318496704,-0.05552545189857483,Г
0.0,0.0,0.0,0.0,0.0,0.0,0.0,0.0,0.0,0.0,0.0,0.0,0.0,0.0,0.0,0.0,0.0,0.0,0.0,0.0,0.0,0.0,0.0,0.0,0.0,0.0,0.0,0.0,0.0,0.0,0.0,0.0,0.0,0.0,0.0,0.0,0.0,0.0,0.0,0.0,0.0,0.0,0.0,0.0,0.0,0.0,0.0,0.0,0.0,0.0,0.0,0.0,0.0,0.0,0.0,0.0,0.0,0.0,0.0,0.0,0.0,0.0,0.0,0.6076562404632568,0.7509579658508301,-5.471618891306207e-08,0.6393260955810547,0.6905697584152222,-0.026367871090769768,0.6922226548194885,0.6605901122093201,-0.04299721121788025,0.739080011844635,0.647671103477478,-0.059453703463077545,0.7722249031066895,0.6189318299293518,-0.07586938142776489,0.7527986764907837,0.7445535659790039,-0.03807180002331734,0.8138982057571411,0.7990485429763794,-0.0687599778175354,0.8483628630638123,0.8385540843009949,-0.08770793676376343,0.8768777847290039,0.8731759190559387,-0.09981366991996765,0.7352643013000488,0.7865399122238159,-0.0393490344285965,0.7315006852149963,0.8098095059394836,-0.09110895544290543,0.6849610209465027,0.7706334590911865,-0.10339459776878357,0.6580651998519897,0.7395048141479492,-0.10070408880710602,0.7119536399841309,0.8175888657569885,-0.04301817715167999,0.7023925185203552,0.8311272859573364,-0.09011800587177277,0.6646745204925537,0.7892573475837708,-0.08476650714874268,0.6467440128326416,0.7569990754127502,-0.06932516396045685,0.6880065202713013,0.837973952293396,-0.04851657524704933,0.6790904402732849,0.8503563404083252,-0.07885468751192093,0.6527931094169617,0.8166772127151489,-0.07360877841711044,0.6417407393455505,0.7886236906051636,-0.06128247082233429,Г
0.0,0.0,0.0,0.0,0.0,0.0,0.0,0.0,0.0,0.0,0.0,0.0,0.0,0.0,0.0,0.0,0.0,0.0,0.0,0.0,0.0,0.0,0.0,0.0,0.0,0.0,0.0,0.0,0.0,0.0,0.0,0.0,0.0,0.0,0.0,0.0,0.0,0.0,0.0,0.0,0.0,0.0,0.0,0.0,0.0,0.0,0.0,0.0,0.0,0.0,0.0,0.0,0.0,0.0,0.0,0.0,0.0,0.0,0.0,0.0,0.0,0.0,0.0,0.610091507434845,0.7529662847518921,-2.985892777473964e-08,0.6425787806510925,0.6924013495445251,-0.029140008613467216,0.6938318014144897,0.6611641049385071,-0.048348262906074524,0.7396274209022522,0.6476320624351501,-0.06657188385725021,0.7736980319023132,0.618655264377594,-0.0846840888261795,0.7528350353240967,0.7437267303466797,-0.04766354709863663,0.8144989609718323,0.7989808917045593,-0.08192180097103119,0.8497697114944458,0.8378686904907227,-0.10269886255264282,0.8790329098701477,0.8723174929618835,-0.11599902808666229,0.7349320650100708,0.7874387502670288,-0.048427872359752655,0.7313079833984375,0.8090879321098328,-0.10342805832624435,0.6842163801193237,0.7693872451782227,-0.11474540829658508,0.6556280851364136,0.7386594414710999,-0.1113801971077919,0.7115512490272522,0.8193939924240112,-0.05181937664747238,0.7010076642036438,0.8304875493049622,-0.10202572494745255,0.6631548404693604,0.7880328893661499,-0.09590158611536026,0.6446946859359741,0.7562697529792786,-0.07995928078889847,0.6888797879219055,0.8402925133705139,-0.057181600481271744,0.6781595349311829,0.8489009737968445,-0.0905766636133194,0.6514584422111511,0.8142191767692566,-0.08610236644744873,0.6406136751174927,0.7868882417678833,-0.07442674785852432,Г
0.0,0.0,0.0,0.0,0.0,0.0,0.0,0.0,0.0,0.0,0.0,0.0,0.0,0.0,0.0,0.0,0.0,0.0,0.0,0.0,0.0,0.0,0.0,0.0,0.0,0.0,0.0,0.0,0.0,0.0,0.0,0.0,0.0,0.0,0.0,0.0,0.0,0.0,0.0,0.0,0.0,0.0,0.0,0.0,0.0,0.0,0.0,0.0,0.0,0.0,0.0,0.0,0.0,0.0,0.0,0.0,0.0,0.0,0.0,0.0,0.0,0.0,0.0,0.6086142659187317,0.7528693079948425,-6.495978510656641e-08,0.640522837638855,0.6908125281333923,-0.026706088334321976,0.6946821212768555,0.6595607995986938,-0.04246194660663605,0.7417543530464172,0.646472692489624,-0.0578482449054718,0.774867057800293,0.6180051565170288,-0.07291822135448456,0.7566844820976257,0.7436831593513489,-0.03596805781126022,0.8186389803886414,0.7968552112579346,-0.06547413766384125,0.8541076183319092,0.8359359502792358,-0.08377283811569214,0.8828011155128479,0.8705409169197083,-0.09555882215499878,0.73888099193573,0.7860331535339355,-0.03686545416712761,0.733429491519928,0.8106839656829834,-0.08746670186519623,0.6872836947441101,0.77052903175354,-0.09994964301586151,0.6609598994255066,0.7391262650489807,-0.09747147560119629,0.714902400970459,0.816480278968811,-0.040304314345121384,0.7030953168869019,0.8291651606559753,-0.08638424426317215,0.6664642095565796,0.7870007753372192,-0.08202623575925827,0.649728536605835,0.7557728290557861,-0.06743614375591278,0.6899381875991821,0.8355680108070374,-0.04563872888684273,0.6790626049041748,0.8447282910346985,-0.07534398883581161,0.6540203094482422,0.8106432557106018,-0.07090826332569122,0.6441620588302612,0.7830225825309753,-0.05925127863883972,Г
0.0,0.0,0.0,0.0,0.0,0.0,0.0,0.0,0.0,0.0,0.0,0.0,0.0,0.0,0.0,0.0,0.0,0.0,0.0,0.0,0.0,0.0,0.0,0.0,0.0,0.0,0.0,0.0,0.0,0.0,0.0,0.0,0.0,0.0,0.0,0.0,0.0,0.0,0.0,0.0,0.0,0.0,0.0,0.0,0.0,0.0,0.0,0.0,0.0,0.0,0.0,0.0,0.0,0.0,0.0,0.0,0.0,0.0,0.0,0.0,0.0,0.0,0.0,0.6098920106887817,0.7545939683914185,-6.297433685631404e-08,0.6417214870452881,0.6933946013450623,-0.026124227792024612,0.6961452960968018,0.6609714031219482,-0.04188890755176544,0.7433371543884277,0.6471404433250427,-0.05745262652635574,0.7760655283927917,0.6184659004211426,-0.07281282544136047,0.7574185729026794,0.7446936964988708,-0.035762589424848557,0.8199832439422607,0.798331618309021,-0.06479650735855103,0.8556713461875916,0.8386206030845642,-0.08270209282636642,0.8849655985832214,0.8734931945800781,-0.09423960000276566,0.7405120730400085,0.7867305278778076,-0.036832284182310104,0.7361769080162048,0.814001202583313,-0.0870559886097908,0.6903895139694214,0.7763670682907104,-0.09930326789617538,0.6631470322608948,0.7438043355941772,-0.09674172103404999,0.7178695201873779,0.8180157542228699,-0.04026627540588379,0.706861674785614,0.8339793086051941,-0.08545660972595215,0.6697458624839783,0.7928997278213501,-0.08040766417980194,0.6515712141990662,0.759128212928772,-0.06553257256746292,0.6939082741737366,0.8389267921447754,-0.04564182832837105,0.6842949986457825,0.8514353036880493,-0.07445704191923141,0.6584783792495728,0.8182514905929565,-0.06945249438285828,0.647395670413971,0.7888043522834778,-0.05753188207745552,Г
0.0,0.0,0.0,0.0,0.0,0.0,0.0,0.0,0.0,0.0,0.0,0.0,0.0,0.0,0.0,0.0,0.0,0.0,0.0,0.0,0.0,0.0,0.0,0.0,0.0,0.0,0.0,0.0,0.0,0.0,0.0,0.0,0.0,0.0,0.0,0.0,0.0,0.0,0.0,0.0,0.0,0.0,0.0,0.0,0.0,0.0,0.0,0.0,0.0,0.0,0.0,0.0,0.0,0.0,0.0,0.0,0.0,0.0,0.0,0.0,0.0,0.0,0.0,0.6092135906219482,0.7527855038642883,-6.652156514519447e-08,0.6434820890426636,0.6931707262992859,-0.025898301973938942,0.6966008543968201,0.6625782251358032,-0.04225722327828407,0.7443386912345886,0.6485864520072937,-0.05881102755665779,0.7773029208183289,0.6185868978500366,-0.07527517527341843,0.7572041153907776,0.7471156716346741,-0.035003263503313065,0.8199236989021301,0.8003647923469543,-0.06568325310945511,0.855340301990509,0.8405096530914307,-0.0855952650308609,0.8849450945854187,0.8750715255737305,-0.09854622930288315,0.7381221652030945,0.7897046804428101,-0.03692469373345375,0.7363321185112,0.8121777176856995,-0.08925890922546387,0.689421534538269,0.7718708515167236,-0.10307681560516357,0.6611708402633667,0.7386419177055359,-0.10141398012638092,0.714069664478302,0.8211266994476318,-0.041370730847120285,0.7068082690238953,0.8348326683044434,-0.08904065936803818,0.6690573692321777,0.7912999987602234,-0.08465539664030075,0.6495470404624939,0.7570639848709106,-0.06967275589704514,0.6895679831504822,0.841117799282074,-0.04761934652924538,0.6830412149429321,0.853191614151001,-0.07846571505069733,0.657267689704895,0.8179246783256531,-0.07355831563472748,0.6452902555465698,0.7883135080337524,-0.061324167996644974,Г
0.0,0.0,0.0,0.0,0.0,0.0,0.0,0.0,0.0,0.0,0.0,0.0,0.0,0.0,0.0,0.0,0.0,0.0,0.0,0.0,0.0,0.0,0.0,0.0,0.0,0.0,0.0,0.0,0.0,0.0,0.0,0.0,0.0,0.0,0.0,0.0,0.0,0.0,0.0,0.0,0.0,0.0,0.0,0.0,0.0,0.0,0.0,0.0,0.0,0.0,0.0,0.0,0.0,0.0,0.0,0.0,0.0,0.0,0.0,0.0,0.0,0.0,0.0,0.61106276512146,0.7521519064903259,-6.286612830308513e-08,0.6427143812179565,0.6915660500526428,-0.027397520840168,0.6965000629425049,0.6608045101165771,-0.04457362741231918,0.7441126108169556,0.6480932235717773,-0.061429236084222794,0.7784988880157471,0.6196197867393494,-0.07817468792200089,0.7585875988006592,0.7460683584213257,-0.03869471326470375,0.820091187953949,0.8010303378105164,-0.06936046481132507,0.8554002642631531,0.8414373397827148,-0.08851641416549683,0.8851891160011292,0.8765697479248047,-0.10093982517719269,0.7411702871322632,0.7885191440582275,-0.039616599678993225,0.7356873154640198,0.8141869902610779,-0.0915907546877861,0.68927001953125,0.7739217877388,-0.10449192672967911,0.6626542806625366,0.740129292011261,-0.10233279317617416,0.7178729772567749,0.8199886679649353,-0.04292644187808037,0.7067605257034302,0.8360015749931335,-0.09023433923721313,0.6692202687263489,0.7926275134086609,-0.0852653980255127,0.6512613892555237,0.7580307126045227,-0.07014193385839462,0.6936512589454651,0.8411827087402344,-0.04815591499209404,0.6839932799339294,0.8548422455787659,-0.07881101220846176,0.6574535369873047,0.8197354674339294,-0.07382708042860031,0.6462278366088867,0.789254367351532,-0.06165050342679024,Г
0.0,0.0,0.0,0.0,0.0,0.0,0.0,0.0,0.0,0.0,0.0,0.0,0.0,0.0,0.0,0.0,0.0,0.0,0.0,0.0,0.0,0.0,0.0,0.0,0.0,0.0,0.0,0.0,0.0,0.0,0.0,0.0,0.0,0.0,0.0,0.0,0.0,0.0,0.0,0.0,0.0,0.0,0.0,0.0,0.0,0.0,0.0,0.0,0.0,0.0,0.0,0.0,0.0,0.0,0.0,0.0,0.0,0.0,0.0,0.0,0.0,0.0,0.0,0.6090707182884216,0.7519087791442871,-8.414099994524804e-08,0.6415355801582336,0.6920901536941528,-0.02586502395570278,0.6964035034179688,0.6613723635673523,-0.04137057811021805,0.7445025444030762,0.6484107375144958,-0.056852858513593674,0.7780231833457947,0.6199979782104492,-0.07220256328582764,0.7560112476348877,0.747857391834259,-0.03422972559928894,0.8181102275848389,0.802535891532898,-0.06252133101224899,0.8532673716545105,0.8429888486862183,-0.07972963154315948,0.8825151920318604,0.877828061580658,-0.09085335582494736,0.7390371561050415,0.7915615439414978,-0.035351742058992386,0.7334120273590088,0.8161298632621765,-0.08532959967851639,0.686603307723999,0.7770612239837646,-0.09729395806789398,0.6588841676712036,0.7441046833992004,-0.0943433940410614,0.7158457636833191,0.8231402635574341,-0.038817111402750015,0.7024683356285095,0.8359287977218628,-0.08395392447710037,0.6647143363952637,0.7941687107086182,-0.07853182405233383,0.6463103890419006,0.760181725025177,-0.06329229474067688,0.6909566521644592,0.8429567217826843,-0.044191502034664154,0.6787892580032349,0.8537477850914001,-0.07273270934820175,0.6523795127868652,0.819171130657196,-0.06725995242595673,0.6413546800613403,0.7886475324630737,-0.05498994514346123,Г
0.0,0.0,0.0,0.0,0.0,0.0,0.0,0.0,0.0,0.0,0.0,0.0,0.0,0.0,0.0,0.0,0.0,0.0,0.0,0.0,0.0,0.0,0.0,0.0,0.0,0.0,0.0,0.0,0.0,0.0,0.0,0.0,0.0,0.0,0.0,0.0,0.0,0.0,0.0,0.0,0.0,0.0,0.0,0.0,0.0,0.0,0.0,0.0,0.0,0.0,0.0,0.0,0.0,0.0,0.0,0.0,0.0,0.0,0.0,0.0,0.0,0.0,0.0,0.6084778308868408,0.7513996362686157,-1.2599484477959777e-07,0.6385793089866638,0.6937286853790283,-0.02549866959452629,0.6947649717330933,0.6642869710922241,-0.04122629016637802,0.7424704432487488,0.6526617407798767,-0.05686774104833603,0.7750536203384399,0.6236693263053894,-0.07238048315048218,0.7542970776557922,0.7543910145759583,-0.03482914716005325,0.8138136267662048,0.8089256286621094,-0.06134942173957825,0.8482780456542969,0.8489078879356384,-0.07577770948410034,0.8765698671340942,0.8839976787567139,-0.08502312004566193,0.7395177483558655,0.7964995503425598,-0.03603127971291542,0.7283708453178406,0.8232167363166809,-0.08190499991178513,0.6816948056221008,0.782293438911438,-0.08993982523679733,0.6585565805435181,0.7515822052955627,-0.08500204980373383,0.7165519595146179,0.8270330429077148,-0.039653435349464417,0.6953027248382568,0.8411027193069458,-0.08200319856405258,0.6590085625648499,0.7982410192489624,-0.07482924312353134,0.6462013721466064,0.7675716876983643,-0.05950574576854706,0.6906836628913879,0.8477806448936462,-0.04522668942809105,0.6730549335479736,0.8576595783233643,-0.07121549546718597,0.6472301483154297,0.8215252161026001,-0.0646277591586113,0.6402366161346436,0.7923708558082581,-0.052527107298374176,Г
0.0,0.0,0.0,0.0,0.0,0.0,0.0,0.0,0.0,0.0,0.0,0.0,0.0,0.0,0.0,0.0,0.0,0.0,0.0,0.0,0.0,0.0,0.0,0.0,0.0,0.0,0.0,0.0,0.0,0.0,0.0,0.0,0.0,0.0,0.0,0.0,0.0,0.0,0.0,0.0,0.0,0.0,0.0,0.0,0.0,0.0,0.0,0.0,0.0,0.0,0.0,0.0,0.0,0.0,0.0,0.0,0.0,0.0,0.0,0.0,0.0,0.0,0.0,0.6073386669158936,0.7516655325889587,-8.739469592455862e-08,0.6371867060661316,0.6949113011360168,-0.027874473482370377,0.6929336786270142,0.6648334264755249,-0.045655183494091034,0.7404963970184326,0.6535429358482361,-0.06286623328924179,0.774227499961853,0.6252925395965576,-0.0797811821103096,0.7525376677513123,0.7535215020179749,-0.04042164981365204,0.8135662078857422,0.8087939023971558,-0.07034677267074585,0.8488969802856445,0.8491848707199097,-0.08652561902999878,0.8777723908424377,0.8847157955169678,-0.09632399678230286,0.7362722754478455,0.7953940033912659,-0.040979910641908646,0.7277195453643799,0.8248138427734375,-0.09004919975996017,0.6801558136940002,0.782128095626831,-0.09759297221899033,0.6570615172386169,0.7509782910346985,-0.09142285585403442,0.7130276560783386,0.8257412910461426,-0.04420820623636246,0.6940101385116577,0.842147171497345,-0.08998634666204453,0.6574091911315918,0.7981306910514832,-0.08233124017715454,0.644805908203125,0.7678186297416687,-0.06560297310352325,0.687670111656189,0.8465143442153931,-0.04938480257987976,0.6722316145896912,0.8586293458938599,-0.07731999456882477,0.6461565494537354,0.821878969669342,-0.07006676495075226,0.6388412714004517,0.7930238842964172,-0.05694465711712837,Г
0.0,0.0,0.0,0.0,0.0,0.0,0.0,0.0,0.0,0.0,0.0,0.0,0.0,0.0,0.0,0.0,0.0,0.0,0.0,0.0,0.0,0.0,0.0,0.0,0.0,0.0,0.0,0.0,0.0,0.0,0.0,0.0,0.0,0.0,0.0,0.0,0.0,0.0,0.0,0.0,0.0,0.0,0.0,0.0,0.0,0.0,0.0,0.0,0.0,0.0,0.0,0.0,0.0,0.0,0.0,0.0,0.0,0.0,0.0,0.0,0.0,0.0,0.0,0.607049286365509,0.750391960144043,-8.988697430822867e-08,0.6380858421325684,0.6946585774421692,-0.02631840482354164,0.6939127445220947,0.6650792360305786,-0.04333300516009331,0.7416271567344666,0.6530588269233704,-0.06009311228990555,0.7742272615432739,0.6239367723464966,-0.07667680084705353,0.7512944340705872,0.7549037933349609,-0.03873069956898689,0.8123934268951416,0.8101244568824768,-0.06853822618722916,0.8477033376693726,0.8499525189399719,-0.08507911115884781,0.8767176866531372,0.8854655027389526,-0.09519745409488678,0.7348952293395996,0.7959588766098022,-0.03971248120069504,0.7271319627761841,0.8244588971138,-0.08888401091098785,0.6802554130554199,0.7820364832878113,-0.09709823131561279,0.6570863723754883,0.7514269351959229,-0.09157299250364304,0.7122446894645691,0.8261286020278931,-0.043190501630306244,0.6963426470756531,0.8446632027626038,-0.08846145868301392,0.6599925756454468,0.8001236319541931,-0.0806647315621376,0.646599531173706,0.7690170407295227,-0.06397247314453125,0.6876975297927856,0.8470536470413208,-0.048555683344602585,0.6745620965957642,0.8621044158935547,-0.07641565799713135,0.6490073204040527,0.8249469995498657,-0.0692579597234726,0.6413198113441467,0.79526287317276,-0.05617157742381096,Г
0.0,0.0,0.0,0.0,0.0,0.0,0.0,0.0,0.0,0.0,0.0,0.0,0.0,0.0,0.0,0.0,0.0,0.0,0.0,0.0,0.0,0.0,0.0,0.0,0.0,0.0,0.0,0.0,0.0,0.0,0.0,0.0,0.0,0.0,0.0,0.0,0.0,0.0,0.0,0.0,0.0,0.0,0.0,0.0,0.0,0.0,0.0,0.0,0.0,0.0,0.0,0.0,0.0,0.0,0.0,0.0,0.0,0.0,0.0,0.0,0.0,0.0,0.0,0.608635425567627,0.749414324760437,-9.332993045063631e-08,0.6394098997116089,0.6941046714782715,-0.025886107236146927,0.6941161751747131,0.665115237236023,-0.0425531342625618,0.740645706653595,0.6525312662124634,-0.05907173082232475,0.7733723521232605,0.6242817640304565,-0.07559157907962799,0.7524245381355286,0.7535572052001953,-0.037554703652858734,0.8123311996459961,0.808676540851593,-0.06668538600206375,0.8475706577301025,0.8483433723449707,-0.08318663388490677,0.8765783309936523,0.8835908770561218,-0.0934273973107338,0.7357349991798401,0.795482337474823,-0.038741908967494965,0.726649284362793,0.8215785622596741,-0.08714760839939117,0.6811370253562927,0.7794965505599976,-0.09591015428304672,0.6573293209075928,0.7481021881103516,-0.09098181128501892,0.7127246856689453,0.8260688781738281,-0.04238099977374077,0.6955001354217529,0.8407323956489563,-0.08688100427389145,0.6596757173538208,0.7963939905166626,-0.07958798110485077,0.6452975273132324,0.764970600605011,-0.06343039870262146,0.6878387928009033,0.8472887277603149,-0.04791579768061638,0.6731247305870056,0.8575455546379089,-0.07536192238330841,0.6472432613372803,0.8203801512718201,-0.06842274963855743,0.6384841203689575,0.7908716201782227,-0.05556001514196396,Г
0.0,0.0,0.0,0.0,0.0,0.0,0.0,0.0,0.0,0.0,0.0,0.0,0.0,0.0,0.0,0.0,0.0,0.0,0.0,0.0,0.0,0.0,0.0,0.0,0.0,0.0,0.0,0.0,0.0,0.0,0.0,0.0,0.0,0.0,0.0,0.0,0.0,0.0,0.0,0.0,0.0,0.0,0.0,0.0,0.0,0.0,0.0,0.0,0.0,0.0,0.0,0.0,0.0,0.0,0.0,0.0,0.0,0.0,0.0,0.0,0.0,0.0,0.0,0.6080856323242188,0.753024160861969,-8.162667342048735e-08,0.6380387544631958,0.694053590297699,-0.02706119976937771,0.6934686303138733,0.6638222336769104,-0.043586891144514084,0.7407829165458679,0.6529216766357422,-0.05966123938560486,0.773272693157196,0.6240682601928711,-0.0755893737077713,0.7535033822059631,0.7513481378555298,-0.0375758558511734,0.8137921690940857,0.8051957488059998,-0.06606408953666687,0.848822832107544,0.8446459174156189,-0.0825720801949501,0.8779066801071167,0.8796488046646118,-0.09322718530893326,0.7377983927726746,0.7923648357391357,-0.03816550225019455,0.7294782400131226,0.8210176825523376,-0.08708058297634125,0.6826514601707458,0.7812547087669373,-0.09702479839324951,0.6572853326797485,0.7495139241218567,-0.0930137187242508,0.7156431674957275,0.8225186467170715,-0.041223447769880295,0.6988140940666199,0.8395149111747742,-0.0858406126499176,0.6617457866668701,0.7963852882385254,-0.0795162245631218,0.645870566368103,0.7631991505622864,-0.06414905190467834,0.691139817237854,0.8432966470718384,-0.046354927122592926,0.6768684983253479,0.8560972809791565,-0.07467858493328094,0.6507525444030762,0.8201881647109985,-0.06923442333936691,0.6415277719497681,0.7892446517944336,-0.057441987097263336,Г
0.0,0.0,0.0,0.0,0.0,0.0,0.0,0.0,0.0,0.0,0.0,0.0,0.0,0.0,0.0,0.0,0.0,0.0,0.0,0.0,0.0,0.0,0.0,0.0,0.0,0.0,0.0,0.0,0.0,0.0,0.0,0.0,0.0,0.0,0.0,0.0,0.0,0.0,0.0,0.0,0.0,0.0,0.0,0.0,0.0,0.0,0.0,0.0,0.0,0.0,0.0,0.0,0.0,0.0,0.0,0.0,0.0,0.0,0.0,0.0,0.0,0.0,0.0,0.6081851124763489,0.7523303627967834,-7.752247199732665e-08,0.6389504671096802,0.6941120624542236,-0.027623912319540977,0.6940726637840271,0.6646776795387268,-0.04451693594455719,0.7415099143981934,0.6530073285102844,-0.06106194481253624,0.7749063372612,0.6243183612823486,-0.07739181816577911,0.7538325190544128,0.7525211572647095,-0.03703298792243004,0.8138357400894165,0.80576491355896,-0.06567293405532837,0.8485287427902222,0.844979465007782,-0.08217624574899673,0.8775466680526733,0.879734992980957,-0.09280150383710861,0.7377499341964722,0.792944073677063,-0.03770293667912483,0.7309216856956482,0.8223512768745422,-0.08728701621294022,0.6833798885345459,0.7821815609931946,-0.09733419865369797,0.6578089594841003,0.7503806352615356,-0.09314301609992981,0.7151862978935242,0.8225525617599487,-0.041008271276950836,0.6993741989135742,0.8411675095558167,-0.08653503656387329,0.6619336605072021,0.7973024845123291,-0.08024675399065018,0.646032452583313,0.7635921239852905,-0.06457614153623581,0.6902515888214111,0.8425636887550354,-0.046407800167798996,0.6772662401199341,0.858068585395813,-0.075460284948349,0.6514023542404175,0.8216395378112793,-0.07009653002023697,0.6420975923538208,0.7896150350570679,-0.058178238570690155,Г
0.0,0.0,0.0,0.0,0.0,0.0,0.0,0.0,0.0,0.0,0.0,0.0,0.0,0.0,0.0,0.0,0.0,0.0,0.0,0.0,0.0,0.0,0.0,0.0,0.0,0.0,0.0,0.0,0.0,0.0,0.0,0.0,0.0,0.0,0.0,0.0,0.0,0.0,0.0,0.0,0.0,0.0,0.0,0.0,0.0,0.0,0.0,0.0,0.0,0.0,0.0,0.0,0.0,0.0,0.0,0.0,0.0,0.0,0.0,0.0,0.0,0.0,0.0,0.6093178391456604,0.7526676058769226,-8.316600030866539e-08,0.6393762230873108,0.6953839063644409,-0.027891172096133232,0.694129467010498,0.6651633381843567,-0.04492214694619179,0.7412814497947693,0.653616189956665,-0.06138155981898308,0.7745305895805359,0.6254273653030396,-0.07751118391752243,0.7537029981613159,0.7523521780967712,-0.038514263927936554,0.8147763013839722,0.8057525157928467,-0.06774592399597168,0.8500791192054749,0.8453765511512756,-0.08449120819568634,0.8796721696853638,0.8802552223205566,-0.09512630105018616,0.7383859157562256,0.7948068380355835,-0.038729406893253326,0.7300335168838501,0.8212273120880127,-0.08809901028871536,0.6837917566299438,0.781160831451416,-0.09778095036745071,0.6584824919700623,0.7491046190261841,-0.09350087493658066,0.716853678226471,0.8256856203079224,-0.041567567735910416,0.6995770931243896,0.8405371904373169,-0.08655214309692383,0.6634711027145386,0.7970436215400696,-0.08010755479335785,0.6477680206298828,0.7636206746101379,-0.06454706937074661,0.6930810213088989,0.8464809656143188,-0.04655175283551216,0.6788825392723083,0.8584784269332886,-0.0748753473162651,0.6529179811477661,0.8229084014892578,-0.06931120902299881,0.6436183452606201,0.7924920320510864,-0.05741250142455101,Г
0.0,0.0,0.0,0.0,0.0,0.0,0.0,0.0,0.0,0.0,0.0,0.0,0.0,0.0,0.0,0.0,0.0,0.0,0.0,0.0,0.0,0.0,0.0,0.0,0.0,0.0,0.0,0.0,0.0,0.0,0.0,0.0,0.0,0.0,0.0,0.0,0.0,0.0,0.0,0.0,0.0,0.0,0.0,0.0,0.0,0.0,0.0,0.0,0.0,0.0,0.0,0.0,0.0,0.0,0.0,0.0,0.0,0.0,0.0,0.0,0.0,0.0,0.0,0.6089377999305725,0.7520228624343872,-8.336427015365189e-08,0.6391129493713379,0.6949260830879211,-0.02699872851371765,0.6935359835624695,0.6657810807228088,-0.043803222477436066,0.7409527897834778,0.6550464630126953,-0.060318030416965485,0.7742702960968018,0.6263023614883423,-0.07667204737663269,0.7546308040618896,0.7534905076026917,-0.03640856593847275,0.8155750632286072,0.8071939945220947,-0.06493598222732544,0.85066157579422,0.8472709655761719,-0.0818621888756752,0.8800175189971924,0.8827364444732666,-0.09266772121191025,0.7387972474098206,0.7952537536621094,-0.03709417209029198,0.7319788336753845,0.8232412934303284,-0.08614204078912735,0.6851137280464172,0.7833081483840942,-0.09661227464675903,0.658691942691803,0.7505639791488647,-0.09275368601083755,0.7169296741485596,0.8262590169906616,-0.040238216519355774,0.7031491994857788,0.8446418642997742,-0.08448632806539536,0.6656620502471924,0.8010941743850708,-0.07787328213453293,0.6481021642684937,0.7664657831192017,-0.062098704278469086,0.6927196979522705,0.8478254079818726,-0.04550014063715935,0.6813102960586548,0.8629181385040283,-0.07339799404144287,0.6549041867256165,0.8263894319534302,-0.06745138019323349,0.6444303393363953,0.7939378619194031,-0.05504672974348068,Г
0.0,0.0,0.0,0.0,0.0,0.0,0.0,0.0,0.0,0.0,0.0,0.0,0.0,0.0,0.0,0.0,0.0,0.0,0.0,0.0,0.0,0.0,0.0,0.0,0.0,0.0,0.0,0.0,0.0,0.0,0.0,0.0,0.0,0.0,0.0,0.0,0.0,0.0,0.0,0.0,0.0,0.0,0.0,0.0,0.0,0.0,0.0,0.0,0.0,0.0,0.0,0.0,0.0,0.0,0.0,0.0,0.0,0.0,0.0,0.0,0.0,0.0,0.0,0.6099916100502014,0.7525166273117065,-8.09643196930665e-08,0.6401321291923523,0.6954816579818726,-0.02688855305314064,0.6935271620750427,0.667090117931366,-0.04375067725777626,0.7401255369186401,0.657082736492157,-0.060222409665584564,0.7735898494720459,0.6294112801551819,-0.07652996480464935,0.7536708116531372,0.7537755966186523,-0.03783145919442177,0.8164749145507812,0.8086468577384949,-0.06700041145086288,0.8518778085708618,0.8493190407752991,-0.08441870659589767,0.8813143968582153,0.8847784996032715,-0.09529644250869751,0.7378472089767456,0.7972961068153381,-0.038205794990062714,0.7315336465835571,0.8198174238204956,-0.08785649389028549,0.685873806476593,0.7801132202148438,-0.09871762990951538,0.6596247553825378,0.7479541897773743,-0.09497268497943878,0.7162455916404724,0.8293860554695129,-0.040838904678821564,0.7030345797538757,0.8417820930480957,-0.08484476059675217,0.6664276719093323,0.7993618249893188,-0.07804486155509949,0.6489110589027405,0.7658146023750305,-0.06213163956999779,0.6930855512619019,0.8508123159408569,-0.045594893395900726,0.6809138059616089,0.861170768737793,-0.07283458858728409,0.6544581055641174,0.8253268003463745,-0.06624433398246765,0.6435762643814087,0.7944936156272888,-0.05331067368388176,Г
0.0,0.0,0.0,0.0,0.0,0.0,0.0,0.0,0.0,0.0,0.0,0.0,0.0,0.0,0.0,0.0,0.0,0.0,0.0,0.0,0.0,0.0,0.0,0.0,0.0,0.0,0.0,0.0,0.0,0.0,0.0,0.0,0.0,0.0,0.0,0.0,0.0,0.0,0.0,0.0,0.0,0.0,0.0,0.0,0.0,0.0,0.0,0.0,0.0,0.0,0.0,0.0,0.0,0.0,0.0,0.0,0.0,0.0,0.0,0.0,0.0,0.0,0.0,0.6092821359634399,0.7537928223609924,-9.63891082506052e-08,0.639300525188446,0.6962776184082031,-0.02670220471918583,0.6935916543006897,0.6676733493804932,-0.04315147548913956,0.7408894300460815,0.6577595472335815,-0.059153057634830475,0.7741406559944153,0.6295190453529358,-0.07496672123670578,0.7538084387779236,0.7546474933624268,-0.03686567023396492,0.8156744241714478,0.8093439936637878,-0.06543222814798355,0.8510685563087463,0.8495185971260071,-0.08216849714517593,0.8807469606399536,0.885040283203125,-0.09265216439962387,0.7388826608657837,0.798016369342804,-0.03705575317144394,0.7310167551040649,0.8223318457603455,-0.08572982996702194,0.6847788095474243,0.78199303150177,-0.09562553465366364,0.6582452058792114,0.7495195865631104,-0.09138522297143936,0.71785569190979,0.8298896551132202,-0.039592623710632324,0.7022521495819092,0.8439961671829224,-0.08322272449731827,0.6652228832244873,0.8002055883407593,-0.07625345140695572,0.6476067304611206,0.7657299637794495,-0.060373395681381226,0.6946303248405457,0.8514200448989868,-0.04424576088786125,0.680487871170044,0.8622865676879883,-0.07146119326353073,0.6532091498374939,0.8251953125,-0.06519658118486404,0.6422536969184875,0.7931761741638184,-0.0526336245238781,Г
0.0,0.0,0.0,0.0,0.0,0.0,0.0,0.0,0.0,0.0,0.0,0.0,0.0,0.0,0.0,0.0,0.0,0.0,0.0,0.0,0.0,0.0,0.0,0.0,0.0,0.0,0.0,0.0,0.0,0.0,0.0,0.0,0.0,0.0,0.0,0.0,0.0,0.0,0.0,0.0,0.0,0.0,0.0,0.0,0.0,0.0,0.0,0.0,0.0,0.0,0.0,0.0,0.0,0.0,0.0,0.0,0.0,0.0,0.0,0.0,0.0,0.0,0.0,0.6091135740280151,0.753702700138092,-8.779861815355616e-08,0.6394498944282532,0.6966769695281982,-0.026718294247984886,0.6931771636009216,0.6676806807518005,-0.04350283369421959,0.7399585247039795,0.6568034291267395,-0.059944722801446915,0.7734127640724182,0.6287416815757751,-0.07627644389867783,0.7528066635131836,0.7552562952041626,-0.037385113537311554,0.8147815465927124,0.8099008798599243,-0.06610717624425888,0.850393533706665,0.8501527309417725,-0.08300727605819702,0.8800950050354004,0.8853638172149658,-0.09359049052000046,0.7366750240325928,0.7978636622428894,-0.03787946328520775,0.7298189997673035,0.8213788866996765,-0.08674066513776779,0.6835558414459229,0.7820502519607544,-0.09686450660228729,0.6568448543548584,0.7506833672523499,-0.09276773780584335,0.7147089838981628,0.8292950391769409,-0.040712784975767136,0.7011609077453613,0.8430207967758179,-0.08452924340963364,0.6644447445869446,0.8008606433868408,-0.07751713693141937,0.6467173099517822,0.7678919434547424,-0.061537597328424454,0.6910254955291748,0.8505929112434387,-0.045624420046806335,0.679516613483429,0.8617357611656189,-0.07266858965158463,0.6531144380569458,0.8266454935073853,-0.06595450639724731,0.6420645117759705,0.7964531183242798,-0.0530916191637516,Г
0.0,0.0,0.0,0.0,0.0,0.0,0.0,0.0,0.0,0.0,0.0,0.0,0.0,0.0,0.0,0.0,0.0,0.0,0.0,0.0,0.0,0.0,0.0,0.0,0.0,0.0,0.0,0.0,0.0,0.0,0.0,0.0,0.0,0.0,0.0,0.0,0.0,0.0,0.0,0.0,0.0,0.0,0.0,0.0,0.0,0.0,0.0,0.0,0.0,0.0,0.0,0.0,0.0,0.0,0.0,0.0,0.0,0.0,0.0,0.0,0.0,0.0,0.0,0.6085205674171448,0.7549833655357361,-8.866877720947741e-08,0.6388617157936096,0.6970921754837036,-0.025235231965780258,0.6933159232139587,0.6673624515533447,-0.04089022055268288,0.7407404184341431,0.6567504405975342,-0.056414905935525894,0.7729892730712891,0.6284356713294983,-0.07194585353136063,0.7529160976409912,0.7559354305267334,-0.03529572859406471,0.8143608570098877,0.8101400136947632,-0.06336444616317749,0.8498576283454895,0.8505135774612427,-0.08021634072065353,0.8793401718139648,0.8855811357498169,-0.09078947454690933,0.736976146697998,0.7981390357017517,-0.03601118549704552,0.7295221090316772,0.8233960270881653,-0.08373188972473145,0.6839166283607483,0.7839452028274536,-0.09369097650051117,0.6581963896751404,0.7521178126335144,-0.08976539969444275,0.7148230671882629,0.8291302919387817,-0.038934651762247086,0.7015827298164368,0.8453202247619629,-0.08228694647550583,0.6652033925056458,0.802643895149231,-0.07556991279125214,0.6478868722915649,0.7690702676773071,-0.05985669046640396,0.6909732818603516,0.8498824238777161,-0.0437120757997036,0.6800076961517334,0.8637294173240662,-0.07053899765014648,0.6538346409797668,0.8287481665611267,-0.06372232735157013,0.6429814100265503,0.7982696890830994,-0.050802282989025116,Г
0.0,0.0,0.0,0.0,0.0,0.0,0.0,0.0,0.0,0.0,0.0,0.0,0.0,0.0,0.0,0.0,0.0,0.0,0.0,0.0,0.0,0.0,0.0,0.0,0.0,0.0,0.0,0.0,0.0,0.0,0.0,0.0,0.0,0.0,0.0,0.0,0.0,0.0,0.0,0.0,0.0,0.0,0.0,0.0,0.0,0.0,0.0,0.0,0.0,0.0,0.0,0.0,0.0,0.0,0.0,0.0,0.0,0.0,0.0,0.0,0.0,0.0,0.0,0.6092039942741394,0.755331814289093,-8.331867462629816e-08,0.6391320824623108,0.6966632008552551,-0.02645096182823181,0.6923174858093262,0.6675509214401245,-0.0430058091878891,0.7393010258674622,0.6568763256072998,-0.059264834970235825,0.7728487849235535,0.6291099786758423,-0.07544734328985214,0.75335294008255,0.754379153251648,-0.03624521568417549,0.8143601417541504,0.808128297328949,-0.06492162495851517,0.8494269847869873,0.8480366468429565,-0.08214224129915237,0.8787990212440491,0.8834237456321716,-0.09298653155565262,0.7377763986587524,0.7967978715896606,-0.03666544333100319,0.7304006218910217,0.8223360776901245,-0.08508563786745071,0.6844320297241211,0.7825836539268494,-0.0954795554280281,0.6584798693656921,0.7506353855133057,-0.09183447062969208,0.7159709930419922,0.8282493948936462,-0.039411526173353195,0.7022594213485718,0.8443366289138794,-0.08332996070384979,0.6652451157569885,0.8004671335220337,-0.07660649716854095,0.6478145122528076,0.7658039331436157,-0.06090177595615387,0.6921287178993225,0.8497750759124756,-0.04416828230023384,0.6803407073020935,0.8628271818161011,-0.07172676175832748,0.6535190939903259,0.8269263505935669,-0.06524552404880524,0.6426066756248474,0.7955714464187622,-0.05249843746423721,Г
0.0,0.0,0.0,0.0,0.0,0.0,0.0,0.0,0.0,0.0,0.0,0.0,0.0,0.0,0.0,0.0,0.0,0.0,0.0,0.0,0.0,0.0,0.0,0.0,0.0,0.0,0.0,0.0,0.0,0.0,0.0,0.0,0.0,0.0,0.0,0.0,0.0,0.0,0.0,0.0,0.0,0.0,0.0,0.0,0.0,0.0,0.0,0.0,0.0,0.0,0.0,0.0,0.0,0.0,0.0,0.0,0.0,0.0,0.0,0.0,0.0,0.0,0.0,0.6084073781967163,0.7573866844177246,-6.206659719509844e-08,0.639093279838562,0.6982130408287048,-0.02781997248530388,0.6935458183288574,0.6676356196403503,-0.0449066236615181,0.7416948080062866,0.6554705500602722,-0.061535321176052094,0.7761320471763611,0.6273195147514343,-0.07787083089351654,0.7552950978279114,0.7530879974365234,-0.036870744079351425,0.8165173530578613,0.8071355223655701,-0.06669280678033829,0.8518369197845459,0.8468670845031738,-0.084553562104702,0.8813881874084473,0.8824834823608398,-0.09582183510065079,0.7400848269462585,0.7950167655944824,-0.03686080500483513,0.7337028384208679,0.823732852935791,-0.08781936764717102,0.6860140562057495,0.7843633890151978,-0.09862277656793594,0.6589754819869995,0.7528229355812073,-0.09460622817277908,0.7191002368927002,0.8262912631034851,-0.03950175270438194,0.7054106593132019,0.8450313210487366,-0.08564727008342743,0.6669602394104004,0.8013200163841248,-0.07918485254049301,0.6487572193145752,0.7671122550964355,-0.063041552901268,0.6961876749992371,0.8480881452560425,-0.044265951961278915,0.6842920184135437,0.86329185962677,-0.07366721332073212,0.6565148234367371,0.8266163468360901,-0.06812724471092224,0.6453915238380432,0.7949649691581726,-0.05571012943983078,Г
0.0,0.0,0.0,0.0,0.0,0.0,0.0,0.0,0.0,0.0,0.0,0.0,0.0,0.0,0.0,0.0,0.0,0.0,0.0,0.0,0.0,0.0,0.0,0.0,0.0,0.0,0.0,0.0,0.0,0.0,0.0,0.0,0.0,0.0,0.0,0.0,0.0,0.0,0.0,0.0,0.0,0.0,0.0,0.0,0.0,0.0,0.0,0.0,0.0,0.0,0.0,0.0,0.0,0.0,0.0,0.0,0.0,0.0,0.0,0.0,0.0,0.0,0.0,0.6092491149902344,0.7544345855712891,-7.731640749852886e-08,0.6410624384880066,0.6956800222396851,-0.026992928236722946,0.6951085925102234,0.6665645837783813,-0.04367655888199806,0.7424024343490601,0.6555734872817993,-0.06015597656369209,0.7759186625480652,0.626453161239624,-0.07647830992937088,0.7565520405769348,0.7532978057861328,-0.037121012806892395,0.8178074955940247,0.807047963142395,-0.06726308912038803,0.8529995679855347,0.8462987542152405,-0.08519116789102554,0.8825145959854126,0.8813983798027039,-0.09651387482881546,0.7402974367141724,0.7966298460960388,-0.0377545990049839,0.7348461151123047,0.8216844201087952,-0.08928017318248749,0.6877272129058838,0.781123161315918,-0.1002693772315979,0.6600382328033447,0.7496325969696045,-0.09615505486726761,0.7182826399803162,0.8282317519187927,-0.04100639000535011,0.7036579847335815,0.8407814502716064,-0.08738178014755249,0.6665724515914917,0.7971409559249878,-0.08156948536634445,0.6488050818443298,0.7645392417907715,-0.06576231867074966,0.6949235796928406,0.8494663834571838,-0.04632950946688652,0.6817155480384827,0.859170138835907,-0.07549290359020233,0.6555992364883423,0.8223806023597717,-0.070432648062706,0.6452348828315735,0.7923570871353149,-0.05849249288439751,Г
0.0,0.0,0.0,0.0,0.0,0.0,0.0,0.0,0.0,0.0,0.0,0.0,0.0,0.0,0.0,0.0,0.0,0.0,0.0,0.0,0.0,0.0,0.0,0.0,0.0,0.0,0.0,0.0,0.0,0.0,0.0,0.0,0.0,0.0,0.0,0.0,0.0,0.0,0.0,0.0,0.0,0.0,0.0,0.0,0.0,0.0,0.0,0.0,0.0,0.0,0.0,0.0,0.0,0.0,0.0,0.0,0.0,0.0,0.0,0.0,0.0,0.0,0.0,0.6109036207199097,0.7524883151054382,-7.061174756017863e-08,0.643351137638092,0.6956883668899536,-0.026675980538129807,0.6958268284797668,0.6670079231262207,-0.04390735551714897,0.7423341274261475,0.6550902724266052,-0.061062041670084,0.7756125330924988,0.626390278339386,-0.078030526638031,0.7569119334220886,0.7536287903785706,-0.03710358589887619,0.817918598651886,0.8082783222198486,-0.06759931892156601,0.8529266715049744,0.8476672172546387,-0.08599433302879333,0.8821884393692017,0.8828505873680115,-0.0977042093873024,0.7404520511627197,0.7969660758972168,-0.03798134997487068,0.7347915172576904,0.8195495009422302,-0.08909735828638077,0.688298225402832,0.7788815498352051,-0.0999268889427185,0.6617914438247681,0.7482878565788269,-0.09617441147565842,0.7182852029800415,0.8284987807273865,-0.041504986584186554,0.704735279083252,0.8402391076087952,-0.08725546300411224,0.668128490447998,0.7965235114097595,-0.08069517463445663,0.6511483788490295,0.7642431855201721,-0.06483100354671478,0.6948032975196838,0.8495067954063416,-0.04714810848236084,0.6821617484092712,0.8595117330551147,-0.07573355734348297,0.6566265225410461,0.8223983645439148,-0.07006606459617615,0.6469783782958984,0.7922393083572388,-0.057921502739191055,Г
0.0,0.0,0.0,0.0,0.0,0.0,0.0,0.0,0.0,0.0,0.0,0.0,0.0,0.0,0.0,0.0,0.0,0.0,0.0,0.0,0.0,0.0,0.0,0.0,0.0,0.0,0.0,0.0,0.0,0.0,0.0,0.0,0.0,0.0,0.0,0.0,0.0,0.0,0.0,0.0,0.0,0.0,0.0,0.0,0.0,0.0,0.0,0.0,0.0,0.0,0.0,0.0,0.0,0.0,0.0,0.0,0.0,0.0,0.0,0.0,0.0,0.0,0.0,0.6103554964065552,0.7557868361473083,-8.099861048549428e-08,0.6416064500808716,0.6969137191772461,-0.02641427330672741,0.6950259208679199,0.6683219075202942,-0.04246533662080765,0.742431104183197,0.6582217216491699,-0.05830101668834686,0.7754502296447754,0.630045473575592,-0.07405221462249756,0.7555088996887207,0.7545970678329468,-0.035072002559900284,0.8176662921905518,0.8091133236885071,-0.06363915652036667,0.8531017899513245,0.8493855595588684,-0.08108409494161606,0.8826274275779724,0.8845374584197998,-0.0920918881893158,0.739646852016449,0.7983130216598511,-0.03531846031546593,0.73530113697052,0.8207259774208069,-0.08440444618463516,0.6887745261192322,0.7816640138626099,-0.09505469352006912,0.6613602042198181,0.7509565353393555,-0.09124298393726349,0.7183932065963745,0.830464780330658,-0.03798789158463478,0.7083052396774292,0.8444618582725525,-0.08198042213916779,0.6709877848625183,0.8018952012062073,-0.07526586204767227,0.6521286368370056,0.76850825548172,-0.059281595051288605,0.6958061456680298,0.8518354892730713,-0.042731598019599915,0.6863248348236084,0.8640955686569214,-0.0700434148311615,0.6600912809371948,0.8282771110534668,-0.06368059664964676,0.6486189961433411,0.7977589964866638,-0.05091601237654686,Г
0.0,0.0,0.0,0.0,0.0,0.0,0.0,0.0,0.0,0.0,0.0,0.0,0.0,0.0,0.0,0.0,0.0,0.0,0.0,0.0,0.0,0.0,0.0,0.0,0.0,0.0,0.0,0.0,0.0,0.0,0.0,0.0,0.0,0.0,0.0,0.0,0.0,0.0,0.0,0.0,0.0,0.0,0.0,0.0,0.0,0.0,0.0,0.0,0.0,0.0,0.0,0.0,0.0,0.0,0.0,0.0,0.0,0.0,0.0,0.0,0.0,0.0,0.0,0.610393762588501,0.7563450336456299,-8.427463171756244e-08,0.6412054896354675,0.6984047293663025,-0.02670539915561676,0.6954403519630432,0.6690702438354492,-0.043013591319322586,0.7428792715072632,0.657331109046936,-0.05903198570013046,0.776335597038269,0.6291002035140991,-0.07495178282260895,0.756176233291626,0.7542593479156494,-0.03516262024641037,0.8168929219245911,0.8080575466156006,-0.06358793377876282,0.8517964482307434,0.8477210402488708,-0.08081422001123428,0.8813399076461792,0.882858395576477,-0.09184087067842484,0.7409604787826538,0.7971073985099792,-0.035433463752269745,0.7349370121955872,0.8212051391601562,-0.08427576720714569,0.6876168251037598,0.7830324769020081,-0.09476693719625473,0.6604456901550293,0.7529146671295166,-0.0910101979970932,0.7196780443191528,0.8288424015045166,-0.03818840533494949,0.7077972292900085,0.8444002270698547,-0.08237539976835251,0.6695611476898193,0.8019921779632568,-0.07561567425727844,0.6508461833000183,0.7689496874809265,-0.059674203395843506,0.6963618397712708,0.8507727980613708,-0.043034471571445465,0.6863905191421509,0.8637985587120056,-0.07095351070165634,0.6592658758163452,0.8280807733535767,-0.06487800180912018,0.6477934122085571,0.7975167036056519,-0.052323486655950546,Г
0.0,0.0,0.0,0.0,0.0,0.0,0.0,0.0,0.0,0.0,0.0,0.0,0.0,0.0,0.0,0.0,0.0,0.0,0.0,0.0,0.0,0.0,0.0,0.0,0.0,0.0,0.0,0.0,0.0,0.0,0.0,0.0,0.0,0.0,0.0,0.0,0.0,0.0,0.0,0.0,0.0,0.0,0.0,0.0,0.0,0.0,0.0,0.0,0.0,0.0,0.0,0.0,0.0,0.0,0.0,0.0,0.0,0.0,0.0,0.0,0.0,0.0,0.0,0.6096466779708862,0.7559388875961304,-7.459312456603584e-08,0.6416971683502197,0.6976656913757324,-0.02626308985054493,0.6960312724113464,0.6681290864944458,-0.042163435369729996,0.7434406876564026,0.6560469269752502,-0.05780227482318878,0.7766788601875305,0.6281653642654419,-0.07329247146844864,0.7560555338859558,0.7532910704612732,-0.03439098596572876,0.8170324563980103,0.8075722455978394,-0.06284528225660324,0.8521164655685425,0.8471634387969971,-0.08034747838973999,0.8817569017410278,0.8822529911994934,-0.09161724150180817,0.7401154637336731,0.7960439324378967,-0.03487556055188179,0.7348017692565918,0.8205387592315674,-0.08407542109489441,0.6878646016120911,0.7826324701309204,-0.09502874314785004,0.6601464748382568,0.752460241317749,-0.09149729460477829,0.7182871103286743,0.8276548385620117,-0.03782462328672409,0.7069986462593079,0.8430536389350891,-0.08202137053012848,0.6691915392875671,0.8010210394859314,-0.07562415301799774,0.6501731872558594,0.7680788040161133,-0.059893228113651276,0.6945490837097168,0.8490093350410461,-0.04283961281180382,0.6843807697296143,0.8606833815574646,-0.07084208726882935,0.6576289534568787,0.8254934549331665,-0.06507790833711624,0.6460813283920288,0.7957779169082642,-0.05271124094724655,Г
0.0,0.0,0.0,0.0,0.0,0.0,0.0,0.0,0.0,0.0,0.0,0.0,0.0,0.0,0.0,0.0,0.0,0.0,0.0,0.0,0.0,0.0,0.0,0.0,0.0,0.0,0.0,0.0,0.0,0.0,0.0,0.0,0.0,0.0,0.0,0.0,0.0,0.0,0.0,0.0,0.0,0.0,0.0,0.0,0.0,0.0,0.0,0.0,0.0,0.0,0.0,0.0,0.0,0.0,0.0,0.0,0.0,0.0,0.0,0.0,0.0,0.0,0.0,0.6097572445869446,0.7539591193199158,-8.798988915259542e-08,0.6401838064193726,0.6951717734336853,-0.026487592607736588,0.6948626041412354,0.6670918464660645,-0.042345646768808365,0.7423102855682373,0.6569649577140808,-0.05791928619146347,0.7756986021995544,0.6292505860328674,-0.07334762066602707,0.7543765902519226,0.75324946641922,-0.03458661958575249,0.8158255219459534,0.8077192306518555,-0.06241869553923607,0.8509790897369385,0.8479962348937988,-0.07881966978311539,0.8804247975349426,0.8835462331771851,-0.08905423432588577,0.7383537292480469,0.7957008481025696,-0.034678321331739426,0.7329816818237305,0.8212810754776001,-0.08245228976011276,0.6862938404083252,0.7820730805397034,-0.09201779961585999,0.6592243313789368,0.7511821985244751,-0.08749663829803467,0.7168570160865784,0.8269021511077881,-0.03725294768810272,0.7058154940605164,0.8437329530715942,-0.08058600127696991,0.6682068705558777,0.8013426065444946,-0.07339171320199966,0.6495558619499207,0.7685979008674622,-0.05707499384880066,0.6935756206512451,0.8482649326324463,-0.04188116267323494,0.6842448711395264,0.8619187474250793,-0.06866105645895004,0.657571017742157,0.8275023102760315,-0.06192748248577118,0.6461164951324463,0.7982280254364014,-0.04895844683051109,Г
0.0,0.0,0.0,0.0,0.0,0.0,0.0,0.0,0.0,0.0,0.0,0.0,0.0,0.0,0.0,0.0,0.0,0.0,0.0,0.0,0.0,0.0,0.0,0.0,0.0,0.0,0.0,0.0,0.0,0.0,0.0,0.0,0.0,0.0,0.0,0.0,0.0,0.0,0.0,0.0,0.0,0.0,0.0,0.0,0.0,0.0,0.0,0.0,0.0,0.0,0.0,0.0,0.0,0.0,0.0,0.0,0.0,0.0,0.0,0.0,0.0,0.0,0.0,0.6090064644813538,0.755208432674408,-6.714574141142293e-08,0.6404404044151306,0.6960738897323608,-0.027573147788643837,0.6947687268257141,0.6671924591064453,-0.044386185705661774,0.7425337433815002,0.6555556058883667,-0.06084466353058815,0.7766880393028259,0.6274433732032776,-0.07715371251106262,0.7548550963401794,0.7538368105888367,-0.03581741824746132,0.815312385559082,0.8081887364387512,-0.06487809866666794,0.8505015969276428,0.8480057120323181,-0.0822991132736206,0.8801143765449524,0.8835390210151672,-0.09335611015558243,0.7385588884353638,0.7956651449203491,-0.03596005216240883,0.7329117655754089,0.8221301436424255,-0.08546636998653412,0.6859792470932007,0.7823379039764404,-0.09602606296539307,0.659678041934967,0.7512754797935486,-0.09215103834867477,0.7165385484695435,0.826479434967041,-0.0387323759496212,0.7047320008277893,0.8439170718193054,-0.08419813960790634,0.6666538119316101,0.7999638319015503,-0.0777255967259407,0.648703396320343,0.7662743926048279,-0.06164557859301567,0.6927645206451416,0.8476669192314148,-0.04356727376580238,0.6828718185424805,0.8616853952407837,-0.07241186499595642,0.6557769179344177,0.826369047164917,-0.0664173811674118,0.6447667479515076,0.7963925004005432,-0.05373726785182953,Г
0.0,0.0,0.0,0.0,0.0,0.0,0.0,0.0,0.0,0.0,0.0,0.0,0.0,0.0,0.0,0.0,0.0,0.0,0.0,0.0,0.0,0.0,0.0,0.0,0.0,0.0,0.0,0.0,0.0,0.0,0.0,0.0,0.0,0.0,0.0,0.0,0.0,0.0,0.0,0.0,0.0,0.0,0.0,0.0,0.0,0.0,0.0,0.0,0.0,0.0,0.0,0.0,0.0,0.0,0.0,0.0,0.0,0.0,0.0,0.0,0.0,0.0,0.0,0.6095304489135742,0.7553504705429077,-6.581303324537657e-08,0.6413810849189758,0.6963037252426147,-0.028161875903606415,0.695823609828949,0.6669515371322632,-0.045378293842077255,0.7436556816101074,0.6555607318878174,-0.062101081013679504,0.7772487998008728,0.6268020272254944,-0.07865867018699646,0.7542169690132141,0.7539092302322388,-0.03763175010681152,0.8142248392105103,0.8085156083106995,-0.0673641785979271,0.8494630455970764,0.848313570022583,-0.08500197529792786,0.8790221214294434,0.8839260935783386,-0.09616462886333466,0.7382506728172302,0.7963089942932129,-0.03764033317565918,0.7325789332389832,0.8237811326980591,-0.08821465820074081,0.6856732964515686,0.7843270301818848,-0.09868089109659195,0.6583101749420166,0.7528853416442871,-0.09443349391222,0.7166149616241455,0.8275461196899414,-0.04031004756689072,0.7038221955299377,0.8453548550605774,-0.08626221865415573,0.6661357879638672,0.8023484945297241,-0.0797366201877594,0.6477005481719971,0.7689211964607239,-0.06343519687652588,0.6932452917098999,0.8490711450576782,-0.04513632878661156,0.682301938533783,0.8632090091705322,-0.07426567375659943,0.6557557582855225,0.8286678791046143,-0.06864772737026215,0.6447227001190186,0.7992245554924011,-0.056189969182014465,Г
0.0,0.0,0.0,0.0,0.0,0.0,0.0,0.0,0.0,0.0,0.0,0.0,0.0,0.0,0.0,0.0,0.0,0.0,0.0,0.0,0.0,0.0,0.0,0.0,0.0,0.0,0.0,0.0,0.0,0.0,0.0,0.0,0.0,0.0,0.0,0.0,0.0,0.0,0.0,0.0,0.0,0.0,0.0,0.0,0.0,0.0,0.0,0.0,0.0,0.0,0.0,0.0,0.0,0.0,0.0,0.0,0.0,0.0,0.0,0.0,0.0,0.0,0.0,0.6085280179977417,0.7550213932991028,-6.406369834621728e-08,0.6405813097953796,0.696647047996521,-0.027457302436232567,0.6951761841773987,0.6686614155769348,-0.044088903814554214,0.7429401278495789,0.6577897667884827,-0.06041857227683067,0.7761861681938171,0.628754734992981,-0.07670500874519348,0.7540128231048584,0.7558408975601196,-0.036152832210063934,0.814673125743866,0.8104748725891113,-0.06539355963468552,0.8500059843063354,0.8504485487937927,-0.08295325934886932,0.879845142364502,0.8859520554542542,-0.09406110644340515,0.7382374405860901,0.7976258397102356,-0.0362459197640419,0.7332013845443726,0.8234544396400452,-0.08634568005800247,0.6861976385116577,0.7851041555404663,-0.09671778976917267,0.658263623714447,0.7545071244239807,-0.09249015152454376,0.7169190645217896,0.8283489346504211,-0.03899301216006279,0.7057250142097473,0.8458861112594604,-0.08478362113237381,0.6679095029830933,0.8034108877182007,-0.07816281914710999,0.6484705209732056,0.7697753310203552,-0.061752527952194214,0.6938808560371399,0.8494663238525391,-0.04384462907910347,0.6846153736114502,0.8651731610298157,-0.07310009002685547,0.6578429937362671,0.8304439783096313,-0.06741590797901154,0.6458203196525574,0.7997534871101379,-0.05484754219651222,Г
0.0,0.0,0.0,0.0,0.0,0.0,0.0,0.0,0.0,0.0,0.0,0.0,0.0,0.0,0.0,0.0,0.0,0.0,0.0,0.0,0.0,0.0,0.0,0.0,0.0,0.0,0.0,0.0,0.0,0.0,0.0,0.0,0.0,0.0,0.0,0.0,0.0,0.0,0.0,0.0,0.0,0.0,0.0,0.0,0.0,0.0,0.0,0.0,0.0,0.0,0.0,0.0,0.0,0.0,0.0,0.0,0.0,0.0,0.0,0.0,0.0,0.0,0.0,0.6086821556091309,0.7544928193092346,-6.907276173251375e-08,0.6400461196899414,0.6962012052536011,-0.027034837752580643,0.6945664882659912,0.6680961847305298,-0.043689485639333725,0.742314338684082,0.6574490070343018,-0.06003648787736893,0.7756286263465881,0.6288523077964783,-0.0764167532324791,0.7539571523666382,0.755382776260376,-0.03633517026901245,0.8146969079971313,0.8105949759483337,-0.06562858074903488,0.8502225875854492,0.8508281707763672,-0.08320222049951553,0.8800793886184692,0.8865932822227478,-0.09427519142627716,0.738507866859436,0.7979258894920349,-0.03658359497785568,0.7321288585662842,0.8235725164413452,-0.08611137419939041,0.6854974627494812,0.7836803793907166,-0.09617666155099869,0.6588641405105591,0.7521203756332397,-0.09191276878118515,0.7171444296836853,0.8292195200920105,-0.03937971964478493,0.7041741609573364,0.845855176448822,-0.08462192118167877,0.6662494540214539,0.8022758960723877,-0.07762032002210617,0.6478298902511597,0.7682264447212219,-0.06123574823141098,0.6937434673309326,0.8506847620010376,-0.044242408126592636,0.6823504567146301,0.8641310930252075,-0.07291113585233688,0.6548078060150146,0.8283156156539917,-0.06662879884243011,0.6432445049285889,0.7975441217422485,-0.05375305935740471,Г
0.0,0.0,0.0,0.0,0.0,0.0,0.0,0.0,0.0,0.0,0.0,0.0,0.0,0.0,0.0,0.0,0.0,0.0,0.0,0.0,0.0,0.0,0.0,0.0,0.0,0.0,0.0,0.0,0.0,0.0,0.0,0.0,0.0,0.0,0.0,0.0,0.0,0.0,0.0,0.0,0.0,0.0,0.0,0.0,0.0,0.0,0.0,0.0,0.0,0.0,0.0,0.0,0.0,0.0,0.0,0.0,0.0,0.0,0.0,0.0,0.0,0.0,0.0,0.6089412569999695,0.7529489398002625,-8.089271830158395e-08,0.6397467851638794,0.6956426501274109,-0.026790251955389977,0.6937568187713623,0.6680814623832703,-0.04317502677440643,0.7407233119010925,0.6579470634460449,-0.05928653106093407,0.7744980454444885,0.6305210590362549,-0.07533805072307587,0.7533578276634216,0.7557927370071411,-0.035500187426805496,0.8146705031394958,0.8106882572174072,-0.06373342126607895,0.8498266935348511,0.8508312702178955,-0.08068980276584625,0.8795916438102722,0.8863096237182617,-0.09146229922771454,0.7374020218849182,0.7981933951377869,-0.035911478102207184,0.7317984700202942,0.8227219581604004,-0.08481409400701523,0.6852723360061646,0.7835840582847595,-0.09540168195962906,0.6581548452377319,0.7520975470542908,-0.09154325723648071,0.7156946063041687,0.8292772769927979,-0.038741130381822586,0.7042598128318787,0.8446999192237854,-0.08270459622144699,0.6668250560760498,0.8020458817481995,-0.07602597773075104,0.6481305360794067,0.7681182026863098,-0.060082316398620605,0.6920614242553711,0.850287914276123,-0.04366426542401314,0.6823314428329468,0.8626419901847839,-0.07134639471769333,0.6556711792945862,0.827762246131897,-0.0651446208357811,0.6440829038619995,0.7972975373268127,-0.0524308942258358,Г
0.0,0.0,0.0,0.0,0.0,0.0,0.0,0.0,0.0,0.0,0.0,0.0,0.0,0.0,0.0,0.0,0.0,0.0,0.0,0.0,0.0,0.0,0.0,0.0,0.0,0.0,0.0,0.0,0.0,0.0,0.0,0.0,0.0,0.0,0.0,0.0,0.0,0.0,0.0,0.0,0.0,0.0,0.0,0.0,0.0,0.0,0.0,0.0,0.0,0.0,0.0,0.0,0.0,0.0,0.0,0.0,0.0,0.0,0.0,0.0,0.0,0.0,0.0,0.6080361604690552,0.7534717321395874,-8.295444331452018e-08,0.6380739808082581,0.695853590965271,-0.02720913290977478,0.6922320127487183,0.6679552793502808,-0.043821174651384354,0.7396966814994812,0.6581791043281555,-0.060056187212467194,0.773899495601654,0.6310520768165588,-0.07613006234169006,0.7529009580612183,0.7554478049278259,-0.035797905176877975,0.8140523433685303,0.8105930089950562,-0.06384430080652237,0.8495125770568848,0.8513104319572449,-0.0803031250834465,0.8793070912361145,0.886975884437561,-0.09059951454401016,0.7375392913818359,0.7975951433181763,-0.035840973258018494,0.7312412858009338,0.8237155675888062,-0.08419793099164963,0.6849223375320435,0.7846097946166992,-0.09412380307912827,0.6579158306121826,0.7525942921638489,-0.08976753056049347,0.7163963317871094,0.8287937641143799,-0.038347870111465454,0.7036133408546448,0.8458953499794006,-0.08229430019855499,0.666281521320343,0.8033563494682312,-0.07551738619804382,0.6476879119873047,0.7692640423774719,-0.05941629409790039,0.6931018233299255,0.8503009676933289,-0.04296426847577095,0.6827189326286316,0.8641395568847656,-0.070677749812603,0.6555038690567017,0.8295683264732361,-0.06449791043996811,0.6434522271156311,0.7992076277732849,-0.05176682770252228,Г
0.0,0.0,0.0,0.0,0.0,0.0,0.0,0.0,0.0,0.0,0.0,0.0,0.0,0.0,0.0,0.0,0.0,0.0,0.0,0.0,0.0,0.0,0.0,0.0,0.0,0.0,0.0,0.0,0.0,0.0,0.0,0.0,0.0,0.0,0.0,0.0,0.0,0.0,0.0,0.0,0.0,0.0,0.0,0.0,0.0,0.0,0.0,0.0,0.0,0.0,0.0,0.0,0.0,0.0,0.0,0.0,0.0,0.0,0.0,0.0,0.0,0.0,0.0,0.6079040765762329,0.7535769939422607,-8.236104065417749e-08,0.6386071443557739,0.6956849098205566,-0.026988472789525986,0.6935266256332397,0.6675015687942505,-0.04320042207837105,0.74080491065979,0.6575229167938232,-0.059052739292383194,0.7741339802742004,0.6301723122596741,-0.07479207962751389,0.7530879974365234,0.7559877634048462,-0.03584657981991768,0.8142394423484802,0.8116405010223389,-0.06409452110528946,0.8494492769241333,0.8522980213165283,-0.08076980710029602,0.8789564371109009,0.8883754014968872,-0.09133461117744446,0.737548828125,0.7985628247261047,-0.03606251999735832,0.7311295866966248,0.8250657320022583,-0.0848822072148323,0.6846129894256592,0.7850337624549866,-0.09482411295175552,0.6576715111732483,0.7528331875801086,-0.09048667550086975,0.7161581516265869,0.8296701312065125,-0.038764823228120804,0.7032945156097412,0.8464845418930054,-0.08284277468919754,0.6658316254615784,0.8027605414390564,-0.07587124407291412,0.6474897265434265,0.7682993412017822,-0.0597580261528492,0.6925901174545288,0.850743293762207,-0.04361328110098839,0.6813018918037415,0.8638567328453064,-0.07162628322839737,0.6543514132499695,0.8276168704032898,-0.06563404202461243,0.6430383920669556,0.796179473400116,-0.053097981959581375,Г
0.0,0.0,0.0,0.0,0.0,0.0,0.0,0.0,0.0,0.0,0.0,0.0,0.0,0.0,0.0,0.0,0.0,0.0,0.0,0.0,0.0,0.0,0.0,0.0,0.0,0.0,0.0,0.0,0.0,0.0,0.0,0.0,0.0,0.0,0.0,0.0,0.0,0.0,0.0,0.0,0.0,0.0,0.0,0.0,0.0,0.0,0.0,0.0,0.0,0.0,0.0,0.0,0.0,0.0,0.0,0.0,0.0,0.0,0.0,0.0,0.0,0.0,0.0,0.6082909107208252,0.7522149085998535,-9.335861506087895e-08,0.6384037733078003,0.6963102221488953,-0.02630692347884178,0.6926632523536682,0.6682820320129395,-0.04234932363033295,0.7399947047233582,0.657904863357544,-0.058199550956487656,0.7736321687698364,0.630585789680481,-0.07399827241897583,0.7524046301841736,0.7572421431541443,-0.03490068018436432,0.8133887648582458,0.8127974271774292,-0.062343139201402664,0.8486168384552002,0.8533026576042175,-0.07815100997686386,0.8783076405525208,0.8888021111488342,-0.08814296126365662,0.7366241812705994,0.8002753257751465,-0.03535522520542145,0.7301958203315735,0.82688307762146,-0.08296462893486023,0.6841251254081726,0.7865538597106934,-0.09238293766975403,0.6580554842948914,0.753911018371582,-0.08786965161561966,0.7147111296653748,0.8315955400466919,-0.03820914030075073,0.7005762457847595,0.8473727703094482,-0.08111901581287384,0.6639105081558228,0.8037028908729553,-0.07394564151763916,0.6469810605049133,0.7696028351783752,-0.0580243356525898,0.6905872225761414,0.8526608943939209,-0.04313552379608154,0.6783090829849243,0.8648068904876709,-0.0695190355181694,0.6519484519958496,0.8286017775535583,-0.06287121027708054,0.6416182518005371,0.7977535724639893,-0.05026140436530113,Г
0.0,0.0,0.0,0.0,0.0,0.0,0.0,0.0,0.0,0.0,0.0,0.0,0.0,0.0,0.0,0.0,0.0,0.0,0.0,0.0,0.0,0.0,0.0,0.0,0.0,0.0,0.0,0.0,0.0,0.0,0.0,0.0,0.0,0.0,0.0,0.0,0.0,0.0,0.0,0.0,0.0,0.0,0.0,0.0,0.0,0.0,0.0,0.0,0.0,0.0,0.0,0.0,0.0,0.0,0.0,0.0,0.0,0.0,0.0,0.0,0.0,0.0,0.0,0.6092807650566101,0.752411425113678,-1.0954851603628413e-07,0.638434648513794,0.6955111026763916,-0.026507578790187836,0.6933860778808594,0.6681702136993408,-0.04268298298120499,0.7407386898994446,0.6586049795150757,-0.05848986655473709,0.774472177028656,0.6308577060699463,-0.07416047900915146,0.7522849440574646,0.7583795189857483,-0.03590204939246178,0.8135932087898254,0.8130466938018799,-0.06307356804609299,0.8486076593399048,0.8535222411155701,-0.07847177237272263,0.877677857875824,0.8891209959983826,-0.0881543755531311,0.736738920211792,0.8008959889411926,-0.03620320186018944,0.728020191192627,0.8248277306556702,-0.08284034579992294,0.6828726530075073,0.7843656539916992,-0.09181053191423416,0.6582125425338745,0.7528257966041565,-0.08728942275047302,0.7146883010864258,0.8318517208099365,-0.03883000463247299,0.6988661885261536,0.8455935120582581,-0.08098916709423065,0.6634939908981323,0.8022571206092834,-0.0736435055732727,0.6481086015701294,0.769332230091095,-0.05793013423681259,0.6904502511024475,0.8527836799621582,-0.04354770481586456,0.6772275567054749,0.8627896308898926,-0.06929229944944382,0.6513476967811584,0.826939046382904,-0.062217872589826584,0.6415733098983765,0.7970228791236877,-0.04949060082435608,Г
0.0,0.0,0.0,0.0,0.0,0.0,0.0,0.0,0.0,0.0,0.0,0.0,0.0,0.0,0.0,0.0,0.0,0.0,0.0,0.0,0.0,0.0,0.0,0.0,0.0,0.0,0.0,0.0,0.0,0.0,0.0,0.0,0.0,0.0,0.0,0.0,0.0,0.0,0.0,0.0,0.0,0.0,0.0,0.0,0.0,0.0,0.0,0.0,0.0,0.0,0.0,0.0,0.0,0.0,0.0,0.0,0.0,0.0,0.0,0.0,0.0,0.0,0.0,0.6090766191482544,0.7524243593215942,-8.941842111198639e-08,0.6376776695251465,0.6957392692565918,-0.02803036943078041,0.6916205286979675,0.6681996583938599,-0.0455559566617012,0.739020049571991,0.6588022708892822,-0.06253837794065475,0.7733386754989624,0.6305900812149048,-0.07931230962276459,0.7514262795448303,0.7572817206382751,-0.03790998458862305,0.8131242990493774,0.8119664192199707,-0.06630326062440872,0.8483303785324097,0.8527682423591614,-0.08230739831924438,0.8772777915000916,0.8888862729072571,-0.09220480173826218,0.7359994649887085,0.7999658584594727,-0.03786644712090492,0.7283452153205872,0.8254863619804382,-0.08567781746387482,0.6825506091117859,0.784149706363678,-0.09456320852041245,0.658184289932251,0.7522503137588501,-0.0897243544459343,0.7143579721450806,0.8313712477684021,-0.04032498225569725,0.6996967792510986,0.8471229672431946,-0.08387617021799088,0.6634055972099304,0.8028460741043091,-0.07609306275844574,0.6479928493499756,0.7692753076553345,-0.059759385883808136,0.6906000971794128,0.8531463742256165,-0.044984206557273865,0.6782028675079346,0.8651896715164185,-0.07204586267471313,0.6519181728363037,0.8287941813468933,-0.06495162844657898,0.6424245238304138,0.7982574105262756,-0.05192732810974121,Г
0.0,0.0,0.0,0.0,0.0,0.0,0.0,0.0,0.0,0.0,0.0,0.0,0.0,0.0,0.0,0.0,0.0,0.0,0.0,0.0,0.0,0.0,0.0,0.0,0.0,0.0,0.0,0.0,0.0,0.0,0.0,0.0,0.0,0.0,0.0,0.0,0.0,0.0,0.0,0.0,0.0,0.0,0.0,0.0,0.0,0.0,0.0,0.0,0.0,0.0,0.0,0.0,0.0,0.0,0.0,0.0,0.0,0.0,0.0,0.0,0.0,0.0,0.0,0.6089791059494019,0.7527628540992737,-8.211426205662065e-08,0.6379208564758301,0.6958078742027283,-0.027926918119192123,0.692558228969574,0.6677024960517883,-0.045146480202674866,0.7403809428215027,0.6575971245765686,-0.06180650740861893,0.7741265296936035,0.6293654441833496,-0.07823383063077927,0.7521244287490845,0.7569852471351624,-0.03783372417092323,0.8138269782066345,0.8122488856315613,-0.06653023511171341,0.848731517791748,0.8531674146652222,-0.08298023045063019,0.877694308757782,0.8893662095069885,-0.09320533275604248,0.7367477416992188,0.7997420430183411,-0.03777742013335228,0.7289499640464783,0.8253278732299805,-0.0865522176027298,0.6830881834030151,0.7850509881973267,-0.09613575041294098,0.6577490568161011,0.7533875703811646,-0.0915573388338089,0.7150332927703857,0.8312746286392212,-0.04018079861998558,0.6997624635696411,0.8469857573509216,-0.08449427783489227,0.6633826494216919,0.8032689094543457,-0.07725685089826584,0.6471682786941528,0.7697845697402954,-0.06097780913114548,0.6911380887031555,0.8532932996749878,-0.04472865164279938,0.6783866882324219,0.8655786514282227,-0.07219865918159485,0.651903510093689,0.8291798830032349,-0.06537202000617981,0.6417855620384216,0.79856276512146,-0.05236707627773285,Г
0.0,0.0,0.0,0.0,0.0,0.0,0.0,0.0,0.0,0.0,0.0,0.0,0.0,0.0,0.0,0.0,0.0,0.0,0.0,0.0,0.0,0.0,0.0,0.0,0.0,0.0,0.0,0.0,0.0,0.0,0.0,0.0,0.0,0.0,0.0,0.0,0.0,0.0,0.0,0.0,0.0,0.0,0.0,0.0,0.0,0.0,0.0,0.0,0.0,0.0,0.0,0.0,0.0,0.0,0.0,0.0,0.0,0.0,0.0,0.0,0.0,0.0,0.0,0.6091310381889343,0.7528745532035828,-8.412921914668914e-08,0.63870769739151,0.6955668330192566,-0.027292247861623764,0.692560613155365,0.6678379774093628,-0.04407671093940735,0.7399927973747253,0.6579544544219971,-0.06034943088889122,0.773888885974884,0.630532443523407,-0.07639787346124649,0.7525672912597656,0.7550719380378723,-0.036671336740255356,0.8145899772644043,0.8105876445770264,-0.06497158855199814,0.8493748903274536,0.8513250946998596,-0.08148127794265747,0.8783239126205444,0.8874679207801819,-0.09179731458425522,0.73725825548172,0.7985270619392395,-0.03663301840424538,0.7302173972129822,0.8217617869377136,-0.08541374653577805,0.6835566163063049,0.7821533679962158,-0.0953432023525238,0.656475841999054,0.7510833144187927,-0.09095724672079086,0.7159032821655273,0.8305654525756836,-0.03897487744688988,0.7022362351417542,0.8444352746009827,-0.08264708518981934,0.6649943590164185,0.8011001944541931,-0.07523773610591888,0.6469178795814514,0.7673483490943909,-0.05887977406382561,0.6924751400947571,0.8525069952011108,-0.04348815605044365,0.6802477836608887,0.8633481860160828,-0.0704852044582367,0.6532041430473328,0.827109158039093,-0.06369619816541672,0.6419586539268494,0.7965198755264282,-0.050670504570007324,Г
0.0,0.0,0.0,0.0,0.0,0.0,0.0,0.0,0.0,0.0,0.0,0.0,0.0,0.0,0.0,0.0,0.0,0.0,0.0,0.0,0.0,0.0,0.0,0.0,0.0,0.0,0.0,0.0,0.0,0.0,0.0,0.0,0.0,0.0,0.0,0.0,0.0,0.0,0.0,0.0,0.0,0.0,0.0,0.0,0.0,0.0,0.0,0.0,0.0,0.0,0.0,0.0,0.0,0.0,0.0,0.0,0.0,0.0,0.0,0.0,0.0,0.0,0.0,0.6096463203430176,0.7499254941940308,-8.71835581506275e-08,0.639953076839447,0.6942288875579834,-0.027924852445721626,0.6938229203224182,0.6675438284873962,-0.04500819742679596,0.7407873868942261,0.6576599478721619,-0.06155317649245262,0.7746144533157349,0.6288487315177917,-0.07793924957513809,0.7541035413742065,0.7550824284553528,-0.03748546913266182,0.8149417638778687,0.8107969760894775,-0.0664329007267952,0.8501209020614624,0.8515180945396423,-0.08341053128242493,0.8795617818832397,0.8877235651016235,-0.09410121291875839,0.7383869886398315,0.7993188500404358,-0.03745149075984955,0.7306261658668518,0.8232801556587219,-0.0871138647198677,0.6843160390853882,0.7832395434379578,-0.09756989777088165,0.6567355394363403,0.7512245178222656,-0.09329880028963089,0.7165185213088989,0.8313794732093811,-0.039902959018945694,0.7008978128433228,0.8434959650039673,-0.08434990793466568,0.6642633676528931,0.8005742430686951,-0.07776785641908646,0.6462130546569824,0.7674229145050049,-0.06173905357718468,0.6925820112228394,0.8531794548034668,-0.04455920681357384,0.6793466806411743,0.8616127371788025,-0.07233293354511261,0.6528124809265137,0.8259674906730652,-0.06629569828510284,0.6417328119277954,0.7962230443954468,-0.05367758870124817,Г
0.0,0.0,0.0,0.0,0.0,0.0,0.0,0.0,0.0,0.0,0.0,0.0,0.0,0.0,0.0,0.0,0.0,0.0,0.0,0.0,0.0,0.0,0.0,0.0,0.0,0.0,0.0,0.0,0.0,0.0,0.0,0.0,0.0,0.0,0.0,0.0,0.0,0.0,0.0,0.0,0.0,0.0,0.0,0.0,0.0,0.0,0.0,0.0,0.0,0.0,0.0,0.0,0.0,0.0,0.0,0.0,0.0,0.0,0.0,0.0,0.0,0.0,0.0,0.6095545887947083,0.7508895993232727,-9.31466956899385e-08,0.6399160027503967,0.6942988038063049,-0.025926437228918076,0.6942744255065918,0.6678977012634277,-0.041894976049661636,0.741580069065094,0.6587082743644714,-0.05764692649245262,0.775108277797699,0.630084216594696,-0.07333523035049438,0.752881646156311,0.7559170722961426,-0.03531774878501892,0.8149895668029785,0.8113897442817688,-0.06332359462976456,0.850070059299469,0.8522886633872986,-0.07986178994178772,0.8792983889579773,0.8885214328765869,-0.09025608003139496,0.7358025312423706,0.7997402548789978,-0.03597326576709747,0.7302172780036926,0.8243094682693481,-0.08433544635772705,0.6845670938491821,0.7838158011436462,-0.09451866149902344,0.6576730012893677,0.7509365081787109,-0.09027375280857086,0.7134398221969604,0.8316317796707153,-0.03886130824685097,0.7010562419891357,0.84479820728302,-0.08217831701040268,0.6647496223449707,0.801789402961731,-0.07521385699510574,0.6470478773117065,0.7678998708724976,-0.05914893373847008,0.6897494792938232,0.8527072668075562,-0.04373031482100487,0.678705096244812,0.8620827198028564,-0.07026669383049011,0.6524033546447754,0.8265705704689026,-0.06325310468673706,0.6414189338684082,0.7967402935028076,-0.05013812705874443,Г
0.0,0.0,0.0,0.0,0.0,0.0,0.0,0.0,0.0,0.0,0.0,0.0,0.0,0.0,0.0,0.0,0.0,0.0,0.0,0.0,0.0,0.0,0.0,0.0,0.0,0.0,0.0,0.0,0.0,0.0,0.0,0.0,0.0,0.0,0.0,0.0,0.0,0.0,0.0,0.0,0.0,0.0,0.0,0.0,0.0,0.0,0.0,0.0,0.0,0.0,0.0,0.0,0.0,0.0,0.0,0.0,0.0,0.0,0.0,0.0,0.0,0.0,0.0,0.6081880331039429,0.751684308052063,-1.026602163278767e-07,0.6391810178756714,0.6956402063369751,-0.024651329964399338,0.6940709948539734,0.6683590412139893,-0.04027710482478142,0.7409113049507141,0.6592670679092407,-0.055738452821969986,0.7745926380157471,0.6315280199050903,-0.07104874402284622,0.7534507513046265,0.7559894323348999,-0.03495318070054054,0.8150778412818909,0.8125319480895996,-0.06307771056890488,0.8504011631011963,0.8537154197692871,-0.07998178154230118,0.8796427249908447,0.8901293277740479,-0.0906076580286026,0.7370678186416626,0.7997735142707825,-0.036309823393821716,0.728517472743988,0.8283699750900269,-0.08471562713384628,0.6839860081672668,0.7872632145881653,-0.09587252885103226,0.658500075340271,0.7519334554672241,-0.09232930839061737,0.7152788043022156,0.8325797319412231,-0.03963569179177284,0.6988004446029663,0.8491703867912292,-0.0813000425696373,0.6639679670333862,0.8046667575836182,-0.07466299831867218,0.6481161713600159,0.7682263255119324,-0.05946223437786102,0.6913998126983643,0.8546567559242249,-0.04502788931131363,0.6743638515472412,0.8633456230163574,-0.07052348554134369,0.6479891538619995,0.8251727819442749,-0.06394463777542114,0.6385370492935181,0.7923200726509094,-0.051319021731615067,Г
0.0,0.0,0.0,0.0,0.0,0.0,0.0,0.0,0.0,0.0,0.0,0.0,0.0,0.0,0.0,0.0,0.0,0.0,0.0,0.0,0.0,0.0,0.0,0.0,0.0,0.0,0.0,0.0,0.0,0.0,0.0,0.0,0.0,0.0,0.0,0.0,0.0,0.0,0.0,0.0,0.0,0.0,0.0,0.0,0.0,0.0,0.0,0.0,0.0,0.0,0.0,0.0,0.0,0.0,0.0,0.0,0.0,0.0,0.0,0.0,0.0,0.0,0.0,0.6080490946769714,0.7486194968223572,-9.94806299559059e-08,0.6394779682159424,0.6942704916000366,-0.02629462070763111,0.694464921951294,0.6671574115753174,-0.04299009218811989,0.7406179904937744,0.6569569706916809,-0.059316881000995636,0.7745906710624695,0.6304386258125305,-0.07550373673439026,0.7555432319641113,0.7549721598625183,-0.036567799746990204,0.8155305981636047,0.8106295466423035,-0.06508627533912659,0.8505582213401794,0.8520520329475403,-0.08216194808483124,0.8798294067382812,0.8890076875686646,-0.09301929920911789,0.7400874495506287,0.7983106374740601,-0.037668123841285706,0.7290027737617493,0.827460765838623,-0.08644850552082062,0.6837982535362244,0.7853996157646179,-0.09741232544183731,0.6592420339584351,0.7492474913597107,-0.09389567375183105,0.7184118032455444,0.8305850028991699,-0.04098650440573692,0.6990252137184143,0.8480755686759949,-0.0837927982211113,0.6627533435821533,0.8016229867935181,-0.07700151205062866,0.647348165512085,0.7640171647071838,-0.06160011887550354,0.6939265727996826,0.8524529933929443,-0.04653126746416092,0.6763709783554077,0.8638796210289001,-0.07302598655223846,0.6494078040122986,0.8242143988609314,-0.06662213802337646,0.6401804089546204,0.7894293069839478,-0.05414488911628723,Г
0.0,0.0,0.0,0.0,0.0,0.0,0.0,0.0,0.0,0.0,0.0,0.0,0.0,0.0,0.0,0.0,0.0,0.0,0.0,0.0,0.0,0.0,0.0,0.0,0.0,0.0,0.0,0.0,0.0,0.0,0.0,0.0,0.0,0.0,0.0,0.0,0.0,0.0,0.0,0.0,0.0,0.0,0.0,0.0,0.0,0.0,0.0,0.0,0.0,0.0,0.0,0.0,0.0,0.0,0.0,0.0,0.0,0.0,0.0,0.0,0.0,0.0,0.0,0.6076154112815857,0.7502986192703247,-9.730953109965412e-08,0.6384768486022949,0.695199728012085,-0.02707354724407196,0.6936416625976562,0.6675431132316589,-0.04404126852750778,0.7404660582542419,0.6575093269348145,-0.06055218726396561,0.7747278809547424,0.6307405829429626,-0.0768844410777092,0.7559952139854431,0.7557835578918457,-0.03712170571088791,0.8158633708953857,0.8106951713562012,-0.06580186635255814,0.8505939245223999,0.8517417907714844,-0.08271454274654388,0.8799790143966675,0.8886456489562988,-0.09347469359636307,0.7406970858573914,0.7982944250106812,-0.03801555559039116,0.7304588556289673,0.8292086124420166,-0.08718309551477432,0.6838372945785522,0.7872985601425171,-0.0977783352136612,0.65814208984375,0.7513864636421204,-0.09383723884820938,0.7189054489135742,0.8299958109855652,-0.04125623404979706,0.699908971786499,0.8497154116630554,-0.08524082601070404,0.6622170209884644,0.802527904510498,-0.07843899726867676,0.6457391977310181,0.7645053863525391,-0.06264810264110565,0.694129467010498,0.8517547845840454,-0.046709492802619934,0.6777117252349854,0.8660497665405273,-0.07436385750770569,0.6499849557876587,0.8263782858848572,-0.06821312010288239,0.6401035189628601,0.7911513447761536,-0.05572760850191116,Г
0.0,0.0,0.0,0.0,0.0,0.0,0.0,0.0,0.0,0.0,0.0,0.0,0.0,0.0,0.0,0.0,0.0,0.0,0.0,0.0,0.0,0.0,0.0,0.0,0.0,0.0,0.0,0.0,0.0,0.0,0.0,0.0,0.0,0.0,0.0,0.0,0.0,0.0,0.0,0.0,0.0,0.0,0.0,0.0,0.0,0.0,0.0,0.0,0.0,0.0,0.0,0.0,0.0,0.0,0.0,0.0,0.0,0.0,0.0,0.0,0.0,0.0,0.0,0.6089836359024048,0.751663863658905,-9.679526868922039e-08,0.6396439671516418,0.6964337825775146,-0.026516910642385483,0.6935977339744568,0.6697728633880615,-0.04337913542985916,0.7398301362991333,0.6607986092567444,-0.059795014560222626,0.7736579179763794,0.6337952613830566,-0.07601547241210938,0.7527990341186523,0.7592297792434692,-0.03775288537144661,0.8143367171287537,0.8143178820610046,-0.06657392531633377,0.8492899537086487,0.855222761631012,-0.08337744325399399,0.8789308667182922,0.8919499516487122,-0.09401193261146545,0.736462414264679,0.8024052381515503,-0.038789331912994385,0.7292393445968628,0.8304834961891174,-0.08779876679182053,0.6843670010566711,0.7870502471923828,-0.09811980277299881,0.6599726676940918,0.7507252097129822,-0.09410647302865982,0.7144196033477783,0.8337393999099731,-0.04206119850277901,0.6982181668281555,0.850504457950592,-0.08545752614736557,0.6626102328300476,0.8041387796401978,-0.07833871245384216,0.6478013396263123,0.7676303386688232,-0.06260117143392563,0.6900584697723389,0.8541852235794067,-0.04747357964515686,0.6746044754981995,0.8655434250831604,-0.07452673465013504,0.6484186053276062,0.8268221616744995,-0.0680433064699173,0.6397993564605713,0.7934567928314209,-0.055512700229883194,Г
0.0,0.0,0.0,0.0,0.0,0.0,0.0,0.0,0.0,0.0,0.0,0.0,0.0,0.0,0.0,0.0,0.0,0.0,0.0,0.0,0.0,0.0,0.0,0.0,0.0,0.0,0.0,0.0,0.0,0.0,0.0,0.0,0.0,0.0,0.0,0.0,0.0,0.0,0.0,0.0,0.0,0.0,0.0,0.0,0.0,0.0,0.0,0.0,0.0,0.0,0.0,0.0,0.0,0.0,0.0,0.0,0.0,0.0,0.0,0.0,0.0,0.0,0.0,0.6079066395759583,0.7537248134613037,-9.950898061106273e-08,0.6386407017707825,0.6979338526725769,-0.02633695676922798,0.6930830478668213,0.6700974702835083,-0.04306747019290924,0.7396705746650696,0.6613094210624695,-0.05943648889660835,0.7734546065330505,0.6340559124946594,-0.07563130557537079,0.7544730305671692,0.7580442428588867,-0.03629819303750992,0.8144053816795349,0.8129246234893799,-0.06525374948978424,0.849773645401001,0.8539220094680786,-0.08262642472982407,0.879456639289856,0.8906461000442505,-0.09362386167049408,0.7393401265144348,0.8012480735778809,-0.03737284988164902,0.7303562760353088,0.8299065828323364,-0.08663593232631683,0.6840015649795532,0.7882057428359985,-0.09732486307621002,0.6580014824867249,0.7523860335350037,-0.09338686615228653,0.718409538269043,0.8337487578392029,-0.04077132046222687,0.7011311650276184,0.8530352711677551,-0.08429298549890518,0.6638416647911072,0.8069337010383606,-0.07728614658117294,0.6470139026641846,0.7692543268203735,-0.061467282474040985,0.6943560838699341,0.856479823589325,-0.04636860266327858,0.6773280501365662,0.8683417439460754,-0.07374751567840576,0.6495341658592224,0.8289727568626404,-0.0676126480102539,0.6396110653877258,0.79446941614151,-0.055124346166849136,Г
0.0,0.0,0.0,0.0,0.0,0.0,0.0,0.0,0.0,0.0,0.0,0.0,0.0,0.0,0.0,0.0,0.0,0.0,0.0,0.0,0.0,0.0,0.0,0.0,0.0,0.0,0.0,0.0,0.0,0.0,0.0,0.0,0.0,0.0,0.0,0.0,0.0,0.0,0.0,0.0,0.0,0.0,0.0,0.0,0.0,0.0,0.0,0.0,0.0,0.0,0.0,0.0,0.0,0.0,0.0,0.0,0.0,0.0,0.0,0.0,0.0,0.0,0.0,0.6086909770965576,0.7519346475601196,-9.310616633229074e-08,0.6407339572906494,0.6960351467132568,-0.026920579373836517,0.6942719221115112,0.6692192554473877,-0.044026780873537064,0.7402057647705078,0.6586980223655701,-0.06064391881227493,0.7741634249687195,0.631507396697998,-0.07710027694702148,0.7566008567810059,0.7569265961647034,-0.03661761060357094,0.8153513669967651,0.8129192590713501,-0.0651669055223465,0.8504652380943298,0.8535321354866028,-0.08267354965209961,0.8793725371360779,0.8901668787002563,-0.09404890984296799,0.7414168119430542,0.8011544346809387,-0.03747263550758362,0.7284013032913208,0.8235356211662292,-0.0859290212392807,0.6840671300888062,0.7814089059829712,-0.09735902398824692,0.6591922044754028,0.7473409175872803,-0.09458499401807785,0.7187445163726807,0.8332014083862305,-0.04065961018204689,0.6983485221862793,0.8440375328063965,-0.08317452669143677,0.6633634567260742,0.7985710501670837,-0.07687684148550034,0.647639274597168,0.7629363536834717,-0.06214018166065216,0.6931623220443726,0.8544961810112,-0.046184003353118896,0.6738282442092896,0.8593681454658508,-0.07308675348758698,0.6477823257446289,0.8207541108131409,-0.06747836619615555,0.6385367512702942,0.7880122661590576,-0.05556239187717438,Г
0.0,0.0,0.0,0.0,0.0,0.0,0.0,0.0,0.0,0.0,0.0,0.0,0.0,0.0,0.0,0.0,0.0,0.0,0.0,0.0,0.0,0.0,0.0,0.0,0.0,0.0,0.0,0.0,0.0,0.0,0.0,0.0,0.0,0.0,0.0,0.0,0.0,0.0,0.0,0.0,0.0,0.0,0.0,0.0,0.0,0.0,0.0,0.0,0.0,0.0,0.0,0.0,0.0,0.0,0.0,0.0,0.0,0.0,0.0,0.0,0.0,0.0,0.0,0.6068872809410095,0.7524652481079102,-1.0120407978320145e-07,0.6381518840789795,0.6964884400367737,-0.02709570899605751,0.6927956938743591,0.6696304678916931,-0.04388103261590004,0.7389307022094727,0.6602808833122253,-0.060164812952280045,0.7730305790901184,0.6334314942359924,-0.07626505196094513,0.7540334463119507,0.7582147121429443,-0.0374978631734848,0.8142334222793579,0.8146477341651917,-0.06623542308807373,0.8496007323265076,0.8552253246307373,-0.08330709487199783,0.8794251084327698,0.8912840485572815,-0.09427843987941742,0.7379263639450073,0.800882875919342,-0.03828711062669754,0.72774738073349,0.8269274830818176,-0.08723112940788269,0.682277500629425,0.7847017049789429,-0.09794043004512787,0.6573677659034729,0.7499740719795227,-0.09447500854730606,0.7157575488090515,0.8322556614875793,-0.0414578840136528,0.6984384655952454,0.8485730886459351,-0.0847727581858635,0.662035346031189,0.8018566370010376,-0.07790318876504898,0.6460538506507874,0.7651054859161377,-0.06251590698957443,0.6908200979232788,0.8535315990447998,-0.046904128044843674,0.674346923828125,0.8640925288200378,-0.07446792721748352,0.6472872495651245,0.8255881071090698,-0.06858459860086441,0.6375867128372192,0.7925703525543213,-0.05639014393091202,Г
0.0,0.0,0.0,0.0,0.0,0.0,0.0,0.0,0.0,0.0,0.0,0.0,0.0,0.0,0.0,0.0,0.0,0.0,0.0,0.0,0.0,0.0,0.0,0.0,0.0,0.0,0.0,0.0,0.0,0.0,0.0,0.0,0.0,0.0,0.0,0.0,0.0,0.0,0.0,0.0,0.0,0.0,0.0,0.0,0.0,0.0,0.0,0.0,0.0,0.0,0.0,0.0,0.0,0.0,0.0,0.0,0.0,0.0,0.0,0.0,0.0,0.0,0.0,0.6081200838088989,0.7515830397605896,-9.97043727579694e-08,0.6385204792022705,0.6959595084190369,-0.026800813153386116,0.6923364996910095,0.6690667867660522,-0.04409283027052879,0.7392203211784363,0.6595914363861084,-0.06107525900006294,0.7734322547912598,0.6321098804473877,-0.07784651964902878,0.7516615986824036,0.7582724690437317,-0.03738415241241455,0.8126113414764404,0.8140588998794556,-0.06617382168769836,0.8474613428115845,0.855374276638031,-0.0826997309923172,0.8766366243362427,0.8925037384033203,-0.09293262660503387,0.7363678216934204,0.8005884289741516,-0.03814223036170006,0.727243185043335,0.8277033567428589,-0.08628318458795547,0.6818852424621582,0.7856251001358032,-0.09576922655105591,0.6578308939933777,0.7523841261863708,-0.09126921743154526,0.7149310111999512,0.8321806788444519,-0.04125617817044258,0.6977624893188477,0.8494181632995605,-0.08366341143846512,0.6617699861526489,0.8031811118125916,-0.07565266638994217,0.6466004252433777,0.7682714462280273,-0.05945686995983124,0.6905723810195923,0.8540758490562439,-0.046661533415317535,0.6743996739387512,0.8650306463241577,-0.07273083180189133,0.6479235291481018,0.8260073661804199,-0.06566154211759567,0.6387592554092407,0.7936550378799438,-0.05276108160614967,Г
0.0,0.0,0.0,0.0,0.0,0.0,0.0,0.0,0.0,0.0,0.0,0.0,0.0,0.0,0.0,0.0,0.0,0.0,0.0,0.0,0.0,0.0,0.0,0.0,0.0,0.0,0.0,0.0,0.0,0.0,0.0,0.0,0.0,0.0,0.0,0.0,0.0,0.0,0.0,0.0,0.0,0.0,0.0,0.0,0.0,0.0,0.0,0.0,0.0,0.0,0.0,0.0,0.0,0.0,0.0,0.0,0.0,0.0,0.0,0.0,0.0,0.0,0.0,0.6106634140014648,0.7511746883392334,-1.1526750398616059e-07,0.6404871940612793,0.6976717710494995,-0.025130435824394226,0.6933231353759766,0.6717689037322998,-0.04150695726275444,0.7403365969657898,0.6640135645866394,-0.05758820101618767,0.7737360000610352,0.6365967988967896,-0.07358701527118683,0.7508072257041931,0.7614399790763855,-0.03756846860051155,0.812615692615509,0.8190824389457703,-0.06511170417070389,0.848389208316803,0.8605812788009644,-0.08088529109954834,0.877521276473999,0.89720618724823,-0.09070044010877609,0.7349345684051514,0.804624080657959,-0.03853066638112068,0.723893404006958,0.8299366235733032,-0.08548398315906525,0.6810824275016785,0.7883489727973938,-0.09508878737688065,0.6559743285179138,0.753287136554718,-0.09086281061172485,0.7124287486076355,0.8356192111968994,-0.04142821580171585,0.6920248866081238,0.845706582069397,-0.0825425237417221,0.6590219736099243,0.8035650253295898,-0.07592272758483887,0.6436911821365356,0.7702099084854126,-0.06091728433966637,0.6877666115760803,0.8562217354774475,-0.04630020633339882,0.6696248054504395,0.8589131236076355,-0.07143048942089081,0.6450827121734619,0.8229642510414124,-0.06489991396665573,0.6360222697257996,0.7927711009979248,-0.05246518924832344,Г
0.0,0.0,0.0,0.0,0.0,0.0,0.0,0.0,0.0,0.0,0.0,0.0,0.0,0.0,0.0,0.0,0.0,0.0,0.0,0.0,0.0,0.0,0.0,0.0,0.0,0.0,0.0,0.0,0.0,0.0,0.0,0.0,0.0,0.0,0.0,0.0,0.0,0.0,0.0,0.0,0.0,0.0,0.0,0.0,0.0,0.0,0.0,0.0,0.0,0.0,0.0,0.0,0.0,0.0,0.0,0.0,0.0,0.0,0.0,0.0,0.0,0.0,0.0,0.6126675605773926,0.7578562498092651,-1.5711360390469054e-07,0.6430667638778687,0.7025226950645447,-0.02313873916864395,0.6966301798820496,0.6758708357810974,-0.0387856550514698,0.7425938844680786,0.668104887008667,-0.05419328063726425,0.7751982808113098,0.6417156457901001,-0.0693606585264206,0.7532416582107544,0.7667971849441528,-0.03903810307383537,0.8157374262809753,0.82396000623703,-0.06681650876998901,0.8516310453414917,0.8666411638259888,-0.08272102475166321,0.8794530630111694,0.9036788940429688,-0.09252937138080597,0.7393485903739929,0.8141920566558838,-0.03997485712170601,0.7207444310188293,0.8203675150871277,-0.08356394618749619,0.682162344455719,0.7774994373321533,-0.09066500514745712,0.6621609926223755,0.7486187219619751,-0.0862046629190445,0.7161409258842468,0.8457656502723694,-0.042810164391994476,0.6899586319923401,0.8368210196495056,-0.08055718243122101,0.6625596284866333,0.7972426414489746,-0.07283858954906464,0.6522995233535767,0.7719365954399109,-0.05858810245990753,0.6909810304641724,0.8653016686439514,-0.047648314386606216,0.6679182648658752,0.8524678945541382,-0.06989099830389023,0.6479299664497375,0.8168492913246155,-0.06284716725349426,0.6432027220726013,0.7918894290924072,-0.05087084323167801,Г
0.0,0.0,0.0,0.0,0.0,0.0,0.0,0.0,0.0,0.0,0.0,0.0,0.0,0.0,0.0,0.0,0.0,0.0,0.0,0.0,0.0,0.0,0.0,0.0,0.0,0.0,0.0,0.0,0.0,0.0,0.0,0.0,0.0,0.0,0.0,0.0,0.0,0.0,0.0,0.0,0.0,0.0,0.0,0.0,0.0,0.0,0.0,0.0,0.0,0.0,0.0,0.0,0.0,0.0,0.0,0.0,0.0,0.0,0.0,0.0,0.0,0.0,0.0,0.6204254627227783,0.7584859728813171,-9.887372698358377e-08,0.6507244110107422,0.7054152488708496,-0.02520083263516426,0.7047150135040283,0.6802281141281128,-0.041835881769657135,0.7524852156639099,0.6736016273498535,-0.05791419744491577,0.7858618497848511,0.6474987268447876,-0.07379429042339325,0.7636302709579468,0.7732008099555969,-0.04030049592256546,0.8254832625389099,0.8360077738761902,-0.07066142559051514,0.861832857131958,0.880256712436676,-0.08870591223239899,0.8910626173019409,0.9201315641403198,-0.09966597706079483,0.7493279576301575,0.8205996155738831,-0.04077686369419098,0.7355267405509949,0.8390119671821594,-0.09003996104001999,0.6926693320274353,0.7937983274459839,-0.09920793771743774,0.666331946849823,0.759614109992981,-0.09402579814195633,0.7268640995025635,0.8535838723182678,-0.04327727109193802,0.7034745216369629,0.8561388254165649,-0.08639616519212723,0.671067476272583,0.8121333718299866,-0.07904412597417831,0.6557908058166504,0.7808037996292114,-0.06290215998888016,0.7022855281829834,0.8748771548271179,-0.04768913984298706,0.6804391145706177,0.8720142841339111,-0.0730729028582573,0.6562708020210266,0.8327528238296509,-0.0657806470990181,0.6484232544898987,0.8037547469139099,-0.05254153162240982,Г
0.0,0.0,0.0,0.0,0.0,0.0,0.0,0.0,0.0,0.0,0.0,0.0,0.0,0.0,0.0,0.0,0.0,0.0,0.0,0.0,0.0,0.0,0.0,0.0,0.0,0.0,0.0,0.0,0.0,0.0,0.0,0.0,0.0,0.0,0.0,0.0,0.0,0.0,0.0,0.0,0.0,0.0,0.0,0.0,0.0,0.0,0.0,0.0,0.0,0.0,0.0,0.0,0.0,0.0,0.0,0.0,0.0,0.0,0.0,0.0,0.0,0.0,0.0,0.6224853992462158,0.7645808458328247,-1.400308207166745e-07,0.6524428129196167,0.7111138105392456,-0.024732397869229317,0.7072482109069824,0.6854559183120728,-0.04054206609725952,0.7559172511100769,0.679061233997345,-0.05575370416045189,0.7895548939704895,0.6523255705833435,-0.07072056084871292,0.7659377455711365,0.7798671722412109,-0.04040135070681572,0.8278619647026062,0.8414857387542725,-0.07043331116437912,0.8639896512031555,0.8853986263275146,-0.08779295533895493,0.8927915096282959,0.9252764582633972,-0.0983358696103096,0.7524895668029785,0.829137921333313,-0.040423959493637085,0.7364946603775024,0.8457576632499695,-0.0888599082827568,0.6939134001731873,0.8002933859825134,-0.09702799469232559,0.6671211123466492,0.7660119533538818,-0.09137389063835144,0.7302661538124084,0.862561821937561,-0.042496535927057266,0.7035298347473145,0.8612996935844421,-0.0848589539527893,0.6721230149269104,0.8170061707496643,-0.0778300017118454,0.6565366983413696,0.7859290838241577,-0.06220092624425888,0.7055956721305847,0.8838240504264832,-0.04648521542549133,0.680381178855896,0.8753565549850464,-0.07180927693843842,0.6566646099090576,0.8356451392173767,-0.06575914472341537,0.6488942503929138,0.807285726070404,-0.05360984429717064,Г
0.0,0.0,0.0,0.0,0.0,0.0,0.0,0.0,0.0,0.0,0.0,0.0,0.0,0.0,0.0,0.0,0.0,0.0,0.0,0.0,0.0,0.0,0.0,0.0,0.0,0.0,0.0,0.0,0.0,0.0,0.0,0.0,0.0,0.0,0.0,0.0,0.0,0.0,0.0,0.0,0.0,0.0,0.0,0.0,0.0,0.0,0.0,0.0,0.0,0.0,0.0,0.0,0.0,0.0,0.0,0.0,0.0,0.0,0.0,0.0,0.0,0.0,0.0,0.6225050091743469,0.7599315047264099,-1.1600801741451505e-07,0.6548776626586914,0.706365704536438,-0.02553463727235794,0.7109092473983765,0.6808904409408569,-0.04187455028295517,0.7575628161430359,0.6742032766342163,-0.057949233800172806,0.7918242812156677,0.6508805751800537,-0.07370003312826157,0.7686489224433899,0.7764168381690979,-0.037975069135427475,0.8317888379096985,0.83555668592453,-0.06702296435832977,0.867809534072876,0.8789721727371216,-0.08361469954252243,0.8972069025039673,0.9175577759742737,-0.09380872547626495,0.7508866190910339,0.8199147582054138,-0.03910529986023903,0.7410980463027954,0.8477699756622314,-0.0890304297208786,0.6971098780632019,0.8026042580604553,-0.09894053637981415,0.6712353825569153,0.7650332450866699,-0.09382370859384537,0.7271865606307983,0.8507108688354492,-0.0424034409224987,0.7076268196105957,0.8634999394416809,-0.08576110750436783,0.674666702747345,0.8178930878639221,-0.07917464524507523,0.6598328948020935,0.7830251455307007,-0.06339690834283829,0.7014473676681519,0.870200514793396,-0.047748222947120667,0.6828466057777405,0.8742147088050842,-0.0738583579659462,0.6584084033966064,0.8341733813285828,-0.06763222068548203,0.6503409147262573,0.8023539781570435,-0.05522828549146652,Г
0.0,0.0,0.0,0.0,0.0,0.0,0.0,0.0,0.0,0.0,0.0,0.0,0.0,0.0,0.0,0.0,0.0,0.0,0.0,0.0,0.0,0.0,0.0,0.0,0.0,0.0,0.0,0.0,0.0,0.0,0.0,0.0,0.0,0.0,0.0,0.0,0.0,0.0,0.0,0.0,0.0,0.0,0.0,0.0,0.0,0.0,0.0,0.0,0.0,0.0,0.0,0.0,0.0,0.0,0.0,0.0,0.0,0.0,0.0,0.0,0.0,0.0,0.0,0.6223099827766418,0.7601497173309326,-1.201517108029293e-07,0.6554532051086426,0.7056279182434082,-0.026254011318087578,0.7114067077636719,0.6802921295166016,-0.042836517095565796,0.7576061487197876,0.673229992389679,-0.059013329446315765,0.7914655804634094,0.6488578915596008,-0.07478293776512146,0.7691750526428223,0.7765554189682007,-0.038670092821121216,0.8323373794555664,0.8358873724937439,-0.06771755963563919,0.8682348728179932,0.8793351650238037,-0.08431181311607361,0.8976923823356628,0.9174350500106812,-0.09448963403701782,0.7520484328269958,0.8205879926681519,-0.039250656962394714,0.7400686144828796,0.8468707203865051,-0.0888996496796608,0.6961981058120728,0.802374541759491,-0.09869098663330078,0.670464277267456,0.7652081847190857,-0.09374882280826569,0.7287001609802246,0.8513759970664978,-0.04205714538693428,0.7078394889831543,0.8633200526237488,-0.08551838994026184,0.6747894287109375,0.8178065419197083,-0.0791369080543518,0.6598027348518372,0.7824779748916626,-0.06349220126867294,0.7034674286842346,0.8707075119018555,-0.04696650430560112,0.6848022937774658,0.8765078783035278,-0.07317522913217545,0.6603199243545532,0.8376156687736511,-0.06703928112983704,0.6519837379455566,0.8057075142860413,-0.054674454033374786,Г
0.0,0.0,0.0,0.0,0.0,0.0,0.0,0.0,0.0,0.0,0.0,0.0,0.0,0.0,0.0,0.0,0.0,0.0,0.0,0.0,0.0,0.0,0.0,0.0,0.0,0.0,0.0,0.0,0.0,0.0,0.0,0.0,0.0,0.0,0.0,0.0,0.0,0.0,0.0,0.0,0.0,0.0,0.0,0.0,0.0,0.0,0.0,0.0,0.0,0.0,0.0,0.0,0.0,0.0,0.0,0.0,0.0,0.0,0.0,0.0,0.0,0.0,0.0,0.6216558814048767,0.7635104656219482,-1.421101103460387e-07,0.6544909477233887,0.7080509662628174,-0.02501819096505642,0.7109031677246094,0.6836584806442261,-0.04091242700815201,0.7582122683525085,0.676281213760376,-0.05654764920473099,0.7917923927307129,0.6495732665061951,-0.07185054570436478,0.7672380805015564,0.7802202105522156,-0.03801868483424187,0.8306077718734741,0.8408844470977783,-0.06605638563632965,0.8666279315948486,0.8851227760314941,-0.082159124314785,0.8957126140594482,0.923851490020752,-0.09209706634283066,0.7517805099487305,0.8260632753372192,-0.03853848949074745,0.7353004217147827,0.8442519307136536,-0.08551722019910812,0.6934269666671753,0.8009202480316162,-0.09407952427864075,0.6694325804710388,0.7681177854537964,-0.08917117863893509,0.7285635471343994,0.8573987483978271,-0.0411505401134491,0.7043430805206299,0.8597588539123535,-0.08150516450405121,0.6734121441841125,0.8179729580879211,-0.07386739552021027,0.6597021222114563,0.7883575558662415,-0.058385130017995834,0.7034878134727478,0.8772605657577515,-0.04596549645066261,0.682456910610199,0.8756941556930542,-0.06912393867969513,0.6599273681640625,0.8397948741912842,-0.06173703446984291,0.6526706218719482,0.8127891421318054,-0.04907061532139778,Г
0.0,0.0,0.0,0.0,0.0,0.0,0.0,0.0,0.0,0.0,0.0,0.0,0.0,0.0,0.0,0.0,0.0,0.0,0.0,0.0,0.0,0.0,0.0,0.0,0.0,0.0,0.0,0.0,0.0,0.0,0.0,0.0,0.0,0.0,0.0,0.0,0.0,0.0,0.0,0.0,0.0,0.0,0.0,0.0,0.0,0.0,0.0,0.0,0.0,0.0,0.0,0.0,0.0,0.0,0.0,0.0,0.0,0.0,0.0,0.0,0.0,0.0,0.0,0.6149901151657104,0.7599372863769531,-9.043373694339607e-08,0.6475696563720703,0.7088505625724792,-0.03140044957399368,0.7040005326271057,0.6841811537742615,-0.051822394132614136,0.751812756061554,0.677550196647644,-0.07143955677747726,0.7873440980911255,0.6535705327987671,-0.09046860784292221,0.7603760957717896,0.7816275358200073,-0.04369637370109558,0.8220614194869995,0.8411989808082581,-0.07513747364282608,0.8578467965126038,0.8859480619430542,-0.09079751372337341,0.8865225911140442,0.9256987571716309,-0.09979496896266937,0.7436071634292603,0.8246341943740845,-0.04281622916460037,0.7330213189125061,0.858916163444519,-0.09249842911958694,0.6873651146888733,0.8102596402168274,-0.09781620651483536,0.6682800650596619,0.778217613697052,-0.08937352895736694,0.7206727862358093,0.8557782769203186,-0.045136697590351105,0.6959050893783569,0.8721311092376709,-0.09074210375547409,0.6623072624206543,0.822754442691803,-0.0807635709643364,0.6540153622627258,0.7925541400909424,-0.062288764864206314,0.6950662732124329,0.8771264553070068,-0.050015807151794434,0.6752069592475891,0.8880640864372253,-0.07648762315511703,0.6517989635467529,0.847154438495636,-0.06788165867328644,0.6481239795684814,0.8180309534072876,-0.05396534875035286,Г
0.0,0.0,0.0,0.0,0.0,0.0,0.0,0.0,0.0,0.0,0.0,0.0,0.0,0.0,0.0,0.0,0.0,0.0,0.0,0.0,0.0,0.0,0.0,0.0,0.0,0.0,0.0,0.0,0.0,0.0,0.0,0.0,0.0,0.0,0.0,0.0,0.0,0.0,0.0,0.0,0.0,0.0,0.0,0.0,0.0,0.0,0.0,0.0,0.0,0.0,0.0,0.0,0.0,0.0,0.0,0.0,0.0,0.0,0.0,0.0,0.0,0.0,0.0,0.6092692613601685,0.7652608156204224,-1.1971940239163814e-07,0.6415137648582458,0.7146589756011963,-0.028569094836711884,0.6983828544616699,0.687868058681488,-0.047650858759880066,0.7465536594390869,0.6803048253059387,-0.06624636799097061,0.7808538675308228,0.6558924913406372,-0.08441455662250519,0.7544767260551453,0.7850070595741272,-0.04088513180613518,0.8155991435050964,0.8436028957366943,-0.06995876133441925,0.8515658974647522,0.8890303373336792,-0.08414424955844879,0.8795077204704285,0.9281834959983826,-0.09226137399673462,0.7399336695671082,0.8274405002593994,-0.040761545300483704,0.7258034944534302,0.8609329462051392,-0.08698232471942902,0.6785763502120972,0.8157894611358643,-0.09091190248727798,0.659417450428009,0.7858527302742004,-0.08256374299526215,0.7175778746604919,0.8584755659103394,-0.04352070763707161,0.6905638575553894,0.8780190348625183,-0.0862027257680893,0.6558743715286255,0.8310020565986633,-0.07572510838508606,0.6478813886642456,0.8010428547859192,-0.05806492641568184,0.6917275786399841,0.8807880878448486,-0.04859860613942146,0.6704748272895813,0.8950901627540588,-0.07300874590873718,0.6457076668739319,0.8545868396759033,-0.06384820491075516,0.6420685648918152,0.8236058950424194,-0.05023380368947983,Г
0.0,0.0,0.0,0.0,0.0,0.0,0.0,0.0,0.0,0.0,0.0,0.0,0.0,0.0,0.0,0.0,0.0,0.0,0.0,0.0,0.0,0.0,0.0,0.0,0.0,0.0,0.0,0.0,0.0,0.0,0.0,0.0,0.0,0.0,0.0,0.0,0.0,0.0,0.0,0.0,0.0,0.0,0.0,0.0,0.0,0.0,0.0,0.0,0.0,0.0,0.0,0.0,0.0,0.0,0.0,0.0,0.0,0.0,0.0,0.0,0.0,0.0,0.0,0.6063976883888245,0.7743715047836304,-1.1064874172461714e-07,0.6368880867958069,0.7188531756401062,-0.027795106172561646,0.69214928150177,0.689828097820282,-0.04661928862333298,0.7402998208999634,0.6836889386177063,-0.06502445042133331,0.7746338248252869,0.6587039232254028,-0.08318808674812317,0.7478272914886475,0.7854769229888916,-0.04143505170941353,0.8094943165779114,0.8435544371604919,-0.07025298476219177,0.8450248837471008,0.8888588547706604,-0.08493756502866745,0.8730192184448242,0.928476095199585,-0.09336743503808975,0.7335126399993896,0.8269991278648376,-0.04146253690123558,0.7193241715431213,0.8632262945175171,-0.08812893182039261,0.6731286644935608,0.8200851082801819,-0.09379567950963974,0.651650071144104,0.7867171764373779,-0.08669166266918182,0.7126430869102478,0.8584495782852173,-0.0439436212182045,0.6889622211456299,0.8825736045837402,-0.08654598146677017,0.6541396975517273,0.8368302583694458,-0.07686932384967804,0.642708957195282,0.8027715086936951,-0.05950455367565155,0.6890479326248169,0.8814290761947632,-0.04860890656709671,0.6711467504501343,0.900066077709198,-0.07320800423622131,0.6458079218864441,0.8619102239608765,-0.06418248265981674,0.6391101479530334,0.8295787572860718,-0.05036618933081627,Г
0.0,0.0,0.0,0.0,0.0,0.0,0.0,0.0,0.0,0.0,0.0,0.0,0.0,0.0,0.0,0.0,0.0,0.0,0.0,0.0,0.0,0.0,0.0,0.0,0.0,0.0,0.0,0.0,0.0,0.0,0.0,0.0,0.0,0.0,0.0,0.0,0.0,0.0,0.0,0.0,0.0,0.0,0.0,0.0,0.0,0.0,0.0,0.0,0.0,0.0,0.0,0.0,0.0,0.0,0.0,0.0,0.0,0.0,0.0,0.0,0.0,0.0,0.0,0.6048588752746582,0.7667480707168579,-1.1152899759281354e-07,0.6350105404853821,0.7124993205070496,-0.027904966846108437,0.6891475319862366,0.6869346499443054,-0.046113353222608566,0.736041247844696,0.680108904838562,-0.06394036114215851,0.7703332901000977,0.6554030179977417,-0.08173581957817078,0.7461066246032715,0.7853125929832458,-0.04018232971429825,0.8064103722572327,0.8446182012557983,-0.06944360584020615,0.8419214487075806,0.889314591884613,-0.08491811901330948,0.8701096177101135,0.9286442995071411,-0.09388436377048492,0.7301312685012817,0.8298600912094116,-0.03987577185034752,0.7154628038406372,0.8571091294288635,-0.0868426263332367,0.670750617980957,0.8107629418373108,-0.09320691972970963,0.6501452922821045,0.7772875428199768,-0.08650591224431992,0.706968367099762,0.860791802406311,-0.04217638447880745,0.6827160120010376,0.8734745979309082,-0.08642010390758514,0.6488960385322571,0.826007604598999,-0.0783517062664032,0.637994110584259,0.7931759357452393,-0.061569467186927795,0.6819107532501221,0.8807741403579712,-0.04643941670656204,0.6618598103523254,0.8885111808776855,-0.07307986915111542,0.6372069120407104,0.848250150680542,-0.06535203009843826,0.6312094926834106,0.8165844678878784,-0.05194162204861641,Г
0.0,0.0,0.0,0.0,0.0,0.0,0.0,0.0,0.0,0.0,0.0,0.0,0.0,0.0,0.0,0.0,0.0,0.0,0.0,0.0,0.0,0.0,0.0,0.0,0.0,0.0,0.0,0.0,0.0,0.0,0.0,0.0,0.0,0.0,0.0,0.0,0.0,0.0,0.0,0.0,0.0,0.0,0.0,0.0,0.0,0.0,0.0,0.0,0.0,0.0,0.0,0.0,0.0,0.0,0.0,0.0,0.0,0.0,0.0,0.0,0.0,0.0,0.0,0.6063469648361206,0.7683074474334717,-8.803568363191516e-08,0.6358472108840942,0.7155422568321228,-0.028486570343375206,0.6885088086128235,0.6898335814476013,-0.04798804968595505,0.7353016138076782,0.681915819644928,-0.06676813960075378,0.7696022987365723,0.6551997661590576,-0.08519414067268372,0.7453844547271729,0.7873855829238892,-0.042969509959220886,0.8053319454193115,0.8484788537025452,-0.07270774990320206,0.8404245972633362,0.8935883045196533,-0.0886649489402771,0.8682559728622437,0.9342869520187378,-0.09832634776830673,0.7302719950675964,0.8323816061019897,-0.04284967482089996,0.713868260383606,0.8575963973999023,-0.09024515002965927,0.6713345050811768,0.8123955726623535,-0.09667462110519409,0.6499602794647217,0.7798835635185242,-0.09021449089050293,0.706812858581543,0.8639770746231079,-0.045257568359375,0.6808876991271973,0.8741639256477356,-0.08779090642929077,0.6498899459838867,0.8285097479820251,-0.0787285715341568,0.6396598815917969,0.7973490357398987,-0.0621967613697052,0.6805577278137207,0.8854717016220093,-0.04998867213726044,0.6580718755722046,0.8893684148788452,-0.07536942511796951,0.6354114413261414,0.8480972647666931,-0.06753320246934891,0.6307682991027832,0.8165179491043091,-0.054580479860305786,Г
0.0,0.0,0.0,0.0,0.0,0.0,0.0,0.0,0.0,0.0,0.0,0.0,0.0,0.0,0.0,0.0,0.0,0.0,0.0,0.0,0.0,0.0,0.0,0.0,0.0,0.0,0.0,0.0,0.0,0.0,0.0,0.0,0.0,0.0,0.0,0.0,0.0,0.0,0.0,0.0,0.0,0.0,0.0,0.0,0.0,0.0,0.0,0.0,0.0,0.0,0.0,0.0,0.0,0.0,0.0,0.0,0.0,0.0,0.0,0.0,0.0,0.0,0.0,0.6042271852493286,0.7725569009780884,-1.1858967496891637e-07,0.6343276500701904,0.7173028588294983,-0.02717374823987484,0.6881909370422363,0.6919746994972229,-0.04571894183754921,0.735321581363678,0.6858121752738953,-0.0639876052737236,0.7688868045806885,0.6585307121276855,-0.08221562951803207,0.7457488775253296,0.7924284934997559,-0.04075119271874428,0.804267406463623,0.8524479269981384,-0.07008352875709534,0.8390887379646301,0.8970738649368286,-0.08592874556779861,0.8666138052940369,0.9373759627342224,-0.09545204043388367,0.7301939725875854,0.8366628885269165,-0.04126898944377899,0.7106094360351562,0.8623307943344116,-0.08743474632501602,0.669076681137085,0.8141116499900818,-0.09348800033330917,0.6502582430839539,0.7807349562644958,-0.08707579225301743,0.7058897614479065,0.8670244216918945,-0.04436064511537552,0.6776815056800842,0.876299262046814,-0.08738048374652863,0.6475726962089539,0.8278604745864868,-0.07930687814950943,0.6390203833580017,0.7964261174201965,-0.0633445531129837,0.6789708137512207,0.8871313333511353,-0.04948880895972252,0.655951976776123,0.8900523781776428,-0.07532569020986557,0.6335638165473938,0.8474380970001221,-0.06768840551376343,0.629565954208374,0.8157309889793396,-0.0548383928835392,Г
0.0,0.0,0.0,0.0,0.0,0.0,0.0,0.0,0.0,0.0,0.0,0.0,0.0,0.0,0.0,0.0,0.0,0.0,0.0,0.0,0.0,0.0,0.0,0.0,0.0,0.0,0.0,0.0,0.0,0.0,0.0,0.0,0.0,0.0,0.0,0.0,0.0,0.0,0.0,0.0,0.0,0.0,0.0,0.0,0.0,0.0,0.0,0.0,0.0,0.0,0.0,0.0,0.0,0.0,0.0,0.0,0.0,0.0,0.0,0.0,0.0,0.0,0.0,0.6044676303863525,0.7698875069618225,-1.1516377895759433e-07,0.6338881850242615,0.7164405584335327,-0.026797140017151833,0.6886369585990906,0.6903839111328125,-0.04502337425947189,0.7362076044082642,0.6837823390960693,-0.06292849779129028,0.7701170444488525,0.6582924723625183,-0.08076297491788864,0.7472301125526428,0.7891198396682739,-0.04016474261879921,0.8058567047119141,0.8503078818321228,-0.06959093362092972,0.8410190939903259,0.8960041999816895,-0.08604960143566132,0.8681291341781616,0.9367411136627197,-0.09605749696493149,0.7316402792930603,0.8340809941291809,-0.04063601419329643,0.7103012204170227,0.8588838577270508,-0.08689986914396286,0.6681419610977173,0.8123601078987122,-0.0939548909664154,0.6498446464538574,0.7795655131340027,-0.08850693702697754,0.7073826789855957,0.8658043742179871,-0.04356703162193298,0.6782443523406982,0.8744829893112183,-0.08621139079332352,0.6476438045501709,0.827100932598114,-0.07824482023715973,0.6394435167312622,0.7952228784561157,-0.0626433864235878,0.6807830333709717,0.887222945690155,-0.04851663485169411,0.6571692824363708,0.8889482021331787,-0.07417134940624237,0.6337984204292297,0.8472492098808289,-0.06631983816623688,0.629446804523468,0.8159485459327698,-0.05331980064511299,Г
0.0,0.0,0.0,0.0,0.0,0.0,0.0,0.0,0.0,0.0,0.0,0.0,0.0,0.0,0.0,0.0,0.0,0.0,0.0,0.0,0.0,0.0,0.0,0.0,0.0,0.0,0.0,0.0,0.0,0.0,0.0,0.0,0.0,0.0,0.0,0.0,0.0,0.0,0.0,0.0,0.0,0.0,0.0,0.0,0.0,0.0,0.0,0.0,0.0,0.0,0.0,0.0,0.0,0.0,0.0,0.0,0.0,0.0,0.0,0.0,0.0,0.0,0.0,0.603367030620575,0.7730209827423096,-1.202526789256808e-07,0.634217381477356,0.7218933701515198,-0.025535371154546738,0.6895381212234497,0.6951438784599304,-0.043250177055597305,0.7366099953651428,0.688931941986084,-0.06044512242078781,0.7698482871055603,0.6635361909866333,-0.07749795913696289,0.7458181977272034,0.7948900461196899,-0.04393754154443741,0.805837869644165,0.8582097291946411,-0.07489265501499176,0.8413029313087463,0.9040844440460205,-0.09232710301876068,0.8691633939743042,0.9457250833511353,-0.10295815020799637,0.7307451367378235,0.8418086171150208,-0.04456215724349022,0.7100204229354858,0.8633147478103638,-0.09195230156183243,0.6693515777587891,0.8157936930656433,-0.09848261624574661,0.6492607593536377,0.7836107015609741,-0.09262187033891678,0.7063448429107666,0.873718798160553,-0.04743298143148422,0.6748238205909729,0.8742126226425171,-0.08956965804100037,0.6465004086494446,0.8279383778572083,-0.08157197386026382,0.6379618644714355,0.7993932962417603,-0.06622513383626938,0.6796380281448364,0.8950786590576172,-0.05230825021862984,0.6524161100387573,0.8885811567306519,-0.07686304301023483,0.6319220066070557,0.8461831212043762,-0.06972456723451614,0.6295439004898071,0.8171893358230591,-0.05760442838072777,Г
0.0,0.0,0.0,0.0,0.0,0.0,0.0,0.0,0.0,0.0,0.0,0.0,0.0,0.0,0.0,0.0,0.0,0.0,0.0,0.0,0.0,0.0,0.0,0.0,0.0,0.0,0.0,0.0,0.0,0.0,0.0,0.0,0.0,0.0,0.0,0.0,0.0,0.0,0.0,0.0,0.0,0.0,0.0,0.0,0.0,0.0,0.0,0.0,0.0,0.0,0.0,0.0,0.0,0.0,0.0,0.0,0.0,0.0,0.0,0.0,0.0,0.0,0.0,0.602814793586731,0.7756149172782898,-1.2143469518832717e-07,0.6339007616043091,0.7231858968734741,-0.02894611842930317,0.6890483498573303,0.6980655193328857,-0.04860100522637367,0.7367271184921265,0.6928151249885559,-0.06744258105754852,0.7703527212142944,0.665959358215332,-0.08585738390684128,0.7469568848609924,0.8002155423164368,-0.04665973037481308,0.8058694005012512,0.8634634017944336,-0.07861955463886261,0.8409960865974426,0.9099711775779724,-0.09536544978618622,0.8685040473937988,0.9528826475143433,-0.10533516854047775,0.732437252998352,0.8470019102096558,-0.04616871476173401,0.7079342603683472,0.8687124252319336,-0.09297233819961548,0.6665134429931641,0.8184213638305664,-0.09677301347255707,0.6496782302856445,0.7892213463783264,-0.08922508358955383,0.7076359391212463,0.8778541088104248,-0.04860754683613777,0.6724397540092468,0.8787245154380798,-0.09224320203065872,0.6441488862037659,0.8297736048698425,-0.08295344561338425,0.6381074786186218,0.8040685057640076,-0.06664703041315079,0.6798046827316284,0.8983868360519409,-0.05336468294262886,0.6509283185005188,0.8924896717071533,-0.07950026541948318,0.6307147741317749,0.8478742837905884,-0.07221721857786179,0.6294577717781067,0.8190682530403137,-0.05998111888766289,Г
0.0,0.0,0.0,0.0,0.0,0.0,0.0,0.0,0.0,0.0,0.0,0.0,0.0,0.0,0.0,0.0,0.0,0.0,0.0,0.0,0.0,0.0,0.0,0.0,0.0,0.0,0.0,0.0,0.0,0.0,0.0,0.0,0.0,0.0,0.0,0.0,0.0,0.0,0.0,0.0,0.0,0.0,0.0,0.0,0.0,0.0,0.0,0.0,0.0,0.0,0.0,0.0,0.0,0.0,0.0,0.0,0.0,0.0,0.0,0.0,0.0,0.0,0.0,0.6051846146583557,0.7741338014602661,-1.3997009773447644e-07,0.6350786685943604,0.7223461866378784,-0.030526280403137207,0.6887010335922241,0.6996782422065735,-0.051953837275505066,0.7357799410820007,0.6948223114013672,-0.07260211557149887,0.7720581293106079,0.6675996780395508,-0.09274272620677948,0.7463380694389343,0.8047258853912354,-0.0479525588452816,0.8038948178291321,0.8672953844070435,-0.08086635917425156,0.8390777111053467,0.9140472412109375,-0.09754446148872375,0.8667933940887451,0.9571815133094788,-0.1073535606265068,0.7320855259895325,0.8514235615730286,-0.04720725119113922,0.7058298587799072,0.8692235946655273,-0.09479527920484543,0.6646220684051514,0.8170674443244934,-0.0983869880437851,0.6507007479667664,0.7886680960655212,-0.09052880853414536,0.7078306078910828,0.8823245763778687,-0.049575794488191605,0.6717823147773743,0.880858302116394,-0.09427827596664429,0.6437476873397827,0.8296915888786316,-0.08426069468259811,0.6403831243515015,0.8036221265792847,-0.06734754145145416,0.6807413101196289,0.9026862382888794,-0.05442677438259125,0.6515199542045593,0.8954700827598572,-0.08132247626781464,0.6312310099601746,0.8485396504402161,-0.07349499315023422,0.631338357925415,0.8181371092796326,-0.060726381838321686,Г
0.0,0.0,0.0,0.0,0.0,0.0,0.0,0.0,0.0,0.0,0.0,0.0,0.0,0.0,0.0,0.0,0.0,0.0,0.0,0.0,0.0,0.0,0.0,0.0,0.0,0.0,0.0,0.0,0.0,0.0,0.0,0.0,0.0,0.0,0.0,0.0,0.0,0.0,0.0,0.0,0.0,0.0,0.0,0.0,0.0,0.0,0.0,0.0,0.0,0.0,0.0,0.0,0.0,0.0,0.0,0.0,0.0,0.0,0.0,0.0,0.0,0.0,0.0,0.6051592230796814,0.7808369398117065,-9.236401865564403e-08,0.634436845779419,0.7323547005653381,-0.029185978695750237,0.6879804730415344,0.7066833972930908,-0.049948662519454956,0.7347492575645447,0.6996924877166748,-0.06965377926826477,0.7696568965911865,0.6734193563461304,-0.08910489827394485,0.7445695996284485,0.8076593279838562,-0.04837317019701004,0.8018388748168945,0.8728871941566467,-0.08028663694858551,0.83692866563797,0.9208974838256836,-0.0971466600894928,0.8650847673416138,0.9643330574035645,-0.10749288648366928,0.7292797565460205,0.8542770743370056,-0.04815016686916351,0.7075760364532471,0.8798098564147949,-0.09655486792325974,0.6646634340286255,0.8298655152320862,-0.10176876932382584,0.6456451416015625,0.7965381145477295,-0.09464660286903381,0.7047257423400879,0.8857616782188416,-0.05040280520915985,0.6723995208740234,0.8912789821624756,-0.09454715996980667,0.6426299810409546,0.8416021466255188,-0.08498340845108032,0.6355092525482178,0.8103435635566711,-0.0682872012257576,0.6770036220550537,0.9062882661819458,-0.05488118901848793,0.6501808762550354,0.9038870334625244,-0.081241175532341,0.6282147169113159,0.8576840162277222,-0.0732189491391182,0.6257921457290649,0.8244338631629944,-0.06039267033338547,Г
0.0,0.0,0.0,0.0,0.0,0.0,0.0,0.0,0.0,0.0,0.0,0.0,0.0,0.0,0.0,0.0,0.0,0.0,0.0,0.0,0.0,0.0,0.0,0.0,0.0,0.0,0.0,0.0,0.0,0.0,0.0,0.0,0.0,0.0,0.0,0.0,0.0,0.0,0.0,0.0,0.0,0.0,0.0,0.0,0.0,0.0,0.0,0.0,0.0,0.0,0.0,0.0,0.0,0.0,0.0,0.0,0.0,0.0,0.0,0.0,0.0,0.0,0.0,0.6035488247871399,0.7830470204353333,-1.2571635465974396e-07,0.6341643333435059,0.7323325872421265,-0.027278847992420197,0.6894134283065796,0.7081577181816101,-0.04656730592250824,0.7368054389953613,0.7034990191459656,-0.0651950016617775,0.7713689208030701,0.6766319870948792,-0.08370660990476608,0.7439530491828918,0.8098594546318054,-0.04658868908882141,0.8022283315658569,0.874772310256958,-0.07892486453056335,0.8376149535179138,0.9224161505699158,-0.09619125723838806,0.8652807474136353,0.9651038646697998,-0.10665086656808853,0.7285281419754028,0.8561006784439087,-0.04688405245542526,0.7059210538864136,0.8805191516876221,-0.09499181807041168,0.6641622185707092,0.8290291428565979,-0.0998503565788269,0.6468355655670166,0.7957934141159058,-0.09271321445703506,0.7036771774291992,0.8870183229446411,-0.049712736159563065,0.669868528842926,0.8907440900802612,-0.09412127733230591,0.6412987112998962,0.8403956890106201,-0.08521437644958496,0.6359665393829346,0.810147225856781,-0.06910881400108337,0.6758970022201538,0.9070450663566589,-0.054542627185583115,0.6468297243118286,0.902493417263031,-0.08155068755149841,0.6256119012832642,0.8556387424468994,-0.07433495670557022,0.6247885227203369,0.8225905895233154,-0.062120720744132996,Г
0.0,0.0,0.0,0.0,0.0,0.0,0.0,0.0,0.0,0.0,0.0,0.0,0.0,0.0,0.0,0.0,0.0,0.0,0.0,0.0,0.0,0.0,0.0,0.0,0.0,0.0,0.0,0.0,0.0,0.0,0.0,0.0,0.0,0.0,0.0,0.0,0.0,0.0,0.0,0.0,0.0,0.0,0.0,0.0,0.0,0.0,0.0,0.0,0.0,0.0,0.0,0.0,0.0,0.0,0.0,0.0,0.0,0.0,0.0,0.0,0.0,0.0,0.0,0.6049185991287231,0.7813753485679626,-1.0564392738388051e-07,0.635184645652771,0.7313264012336731,-0.02956864982843399,0.6892582178115845,0.7065417766571045,-0.04995471239089966,0.7363309860229492,0.7010065317153931,-0.06931441277265549,0.7708654999732971,0.6749531030654907,-0.08862017095088959,0.7461265325546265,0.8083919286727905,-0.04728567972779274,0.8043619394302368,0.87130206823349,-0.07859016209840775,0.839805543422699,0.9189939498901367,-0.09553968161344528,0.8678270578384399,0.9624817371368408,-0.10589451342821121,0.7310267686843872,0.8548880815505981,-0.04650748521089554,0.7083202600479126,0.8786951899528503,-0.09574674069881439,0.6651128530502319,0.8286704421043396,-0.10276606678962708,0.6449283361434937,0.7932183146476746,-0.0966339036822319,0.7069970965385437,0.8866003751754761,-0.04812301695346832,0.674490749835968,0.8915848731994629,-0.09265506267547607,0.6445873975753784,0.8420554399490356,-0.08465060591697693,0.636017918586731,0.8082374930381775,-0.06864414364099503,0.6805100440979004,0.906811535358429,-0.05198252201080322,0.6543292999267578,0.9060059785842896,-0.07889436185359955,0.6319947838783264,0.8614053726196289,-0.07195267826318741,0.628265380859375,0.8272071480751038,-0.05954578146338463,Г
0.0,0.0,0.0,0.0,0.0,0.0,0.0,0.0,0.0,0.0,0.0,0.0,0.0,0.0,0.0,0.0,0.0,0.0,0.0,0.0,0.0,0.0,0.0,0.0,0.0,0.0,0.0,0.0,0.0,0.0,0.0,0.0,0.0,0.0,0.0,0.0,0.0,0.0,0.0,0.0,0.0,0.0,0.0,0.0,0.0,0.0,0.0,0.0,0.0,0.0,0.0,0.0,0.0,0.0,0.0,0.0,0.0,0.0,0.0,0.0,0.0,0.0,0.0,0.6056632399559021,0.7846256494522095,-1.2415851813329937e-07,0.6360654234886169,0.7332469820976257,-0.029024705290794373,0.6902225017547607,0.7101768255233765,-0.049044281244277954,0.7376404404640198,0.7064996957778931,-0.06816039234399796,0.7725009918212891,0.6798824667930603,-0.08696267753839493,0.7481874227523804,0.8139980435371399,-0.046906307339668274,0.8061278462409973,0.8784624934196472,-0.07991869747638702,0.8413549065589905,0.925720751285553,-0.09836181253194809,0.868436336517334,0.9683658480644226,-0.10942434519529343,0.7332554459571838,0.8621219992637634,-0.046049878001213074,0.7076311707496643,0.8770112991333008,-0.09535454213619232,0.6669712662696838,0.8262264728546143,-0.10186635702848434,0.6489686369895935,0.7940362691879272,-0.09566458314657211,0.7083518505096436,0.8934693932533264,-0.04786841943860054,0.6731070876121521,0.8889656662940979,-0.09333312511444092,0.6452695727348328,0.840208113193512,-0.08559556305408478,0.638573169708252,0.8105306029319763,-0.06973422318696976,0.6815876960754395,0.9131156802177429,-0.05184769630432129,0.6515394449234009,0.9038044214248657,-0.07947409152984619,0.6305980682373047,0.8579246401786804,-0.07282549142837524,0.628743588924408,0.8253883719444275,-0.06045004725456238,Г
0.0,0.0,0.0,0.0,0.0,0.0,0.0,0.0,0.0,0.0,0.0,0.0,0.0,0.0,0.0,0.0,0.0,0.0,0.0,0.0,0.0,0.0,0.0,0.0,0.0,0.0,0.0,0.0,0.0,0.0,0.0,0.0,0.0,0.0,0.0,0.0,0.0,0.0,0.0,0.0,0.0,0.0,0.0,0.0,0.0,0.0,0.0,0.0,0.0,0.0,0.0,0.0,0.0,0.0,0.0,0.0,0.0,0.0,0.0,0.0,0.0,0.0,0.0,0.6069718599319458,0.7854822278022766,-9.289697544545561e-08,0.637211263179779,0.734411895275116,-0.03089328669011593,0.6903740763664246,0.7112250924110413,-0.05142810195684433,0.7371599078178406,0.7063246965408325,-0.07071258872747421,0.7725470662117004,0.6800650954246521,-0.08975441008806229,0.7478571534156799,0.8149781227111816,-0.047561757266521454,0.807302713394165,0.8788252472877502,-0.08000969141721725,0.8424838185310364,0.9254069924354553,-0.09814665466547012,0.8706477880477905,0.9678106307983398,-0.10922101140022278,0.7316693663597107,0.8621808290481567,-0.046195436269044876,0.713050365447998,0.8817305564880371,-0.09713301807641983,0.6708226799964905,0.8325095772743225,-0.10502605885267258,0.6483613848686218,0.7974067330360413,-0.0989212766289711,0.70728600025177,0.8934792876243591,-0.04749096557497978,0.6792436242103577,0.8956301808357239,-0.093405582010746,0.6491137146949768,0.8468493223190308,-0.08579158037900925,0.6381673216819763,0.8137885332107544,-0.06936245411634445,0.6812031269073486,0.9133549928665161,-0.051173388957977295,0.6560262441635132,0.9101338386535645,-0.07921501994132996,0.6334570646286011,0.865682065486908,-0.07283201813697815,0.6284896731376648,0.8332763314247131,-0.060335177928209305,Г
0.0,0.0,0.0,0.0,0.0,0.0,0.0,0.0,0.0,0.0,0.0,0.0,0.0,0.0,0.0,0.0,0.0,0.0,0.0,0.0,0.0,0.0,0.0,0.0,0.0,0.0,0.0,0.0,0.0,0.0,0.0,0.0,0.0,0.0,0.0,0.0,0.0,0.0,0.0,0.0,0.0,0.0,0.0,0.0,0.0,0.0,0.0,0.0,0.0,0.0,0.0,0.0,0.0,0.0,0.0,0.0,0.0,0.0,0.0,0.0,0.0,0.0,0.0,0.6074889302253723,0.7857453227043152,-5.142631209764659e-08,0.636592447757721,0.7341408729553223,-0.0323544479906559,0.6913282871246338,0.7104113698005676,-0.05370129644870758,0.738462507724762,0.706023097038269,-0.07370500266551971,0.7726485133171082,0.6791591644287109,-0.09366244822740555,0.7481086850166321,0.810502290725708,-0.04847480729222298,0.8068265914916992,0.8741705417633057,-0.08096204698085785,0.8417125344276428,0.9221283197402954,-0.09910227358341217,0.8700960278511047,0.9657208323478699,-0.11039263755083084,0.7322439551353455,0.8546150922775269,-0.0475468784570694,0.7160887718200684,0.8858318328857422,-0.09991612285375595,0.6716413497924805,0.8368039131164551,-0.10908221453428268,0.6508050560951233,0.7987660765647888,-0.10378514975309372,0.7094388604164124,0.8867015242576599,-0.04921049252152443,0.6841268539428711,0.9036750793457031,-0.09684452414512634,0.6507097482681274,0.8514457941055298,-0.08887077867984772,0.6396802067756653,0.8121542930603027,-0.07186264544725418,0.6845198273658752,0.9080554246902466,-0.053387489169836044,0.6640229821205139,0.9194860458374023,-0.08336050808429718,0.6387246251106262,0.8759885430335999,-0.07655282318592072,0.632319450378418,0.8401041626930237,-0.06347787380218506,Г
0.0,0.0,0.0,0.0,0.0,0.0,0.0,0.0,0.0,0.0,0.0,0.0,0.0,0.0,0.0,0.0,0.0,0.0,0.0,0.0,0.0,0.0,0.0,0.0,0.0,0.0,0.0,0.0,0.0,0.0,0.0,0.0,0.0,0.0,0.0,0.0,0.0,0.0,0.0,0.0,0.0,0.0,0.0,0.0,0.0,0.0,0.0,0.0,0.0,0.0,0.0,0.0,0.0,0.0,0.0,0.0,0.0,0.0,0.0,0.0,0.0,0.0,0.0,0.6066740155220032,0.7895913124084473,-9.890165131309914e-08,0.6366599798202515,0.7369843125343323,-0.028767192736268044,0.6906082034111023,0.7130223512649536,-0.04809758812189102,0.7371600866317749,0.7098730802536011,-0.06646402180194855,0.771597146987915,0.6837194561958313,-0.08462374657392502,0.7462141513824463,0.8152273893356323,-0.04542220011353493,0.8061197400093079,0.8789858818054199,-0.07671479880809784,0.8412615656852722,0.9256042838096619,-0.09463999420404434,0.8695102334022522,0.9673784971237183,-0.10572647303342819,0.7299091219902039,0.8620373010635376,-0.04496511071920395,0.7130990624427795,0.8836014866828918,-0.09524707496166229,0.6704980134963989,0.8360193371772766,-0.10377718508243561,0.6472926139831543,0.800051748752594,-0.09825460612773895,0.7060229778289795,0.8940317630767822,-0.04677243158221245,0.6808280348777771,0.8999655842781067,-0.09113424271345139,0.6504249572753906,0.8528007864952087,-0.083113893866539,0.6385093927383423,0.8185692429542542,-0.06670567393302917,0.6805757880210876,0.914427638053894,-0.050839561969041824,0.6584829092025757,0.9147928357124329,-0.0776020735502243,0.6356968879699707,0.8729097247123718,-0.07030650973320007,0.6297292709350586,0.8408792018890381,-0.057269975543022156,Г
0.0,0.0,0.0,0.0,0.0,0.0,0.0,0.0,0.0,0.0,0.0,0.0,0.0,0.0,0.0,0.0,0.0,0.0,0.0,0.0,0.0,0.0,0.0,0.0,0.0,0.0,0.0,0.0,0.0,0.0,0.0,0.0,0.0,0.0,0.0,0.0,0.0,0.0,0.0,0.0,0.0,0.0,0.0,0.0,0.0,0.0,0.0,0.0,0.0,0.0,0.0,0.0,0.0,0.0,0.0,0.0,0.0,0.0,0.0,0.0,0.0,0.0,0.0,0.607749879360199,0.7907453775405884,-1.0581739218196162e-07,0.6358475685119629,0.7382968068122864,-0.02938918210566044,0.6900914311408997,0.7137802243232727,-0.04902956262230873,0.737640917301178,0.7106529474258423,-0.06758997589349747,0.772242546081543,0.6837587356567383,-0.08597210049629211,0.7470402717590332,0.8156859874725342,-0.04612850025296211,0.8060928583145142,0.8788244128227234,-0.07754143327474594,0.8409163951873779,0.9255554676055908,-0.09553524851799011,0.8685272336006165,0.9676679372787476,-0.10667859762907028,0.7322083115577698,0.8623330593109131,-0.04533790796995163,0.7122091054916382,0.8839442729949951,-0.09480525553226471,0.6705693006515503,0.8368634581565857,-0.1032458245754242,0.649459958076477,0.8018145561218262,-0.0980963334441185,0.7087390422821045,0.8943606019020081,-0.0468624122440815,0.680916965007782,0.8998793363571167,-0.09132201224565506,0.6506960391998291,0.8526985049247742,-0.08363790810108185,0.6397603750228882,0.818992555141449,-0.06763830035924911,0.6832948327064514,0.9154906868934631,-0.05064278095960617,0.6602084040641785,0.9147372245788574,-0.07797291874885559,0.6372352242469788,0.8725231885910034,-0.07100009173154831,0.6316068768501282,0.840248703956604,-0.05820053815841675,Г
0.0,0.0,0.0,0.0,0.0,0.0,0.0,0.0,0.0,0.0,0.0,0.0,0.0,0.0,0.0,0.0,0.0,0.0,0.0,0.0,0.0,0.0,0.0,0.0,0.0,0.0,0.0,0.0,0.0,0.0,0.0,0.0,0.0,0.0,0.0,0.0,0.0,0.0,0.0,0.0,0.0,0.0,0.0,0.0,0.0,0.0,0.0,0.0,0.0,0.0,0.0,0.0,0.0,0.0,0.0,0.0,0.0,0.0,0.0,0.0,0.0,0.0,0.0,0.6076347231864929,0.788128137588501,-7.692776193835016e-08,0.6365984678268433,0.7358673214912415,-0.029874786734580994,0.6915279626846313,0.7117542624473572,-0.04920731484889984,0.7388039231300354,0.7083828449249268,-0.06736128032207489,0.7732047438621521,0.682154655456543,-0.08535521477460861,0.748663067817688,0.8132141828536987,-0.04483916983008385,0.8071243762969971,0.876771867275238,-0.07648550719022751,0.8419491052627563,0.9236621260643005,-0.0952012836933136,0.869838535785675,0.9664623141288757,-0.1070721223950386,0.7314145565032959,0.8585547208786011,-0.04430357739329338,0.7160612344741821,0.8867149949073792,-0.09668760001659393,0.6728031039237976,0.8392248749732971,-0.10749952495098114,0.6493852734565735,0.8008331060409546,-0.10307282954454422,0.707268238067627,0.8901354670524597,-0.04605293273925781,0.6828097701072693,0.902105987071991,-0.0923803523182869,0.6511808633804321,0.8532301783561707,-0.08591881394386292,0.6389263868331909,0.8154438138008118,-0.0699927806854248,0.6816067695617676,0.9103952646255493,-0.050050508230924606,0.6601086258888245,0.9138960242271423,-0.07896793633699417,0.6361027956008911,0.8715924024581909,-0.07299457490444183,0.629837155342102,0.8375598192214966,-0.060485973954200745,Г
0.0,0.0,0.0,0.0,0.0,0.0,0.0,0.0,0.0,0.0,0.0,0.0,0.0,0.0,0.0,0.0,0.0,0.0,0.0,0.0,0.0,0.0,0.0,0.0,0.0,0.0,0.0,0.0,0.0,0.0,0.0,0.0,0.0,0.0,0.0,0.0,0.0,0.0,0.0,0.0,0.0,0.0,0.0,0.0,0.0,0.0,0.0,0.0,0.0,0.0,0.0,0.0,0.0,0.0,0.0,0.0,0.0,0.0,0.0,0.0,0.0,0.0,0.0,0.6083695292472839,0.7923375368118286,-8.680731156118782e-08,0.6366077065467834,0.7407220602035522,-0.030381567776203156,0.6911947727203369,0.7165045142173767,-0.0506928488612175,0.7395685911178589,0.7125068306922913,-0.06994100660085678,0.7739303708076477,0.6865674257278442,-0.088821642100811,0.7480065822601318,0.8170202374458313,-0.04622519016265869,0.8075376749038696,0.8811205625534058,-0.07949990034103394,0.8419890999794006,0.9278534054756165,-0.09776376187801361,0.869329035282135,0.9705159068107605,-0.10840336978435516,0.732689619064331,0.8626497387886047,-0.045263443142175674,0.717117190361023,0.8900508880615234,-0.0973886176943779,0.6725499629974365,0.8402279019355774,-0.1046595573425293,0.6503662467002869,0.8050816655158997,-0.09727625548839569,0.7099592685699463,0.8943783640861511,-0.04703574627637863,0.6837365627288818,0.9057531952857971,-0.09516627341508865,0.6507447361946106,0.8555949330329895,-0.08680149167776108,0.63979172706604,0.8220947980880737,-0.0688045546412468,0.6852271556854248,0.9160474538803101,-0.050905440002679825,0.6624521613121033,0.9214636087417603,-0.0797644704580307,0.6373000144958496,0.8774371147155762,-0.07188986241817474,0.6316966414451599,0.8449125289916992,-0.057833101600408554,Г
0.0,0.0,0.0,0.0,0.0,0.0,0.0,0.0,0.0,0.0,0.0,0.0,0.0,0.0,0.0,0.0,0.0,0.0,0.0,0.0,0.0,0.0,0.0,0.0,0.0,0.0,0.0,0.0,0.0,0.0,0.0,0.0,0.0,0.0,0.0,0.0,0.0,0.0,0.0,0.0,0.0,0.0,0.0,0.0,0.0,0.0,0.0,0.0,0.0,0.0,0.0,0.0,0.0,0.0,0.0,0.0,0.0,0.0,0.0,0.0,0.0,0.0,0.0,0.6093955636024475,0.791591227054596,-8.860300937385546e-08,0.6375945806503296,0.7416809797286987,-0.02964152581989765,0.6917293071746826,0.716631293296814,-0.0491747111082077,0.7393066883087158,0.7125933766365051,-0.0675821453332901,0.7740383148193359,0.6877934336662292,-0.08574438095092773,0.7494366765022278,0.8170667886734009,-0.04531372711062431,0.8080119490623474,0.8815659284591675,-0.0776628702878952,0.8426210284233093,0.9284159541130066,-0.09652844816446304,0.8701419830322266,0.9707699418067932,-0.10819616913795471,0.7327162623405457,0.8644089698791504,-0.0445261187851429,0.7179117202758789,0.8884233236312866,-0.09661316126585007,0.6746662259101868,0.8403714895248413,-0.10644327104091644,0.6518787741661072,0.803552508354187,-0.10130917280912399,0.7090274691581726,0.8971754312515259,-0.04611882194876671,0.6847146153450012,0.9048014283180237,-0.09280913323163986,0.6527751684188843,0.8562756776809692,-0.08583591133356094,0.6409151554107666,0.8204860091209412,-0.06940743327140808,0.6842097043991089,0.9184170961380005,-0.049848321825265884,0.6623975038528442,0.9187027812004089,-0.07885436713695526,0.6379446983337402,0.8755412101745605,-0.07246431708335876,0.6318742036819458,0.8424820899963379,-0.05954403802752495,Г
0.0,0.0,0.0,0.0,0.0,0.0,0.0,0.0,0.0,0.0,0.0,0.0,0.0,0.0,0.0,0.0,0.0,0.0,0.0,0.0,0.0,0.0,0.0,0.0,0.0,0.0,0.0,0.0,0.0,0.0,0.0,0.0,0.0,0.0,0.0,0.0,0.0,0.0,0.0,0.0,0.0,0.0,0.0,0.0,0.0,0.0,0.0,0.0,0.0,0.0,0.0,0.0,0.0,0.0,0.0,0.0,0.0,0.0,0.0,0.0,0.0,0.0,0.0,0.6106957793235779,0.7887235283851624,-7.365977694462345e-08,0.6399260759353638,0.7386997938156128,-0.031701646745204926,0.6935857534408569,0.7164002060890198,-0.052062131464481354,0.739749014377594,0.7130734920501709,-0.07098842412233353,0.7744556069374084,0.6880120038986206,-0.08955073356628418,0.7512982487678528,0.8167970776557922,-0.04694134742021561,0.8098242282867432,0.8815487623214722,-0.07966539263725281,0.8444510698318481,0.928416907787323,-0.09870532900094986,0.8723337054252625,0.9710132479667664,-0.11062416434288025,0.7341920733451843,0.8640291094779968,-0.04559752345085144,0.7191731929779053,0.885750412940979,-0.09903313219547272,0.675383448600769,0.837557852268219,-0.10940637439489365,0.65120530128479,0.8010475635528564,-0.10430929064750671,0.7103114128112793,0.8963148593902588,-0.04684999957680702,0.6856434345245361,0.901489794254303,-0.09395235031843185,0.6533730030059814,0.8530167937278748,-0.08692281693220139,0.640697717666626,0.8178699612617493,-0.07027798891067505,0.6851404905319214,0.9168059229850769,-0.05061769485473633,0.6626397967338562,0.915953516960144,-0.07963483780622482,0.6387637853622437,0.8732898831367493,-0.07361367344856262,0.6327269673347473,0.8412110805511475,-0.060943685472011566,Г
0.0,0.0,0.0,0.0,0.0,0.0,0.0,0.0,0.0,0.0,0.0,0.0,0.0,0.0,0.0,0.0,0.0,0.0,0.0,0.0,0.0,0.0,0.0,0.0,0.0,0.0,0.0,0.0,0.0,0.0,0.0,0.0,0.0,0.0,0.0,0.0,0.0,0.0,0.0,0.0,0.0,0.0,0.0,0.0,0.0,0.0,0.0,0.0,0.0,0.0,0.0,0.0,0.0,0.0,0.0,0.0,0.0,0.0,0.0,0.0,0.0,0.0,0.0,0.5351694822311401,0.6616330742835999,7.22215588666586e-07,0.5352346897125244,0.6664878726005554,-0.0676439106464386,0.5569857358932495,0.6505102515220642,-0.0972987487912178,0.5950245261192322,0.6392580270767212,-0.11348091810941696,0.6312674283981323,0.6268641352653503,-0.1269574761390686,0.5464723706245422,0.5444576740264893,-0.08077138662338257,0.5857588648796082,0.49793118238449097,-0.11051207035779953,0.6136534214019775,0.46912696957588196,-0.1288498193025589,0.6382282972335815,0.44360947608947754,-0.1393016129732132,0.571600615978241,0.5357986092567444,-0.055641479790210724,0.6104694604873657,0.49201521277427673,-0.08398080617189407,0.643119215965271,0.4645955562591553,-0.09794556349515915,0.6697074770927429,0.4373842179775238,-0.10488366335630417,0.5902647376060486,0.5389402508735657,-0.03500766307115555,0.6199966073036194,0.5355929136276245,-0.07267015427350998,0.6211767196655273,0.5803483724594116,-0.08485205471515656,0.6175037026405334,0.6105222702026367,-0.08372199535369873,0.6014964580535889,0.5494276285171509,-0.018633592873811722,0.6221288442611694,0.5552451014518738,-0.05175616219639778,0.6235994100570679,0.589781641960144,-0.06274408102035522,0.6192924976348877,0.6172681450843811,-0.06353413313627243,Д
0.0,0.0,0.0,0.0,0.0,0.0,0.0,0.0,0.0,0.0,0.0,0.0,0.0,0.0,0.0,0.0,0.0,0.0,0.0,0.0,0.0,0.0,0.0,0.0,0.0,0.0,0.0,0.0,0.0,0.0,0.0,0.0,0.0,0.0,0.0,0.0,0.0,0.0,0.0,0.0,0.0,0.0,0.0,0.0,0.0,0.0,0.0,0.0,0.0,0.0,0.0,0.0,0.0,0.0,0.0,0.0,0.0,0.0,0.0,0.0,0.0,0.0,0.0,0.5358092188835144,0.6651889681816101,7.053164381431998e-07,0.536449134349823,0.666796088218689,-0.06317171454429626,0.5579952001571655,0.6497972011566162,-0.09089751541614532,0.5963799357414246,0.6385888457298279,-0.10662471503019333,0.6316695213317871,0.62664794921875,-0.11992352455854416,0.547563910484314,0.5454068183898926,-0.07212884724140167,0.5869869589805603,0.49927055835723877,-0.09988594055175781,0.6145119667053223,0.47116416692733765,-0.11754313856363297,0.6385620832443237,0.44535642862319946,-0.12783733010292053,0.5731561183929443,0.5380663275718689,-0.04961720481514931,0.6129044890403748,0.4926259219646454,-0.07653970271348953,0.644306480884552,0.4649912118911743,-0.09088971465826035,0.6697211265563965,0.4366699159145355,-0.09798033535480499,0.5918900966644287,0.543071448802948,-0.03138843923807144,0.6231120824813843,0.5373462438583374,-0.06804206967353821,0.6219548583030701,0.5821454524993896,-0.0796489417552948,0.6162489652633667,0.6126877069473267,-0.07798994332551956,0.6032353639602661,0.5554145574569702,-0.01715308427810669,0.6246622204780579,0.5607388019561768,-0.04909554868936539,0.6249392628669739,0.5945873260498047,-0.058779697865247726,0.6195924282073975,0.6217813491821289,-0.05856846272945404,Д
0.0,0.0,0.0,0.0,0.0,0.0,0.0,0.0,0.0,0.0,0.0,0.0,0.0,0.0,0.0,0.0,0.0,0.0,0.0,0.0,0.0,0.0,0.0,0.0,0.0,0.0,0.0,0.0,0.0,0.0,0.0,0.0,0.0,0.0,0.0,0.0,0.0,0.0,0.0,0.0,0.0,0.0,0.0,0.0,0.0,0.0,0.0,0.0,0.0,0.0,0.0,0.0,0.0,0.0,0.0,0.0,0.0,0.0,0.0,0.0,0.0,0.0,0.0,0.5367741584777832,0.6606572270393372,6.753832622052869e-07,0.5382269024848938,0.6646497249603271,-0.06404313445091248,0.5591209530830383,0.648591160774231,-0.09147784858942032,0.5964323282241821,0.6369085907936096,-0.1063438355922699,0.6311254501342773,0.6266549825668335,-0.11818762868642807,0.5483827590942383,0.5425575971603394,-0.07397347688674927,0.5862149000167847,0.49774232506752014,-0.1025175228714943,0.6138506531715393,0.4707804322242737,-0.11991709470748901,0.6385392546653748,0.44605588912963867,-0.12987120449543,0.5742241144180298,0.5339252948760986,-0.051135484129190445,0.6091591119766235,0.49300095438957214,-0.0788566917181015,0.6400312185287476,0.4665006697177887,-0.09231337904930115,0.6660327911376953,0.43884211778640747,-0.09881260991096497,0.5930033922195435,0.5381715297698975,-0.03294976055622101,0.6216146945953369,0.542777955532074,-0.07057880610227585,0.6218568682670593,0.5890064239501953,-0.08228002488613129,0.6174203157424927,0.6184554696083069,-0.08056322485208511,0.6039754748344421,0.5509529113769531,-0.018924426287412643,0.6225716471672058,0.5627017617225647,-0.051623836159706116,0.6234995126724243,0.596865177154541,-0.06235317513346672,0.6192517280578613,0.6223723292350769,-0.06290869414806366,Д
0.0,0.0,0.0,0.0,0.0,0.0,0.0,0.0,0.0,0.0,0.0,0.0,0.0,0.0,0.0,0.0,0.0,0.0,0.0,0.0,0.0,0.0,0.0,0.0,0.0,0.0,0.0,0.0,0.0,0.0,0.0,0.0,0.0,0.0,0.0,0.0,0.0,0.0,0.0,0.0,0.0,0.0,0.0,0.0,0.0,0.0,0.0,0.0,0.0,0.0,0.0,0.0,0.0,0.0,0.0,0.0,0.0,0.0,0.0,0.0,0.0,0.0,0.0,0.5353478789329529,0.6632599234580994,7.189786401795573e-07,0.534812331199646,0.6659590601921082,-0.06532537937164307,0.5559030771255493,0.648909866809845,-0.09425942599773407,0.5950528979301453,0.6375643014907837,-0.11045300215482712,0.6319266557693481,0.6262739896774292,-0.1241571381688118,0.5472560524940491,0.5446615219116211,-0.07704433053731918,0.5866938233375549,0.4995209872722626,-0.10656539350748062,0.6149284243583679,0.47174274921417236,-0.12524592876434326,0.639153778553009,0.44636303186416626,-0.13592490553855896,0.5733565092086792,0.5372730493545532,-0.05346893519163132,0.6120826005935669,0.4932677149772644,-0.08130717277526855,0.6439991593360901,0.46617045998573303,-0.0950755849480629,0.6700815558433533,0.43776044249534607,-0.10169463604688644,0.5923623442649841,0.542232871055603,-0.03430687636137009,0.6214941740036011,0.5412932634353638,-0.07129928469657898,0.6191812753677368,0.5872300863265991,-0.08190255612134933,0.6127155423164368,0.6173259615898132,-0.07948514819145203,0.6035374402999878,0.5555928349494934,-0.019358858466148376,0.6235244274139404,0.5620386600494385,-0.051235660910606384,0.6225001811981201,0.5967262983322144,-0.060198258608579636,0.6162940263748169,0.6241002082824707,-0.05938805267214775,Д
0.0,0.0,0.0,0.0,0.0,0.0,0.0,0.0,0.0,0.0,0.0,0.0,0.0,0.0,0.0,0.0,0.0,0.0,0.0,0.0,0.0,0.0,0.0,0.0,0.0,0.0,0.0,0.0,0.0,0.0,0.0,0.0,0.0,0.0,0.0,0.0,0.0,0.0,0.0,0.0,0.0,0.0,0.0,0.0,0.0,0.0,0.0,0.0,0.0,0.0,0.0,0.0,0.0,0.0,0.0,0.0,0.0,0.0,0.0,0.0,0.0,0.0,0.0,0.5348442792892456,0.6627303957939148,6.85955797052884e-07,0.5353661775588989,0.6652820110321045,-0.061662234365940094,0.5572070479393005,0.6482172012329102,-0.08771082758903503,0.5963848233222961,0.6369981169700623,-0.10180480778217316,0.6320950388908386,0.6259613633155823,-0.11314558982849121,0.5471718311309814,0.5432840585708618,-0.06921721249818802,0.5858347415924072,0.4979148209095001,-0.09667110443115234,0.6139695048332214,0.47083088755607605,-0.11367404460906982,0.6385757923126221,0.4462481141090393,-0.12320378422737122,0.5734961628913879,0.5351436138153076,-0.04695568606257439,0.6107659339904785,0.4935477674007416,-0.0737028419971466,0.6425466537475586,0.4660276472568512,-0.08713240176439285,0.6689860820770264,0.43774667382240295,-0.09334226697683334,0.592437207698822,0.5393611788749695,-0.029208749532699585,0.621650218963623,0.5414254665374756,-0.06606566160917282,0.6207361817359924,0.5868123769760132,-0.07755056023597717,0.6153932809829712,0.6163234710693359,-0.07541169971227646,0.6034444570541382,0.5519037246704102,-0.015373287722468376,0.6234163045883179,0.5614883899688721,-0.047707535326480865,0.6235120296478271,0.5958259105682373,-0.05778298154473305,0.6180490255355835,0.6219481229782104,-0.05750056356191635,Д
0.0,0.0,0.0,0.0,0.0,0.0,0.0,0.0,0.0,0.0,0.0,0.0,0.0,0.0,0.0,0.0,0.0,0.0,0.0,0.0,0.0,0.0,0.0,0.0,0.0,0.0,0.0,0.0,0.0,0.0,0.0,0.0,0.0,0.0,0.0,0.0,0.0,0.0,0.0,0.0,0.0,0.0,0.0,0.0,0.0,0.0,0.0,0.0,0.0,0.0,0.0,0.0,0.0,0.0,0.0,0.0,0.0,0.0,0.0,0.0,0.0,0.0,0.0,0.5363975167274475,0.6615220308303833,6.858620054117637e-07,0.5368800759315491,0.6623997688293457,-0.05972139537334442,0.5568183064460754,0.6452684998512268,-0.08630289882421494,0.5936000943183899,0.6328766345977783,-0.10190167278051376,0.628614068031311,0.6237554550170898,-0.11485275626182556,0.548557698726654,0.5401111245155334,-0.06617230176925659,0.5862194299697876,0.49577727913856506,-0.09228748083114624,0.6129848957061768,0.4688350558280945,-0.10866878926753998,0.6374520063400269,0.4439725875854492,-0.11825184524059296,0.574108898639679,0.5314929485321045,-0.04536537081003189,0.6115946769714355,0.48936599493026733,-0.07125130295753479,0.6414186358451843,0.4613369107246399,-0.08476822823286057,0.6666590571403503,0.4338027238845825,-0.09115193039178848,0.5925143361091614,0.5359060168266296,-0.02889326587319374,0.623871922492981,0.5354021787643433,-0.06485892832279205,0.6236482858657837,0.5805290937423706,-0.07621923089027405,0.6192219257354736,0.6118582487106323,-0.07403523474931717,0.6034809947013855,0.5480444431304932,-0.016174694523215294,0.62433922290802,0.5571081042289734,-0.047028474509716034,0.6261585354804993,0.5900276303291321,-0.05660717189311981,0.6226864457130432,0.6155021786689758,-0.05616264045238495,Д
0.0,0.0,0.0,0.0,0.0,0.0,0.0,0.0,0.0,0.0,0.0,0.0,0.0,0.0,0.0,0.0,0.0,0.0,0.0,0.0,0.0,0.0,0.0,0.0,0.0,0.0,0.0,0.0,0.0,0.0,0.0,0.0,0.0,0.0,0.0,0.0,0.0,0.0,0.0,0.0,0.0,0.0,0.0,0.0,0.0,0.0,0.0,0.0,0.0,0.0,0.0,0.0,0.0,0.0,0.0,0.0,0.0,0.0,0.0,0.0,0.0,0.0,0.0,0.5325412154197693,0.6656197309494019,6.365452804857341e-07,0.5339458584785461,0.6623905897140503,-0.05704560875892639,0.5570867657661438,0.6442914009094238,-0.08117140829563141,0.5966237187385559,0.6327033638954163,-0.09515295922756195,0.6312214732170105,0.6239727735519409,-0.10660789161920547,0.5487052202224731,0.5405313968658447,-0.05864550918340683,0.5885506868362427,0.494686484336853,-0.08141491562128067,0.6160187721252441,0.46741968393325806,-0.09560394287109375,0.6403956413269043,0.4421791732311249,-0.1038370206952095,0.5727733969688416,0.5326095819473267,-0.038427431136369705,0.6113502979278564,0.48861587047576904,-0.0614994578063488,0.6419663429260254,0.4614896774291992,-0.0738571435213089,0.6669048070907593,0.4354671239852905,-0.07966390997171402,0.5906909704208374,0.5375043749809265,-0.022629113867878914,0.6214228272438049,0.5304187536239624,-0.056695036590099335,0.6221553087234497,0.5754751563072205,-0.06877437233924866,0.6183319687843323,0.6085754632949829,-0.06727734953165054,0.6017825603485107,0.5498083829879761,-0.010357719846069813,0.6227565407752991,0.548714816570282,-0.03966007009148598,0.6260833144187927,0.5807584524154663,-0.04960797727108002,0.6242155432701111,0.6082593202590942,-0.04977959766983986,Д
0.0,0.0,0.0,0.0,0.0,0.0,0.0,0.0,0.0,0.0,0.0,0.0,0.0,0.0,0.0,0.0,0.0,0.0,0.0,0.0,0.0,0.0,0.0,0.0,0.0,0.0,0.0,0.0,0.0,0.0,0.0,0.0,0.0,0.0,0.0,0.0,0.0,0.0,0.0,0.0,0.0,0.0,0.0,0.0,0.0,0.0,0.0,0.0,0.0,0.0,0.0,0.0,0.0,0.0,0.0,0.0,0.0,0.0,0.0,0.0,0.0,0.0,0.0,0.5353085398674011,0.6638255715370178,6.507618195428222e-07,0.5361065864562988,0.6639972925186157,-0.05589234083890915,0.5582239031791687,0.6473599672317505,-0.08040404319763184,0.5970512628555298,0.6347103118896484,-0.09486841410398483,0.6309777498245239,0.6240258812904358,-0.10669085383415222,0.5473865866661072,0.5401203036308289,-0.0591035932302475,0.5869666337966919,0.49541428685188293,-0.08180902898311615,0.6146315932273865,0.46884244680404663,-0.0956873968243599,0.638714611530304,0.4439694285392761,-0.10371387004852295,0.5726697444915771,0.5304695963859558,-0.0396745428442955,0.6107802987098694,0.4891337752342224,-0.0629001036286354,0.6423569321632385,0.46233686804771423,-0.07526332885026932,0.6677641868591309,0.4361846148967743,-0.08106925338506699,0.5915845632553101,0.5349028706550598,-0.024371862411499023,0.620715320110321,0.5313558578491211,-0.05833069235086441,0.6220179200172424,0.5754803419113159,-0.07011230289936066,0.6187036633491516,0.6070619225502014,-0.06854923814535141,0.6038892269134521,0.5473361015319824,-0.01242304127663374,0.6227990388870239,0.5504778027534485,-0.0416576974093914,0.6253584027290344,0.5828160047531128,-0.05099957063794136,0.623278796672821,0.6094425916671753,-0.050634823739528656,Д
0.0,0.0,0.0,0.0,0.0,0.0,0.0,0.0,0.0,0.0,0.0,0.0,0.0,0.0,0.0,0.0,0.0,0.0,0.0,0.0,0.0,0.0,0.0,0.0,0.0,0.0,0.0,0.0,0.0,0.0,0.0,0.0,0.0,0.0,0.0,0.0,0.0,0.0,0.0,0.0,0.0,0.0,0.0,0.0,0.0,0.0,0.0,0.0,0.0,0.0,0.0,0.0,0.0,0.0,0.0,0.0,0.0,0.0,0.0,0.0,0.0,0.0,0.0,0.5329501628875732,0.6641254425048828,6.551795763698465e-07,0.5358627438545227,0.6629992723464966,-0.05789761245250702,0.5587918758392334,0.6448143720626831,-0.08189620822668076,0.5968051552772522,0.631927490234375,-0.09473659843206406,0.6317293047904968,0.6223531365394592,-0.10490032285451889,0.5466400384902954,0.5410429835319519,-0.06177312135696411,0.5870118141174316,0.49562299251556396,-0.08559203892946243,0.6151556968688965,0.4685015380382538,-0.10023688524961472,0.6396005749702454,0.44321301579475403,-0.10841117799282074,0.570828914642334,0.532585620880127,-0.04046903923153877,0.6102051138877869,0.48943188786506653,-0.06333009153604507,0.6417739987373352,0.46281662583351135,-0.07503379881381989,0.6673444509506226,0.43601900339126587,-0.08036906272172928,0.5888809561729431,0.5363889336585999,-0.023539984598755836,0.6201907992362976,0.5321515202522278,-0.057349126785993576,0.6220974326133728,0.5759406089782715,-0.0693773403763771,0.6187723875045776,0.6067779660224915,-0.06797683984041214,0.6002457737922668,0.5488831996917725,-0.010133463889360428,0.621583878993988,0.5518807172775269,-0.0398123525083065,0.6241298317909241,0.5849789977073669,-0.04985378682613373,0.6208182573318481,0.6125774383544922,-0.049944356083869934,Д
0.0,0.0,0.0,0.0,0.0,0.0,0.0,0.0,0.0,0.0,0.0,0.0,0.0,0.0,0.0,0.0,0.0,0.0,0.0,0.0,0.0,0.0,0.0,0.0,0.0,0.0,0.0,0.0,0.0,0.0,0.0,0.0,0.0,0.0,0.0,0.0,0.0,0.0,0.0,0.0,0.0,0.0,0.0,0.0,0.0,0.0,0.0,0.0,0.0,0.0,0.0,0.0,0.0,0.0,0.0,0.0,0.0,0.0,0.0,0.0,0.0,0.0,0.0,0.5332962870597839,0.6612379550933838,6.595537342946045e-07,0.5357087254524231,0.6618505120277405,-0.05951003357768059,0.558168351650238,0.645573616027832,-0.08451061695814133,0.595772385597229,0.632745087146759,-0.09787651151418686,0.6303087472915649,0.6234675645828247,-0.10841269791126251,0.5467934608459473,0.5397329926490784,-0.06540261209011078,0.5867980122566223,0.4951121211051941,-0.09039395302534103,0.6150282621383667,0.46837329864501953,-0.10566983371973038,0.639342725276947,0.443789005279541,-0.1141628846526146,0.5717065334320068,0.5318650603294373,-0.04356230050325394,0.6106876134872437,0.49008044600486755,-0.06748414039611816,0.6426631808280945,0.4635431170463562,-0.07975166290998459,0.6682760119438171,0.43701493740081787,-0.08559633046388626,0.5902044773101807,0.5360820889472961,-0.026104765012860298,0.6202494502067566,0.5323927998542786,-0.060726016759872437,0.622783362865448,0.5745590925216675,-0.07343064993619919,0.6197265386581421,0.604253888130188,-0.07271109521389008,0.6016928553581238,0.5490450859069824,-0.012263957411050797,0.6227140426635742,0.5528091192245483,-0.04283936321735382,0.6257791519165039,0.5850043296813965,-0.05359882488846779,0.6224092245101929,0.6122201085090637,-0.054292231798172,Д
0.0,0.0,0.0,0.0,0.0,0.0,0.0,0.0,0.0,0.0,0.0,0.0,0.0,0.0,0.0,0.0,0.0,0.0,0.0,0.0,0.0,0.0,0.0,0.0,0.0,0.0,0.0,0.0,0.0,0.0,0.0,0.0,0.0,0.0,0.0,0.0,0.0,0.0,0.0,0.0,0.0,0.0,0.0,0.0,0.0,0.0,0.0,0.0,0.0,0.0,0.0,0.0,0.0,0.0,0.0,0.0,0.0,0.0,0.0,0.0,0.0,0.0,0.0,0.5340600609779358,0.6599859595298767,6.700632866341039e-07,0.5352688431739807,0.661578893661499,-0.0605766698718071,0.5575901865959167,0.6458179950714111,-0.086542509496212,0.5958484411239624,0.6347448825836182,-0.10080602765083313,0.630850076675415,0.6231222152709961,-0.11255165934562683,0.5463088750839233,0.5401485562324524,-0.06772243231534958,0.5863385200500488,0.49574071168899536,-0.09450741857290268,0.614423930644989,0.4687504768371582,-0.11139939725399017,0.6386102437973022,0.4438568949699402,-0.12106648087501526,0.5719534754753113,0.532563328742981,-0.04609186202287674,0.6103308796882629,0.4900863468647003,-0.07192052900791168,0.642332911491394,0.4644491672515869,-0.08554565906524658,0.6683827638626099,0.43779057264328003,-0.09220573306083679,0.5908165574073792,0.5369644165039062,-0.02881612442433834,0.6204597353935242,0.532207727432251,-0.0649615228176117,0.6217787265777588,0.5752744674682617,-0.07743777334690094,0.6181104779243469,0.6038594841957092,-0.07653482258319855,0.602226734161377,0.5492311120033264,-0.015204241499304771,0.62201327085495,0.553813636302948,-0.046947017312049866,0.6232577562332153,0.5876054167747498,-0.057120632380247116,0.6191573739051819,0.6144572496414185,-0.05730661004781723,Д
0.0,0.0,0.0,0.0,0.0,0.0,0.0,0.0,0.0,0.0,0.0,0.0,0.0,0.0,0.0,0.0,0.0,0.0,0.0,0.0,0.0,0.0,0.0,0.0,0.0,0.0,0.0,0.0,0.0,0.0,0.0,0.0,0.0,0.0,0.0,0.0,0.0,0.0,0.0,0.0,0.0,0.0,0.0,0.0,0.0,0.0,0.0,0.0,0.0,0.0,0.0,0.0,0.0,0.0,0.0,0.0,0.0,0.0,0.0,0.0,0.0,0.0,0.0,0.5333130955696106,0.6580473184585571,6.65341531203012e-07,0.5348832607269287,0.660999596118927,-0.06033315137028694,0.5565540194511414,0.6457866430282593,-0.08725611120462418,0.5944454669952393,0.6339414715766907,-0.10293463617563248,0.6299715042114258,0.6234972476959229,-0.11615055054426193,0.5467273592948914,0.53950434923172,-0.06743775308132172,0.5863390564918518,0.49616149067878723,-0.09462470561265945,0.6143105030059814,0.4697157144546509,-0.11216742545366287,0.6386229395866394,0.4452700614929199,-0.12263070791959763,0.5718015432357788,0.5310496687889099,-0.04647444561123848,0.6091415286064148,0.4896623194217682,-0.07293789088726044,0.640766978263855,0.4643027186393738,-0.08744502812623978,0.6672684550285339,0.4375722408294678,-0.09512444585561752,0.5903576016426086,0.53530353307724,-0.029857851564884186,0.6209166049957275,0.5286169648170471,-0.06627486646175385,0.6242637038230896,0.570053219795227,-0.07955867052078247,0.6225190758705139,0.5992446541786194,-0.07966680079698563,0.6013764142990112,0.5479074120521545,-0.01690971851348877,0.6218711137771606,0.5509226322174072,-0.04911503568291664,0.6247959136962891,0.5830899477005005,-0.060281869024038315,0.6223292350769043,0.609346330165863,-0.06148248538374901,Д
0.0,0.0,0.0,0.0,0.0,0.0,0.0,0.0,0.0,0.0,0.0,0.0,0.0,0.0,0.0,0.0,0.0,0.0,0.0,0.0,0.0,0.0,0.0,0.0,0.0,0.0,0.0,0.0,0.0,0.0,0.0,0.0,0.0,0.0,0.0,0.0,0.0,0.0,0.0,0.0,0.0,0.0,0.0,0.0,0.0,0.0,0.0,0.0,0.0,0.0,0.0,0.0,0.0,0.0,0.0,0.0,0.0,0.0,0.0,0.0,0.0,0.0,0.0,0.5317661762237549,0.660319983959198,7.000469395279652e-07,0.5331627726554871,0.6620938777923584,-0.06488516181707382,0.555975615978241,0.6470664739608765,-0.0930793434381485,0.5949121117591858,0.6369911432266235,-0.10873980075120926,0.631130039691925,0.6247936487197876,-0.12202010303735733,0.5465388894081116,0.5399799942970276,-0.0730566456913948,0.5874783396720886,0.4959641098976135,-0.10103816539049149,0.6159295439720154,0.46886661648750305,-0.11921937018632889,0.6404395699501038,0.4439868927001953,-0.1298280656337738,0.5719509720802307,0.5335898399353027,-0.049386125057935715,0.6109519600868225,0.4909486770629883,-0.0762956291437149,0.6429362893104553,0.46458446979522705,-0.0912819355726242,0.6691087484359741,0.4371803402900696,-0.09906301647424698,0.5906901955604553,0.5389161705970764,-0.030225371941924095,0.6217033863067627,0.5330497622489929,-0.06756594032049179,0.6235147714614868,0.5767108201980591,-0.08150534331798553,0.6203349232673645,0.6067906022071838,-0.08159681409597397,0.6019018888473511,0.5516532063484192,-0.014964727684855461,0.6230736374855042,0.5550399422645569,-0.04802825674414635,0.6252013444900513,0.5883820652961731,-0.05951841548085213,0.6216382384300232,0.6156256198883057,-0.06064361706376076,Д
0.0,0.0,0.0,0.0,0.0,0.0,0.0,0.0,0.0,0.0,0.0,0.0,0.0,0.0,0.0,0.0,0.0,0.0,0.0,0.0,0.0,0.0,0.0,0.0,0.0,0.0,0.0,0.0,0.0,0.0,0.0,0.0,0.0,0.0,0.0,0.0,0.0,0.0,0.0,0.0,0.0,0.0,0.0,0.0,0.0,0.0,0.0,0.0,0.0,0.0,0.0,0.0,0.0,0.0,0.0,0.0,0.0,0.0,0.0,0.0,0.0,0.0,0.0,0.533482551574707,0.6603592038154602,6.68521977331693e-07,0.5351848602294922,0.662057638168335,-0.05921654403209686,0.5576774477958679,0.6466797590255737,-0.08484381437301636,0.5956360697746277,0.6348574161529541,-0.09931652992963791,0.6304836869239807,0.6226444244384766,-0.11121468245983124,0.5467261075973511,0.5402683615684509,-0.06531575322151184,0.5865998864173889,0.4953923225402832,-0.09099783003330231,0.614810585975647,0.4688431918621063,-0.10721403360366821,0.6388959884643555,0.44438716769218445,-0.11641401052474976,0.5719161629676819,0.5333975553512573,-0.044125571846961975,0.6115607619285583,0.490305632352829,-0.06873214244842529,0.6436806917190552,0.4637991189956665,-0.08201398700475693,0.6696318984031677,0.43708282709121704,-0.0885738730430603,0.5905206799507141,0.5385584235191345,-0.02721203863620758,0.619895875453949,0.5324245691299438,-0.06178363785147667,0.6216253042221069,0.5742129683494568,-0.07399719953536987,0.6184807419776917,0.603330135345459,-0.07312102615833282,0.6016811728477478,0.551565408706665,-0.01390959694981575,0.6219000816345215,0.5532838702201843,-0.04372745007276535,0.6243497133255005,0.5852528810501099,-0.0533035509288311,0.621331512928009,0.6117440462112427,-0.05333118885755539,Д
0.0,0.0,0.0,0.0,0.0,0.0,0.0,0.0,0.0,0.0,0.0,0.0,0.0,0.0,0.0,0.0,0.0,0.0,0.0,0.0,0.0,0.0,0.0,0.0,0.0,0.0,0.0,0.0,0.0,0.0,0.0,0.0,0.0,0.0,0.0,0.0,0.0,0.0,0.0,0.0,0.0,0.0,0.0,0.0,0.0,0.0,0.0,0.0,0.0,0.0,0.0,0.0,0.0,0.0,0.0,0.0,0.0,0.0,0.0,0.0,0.0,0.0,0.0,0.534367024898529,0.6586428880691528,6.770516733922705e-07,0.5347080230712891,0.6611632108688354,-0.0609734021127224,0.556226372718811,0.6461036205291748,-0.08753575384616852,0.5946322679519653,0.6356024146080017,-0.10254485160112381,0.6300038695335388,0.6239513754844666,-0.11511055380105972,0.5473090410232544,0.5395736694335938,-0.06838612258434296,0.5869819521903992,0.49500784277915955,-0.09509281069040298,0.6149479746818542,0.46837013959884644,-0.1118074357509613,0.6390989422798157,0.4438423812389374,-0.12127435952425003,0.5737107396125793,0.5329107046127319,-0.046715568751096725,0.6130920052528381,0.489691823720932,-0.07204222679138184,0.6443151831626892,0.4632418751716614,-0.08553393930196762,0.6696285009384155,0.43642258644104004,-0.09212503582239151,0.5927879810333252,0.5385099053382874,-0.029398271813988686,0.6225486397743225,0.534103512763977,-0.06524579972028732,0.6233453154563904,0.577482283115387,-0.07789365202188492,0.6196649074554443,0.6072171926498413,-0.07706166803836823,0.6041520237922668,0.5522500872612,-0.01575825735926628,0.6244440078735352,0.5565042495727539,-0.04704858362674713,0.6255977153778076,0.5898958444595337,-0.05706275627017021,0.6215195655822754,0.6171249747276306,-0.0571775957942009,Д
0.0,0.0,0.0,0.0,0.0,0.0,0.0,0.0,0.0,0.0,0.0,0.0,0.0,0.0,0.0,0.0,0.0,0.0,0.0,0.0,0.0,0.0,0.0,0.0,0.0,0.0,0.0,0.0,0.0,0.0,0.0,0.0,0.0,0.0,0.0,0.0,0.0,0.0,0.0,0.0,0.0,0.0,0.0,0.0,0.0,0.0,0.0,0.0,0.0,0.0,0.0,0.0,0.0,0.0,0.0,0.0,0.0,0.0,0.0,0.0,0.0,0.0,0.0,0.5334160327911377,0.6592167019844055,6.777303269700496e-07,0.5341731905937195,0.6620768308639526,-0.0622989647090435,0.5566059350967407,0.6466029286384583,-0.089654341340065,0.5958147048950195,0.6348124146461487,-0.10512728989124298,0.632381021976471,0.6233429312705994,-0.11816465109586716,0.5471088290214539,0.5402854681015015,-0.0702819973230362,0.5861730575561523,0.49678874015808105,-0.09834180772304535,0.6144932508468628,0.4707481563091278,-0.11664765328168869,0.6388621926307678,0.44714757800102234,-0.12737858295440674,0.5728097558021545,0.5330647826194763,-0.048185791820287704,0.6109611392021179,0.4904017746448517,-0.07488744705915451,0.64300137758255,0.4644237756729126,-0.08968906104564667,0.6696182489395142,0.43717795610427856,-0.09745440632104874,0.5915700793266296,0.5382652282714844,-0.030462101101875305,0.6211842894554138,0.532090961933136,-0.0663878545165062,0.6233848929405212,0.5733088850975037,-0.07931042462587357,0.6209202408790588,0.6013302803039551,-0.07928596436977386,0.6021938323974609,0.551686704158783,-0.016608038917183876,0.6223211884498596,0.5546481609344482,-0.04789014160633087,0.6243817806243896,0.587027370929718,-0.05823380872607231,0.621335506439209,0.6134774088859558,-0.058937884867191315,Д
0.0,0.0,0.0,0.0,0.0,0.0,0.0,0.0,0.0,0.0,0.0,0.0,0.0,0.0,0.0,0.0,0.0,0.0,0.0,0.0,0.0,0.0,0.0,0.0,0.0,0.0,0.0,0.0,0.0,0.0,0.0,0.0,0.0,0.0,0.0,0.0,0.0,0.0,0.0,0.0,0.0,0.0,0.0,0.0,0.0,0.0,0.0,0.0,0.0,0.0,0.0,0.0,0.0,0.0,0.0,0.0,0.0,0.0,0.0,0.0,0.0,0.0,0.0,0.5330930352210999,0.6612668633460999,6.594933097403555e-07,0.5350562334060669,0.660904049873352,-0.0587119534611702,0.5584076046943665,0.6434385776519775,-0.08349400013685226,0.5967984199523926,0.6303374171257019,-0.09735477715730667,0.6322459578514099,0.6200929880142212,-0.10852842777967453,0.548143744468689,0.5375862717628479,-0.06135093793272972,0.5872466564178467,0.4933079481124878,-0.08571422100067139,0.6148055195808411,0.46733951568603516,-0.10128387808799744,0.6379527449607849,0.4433593153953552,-0.11014747619628906,0.5728057622909546,0.5311819314956665,-0.040022190660238266,0.6115392446517944,0.4898412823677063,-0.0639057382941246,0.6430938243865967,0.4634777307510376,-0.07671250402927399,0.668404221534729,0.4366317391395569,-0.08280675858259201,0.5909019112586975,0.5369203686714172,-0.02320467121899128,0.6203093528747559,0.53280109167099,-0.057306982576847076,0.6210981607437134,0.5749214291572571,-0.06901031732559204,0.617145836353302,0.6043668985366821,-0.06752362847328186,0.6018403172492981,0.5501343607902527,-0.010033367201685905,0.6223853230476379,0.5520195364952087,-0.03941139206290245,0.6237786412239075,0.5838767886161804,-0.04868089035153389,0.6198047399520874,0.6104282736778259,-0.04833830147981644,Д
0.0,0.0,0.0,0.0,0.0,0.0,0.0,0.0,0.0,0.0,0.0,0.0,0.0,0.0,0.0,0.0,0.0,0.0,0.0,0.0,0.0,0.0,0.0,0.0,0.0,0.0,0.0,0.0,0.0,0.0,0.0,0.0,0.0,0.0,0.0,0.0,0.0,0.0,0.0,0.0,0.0,0.0,0.0,0.0,0.0,0.0,0.0,0.0,0.0,0.0,0.0,0.0,0.0,0.0,0.0,0.0,0.0,0.0,0.0,0.0,0.0,0.0,0.0,0.5345423817634583,0.6593576669692993,6.470877451647539e-07,0.5363706350326538,0.6595916748046875,-0.057224713265895844,0.5587306618690491,0.641731858253479,-0.08169718086719513,0.5965472459793091,0.6290726661682129,-0.09571420401334763,0.6311468482017517,0.6192108392715454,-0.10714323818683624,0.5482940077781677,0.5380408763885498,-0.06062578037381172,0.5867694616317749,0.49279695749282837,-0.08479476720094681,0.6140849590301514,0.46693897247314453,-0.09997991472482681,0.6373763680458069,0.44285422563552856,-0.10860718041658401,0.5732094645500183,0.5316454768180847,-0.040415145456790924,0.6118857264518738,0.48955702781677246,-0.06437581032514572,0.6430811285972595,0.4629831910133362,-0.07727807015180588,0.6684463024139404,0.4361337721347809,-0.08344290405511856,0.5913150310516357,0.537373423576355,-0.024535756558179855,0.621369481086731,0.531303882598877,-0.05860733240842819,0.6219021081924438,0.5732029676437378,-0.07004246115684509,0.618212103843689,0.6025257706642151,-0.06845343112945557,0.6022441387176514,0.5505703091621399,-0.012203266844153404,0.6227075457572937,0.5521644353866577,-0.04127917438745499,0.6246619820594788,0.5832290649414062,-0.05021267756819725,0.621716320514679,0.6092609763145447,-0.04976113885641098,Д
0.0,0.0,0.0,0.0,0.0,0.0,0.0,0.0,0.0,0.0,0.0,0.0,0.0,0.0,0.0,0.0,0.0,0.0,0.0,0.0,0.0,0.0,0.0,0.0,0.0,0.0,0.0,0.0,0.0,0.0,0.0,0.0,0.0,0.0,0.0,0.0,0.0,0.0,0.0,0.0,0.0,0.0,0.0,0.0,0.0,0.0,0.0,0.0,0.0,0.0,0.0,0.0,0.0,0.0,0.0,0.0,0.0,0.0,0.0,0.0,0.0,0.0,0.0,0.5335802435874939,0.6576564311981201,6.53809252071369e-07,0.5344268083572388,0.6595393419265747,-0.0575081929564476,0.5560463666915894,0.6430531144142151,-0.08247749507427216,0.5944167971611023,0.6303985118865967,-0.09682706743478775,0.6304348707199097,0.6200699806213379,-0.10845135152339935,0.5469046831130981,0.537199854850769,-0.0618787556886673,0.5862857699394226,0.49370771646499634,-0.0872940793633461,0.6142812967300415,0.46731558442115784,-0.10348747670650482,0.6384690999984741,0.4427978992462158,-0.11287326365709305,0.5722888708114624,0.5292835831642151,-0.041841547936201096,0.6096030473709106,0.48821353912353516,-0.06663233041763306,0.6410211324691772,0.4625111520290375,-0.0796985998749733,0.6669669151306152,0.4358596205711365,-0.08600571751594543,0.591109037399292,0.5340396165847778,-0.026156295090913773,0.6214352250099182,0.5327515006065369,-0.06071030721068382,0.6228750348091125,0.5759488940238953,-0.07155192643404007,0.6191956400871277,0.6050482392311096,-0.06954004615545273,0.6022987961769104,0.5472458004951477,-0.01412271149456501,0.6234583854675293,0.5523305535316467,-0.043512191623449326,0.6256353855133057,0.5849021673202515,-0.052083201706409454,0.6220108866691589,0.6106159687042236,-0.051243364810943604,Д
0.0,0.0,0.0,0.0,0.0,0.0,0.0,0.0,0.0,0.0,0.0,0.0,0.0,0.0,0.0,0.0,0.0,0.0,0.0,0.0,0.0,0.0,0.0,0.0,0.0,0.0,0.0,0.0,0.0,0.0,0.0,0.0,0.0,0.0,0.0,0.0,0.0,0.0,0.0,0.0,0.0,0.0,0.0,0.0,0.0,0.0,0.0,0.0,0.0,0.0,0.0,0.0,0.0,0.0,0.0,0.0,0.0,0.0,0.0,0.0,0.0,0.0,0.0,0.5363107323646545,0.6573412418365479,6.646721431025071e-07,0.5370283126831055,0.6603650450706482,-0.060892246663570404,0.5597102046012878,0.6439269781112671,-0.08742691576480865,0.597019612789154,0.6310099959373474,-0.10225211083889008,0.6318351030349731,0.6199533343315125,-0.11449509859085083,0.5477514266967773,0.5382717847824097,-0.06790882349014282,0.5857503414154053,0.49423882365226746,-0.09513925015926361,0.6134082674980164,0.4681563377380371,-0.11242248117923737,0.6374964118003845,0.44475996494293213,-0.12232237309217453,0.5726317763328552,0.5303642749786377,-0.04629397392272949,0.6084516048431396,0.48981255292892456,-0.07261613011360168,0.6398248672485352,0.4646873474121094,-0.08655987679958344,0.6659475564956665,0.43889859318733215,-0.09359738230705261,0.5912407636642456,0.5352036356925964,-0.029147392138838768,0.620635449886322,0.5323652625083923,-0.06493769586086273,0.623035192489624,0.5729708671569824,-0.0775771215558052,0.6208094954490662,0.5997086763381958,-0.07733624428510666,0.6025626063346863,0.5483468174934387,-0.015796134248375893,0.6222570538520813,0.5541189908981323,-0.04715271294116974,0.6235973238945007,0.5873919129371643,-0.05756901577115059,0.6204997301101685,0.6138543486595154,-0.05826400965452194,Д
0.0,0.0,0.0,0.0,0.0,0.0,0.0,0.0,0.0,0.0,0.0,0.0,0.0,0.0,0.0,0.0,0.0,0.0,0.0,0.0,0.0,0.0,0.0,0.0,0.0,0.0,0.0,0.0,0.0,0.0,0.0,0.0,0.0,0.0,0.0,0.0,0.0,0.0,0.0,0.0,0.0,0.0,0.0,0.0,0.0,0.0,0.0,0.0,0.0,0.0,0.0,0.0,0.0,0.0,0.0,0.0,0.0,0.0,0.0,0.0,0.0,0.0,0.0,0.5361031889915466,0.6573590040206909,6.759577786397131e-07,0.5369337797164917,0.6597065329551697,-0.06115531176328659,0.5593502521514893,0.6443518996238708,-0.08762670308351517,0.5973877906799316,0.632271409034729,-0.10228005051612854,0.6317549347877502,0.6204957962036133,-0.1140482947230339,0.5473299622535706,0.537964940071106,-0.06730301678180695,0.5856824517250061,0.4941112995147705,-0.09410697221755981,0.6137087345123291,0.468116819858551,-0.11101815849542618,0.6378739476203918,0.44472500681877136,-0.12061555683612823,0.57280033826828,0.5302807688713074,-0.045203179121017456,0.6097559928894043,0.4896976947784424,-0.07073630392551422,0.6415057182312012,0.4647029638290405,-0.0840211734175682,0.6673835515975952,0.43835020065307617,-0.09056741744279861,0.5917344689369202,0.5349483489990234,-0.027659831568598747,0.6208135485649109,0.5326938629150391,-0.06281668692827225,0.6222792267799377,0.5746838450431824,-0.07463764399290085,0.6186472177505493,0.6016880869865417,-0.07356222718954086,0.6033222079277039,0.5479327440261841,-0.013969967141747475,0.6225827932357788,0.5529165267944336,-0.04456917196512222,0.6239297986030579,0.5857787132263184,-0.054404955357313156,0.6199067831039429,0.6113058924674988,-0.0545366108417511,Д
0.0,0.0,0.0,0.0,0.0,0.0,0.0,0.0,0.0,0.0,0.0,0.0,0.0,0.0,0.0,0.0,0.0,0.0,0.0,0.0,0.0,0.0,0.0,0.0,0.0,0.0,0.0,0.0,0.0,0.0,0.0,0.0,0.0,0.0,0.0,0.0,0.0,0.0,0.0,0.0,0.0,0.0,0.0,0.0,0.0,0.0,0.0,0.0,0.0,0.0,0.0,0.0,0.0,0.0,0.0,0.0,0.0,0.0,0.0,0.0,0.0,0.0,0.0,0.5341973900794983,0.6558740139007568,6.603270321647869e-07,0.536166250705719,0.6594054698944092,-0.0602450892329216,0.558331310749054,0.644680380821228,-0.08682651072740555,0.595649003982544,0.6326335072517395,-0.10181574523448944,0.6303498148918152,0.6202982068061829,-0.11451204866170883,0.546687662601471,0.5374838709831238,-0.06831993907690048,0.5869513154029846,0.4935925304889679,-0.09505973756313324,0.6154215335845947,0.4676111340522766,-0.11232050508260727,0.6400604248046875,0.44361796975135803,-0.12232431024312973,0.5720021724700928,0.5301759839057922,-0.046890053898096085,0.609313428401947,0.48968076705932617,-0.0722762942314148,0.6415504217147827,0.46408611536026,-0.0866990014910698,0.6684402823448181,0.4370083510875702,-0.0945165604352951,0.5909637212753296,0.5348072052001953,-0.029609937220811844,0.6201048493385315,0.529059112071991,-0.06458460539579391,0.6257495284080505,0.5660650730133057,-0.07849296927452087,0.6260767579078674,0.591326117515564,-0.07976582646369934,0.6023558974266052,0.5477088689804077,-0.01597564108669758,0.6216751337051392,0.5515137314796448,-0.0472356453537941,0.6247420310974121,0.5854195952415466,-0.05795693024992943,0.6227723956108093,0.6143634915351868,-0.05912931263446808,Д
0.0,0.0,0.0,0.0,0.0,0.0,0.0,0.0,0.0,0.0,0.0,0.0,0.0,0.0,0.0,0.0,0.0,0.0,0.0,0.0,0.0,0.0,0.0,0.0,0.0,0.0,0.0,0.0,0.0,0.0,0.0,0.0,0.0,0.0,0.0,0.0,0.0,0.0,0.0,0.0,0.0,0.0,0.0,0.0,0.0,0.0,0.0,0.0,0.0,0.0,0.0,0.0,0.0,0.0,0.0,0.0,0.0,0.0,0.0,0.0,0.0,0.0,0.0,0.5336693525314331,0.6572790145874023,6.497674576166901e-07,0.534641444683075,0.6582810282707214,-0.056464120745658875,0.5557774901390076,0.6426706314086914,-0.08125685155391693,0.5940510630607605,0.6295830607414246,-0.09573353826999664,0.6292715072631836,0.6193808913230896,-0.10765684396028519,0.5472490787506104,0.5382201075553894,-0.06109074875712395,0.5854535698890686,0.49387848377227783,-0.08622907847166061,0.613275945186615,0.46800804138183594,-0.10229525715112686,0.6377256512641907,0.44438132643699646,-0.11171134561300278,0.5735844969749451,0.5310277938842773,-0.04153848811984062,0.6113929748535156,0.48912572860717773,-0.0664670392870903,0.6428453922271729,0.46212631464004517,-0.08050451427698135,0.6690754890441895,0.43497443199157715,-0.08760762214660645,0.5924845933914185,0.5361303687095642,-0.026104271411895752,0.6218833327293396,0.5310368537902832,-0.060888975858688354,0.6243278980255127,0.5712664127349854,-0.07343664020299911,0.6219350099563599,0.6001673340797424,-0.07283733785152435,0.603195309638977,0.5492346286773682,-0.01409886870533228,0.6231980323791504,0.5532530546188354,-0.044442951679229736,0.6254978179931641,0.584623396396637,-0.05446350574493408,0.6225292086601257,0.6107509136199951,-0.05471373349428177,Д
0.0,0.0,0.0,0.0,0.0,0.0,0.0,0.0,0.0,0.0,0.0,0.0,0.0,0.0,0.0,0.0,0.0,0.0,0.0,0.0,0.0,0.0,0.0,0.0,0.0,0.0,0.0,0.0,0.0,0.0,0.0,0.0,0.0,0.0,0.0,0.0,0.0,0.0,0.0,0.0,0.0,0.0,0.0,0.0,0.0,0.0,0.0,0.0,0.0,0.0,0.0,0.0,0.0,0.0,0.0,0.0,0.0,0.0,0.0,0.0,0.0,0.0,0.0,0.5341986417770386,0.6513686180114746,6.509331456072687e-07,0.5343285202980042,0.6546492576599121,-0.05611557886004448,0.5550418496131897,0.6413304805755615,-0.08111444115638733,0.5936257243156433,0.6308114528656006,-0.09608624130487442,0.6280854940414429,0.6192967295646667,-0.10861974209547043,0.5490370988845825,0.5358124375343323,-0.06118796020746231,0.5860063433647156,0.49191921949386597,-0.0865326002240181,0.6139515042304993,0.46680352091789246,-0.10242144018411636,0.6383263468742371,0.4442517161369324,-0.11142285168170929,0.574816882610321,0.5287889838218689,-0.0422535203397274,0.6112402677536011,0.48739802837371826,-0.06738319993019104,0.6427189707756042,0.4604108929634094,-0.08118283748626709,0.668954074382782,0.434040367603302,-0.08791976422071457,0.5929588675498962,0.5347575545310974,-0.02749713882803917,0.6213474869728088,0.5325366854667664,-0.0626218318939209,0.6233904957771301,0.5722867250442505,-0.07535069435834885,0.620664119720459,0.6005200147628784,-0.07477984577417374,0.6031115651130676,0.5489881634712219,-0.016107618808746338,0.6225602626800537,0.5548743009567261,-0.046649400144815445,0.6241478323936462,0.5868446826934814,-0.05652003735303879,0.6207563281059265,0.6132898330688477,-0.05661706626415253,Д
0.0,0.0,0.0,0.0,0.0,0.0,0.0,0.0,0.0,0.0,0.0,0.0,0.0,0.0,0.0,0.0,0.0,0.0,0.0,0.0,0.0,0.0,0.0,0.0,0.0,0.0,0.0,0.0,0.0,0.0,0.0,0.0,0.0,0.0,0.0,0.0,0.0,0.0,0.0,0.0,0.0,0.0,0.0,0.0,0.0,0.0,0.0,0.0,0.0,0.0,0.0,0.0,0.0,0.0,0.0,0.0,0.0,0.0,0.0,0.0,0.0,0.0,0.0,0.5339229106903076,0.6541768312454224,6.497926960946643e-07,0.5348024964332581,0.6556488275527954,-0.05742865800857544,0.5568122863769531,0.6411057710647583,-0.08175607770681381,0.595888614654541,0.62883061170578,-0.0954458937048912,0.6302313804626465,0.6168248057365417,-0.10615939646959305,0.547452449798584,0.5347132682800293,-0.060561057180166245,0.5866086483001709,0.4909279942512512,-0.0850406140089035,0.6144616007804871,0.4660106301307678,-0.10051095485687256,0.6378337740898132,0.44312208890914917,-0.10942419618368149,0.5725294947624207,0.5272718071937561,-0.04041421040892601,0.6107139587402344,0.48631247878074646,-0.06476567685604095,0.6427915692329407,0.4599025249481201,-0.0781228169798851,0.6688158512115479,0.43369060754776,-0.08466809242963791,0.590692400932312,0.5327149629592896,-0.024675879627466202,0.6208942532539368,0.5308274626731873,-0.05884061008691788,0.6234229803085327,0.5727053284645081,-0.07086510956287384,0.6207042932510376,0.6012468338012695,-0.06982161104679108,0.601037323474884,0.5460765957832336,-0.012537980452179909,0.6221321821212769,0.5509951710700989,-0.04185420647263527,0.6251512765884399,0.5818572640419006,-0.051543958485126495,0.6221887469291687,0.6064193248748779,-0.05166833847761154,Д
0.0,0.0,0.0,0.0,0.0,0.0,0.0,0.0,0.0,0.0,0.0,0.0,0.0,0.0,0.0,0.0,0.0,0.0,0.0,0.0,0.0,0.0,0.0,0.0,0.0,0.0,0.0,0.0,0.0,0.0,0.0,0.0,0.0,0.0,0.0,0.0,0.0,0.0,0.0,0.0,0.0,0.0,0.0,0.0,0.0,0.0,0.0,0.0,0.0,0.0,0.0,0.0,0.0,0.0,0.0,0.0,0.0,0.0,0.0,0.0,0.0,0.0,0.0,0.5340330004692078,0.6542744040489197,6.889524684083881e-07,0.5346066355705261,0.656424343585968,-0.06318994611501694,0.5558764934539795,0.6412501931190491,-0.0908365473151207,0.5936240553855896,0.6305974721908569,-0.1063748151063919,0.6299268007278442,0.6194819808006287,-0.11940032243728638,0.5478842258453369,0.5360879302024841,-0.07165387272834778,0.5877954959869385,0.49227604269981384,-0.09893625974655151,0.6157897114753723,0.4655386209487915,-0.11632838100194931,0.6400050520896912,0.44099196791648865,-0.1264391541481018,0.5734062790870667,0.5290712118148804,-0.04853152856230736,0.6129271984100342,0.4859737753868103,-0.0744841918349266,0.6446723937988281,0.4594600200653076,-0.08812138438224792,0.6705219745635986,0.432606041431427,-0.09497068077325821,0.5918059945106506,0.5338616967201233,-0.02978866547346115,0.6219422221183777,0.5293316841125488,-0.0654153972864151,0.6225236058235168,0.5717993378639221,-0.07739537954330444,0.6183338165283203,0.601553201675415,-0.07630687206983566,0.6024131774902344,0.5453740954399109,-0.015000314451754093,0.6238332390785217,0.5485454201698303,-0.04620693624019623,0.6258134841918945,0.5810408592224121,-0.05627872422337532,0.6218926906585693,0.6078361868858337,-0.05655856430530548,Д
0.0,0.0,0.0,0.0,0.0,0.0,0.0,0.0,0.0,0.0,0.0,0.0,0.0,0.0,0.0,0.0,0.0,0.0,0.0,0.0,0.0,0.0,0.0,0.0,0.0,0.0,0.0,0.0,0.0,0.0,0.0,0.0,0.0,0.0,0.0,0.0,0.0,0.0,0.0,0.0,0.0,0.0,0.0,0.0,0.0,0.0,0.0,0.0,0.0,0.0,0.0,0.0,0.0,0.0,0.0,0.0,0.0,0.0,0.0,0.0,0.0,0.0,0.0,0.5330281257629395,0.660552978515625,6.526386187033495e-07,0.5343881249427795,0.6577723026275635,-0.05435417219996452,0.5563511848449707,0.6417274475097656,-0.07789361476898193,0.5955248475074768,0.6314910650253296,-0.0918947383761406,0.6302571892738342,0.6226215362548828,-0.10361174494028091,0.5494430065155029,0.5373071432113647,-0.055178094655275345,0.5886447429656982,0.49304914474487305,-0.07729160040616989,0.6168503761291504,0.4676637053489685,-0.09108894318342209,0.6405307054519653,0.44398096203804016,-0.09886341542005539,0.5752010345458984,0.5314118266105652,-0.035861194133758545,0.6144130229949951,0.48836320638656616,-0.058141518384218216,0.6459431648254395,0.46142810583114624,-0.07041510939598083,0.6703326106071472,0.4351237416267395,-0.07601156830787659,0.5937296748161316,0.5384799838066101,-0.02065814845263958,0.6232748031616211,0.5309697389602661,-0.05349979177117348,0.6252223253250122,0.5695392489433289,-0.06579329073429108,0.6212300062179565,0.5989018678665161,-0.06478001177310944,0.6044343709945679,0.5531635880470276,-0.008688841015100479,0.6253852844238281,0.5553386211395264,-0.03775389865040779,0.6274084448814392,0.5864091515541077,-0.04739249870181084,0.6237444281578064,0.6132925748825073,-0.04714544862508774,Д
0.0,0.0,0.0,0.0,0.0,0.0,0.0,0.0,0.0,0.0,0.0,0.0,0.0,0.0,0.0,0.0,0.0,0.0,0.0,0.0,0.0,0.0,0.0,0.0,0.0,0.0,0.0,0.0,0.0,0.0,0.0,0.0,0.0,0.0,0.0,0.0,0.0,0.0,0.0,0.0,0.0,0.0,0.0,0.0,0.0,0.0,0.0,0.0,0.0,0.0,0.0,0.0,0.0,0.0,0.0,0.0,0.0,0.0,0.0,0.0,0.0,0.0,0.0,0.5343942642211914,0.6678302884101868,5.954906896477041e-07,0.5347620248794556,0.6630623936653137,-0.05006604269146919,0.5581923127174377,0.643706202507019,-0.07154693454504013,0.5986278057098389,0.6312137246131897,-0.08478705585002899,0.6328269243240356,0.6247607469558716,-0.0955623984336853,0.5498038530349731,0.539950430393219,-0.046428024768829346,0.5878525376319885,0.495883584022522,-0.0654369369149208,0.6151019930839539,0.4706220328807831,-0.07752249389886856,0.6384705901145935,0.4473292827606201,-0.08467421680688858,0.5743371248245239,0.5325425267219543,-0.02933027409017086,0.6088451743125916,0.48938891291618347,-0.05028274655342102,0.637847900390625,0.4634259045124054,-0.06214429810643196,0.6615603566169739,0.4387088716030121,-0.06752712279558182,0.5935229659080505,0.5392095446586609,-0.016304921358823776,0.623078465461731,0.5318417549133301,-0.047709736973047256,0.625542938709259,0.5722282528877258,-0.05954783782362938,0.6230681538581848,0.602920413017273,-0.05830342695116997,0.60661381483078,0.5526232123374939,-0.006321897264569998,0.6259992718696594,0.5542455315589905,-0.03302282094955444,0.6292338967323303,0.5835563540458679,-0.042288344353437424,0.6291208267211914,0.608043909072876,-0.0421767458319664,Д
0.0,0.0,0.0,0.0,0.0,0.0,0.0,0.0,0.0,0.0,0.0,0.0,0.0,0.0,0.0,0.0,0.0,0.0,0.0,0.0,0.0,0.0,0.0,0.0,0.0,0.0,0.0,0.0,0.0,0.0,0.0,0.0,0.0,0.0,0.0,0.0,0.0,0.0,0.0,0.0,0.0,0.0,0.0,0.0,0.0,0.0,0.0,0.0,0.0,0.0,0.0,0.0,0.0,0.0,0.0,0.0,0.0,0.0,0.0,0.0,0.0,0.0,0.0,0.5339312553405762,0.6691271662712097,6.245293207030045e-07,0.5372120141983032,0.6674725413322449,-0.054065171629190445,0.5632853507995605,0.649143397808075,-0.07727508991956711,0.6028921604156494,0.6367945075035095,-0.09082923084497452,0.6347170472145081,0.626676082611084,-0.10156623274087906,0.5481641292572021,0.5434404611587524,-0.05380978062748909,0.5883164405822754,0.4982612133026123,-0.07428572326898575,0.6164268851280212,0.4728128910064697,-0.08702382445335388,0.6400748491287231,0.44856664538383484,-0.09458138793706894,0.5712674260139465,0.5340507626533508,-0.03439530357718468,0.6089705228805542,0.49222683906555176,-0.056464023888111115,0.6414712071418762,0.4674144983291626,-0.06854694336652756,0.6670924425125122,0.442499041557312,-0.07434242963790894,0.5896936058998108,0.5376997590065002,-0.019107813015580177,0.6222190856933594,0.531262993812561,-0.051371827721595764,0.626293957233429,0.5740625858306885,-0.06309434026479721,0.6239817142486572,0.6043139696121216,-0.06197075918316841,0.602914571762085,0.5475883483886719,-0.007157203741371632,0.6252310872077942,0.5491917133331299,-0.03486251458525658,0.6293381452560425,0.5802426338195801,-0.04478290677070618,0.6283584833145142,0.6046901941299438,-0.045325689017772675,Д
0.0,0.0,0.0,0.0,0.0,0.0,0.0,0.0,0.0,0.0,0.0,0.0,0.0,0.0,0.0,0.0,0.0,0.0,0.0,0.0,0.0,0.0,0.0,0.0,0.0,0.0,0.0,0.0,0.0,0.0,0.0,0.0,0.0,0.0,0.0,0.0,0.0,0.0,0.0,0.0,0.0,0.0,0.0,0.0,0.0,0.0,0.0,0.0,0.0,0.0,0.0,0.0,0.0,0.0,0.0,0.0,0.0,0.0,0.0,0.0,0.0,0.0,0.0,0.532954216003418,0.667600154876709,5.915944711887278e-07,0.5367943644523621,0.6668539047241211,-0.052814751863479614,0.5611153244972229,0.6507865190505981,-0.07650106400251389,0.599998414516449,0.6400631666183472,-0.09089803695678711,0.633115291595459,0.6296966671943665,-0.1023932695388794,0.5484709143638611,0.5444620847702026,-0.052871622145175934,0.5873481035232544,0.5024576187133789,-0.07455256581306458,0.6132256388664246,0.47867390513420105,-0.08862825483083725,0.6336607336997986,0.456945538520813,-0.09690967947244644,0.569570004940033,0.5363514423370361,-0.034660179167985916,0.6043882369995117,0.49652156233787537,-0.05769147351384163,0.6358722448348999,0.4713224768638611,-0.07126841694116592,0.6609812378883362,0.4469013214111328,-0.07827193289995193,0.5870552062988281,0.5421504378318787,-0.020551608875393867,0.6194844245910645,0.5348238945007324,-0.05309755727648735,0.6281728744506836,0.5736896991729736,-0.06599298119544983,0.6298474669456482,0.6025869846343994,-0.06620820611715317,0.5995039939880371,0.5548382997512817,-0.009650507010519505,0.6229142546653748,0.5554660558700562,-0.03759746998548508,0.6296654343605042,0.5825945138931274,-0.04795736446976662,0.6314692497253418,0.6052426695823669,-0.04914355278015137,Д
0.0,0.0,0.0,0.0,0.0,0.0,0.0,0.0,0.0,0.0,0.0,0.0,0.0,0.0,0.0,0.0,0.0,0.0,0.0,0.0,0.0,0.0,0.0,0.0,0.0,0.0,0.0,0.0,0.0,0.0,0.0,0.0,0.0,0.0,0.0,0.0,0.0,0.0,0.0,0.0,0.0,0.0,0.0,0.0,0.0,0.0,0.0,0.0,0.0,0.0,0.0,0.0,0.0,0.0,0.0,0.0,0.0,0.0,0.0,0.0,0.0,0.0,0.0,0.5335497260093689,0.6655951738357544,6.153547360554512e-07,0.5355032086372375,0.6661220192909241,-0.054321419447660446,0.5598678588867188,0.6502578854560852,-0.07732054591178894,0.5993722677230835,0.6397418975830078,-0.09059073776006699,0.6331040263175964,0.6294440031051636,-0.10071907192468643,0.5487233996391296,0.5439803600311279,-0.05325821787118912,0.5864230990409851,0.5011977553367615,-0.07555146515369415,0.6135085225105286,0.4754909574985504,-0.08981460332870483,0.6362907290458679,0.452671617269516,-0.09800492972135544,0.5716374516487122,0.5371227264404297,-0.034500885754823685,0.6045013666152954,0.4972321391105652,-0.05795580893754959,0.6351419687271118,0.4711715877056122,-0.07105279713869095,0.6601607203483582,0.44596636295318604,-0.0773085355758667,0.589682936668396,0.5433772206306458,-0.020295117050409317,0.620952844619751,0.540699303150177,-0.05398949980735779,0.6260941028594971,0.5824223756790161,-0.06587818264961243,0.6249353885650635,0.6114569306373596,-0.06451593339443207,0.6019553542137146,0.5568549633026123,-0.009495443664491177,0.6245380640029907,0.5594271421432495,-0.03826723247766495,0.629146933555603,0.5883999466896057,-0.04783087223768234,0.6280049681663513,0.6119216680526733,-0.047815702855587006,Д
0.0,0.0,0.0,0.0,0.0,0.0,0.0,0.0,0.0,0.0,0.0,0.0,0.0,0.0,0.0,0.0,0.0,0.0,0.0,0.0,0.0,0.0,0.0,0.0,0.0,0.0,0.0,0.0,0.0,0.0,0.0,0.0,0.0,0.0,0.0,0.0,0.0,0.0,0.0,0.0,0.0,0.0,0.0,0.0,0.0,0.0,0.0,0.0,0.0,0.0,0.0,0.0,0.0,0.0,0.0,0.0,0.0,0.0,0.0,0.0,0.0,0.0,0.0,0.5319626927375793,0.6650474667549133,6.468467859122029e-07,0.5356041789054871,0.664737343788147,-0.05637145787477493,0.5590322017669678,0.6502776145935059,-0.0810682401061058,0.5971054434776306,0.637641966342926,-0.09574152529239655,0.631058394908905,0.627240002155304,-0.10756136476993561,0.5475090146064758,0.541933536529541,-0.05674118548631668,0.5859498977661133,0.49825772643089294,-0.0796981155872345,0.6136593222618103,0.47317034006118774,-0.09435324370861053,0.6374802589416504,0.4503134489059448,-0.10275498777627945,0.5713838338851929,0.5335714221000671,-0.03676900267601013,0.6089091897010803,0.4944491386413574,-0.05981476604938507,0.641177237033844,0.46880555152893066,-0.07296748459339142,0.666770875453949,0.4442458152770996,-0.07954863458871841,0.5893529057502747,0.5386524200439453,-0.021288501098752022,0.6192301511764526,0.5342735648155212,-0.05460471287369728,0.625008761882782,0.5746976137161255,-0.06759586185216904,0.6245445013046265,0.604971706867218,-0.06729822605848312,0.6005457639694214,0.5512033700942993,-0.009257948957383633,0.6214386224746704,0.5513029098510742,-0.037667155265808105,0.6271173357963562,0.580301821231842,-0.04781583696603775,0.6266794204711914,0.6057336926460266,-0.04841752350330353,Д
0.0,0.0,0.0,0.0,0.0,0.0,0.0,0.0,0.0,0.0,0.0,0.0,0.0,0.0,0.0,0.0,0.0,0.0,0.0,0.0,0.0,0.0,0.0,0.0,0.0,0.0,0.0,0.0,0.0,0.0,0.0,0.0,0.0,0.0,0.0,0.0,0.0,0.0,0.0,0.0,0.0,0.0,0.0,0.0,0.0,0.0,0.0,0.0,0.0,0.0,0.0,0.0,0.0,0.0,0.0,0.0,0.0,0.0,0.0,0.0,0.0,0.0,0.0,0.5324711203575134,0.6629431247711182,6.463733370765112e-07,0.5350245237350464,0.664321780204773,-0.056390125304460526,0.5577680468559265,0.6503118872642517,-0.0800129845738411,0.5966423749923706,0.6379609107971191,-0.09314332157373428,0.6304333209991455,0.6266211867332458,-0.10341369360685349,0.5471428632736206,0.5428180694580078,-0.058447130024433136,0.5857078433036804,0.49866124987602234,-0.08126496523618698,0.6136198043823242,0.4729180634021759,-0.09499538689851761,0.6377250552177429,0.449564129114151,-0.10246443003416061,0.572014331817627,0.5344734787940979,-0.0381222628057003,0.6102485060691833,0.4939267635345459,-0.06057196855545044,0.6426798105239868,0.46717140078544617,-0.07235121726989746,0.6686561107635498,0.44184643030166626,-0.07778552919626236,0.5898565649986267,0.5392022132873535,-0.02224024198949337,0.6191806197166443,0.5365722179412842,-0.055867910385131836,0.6240294575691223,0.5779619216918945,-0.0687786340713501,0.622994065284729,0.6088905334472656,-0.06808561831712723,0.6003472805023193,0.5521586537361145,-0.009735536761581898,0.6209405660629272,0.5557146072387695,-0.03944789618253708,0.6259608268737793,0.586698591709137,-0.05018775537610054,0.6246611475944519,0.6137979030609131,-0.05080893635749817,Д
0.0,0.0,0.0,0.0,0.0,0.0,0.0,0.0,0.0,0.0,0.0,0.0,0.0,0.0,0.0,0.0,0.0,0.0,0.0,0.0,0.0,0.0,0.0,0.0,0.0,0.0,0.0,0.0,0.0,0.0,0.0,0.0,0.0,0.0,0.0,0.0,0.0,0.0,0.0,0.0,0.0,0.0,0.0,0.0,0.0,0.0,0.0,0.0,0.0,0.0,0.0,0.0,0.0,0.0,0.0,0.0,0.0,0.0,0.0,0.0,0.0,0.0,0.0,0.5323576927185059,0.6599612832069397,6.970162758079823e-07,0.5350651741027832,0.6637293696403503,-0.06104737147688866,0.5577080249786377,0.6498515605926514,-0.08724386990070343,0.5960712432861328,0.6386805772781372,-0.10196486115455627,0.6299125552177429,0.6259106993675232,-0.11401952058076859,0.5464587211608887,0.5408061146736145,-0.06573118269443512,0.5841205716133118,0.49642664194107056,-0.09231056272983551,0.6125905513763428,0.4692113995552063,-0.10938883572816849,0.6376971006393433,0.4455890357494354,-0.11907492578029633,0.5706437826156616,0.5329310297966003,-0.04357874393463135,0.6096232533454895,0.4907209873199463,-0.0694078579545021,0.6420933604240417,0.46307772397994995,-0.0838427022099495,0.6681517958641052,0.4367155432701111,-0.09099312126636505,0.5879695415496826,0.5371012687683105,-0.02601490542292595,0.6206659078598022,0.5308042764663696,-0.0625019446015358,0.6258519291877747,0.5737835764884949,-0.07634561508893967,0.6246857643127441,0.6054492592811584,-0.07596710324287415,0.5979609489440918,0.5484681725502014,-0.012098436243832111,0.6206482648849487,0.5493659973144531,-0.04419092833995819,0.6258502006530762,0.5798938870429993,-0.05581943318247795,0.6236833930015564,0.606046199798584,-0.05688190087676048,Д
0.0,0.0,0.0,0.0,0.0,0.0,0.0,0.0,0.0,0.0,0.0,0.0,0.0,0.0,0.0,0.0,0.0,0.0,0.0,0.0,0.0,0.0,0.0,0.0,0.0,0.0,0.0,0.0,0.0,0.0,0.0,0.0,0.0,0.0,0.0,0.0,0.0,0.0,0.0,0.0,0.0,0.0,0.0,0.0,0.0,0.0,0.0,0.0,0.0,0.0,0.0,0.0,0.0,0.0,0.0,0.0,0.0,0.0,0.0,0.0,0.0,0.0,0.0,0.5310444831848145,0.6658319234848022,6.935122200957267e-07,0.5330414175987244,0.6643586158752441,-0.06240641325712204,0.5564082860946655,0.6482803821563721,-0.08863843232393265,0.5952680110931396,0.6380006074905396,-0.10263728350400925,0.6306873559951782,0.6277500987052917,-0.11399830132722855,0.5458869934082031,0.5400109887123108,-0.06685944646596909,0.586753249168396,0.49642518162727356,-0.09194876253604889,0.6158280372619629,0.4703856408596039,-0.10798622667789459,0.6408131122589111,0.4469388723373413,-0.11710405349731445,0.5705717206001282,0.5341975092887878,-0.04314080998301506,0.6115267276763916,0.49239644408226013,-0.06739195436239243,0.6446549892425537,0.46568727493286133,-0.08102776110172272,0.670833945274353,0.44017308950424194,-0.08786918967962265,0.5887811183929443,0.5402886867523193,-0.02398492395877838,0.6206047534942627,0.5327990055084229,-0.05956047773361206,0.6257049441337585,0.5738613605499268,-0.07460173219442368,0.6245364546775818,0.6049908399581909,-0.07537168264389038,0.5999794006347656,0.5537748336791992,-0.008442108519375324,0.6222841739654541,0.5553207993507385,-0.04087855666875839,0.6271311640739441,0.5872702598571777,-0.05374374985694885,0.6255003809928894,0.6154433488845825,-0.05572841688990593,Д
0.0,0.0,0.0,0.0,0.0,0.0,0.0,0.0,0.0,0.0,0.0,0.0,0.0,0.0,0.0,0.0,0.0,0.0,0.0,0.0,0.0,0.0,0.0,0.0,0.0,0.0,0.0,0.0,0.0,0.0,0.0,0.0,0.0,0.0,0.0,0.0,0.0,0.0,0.0,0.0,0.0,0.0,0.0,0.0,0.0,0.0,0.0,0.0,0.0,0.0,0.0,0.0,0.0,0.0,0.0,0.0,0.0,0.0,0.0,0.0,0.0,0.0,0.0,0.5318224430084229,0.6633001565933228,7.641911565769988e-07,0.5326086282730103,0.6630970239639282,-0.07190614193677902,0.5570217370986938,0.6472573280334473,-0.10154850035905838,0.5966948866844177,0.637902021408081,-0.1164519265294075,0.6334673762321472,0.6252254247665405,-0.1282390058040619,0.548082172870636,0.5379617214202881,-0.07960247248411179,0.5885669589042664,0.49407458305358887,-0.10734718292951584,0.6183871030807495,0.4666590094566345,-0.12531094253063202,0.6447179317474365,0.44335612654685974,-0.13565759360790253,0.5721812844276428,0.5334635376930237,-0.05103601887822151,0.6129653453826904,0.4908459186553955,-0.07765103876590729,0.6476868987083435,0.4630835950374603,-0.0913684219121933,0.6750922203063965,0.4380110502243042,-0.09822634607553482,0.5897099375724792,0.5390389561653137,-0.027664395049214363,0.6225033402442932,0.5312149524688721,-0.06439394503831863,0.6233038306236267,0.5752922296524048,-0.07766436040401459,0.6186829805374146,0.6056318283081055,-0.07715074717998505,0.6010137796401978,0.5487510561943054,-0.00888042338192463,0.6229314804077148,0.5505084991455078,-0.04183472692966461,0.6245167255401611,0.5822519659996033,-0.054466113448143005,0.619609534740448,0.6084938049316406,-0.05641045793890953,Д
0.0,0.0,0.0,0.0,0.0,0.0,0.0,0.0,0.0,0.0,0.0,0.0,0.0,0.0,0.0,0.0,0.0,0.0,0.0,0.0,0.0,0.0,0.0,0.0,0.0,0.0,0.0,0.0,0.0,0.0,0.0,0.0,0.0,0.0,0.0,0.0,0.0,0.0,0.0,0.0,0.0,0.0,0.0,0.0,0.0,0.0,0.0,0.0,0.0,0.0,0.0,0.0,0.0,0.0,0.0,0.0,0.0,0.0,0.0,0.0,0.0,0.0,0.0,0.5330097079277039,0.6695536375045776,6.731503390255966e-07,0.5346338152885437,0.6655116677284241,-0.05668234825134277,0.559257447719574,0.6475937962532043,-0.07941171526908875,0.6003081798553467,0.6357156038284302,-0.09181608259677887,0.6356667280197144,0.62480628490448,-0.10134603083133698,0.5548858642578125,0.539628267288208,-0.052951470017433167,0.5929308533668518,0.49545416235923767,-0.07464711368083954,0.6217628717422485,0.46855875849723816,-0.08888163417577744,0.6469112634658813,0.44427889585494995,-0.09680712223052979,0.5786823630332947,0.5353934168815613,-0.031735312193632126,0.6186371445655823,0.4907529950141907,-0.052860941737890244,0.6502876281738281,0.46291154623031616,-0.06443189829587936,0.6749567985534668,0.4373646080493927,-0.06924927234649658,0.5952231287956238,0.5430523157119751,-0.015337787568569183,0.6285494565963745,0.5347182154655457,-0.048437707126140594,0.628167986869812,0.576421320438385,-0.06044533848762512,0.6217606067657471,0.6072170734405518,-0.058265455067157745,0.6050720810890198,0.5571561455726624,-0.0024212540592998266,0.6286026835441589,0.5562258362770081,-0.03220761939883232,0.6300297379493713,0.5866679549217224,-0.04243564233183861,0.6240633130073547,0.6126610040664673,-0.04195414483547211,Д
0.0,0.0,0.0,0.0,0.0,0.0,0.0,0.0,0.0,0.0,0.0,0.0,0.0,0.0,0.0,0.0,0.0,0.0,0.0,0.0,0.0,0.0,0.0,0.0,0.0,0.0,0.0,0.0,0.0,0.0,0.0,0.0,0.0,0.0,0.0,0.0,0.0,0.0,0.0,0.0,0.0,0.0,0.0,0.0,0.0,0.0,0.0,0.0,0.0,0.0,0.0,0.0,0.0,0.0,0.0,0.0,0.0,0.0,0.0,0.0,0.0,0.0,0.0,0.5352957248687744,0.675740122795105,6.864938200124016e-07,0.5392221212387085,0.6679868698120117,-0.05768464505672455,0.5655507445335388,0.6515498757362366,-0.08082345873117447,0.6076947450637817,0.6410657167434692,-0.09326601028442383,0.6423797607421875,0.6298553943634033,-0.10251932591199875,0.5590977072715759,0.5423483848571777,-0.053921476006507874,0.6005759835243225,0.5004421472549438,-0.07611329108476639,0.6314742565155029,0.4747892916202545,-0.09073139727115631,0.657304048538208,0.45144373178482056,-0.09902606904506683,0.5832417607307434,0.5403021574020386,-0.03222772106528282,0.6246802806854248,0.49635428190231323,-0.05416511744260788,0.6571063995361328,0.4712669849395752,-0.0656576082110405,0.6818568706512451,0.44441547989845276,-0.07036694139242172,0.6003913879394531,0.550221860408783,-0.015427559614181519,0.6349190473556519,0.5446068644523621,-0.04786672070622444,0.6298949718475342,0.5875858664512634,-0.05775783956050873,0.6185626983642578,0.6129837036132812,-0.05447782948613167,0.6104405522346497,0.5665332674980164,-0.0023333695717155933,0.6354881525039673,0.5696452856063843,-0.029431991279125214,0.6343409419059753,0.597988486289978,-0.03765735402703285,0.6250326633453369,0.6165595054626465,-0.036470748484134674,Д
0.0,0.0,0.0,0.0,0.0,0.0,0.0,0.0,0.0,0.0,0.0,0.0,0.0,0.0,0.0,0.0,0.0,0.0,0.0,0.0,0.0,0.0,0.0,0.0,0.0,0.0,0.0,0.0,0.0,0.0,0.0,0.0,0.0,0.0,0.0,0.0,0.0,0.0,0.0,0.0,0.0,0.0,0.0,0.0,0.0,0.0,0.0,0.0,0.0,0.0,0.0,0.0,0.0,0.0,0.0,0.0,0.0,0.0,0.0,0.0,0.0,0.0,0.0,0.5374811291694641,0.6678131818771362,7.803965331731888e-07,0.540631890296936,0.6668423414230347,-0.07479573786258698,0.5671576857566833,0.650273859500885,-0.10442312806844711,0.60638028383255,0.6425779461860657,-0.11849039793014526,0.6440864205360413,0.6314504742622375,-0.12912453711032867,0.5569915771484375,0.5428338646888733,-0.08020751923322678,0.6000934839248657,0.4993182122707367,-0.10819178074598312,0.6318888664245605,0.47263798117637634,-0.12620767951011658,0.6590447425842285,0.4494955539703369,-0.13616326451301575,0.5795019268989563,0.5399036407470703,-0.04949825257062912,0.6228556632995605,0.49518200755119324,-0.0755477175116539,0.6587217450141907,0.4706118106842041,-0.088758185505867,0.6859366297721863,0.44589585065841675,-0.09484011679887772,0.5968334674835205,0.5462412238121033,-0.02436186745762825,0.6314833164215088,0.5373964905738831,-0.06129448488354683,0.6322844624519348,0.5842729210853577,-0.07478638738393784,0.6269779205322266,0.6129443049430847,-0.07385119795799255,0.6081500053405762,0.5561720132827759,-0.003974989056587219,0.6320174336433411,0.5574754476547241,-0.036328066140413284,0.6342990398406982,0.5905080437660217,-0.048744700849056244,0.6288744211196899,0.614564836025238,-0.050471868366003036,Д
0.0,0.0,0.0,0.0,0.0,0.0,0.0,0.0,0.0,0.0,0.0,0.0,0.0,0.0,0.0,0.0,0.0,0.0,0.0,0.0,0.0,0.0,0.0,0.0,0.0,0.0,0.0,0.0,0.0,0.0,0.0,0.0,0.0,0.0,0.0,0.0,0.0,0.0,0.0,0.0,0.0,0.0,0.0,0.0,0.0,0.0,0.0,0.0,0.0,0.0,0.0,0.0,0.0,0.0,0.0,0.0,0.0,0.0,0.0,0.0,0.0,0.0,0.0,0.5357685685157776,0.6700862646102905,6.719296834489796e-07,0.5403395891189575,0.6674599051475525,-0.05997961759567261,0.5676878690719604,0.6528069376945496,-0.08491447567939758,0.6079927682876587,0.6440719366073608,-0.09819167852401733,0.6422051787376404,0.6327933073043823,-0.10853930562734604,0.5574142932891846,0.5443933606147766,-0.06282052397727966,0.5999429821968079,0.5012959837913513,-0.08648990839719772,0.6299524307250977,0.4760027825832367,-0.10133995115756989,0.6550504565238953,0.4526979327201843,-0.10939298570156097,0.5804784297943115,0.5388086438179016,-0.03983204439282417,0.6220349669456482,0.498762309551239,-0.06313609331846237,0.6565119028091431,0.47315454483032227,-0.07576426863670349,0.6838444471359253,0.4480364918708801,-0.08166293799877167,0.5982893705368042,0.5450966358184814,-0.021316735073924065,0.6316890716552734,0.5419108271598816,-0.054953884333372116,0.6344023942947388,0.5822352766990662,-0.0681101381778717,0.6315824389457703,0.6099593043327332,-0.0677243024110794,0.6099216938018799,0.5577178597450256,-0.0064570787362754345,0.6326019167900085,0.5628865361213684,-0.03568539395928383,0.6358383297920227,0.5933634638786316,-0.04666215926408768,0.6338616609573364,0.618079662322998,-0.047634515911340714,Д
0.0,0.0,0.0,0.0,0.0,0.0,0.0,0.0,0.0,0.0,0.0,0.0,0.0,0.0,0.0,0.0,0.0,0.0,0.0,0.0,0.0,0.0,0.0,0.0,0.0,0.0,0.0,0.0,0.0,0.0,0.0,0.0,0.0,0.0,0.0,0.0,0.0,0.0,0.0,0.0,0.0,0.0,0.0,0.0,0.0,0.0,0.0,0.0,0.0,0.0,0.0,0.0,0.0,0.0,0.0,0.0,0.0,0.0,0.0,0.0,0.0,0.0,0.0,0.5334091186523438,0.6755124926567078,6.349075079015165e-07,0.5362123250961304,0.6690902709960938,-0.05193082243204117,0.5615915656089783,0.6515814661979675,-0.07153451442718506,0.6023976802825928,0.6405276656150818,-0.08142759650945663,0.636294960975647,0.6327247619628906,-0.08813156932592392,0.5530661344528198,0.5445685386657715,-0.046833910048007965,0.593540370464325,0.5021868944168091,-0.06619610637426376,0.6226171255111694,0.4775125980377197,-0.0786164253950119,0.6474107503890991,0.4549182653427124,-0.08543711155653,0.5769914388656616,0.5397425889968872,-0.027543524280190468,0.618708074092865,0.49909675121307373,-0.04663499444723129,0.6516581773757935,0.4720137119293213,-0.05690107122063637,0.6776928305625916,0.44659775495529175,-0.06127449497580528,0.5941980481147766,0.5468007922172546,-0.012961925938725471,0.6291009187698364,0.5400285720825195,-0.043561551719903946,0.6311991214752197,0.5816888809204102,-0.05485978350043297,0.627381443977356,0.6112954616546631,-0.05296607315540314,0.6046695113182068,0.5609323382377625,-0.001630847924388945,0.6294195652008057,0.5607379078865051,-0.028501935303211212,0.6336770057678223,0.5898579359054565,-0.03792502358555794,0.6308842897415161,0.6138978004455566,-0.03770779073238373,Д
0.0,0.0,0.0,0.0,0.0,0.0,0.0,0.0,0.0,0.0,0.0,0.0,0.0,0.0,0.0,0.0,0.0,0.0,0.0,0.0,0.0,0.0,0.0,0.0,0.0,0.0,0.0,0.0,0.0,0.0,0.0,0.0,0.0,0.0,0.0,0.0,0.0,0.0,0.0,0.0,0.0,0.0,0.0,0.0,0.0,0.0,0.0,0.0,0.0,0.0,0.0,0.0,0.0,0.0,0.0,0.0,0.0,0.0,0.0,0.0,0.0,0.0,0.0,0.5309246778488159,0.6720831990242004,6.735240276611876e-07,0.5337276458740234,0.6677849292755127,-0.06088351830840111,0.5582665205001831,0.6508623361587524,-0.08326023817062378,0.5986906886100769,0.6412211656570435,-0.09338291734457016,0.6340015530586243,0.6314684748649597,-0.10041424632072449,0.5503094792366028,0.5429756045341492,-0.05902140960097313,0.5905721783638,0.4987291097640991,-0.07998044043779373,0.6198042035102844,0.4728691875934601,-0.09300248324871063,0.6451097130775452,0.45006608963012695,-0.10006512701511383,0.5732492208480835,0.5381649732589722,-0.03493622690439224,0.6155683994293213,0.49549052119255066,-0.05512186512351036,0.6498618721961975,0.46836477518081665,-0.06648137420415878,0.6763515472412109,0.4456775486469269,-0.07180620729923248,0.5890200734138489,0.5446916222572327,-0.015939591452479362,0.6222344636917114,0.534944474697113,-0.04887031763792038,0.6287246346473694,0.5759299993515015,-0.06434961408376694,0.6289498805999756,0.6074217557907104,-0.06539914757013321,0.5985509157180786,0.5574890971183777,-0.0005498788086697459,0.6225082874298096,0.5551539063453674,-0.031255099922418594,0.6292158365249634,0.5850624442100525,-0.04497683793306351,0.6281481385231018,0.6127118468284607,-0.0478527657687664,Д
0.0,0.0,0.0,0.0,0.0,0.0,0.0,0.0,0.0,0.0,0.0,0.0,0.0,0.0,0.0,0.0,0.0,0.0,0.0,0.0,0.0,0.0,0.0,0.0,0.0,0.0,0.0,0.0,0.0,0.0,0.0,0.0,0.0,0.0,0.0,0.0,0.0,0.0,0.0,0.0,0.0,0.0,0.0,0.0,0.0,0.0,0.0,0.0,0.0,0.0,0.0,0.0,0.0,0.0,0.0,0.0,0.0,0.0,0.0,0.0,0.0,0.0,0.0,0.5299326181411743,0.6740314364433289,6.319911562968628e-07,0.533431351184845,0.6690425276756287,-0.052916623651981354,0.5591172575950623,0.6514984965324402,-0.07359566539525986,0.5996271371841431,0.639662504196167,-0.08440591394901276,0.6332345604896545,0.6300380229949951,-0.0921698585152626,0.5501910448074341,0.5435474514961243,-0.0502733550965786,0.5906187295913696,0.4999232590198517,-0.07129345834255219,0.6201760768890381,0.47521835565567017,-0.08445869386196136,0.6448276042938232,0.45192044973373413,-0.09155044704675674,0.5736807584762573,0.5388597249984741,-0.030798504129052162,0.6159293055534363,0.49835050106048584,-0.05161590501666069,0.6494731307029724,0.4724937379360199,-0.06291815638542175,0.6756021976470947,0.44655004143714905,-0.06783001124858856,0.590556263923645,0.5458222031593323,-0.015864094719290733,0.6229082345962524,0.5410649180412292,-0.04787961393594742,0.6252579092979431,0.5815418362617493,-0.060185160487890244,0.6220763325691223,0.6094867587089539,-0.05888219550251961,0.601006031036377,0.5600773692131042,-0.004136124160140753,0.6238629221916199,0.562434196472168,-0.031956229358911514,0.6275374889373779,0.5919293165206909,-0.04194266349077225,0.6248695850372314,0.6163698434829712,-0.042006272822618484,Д
0.0,0.0,0.0,0.0,0.0,0.0,0.0,0.0,0.0,0.0,0.0,0.0,0.0,0.0,0.0,0.0,0.0,0.0,0.0,0.0,0.0,0.0,0.0,0.0,0.0,0.0,0.0,0.0,0.0,0.0,0.0,0.0,0.0,0.0,0.0,0.0,0.0,0.0,0.0,0.0,0.0,0.0,0.0,0.0,0.0,0.0,0.0,0.0,0.0,0.0,0.0,0.0,0.0,0.0,0.0,0.0,0.0,0.0,0.0,0.0,0.0,0.0,0.0,0.5289525985717773,0.671649694442749,7.20842990631354e-07,0.531959593296051,0.6698492765426636,-0.06581937521696091,0.5572484731674194,0.6527252793312073,-0.09128831326961517,0.5972906947135925,0.6417545676231384,-0.1032014787197113,0.6328974962234497,0.6320604681968689,-0.11174117028713226,0.5475006103515625,0.5449365973472595,-0.06980495899915695,0.5893844962120056,0.5008422136306763,-0.0947500467300415,0.6198169589042664,0.4748346209526062,-0.11025139689445496,0.645779550075531,0.4518894553184509,-0.11869873851537704,0.5707995295524597,0.5407604575157166,-0.04353071376681328,0.6151479482650757,0.49880751967430115,-0.06713910400867462,0.6505569815635681,0.4722621738910675,-0.07913259416818619,0.6778270602226257,0.44691985845565796,-0.08455799520015717,0.5876880288124084,0.5471158623695374,-0.022285763174295425,0.6234793066978455,0.5407302379608154,-0.05696391314268112,0.6267889142036438,0.585205078125,-0.06995205581188202,0.6239319443702698,0.6149541735649109,-0.06894596666097641,0.5983688235282898,0.5598167777061462,-0.005145734641700983,0.623955488204956,0.5621035099029541,-0.03595011681318283,0.6285147666931152,0.5935075283050537,-0.047851502895355225,0.6252456307411194,0.6190587282180786,-0.049217045307159424,Д
0.0,0.0,0.0,0.0,0.0,0.0,0.0,0.0,0.0,0.0,0.0,0.0,0.0,0.0,0.0,0.0,0.0,0.0,0.0,0.0,0.0,0.0,0.0,0.0,0.0,0.0,0.0,0.0,0.0,0.0,0.0,0.0,0.0,0.0,0.0,0.0,0.0,0.0,0.0,0.0,0.0,0.0,0.0,0.0,0.0,0.0,0.0,0.0,0.0,0.0,0.0,0.0,0.0,0.0,0.0,0.0,0.0,0.0,0.0,0.0,0.0,0.0,0.0,0.5290932655334473,0.6703792214393616,6.789317126276728e-07,0.5327610373497009,0.6707611680030823,-0.060613710433244705,0.5581326484680176,0.653049111366272,-0.08469527214765549,0.5979056358337402,0.6408435106277466,-0.09691808372735977,0.6334148645401001,0.630247950553894,-0.105807825922966,0.547744631767273,0.5444952249526978,-0.06180326268076897,0.588905930519104,0.501155436038971,-0.08581385761499405,0.6186550855636597,0.47573786973953247,-0.10057241469621658,0.643681526184082,0.45254185795783997,-0.10846668481826782,0.5700033903121948,0.5382205247879028,-0.03866831958293915,0.6124794483184814,0.49840837717056274,-0.06224474310874939,0.6472010612487793,0.47257235646247864,-0.07424972206354141,0.6747012734413147,0.44654279947280884,-0.07943709939718246,0.5863911509513855,0.5434624552726746,-0.020357294008135796,0.6209124326705933,0.5400370359420776,-0.05504416301846504,0.6240465044975281,0.5844264626502991,-0.06698019802570343,0.6214513778686523,0.614135205745697,-0.06497754156589508,0.5969736576080322,0.5564207434654236,-0.005795348435640335,0.622094988822937,0.558837354183197,-0.03587697073817253,0.6265290975570679,0.5906518697738647,-0.04610353708267212,0.623532772064209,0.6162980794906616,-0.04602824151515961,Д
0.0,0.0,0.0,0.0,0.0,0.0,0.0,0.0,0.0,0.0,0.0,0.0,0.0,0.0,0.0,0.0,0.0,0.0,0.0,0.0,0.0,0.0,0.0,0.0,0.0,0.0,0.0,0.0,0.0,0.0,0.0,0.0,0.0,0.0,0.0,0.0,0.0,0.0,0.0,0.0,0.0,0.0,0.0,0.0,0.0,0.0,0.0,0.0,0.0,0.0,0.0,0.0,0.0,0.0,0.0,0.0,0.0,0.0,0.0,0.0,0.0,0.0,0.0,0.5307061672210693,0.6693001985549927,7.567629722871061e-07,0.5344672799110413,0.669791579246521,-0.06913897395133972,0.5592522025108337,0.6523157358169556,-0.09575960040092468,0.5974539518356323,0.6414914727210999,-0.10800297558307648,0.633124828338623,0.630085289478302,-0.11658362299203873,0.5469961166381836,0.543648898601532,-0.07242234796285629,0.588962197303772,0.5011109709739685,-0.09807684272527695,0.6196635365486145,0.47511026263237,-0.11441284418106079,0.6446565389633179,0.4521145820617676,-0.12309596687555313,0.568423867225647,0.5404896140098572,-0.04436613991856575,0.6127244234085083,0.49738574028015137,-0.06901364773511887,0.6487751007080078,0.47143638134002686,-0.08150894194841385,0.6760077476501465,0.4461006224155426,-0.08678224682807922,0.5851187705993652,0.5468658804893494,-0.021523835137486458,0.6206789016723633,0.540523886680603,-0.05719691887497902,0.6235815286636353,0.5868110656738281,-0.06941820681095123,0.6206767559051514,0.6154268383979797,-0.06735032796859741,0.5964292287826538,0.5574936270713806,-0.003004368394613266,0.6217355728149414,0.5584310293197632,-0.03367786481976509,0.6260294318199158,0.5907384753227234,-0.04420943930745125,0.6231748461723328,0.6156117916107178,-0.04437999054789543,Д
0.0,0.0,0.0,0.0,0.0,0.0,0.0,0.0,0.0,0.0,0.0,0.0,0.0,0.0,0.0,0.0,0.0,0.0,0.0,0.0,0.0,0.0,0.0,0.0,0.0,0.0,0.0,0.0,0.0,0.0,0.0,0.0,0.0,0.0,0.0,0.0,0.0,0.0,0.0,0.0,0.0,0.0,0.0,0.0,0.0,0.0,0.0,0.0,0.0,0.0,0.0,0.0,0.0,0.0,0.0,0.0,0.0,0.0,0.0,0.0,0.0,0.0,0.0,0.5317044258117676,0.6631955504417419,7.540352271462325e-07,0.5354342460632324,0.6661676168441772,-0.07151684910058975,0.5606662034988403,0.6500412225723267,-0.10017544776201248,0.5973345041275024,0.640859842300415,-0.11374380439519882,0.6326324939727783,0.6313140392303467,-0.12423940747976303,0.5487224459648132,0.5417333841323853,-0.08039430528879166,0.5900412797927856,0.5001282095909119,-0.10980325192213058,0.6200190186500549,0.4737076461315155,-0.1291005164384842,0.6455758810043335,0.45021384954452515,-0.14009197056293488,0.5711394548416138,0.5370265245437622,-0.05204382166266441,0.6146702170372009,0.49464932084083557,-0.0799373909831047,0.6493518352508545,0.46897774934768677,-0.09514898806810379,0.6767020225524902,0.4436095356941223,-0.1026611328125,0.5883963704109192,0.5421015620231628,-0.028631139546632767,0.6244739294052124,0.5357919931411743,-0.06722741574048996,0.6292390823364258,0.5824235081672668,-0.08165346086025238,0.6280508637428284,0.6139200329780579,-0.08135385811328888,0.5996207594871521,0.5523520112037659,-0.009615274146199226,0.6245448589324951,0.5559104084968567,-0.04446234926581383,0.6293874382972717,0.5891568660736084,-0.05765901878476143,0.6271951198577881,0.6164328455924988,-0.0596248134970665,Д
0.0,0.0,0.0,0.0,0.0,0.0,0.0,0.0,0.0,0.0,0.0,0.0,0.0,0.0,0.0,0.0,0.0,0.0,0.0,0.0,0.0,0.0,0.0,0.0,0.0,0.0,0.0,0.0,0.0,0.0,0.0,0.0,0.0,0.0,0.0,0.0,0.0,0.0,0.0,0.0,0.0,0.0,0.0,0.0,0.0,0.0,0.0,0.0,0.0,0.0,0.0,0.0,0.0,0.0,0.0,0.0,0.0,0.0,0.0,0.0,0.0,0.0,0.0,0.5318069458007812,0.663615345954895,7.780741952956305e-07,0.5348082780838013,0.6669876575469971,-0.07305742055177689,0.559991180896759,0.6511757373809814,-0.10266529768705368,0.5978645086288452,0.6422024965286255,-0.11709718406200409,0.6343100070953369,0.630998969078064,-0.1283559799194336,0.5477370023727417,0.5417798757553101,-0.08056990057229996,0.590338945388794,0.4998307228088379,-0.10881010442972183,0.6209094524383545,0.4738211929798126,-0.1273127645254135,0.646278440952301,0.45111292600631714,-0.13774968683719635,0.5695333480834961,0.5380039215087891,-0.05135305970907211,0.6142301559448242,0.49474358558654785,-0.07847792655229568,0.6498104929924011,0.4696292281150818,-0.09362038969993591,0.6768847107887268,0.4451231360435486,-0.10112498700618744,0.5866702795028687,0.5434563755989075,-0.02720882184803486,0.6232795715332031,0.533952534198761,-0.06501638889312744,0.6284279823303223,0.5800658464431763,-0.07998383045196533,0.6274210810661316,0.6110009551048279,-0.08027863502502441,0.5980678796768188,0.5525226593017578,-0.007496953010559082,0.6233081221580505,0.5534276962280273,-0.040998462587594986,0.6288236379623413,0.5861542224884033,-0.054110705852508545,0.6272901892662048,0.6127147078514099,-0.05634574964642525,Д
0.0,0.0,0.0,0.0,0.0,0.0,0.0,0.0,0.0,0.0,0.0,0.0,0.0,0.0,0.0,0.0,0.0,0.0,0.0,0.0,0.0,0.0,0.0,0.0,0.0,0.0,0.0,0.0,0.0,0.0,0.0,0.0,0.0,0.0,0.0,0.0,0.0,0.0,0.0,0.0,0.0,0.0,0.0,0.0,0.0,0.0,0.0,0.0,0.0,0.0,0.0,0.0,0.0,0.0,0.0,0.0,0.0,0.0,0.0,0.0,0.0,0.0,0.0,0.5317169427871704,0.6643833518028259,7.702827815592173e-07,0.5347319841384888,0.6672835946083069,-0.07411900162696838,0.5605776309967041,0.6504677534103394,-0.10397113859653473,0.5988922715187073,0.641566276550293,-0.11825086921453476,0.6348363161087036,0.6288266777992249,-0.12903358042240143,0.5471585392951965,0.541836142539978,-0.08256135880947113,0.590666651725769,0.49962738156318665,-0.11205246299505234,0.6216319799423218,0.47397780418395996,-0.1308615356683731,0.6468323469161987,0.4512708783149719,-0.1410568505525589,0.5685138702392578,0.5381928086280823,-0.052968163043260574,0.6122696995735168,0.4948772192001343,-0.08212721347808838,0.6481189131736755,0.47047969698905945,-0.0973418653011322,0.6755338907241821,0.44567158818244934,-0.10425544530153275,0.5861918330192566,0.5434104800224304,-0.028569834306836128,0.6227907538414001,0.536828875541687,-0.0684327781200409,0.6263625621795654,0.5849233269691467,-0.08269140869379044,0.6241238713264465,0.6141024827957153,-0.08178044855594635,0.598426103591919,0.5520082116127014,-0.008671712130308151,0.6236991286277771,0.5544813871383667,-0.04342624545097351,0.6275507211685181,0.5889520049095154,-0.05605064332485199,0.6248618364334106,0.6145572662353516,-0.05745396763086319,Д
0.0,0.0,0.0,0.0,0.0,0.0,0.0,0.0,0.0,0.0,0.0,0.0,0.0,0.0,0.0,0.0,0.0,0.0,0.0,0.0,0.0,0.0,0.0,0.0,0.0,0.0,0.0,0.0,0.0,0.0,0.0,0.0,0.0,0.0,0.0,0.0,0.0,0.0,0.0,0.0,0.0,0.0,0.0,0.0,0.0,0.0,0.0,0.0,0.0,0.0,0.0,0.0,0.0,0.0,0.0,0.0,0.0,0.0,0.0,0.0,0.0,0.0,0.0,0.531740665435791,0.6677966713905334,7.543055744463345e-07,0.5340380668640137,0.6696540713310242,-0.06936747580766678,0.5574965476989746,0.6539812088012695,-0.09868033975362778,0.5965211391448975,0.6426222324371338,-0.11399674415588379,0.6330861449241638,0.6304918527603149,-0.12642543017864227,0.5481684803962708,0.5435853600502014,-0.07703413814306259,0.5916320085525513,0.500353991985321,-0.10406094789505005,0.6223475337028503,0.4757629334926605,-0.12098955363035202,0.6484302282333374,0.4531811475753784,-0.13021305203437805,0.5722801089286804,0.5382480025291443,-0.04996122792363167,0.615668773651123,0.4969285726547241,-0.07605311274528503,0.6508396863937378,0.4712047874927521,-0.08999363332986832,0.6785351634025574,0.4460207223892212,-0.09667345136404037,0.5905109643936157,0.5438061952590942,-0.02765812911093235,0.6238109469413757,0.5403326153755188,-0.06495725363492966,0.6276164054870605,0.5843917727470398,-0.07965270429849625,0.6258201003074646,0.6147444248199463,-0.07978886365890503,0.602136492729187,0.5553655028343201,-0.009483144618570805,0.6246129274368286,0.5607115030288696,-0.04242632910609245,0.6284011006355286,0.5949699878692627,-0.054675810039043427,0.6262617111206055,0.6230994462966919,-0.05608692765235901,Д
0.0,0.0,0.0,0.0,0.0,0.0,0.0,0.0,0.0,0.0,0.0,0.0,0.0,0.0,0.0,0.0,0.0,0.0,0.0,0.0,0.0,0.0,0.0,0.0,0.0,0.0,0.0,0.0,0.0,0.0,0.0,0.0,0.0,0.0,0.0,0.0,0.0,0.0,0.0,0.0,0.0,0.0,0.0,0.0,0.0,0.0,0.0,0.0,0.0,0.0,0.0,0.0,0.0,0.0,0.0,0.0,0.0,0.0,0.0,0.0,0.0,0.0,0.0,0.5313118100166321,0.6688987016677856,6.842314519417414e-07,0.534113347530365,0.6694984436035156,-0.0613899901509285,0.5578417778015137,0.6536056995391846,-0.08654751628637314,0.597595751285553,0.642071545124054,-0.09958195686340332,0.6336679458618164,0.6303229928016663,-0.10948056727647781,0.547892689704895,0.5437877774238586,-0.06522241979837418,0.5903317928314209,0.5007991194725037,-0.0901339054107666,0.6203358173370361,0.47608882188796997,-0.10545181483030319,0.6452261209487915,0.45364853739738464,-0.11370080709457397,0.5720468163490295,0.5381810665130615,-0.042015768587589264,0.6135870814323425,0.49803054332733154,-0.06631694734096527,0.647369384765625,0.47258952260017395,-0.07884868234395981,0.6743326187133789,0.44706425070762634,-0.08445806056261063,0.5901733636856079,0.5445584654808044,-0.023465095087885857,0.6226158738136292,0.5420482754707336,-0.05880100280046463,0.625388503074646,0.5855750441551208,-0.07142406702041626,0.6228895783424377,0.6147469282150269,-0.070127472281456,0.6014927625656128,0.5582290887832642,-0.00860078725963831,0.6240651607513428,0.5632593631744385,-0.0395267978310585,0.6275437474250793,0.5955166220664978,-0.05018618330359459,0.6250337362289429,0.6211055517196655,-0.050457898527383804,Д
0.0,0.0,0.0,0.0,0.0,0.0,0.0,0.0,0.0,0.0,0.0,0.0,0.0,0.0,0.0,0.0,0.0,0.0,0.0,0.0,0.0,0.0,0.0,0.0,0.0,0.0,0.0,0.0,0.0,0.0,0.0,0.0,0.0,0.0,0.0,0.0,0.0,0.0,0.0,0.0,0.0,0.0,0.0,0.0,0.0,0.0,0.0,0.0,0.0,0.0,0.0,0.0,0.0,0.0,0.0,0.0,0.0,0.0,0.0,0.0,0.0,0.0,0.0,0.5318189263343811,0.6689297556877136,7.159658252930967e-07,0.5352939963340759,0.6702587008476257,-0.06538931280374527,0.5591829419136047,0.6543646454811096,-0.09219739586114883,0.5974556803703308,0.6419010162353516,-0.10582287609577179,0.6326517462730408,0.6297023296356201,-0.1162317767739296,0.5470985174179077,0.544162929058075,-0.07055223733186722,0.5898568034172058,0.5015433430671692,-0.09631440043449402,0.6202239394187927,0.47688716650009155,-0.11238781362771988,0.6453830599784851,0.4545018672943115,-0.12107095867395401,0.5708977580070496,0.5393317937850952,-0.045208174735307693,0.6138746738433838,0.4985033869743347,-0.07030998915433884,0.6487531065940857,0.47310590744018555,-0.08333129435777664,0.6761766076087952,0.4478215277194977,-0.08931268006563187,0.5892640948295593,0.5455247163772583,-0.024629415944218636,0.6225375533103943,0.541772186756134,-0.06052180379629135,0.6254700422286987,0.5849273204803467,-0.07359975576400757,0.6228377223014832,0.6137231588363647,-0.07268839329481125,0.6011605262756348,0.5580870509147644,-0.008031489327549934,0.6242817640304565,0.5614238381385803,-0.03938724100589752,0.6282670497894287,0.5938882827758789,-0.05043094977736473,0.6259804368019104,0.6202549934387207,-0.051089562475681305,Д
0.0,0.0,0.0,0.0,0.0,0.0,0.0,0.0,0.0,0.0,0.0,0.0,0.0,0.0,0.0,0.0,0.0,0.0,0.0,0.0,0.0,0.0,0.0,0.0,0.0,0.0,0.0,0.0,0.0,0.0,0.0,0.0,0.0,0.0,0.0,0.0,0.0,0.0,0.0,0.0,0.0,0.0,0.0,0.0,0.0,0.0,0.0,0.0,0.0,0.0,0.0,0.0,0.0,0.0,0.0,0.0,0.0,0.0,0.0,0.0,0.0,0.0,0.0,0.5324413180351257,0.6661913990974426,6.436567900891532e-07,0.5351488590240479,0.6686286330223083,-0.05820710211992264,0.5588644742965698,0.653576135635376,-0.08219361305236816,0.5983791947364807,0.6423670053482056,-0.09495478868484497,0.633510947227478,0.6310744285583496,-0.10479763150215149,0.5484117269515991,0.5451979041099548,-0.06093087047338486,0.5899263024330139,0.5026723146438599,-0.08512663841247559,0.6193922758102417,0.4779601991176605,-0.1001010462641716,0.643797755241394,0.4556379020214081,-0.10843022167682648,0.5723114013671875,0.5383398532867432,-0.03977300599217415,0.6115408539772034,0.4987229108810425,-0.06403356045484543,0.6452504992485046,0.47465571761131287,-0.07742674648761749,0.6724252700805664,0.45001673698425293,-0.08398076891899109,0.5903271436691284,0.5439090728759766,-0.02308737114071846,0.6228322982788086,0.5387061238288879,-0.0588124543428421,0.6289533972740173,0.580344557762146,-0.0728086531162262,0.6289690136909485,0.609122633934021,-0.07292786240577698,0.6016116142272949,0.5577847957611084,-0.00973749440163374,0.6240279078483582,0.5615834593772888,-0.042041342705488205,0.6288629770278931,0.5942068099975586,-0.05391319468617439,0.6276331543922424,0.6214129328727722,-0.05520928278565407,Д
0.0,0.0,0.0,0.0,0.0,0.0,0.0,0.0,0.0,0.0,0.0,0.0,0.0,0.0,0.0,0.0,0.0,0.0,0.0,0.0,0.0,0.0,0.0,0.0,0.0,0.0,0.0,0.0,0.0,0.0,0.0,0.0,0.0,0.0,0.0,0.0,0.0,0.0,0.0,0.0,0.0,0.0,0.0,0.0,0.0,0.0,0.0,0.0,0.0,0.0,0.0,0.0,0.0,0.0,0.0,0.0,0.0,0.0,0.0,0.0,0.0,0.0,0.0,0.5315795540809631,0.666793942451477,6.829397420915484e-07,0.5336644649505615,0.6684766411781311,-0.06142321974039078,0.5573087334632874,0.6532098054885864,-0.08641927689313889,0.5974078178405762,0.6431571245193481,-0.09930668771266937,0.6330998539924622,0.6315733194351196,-0.1093396469950676,0.5483254790306091,0.5446608066558838,-0.06610463559627533,0.5913795232772827,0.5020276308059692,-0.09112690389156342,0.6212706565856934,0.47764280438423157,-0.10643671452999115,0.6463426351547241,0.45556843280792236,-0.11477942019701004,0.5730872750282288,0.5389793515205383,-0.04307215288281441,0.6157172918319702,0.49843713641166687,-0.06778454780578613,0.6499128937721252,0.47327524423599243,-0.08137910068035126,0.6772435307502747,0.44895803928375244,-0.08789793401956558,0.5911283493041992,0.5450983643531799,-0.024532219395041466,0.6245436668395996,0.5400596857070923,-0.06079127639532089,0.6293106079101562,0.5832134485244751,-0.07530879229307175,0.62835294008255,0.6142960786819458,-0.07538511604070663,0.6019229888916016,0.5586040019989014,-0.00951332040131092,0.6252910494804382,0.5626943111419678,-0.04224652051925659,0.630038321018219,0.5951418876647949,-0.054640013724565506,0.628150463104248,0.6229245662689209,-0.056087423115968704,Д
0.0,0.0,0.0,0.0,0.0,0.0,0.0,0.0,0.0,0.0,0.0,0.0,0.0,0.0,0.0,0.0,0.0,0.0,0.0,0.0,0.0,0.0,0.0,0.0,0.0,0.0,0.0,0.0,0.0,0.0,0.0,0.0,0.0,0.0,0.0,0.0,0.0,0.0,0.0,0.0,0.0,0.0,0.0,0.0,0.0,0.0,0.0,0.0,0.0,0.0,0.0,0.0,0.0,0.0,0.0,0.0,0.0,0.0,0.0,0.0,0.0,0.0,0.0,0.5305942893028259,0.6669617295265198,6.935605370017583e-07,0.5338414311408997,0.6678151488304138,-0.06350953876972198,0.558738112449646,0.6520398855209351,-0.08852522075176239,0.598775327205658,0.642158567905426,-0.100480817258358,0.6347180604934692,0.6313719153404236,-0.10932411998510361,0.5496593713760376,0.5438121557235718,-0.06804210692644119,0.5914105176925659,0.5011521577835083,-0.09250140190124512,0.621559202671051,0.47679781913757324,-0.10736323148012161,0.6464869976043701,0.4548022747039795,-0.11533786356449127,0.5732071399688721,0.5386409163475037,-0.042996831238269806,0.6165866851806641,0.49818864464759827,-0.06674930453300476,0.6518729329109192,0.47304004430770874,-0.0792187824845314,0.6793654561042786,0.4480865001678467,-0.0850009098649025,0.5900259613990784,0.5447955131530762,-0.022613156586885452,0.6237292289733887,0.5394545793533325,-0.05783164128661156,0.6287340521812439,0.5819950103759766,-0.07199439406394958,0.6274238228797913,0.6114902496337891,-0.07197873294353485,0.5999721884727478,0.5578041672706604,-0.005927706137299538,0.6236873865127563,0.5615918636322021,-0.03816836699843407,0.6287921667098999,0.5937153100967407,-0.05095202475786209,0.6267507672309875,0.6203341484069824,-0.052794553339481354,Д
0.0,0.0,0.0,0.0,0.0,0.0,0.0,0.0,0.0,0.0,0.0,0.0,0.0,0.0,0.0,0.0,0.0,0.0,0.0,0.0,0.0,0.0,0.0,0.0,0.0,0.0,0.0,0.0,0.0,0.0,0.0,0.0,0.0,0.0,0.0,0.0,0.0,0.0,0.0,0.0,0.0,0.0,0.0,0.0,0.0,0.0,0.0,0.0,0.0,0.0,0.0,0.0,0.0,0.0,0.0,0.0,0.0,0.0,0.0,0.0,0.0,0.0,0.0,0.5307478904724121,0.6699503064155579,6.751289447493036e-07,0.5333300828933716,0.6694785356521606,-0.06093933805823326,0.5584151148796082,0.6532966494560242,-0.08493078500032425,0.5991204977035522,0.6429617404937744,-0.09686014801263809,0.6350070834159851,0.632523238658905,-0.10604463517665863,0.5506210327148438,0.5433359742164612,-0.06280600279569626,0.5933864712715149,0.5008000135421753,-0.08603512495756149,0.6236801147460938,0.47651582956314087,-0.10060208290815353,0.648856520652771,0.4551112949848175,-0.10851699858903885,0.5742855668067932,0.5387256741523743,-0.03932875022292137,0.6169863939285278,0.4985831677913666,-0.062171611934900284,0.6521437168121338,0.47346246242523193,-0.0756118968129158,0.6799092888832092,0.4495643973350525,-0.08225179463624954,0.5911658406257629,0.5457685589790344,-0.020368380472064018,0.6235837340354919,0.5391824841499329,-0.05462389066815376,0.6299024820327759,0.5775613188743591,-0.0703783854842186,0.6298629641532898,0.6060272455215454,-0.07197670638561249,0.6006258726119995,0.5599198341369629,-0.004890461452305317,0.6233807802200317,0.5632640719413757,-0.0361923985183239,0.6292432546615601,0.5952784419059753,-0.0491611622273922,0.6279911398887634,0.6236839294433594,-0.051451537758111954,Д
0.0,0.0,0.0,0.0,0.0,0.0,0.0,0.0,0.0,0.0,0.0,0.0,0.0,0.0,0.0,0.0,0.0,0.0,0.0,0.0,0.0,0.0,0.0,0.0,0.0,0.0,0.0,0.0,0.0,0.0,0.0,0.0,0.0,0.0,0.0,0.0,0.0,0.0,0.0,0.0,0.0,0.0,0.0,0.0,0.0,0.0,0.0,0.0,0.0,0.0,0.0,0.0,0.0,0.0,0.0,0.0,0.0,0.0,0.0,0.0,0.0,0.0,0.0,0.5300034284591675,0.6703261137008667,6.48612171971763e-07,0.5339528322219849,0.667932391166687,-0.056031234562397,0.5590605735778809,0.6518362164497375,-0.07797928154468536,0.6003631949424744,0.6406024694442749,-0.089168019592762,0.6363677978515625,0.6314574480056763,-0.09718821942806244,0.550969660282135,0.5436853766441345,-0.05388448387384415,0.5924311280250549,0.5021023154258728,-0.07485008984804153,0.622115433216095,0.4779144823551178,-0.08802355825901031,0.6468772292137146,0.45655357837677,-0.09535589814186096,0.5733548998832703,0.5386043787002563,-0.03295210748910904,0.6151834726333618,0.49910297989845276,-0.0542379654943943,0.6501448750495911,0.47446709871292114,-0.0665396898984909,0.6781913042068481,0.4510393738746643,-0.07249603420495987,0.5895068645477295,0.5459446907043457,-0.016603756695985794,0.6239469051361084,0.537743091583252,-0.04939112812280655,0.6311318874359131,0.5760994553565979,-0.06392477452754974,0.6317253112792969,0.60454261302948,-0.06476781517267227,0.5990448594093323,0.5611132383346558,-0.0035073733888566494,0.6238091588020325,0.5626360774040222,-0.033120814710855484,0.6305660009384155,0.5918936133384705,-0.0453677698969841,0.6302821040153503,0.6173076033592224,-0.04735802486538887,Д
0.0,0.0,0.0,0.0,0.0,0.0,0.0,0.0,0.0,0.0,0.0,0.0,0.0,0.0,0.0,0.0,0.0,0.0,0.0,0.0,0.0,0.0,0.0,0.0,0.0,0.0,0.0,0.0,0.0,0.0,0.0,0.0,0.0,0.0,0.0,0.0,0.0,0.0,0.0,0.0,0.0,0.0,0.0,0.0,0.0,0.0,0.0,0.0,0.0,0.0,0.0,0.0,0.0,0.0,0.0,0.0,0.0,0.0,0.0,0.0,0.0,0.0,0.0,0.5290242433547974,0.6693331599235535,6.926112519067829e-07,0.5339643359184265,0.6687527894973755,-0.061922911554574966,0.5598443150520325,0.6520740985870361,-0.08636632561683655,0.5997999310493469,0.6406470537185669,-0.09848905354738235,0.636197030544281,0.6307880282402039,-0.10759992152452469,0.5518516898155212,0.5431454181671143,-0.06117501109838486,0.593273937702179,0.5020955801010132,-0.08266644924879074,0.6235400438308716,0.4779309630393982,-0.09674084186553955,0.6489081382751465,0.45650947093963623,-0.10479235649108887,0.5729979276657104,0.5393792390823364,-0.03680502623319626,0.6155428290367126,0.49904507398605347,-0.058310315012931824,0.6518006920814514,0.47392791509628296,-0.07147973030805588,0.680753767490387,0.44984084367752075,-0.07840884476900101,0.5885904431343079,0.5467226505279541,-0.017078233882784843,0.622805655002594,0.5333080291748047,-0.04922326281666756,0.6315287947654724,0.566252589225769,-0.06479360908269882,0.6340262293815613,0.590192973613739,-0.06732017546892166,0.598178505897522,0.5601063966751099,-0.0010712167713791132,0.6225871443748474,0.5597221851348877,-0.030665652826428413,0.6296541094779968,0.589370608329773,-0.04360833391547203,0.6300945281982422,0.6154722571372986,-0.0466630682349205,Д
0.0,0.0,0.0,0.0,0.0,0.0,0.0,0.0,0.0,0.0,0.0,0.0,0.0,0.0,0.0,0.0,0.0,0.0,0.0,0.0,0.0,0.0,0.0,0.0,0.0,0.0,0.0,0.0,0.0,0.0,0.0,0.0,0.0,0.0,0.0,0.0,0.0,0.0,0.0,0.0,0.0,0.0,0.0,0.0,0.0,0.0,0.0,0.0,0.0,0.0,0.0,0.0,0.0,0.0,0.0,0.0,0.0,0.0,0.0,0.0,0.0,0.0,0.0,0.5258969068527222,0.6747989654541016,6.237024194888363e-07,0.5314051508903503,0.6694819927215576,-0.054046571254730225,0.5593485236167908,0.6511125564575195,-0.07402598857879639,0.6026914119720459,0.6389573216438293,-0.08362803608179092,0.6390863656997681,0.6315498352050781,-0.09004998952150345,0.552934467792511,0.5427513122558594,-0.04831155017018318,0.5946924686431885,0.502783477306366,-0.06795670092105865,0.6249563097953796,0.47947829961776733,-0.08097869902849197,0.6498994827270508,0.45867159962654114,-0.08846548944711685,0.5739736557006836,0.5397093296051025,-0.028128402307629585,0.6160086393356323,0.5000669956207275,-0.048096250742673874,0.6521472930908203,0.47548016905784607,-0.06015760079026222,0.681145966053009,0.45145338773727417,-0.06622160226106644,0.5888184905052185,0.5486796498298645,-0.012698153965175152,0.6247844696044922,0.5372887253761292,-0.04398559033870697,0.6328148245811462,0.5728696584701538,-0.05838616192340851,0.6334778070449829,0.5982087850570679,-0.05971629172563553,0.5973540544509888,0.5655002593994141,-0.0005475892103277147,0.6238758563995361,0.5655023455619812,-0.029253853484988213,0.631271481513977,0.5939205884933472,-0.04153043404221535,0.6305222511291504,0.6178746223449707,-0.04392346739768982,Д
0.0,0.0,0.0,0.0,0.0,0.0,0.0,0.0,0.0,0.0,0.0,0.0,0.0,0.0,0.0,0.0,0.0,0.0,0.0,0.0,0.0,0.0,0.0,0.0,0.0,0.0,0.0,0.0,0.0,0.0,0.0,0.0,0.0,0.0,0.0,0.0,0.0,0.0,0.0,0.0,0.0,0.0,0.0,0.0,0.0,0.0,0.0,0.0,0.0,0.0,0.0,0.0,0.0,0.0,0.0,0.0,0.0,0.0,0.0,0.0,0.0,0.0,0.0,0.5288836359977722,0.6714716553688049,6.718901204294525e-07,0.5335166454315186,0.6693044900894165,-0.05916745960712433,0.5590772032737732,0.6526399850845337,-0.08282038569450378,0.600830078125,0.6405037641525269,-0.09484615176916122,0.6376132965087891,0.6308817863464355,-0.10365080088376999,0.5521625280380249,0.5438486337661743,-0.059064604341983795,0.5946723818778992,0.5018442869186401,-0.0806938111782074,0.6253358721733093,0.4785064160823822,-0.09423821419477463,0.6509063839912415,0.4572228491306305,-0.10180369764566422,0.5745583772659302,0.538846492767334,-0.036064524203538895,0.6177839040756226,0.4991004765033722,-0.05766966938972473,0.6541091203689575,0.4745616912841797,-0.06970514357089996,0.6822043657302856,0.4505177438259125,-0.07558732479810715,0.5906088948249817,0.5459038019180298,-0.01770269311964512,0.6250247955322266,0.5384524464607239,-0.05069237947463989,0.630839467048645,0.5800483822822571,-0.0645369291305542,0.629219114780426,0.6101710796356201,-0.06484312564134598,0.6000662446022034,0.5599838495254517,-0.002860564272850752,0.6253702044487,0.5625973343849182,-0.03283393383026123,0.6319980621337891,0.59324049949646,-0.04535108059644699,0.6304378509521484,0.6188363432884216,-0.04748056083917618,Д
0.0,0.0,0.0,0.0,0.0,0.0,0.0,0.0,0.0,0.0,0.0,0.0,0.0,0.0,0.0,0.0,0.0,0.0,0.0,0.0,0.0,0.0,0.0,0.0,0.0,0.0,0.0,0.0,0.0,0.0,0.0,0.0,0.0,0.0,0.0,0.0,0.0,0.0,0.0,0.0,0.0,0.0,0.0,0.0,0.0,0.0,0.0,0.0,0.0,0.0,0.0,0.0,0.0,0.0,0.0,0.0,0.0,0.0,0.0,0.0,0.0,0.0,0.0,0.529071033000946,0.6710817813873291,7.0383595129897e-07,0.5334799289703369,0.6681960821151733,-0.06284759193658829,0.5601891875267029,0.6503475308418274,-0.08675654232501984,0.6016135215759277,0.6398751139640808,-0.09780199825763702,0.6386888027191162,0.6307668089866638,-0.10559685528278351,0.5525429844856262,0.5432679653167725,-0.06389589607715607,0.5950754880905151,0.5005121827125549,-0.0868610218167305,0.6260804533958435,0.4761597216129303,-0.10136306285858154,0.6523711681365967,0.4551166296005249,-0.10922765731811523,0.5743124485015869,0.5402868986129761,-0.03830843046307564,0.618634045124054,0.4997144937515259,-0.06055876985192299,0.6552833318710327,0.4742251932621002,-0.07292782515287399,0.6838127374649048,0.45060020685195923,-0.07887393981218338,0.5897431969642639,0.5475625991821289,-0.017544947564601898,0.6248255968093872,0.5397371649742126,-0.05063479021191597,0.6300944685935974,0.580836832523346,-0.06462384760379791,0.628354012966156,0.6109128594398499,-0.06484124064445496,0.5989048480987549,0.5607520341873169,-0.0006174149457365274,0.6241474747657776,0.5629953742027283,-0.03090592473745346,0.6303472518920898,0.5932973027229309,-0.04379768297076225,0.6282159686088562,0.6188845634460449,-0.046043459326028824,Д
0.0,0.0,0.0,0.0,0.0,0.0,0.0,0.0,0.0,0.0,0.0,0.0,0.0,0.0,0.0,0.0,0.0,0.0,0.0,0.0,0.0,0.0,0.0,0.0,0.0,0.0,0.0,0.0,0.0,0.0,0.0,0.0,0.0,0.0,0.0,0.0,0.0,0.0,0.0,0.0,0.0,0.0,0.0,0.0,0.0,0.0,0.0,0.0,0.0,0.0,0.0,0.0,0.0,0.0,0.0,0.0,0.0,0.0,0.0,0.0,0.0,0.0,0.0,0.5277474522590637,0.6704213619232178,6.732925044161675e-07,0.5325503945350647,0.666411817073822,-0.05956581234931946,0.5598863959312439,0.6492257118225098,-0.08160500973463058,0.601749837398529,0.6379173398017883,-0.09139535576105118,0.6379411220550537,0.6293003559112549,-0.09780348092317581,0.5528250932693481,0.5424962043762207,-0.0586661696434021,0.5939539670944214,0.5000800490379333,-0.08060387521982193,0.6248722672462463,0.4764169454574585,-0.09459775686264038,0.6508362293243408,0.455718457698822,-0.10216657817363739,0.5747935175895691,0.5394548773765564,-0.03466847538948059,0.6181460022926331,0.4990271329879761,-0.05608459562063217,0.6550036072731018,0.4737918972969055,-0.0680839940905571,0.6834301352500916,0.4495013952255249,-0.07378266006708145,0.5899978280067444,0.5473069548606873,-0.015493896789848804,0.6250905394554138,0.5400829315185547,-0.04816700145602226,0.6311371922492981,0.5805376172065735,-0.062394123524427414,0.62952721118927,0.6093268394470215,-0.06278879940509796,0.5986672639846802,0.561802089214325,0.00010022468632087111,0.6245076060295105,0.5642898678779602,-0.029880104586482048,0.6309820413589478,0.5936432480812073,-0.04287946596741676,0.628295361995697,0.6184089183807373,-0.04526529088616371,Д
0.0,0.0,0.0,0.0,0.0,0.0,0.0,0.0,0.0,0.0,0.0,0.0,0.0,0.0,0.0,0.0,0.0,0.0,0.0,0.0,0.0,0.0,0.0,0.0,0.0,0.0,0.0,0.0,0.0,0.0,0.0,0.0,0.0,0.0,0.0,0.0,0.0,0.0,0.0,0.0,0.0,0.0,0.0,0.0,0.0,0.0,0.0,0.0,0.0,0.0,0.0,0.0,0.0,0.0,0.0,0.0,0.0,0.0,0.0,0.0,0.0,0.0,0.0,0.5269700288772583,0.6747297048568726,6.586500944649742e-07,0.5315184593200684,0.6668052673339844,-0.05526886135339737,0.5597412586212158,0.6487219333648682,-0.07650195062160492,0.6018908023834229,0.6367687582969666,-0.08665814995765686,0.6361895799636841,0.6289205551147461,-0.09339882433414459,0.5522733330726624,0.5424149036407471,-0.053799018263816833,0.5925113558769226,0.4987163245677948,-0.07488606125116348,0.6228370070457458,0.4748048186302185,-0.08799723535776138,0.6491456031799316,0.45339834690093994,-0.09509032219648361,0.5749537944793701,0.5387593507766724,-0.0319892019033432,0.6192134022712708,0.4980695843696594,-0.0530063658952713,0.6550105810165405,0.4725736379623413,-0.06419584155082703,0.6825014352798462,0.4471815228462219,-0.06911012530326843,0.5907945036888123,0.5463157892227173,-0.01468077301979065,0.6270401477813721,0.5396332740783691,-0.046676602214574814,0.6307215690612793,0.581566333770752,-0.05908560752868652,0.6260216236114502,0.6117313504219055,-0.05786539614200592,0.6002037525177002,0.5609995722770691,-0.0007034926675260067,0.626706600189209,0.5621429681777954,-0.029748179018497467,0.6317533254623413,0.5918270945549011,-0.04139852151274681,0.6272246241569519,0.6162928938865662,-0.04248638078570366,Д
0.0,0.0,0.0,0.0,0.0,0.0,0.0,0.0,0.0,0.0,0.0,0.0,0.0,0.0,0.0,0.0,0.0,0.0,0.0,0.0,0.0,0.0,0.0,0.0,0.0,0.0,0.0,0.0,0.0,0.0,0.0,0.0,0.0,0.0,0.0,0.0,0.0,0.0,0.0,0.0,0.0,0.0,0.0,0.0,0.0,0.0,0.0,0.0,0.0,0.0,0.0,0.0,0.0,0.0,0.0,0.0,0.0,0.0,0.0,0.0,0.0,0.0,0.0,0.5259609818458557,0.6732100248336792,6.937368084436457e-07,0.5315107107162476,0.666904866695404,-0.05646660923957825,0.5596041083335876,0.6493907570838928,-0.08020398765802383,0.6022880673408508,0.6364517211914062,-0.0927923321723938,0.6376960277557373,0.6263458132743835,-0.10210929811000824,0.5507899522781372,0.5434675216674805,-0.05910250172019005,0.5918288826942444,0.49842143058776855,-0.08127480745315552,0.6229956746101379,0.4742138087749481,-0.09458835422992706,0.6494128108024597,0.45284929871559143,-0.10173770040273666,0.5733125805854797,0.5387479066848755,-0.03676902502775192,0.6187921762466431,0.4974035918712616,-0.05904790386557579,0.6560292840003967,0.47140106558799744,-0.07022365182638168,0.6836872696876526,0.4456349015235901,-0.07515332102775574,0.5891314744949341,0.5453131198883057,-0.01861468516290188,0.6254684925079346,0.5382297039031982,-0.050880175083875656,0.6298183798789978,0.580234944820404,-0.062294892966747284,0.6251567602157593,0.6108236908912659,-0.060639094561338425,0.5988814830780029,0.5584714412689209,-0.003864829195663333,0.6257128119468689,0.5610995888710022,-0.03283209726214409,0.6303072571754456,0.5912832021713257,-0.043950244784355164,0.625596284866333,0.6159524917602539,-0.044739458709955215,Д
0.0,0.0,0.0,0.0,0.0,0.0,0.0,0.0,0.0,0.0,0.0,0.0,0.0,0.0,0.0,0.0,0.0,0.0,0.0,0.0,0.0,0.0,0.0,0.0,0.0,0.0,0.0,0.0,0.0,0.0,0.0,0.0,0.0,0.0,0.0,0.0,0.0,0.0,0.0,0.0,0.0,0.0,0.0,0.0,0.0,0.0,0.0,0.0,0.0,0.0,0.0,0.0,0.0,0.0,0.0,0.0,0.0,0.0,0.0,0.0,0.0,0.0,0.0,0.5234249234199524,0.670621931552887,6.60471187075018e-07,0.5291525721549988,0.6668453812599182,-0.05782199278473854,0.5582154393196106,0.6512963771820068,-0.08073074370622635,0.6012758016586304,0.6385785937309265,-0.09211708605289459,0.6371679902076721,0.6276626586914062,-0.09973408281803131,0.5516020655632019,0.5413134694099426,-0.05731501430273056,0.5919359922409058,0.4985738694667816,-0.07928169518709183,0.622477114200592,0.4752900004386902,-0.09262814372777939,0.6484395861625671,0.45473045110702515,-0.09973796457052231,0.5745240449905396,0.5382582545280457,-0.034670256078243256,0.6183167099952698,0.49810993671417236,-0.05620679631829262,0.6538717746734619,0.4720611870288849,-0.06686696410179138,0.6807332634925842,0.4458111822605133,-0.07143670320510864,0.5903570055961609,0.5463579893112183,-0.016780775040388107,0.6262218356132507,0.5424975156784058,-0.04865569621324539,0.6281309723854065,0.5848664045333862,-0.05940645933151245,0.6222811341285706,0.6128814816474915,-0.05723487213253975,0.5997435450553894,0.5611752271652222,-0.002577571664005518,0.6264444589614868,0.5651769042015076,-0.03041962720453739,0.6291886568069458,0.5948740243911743,-0.04059138894081116,0.6231759786605835,0.6169752478599548,-0.04091514274477959,Д
0.0,0.0,0.0,0.0,0.0,0.0,0.0,0.0,0.0,0.0,0.0,0.0,0.0,0.0,0.0,0.0,0.0,0.0,0.0,0.0,0.0,0.0,0.0,0.0,0.0,0.0,0.0,0.0,0.0,0.0,0.0,0.0,0.0,0.0,0.0,0.0,0.0,0.0,0.0,0.0,0.0,0.0,0.0,0.0,0.0,0.0,0.0,0.0,0.0,0.0,0.0,0.0,0.0,0.0,0.0,0.0,0.0,0.0,0.0,0.0,0.0,0.0,0.0,0.5229321718215942,0.669177234172821,6.740257845194719e-07,0.5294874906539917,0.6660469174385071,-0.05904132127761841,0.5571043491363525,0.6511054635047913,-0.0830208957195282,0.5996681451797485,0.6379954218864441,-0.09544169902801514,0.6364127993583679,0.6270946264266968,-0.10436970740556717,0.5523098707199097,0.5406366586685181,-0.0585499182343483,0.5924668312072754,0.49781882762908936,-0.08095400035381317,0.6230164170265198,0.474245548248291,-0.09529529511928558,0.6493921279907227,0.4532260000705719,-0.10320689529180527,0.5749027729034424,0.5376856327056885,-0.035132817924022675,0.6188368201255798,0.49747663736343384,-0.05628401041030884,0.6552793383598328,0.47078174352645874,-0.06771238893270493,0.6828377842903137,0.4451744854450226,-0.07327065616846085,0.5902789235115051,0.5462350845336914,-0.016481250524520874,0.6249470114707947,0.5401076078414917,-0.04756795987486839,0.629531979560852,0.5807398557662964,-0.05970357358455658,0.6254299879074097,0.6112000346183777,-0.05898796021938324,0.5988739132881165,0.5617923140525818,-0.0016146550187841058,0.6248690485954285,0.5640724301338196,-0.029163893312215805,0.6303683519363403,0.5932741761207581,-0.04029705375432968,0.6266986727714539,0.6181655526161194,-0.041557081043720245,Д
0.0,0.0,0.0,0.0,0.0,0.0,0.0,0.0,0.0,0.0,0.0,0.0,0.0,0.0,0.0,0.0,0.0,0.0,0.0,0.0,0.0,0.0,0.0,0.0,0.0,0.0,0.0,0.0,0.0,0.0,0.0,0.0,0.0,0.0,0.0,0.0,0.0,0.0,0.0,0.0,0.0,0.0,0.0,0.0,0.0,0.0,0.0,0.0,0.0,0.0,0.0,0.0,0.0,0.0,0.0,0.0,0.0,0.0,0.0,0.0,0.0,0.0,0.0,0.5236055254936218,0.6668009757995605,6.552517675117997e-07,0.5308977961540222,0.6637629270553589,-0.05927954986691475,0.5588635802268982,0.6489843726158142,-0.08235547691583633,0.6005142331123352,0.6372027397155762,-0.09322590380907059,0.6365621089935303,0.6276689767837524,-0.10058359056711197,0.552222490310669,0.5410880446434021,-0.060348428785800934,0.5923476219177246,0.4984855353832245,-0.08253858983516693,0.6225498914718628,0.474653959274292,-0.0965033620595932,0.6486310958862305,0.45322471857070923,-0.10415554791688919,0.5744789838790894,0.5375195741653442,-0.03617658093571663,0.6182119846343994,0.49630144238471985,-0.05656687915325165,0.6540666222572327,0.4699856638908386,-0.06733716279268265,0.6813746690750122,0.4447929263114929,-0.07257932424545288,0.5897777676582336,0.5453008413314819,-0.016661085188388824,0.6247623562812805,0.5393299460411072,-0.0472511351108551,0.6298211812973022,0.5798285007476807,-0.05993352457880974,0.6261994242668152,0.6103212833404541,-0.05975760146975517,0.5983898639678955,0.560093879699707,-0.0008851639577187598,0.6245787739753723,0.5628185272216797,-0.028787745162844658,0.6302139163017273,0.5919398069381714,-0.04090559110045433,0.6265972852706909,0.617136538028717,-0.04299178719520569,Д
0.0,0.0,0.0,0.0,0.0,0.0,0.0,0.0,0.0,0.0,0.0,0.0,0.0,0.0,0.0,0.0,0.0,0.0,0.0,0.0,0.0,0.0,0.0,0.0,0.0,0.0,0.0,0.0,0.0,0.0,0.0,0.0,0.0,0.0,0.0,0.0,0.0,0.0,0.0,0.0,0.0,0.0,0.0,0.0,0.0,0.0,0.0,0.0,0.0,0.0,0.0,0.0,0.0,0.0,0.0,0.0,0.0,0.0,0.0,0.0,0.0,0.0,0.0,0.5242825746536255,0.6675459742546082,6.676831389995641e-07,0.5304718613624573,0.6629186272621155,-0.058694519102573395,0.5578920245170593,0.647903323173523,-0.0819677859544754,0.5998898148536682,0.6353082060813904,-0.09336179494857788,0.6358751654624939,0.6264238953590393,-0.10131117701530457,0.5511432886123657,0.5396639704704285,-0.059548068791627884,0.5916775465011597,0.49709904193878174,-0.0819774940609932,0.6218892335891724,0.472864031791687,-0.09638604521751404,0.6481606960296631,0.4509400725364685,-0.10439389944076538,0.5739839673042297,0.5365248322486877,-0.036061711609363556,0.6177293062210083,0.49497488141059875,-0.05682062357664108,0.6529942750930786,0.46803924441337585,-0.06775972992181778,0.6799119114875793,0.4420604109764099,-0.07303125411272049,0.5897821187973022,0.5447973012924194,-0.017227869480848312,0.6248029470443726,0.538709819316864,-0.04836563766002655,0.629388689994812,0.5792283415794373,-0.06079196184873581,0.6253156065940857,0.6100428104400635,-0.060237377882003784,0.5986397862434387,0.559567928314209,-0.0020951074548065662,0.6248457431793213,0.5613015294075012,-0.030388427898287773,0.6298478841781616,0.5901817083358765,-0.04211888834834099,0.6256569027900696,0.6152622103691101,-0.04377774894237518,Д
0.0,0.0,0.0,0.0,0.0,0.0,0.0,0.0,0.0,0.0,0.0,0.0,0.0,0.0,0.0,0.0,0.0,0.0,0.0,0.0,0.0,0.0,0.0,0.0,0.0,0.0,0.0,0.0,0.0,0.0,0.0,0.0,0.0,0.0,0.0,0.0,0.0,0.0,0.0,0.0,0.0,0.0,0.0,0.0,0.0,0.0,0.0,0.0,0.0,0.0,0.0,0.0,0.0,0.0,0.0,0.0,0.0,0.0,0.0,0.0,0.0,0.0,0.0,0.5235471725463867,0.6675759553909302,6.952960234229977e-07,0.5304880142211914,0.6645272374153137,-0.06288336962461472,0.5577951669692993,0.6494088768959045,-0.08771457523107529,0.5987645387649536,0.6381173133850098,-0.09976433962583542,0.6356374621391296,0.6294307112693787,-0.10834964364767075,0.5513195991516113,0.5398676991462708,-0.06334236264228821,0.5923711657524109,0.49638843536376953,-0.08564276248216629,0.6230044364929199,0.47210693359375,-0.09982171654701233,0.6494219303131104,0.4505002796649933,-0.10757492482662201,0.5728234648704529,0.5365437269210815,-0.03748714551329613,0.6174798011779785,0.49445557594299316,-0.05801740661263466,0.6536558270454407,0.46748360991477966,-0.06916564702987671,0.6810046434402466,0.4425472319126129,-0.07460122555494308,0.587932288646698,0.5441600680351257,-0.016550356522202492,0.6232377290725708,0.5356830358505249,-0.04771518334746361,0.6288585662841797,0.5769249200820923,-0.06122468039393425,0.6260538101196289,0.6086974143981934,-0.061418041586875916,0.5968465209007263,0.5580400228500366,0.000425217003794387,0.6225801110267639,0.5582924485206604,-0.02786341868340969,0.6291759610176086,0.5884835720062256,-0.04035349190235138,0.6266756057739258,0.6149412989616394,-0.042667414993047714,Д
0.0,0.0,0.0,0.0,0.0,0.0,0.0,0.0,0.0,0.0,0.0,0.0,0.0,0.0,0.0,0.0,0.0,0.0,0.0,0.0,0.0,0.0,0.0,0.0,0.0,0.0,0.0,0.0,0.0,0.0,0.0,0.0,0.0,0.0,0.0,0.0,0.0,0.0,0.0,0.0,0.0,0.0,0.0,0.0,0.0,0.0,0.0,0.0,0.0,0.0,0.0,0.0,0.0,0.0,0.0,0.0,0.0,0.0,0.0,0.0,0.0,0.0,0.0,0.5267107486724854,0.6688747406005859,7.16880094842054e-07,0.5324249863624573,0.6661237478256226,-0.0674305185675621,0.559342086315155,0.6505389213562012,-0.09479653090238571,0.5997021198272705,0.6400055289268494,-0.10833199322223663,0.6368011236190796,0.6299355626106262,-0.11836341768503189,0.5509980916976929,0.5410919785499573,-0.0700540691614151,0.5917630195617676,0.49833688139915466,-0.09422390908002853,0.6227557063102722,0.4740077555179596,-0.1094319224357605,0.6495345830917358,0.4520517587661743,-0.11776316165924072,0.5731730461120605,0.5373029708862305,-0.04225374385714531,0.6178455352783203,0.495555579662323,-0.06465237587690353,0.6537688970565796,0.46972495317459106,-0.07598794996738434,0.6806192994117737,0.44477787613868713,-0.08111141622066498,0.5893707871437073,0.5439338684082031,-0.01958894543349743,0.6249850988388062,0.5377432703971863,-0.05301584675908089,0.6280211210250854,0.5818827152252197,-0.06639289110898972,0.6232914924621582,0.6128596663475037,-0.06582381576299667,0.5994466543197632,0.5559938549995422,-0.0011281473562121391,0.6248573064804077,0.5585355162620544,-0.031139394268393517,0.6293308734893799,0.5908015966415405,-0.043729688972234726,0.6251503229141235,0.6162633895874023,-0.045708585530519485,Д
0.0,0.0,0.0,0.0,0.0,0.0,0.0,0.0,0.0,0.0,0.0,0.0,0.0,0.0,0.0,0.0,0.0,0.0,0.0,0.0,0.0,0.0,0.0,0.0,0.0,0.0,0.0,0.0,0.0,0.0,0.0,0.0,0.0,0.0,0.0,0.0,0.0,0.0,0.0,0.0,0.0,0.0,0.0,0.0,0.0,0.0,0.0,0.0,0.0,0.0,0.0,0.0,0.0,0.0,0.0,0.0,0.0,0.0,0.0,0.0,0.0,0.0,0.0,0.5279410481452942,0.6702498197555542,7.13267127139261e-07,0.5320336222648621,0.6667273044586182,-0.06483302265405655,0.5584558844566345,0.6513102054595947,-0.09160404652357101,0.5992804765701294,0.6405472755432129,-0.10570822656154633,0.6359226107597351,0.6315027475357056,-0.11657413095235825,0.5529263019561768,0.5416868329048157,-0.06543770432472229,0.592832624912262,0.500697135925293,-0.08954367786645889,0.6229144930839539,0.47624528408050537,-0.10540726035833359,0.649132490158081,0.45418429374694824,-0.11451253294944763,0.5758129954338074,0.5389564633369446,-0.040044695138931274,0.6192705631256104,0.4989151358604431,-0.0634893849492073,0.6540815234184265,0.4722205400466919,-0.07663244009017944,0.6812336444854736,0.4461282789707184,-0.08308868110179901,0.5920319557189941,0.5469202995300293,-0.019697710871696472,0.6263391971588135,0.53900146484375,-0.05414605140686035,0.6288093328475952,0.5814642906188965,-0.06802079826593399,0.6250197291374207,0.6120637059211731,-0.06779025495052338,0.6018633246421814,0.5600586533546448,-0.0033833319321274757,0.6260008811950684,0.560763418674469,-0.03391243517398834,0.6303614377975464,0.5915331840515137,-0.04614049941301346,0.6277432441711426,0.6169652938842773,-0.04784571751952171,Д
0.0,0.0,0.0,0.0,0.0,0.0,0.0,0.0,0.0,0.0,0.0,0.0,0.0,0.0,0.0,0.0,0.0,0.0,0.0,0.0,0.0,0.0,0.0,0.0,0.0,0.0,0.0,0.0,0.0,0.0,0.0,0.0,0.0,0.0,0.0,0.0,0.0,0.0,0.0,0.0,0.0,0.0,0.0,0.0,0.0,0.0,0.0,0.0,0.0,0.0,0.0,0.0,0.0,0.0,0.0,0.0,0.0,0.0,0.0,0.0,0.0,0.0,0.0,0.5276080369949341,0.6684637069702148,7.155268804126536e-07,0.532084584236145,0.6668058633804321,-0.0665845051407814,0.5579620599746704,0.6517032384872437,-0.09409639984369278,0.5984165668487549,0.641484260559082,-0.10813691467046738,0.6359125971794128,0.6321843862533569,-0.11874405294656754,0.552467405796051,0.5425530076026917,-0.07026227563619614,0.5928308367729187,0.4998375177383423,-0.09584490954875946,0.6236698627471924,0.47545358538627625,-0.11190792173147202,0.6504732370376587,0.45361003279685974,-0.12062940001487732,0.5753435492515564,0.5390787124633789,-0.04352959990501404,0.6191716194152832,0.4973432421684265,-0.06720001995563507,0.6541619300842285,0.47117340564727783,-0.07898656278848648,0.6812113523483276,0.44526854157447815,-0.08422841131687164,0.591732382774353,0.5464900135993958,-0.021872036159038544,0.6265570521354675,0.542244553565979,-0.05620826780796051,0.6279030442237854,0.5859310030937195,-0.0687623843550682,0.6229007244110107,0.615959882736206,-0.06741265207529068,0.6016373634338379,0.5601550340652466,-0.0044180559925735,0.626868724822998,0.564169704914093,-0.03456128388643265,0.6301605701446533,0.5962434411048889,-0.04599077254533768,0.6257168054580688,0.6211748123168945,-0.0469779297709465,Д
0.0,0.0,0.0,0.0,0.0,0.0,0.0,0.0,0.0,0.0,0.0,0.0,0.0,0.0,0.0,0.0,0.0,0.0,0.0,0.0,0.0,0.0,0.0,0.0,0.0,0.0,0.0,0.0,0.0,0.0,0.0,0.0,0.0,0.0,0.0,0.0,0.0,0.0,0.0,0.0,0.0,0.0,0.0,0.0,0.0,0.0,0.0,0.0,0.0,0.0,0.0,0.0,0.0,0.0,0.0,0.0,0.0,0.0,0.0,0.0,0.0,0.0,0.0,0.5254227519035339,0.6688225269317627,6.863381827315607e-07,0.5319864749908447,0.6658459901809692,-0.06299177557229996,0.5592360496520996,0.650425910949707,-0.08763569593429565,0.5997900366783142,0.6394685506820679,-0.09962921589612961,0.6369178295135498,0.6320403218269348,-0.10818653553724289,0.5521483421325684,0.5418367385864258,-0.06246259808540344,0.5916281342506409,0.49993255734443665,-0.08512113243341446,0.6220435500144958,0.47636809945106506,-0.09936003386974335,0.6483964920043945,0.4552767276763916,-0.10722841322422028,0.5745936036109924,0.5385490655899048,-0.03716408461332321,0.618380069732666,0.49798160791397095,-0.05878530070185661,0.6538262963294983,0.4721266031265259,-0.07041998952627182,0.6811095476150513,0.44718611240386963,-0.07590711861848831,0.5900577306747437,0.5467561483383179,-0.016949297860264778,0.6247057914733887,0.5402733087539673,-0.050184786319732666,0.628535270690918,0.5824179649353027,-0.06444752961397171,0.6250184774398804,0.6131409406661987,-0.0645630955696106,0.5989768505096436,0.561474084854126,-0.0005934342043474317,0.6245357394218445,0.563815712928772,-0.030737604945898056,0.6301040649414062,0.5945016741752625,-0.04394935071468353,0.6270347237586975,0.6200160384178162,-0.046425748616456985,Д
0.0,0.0,0.0,0.0,0.0,0.0,0.0,0.0,0.0,0.0,0.0,0.0,0.0,0.0,0.0,0.0,0.0,0.0,0.0,0.0,0.0,0.0,0.0,0.0,0.0,0.0,0.0,0.0,0.0,0.0,0.0,0.0,0.0,0.0,0.0,0.0,0.0,0.0,0.0,0.0,0.0,0.0,0.0,0.0,0.0,0.0,0.0,0.0,0.0,0.0,0.0,0.0,0.0,0.0,0.0,0.0,0.0,0.0,0.0,0.0,0.0,0.0,0.0,0.5246829986572266,0.6676304340362549,6.916492907294014e-07,0.531101644039154,0.6659565567970276,-0.06392740458250046,0.5586761832237244,0.6507982015609741,-0.08882346004247665,0.6000492572784424,0.639514684677124,-0.10069834440946579,0.6368570327758789,0.6311166286468506,-0.109067402780056,0.5518186092376709,0.5426675081253052,-0.06513753533363342,0.591420590877533,0.5002549886703491,-0.0894031897187233,0.621863603591919,0.47564011812210083,-0.1047084629535675,0.6483674049377441,0.4538436233997345,-0.11303427815437317,0.5748365521430969,0.5394925475120544,-0.03953779116272926,0.6198067665100098,0.4977535009384155,-0.06208868324756622,0.6550326943397522,0.4709148108959198,-0.0738484263420105,0.6824699640274048,0.44495153427124023,-0.0791982039809227,0.5907678008079529,0.5474086999893188,-0.01900787279009819,0.6267788410186768,0.5420860052108765,-0.05255768820643425,0.6287722587585449,0.5844354033470154,-0.06582129001617432,0.6238507032394409,0.614698588848114,-0.06501492857933044,0.5997130274772644,0.5620876550674438,-0.002496145898476243,0.6263517141342163,0.5646953582763672,-0.03231687471270561,0.6305995583534241,0.5951857566833496,-0.0443572998046875,0.6260209679603577,0.6203614473342896,-0.045852940529584885,Д
0.0,0.0,0.0,0.0,0.0,0.0,0.0,0.0,0.0,0.0,0.0,0.0,0.0,0.0,0.0,0.0,0.0,0.0,0.0,0.0,0.0,0.0,0.0,0.0,0.0,0.0,0.0,0.0,0.0,0.0,0.0,0.0,0.0,0.0,0.0,0.0,0.0,0.0,0.0,0.0,0.0,0.0,0.0,0.0,0.0,0.0,0.0,0.0,0.0,0.0,0.0,0.0,0.0,0.0,0.0,0.0,0.0,0.0,0.0,0.0,0.0,0.0,0.0,0.5236246585845947,0.6688727140426636,6.651714556937804e-07,0.5308774709701538,0.6651991605758667,-0.06016264483332634,0.5591070652008057,0.6499720215797424,-0.08265899121761322,0.6006552577018738,0.6382772922515869,-0.09291357547044754,0.6365251541137695,0.629957377910614,-0.0995604395866394,0.5518888235092163,0.5416412353515625,-0.059562940150499344,0.5921773314476013,0.49852028489112854,-0.08229291439056396,0.6225832104682922,0.47461462020874023,-0.09669500589370728,0.6489269733428955,0.45331698656082153,-0.10456974059343338,0.5747969150543213,0.5387992858886719,-0.03561270236968994,0.6194677948951721,0.4972051978111267,-0.05683512985706329,0.6550979614257812,0.47027716040611267,-0.06821060180664062,0.6827412247657776,0.444406658411026,-0.07350169867277145,0.5905125737190247,0.5473851561546326,-0.016638055443763733,0.6269834637641907,0.5410658717155457,-0.048859454691410065,0.6305176019668579,0.5829316973686218,-0.06204266473650932,0.6265716552734375,0.6132706999778748,-0.06154176592826843,0.5991692543029785,0.5631935000419617,-0.0014563314616680145,0.6262675523757935,0.5657812356948853,-0.030490873381495476,0.6310118436813354,0.5953201651573181,-0.042647551745176315,0.626883327960968,0.6198394894599915,-0.044416312128305435,Д
0.0,0.0,0.0,0.0,0.0,0.0,0.0,0.0,0.0,0.0,0.0,0.0,0.0,0.0,0.0,0.0,0.0,0.0,0.0,0.0,0.0,0.0,0.0,0.0,0.0,0.0,0.0,0.0,0.0,0.0,0.0,0.0,0.0,0.0,0.0,0.0,0.0,0.0,0.0,0.0,0.0,0.0,0.0,0.0,0.0,0.0,0.0,0.0,0.0,0.0,0.0,0.0,0.0,0.0,0.0,0.0,0.0,0.0,0.0,0.0,0.0,0.0,0.0,0.5242434740066528,0.6664852499961853,6.300601285147422e-07,0.5312756896018982,0.6663339734077454,-0.057972051203250885,0.5588602423667908,0.6530191898345947,-0.08098926395177841,0.6003419160842896,0.6403306126594543,-0.09290213137865067,0.6360877752304077,0.6289044618606567,-0.10112851113080978,0.5542317628860474,0.542826771736145,-0.05643056333065033,0.592305600643158,0.500362753868103,-0.07923130691051483,0.6219116449356079,0.4766344726085663,-0.09328733384609222,0.6476396918296814,0.4551483392715454,-0.10100598633289337,0.5775145888328552,0.5390732288360596,-0.03448468819260597,0.6198523640632629,0.49843448400497437,-0.05609909072518349,0.654394805431366,0.4726230800151825,-0.0671384185552597,0.6809034943580627,0.44730111956596375,-0.07215011119842529,0.5930115580558777,0.5473397374153137,-0.017540218308568,0.6279330253601074,0.5415940284729004,-0.05005691945552826,0.6304307579994202,0.5836790204048157,-0.061892926692962646,0.6252181529998779,0.6133686900138855,-0.06044553592801094,0.6012176275253296,0.5633089542388916,-0.004309832584112883,0.6273847818374634,0.5650115013122559,-0.03300095722079277,0.6318895816802979,0.5945134162902832,-0.04391855746507645,0.6274012327194214,0.618606448173523,-0.04479115083813667,Д
0.0,0.0,0.0,0.0,0.0,0.0,0.0,0.0,0.0,0.0,0.0,0.0,0.0,0.0,0.0,0.0,0.0,0.0,0.0,0.0,0.0,0.0,0.0,0.0,0.0,0.0,0.0,0.0,0.0,0.0,0.0,0.0,0.0,0.0,0.0,0.0,0.0,0.0,0.0,0.0,0.0,0.0,0.0,0.0,0.0,0.0,0.0,0.0,0.0,0.0,0.0,0.0,0.0,0.0,0.0,0.0,0.0,0.0,0.0,0.0,0.0,0.0,0.0,0.5242549180984497,0.667415201663971,6.818120255047688e-07,0.532296359539032,0.6675174832344055,-0.06348688900470734,0.5622400045394897,0.6543108224868774,-0.0886240303516388,0.6031017303466797,0.6425635814666748,-0.10110532492399216,0.6378133893013,0.6310815215110779,-0.11009231954813004,0.5540022253990173,0.54575514793396,-0.06698447465896606,0.5938434600830078,0.5041956901550293,-0.09429726749658585,0.624089241027832,0.478781521320343,-0.11196572333574295,0.6499192714691162,0.4557840824127197,-0.12199735641479492,0.5767621994018555,0.5433476567268372,-0.04292900115251541,0.6198712587356567,0.5025160312652588,-0.06925944983959198,0.6553887724876404,0.4763535261154175,-0.08283263444900513,0.6832597255706787,0.44841063022613525,-0.08924619108438492,0.5926579236984253,0.551257312297821,-0.02391037344932556,0.6289296746253967,0.5474537014961243,-0.06019916757941246,0.6294883489608765,0.5916817784309387,-0.07211519032716751,0.6226016879081726,0.619861900806427,-0.07018721103668213,0.6012195944786072,0.5656301975250244,-0.009020114317536354,0.6283826231956482,0.571297824382782,-0.04066653549671173,0.6308438181877136,0.6016426682472229,-0.05187256634235382,0.6242661476135254,0.623957633972168,-0.052583713084459305,Д
0.0,0.0,0.0,0.0,0.0,0.0,0.0,0.0,0.0,0.0,0.0,0.0,0.0,0.0,0.0,0.0,0.0,0.0,0.0,0.0,0.0,0.0,0.0,0.0,0.0,0.0,0.0,0.0,0.0,0.0,0.0,0.0,0.0,0.0,0.0,0.0,0.0,0.0,0.0,0.0,0.0,0.0,0.0,0.0,0.0,0.0,0.0,0.0,0.0,0.0,0.0,0.0,0.0,0.0,0.0,0.0,0.0,0.0,0.0,0.0,0.0,0.0,0.0,0.5325711369514465,0.6781042218208313,6.781390879950777e-07,0.5374536514282227,0.6738134026527405,-0.06015998497605324,0.5631320476531982,0.6598057150840759,-0.08543179929256439,0.6037025451660156,0.6505501866340637,-0.09943366050720215,0.6387314796447754,0.640122652053833,-0.11018965393304825,0.5550293922424316,0.5501543283462524,-0.0601753294467926,0.5955188870429993,0.5074533224105835,-0.08344803005456924,0.6253995895385742,0.4835638105869293,-0.09839582443237305,0.6505894660949707,0.4615069329738617,-0.10697592049837112,0.577578067779541,0.5461483001708984,-0.03773125633597374,0.6209784746170044,0.505029022693634,-0.060524746775627136,0.6550010442733765,0.48050588369369507,-0.07281171530485153,0.6805617213249207,0.45675164461135864,-0.07865062355995178,0.5938783884048462,0.5538495779037476,-0.02013329789042473,0.629367470741272,0.5427449345588684,-0.053220484405756,0.6324285864830017,0.5854148268699646,-0.06480224430561066,0.6286634802818298,0.6159566640853882,-0.06327129155397415,0.6037271618843079,0.5677579641342163,-0.0063878935761749744,0.6290197372436523,0.5633074641227722,-0.03470597416162491,0.6346292495727539,0.5906158089637756,-0.04461297020316124,0.6326273679733276,0.6134788990020752,-0.04498375207185745,Д
0.0,0.0,0.0,0.0,0.0,0.0,0.0,0.0,0.0,0.0,0.0,0.0,0.0,0.0,0.0,0.0,0.0,0.0,0.0,0.0,0.0,0.0,0.0,0.0,0.0,0.0,0.0,0.0,0.0,0.0,0.0,0.0,0.0,0.0,0.0,0.0,0.0,0.0,0.0,0.0,0.0,0.0,0.0,0.0,0.0,0.0,0.0,0.0,0.0,0.0,0.0,0.0,0.0,0.0,0.0,0.0,0.0,0.0,0.0,0.0,0.0,0.0,0.0,0.53558349609375,0.6853188276290894,6.932986593710666e-07,0.5385885834693909,0.6796727180480957,-0.05691445618867874,0.5632917881011963,0.6634419560432434,-0.08218735456466675,0.6038033962249756,0.6534620523452759,-0.09750597923994064,0.6383439898490906,0.6434214115142822,-0.11024103313684464,0.5551396608352661,0.5534102320671082,-0.055933769792318344,0.5944821834564209,0.5092873573303223,-0.07876300066709518,0.6238032579421997,0.48419633507728577,-0.09378895163536072,0.6492540240287781,0.4611184000968933,-0.10248418897390366,0.5780979990959167,0.5489791035652161,-0.035551365464925766,0.6211804151535034,0.507216215133667,-0.05871101841330528,0.6554281711578369,0.4813562035560608,-0.07222133129835129,0.6813187599182129,0.4567098021507263,-0.07872399687767029,0.594826877117157,0.5564842224121094,-0.019698336720466614,0.6294399499893188,0.5448712110519409,-0.05365261808037758,0.6342090368270874,0.5867963433265686,-0.06666787713766098,0.6319608092308044,0.6188135147094727,-0.06576112657785416,0.6053423285484314,0.5702635049819946,-0.007269688881933689,0.6304382085800171,0.5651543736457825,-0.03650050610303879,0.6361714601516724,0.5948352813720703,-0.046658579260110855,0.634884774684906,0.6212488412857056,-0.04677949100732803,Д
0.0,0.0,0.0,0.0,0.0,0.0,0.0,0.0,0.0,0.0,0.0,0.0,0.0,0.0,0.0,0.0,0.0,0.0,0.0,0.0,0.0,0.0,0.0,0.0,0.0,0.0,0.0,0.0,0.0,0.0,0.0,0.0,0.0,0.0,0.0,0.0,0.0,0.0,0.0,0.0,0.0,0.0,0.0,0.0,0.0,0.0,0.0,0.0,0.0,0.0,0.0,0.0,0.0,0.0,0.0,0.0,0.0,0.0,0.0,0.0,0.0,0.0,0.0,0.5397480130195618,0.6895952224731445,7.201699645520421e-07,0.5418093204498291,0.6840546131134033,-0.0616646409034729,0.5653851628303528,0.6670892238616943,-0.089022196829319,0.6046841740608215,0.6587446928024292,-0.10513649135828018,0.6393431425094604,0.6506539583206177,-0.11877778172492981,0.556922972202301,0.5567557215690613,-0.0629718005657196,0.5954784750938416,0.5128809213638306,-0.08708439022302628,0.6246504783630371,0.4868201017379761,-0.10269367694854736,0.6505433917045593,0.46370428800582886,-0.11180895566940308,0.5800191164016724,0.5520628690719604,-0.040363021194934845,0.6232596039772034,0.5078279376029968,-0.06479665637016296,0.6573320627212524,0.4826781451702118,-0.07924523949623108,0.6833600997924805,0.4599832594394684,-0.08625266700983047,0.5969215035438538,0.559488832950592,-0.022306693717837334,0.6312269568443298,0.5462876558303833,-0.058252666145563126,0.6365299224853516,0.5887563824653625,-0.07353588938713074,0.6346102952957153,0.6227383017539978,-0.07395224273204803,0.6074893474578857,0.5728952288627625,-0.007782771717756987,0.6312114000320435,0.5673484206199646,-0.03954842686653137,0.6370287537574768,0.5980185866355896,-0.05192996934056282,0.6355863809585571,0.6258673667907715,-0.05349117890000343,Д
0.0,0.0,0.0,0.0,0.0,0.0,0.0,0.0,0.0,0.0,0.0,0.0,0.0,0.0,0.0,0.0,0.0,0.0,0.0,0.0,0.0,0.0,0.0,0.0,0.0,0.0,0.0,0.0,0.0,0.0,0.0,0.0,0.0,0.0,0.0,0.0,0.0,0.0,0.0,0.0,0.0,0.0,0.0,0.0,0.0,0.0,0.0,0.0,0.0,0.0,0.0,0.0,0.0,0.0,0.0,0.0,0.0,0.0,0.0,0.0,0.0,0.0,0.0,0.5415098667144775,0.6880009174346924,6.259413680709258e-07,0.5439934730529785,0.6851537823677063,-0.05153312534093857,0.5707830786705017,0.6717112064361572,-0.07379058003425598,0.6120388507843018,0.660910964012146,-0.08733786642551422,0.6438764333724976,0.6508771777153015,-0.09800399094820023,0.5616881251335144,0.5611677765846252,-0.04875709488987923,0.5993760824203491,0.5165192484855652,-0.06989701092243195,0.6284599304199219,0.4913859963417053,-0.08288435637950897,0.6539788842201233,0.46931809186935425,-0.08995063602924347,0.5860743522644043,0.5548790097236633,-0.030965371057391167,0.6256468296051025,0.5141167044639587,-0.05286923423409462,0.6570460796356201,0.4879361093044281,-0.06448152661323547,0.6814219355583191,0.46405112743377686,-0.06930043548345566,0.6039361357688904,0.5617066025733948,-0.017570264637470245,0.6374809741973877,0.5538068413734436,-0.04991752654314041,0.6390611529350281,0.5949441194534302,-0.06086234375834465,0.6344653964042664,0.626130223274231,-0.058423060923814774,0.6148200035095215,0.575189471244812,-0.007317674811929464,0.6387252807617188,0.5719146728515625,-0.03396114334464073,0.6433155536651611,0.5990909337997437,-0.04218463972210884,0.6415279507637024,0.6227455735206604,-0.04103657230734825,Д
0.0,0.0,0.0,0.0,0.0,0.0,0.0,0.0,0.0,0.0,0.0,0.0,0.0,0.0,0.0,0.0,0.0,0.0,0.0,0.0,0.0,0.0,0.0,0.0,0.0,0.0,0.0,0.0,0.0,0.0,0.0,0.0,0.0,0.0,0.0,0.0,0.0,0.0,0.0,0.0,0.0,0.0,0.0,0.0,0.0,0.0,0.0,0.0,0.0,0.0,0.0,0.0,0.0,0.0,0.0,0.0,0.0,0.0,0.0,0.0,0.0,0.0,0.0,0.537820041179657,0.6926469802856445,6.469315962931432e-07,0.5433695912361145,0.6898693442344666,-0.056231383234262466,0.5715795755386353,0.6766701340675354,-0.07957708090543747,0.6126827597618103,0.6696487665176392,-0.0928717851638794,0.6460835933685303,0.6618792414665222,-0.10324423760175705,0.5639651417732239,0.5676113963127136,-0.0551251545548439,0.6046696305274963,0.5237004160881042,-0.0776171162724495,0.6341168284416199,0.49862024188041687,-0.09126312285661697,0.6592092514038086,0.4754467308521271,-0.09852153062820435,0.5879592895507812,0.5636182427406311,-0.03483406454324722,0.6317602396011353,0.5235899090766907,-0.056863781064748764,0.6652292013168335,0.49772292375564575,-0.06852495670318604,0.6905294060707092,0.47344309091567993,-0.07328727841377258,0.6047598719596863,0.5717118978500366,-0.019245123490691185,0.6397736668586731,0.567094087600708,-0.05243036523461342,0.6420355439186096,0.6087104678153992,-0.0646200031042099,0.6375120878219604,0.6389113068580627,-0.06270194798707962,0.6146942377090454,0.5872840881347656,-0.007150609046220779,0.6400853395462036,0.5886088609695435,-0.03555174171924591,0.6446439623832703,0.6182053089141846,-0.04522274062037468,0.6415722370147705,0.6441559791564941,-0.044723063707351685,Д
0.0,0.0,0.0,0.0,0.0,0.0,0.0,0.0,0.0,0.0,0.0,0.0,0.0,0.0,0.0,0.0,0.0,0.0,0.0,0.0,0.0,0.0,0.0,0.0,0.0,0.0,0.0,0.0,0.0,0.0,0.0,0.0,0.0,0.0,0.0,0.0,0.0,0.0,0.0,0.0,0.0,0.0,0.0,0.0,0.0,0.0,0.0,0.0,0.0,0.0,0.0,0.0,0.0,0.0,0.0,0.0,0.0,0.0,0.0,0.0,0.0,0.0,0.0,0.5364586710929871,0.7024649381637573,7.28918337244977e-07,0.5424116849899292,0.7007180452346802,-0.06369836628437042,0.570513904094696,0.6855103373527527,-0.09009519219398499,0.6122601628303528,0.6748321652412415,-0.10449906438589096,0.6493569016456604,0.6665032505989075,-0.11548390984535217,0.56135094165802,0.5707675218582153,-0.06372547149658203,0.6050499677658081,0.5282120108604431,-0.08882740139961243,0.6364956498146057,0.5041337609291077,-0.10459296405315399,0.6635023355484009,0.4818558990955353,-0.11333262175321579,0.5845934152603149,0.5673776865005493,-0.039848487824201584,0.6322711110115051,0.5265846848487854,-0.06491413712501526,0.6682521104812622,0.5013487935066223,-0.0781756341457367,0.696198582649231,0.47567495703697205,-0.08401629328727722,0.60150146484375,0.5753585696220398,-0.021020708605647087,0.6401139497756958,0.5686620473861694,-0.0571805015206337,0.6419427990913391,0.6139631271362305,-0.06942999362945557,0.6374802589416504,0.645793616771698,-0.06711510568857193,0.6114775538444519,0.5894639492034912,-0.006216832436621189,0.6391538381576538,0.5902428030967712,-0.0365157350897789,0.6437488198280334,0.6220294237136841,-0.04656427726149559,0.6405983567237854,0.6481748223304749,-0.04619847610592842,Д
0.0,0.0,0.0,0.0,0.0,0.0,0.0,0.0,0.0,0.0,0.0,0.0,0.0,0.0,0.0,0.0,0.0,0.0,0.0,0.0,0.0,0.0,0.0,0.0,0.0,0.0,0.0,0.0,0.0,0.0,0.0,0.0,0.0,0.0,0.0,0.0,0.0,0.0,0.0,0.0,0.0,0.0,0.0,0.0,0.0,0.0,0.0,0.0,0.0,0.0,0.0,0.0,0.0,0.0,0.0,0.0,0.0,0.0,0.0,0.0,0.0,0.0,0.0,0.5350750088691711,0.6995508074760437,6.624634920626704e-07,0.5398815870285034,0.6964621543884277,-0.05629197135567665,0.5687052011489868,0.6815841197967529,-0.07845601439476013,0.6134362816810608,0.6698430180549622,-0.09047117084264755,0.6487215757369995,0.6599653959274292,-0.09883870929479599,0.5601266622543335,0.5693254470825195,-0.05160627141594887,0.6005500555038452,0.5263463854789734,-0.07463950663805008,0.6307638883590698,0.501749575138092,-0.08878044039011002,0.6572684049606323,0.4795105457305908,-0.09649389237165451,0.585421085357666,0.5641158223152161,-0.03191840276122093,0.6294638514518738,0.5238038301467896,-0.055500488728284836,0.6642348766326904,0.4969209134578705,-0.06767884641885757,0.6920750141143799,0.47094640135765076,-0.07265154272317886,0.6028547286987305,0.5720149278640747,-0.017357494682073593,0.6411288976669312,0.5686578154563904,-0.05276860296726227,0.6419402360916138,0.6128844618797302,-0.06424516439437866,0.6366071701049805,0.6428980231285095,-0.061290375888347626,0.6126288771629333,0.5880578756332397,-0.0064047640189528465,0.6405768394470215,0.5924264788627625,-0.03637787699699402,0.6437183618545532,0.6232404112815857,-0.045936278998851776,0.6387191414833069,0.6473779082298279,-0.04503919929265976,Д
0.0,0.0,0.0,0.0,0.0,0.0,0.0,0.0,0.0,0.0,0.0,0.0,0.0,0.0,0.0,0.0,0.0,0.0,0.0,0.0,0.0,0.0,0.0,0.0,0.0,0.0,0.0,0.0,0.0,0.0,0.0,0.0,0.0,0.0,0.0,0.0,0.0,0.0,0.0,0.0,0.0,0.0,0.0,0.0,0.0,0.0,0.0,0.0,0.0,0.0,0.0,0.0,0.0,0.0,0.0,0.0,0.0,0.0,0.0,0.0,0.0,0.0,0.0,0.5309996008872986,0.6967247724533081,6.610061973333359e-07,0.5345122814178467,0.6929378509521484,-0.05478748306632042,0.561026930809021,0.6779351830482483,-0.07772202789783478,0.6044020652770996,0.6666077375411987,-0.09086241573095322,0.6400436162948608,0.6578822135925293,-0.10093044489622116,0.5549260377883911,0.5673775672912598,-0.05276807025074959,0.59654301404953,0.5235655903816223,-0.07481788098812103,0.6267486214637756,0.49882328510284424,-0.08830153942108154,0.6522699594497681,0.4764692485332489,-0.0956774353981018,0.5797191858291626,0.5641303062438965,-0.03356441855430603,0.6262261271476746,0.5197542905807495,-0.055362749844789505,0.660673975944519,0.4932728409767151,-0.06719398498535156,0.686287522315979,0.4690508544445038,-0.07226762920618057,0.5972021222114563,0.573319673538208,-0.018954332917928696,0.6353132724761963,0.5620166063308716,-0.05239797756075859,0.6385812759399414,0.604565441608429,-0.0644180178642273,0.634027898311615,0.6371631622314453,-0.06246322765946388,0.6076737642288208,0.5901167392730713,-0.007631062064319849,0.6357279419898987,0.5850450992584229,-0.036446910351514816,0.6409221887588501,0.6149822473526001,-0.04581968113780022,0.6368266940116882,0.6428186893463135,-0.04514572396874428,Д
0.0,0.0,0.0,0.0,0.0,0.0,0.0,0.0,0.0,0.0,0.0,0.0,0.0,0.0,0.0,0.0,0.0,0.0,0.0,0.0,0.0,0.0,0.0,0.0,0.0,0.0,0.0,0.0,0.0,0.0,0.0,0.0,0.0,0.0,0.0,0.0,0.0,0.0,0.0,0.0,0.0,0.0,0.0,0.0,0.0,0.0,0.0,0.0,0.0,0.0,0.0,0.0,0.0,0.0,0.0,0.0,0.0,0.0,0.0,0.0,0.0,0.0,0.0,0.5288393497467041,0.6919646263122559,4.945303544445778e-07,0.5311709046363831,0.6843069791793823,-0.04637587070465088,0.5575626492500305,0.6708012819290161,-0.06700006872415543,0.6024205088615417,0.6591351628303528,-0.07985568046569824,0.6365833282470703,0.6481856107711792,-0.09008175134658813,0.5531017780303955,0.5630378127098083,-0.0458613783121109,0.5937870740890503,0.5160128474235535,-0.06545504927635193,0.6226956844329834,0.49033698439598083,-0.07775256782770157,0.6468885540962219,0.46731066703796387,-0.08528236299753189,0.5773099064826965,0.5600974559783936,-0.030668415129184723,0.6186139583587646,0.522858738899231,-0.051105987280607224,0.646722674369812,0.5165359377861023,-0.06222198158502579,0.6641910672187805,0.5118429660797119,-0.06732945889234543,0.5943591594696045,0.5694366693496704,-0.019210156053304672,0.6301537752151489,0.5567213892936707,-0.04647587239742279,0.6357094049453735,0.5928261876106262,-0.05565298721194267,0.6308594346046448,0.6223933696746826,-0.05444052442908287,0.6039892435073853,0.5849234461784363,-0.010784538462758064,0.6318693161010742,0.5750552415847778,-0.03247620537877083,0.6402655243873596,0.5957098007202148,-0.03934001550078392,0.636795163154602,0.6169326901435852,-0.03894224762916565,Д
0.0,0.0,0.0,0.0,0.0,0.0,0.0,0.0,0.0,0.0,0.0,0.0,0.0,0.0,0.0,0.0,0.0,0.0,0.0,0.0,0.0,0.0,0.0,0.0,0.0,0.0,0.0,0.0,0.0,0.0,0.0,0.0,0.0,0.0,0.0,0.0,0.0,0.0,0.0,0.0,0.0,0.0,0.0,0.0,0.0,0.0,0.0,0.0,0.0,0.0,0.0,0.0,0.0,0.0,0.0,0.0,0.0,0.0,0.0,0.0,0.0,0.0,0.0,0.5257256031036377,0.6879783272743225,5.971955943095963e-07,0.530562698841095,0.6831998229026794,-0.05509592220187187,0.5579888820648193,0.6689433455467224,-0.07727211713790894,0.6004635095596313,0.6568000912666321,-0.08884721249341965,0.6351970434188843,0.6476152539253235,-0.09721621870994568,0.5503791570663452,0.5607045292854309,-0.055742450058460236,0.5897992849349976,0.5178576707839966,-0.07922270148992538,0.6186297535896301,0.49197959899902344,-0.09466201066970825,0.6436464190483093,0.4678332209587097,-0.10371468216180801,0.5740450620651245,0.5570058226585388,-0.03562919795513153,0.6146427989006042,0.5149003267288208,-0.05783471837639809,0.6460871696472168,0.48979222774505615,-0.06929972022771835,0.6711587309837341,0.46489471197128296,-0.07463835179805756,0.5908663868904114,0.5649409890174866,-0.02006925828754902,0.6264108419418335,0.5547463297843933,-0.052191488444805145,0.6282591819763184,0.5962787866592407,-0.06290170550346375,0.6230039596557617,0.6270625591278076,-0.06098426133394241,0.6002576947212219,0.5798062086105347,-0.008073538541793823,0.627016007900238,0.5761479139328003,-0.03613919019699097,0.631757378578186,0.6031830310821533,-0.04579317569732666,0.6278584003448486,0.6264349222183228,-0.04591051861643791,Д
0.0,0.0,0.0,0.0,0.0,0.0,0.0,0.0,0.0,0.0,0.0,0.0,0.0,0.0,0.0,0.0,0.0,0.0,0.0,0.0,0.0,0.0,0.0,0.0,0.0,0.0,0.0,0.0,0.0,0.0,0.0,0.0,0.0,0.0,0.0,0.0,0.0,0.0,0.0,0.0,0.0,0.0,0.0,0.0,0.0,0.0,0.0,0.0,0.0,0.0,0.0,0.0,0.0,0.0,0.0,0.0,0.0,0.0,0.0,0.0,0.0,0.0,0.0,0.5250285863876343,0.6883542537689209,6.014513473928673e-07,0.5293971300125122,0.6845832467079163,-0.05365762114524841,0.5568930506706238,0.6709858775138855,-0.07517579942941666,0.5996280908584595,0.6586939096450806,-0.08673521131277084,0.6341057419776917,0.6500434279441833,-0.09508424252271652,0.552114725112915,0.561418354511261,-0.05208266153931618,0.5914936661720276,0.517529308795929,-0.07438478618860245,0.6205500364303589,0.49227237701416016,-0.08849811553955078,0.646141767501831,0.46909114718437195,-0.09643970429897308,0.576557457447052,0.55734783411026,-0.03288297727704048,0.6169818639755249,0.516096830368042,-0.05442085489630699,0.6497006416320801,0.4896993935108185,-0.0661417692899704,0.6755322813987732,0.4645085036754608,-0.07158157229423523,0.5935158729553223,0.5654269456863403,-0.018273143097758293,0.6275811791419983,0.557304322719574,-0.05070127546787262,0.6308689713478088,0.598002552986145,-0.0629027932882309,0.6264343857765198,0.6285178065299988,-0.061681464314460754,0.602946937084198,0.5809545516967773,-0.007026508450508118,0.6275910139083862,0.5785797834396362,-0.03532431274652481,0.6327545642852783,0.606894314289093,-0.045531585812568665,0.628994882106781,0.631912112236023,-0.04579688608646393,Д
0.0,0.0,0.0,0.0,0.0,0.0,0.0,0.0,0.0,0.0,0.0,0.0,0.0,0.0,0.0,0.0,0.0,0.0,0.0,0.0,0.0,0.0,0.0,0.0,0.0,0.0,0.0,0.0,0.0,0.0,0.0,0.0,0.0,0.0,0.0,0.0,0.0,0.0,0.0,0.0,0.0,0.0,0.0,0.0,0.0,0.0,0.0,0.0,0.0,0.0,0.0,0.0,0.0,0.0,0.0,0.0,0.0,0.0,0.0,0.0,0.0,0.0,0.0,0.5221366882324219,0.6850829124450684,6.163620582810836e-07,0.5283839106559753,0.6833910942077637,-0.055446427315473557,0.556515097618103,0.6700040102005005,-0.07730455696582794,0.5992641448974609,0.6581209897994995,-0.08845643699169159,0.6349143385887146,0.6500057578086853,-0.0963209941983223,0.5508078336715698,0.5606202483177185,-0.0559425987303257,0.5908769965171814,0.5164452791213989,-0.07920755445957184,0.6208958625793457,0.4919009506702423,-0.09367992728948593,0.6473459601402283,0.46944862604141235,-0.10179432481527328,0.5747280120849609,0.5567769408226013,-0.03558788448572159,0.6172703504562378,0.5137442946434021,-0.05715276300907135,0.6512274742126465,0.4881141483783722,-0.06820449233055115,0.6780728697776794,0.4636805057525635,-0.0734105259180069,0.5909314155578613,0.5646244883537292,-0.020011693239212036,0.6279173493385315,0.5565059185028076,-0.052727650851011276,0.6324690580368042,0.5991225242614746,-0.0649990662932396,0.6285576224327087,0.6315252780914307,-0.06392179429531097,0.5994811058044434,0.5806854963302612,-0.007917670533061028,0.6270217895507812,0.5791413187980652,-0.037155698984861374,0.633567750453949,0.6083647608757019,-0.0484207347035408,0.6298823356628418,0.6342047452926636,-0.049580167979002,Д
0.0,0.0,0.0,0.0,0.0,0.0,0.0,0.0,0.0,0.0,0.0,0.0,0.0,0.0,0.0,0.0,0.0,0.0,0.0,0.0,0.0,0.0,0.0,0.0,0.0,0.0,0.0,0.0,0.0,0.0,0.0,0.0,0.0,0.0,0.0,0.0,0.0,0.0,0.0,0.0,0.0,0.0,0.0,0.0,0.0,0.0,0.0,0.0,0.0,0.0,0.0,0.0,0.0,0.0,0.0,0.0,0.0,0.0,0.0,0.0,0.0,0.0,0.0,0.529781699180603,0.6902087330818176,6.297765935414645e-07,0.5347173810005188,0.6865888237953186,-0.05868883803486824,0.5608649849891663,0.6726453304290771,-0.08309806138277054,0.6026699542999268,0.6620173454284668,-0.09675060957670212,0.6382781863212585,0.6526053547859192,-0.10723872482776642,0.5562370419502258,0.5632975697517395,-0.05788193270564079,0.5953517556190491,0.5215781927108765,-0.08249649405479431,0.6247778534889221,0.4969114065170288,-0.09911833703517914,0.6507899761199951,0.4734414219856262,-0.10908317565917969,0.5798092484474182,0.5594051480293274,-0.03656784072518349,0.6200879812240601,0.5176527500152588,-0.0600503571331501,0.652696430683136,0.49287551641464233,-0.07308925688266754,0.6793414354324341,0.4674152433872223,-0.0795128345489502,0.5966373682022095,0.5674923658370972,-0.020136483013629913,0.6304317712783813,0.5592337846755981,-0.05436187610030174,0.6315080523490906,0.602622926235199,-0.06662428379058838,0.6261045336723328,0.6341292858123779,-0.06526993215084076,0.6060039401054382,0.5824143290519714,-0.007488612085580826,0.6307412981987,0.5818419456481934,-0.03759702667593956,0.6343303322792053,0.6124728322029114,-0.04836171492934227,0.6303017139434814,0.6379836201667786,-0.04890403896570206,Д
0.0,0.0,0.0,0.0,0.0,0.0,0.0,0.0,0.0,0.0,0.0,0.0,0.0,0.0,0.0,0.0,0.0,0.0,0.0,0.0,0.0,0.0,0.0,0.0,0.0,0.0,0.0,0.0,0.0,0.0,0.0,0.0,0.0,0.0,0.0,0.0,0.0,0.0,0.0,0.0,0.0,0.0,0.0,0.0,0.0,0.0,0.0,0.0,0.0,0.0,0.0,0.0,0.0,0.0,0.0,0.0,0.0,0.0,0.0,0.0,0.0,0.0,0.0,0.5267999172210693,0.6858170032501221,6.159355052659521e-07,0.5317983627319336,0.6852920651435852,-0.05655676871538162,0.5590991973876953,0.6712194085121155,-0.08091983199119568,0.6018661260604858,0.6599045395851135,-0.09489443153142929,0.638290286064148,0.6515474319458008,-0.10597023367881775,0.554594874382019,0.5628547668457031,-0.05991281196475029,0.594447672367096,0.5203430652618408,-0.08564818650484085,0.624937891960144,0.49599581956863403,-0.10225635021924973,0.6514788269996643,0.4738202691078186,-0.11207064241170883,0.5787312388420105,0.5593422055244446,-0.039880651980638504,0.6200640201568604,0.5190053582191467,-0.06421037018299103,0.6528226733207703,0.4961851239204407,-0.07716608792543411,0.6786542534828186,0.47358131408691406,-0.08369070291519165,0.5955015420913696,0.567841649055481,-0.024342745542526245,0.6311019062995911,0.5605005025863647,-0.058274634182453156,0.6344557404518127,0.6010753512382507,-0.07033710926771164,0.6292470097541809,0.6329878568649292,-0.06941384822130203,0.6043522357940674,0.5839659571647644,-0.01241008285433054,0.6317034959793091,0.5836728811264038,-0.0422506257891655,0.6369701623916626,0.612693727016449,-0.05310395359992981,0.6324759721755981,0.638617992401123,-0.05397302284836769,Д
0.0,0.0,0.0,0.0,0.0,0.0,0.0,0.0,0.0,0.0,0.0,0.0,0.0,0.0,0.0,0.0,0.0,0.0,0.0,0.0,0.0,0.0,0.0,0.0,0.0,0.0,0.0,0.0,0.0,0.0,0.0,0.0,0.0,0.0,0.0,0.0,0.0,0.0,0.0,0.0,0.0,0.0,0.0,0.0,0.0,0.0,0.0,0.0,0.0,0.0,0.0,0.0,0.0,0.0,0.0,0.0,0.0,0.0,0.0,0.0,0.0,0.0,0.0,0.5263919234275818,0.6865081787109375,6.914879122632556e-07,0.5326827764511108,0.6839050650596619,-0.059664029628038406,0.5611075162887573,0.6691073179244995,-0.0848308652639389,0.6031146049499512,0.6569939255714417,-0.09841998666524887,0.6394383311271667,0.6505148410797119,-0.10905719548463821,0.5539804697036743,0.5597866773605347,-0.06373892724514008,0.5950804948806763,0.5182039141654968,-0.0899137556552887,0.625648558139801,0.49331575632095337,-0.10707962512969971,0.6524084806442261,0.46999311447143555,-0.11685904860496521,0.5766950845718384,0.5562493205070496,-0.04103892296552658,0.620527446269989,0.5156175494194031,-0.0659838542342186,0.6561381220817566,0.4882374405860901,-0.0794287621974945,0.6843096017837524,0.4606894850730896,-0.08597926050424576,0.5929262042045593,0.5639772415161133,-0.02285638451576233,0.6290810704231262,0.5593342781066895,-0.05773347616195679,0.6332680583000183,0.6020131707191467,-0.07069090008735657,0.6291056871414185,0.6349472999572754,-0.0695917010307312,0.6019399762153625,0.5785205960273743,-0.008373413234949112,0.6290716528892517,0.5803892612457275,-0.0390886552631855,0.6342191696166992,0.6101034283638,-0.0506647452712059,0.6303238868713379,0.6361197233200073,-0.051578130573034286,Д
0.0,0.0,0.0,0.0,0.0,0.0,0.0,0.0,0.0,0.0,0.0,0.0,0.0,0.0,0.0,0.0,0.0,0.0,0.0,0.0,0.0,0.0,0.0,0.0,0.0,0.0,0.0,0.0,0.0,0.0,0.0,0.0,0.0,0.0,0.0,0.0,0.0,0.0,0.0,0.0,0.0,0.0,0.0,0.0,0.0,0.0,0.0,0.0,0.0,0.0,0.0,0.0,0.0,0.0,0.0,0.0,0.0,0.0,0.0,0.0,0.0,0.0,0.0,0.5290861129760742,0.6863716840744019,7.054946422613284e-07,0.5351962447166443,0.6860655546188354,-0.062148235738277435,0.562096357345581,0.6725758910179138,-0.08927169442176819,0.6022130846977234,0.6624069809913635,-0.10429316759109497,0.6389322876930237,0.6541946530342102,-0.11630146950483322,0.5541515350341797,0.5634402632713318,-0.06623707711696625,0.5965728163719177,0.5208139419555664,-0.090274877846241,0.6271615624427795,0.4958408772945404,-0.10523247718811035,0.6534599661827087,0.473049521446228,-0.11356569081544876,0.5759307742118835,0.5582346320152283,-0.04164176434278488,0.6217880249023438,0.5180756449699402,-0.06436009705066681,0.6567659974098206,0.4929851293563843,-0.07591146230697632,0.6830657124519348,0.4684908986091614,-0.0812443420290947,0.5922401547431946,0.5639386177062988,-0.02154669538140297,0.6299750208854675,0.5549171566963196,-0.05467485636472702,0.6343305706977844,0.5983682870864868,-0.06673332303762436,0.6308918595314026,0.6315261721611023,-0.06540697067975998,0.6025073528289795,0.5751632452011108,-0.005231616087257862,0.6290856599807739,0.5737897753715515,-0.03452087193727493,0.6349409818649292,0.6040215492248535,-0.04566039517521858,0.6330744624137878,0.6301073431968689,-0.046607326716184616,Д
0.0,0.0,0.0,0.0,0.0,0.0,0.0,0.0,0.0,0.0,0.0,0.0,0.0,0.0,0.0,0.0,0.0,0.0,0.0,0.0,0.0,0.0,0.0,0.0,0.0,0.0,0.0,0.0,0.0,0.0,0.0,0.0,0.0,0.0,0.0,0.0,0.0,0.0,0.0,0.0,0.0,0.0,0.0,0.0,0.0,0.0,0.0,0.0,0.0,0.0,0.0,0.0,0.0,0.0,0.0,0.0,0.0,0.0,0.0,0.0,0.0,0.0,0.0,0.5253223180770874,0.6841744780540466,6.533871896863275e-07,0.5330221056938171,0.6849226355552673,-0.05812506377696991,0.5624682307243347,0.6716987490653992,-0.08221359550952911,0.6041820645332336,0.6594278812408447,-0.09518732875585556,0.6399983167648315,0.6506597995758057,-0.10504574328660965,0.555375337600708,0.5636679530143738,-0.06064103543758392,0.5958813428878784,0.5207509398460388,-0.08550391346216202,0.6264528632164001,0.49599263072013855,-0.10105707496404648,0.6532931327819824,0.47359713912010193,-0.10957663506269455,0.5781838297843933,0.5582767128944397,-0.03876421973109245,0.6224499344825745,0.5175280570983887,-0.061972517520189285,0.6569672226905823,0.4917861223220825,-0.07373517751693726,0.6841488480567932,0.4656996726989746,-0.07896141707897186,0.5942484736442566,0.5643743276596069,-0.021465767174959183,0.631157398223877,0.5583685636520386,-0.05494844540953636,0.633303165435791,0.6016157865524292,-0.06633603572845459,0.6282047629356384,0.6331329941749573,-0.06418231874704361,0.6029354333877563,0.5780081748962402,-0.007832515984773636,0.6303873658180237,0.578307569026947,-0.03680309280753136,0.635345458984375,0.6084389090538025,-0.04688279703259468,0.6317335367202759,0.6337037682533264,-0.04682975262403488,Д
0.0,0.0,0.0,0.0,0.0,0.0,0.0,0.0,0.0,0.0,0.0,0.0,0.0,0.0,0.0,0.0,0.0,0.0,0.0,0.0,0.0,0.0,0.0,0.0,0.0,0.0,0.0,0.0,0.0,0.0,0.0,0.0,0.0,0.0,0.0,0.0,0.0,0.0,0.0,0.0,0.0,0.0,0.0,0.0,0.0,0.0,0.0,0.0,0.0,0.0,0.0,0.0,0.0,0.0,0.0,0.0,0.0,0.0,0.0,0.0,0.0,0.0,0.0,0.5257542133331299,0.6853700876235962,6.76377624131419e-07,0.5317416191101074,0.6840983033180237,-0.06062055379152298,0.5600441098213196,0.67038893699646,-0.0855817198753357,0.6033916473388672,0.6585631370544434,-0.09892153739929199,0.6402238011360168,0.6510502099990845,-0.10911790281534195,0.5559959411621094,0.5605081915855408,-0.06290987879037857,0.5964767336845398,0.5171629190444946,-0.08883707225322723,0.6274305582046509,0.49261918663978577,-0.10568300634622574,0.6549928784370422,0.4709480404853821,-0.11522788554430008,0.5793516039848328,0.5581105947494507,-0.0403011180460453,0.6226971745491028,0.5157018303871155,-0.06466355919837952,0.6579293608665466,0.48980677127838135,-0.07786159962415695,0.6864010691642761,0.4647611379623413,-0.08429181575775146,0.5954701900482178,0.566901445388794,-0.02252856269478798,0.6319880485534668,0.5617545247077942,-0.05710025131702423,0.634526252746582,0.6038119792938232,-0.07006555050611496,0.6289498805999756,0.6360465288162231,-0.06910426169633865,0.6037293076515198,0.5829406380653381,-0.008605415001511574,0.6316704750061035,0.5835648775100708,-0.03877778351306915,0.6364330053329468,0.6126720309257507,-0.05007421597838402,0.6312211751937866,0.6380205154418945,-0.0510101281106472,Д
0.0,0.0,0.0,0.0,0.0,0.0,0.0,0.0,0.0,0.0,0.0,0.0,0.0,0.0,0.0,0.0,0.0,0.0,0.0,0.0,0.0,0.0,0.0,0.0,0.0,0.0,0.0,0.0,0.0,0.0,0.0,0.0,0.0,0.0,0.0,0.0,0.0,0.0,0.0,0.0,0.0,0.0,0.0,0.0,0.0,0.0,0.0,0.0,0.0,0.0,0.0,0.0,0.0,0.0,0.0,0.0,0.0,0.0,0.0,0.0,0.0,0.0,0.0,0.5296155214309692,0.684283971786499,7.006962050581933e-07,0.5355405807495117,0.686213493347168,-0.06333845853805542,0.5624076128005981,0.6744752526283264,-0.09059423208236694,0.6028743386268616,0.6651161313056946,-0.10524020344018936,0.6392989754676819,0.6553204655647278,-0.11679672449827194,0.5553886294364929,0.565402090549469,-0.07065951079130173,0.5982206463813782,0.5242980718612671,-0.0968450978398323,0.6289066076278687,0.49922823905944824,-0.1129484623670578,0.6555672883987427,0.47563475370407104,-0.1219409629702568,0.5783039331436157,0.5593606233596802,-0.04588044062256813,0.6243367791175842,0.5211730599403381,-0.07046515494585037,0.6598342657089233,0.4962097406387329,-0.0825347751379013,0.6870987415313721,0.47132253646850586,-0.08808295428752899,0.5953623056411743,0.5646342635154724,-0.025558646768331528,0.6318790912628174,0.5607638359069824,-0.06039702892303467,0.6345415115356445,0.6053084135055542,-0.07247970253229141,0.6301128268241882,0.6384279727935791,-0.07084517180919647,0.6057849526405334,0.576570451259613,-0.009133161045610905,0.631359875202179,0.5810949802398682,-0.04014037176966667,0.6355218887329102,0.6128019690513611,-0.051641229540109634,0.6323603391647339,0.6398867964744568,-0.052447959780693054,Д
0.0,0.0,0.0,0.0,0.0,0.0,0.0,0.0,0.0,0.0,0.0,0.0,0.0,0.0,0.0,0.0,0.0,0.0,0.0,0.0,0.0,0.0,0.0,0.0,0.0,0.0,0.0,0.0,0.0,0.0,0.0,0.0,0.0,0.0,0.0,0.0,0.0,0.0,0.0,0.0,0.0,0.0,0.0,0.0,0.0,0.0,0.0,0.0,0.0,0.0,0.0,0.0,0.0,0.0,0.0,0.0,0.0,0.0,0.0,0.0,0.0,0.0,0.0,0.5302813053131104,0.685600757598877,6.917870223333011e-07,0.535541296005249,0.6848509907722473,-0.060462936758995056,0.5621463060379028,0.6728560924530029,-0.08678420633077621,0.602849543094635,0.6632542610168457,-0.1018362045288086,0.6384313106536865,0.6538734436035156,-0.11383411288261414,0.556603729724884,0.563870906829834,-0.06309887021780014,0.5980527400970459,0.5224743485450745,-0.08870426565408707,0.6283655166625977,0.4982255697250366,-0.10511840134859085,0.6545995473861694,0.47573354840278625,-0.1143968403339386,0.5796952843666077,0.5598885416984558,-0.0406905822455883,0.6257352232933044,0.5210546851158142,-0.06524591892957687,0.6602540612220764,0.49649831652641296,-0.07844699174165726,0.6868859529495239,0.4710826873779297,-0.08455681800842285,0.5964560508728027,0.5667096376419067,-0.022895703092217445,0.6324657797813416,0.5604131817817688,-0.0573747493326664,0.6337227821350098,0.6033737659454346,-0.06890933215618134,0.628584623336792,0.6341997385025024,-0.0667654275894165,0.6062605977058411,0.5797333717346191,-0.00892486609518528,0.6319966912269592,0.5800245404243469,-0.03795285150408745,0.6360722780227661,0.6101758480072021,-0.04736679792404175,0.6325372457504272,0.6356934309005737,-0.04683547466993332,Д
0.0,0.0,0.0,0.0,0.0,0.0,0.0,0.0,0.0,0.0,0.0,0.0,0.0,0.0,0.0,0.0,0.0,0.0,0.0,0.0,0.0,0.0,0.0,0.0,0.0,0.0,0.0,0.0,0.0,0.0,0.0,0.0,0.0,0.0,0.0,0.0,0.0,0.0,0.0,0.0,0.0,0.0,0.0,0.0,0.0,0.0,0.0,0.0,0.0,0.0,0.0,0.0,0.0,0.0,0.0,0.0,0.0,0.0,0.0,0.0,0.0,0.0,0.0,0.5295467376708984,0.6860811114311218,6.820827707088029e-07,0.5352261662483215,0.6853865385055542,-0.06117602065205574,0.5627552270889282,0.673271894454956,-0.0869356095790863,0.6038738489151001,0.6627910137176514,-0.10079067945480347,0.6388039588928223,0.6539163589477539,-0.11141394078731537,0.5553786754608154,0.5623601675033569,-0.0643545389175415,0.5970463156700134,0.5219528675079346,-0.09013475477695465,0.6278853416442871,0.4982365071773529,-0.10673446208238602,0.6545590162277222,0.47615697979927063,-0.11625777184963226,0.5788769125938416,0.5582931041717529,-0.04131902754306793,0.624150276184082,0.519850492477417,-0.06579487770795822,0.6591123938560486,0.49610182642936707,-0.0788443386554718,0.6860414147377014,0.4709964692592621,-0.08509757369756699,0.5959149599075317,0.5653709769248962,-0.022942207753658295,0.6322670578956604,0.5601571202278137,-0.05773432180285454,0.6344872117042542,0.6046818494796753,-0.06962143629789352,0.6295850872993469,0.6363674402236938,-0.06786484271287918,0.6057121157646179,0.5794127583503723,-0.008429490961134434,0.6317760944366455,0.5813202857971191,-0.03883393481373787,0.6359986662864685,0.6126311421394348,-0.04947608336806297,0.6318625807762146,0.6388673782348633,-0.04980698227882385,Д
0.0,0.0,0.0,0.0,0.0,0.0,0.0,0.0,0.0,0.0,0.0,0.0,0.0,0.0,0.0,0.0,0.0,0.0,0.0,0.0,0.0,0.0,0.0,0.0,0.0,0.0,0.0,0.0,0.0,0.0,0.0,0.0,0.0,0.0,0.0,0.0,0.0,0.0,0.0,0.0,0.0,0.0,0.0,0.0,0.0,0.0,0.0,0.0,0.0,0.0,0.0,0.0,0.0,0.0,0.0,0.0,0.0,0.0,0.0,0.0,0.0,0.0,0.0,0.5269332528114319,0.6858515739440918,6.575147608600673e-07,0.5323982238769531,0.6856061220169067,-0.06073359400033951,0.5599501132965088,0.67396080493927,-0.0864301398396492,0.6018097996711731,0.6644704341888428,-0.1005563959479332,0.6389530301094055,0.6584917306900024,-0.11167499423027039,0.5589859485626221,0.5646959543228149,-0.06297207623720169,0.5992536544799805,0.5243787169456482,-0.08806921541690826,0.6297304630279541,0.5007986426353455,-0.10448804497718811,0.6568145155906677,0.48006582260131836,-0.11395618319511414,0.5825090408325195,0.5618625283241272,-0.04013385623693466,0.6251859664916992,0.5225690603256226,-0.06374190002679825,0.6596515774726868,0.4988451898097992,-0.0768979862332344,0.6870561838150024,0.47648441791534424,-0.08355919271707535,0.5989941954612732,0.569880485534668,-0.021985679864883423,0.633996844291687,0.5622122287750244,-0.05545540153980255,0.6379077434539795,0.6019266247749329,-0.06875915825366974,0.6339386105537415,0.6334938406944275,-0.0687035620212555,0.6076217293739319,0.5840051770210266,-0.007657424081116915,0.6326261162757874,0.5826439261436462,-0.03694720193743706,0.637823760509491,0.6107721328735352,-0.04828500375151634,0.6344822645187378,0.6363133192062378,-0.04966695234179497,Д
0.0,0.0,0.0,0.0,0.0,0.0,0.0,0.0,0.0,0.0,0.0,0.0,0.0,0.0,0.0,0.0,0.0,0.0,0.0,0.0,0.0,0.0,0.0,0.0,0.0,0.0,0.0,0.0,0.0,0.0,0.0,0.0,0.0,0.0,0.0,0.0,0.0,0.0,0.0,0.0,0.0,0.0,0.0,0.0,0.0,0.0,0.0,0.0,0.0,0.0,0.0,0.0,0.0,0.0,0.0,0.0,0.0,0.0,0.0,0.0,0.0,0.0,0.0,0.5263140201568604,0.6851803660392761,6.379358410413261e-07,0.5333876013755798,0.6853287220001221,-0.05945799499750137,0.5620512962341309,0.6732062697410583,-0.0835237056016922,0.603530764579773,0.6634537577629089,-0.09569306671619415,0.6398941874504089,0.6572338342666626,-0.10464644432067871,0.5578965544700623,0.5642037987709045,-0.06364161521196365,0.5999274849891663,0.5232269763946533,-0.0887431725859642,0.6308781504631042,0.500032901763916,-0.10452187806367874,0.6577910780906677,0.4789222180843353,-0.11337772756814957,0.5808576345443726,0.5613211989402771,-0.041013203561306,0.6254562735557556,0.5228787064552307,-0.06415299326181412,0.6600508689880371,0.4999672770500183,-0.07614236325025558,0.6873529553413391,0.4779134690761566,-0.08199521154165268,0.5969275236129761,0.569114089012146,-0.022985244169831276,0.6338645219802856,0.5647798776626587,-0.05582297593355179,0.6371667385101318,0.6057851910591125,-0.06806270033121109,0.6324903964996338,0.637486457824707,-0.06727496534585953,0.6055492758750916,0.5837515592575073,-0.008758068084716797,0.6324082016944885,0.5849796533584595,-0.0376305915415287,0.638074517250061,0.612600564956665,-0.04878963157534599,0.634125292301178,0.6371884346008301,-0.05006556585431099,Д
0.5970228314399719,0.5439455509185791,1.8077146535233624e-07,0.6260030269622803,0.540892481803894,-0.01112800370901823,0.6581830382347107,0.5537241101264954,-0.02381179668009281,0.6760280728340149,0.5837476253509521,-0.03444971144199371,0.6859082579612732,0.6088131666183472,-0.04416900500655174,0.6625208258628845,0.5111290216445923,-0.035189468413591385,0.6786700487136841,0.5737320184707642,-0.05203045904636383,0.6726277470588684,0.5983405709266663,-0.06039261445403099,0.6639479398727417,0.6062313914299011,-0.06482701748609543,0.6453679800033569,0.524061918258667,-0.03783091902732849,0.6681696176528931,0.585398256778717,-0.05288543179631233,0.6609625816345215,0.6014323830604553,-0.05454906076192856,0.6501036882400513,0.6037846803665161,-0.055102329701185226,0.6267428994178772,0.5440523624420166,-0.04054582118988037,0.6491767764091492,0.5968313813209534,-0.050684329122304916,0.6461630463600159,0.6084985733032227,-0.04639969766139984,0.6395949721336365,0.6083871126174927,-0.0429060123860836,0.6092344522476196,0.5666698813438416,-0.044140879064798355,0.6269126534461975,0.6064778566360474,-0.04854034632444382,0.6293150782585144,0.6147132515907288,-0.044533539563417435,0.6284459829330444,0.614680826663971,-0.041631557047367096,0.0,0.0,0.0,0.0,0.0,0.0,0.0,0.0,0.0,0.0,0.0,0.0,0.0,0.0,0.0,0.0,0.0,0.0,0.0,0.0,0.0,0.0,0.0,0.0,0.0,0.0,0.0,0.0,0.0,0.0,0.0,0.0,0.0,0.0,0.0,0.0,0.0,0.0,0.0,0.0,0.0,0.0,0.0,0.0,0.0,0.0,0.0,0.0,0.0,0.0,0.0,0.0,0.0,0.0,0.0,0.0,0.0,0.0,0.0,0.0,0.0,0.0,0.0,E
0.5944578647613525,0.5468242168426514,1.1470402938584812e-07,0.6195427179336548,0.5350199341773987,-0.008566360920667648,0.6497048735618591,0.5388017892837524,-0.018293464556336403,0.6680387258529663,0.5596515536308289,-0.025956662371754646,0.6777969002723694,0.5821926593780518,-0.032218676060438156,0.6594215035438538,0.5133844614028931,-0.029851172119379044,0.6743558645248413,0.5718741416931152,-0.04197120666503906,0.6668369174003601,0.5922760367393494,-0.04610186815261841,0.6585032343864441,0.5978845953941345,-0.04805031791329384,0.6464403867721558,0.529407262802124,-0.03179522231221199,0.6644614338874817,0.5828827023506165,-0.04342146962881088,0.6584848761558533,0.5981066823005676,-0.044171497225761414,0.6512123346328735,0.603191614151001,-0.04421299323439598,0.631501317024231,0.5503416061401367,-0.03341440483927727,0.6489971876144409,0.5962733030319214,-0.04212266579270363,0.6452406644821167,0.6070989966392517,-0.03929658234119415,0.6399086713790894,0.609018862247467,-0.03661550208926201,0.6167928576469421,0.572257399559021,-0.03542441129684448,0.6306883692741394,0.6068719625473022,-0.040140315890312195,0.6309236288070679,0.614948570728302,-0.037662677466869354,0.6298187375068665,0.6165268421173096,-0.03534657508134842,0.0,0.0,0.0,0.0,0.0,0.0,0.0,0.0,0.0,0.0,0.0,0.0,0.0,0.0,0.0,0.0,0.0,0.0,0.0,0.0,0.0,0.0,0.0,0.0,0.0,0.0,0.0,0.0,0.0,0.0,0.0,0.0,0.0,0.0,0.0,0.0,0.0,0.0,0.0,0.0,0.0,0.0,0.0,0.0,0.0,0.0,0.0,0.0,0.0,0.0,0.0,0.0,0.0,0.0,0.0,0.0,0.0,0.0,0.0,0.0,0.0,0.0,0.0,E
0.593669593334198,0.5475035905838013,1.380797129968414e-07,0.6172091364860535,0.5427828431129456,-0.011781173758208752,0.6463210582733154,0.5503668189048767,-0.0228651762008667,0.663946807384491,0.5750886797904968,-0.031240958720445633,0.6735725998878479,0.5997520685195923,-0.03811424598097801,0.6570812463760376,0.5138546824455261,-0.03192269429564476,0.6725760102272034,0.573276162147522,-0.044776346534490585,0.6644455790519714,0.5939133763313293,-0.04955712705850601,0.6552570462226868,0.5995360612869263,-0.05204087495803833,0.6467075347900391,0.5261696577072144,-0.03234441578388214,0.6650617718696594,0.5833567380905151,-0.0442860871553421,0.6574655771255493,0.6002281904220581,-0.04508709907531738,0.6491658091545105,0.6062030792236328,-0.04531672224402428,0.6335734724998474,0.5450636148452759,-0.03282010927796364,0.6511298418045044,0.5965601801872253,-0.042373932898044586,0.6455960869789124,0.6090203523635864,-0.0399981327354908,0.6395336389541626,0.611687958240509,-0.03781779482960701,0.6201614737510681,0.5663862228393555,-0.03391794115304947,0.6320884227752686,0.6066445112228394,-0.03958592936396599,0.6306749582290649,0.6165582537651062,-0.03787754476070404,0.6293691992759705,0.6193789839744568,-0.036265499889850616,0.0,0.0,0.0,0.0,0.0,0.0,0.0,0.0,0.0,0.0,0.0,0.0,0.0,0.0,0.0,0.0,0.0,0.0,0.0,0.0,0.0,0.0,0.0,0.0,0.0,0.0,0.0,0.0,0.0,0.0,0.0,0.0,0.0,0.0,0.0,0.0,0.0,0.0,0.0,0.0,0.0,0.0,0.0,0.0,0.0,0.0,0.0,0.0,0.0,0.0,0.0,0.0,0.0,0.0,0.0,0.0,0.0,0.0,0.0,0.0,0.0,0.0,0.0,E
0.5986066460609436,0.5454530119895935,1.7973130184145703e-07,0.6218518018722534,0.5433205366134644,-0.012871555052697659,0.6489203572273254,0.5533725619316101,-0.02587445266544819,0.6657558083534241,0.5786634683609009,-0.03602223843336105,0.6770389676094055,0.601714551448822,-0.04498293623328209,0.6583988070487976,0.5148694515228271,-0.03791586309671402,0.6744647026062012,0.5713008046150208,-0.05232120677828789,0.6675435900688171,0.595904529094696,-0.057635970413684845,0.6586217284202576,0.6045399308204651,-0.060366567224264145,0.6458423137664795,0.5253536105155945,-0.038557883352041245,0.665188729763031,0.5809923410415649,-0.05238057300448418,0.6589704155921936,0.6005246639251709,-0.05379866436123848,0.6513590812683105,0.6079403162002563,-0.05469346418976784,0.630876362323761,0.5431916117668152,-0.03893236443400383,0.6496269106864929,0.5926207304000854,-0.049654580652713776,0.6460682153701782,0.6066747903823853,-0.04668083041906357,0.6415209174156189,0.610849916934967,-0.044351063668727875,0.6166565418243408,0.5633698105812073,-0.039933498948812485,0.6299406886100769,0.6029223203659058,-0.04609038308262825,0.6306755542755127,0.6144815683364868,-0.043618153780698776,0.6305272579193115,0.6190403699874878,-0.04171096533536911,0.6085070967674255,0.6598355174064636,-1.2404332494497794e-07,0.5943486094474792,0.6462386846542358,-0.044663697481155396,0.5979989767074585,0.6296020150184631,-0.06748825311660767,0.621511697769165,0.6290679574012756,-0.08062220364809036,0.6416083574295044,0.631992518901825,-0.08828741312026978,0.6146308183670044,0.5321782827377319,-0.050817638635635376,0.652678370475769,0.5773733854293823,-0.0701979398727417,0.6406899094581604,0.6086379289627075,-0.07767879962921143,0.6260308027267456,0.6041631102561951,-0.0829862505197525,0.6442347168922424,0.5341615080833435,-0.03509996458888054,0.6734106540679932,0.5855265259742737,-0.05741630867123604,0.6573854684829712,0.6190274357795715,-0.0610959418118,0.6429003477096558,0.6102617383003235,-0.061915818601846695,0.6662498712539673,0.548341691493988,-0.02232712134718895,0.6892456412315369,0.5959513783454895,-0.04281969740986824,0.6731776595115662,0.6231040358543396,-0.03952492028474808,0.6582412123680115,0.6154593825340271,-0.03513073921203613,0.6806157231330872,0.5659880042076111,-0.012980814091861248,0.6959812641143799,0.6044265031814575,-0.02763044647872448,0.6828259229660034,0.6253279447555542,-0.028523754328489304,0.669585645198822,0.6215062141418457,-0.026916908100247383,E
0.6017704606056213,0.5469724535942078,9.898499087057644e-08,0.6209894418716431,0.5547546744346619,-0.012213155627250671,0.6477985382080078,0.56619793176651,-0.0232276301831007,0.6667167544364929,0.585518479347229,-0.03177681192755699,0.6804366707801819,0.6034274697303772,-0.038831181824207306,0.6601024866104126,0.5163962244987488,-0.028432095423340797,0.6755480170249939,0.5712932348251343,-0.04220292344689369,0.6683734059333801,0.5974504351615906,-0.04868627339601517,0.6582874655723572,0.6075936555862427,-0.051583126187324524,0.6536028385162354,0.5162575244903564,-0.027668170630931854,0.6704484820365906,0.5731738805770874,-0.04110073298215866,0.6627914309501648,0.5959643125534058,-0.044038720428943634,0.6534004211425781,0.6052979230880737,-0.04480770230293274,0.6456032991409302,0.5245834589004517,-0.027145706117153168,0.6612390279769897,0.5788668394088745,-0.0382530651986599,0.6544085144996643,0.5974031090736389,-0.036428648978471756,0.6473510265350342,0.6044954061508179,-0.03341425955295563,0.6374865770339966,0.5371267199516296,-0.027295183390378952,0.6521034836769104,0.5785301923751831,-0.03302678093314171,0.6497856378555298,0.5920085906982422,-0.030658354982733727,0.6473521590232849,0.5976441502571106,-0.027897128835320473,0.629578709602356,0.6416600346565247,-1.283550687958268e-07,0.607123613357544,0.6444928050041199,-0.04779599979519844,0.5993949174880981,0.6354175209999084,-0.07630372047424316,0.6179760098457336,0.6305190324783325,-0.09503521025180817,0.6328601837158203,0.6247092485427856,-0.10856892168521881,0.6134883761405945,0.522129237651825,-0.06113738194108009,0.6510563492774963,0.577345073223114,-0.08552177995443344,0.6413865089416504,0.6065843105316162,-0.0973520502448082,0.6285542845726013,0.5951550602912903,-0.10659703612327576,0.6439189314842224,0.5157860517501831,-0.04728354886174202,0.6695806980133057,0.5829532146453857,-0.07402678579092026,0.654884397983551,0.615282416343689,-0.08032239973545074,0.6406044363975525,0.6040854454040527,-0.08418114483356476,0.667975902557373,0.5256596803665161,-0.03646865859627724,0.6863425970077515,0.589604377746582,-0.05996326357126236,0.670655369758606,0.6173924207687378,-0.05786021426320076,0.656346321105957,0.6060513854026794,-0.05538226664066315,0.6852306723594666,0.5419332385063171,-0.0295308418571949,0.69502192735672,0.5943979024887085,-0.04665190726518631,0.6817596554756165,0.6187263131141663,-0.04902983456850052,0.669227659702301,0.6123717427253723,-0.04904365539550781,E
0.0,0.0,0.0,0.0,0.0,0.0,0.0,0.0,0.0,0.0,0.0,0.0,0.0,0.0,0.0,0.0,0.0,0.0,0.0,0.0,0.0,0.0,0.0,0.0,0.0,0.0,0.0,0.0,0.0,0.0,0.0,0.0,0.0,0.0,0.0,0.0,0.0,0.0,0.0,0.0,0.0,0.0,0.0,0.0,0.0,0.0,0.0,0.0,0.0,0.0,0.0,0.0,0.0,0.0,0.0,0.0,0.0,0.0,0.0,0.0,0.0,0.0,0.0,0.6238672733306885,0.6494781970977783,-1.3773286866580747e-07,0.6045551896095276,0.6474782228469849,-0.04885276407003403,0.5994119644165039,0.6340079307556152,-0.0762043297290802,0.6186032295227051,0.6306730508804321,-0.09327176213264465,0.634413480758667,0.6289529800415039,-0.10494901984930038,0.6111376285552979,0.5213229060173035,-0.0596940703690052,0.6519221067428589,0.5762131214141846,-0.08296715468168259,0.6431518793106079,0.6084678173065186,-0.09333464503288269,0.6293169260025024,0.599311351776123,-0.10116212069988251,0.6423206329345703,0.5177246332168579,-0.04430760443210602,0.671436071395874,0.5818884372711182,-0.06921043246984482,0.6581434011459351,0.6174762845039368,-0.07373136281967163,0.643958330154419,0.6060136556625366,-0.07606478035449982,0.6668450236320496,0.5295774936676025,-0.03224007412791252,0.6875660419464111,0.5900611877441406,-0.05532453954219818,0.673172652721405,0.6210178136825562,-0.052891939878463745,0.6589357256889343,0.6106559634208679,-0.04985962063074112,0.6839284300804138,0.5472791194915771,-0.02400812692940235,0.695113480091095,0.5946358442306519,-0.040902718901634216,0.6826732754707336,0.620352566242218,-0.04304005205631256,0.6698859333992004,0.6147571206092834,-0.04275745525956154,E
0.0,0.0,0.0,0.0,0.0,0.0,0.0,0.0,0.0,0.0,0.0,0.0,0.0,0.0,0.0,0.0,0.0,0.0,0.0,0.0,0.0,0.0,0.0,0.0,0.0,0.0,0.0,0.0,0.0,0.0,0.0,0.0,0.0,0.0,0.0,0.0,0.0,0.0,0.0,0.0,0.0,0.0,0.0,0.0,0.0,0.0,0.0,0.0,0.0,0.0,0.0,0.0,0.0,0.0,0.0,0.0,0.0,0.0,0.0,0.0,0.0,0.0,0.0,0.6303154230117798,0.6450325846672058,-8.682793861680693e-08,0.6107401251792908,0.6515875458717346,-0.04670293256640434,0.6057542562484741,0.643422544002533,-0.07465821504592896,0.6264377236366272,0.6385112404823303,-0.09274379163980484,0.642193615436554,0.6296321749687195,-0.10590429604053497,0.6028086543083191,0.5271195769309998,-0.06330285221338272,0.645148754119873,0.5774636268615723,-0.08844634890556335,0.6429469585418701,0.6051822304725647,-0.10079056024551392,0.631268322467804,0.5990802645683289,-0.10977112501859665,0.6316227912902832,0.5182558298110962,-0.049370426684617996,0.6651555299758911,0.5802985429763794,-0.07500908523797989,0.6560868620872498,0.6117823123931885,-0.08049327880144119,0.6416630148887634,0.6046819090843201,-0.08428391069173813,0.6567435264587402,0.525421142578125,-0.03826997056603432,0.6834801435470581,0.5845510959625244,-0.05986417829990387,0.671140193939209,0.6123272776603699,-0.05684544891119003,0.6568365693092346,0.6040889024734497,-0.05444839596748352,0.6759722232818604,0.5398281216621399,-0.031085597351193428,0.6928307414054871,0.5890404582023621,-0.04605087265372276,0.6816587448120117,0.613864541053772,-0.047485556453466415,0.6698927283287048,0.6095555424690247,-0.04746554046869278,E
0.0,0.0,0.0,0.0,0.0,0.0,0.0,0.0,0.0,0.0,0.0,0.0,0.0,0.0,0.0,0.0,0.0,0.0,0.0,0.0,0.0,0.0,0.0,0.0,0.0,0.0,0.0,0.0,0.0,0.0,0.0,0.0,0.0,0.0,0.0,0.0,0.0,0.0,0.0,0.0,0.0,0.0,0.0,0.0,0.0,0.0,0.0,0.0,0.0,0.0,0.0,0.0,0.0,0.0,0.0,0.0,0.0,0.0,0.0,0.0,0.0,0.0,0.0,0.621650755405426,0.6457607746124268,-1.8841403459646244e-07,0.6039798855781555,0.6409528851509094,-0.03613068535923958,0.6028740406036377,0.6287257671356201,-0.05805066227912903,0.6254174113273621,0.6253904104232788,-0.07345858961343765,0.6454833745956421,0.6215177178382874,-0.08495510369539261,0.6275553703308105,0.5237953066825867,-0.039030615240335464,0.6571037173271179,0.5742518901824951,-0.06019199639558792,0.6471362709999084,0.6046467423439026,-0.07366160303354263,0.6329839825630188,0.5987175703048706,-0.08354971557855606,0.6521952748298645,0.523876965045929,-0.030249780043959618,0.6749823093414307,0.5788522362709045,-0.05219263955950737,0.6609127521514893,0.6103147268295288,-0.05987096577882767,0.6450721025466919,0.6045476198196411,-0.06438423693180084,0.6701040863990784,0.5355532765388489,-0.02443593367934227,0.6888176798820496,0.5852436423301697,-0.044837187975645065,0.6737588047981262,0.6136490702629089,-0.043677520006895065,0.6581091284751892,0.6079481840133667,-0.041078291833400726,0.682317316532135,0.5524768233299255,-0.02179815247654915,0.6965901255607605,0.5925889611244202,-0.03518987447023392,0.6832684278488159,0.615536093711853,-0.035380665212869644,0.6694042682647705,0.6122992634773254,-0.033677615225315094,E
0.0,0.0,0.0,0.0,0.0,0.0,0.0,0.0,0.0,0.0,0.0,0.0,0.0,0.0,0.0,0.0,0.0,0.0,0.0,0.0,0.0,0.0,0.0,0.0,0.0,0.0,0.0,0.0,0.0,0.0,0.0,0.0,0.0,0.0,0.0,0.0,0.0,0.0,0.0,0.0,0.0,0.0,0.0,0.0,0.0,0.0,0.0,0.0,0.0,0.0,0.0,0.0,0.0,0.0,0.0,0.0,0.0,0.0,0.0,0.0,0.0,0.0,0.0,0.5997522473335266,0.6615089774131775,1.2721586983843736e-07,0.590563178062439,0.6281075477600098,-0.020185839384794235,0.5943530797958374,0.5959593653678894,-0.03194233775138855,0.6052652597427368,0.5728191137313843,-0.040103353559970856,0.615463137626648,0.5578286051750183,-0.04746538773179054,0.6360838413238525,0.5959336757659912,-0.028505584225058556,0.6516949534416199,0.5705970525741577,-0.04187264293432236,0.6533766984939575,0.5462081432342529,-0.05119338631629944,0.6513186693191528,0.5287143588066101,-0.05674523115158081,0.6506554484367371,0.607704222202301,-0.02310260385274887,0.6723558902740479,0.5885753631591797,-0.03410012647509575,0.6749150156974792,0.5650168657302856,-0.03906894102692604,0.6710490584373474,0.547721266746521,-0.04220408946275711,0.6603472232818604,0.6186819672584534,-0.019244825467467308,0.6839714050292969,0.6035974621772766,-0.028803866356611252,0.6873316764831543,0.580742597579956,-0.03000618889927864,0.6849720478057861,0.5623165369033813,-0.02979627065360546,0.6658448576927185,0.6292856931686401,-0.017046477645635605,0.6862763166427612,0.6140519976615906,-0.024868033826351166,0.693504273891449,0.5954113006591797,-0.02592937834560871,0.6944392919540405,0.5796359777450562,-0.025502884760499,E
0.0,0.0,0.0,0.0,0.0,0.0,0.0,0.0,0.0,0.0,0.0,0.0,0.0,0.0,0.0,0.0,0.0,0.0,0.0,0.0,0.0,0.0,0.0,0.0,0.0,0.0,0.0,0.0,0.0,0.0,0.0,0.0,0.0,0.0,0.0,0.0,0.0,0.0,0.0,0.0,0.0,0.0,0.0,0.0,0.0,0.0,0.0,0.0,0.0,0.0,0.0,0.0,0.0,0.0,0.0,0.0,0.0,0.0,0.0,0.0,0.0,0.0,0.0,0.600343644618988,0.6523327827453613,-8.148349905923169e-08,0.5816309452056885,0.62909334897995,-0.039984431117773056,0.5820230841636658,0.6043279767036438,-0.06333009898662567,0.6034182906150818,0.602135419845581,-0.07872616499662399,0.6254509687423706,0.6107348799705505,-0.09000909328460693,0.6200301647186279,0.5322018265724182,-0.0500679537653923,0.6526356935501099,0.5745683312416077,-0.07125582545995712,0.6360692381858826,0.5986835956573486,-0.0822773203253746,0.6208556294441223,0.5950227379798889,-0.08993729948997498,0.6425805687904358,0.5409820675849915,-0.03813700005412102,0.6701502799987793,0.5868221521377563,-0.05981968343257904,0.6519811749458313,0.6093368530273438,-0.06390801817178726,0.6362686157226562,0.604424774646759,-0.06545469164848328,0.6574931740760803,0.5587611794471741,-0.029108112677931786,0.681584358215332,0.5975660085678101,-0.047630175948143005,0.6666462421417236,0.6136807799339294,-0.044092658907175064,0.6523335576057434,0.6083770394325256,-0.039934881031513214,0.6668896675109863,0.5796514749526978,-0.023395555093884468,0.6844227910041809,0.6053594350814819,-0.03619829937815666,0.6740785837173462,0.6185145974159241,-0.03533978760242462,0.6628717184066772,0.6168990135192871,-0.03263483941555023,E
0.6195089221000671,0.6411916017532349,-6.748572189962943e-08,0.6433380842208862,0.6428846120834351,-0.025596385821700096,0.6627061367034912,0.6309905052185059,-0.04476679861545563,0.6759884357452393,0.6172686815261841,-0.05982543155550957,0.6834803819656372,0.598537802696228,-0.07217852771282196,0.6294098496437073,0.5263605713844299,-0.038421642035245895,0.6681129932403564,0.5634070634841919,-0.06447974592447281,0.667270302772522,0.5935169458389282,-0.08180531859397888,0.6546717286109924,0.5970463156700134,-0.09289881587028503,0.6119515299797058,0.5163667798042297,-0.03539975732564926,0.6541324853897095,0.562059760093689,-0.056875038892030716,0.6527019739151001,0.5941394567489624,-0.06278329342603683,0.6402571797370911,0.5960968136787415,-0.06693978607654572,0.5988076329231262,0.5223091840744019,-0.03481559082865715,0.6397792100906372,0.5609098076820374,-0.05449193716049194,0.6411117315292358,0.5910295248031616,-0.051295436918735504,0.6312592625617981,0.5949124693870544,-0.048338573426008224,0.5891250371932983,0.5389489531517029,-0.03650331497192383,0.6213618516921997,0.5691026449203491,-0.050625596195459366,0.6276732087135315,0.5946055054664612,-0.04909025505185127,0.6252856850624084,0.6006710529327393,-0.04637724906206131,0.0,0.0,0.0,0.0,0.0,0.0,0.0,0.0,0.0,0.0,0.0,0.0,0.0,0.0,0.0,0.0,0.0,0.0,0.0,0.0,0.0,0.0,0.0,0.0,0.0,0.0,0.0,0.0,0.0,0.0,0.0,0.0,0.0,0.0,0.0,0.0,0.0,0.0,0.0,0.0,0.0,0.0,0.0,0.0,0.0,0.0,0.0,0.0,0.0,0.0,0.0,0.0,0.0,0.0,0.0,0.0,0.0,0.0,0.0,0.0,0.0,0.0,0.0,E
0.0,0.0,0.0,0.0,0.0,0.0,0.0,0.0,0.0,0.0,0.0,0.0,0.0,0.0,0.0,0.0,0.0,0.0,0.0,0.0,0.0,0.0,0.0,0.0,0.0,0.0,0.0,0.0,0.0,0.0,0.0,0.0,0.0,0.0,0.0,0.0,0.0,0.0,0.0,0.0,0.0,0.0,0.0,0.0,0.0,0.0,0.0,0.0,0.0,0.0,0.0,0.0,0.0,0.0,0.0,0.0,0.0,0.0,0.0,0.0,0.0,0.0,0.0,0.6248355507850647,0.6420155167579651,-4.378950890782107e-08,0.6095569133758545,0.6515262126922607,-0.04372001439332962,0.6018434762954712,0.6421206593513489,-0.07249809056520462,0.6195578575134277,0.6306619048118591,-0.09284956753253937,0.6375698447227478,0.6161918044090271,-0.10886062681674957,0.5860113501548767,0.5339629650115967,-0.0607733316719532,0.6258067488670349,0.5619950890541077,-0.08943210542201996,0.6315849423408508,0.5939673185348511,-0.1051471158862114,0.6259852647781372,0.6022164821624756,-0.11517183482646942,0.6125069856643677,0.5211667418479919,-0.04945690929889679,0.649913489818573,0.5582433342933655,-0.0777871310710907,0.6492564678192139,0.5952646136283875,-0.08552966266870499,0.6396186351776123,0.6004531979560852,-0.08952568471431732,0.6386027932167053,0.5251879692077637,-0.041100017726421356,0.6725011467933655,0.5613834261894226,-0.06503353267908096,0.6664663553237915,0.592484712600708,-0.06260005384683609,0.654780924320221,0.5942684412002563,-0.05939754471182823,0.6608431935310364,0.5373000502586365,-0.03626875579357147,0.6865368485450745,0.5692412257194519,-0.052496619522571564,0.6778770089149475,0.5957456827163696,-0.05265166237950325,0.666580855846405,0.5983337163925171,-0.05090884491801262,E
0.0,0.0,0.0,0.0,0.0,0.0,0.0,0.0,0.0,0.0,0.0,0.0,0.0,0.0,0.0,0.0,0.0,0.0,0.0,0.0,0.0,0.0,0.0,0.0,0.0,0.0,0.0,0.0,0.0,0.0,0.0,0.0,0.0,0.0,0.0,0.0,0.0,0.0,0.0,0.0,0.0,0.0,0.0,0.0,0.0,0.0,0.0,0.0,0.0,0.0,0.0,0.0,0.0,0.0,0.0,0.0,0.0,0.0,0.0,0.0,0.0,0.0,0.0,0.62449049949646,0.6411347985267639,-1.819971373606677e-07,0.615462064743042,0.6557373404502869,-0.03400453180074692,0.6169066429138184,0.6483657956123352,-0.05714307725429535,0.6414441466331482,0.6338566541671753,-0.0739097148180008,0.6631972193717957,0.6186825037002563,-0.08686843514442444,0.5954310297966003,0.5357303619384766,-0.0457254983484745,0.638029158115387,0.5698516964912415,-0.06983020156621933,0.6363968849182129,0.600679337978363,-0.08366826176643372,0.6228435039520264,0.601696252822876,-0.09321071207523346,0.6141467094421387,0.5199946761131287,-0.03856800124049187,0.6543770432472229,0.566693127155304,-0.06308598816394806,0.6498206853866577,0.6030375957489014,-0.06989090144634247,0.63646000623703,0.603495717048645,-0.07350776344537735,0.6343702673912048,0.518994927406311,-0.033866994082927704,0.6695387363433838,0.5641013979911804,-0.055992256850004196,0.6630948185920715,0.5971226692199707,-0.053889598697423935,0.6503354907035828,0.5968728065490723,-0.05074859410524368,0.6523092985153198,0.5269750952720642,-0.032023489475250244,0.6797477006912231,0.5626587271690369,-0.04611635208129883,0.6728055477142334,0.5904550552368164,-0.04591870680451393,0.6619674563407898,0.5925115942955017,-0.04396047443151474,E
0.0,0.0,0.0,0.0,0.0,0.0,0.0,0.0,0.0,0.0,0.0,0.0,0.0,0.0,0.0,0.0,0.0,0.0,0.0,0.0,0.0,0.0,0.0,0.0,0.0,0.0,0.0,0.0,0.0,0.0,0.0,0.0,0.0,0.0,0.0,0.0,0.0,0.0,0.0,0.0,0.0,0.0,0.0,0.0,0.0,0.0,0.0,0.0,0.0,0.0,0.0,0.0,0.0,0.0,0.0,0.0,0.0,0.0,0.0,0.0,0.0,0.0,0.0,0.6156383156776428,0.6531178951263428,-2.0452050364383467e-07,0.6230897307395935,0.662310004234314,-0.028125738725066185,0.6328414678573608,0.650078296661377,-0.04708048328757286,0.6541267037391663,0.632455050945282,-0.061218664050102234,0.6697735786437988,0.613294780254364,-0.07141483575105667,0.5992896556854248,0.5372298359870911,-0.03523549064993858,0.6492579579353333,0.5700026154518127,-0.057933248579502106,0.6473543643951416,0.6001502871513367,-0.0721452608704567,0.6319712996482849,0.600203812122345,-0.08167538046836853,0.6039011478424072,0.5220993757247925,-0.03065650910139084,0.6527370810508728,0.5627771615982056,-0.052295319736003876,0.6490570306777954,0.5983018279075623,-0.05791211500763893,0.6344138979911804,0.5999245047569275,-0.06074374169111252,0.6134958863258362,0.5206194519996643,-0.028682401403784752,0.6557459831237793,0.5545614361763,-0.04795427247881889,0.6530113220214844,0.5871605277061462,-0.045255959033966064,0.6404914855957031,0.5910426378250122,-0.04181336611509323,0.624322772026062,0.5300962328910828,-0.029317695647478104,0.6558325886726379,0.5537842512130737,-0.041221119463443756,0.6542675495147705,0.5811235904693604,-0.03959782049059868,0.6465590596199036,0.5871570110321045,-0.036592997610569,E
0.0,0.0,0.0,0.0,0.0,0.0,0.0,0.0,0.0,0.0,0.0,0.0,0.0,0.0,0.0,0.0,0.0,0.0,0.0,0.0,0.0,0.0,0.0,0.0,0.0,0.0,0.0,0.0,0.0,0.0,0.0,0.0,0.0,0.0,0.0,0.0,0.0,0.0,0.0,0.0,0.0,0.0,0.0,0.0,0.0,0.0,0.0,0.0,0.0,0.0,0.0,0.0,0.0,0.0,0.0,0.0,0.0,0.0,0.0,0.0,0.0,0.0,0.0,0.6184146404266357,0.6575841903686523,-1.7913716021666914e-07,0.6288970112800598,0.6636162996292114,-0.029567867517471313,0.6409280896186829,0.6499086618423462,-0.04911502078175545,0.6617571115493774,0.6253480911254883,-0.06351921707391739,0.6755169034004211,0.6037769317626953,-0.07453424483537674,0.5930818319320679,0.5399277210235596,-0.03604375571012497,0.643470287322998,0.5410733819007874,-0.0562518872320652,0.6531203389167786,0.583500862121582,-0.06916332989931107,0.6434415578842163,0.6047089099884033,-0.07750333845615387,0.5989223122596741,0.5221795439720154,-0.029197202995419502,0.6474140882492065,0.5275989174842834,-0.05019081011414528,0.6557444334030151,0.5773510932922363,-0.05608006939291954,0.6475977301597595,0.6026675701141357,-0.057500291615724564,0.6090878844261169,0.5176365375518799,-0.024505125358700752,0.6526545882225037,0.523666501045227,-0.044115759432315826,0.6584529280662537,0.5693472623825073,-0.04192395508289337,0.6509591341018677,0.5934925675392151,-0.03696228563785553,0.6207140684127808,0.523865818977356,-0.022003116086125374,0.6557230949401855,0.532090961933136,-0.03434266149997711,0.6601763963699341,0.5668851137161255,-0.03281019255518913,0.6553195118904114,0.5847505927085876,-0.028865162283182144,E
0.0,0.0,0.0,0.0,0.0,0.0,0.0,0.0,0.0,0.0,0.0,0.0,0.0,0.0,0.0,0.0,0.0,0.0,0.0,0.0,0.0,0.0,0.0,0.0,0.0,0.0,0.0,0.0,0.0,0.0,0.0,0.0,0.0,0.0,0.0,0.0,0.0,0.0,0.0,0.0,0.0,0.0,0.0,0.0,0.0,0.0,0.0,0.0,0.0,0.0,0.0,0.0,0.0,0.0,0.0,0.0,0.0,0.0,0.0,0.0,0.0,0.0,0.0,0.6208796501159668,0.6589879393577576,-1.5848294765419269e-07,0.6261644959449768,0.6665992736816406,-0.03270963579416275,0.6340160965919495,0.6549932956695557,-0.05372171103954315,0.657412588596344,0.6318456530570984,-0.06887540966272354,0.6750688552856445,0.6115373969078064,-0.08024050295352936,0.5829987525939941,0.5496942400932312,-0.03989945724606514,0.6286391019821167,0.5416056513786316,-0.06071290746331215,0.6430944800376892,0.5806386470794678,-0.07290317863225937,0.6371325254440308,0.6007943153381348,-0.08074218034744263,0.5960822105407715,0.5268765091896057,-0.03211234509944916,0.6415449976921082,0.5239964127540588,-0.053268466144800186,0.6565932035446167,0.5721879601478577,-0.058775488287210464,0.6508467793464661,0.5946602821350098,-0.06023227050900459,0.6132625341415405,0.5185053944587708,-0.026692770421504974,0.6549702882766724,0.5167677998542786,-0.04760949686169624,0.6654701828956604,0.5630266666412354,-0.0452018566429615,0.6590481996536255,0.5850375294685364,-0.040284112095832825,0.6314738392829895,0.521953284740448,-0.023544909432530403,0.6642041802406311,0.5245084166526794,-0.038381144404411316,0.6700493693351746,0.5608012676239014,-0.037333954125642776,0.664922833442688,0.5785022974014282,-0.03367191553115845,E
0.0,0.0,0.0,0.0,0.0,0.0,0.0,0.0,0.0,0.0,0.0,0.0,0.0,0.0,0.0,0.0,0.0,0.0,0.0,0.0,0.0,0.0,0.0,0.0,0.0,0.0,0.0,0.0,0.0,0.0,0.0,0.0,0.0,0.0,0.0,0.0,0.0,0.0,0.0,0.0,0.0,0.0,0.0,0.0,0.0,0.0,0.0,0.0,0.0,0.0,0.0,0.0,0.0,0.0,0.0,0.0,0.0,0.0,0.0,0.0,0.0,0.0,0.0,0.6218454837799072,0.6541985273361206,-1.6593391194419382e-07,0.6209341883659363,0.6610652804374695,-0.03523613139986992,0.6237044334411621,0.6527320742607117,-0.05755257233977318,0.6463778018951416,0.6348735094070435,-0.07355782389640808,0.6624161005020142,0.6200031638145447,-0.0855216309428215,0.5782094597816467,0.5360824465751648,-0.04096508398652077,0.633204996585846,0.5501528978347778,-0.06450352072715759,0.640967607498169,0.5859963893890381,-0.0793723538517952,0.6294991374015808,0.599642813205719,-0.08934766799211502,0.6008608937263489,0.5171899199485779,-0.033541303128004074,0.6541473269462585,0.5341984629631042,-0.057085055857896805,0.6585471630096436,0.5794093012809753,-0.06479406356811523,0.6461187601089478,0.5966214537620544,-0.06777895241975784,0.6251724362373352,0.5141865611076355,-0.02898283302783966,0.6731463074684143,0.5343628525733948,-0.05118600279092789,0.6735817790031433,0.577060341835022,-0.05097531899809837,0.6611760854721069,0.5912767052650452,-0.04749269410967827,0.6490662693977356,0.5226317644119263,-0.02723478339612484,0.6851035356521606,0.5456570982933044,-0.04210396111011505,0.6819944977760315,0.5796046853065491,-0.04275404289364815,0.6701768040657043,0.5915440320968628,-0.04042067751288414,E
0.0,0.0,0.0,0.0,0.0,0.0,0.0,0.0,0.0,0.0,0.0,0.0,0.0,0.0,0.0,0.0,0.0,0.0,0.0,0.0,0.0,0.0,0.0,0.0,0.0,0.0,0.0,0.0,0.0,0.0,0.0,0.0,0.0,0.0,0.0,0.0,0.0,0.0,0.0,0.0,0.0,0.0,0.0,0.0,0.0,0.0,0.0,0.0,0.0,0.0,0.0,0.0,0.0,0.0,0.0,0.0,0.0,0.0,0.0,0.0,0.0,0.0,0.0,0.6228315234184265,0.6570556163787842,-1.1037929681378955e-07,0.6207876801490784,0.6660935878753662,-0.03732076287269592,0.6217123866081238,0.6577540636062622,-0.061450209468603134,0.6430301070213318,0.6398080587387085,-0.07815266400575638,0.6638920307159424,0.6216333508491516,-0.09027056396007538,0.5774731636047363,0.5422200560569763,-0.048086728900671005,0.628883957862854,0.5621462464332581,-0.0702616274356842,0.6364035606384277,0.5936436057090759,-0.08310572057962418,0.6270493865013123,0.6007445454597473,-0.09194503724575043,0.5985593199729919,0.5221090912818909,-0.03860524669289589,0.6476883888244629,0.5504848957061768,-0.06072217598557472,0.6510380506515503,0.5888714790344238,-0.06717993319034576,0.64044189453125,0.5982171893119812,-0.07050210982561111,0.6228593587875366,0.5185194611549377,-0.03147921711206436,0.6643164157867432,0.5436425805091858,-0.05069957301020622,0.6649181246757507,0.5775690078735352,-0.04906252771615982,0.6555271148681641,0.5852652192115784,-0.04648851230740547,0.6466049551963806,0.5259275436401367,-0.02738926187157631,0.67608642578125,0.5483717322349548,-0.04035651683807373,0.6739036440849304,0.5771442651748657,-0.040203679352998734,0.6661210060119629,0.5850379467010498,-0.03827153146266937,E
0.0,0.0,0.0,0.0,0.0,0.0,0.0,0.0,0.0,0.0,0.0,0.0,0.0,0.0,0.0,0.0,0.0,0.0,0.0,0.0,0.0,0.0,0.0,0.0,0.0,0.0,0.0,0.0,0.0,0.0,0.0,0.0,0.0,0.0,0.0,0.0,0.0,0.0,0.0,0.0,0.0,0.0,0.0,0.0,0.0,0.0,0.0,0.0,0.0,0.0,0.0,0.0,0.0,0.0,0.0,0.0,0.0,0.0,0.0,0.0,0.0,0.0,0.0,0.6188056468963623,0.651023805141449,-7.78111441945839e-08,0.6182447075843811,0.6604334115982056,-0.03993136063218117,0.6214689612388611,0.6541853547096252,-0.06531042605638504,0.6455333232879639,0.6364799737930298,-0.08302270621061325,0.6659618616104126,0.6174899339675903,-0.0972282811999321,0.5731145739555359,0.5473809242248535,-0.05160628631711006,0.6214253902435303,0.5509281158447266,-0.07379961758852005,0.6361496448516846,0.5854723453521729,-0.08736419677734375,0.6315581202507019,0.6058032512664795,-0.09639957547187805,0.5951968431472778,0.5221521854400635,-0.041094593703746796,0.6403670907020569,0.5244382619857788,-0.06282290071249008,0.6551852226257324,0.5695503354072571,-0.07002084702253342,0.6522749662399292,0.5948488712310791,-0.07301715016365051,0.6193445324897766,0.5141266584396362,-0.03272625803947449,0.6600123643875122,0.5162411332130432,-0.054991405457258224,0.6724305748939514,0.5590816736221313,-0.054086122661828995,0.6699948310852051,0.5831393599510193,-0.049950968474149704,0.642636775970459,0.5190064311027527,-0.02697378396987915,0.6744367480278015,0.5250720977783203,-0.044762589037418365,0.6838931441307068,0.557486355304718,-0.04456930235028267,0.6832696795463562,0.5756469964981079,-0.04075290262699127,E
0.0,0.0,0.0,0.0,0.0,0.0,0.0,0.0,0.0,0.0,0.0,0.0,0.0,0.0,0.0,0.0,0.0,0.0,0.0,0.0,0.0,0.0,0.0,0.0,0.0,0.0,0.0,0.0,0.0,0.0,0.0,0.0,0.0,0.0,0.0,0.0,0.0,0.0,0.0,0.0,0.0,0.0,0.0,0.0,0.0,0.0,0.0,0.0,0.0,0.0,0.0,0.0,0.0,0.0,0.0,0.0,0.0,0.0,0.0,0.0,0.0,0.0,0.0,0.617057740688324,0.6563605070114136,-1.2746014022013696e-07,0.614281952381134,0.6629462242126465,-0.04906211420893669,0.6154987215995789,0.649854838848114,-0.07747109979391098,0.643450915813446,0.6277613043785095,-0.09696151316165924,0.6714198589324951,0.6111094355583191,-0.11234118789434433,0.5774543881416321,0.5398097038269043,-0.055911917239427567,0.627758800983429,0.5389997959136963,-0.08465255051851273,0.6352007985115051,0.5828771591186523,-0.10194922238588333,0.6235877871513367,0.6034623980522156,-0.11295685172080994,0.6008297204971313,0.5206915736198425,-0.04162771254777908,0.6481668949127197,0.5273730754852295,-0.07159783691167831,0.6538706421852112,0.5804648399353027,-0.08140599727630615,0.6409394145011902,0.5985752940177917,-0.08463066071271896,0.623633861541748,0.5193989276885986,-0.03101945109665394,0.6666795611381531,0.5272966623306274,-0.06049920991063118,0.6689708232879639,0.5760231614112854,-0.06069429963827133,0.6568998694419861,0.5911715626716614,-0.05591505393385887,0.6433406472206116,0.5276087522506714,-0.023821286857128143,0.678255021572113,0.5418680906295776,-0.04537314549088478,0.6772390604019165,0.5789675116539001,-0.04716162756085396,0.6663299202919006,0.5916017889976501,-0.04430599883198738,E
0.0,0.0,0.0,0.0,0.0,0.0,0.0,0.0,0.0,0.0,0.0,0.0,0.0,0.0,0.0,0.0,0.0,0.0,0.0,0.0,0.0,0.0,0.0,0.0,0.0,0.0,0.0,0.0,0.0,0.0,0.0,0.0,0.0,0.0,0.0,0.0,0.0,0.0,0.0,0.0,0.0,0.0,0.0,0.0,0.0,0.0,0.0,0.0,0.0,0.0,0.0,0.0,0.0,0.0,0.0,0.0,0.0,0.0,0.0,0.0,0.0,0.0,0.0,0.6046877503395081,0.6653542518615723,-7.11594694280393e-08,0.6049403548240662,0.671245276927948,-0.04909404367208481,0.613152027130127,0.6549553275108337,-0.07699845731258392,0.6454988121986389,0.6340039372444153,-0.09496112912893295,0.6750897765159607,0.6136630177497864,-0.10822820663452148,0.568445086479187,0.5429942607879639,-0.05850272625684738,0.6242488622665405,0.5476892590522766,-0.0859253853559494,0.6337683796882629,0.5880733132362366,-0.10139193385839462,0.623714804649353,0.609123945236206,-0.11117146909236908,0.5932937264442444,0.5230783820152283,-0.04382087290287018,0.643587052822113,0.5270856022834778,-0.0725407525897026,0.6508798599243164,0.5805462002754211,-0.08041983097791672,0.639424741268158,0.6036339998245239,-0.08234094828367233,0.6193205714225769,0.5206891298294067,-0.0325181670486927,0.6645107865333557,0.5271694660186768,-0.06003084406256676,0.6679242849349976,0.5763788223266602,-0.05785391479730606,0.6558434963226318,0.5956434011459351,-0.05200185999274254,0.6429197788238525,0.5301165580749512,-0.024681834504008293,0.6783747673034668,0.5450233221054077,-0.04530626907944679,0.677492618560791,0.5831965804100037,-0.045518044382333755,0.6655893325805664,0.5977522730827332,-0.04184072092175484,E
0.0,0.0,0.0,0.0,0.0,0.0,0.0,0.0,0.0,0.0,0.0,0.0,0.0,0.0,0.0,0.0,0.0,0.0,0.0,0.0,0.0,0.0,0.0,0.0,0.0,0.0,0.0,0.0,0.0,0.0,0.0,0.0,0.0,0.0,0.0,0.0,0.0,0.0,0.0,0.0,0.0,0.0,0.0,0.0,0.0,0.0,0.0,0.0,0.0,0.0,0.0,0.0,0.0,0.0,0.0,0.0,0.0,0.0,0.0,0.0,0.0,0.0,0.0,0.6185554265975952,0.659325361251831,-1.1046424219784967e-07,0.6167517304420471,0.6661998629570007,-0.04271644353866577,0.6201493740081787,0.653072714805603,-0.06862936913967133,0.6461862325668335,0.6293571591377258,-0.08625990897417068,0.6697551012039185,0.6044504046440125,-0.09936446696519852,0.5720891356468201,0.5428676605224609,-0.050297316163778305,0.6250026822090149,0.5478222370147705,-0.07517353445291519,0.6327838897705078,0.5880482196807861,-0.08999751508235931,0.622309148311615,0.6051290035247803,-0.10038602352142334,0.5961049199104309,0.5228391289710999,-0.03929773345589638,0.6445865035057068,0.5313946008682251,-0.06485366821289062,0.6504483819007874,0.5812942981719971,-0.07215029001235962,0.6388030648231506,0.5984078645706177,-0.07509084045886993,0.621161699295044,0.520092248916626,-0.0314783975481987,0.66501384973526,0.5315169095993042,-0.05579301342368126,0.6670734882354736,0.5772759318351746,-0.053590890020132065,0.6549350619316101,0.5915718078613281,-0.04919738695025444,0.64454185962677,0.528509259223938,-0.02687346376478672,0.6794929504394531,0.5483278036117554,-0.044442951679229736,0.6777622103691101,0.5841228365898132,-0.04454493150115013,0.6661590933799744,0.5952589511871338,-0.041853759437799454,E
0.0,0.0,0.0,0.0,0.0,0.0,0.0,0.0,0.0,0.0,0.0,0.0,0.0,0.0,0.0,0.0,0.0,0.0,0.0,0.0,0.0,0.0,0.0,0.0,0.0,0.0,0.0,0.0,0.0,0.0,0.0,0.0,0.0,0.0,0.0,0.0,0.0,0.0,0.0,0.0,0.0,0.0,0.0,0.0,0.0,0.0,0.0,0.0,0.0,0.0,0.0,0.0,0.0,0.0,0.0,0.0,0.0,0.0,0.0,0.0,0.0,0.0,0.0,0.6202296614646912,0.6522529721260071,-1.2941760019202775e-07,0.6230948567390442,0.6629791855812073,-0.03769160062074661,0.6297033429145813,0.6563631296157837,-0.061215102672576904,0.653041660785675,0.6359285116195679,-0.0771411806344986,0.6732382774353027,0.6137254238128662,-0.08927816152572632,0.5749351978302002,0.5509008169174194,-0.04981051757931709,0.6209445595741272,0.5483980178833008,-0.06912364810705185,0.6346745491027832,0.5859221816062927,-0.0787741169333458,0.6285998821258545,0.6094139814376831,-0.08493291586637497,0.5914713144302368,0.5236936807632446,-0.0391840860247612,0.6372778415679932,0.5225694179534912,-0.059077225625514984,0.6507585644721985,0.5718039870262146,-0.06372357904911041,0.644058108329773,0.5999616980552673,-0.06497350335121155,0.6114836931228638,0.5136222243309021,-0.0303452517837286,0.6533617973327637,0.5111013650894165,-0.05157474800944328,0.6641001105308533,0.5584166646003723,-0.04952838271856308,0.6587489247322083,0.5864927172660828,-0.0448547787964344,0.631968080997467,0.5169381499290466,-0.023820029571652412,0.6628026366233826,0.5197336673736572,-0.04218662157654762,0.669715166091919,0.559239387512207,-0.04216241091489792,0.6658662557601929,0.5836424827575684,-0.038575027137994766,E
0.0,0.0,0.0,0.0,0.0,0.0,0.0,0.0,0.0,0.0,0.0,0.0,0.0,0.0,0.0,0.0,0.0,0.0,0.0,0.0,0.0,0.0,0.0,0.0,0.0,0.0,0.0,0.0,0.0,0.0,0.0,0.0,0.0,0.0,0.0,0.0,0.0,0.0,0.0,0.0,0.0,0.0,0.0,0.0,0.0,0.0,0.0,0.0,0.0,0.0,0.0,0.0,0.0,0.0,0.0,0.0,0.0,0.0,0.0,0.0,0.0,0.0,0.0,0.6228063106536865,0.6560035943984985,-1.3478549476531043e-07,0.6193450689315796,0.6637996435165405,-0.03991811349987984,0.6190909743309021,0.6563652157783508,-0.06403771787881851,0.6429681181907654,0.6414505839347839,-0.08078493177890778,0.6651131510734558,0.6246519088745117,-0.0932115986943245,0.5777007937431335,0.5397078990936279,-0.04639287292957306,0.6281397342681885,0.5525237917900085,-0.07008977979421616,0.6366199254989624,0.5887638926506042,-0.08386462181806564,0.6271078586578369,0.6049373149871826,-0.0928240492939949,0.6026790142059326,0.5215758085250854,-0.03619921952486038,0.6496784090995789,0.5357863306999207,-0.06049423664808273,0.6552790403366089,0.5826629400253296,-0.0679551437497139,0.6433660387992859,0.6021672487258911,-0.07057152688503265,0.6277176737785339,0.5192499160766602,-0.02900155447423458,0.6694784760475159,0.5372387170791626,-0.052209869027137756,0.670535147190094,0.5818888545036316,-0.051334261894226074,0.6572477221488953,0.5994750261306763,-0.04730479046702385,0.6508125066757202,0.5292308926582336,-0.024848420172929764,0.6817754507064819,0.5497660636901855,-0.04187781363725662,0.68006831407547,0.5849165320396423,-0.04251636564731598,0.6687789559364319,0.5996227264404297,-0.03984997794032097,E
0.0,0.0,0.0,0.0,0.0,0.0,0.0,0.0,0.0,0.0,0.0,0.0,0.0,0.0,0.0,0.0,0.0,0.0,0.0,0.0,0.0,0.0,0.0,0.0,0.0,0.0,0.0,0.0,0.0,0.0,0.0,0.0,0.0,0.0,0.0,0.0,0.0,0.0,0.0,0.0,0.0,0.0,0.0,0.0,0.0,0.0,0.0,0.0,0.0,0.0,0.0,0.0,0.0,0.0,0.0,0.0,0.0,0.0,0.0,0.0,0.0,0.0,0.0,0.617492139339447,0.6576252579689026,-1.3334562254385673e-07,0.6235086917877197,0.6649147868156433,-0.03338499739766121,0.6304066777229309,0.6558690071105957,-0.0549640916287899,0.6503499746322632,0.636032223701477,-0.0709971934556961,0.6643933057785034,0.6167939901351929,-0.08299292623996735,0.5818793773651123,0.5398016571998596,-0.03825576975941658,0.6325222849845886,0.5337396264076233,-0.0607258565723896,0.6459235548973083,0.5749871730804443,-0.07347844541072845,0.6394640803337097,0.5998588800430298,-0.08100628107786179,0.5946395993232727,0.5195137858390808,-0.030642006546258926,0.6446288228034973,0.5199417471885681,-0.0532015785574913,0.65705806016922,0.5700365900993347,-0.05904153734445572,0.6502308249473572,0.5959592461585999,-0.060019440948963165,0.6103834509849548,0.5139760375022888,-0.02592148259282112,0.6553128957748413,0.5205600261688232,-0.047838613390922546,0.6626945734024048,0.5702036619186401,-0.0455191470682621,0.6548373103141785,0.5952920317649841,-0.03994297981262207,0.6270142197608948,0.5201378464698792,-0.023714419454336166,0.6621531844139099,0.5331052541732788,-0.0385977104306221,0.6649314165115356,0.5719591975212097,-0.03788866847753525,0.6572508811950684,0.5918884873390198,-0.03411135822534561,E
0.0,0.0,0.0,0.0,0.0,0.0,0.0,0.0,0.0,0.0,0.0,0.0,0.0,0.0,0.0,0.0,0.0,0.0,0.0,0.0,0.0,0.0,0.0,0.0,0.0,0.0,0.0,0.0,0.0,0.0,0.0,0.0,0.0,0.0,0.0,0.0,0.0,0.0,0.0,0.0,0.0,0.0,0.0,0.0,0.0,0.0,0.0,0.0,0.0,0.0,0.0,0.0,0.0,0.0,0.0,0.0,0.0,0.0,0.0,0.0,0.0,0.0,0.0,0.6122015714645386,0.6590171456336975,-4.0280003332782144e-08,0.6207606792449951,0.6642197370529175,-0.03865835443139076,0.6276679039001465,0.6529311537742615,-0.06271197646856308,0.646233320236206,0.6350418925285339,-0.07989255338907242,0.6608673334121704,0.6190344095230103,-0.09315912425518036,0.5841217637062073,0.5404070019721985,-0.04604455456137657,0.6310582160949707,0.530540406703949,-0.0697994977235794,0.6444889903068542,0.5696409940719604,-0.08375579863786697,0.6397762894630432,0.5951840877532959,-0.09174471348524094,0.5969112515449524,0.5216302275657654,-0.03551092371344566,0.6445813775062561,0.5125421285629272,-0.06066834554076195,0.6580449938774109,0.5606706738471985,-0.06807011365890503,0.6533740758895874,0.5895350575447083,-0.06925639510154724,0.6107073426246643,0.517716646194458,-0.027743175625801086,0.653830349445343,0.5152169466018677,-0.05126018449664116,0.662747323513031,0.5613969564437866,-0.0494128055870533,0.656653881072998,0.5882111191749573,-0.043389733880758286,0.6228874921798706,0.5255064964294434,-0.022708844393491745,0.6587923169136047,0.5280205607414246,-0.03856848180294037,0.6647090315818787,0.5623666644096375,-0.03744012117385864,0.6600226759910583,0.5824759006500244,-0.03287528082728386,E
0.0,0.0,0.0,0.0,0.0,0.0,0.0,0.0,0.0,0.0,0.0,0.0,0.0,0.0,0.0,0.0,0.0,0.0,0.0,0.0,0.0,0.0,0.0,0.0,0.0,0.0,0.0,0.0,0.0,0.0,0.0,0.0,0.0,0.0,0.0,0.0,0.0,0.0,0.0,0.0,0.0,0.0,0.0,0.0,0.0,0.0,0.0,0.0,0.0,0.0,0.0,0.0,0.0,0.0,0.0,0.0,0.0,0.0,0.0,0.0,0.0,0.0,0.0,0.6188454031944275,0.6578232645988464,-1.4583149265945394e-07,0.6226115822792053,0.6627842783927917,-0.03974548727273941,0.6270502209663391,0.6526301503181458,-0.06574191153049469,0.6468491554260254,0.633016049861908,-0.08492492884397507,0.6624153852462769,0.614963948726654,-0.1000528559088707,0.5854777693748474,0.5357675552368164,-0.04622727632522583,0.6310886740684509,0.5438535809516907,-0.07113742083311081,0.6393247246742249,0.5844551920890808,-0.08707593381404877,0.6282034516334534,0.6011525988578796,-0.09759243577718735,0.5992303490638733,0.5185692310333252,-0.036159664392471313,0.6415549516677856,0.5353750586509705,-0.06158358231186867,0.6479672789573669,0.5827844142913818,-0.07056432217359543,0.6367141008377075,0.5983179807662964,-0.07463569194078445,0.6150501370429993,0.5167611837387085,-0.028996527194976807,0.6515139937400818,0.5322184562683105,-0.05234194174408913,0.6554834246635437,0.5762842297554016,-0.05091463401913643,0.6455748081207275,0.5904863476753235,-0.046943288296461105,0.6297866702079773,0.5252220630645752,-0.024884385988116264,0.6593183279037476,0.5438365936279297,-0.039901334792375565,0.6605516672134399,0.5767297148704529,-0.039147716015577316,0.6525325775146484,0.5868706107139587,-0.03586217388510704,E
0.0,0.0,0.0,0.0,0.0,0.0,0.0,0.0,0.0,0.0,0.0,0.0,0.0,0.0,0.0,0.0,0.0,0.0,0.0,0.0,0.0,0.0,0.0,0.0,0.0,0.0,0.0,0.0,0.0,0.0,0.0,0.0,0.0,0.0,0.0,0.0,0.0,0.0,0.0,0.0,0.0,0.0,0.0,0.0,0.0,0.0,0.0,0.0,0.0,0.0,0.0,0.0,0.0,0.0,0.0,0.0,0.0,0.0,0.0,0.0,0.0,0.0,0.0,0.6205072999000549,0.6553563475608826,-1.5349216653248732e-07,0.6154969334602356,0.6620191931724548,-0.04429923743009567,0.6164180040359497,0.6523826122283936,-0.07195793837308884,0.64139723777771,0.6337521076202393,-0.09118281304836273,0.6634144186973572,0.6165412068367004,-0.10558994114398956,0.5702832937240601,0.5324048399925232,-0.05197823792695999,0.6279600858688354,0.5470584630966187,-0.07803009450435638,0.6350135803222656,0.5905888080596924,-0.09261511266231537,0.6217933893203735,0.6042156219482422,-0.10254612565040588,0.5971031188964844,0.5147964358329773,-0.04023498669266701,0.6488069295883179,0.5360026955604553,-0.068296417593956,0.6527829766273499,0.5879920125007629,-0.0762040913105011,0.6381688117980957,0.6004716753959656,-0.0791112631559372,0.6240649223327637,0.5134100317955017,-0.031637657433748245,0.6695460081100464,0.5367096066474915,-0.05781745910644531,0.669211745262146,0.5852341651916504,-0.05593203753232956,0.6545859575271606,0.5957164764404297,-0.051195405423641205,0.648619532585144,0.5210829973220825,-0.026318661868572235,0.6823451519012451,0.5493069887161255,-0.04373864829540253,0.6780358552932739,0.5881943702697754,-0.044009238481521606,0.6641861200332642,0.5975005626678467,-0.04132433980703354,E
0.0,0.0,0.0,0.0,0.0,0.0,0.0,0.0,0.0,0.0,0.0,0.0,0.0,0.0,0.0,0.0,0.0,0.0,0.0,0.0,0.0,0.0,0.0,0.0,0.0,0.0,0.0,0.0,0.0,0.0,0.0,0.0,0.0,0.0,0.0,0.0,0.0,0.0,0.0,0.0,0.0,0.0,0.0,0.0,0.0,0.0,0.0,0.0,0.0,0.0,0.0,0.0,0.0,0.0,0.0,0.0,0.0,0.0,0.0,0.0,0.0,0.0,0.0,0.6152868866920471,0.6564836502075195,-1.4813173265793012e-07,0.6096643805503845,0.6660613417625427,-0.05587200075387955,0.614811360836029,0.6554461121559143,-0.08858694136142731,0.64133620262146,0.6385344862937927,-0.10954220592975616,0.6645276546478271,0.6195077896118164,-0.12426598370075226,0.5735729932785034,0.5298761129379272,-0.06880218535661697,0.6367601156234741,0.5564523339271545,-0.0950840413570404,0.6384090185165405,0.6005119681358337,-0.10659057646989822,0.6206005811691284,0.6060382723808289,-0.11555978655815125,0.6034896373748779,0.5136793851852417,-0.051623452454805374,0.6588096022605896,0.5513317584991455,-0.08206134289503098,0.6568461656570435,0.6015410423278809,-0.08838397264480591,0.6397599577903748,0.6040587425231934,-0.09104537218809128,0.6311898231506348,0.5152848958969116,-0.037852633744478226,0.6774006485939026,0.5594393014907837,-0.06538651883602142,0.671092689037323,0.6037690043449402,-0.0618986040353775,0.6532347202301025,0.6046240329742432,-0.057158082723617554,0.6530247926712036,0.5257312655448914,-0.028394652530550957,0.6860613822937012,0.5688967108726501,-0.04760218411684036,0.6790228486061096,0.6033620238304138,-0.04924391582608223,0.6632409691810608,0.6038336157798767,-0.048096444457769394,E
0.0,0.0,0.0,0.0,0.0,0.0,0.0,0.0,0.0,0.0,0.0,0.0,0.0,0.0,0.0,0.0,0.0,0.0,0.0,0.0,0.0,0.0,0.0,0.0,0.0,0.0,0.0,0.0,0.0,0.0,0.0,0.0,0.0,0.0,0.0,0.0,0.0,0.0,0.0,0.0,0.0,0.0,0.0,0.0,0.0,0.0,0.0,0.0,0.0,0.0,0.0,0.0,0.0,0.0,0.0,0.0,0.0,0.0,0.0,0.0,0.0,0.0,0.0,0.6192142963409424,0.6556211709976196,-7.685200387186342e-08,0.6165361404418945,0.6600818634033203,-0.04834960028529167,0.6174174547195435,0.6503808498382568,-0.077329121530056,0.6380913853645325,0.6352534890174866,-0.09736818075180054,0.6572660803794861,0.622287392616272,-0.11284416913986206,0.578526496887207,0.5310742855072021,-0.055940575897693634,0.6323170065879822,0.5404313802719116,-0.0827910527586937,0.6397042870521545,0.5827000737190247,-0.09843780845403671,0.6290836930274963,0.6007127165794373,-0.10844369232654572,0.6042509078979492,0.5148879885673523,-0.04191429913043976,0.6527429819107056,0.5261417627334595,-0.07102692127227783,0.6565456986427307,0.5768653154373169,-0.08002591878175735,0.6437846422195435,0.5970394015312195,-0.08275948464870453,0.6289345622062683,0.5152233839035034,-0.03124583140015602,0.6720334887504578,0.5310033559799194,-0.05783424153923988,0.6712924242019653,0.5773554444313049,-0.05686359852552414,0.6575086116790771,0.5948958992958069,-0.05186613276600838,0.6493048667907715,0.5244680047035217,-0.024159502238035202,0.6843016147613525,0.5450685620307922,-0.0418410487473011,0.680415153503418,0.5814846158027649,-0.04209320992231369,0.6670820713043213,0.5956565737724304,-0.038847558200359344,E
0.0,0.0,0.0,0.0,0.0,0.0,0.0,0.0,0.0,0.0,0.0,0.0,0.0,0.0,0.0,0.0,0.0,0.0,0.0,0.0,0.0,0.0,0.0,0.0,0.0,0.0,0.0,0.0,0.0,0.0,0.0,0.0,0.0,0.0,0.0,0.0,0.0,0.0,0.0,0.0,0.0,0.0,0.0,0.0,0.0,0.0,0.0,0.0,0.0,0.0,0.0,0.0,0.0,0.0,0.0,0.0,0.0,0.0,0.0,0.0,0.0,0.0,0.0,0.626703143119812,0.644481897354126,-1.5593242608247238e-07,0.6137893199920654,0.6565730571746826,-0.04657147079706192,0.6112390756607056,0.6520042419433594,-0.07532896101474762,0.6353327035903931,0.6391947865486145,-0.09501898288726807,0.6548721194267273,0.6251619458198547,-0.1092851459980011,0.5747640132904053,0.529973030090332,-0.0560145378112793,0.6313132643699646,0.5632895231246948,-0.0819229781627655,0.6321162581443787,0.5986168384552002,-0.09577329456806183,0.6167613863945007,0.598732590675354,-0.10595535486936569,0.6036843061447144,0.5126426219940186,-0.043367162346839905,0.654619574546814,0.5623664855957031,-0.06993559002876282,0.6509224772453308,0.6029523611068726,-0.07658704370260239,0.63511061668396,0.6001665592193604,-0.08042710274457932,0.6316636800765991,0.5110432505607605,-0.03422965481877327,0.6749247908592224,0.5620800852775574,-0.05766158178448677,0.6677301526069641,0.5994181632995605,-0.055453840643167496,0.6522173881530762,0.5960952639579773,-0.052561718970537186,0.6562904715538025,0.5180391669273376,-0.02910635620355606,0.684921383857727,0.5647976398468018,-0.04541585594415665,0.6777074337005615,0.5966793894767761,-0.047314517199993134,0.6641684770584106,0.5962831377983093,-0.04692162945866585,E
0.0,0.0,0.0,0.0,0.0,0.0,0.0,0.0,0.0,0.0,0.0,0.0,0.0,0.0,0.0,0.0,0.0,0.0,0.0,0.0,0.0,0.0,0.0,0.0,0.0,0.0,0.0,0.0,0.0,0.0,0.0,0.0,0.0,0.0,0.0,0.0,0.0,0.0,0.0,0.0,0.0,0.0,0.0,0.0,0.0,0.0,0.0,0.0,0.0,0.0,0.0,0.0,0.0,0.0,0.0,0.0,0.0,0.0,0.0,0.0,0.0,0.0,0.0,0.6169160604476929,0.65738844871521,-6.994850565433808e-08,0.6180909276008606,0.6646758913993835,-0.04666018858551979,0.6227033734321594,0.6573660969734192,-0.0753040611743927,0.6448137164115906,0.6419180631637573,-0.09544606506824493,0.6583001613616943,0.6271916031837463,-0.11136157065629959,0.5750437378883362,0.5414378643035889,-0.05587887763977051,0.6259723901748657,0.5405504107475281,-0.08257818967103958,0.6361628174781799,0.583842396736145,-0.09772861748933792,0.6279224753379822,0.6065815687179565,-0.10702963918447495,0.5980719327926636,0.5212704539299011,-0.04301491007208824,0.6454800963401794,0.5200472474098206,-0.07146159559488297,0.6544007658958435,0.5729376077651978,-0.08022069931030273,0.6457194685935974,0.5985823273658752,-0.0825083926320076,0.621260404586792,0.5171800255775452,-0.03328602388501167,0.6643674373626709,0.5212200880050659,-0.060252439230680466,0.6690320372581482,0.5721158385276794,-0.059033848345279694,0.6593909859657288,0.5953655242919922,-0.05347747355699539,0.6420072913169861,0.5232817530632019,-0.026783378794789314,0.676425039768219,0.5365373492240906,-0.045782510191202164,0.6774448156356812,0.5756733417510986,-0.04567315801978111,0.6683632731437683,0.5933474898338318,-0.04180983081459999,E
0.0,0.0,0.0,0.0,0.0,0.0,0.0,0.0,0.0,0.0,0.0,0.0,0.0,0.0,0.0,0.0,0.0,0.0,0.0,0.0,0.0,0.0,0.0,0.0,0.0,0.0,0.0,0.0,0.0,0.0,0.0,0.0,0.0,0.0,0.0,0.0,0.0,0.0,0.0,0.0,0.0,0.0,0.0,0.0,0.0,0.0,0.0,0.0,0.0,0.0,0.0,0.0,0.0,0.0,0.0,0.0,0.0,0.0,0.0,0.0,0.0,0.0,0.0,0.6138882040977478,0.6533001065254211,-6.110922612379e-08,0.6222659349441528,0.6624718308448792,-0.04045899212360382,0.6309856176376343,0.6528984904289246,-0.06717578321695328,0.6504324674606323,0.6357429623603821,-0.08680229634046555,0.66438227891922,0.6152487993240356,-0.10175567865371704,0.5858587026596069,0.5369718074798584,-0.05335332453250885,0.6375222206115723,0.5381457805633545,-0.08185934275388718,0.6496817469596863,0.5817164182662964,-0.09625820070505142,0.6413217186927795,0.6005295515060425,-0.10431378334760666,0.591643750667572,0.521026611328125,-0.04405688866972923,0.6436613202095032,0.5253074765205383,-0.07473794370889664,0.6552441716194153,0.5781168341636658,-0.08183230459690094,0.6465507745742798,0.5992214679718018,-0.08261128515005112,0.6025749444961548,0.5192453265190125,-0.03785415366292,0.6476756930351257,0.5241105556488037,-0.0655197873711586,0.6552219390869141,0.5738545656204224,-0.061781156808137894,0.6463590264320374,0.5933710336685181,-0.054668668657541275,0.6146165132522583,0.5287162065505981,-0.03454066812992096,0.6511597633361816,0.539704442024231,-0.052250705659389496,0.655630886554718,0.5743035078048706,-0.051012806594371796,0.6490541100502014,0.5866422057151794,-0.046755608171224594,E
0.0,0.0,0.0,0.0,0.0,0.0,0.0,0.0,0.0,0.0,0.0,0.0,0.0,0.0,0.0,0.0,0.0,0.0,0.0,0.0,0.0,0.0,0.0,0.0,0.0,0.0,0.0,0.0,0.0,0.0,0.0,0.0,0.0,0.0,0.0,0.0,0.0,0.0,0.0,0.0,0.0,0.0,0.0,0.0,0.0,0.0,0.0,0.0,0.0,0.0,0.0,0.0,0.0,0.0,0.0,0.0,0.0,0.0,0.0,0.0,0.0,0.0,0.0,0.6269723773002625,0.6549649238586426,-1.1619066953016954e-07,0.6168291568756104,0.6616125106811523,-0.0432969406247139,0.6151968240737915,0.6513461470603943,-0.07044533640146255,0.6383982300758362,0.6335209608078003,-0.09004431962966919,0.6549991369247437,0.6205300688743591,-0.10538366436958313,0.5787788033485413,0.5340420603752136,-0.04895341768860817,0.6279311180114746,0.5420601963996887,-0.07551579177379608,0.6358557343482971,0.5830943584442139,-0.09204369783401489,0.6260840892791748,0.6011031866073608,-0.10256877541542053,0.6047453284263611,0.5176832675933838,-0.03799005225300789,0.6481137275695801,0.5333660840988159,-0.06624516099691391,0.6526168584823608,0.5831628441810608,-0.07643933594226837,0.6409304738044739,0.6019167900085449,-0.08004201948642731,0.6308384537696838,0.5175754427909851,-0.030379395931959152,0.6694765090942383,0.5378952622413635,-0.05573471635580063,0.66903156042099,0.58334881067276,-0.05593246966600418,0.6572120785713196,0.5976383090019226,-0.051993291825056076,0.6548324227333069,0.526395857334137,-0.02613876387476921,0.6855213046073914,0.5515046119689941,-0.04268873482942581,0.6814318299293518,0.5865484476089478,-0.04359068349003792,0.6693711876869202,0.5972216129302979,-0.041042547672986984,E
0.6089709401130676,0.6635937690734863,-1.9849298382723646e-07,0.6360880136489868,0.6549243927001953,-0.01768864504992962,0.6590019464492798,0.6330711841583252,-0.03297491371631622,0.6723381876945496,0.6167169809341431,-0.04716469720005989,0.6748233437538147,0.6090063452720642,-0.05866929888725281,0.6311268210411072,0.5176106691360474,-0.01741577312350273,0.6716662645339966,0.5237147808074951,-0.040171973407268524,0.6753646731376648,0.5676116943359375,-0.05529364198446274,0.6635118722915649,0.5873288512229919,-0.06429293751716614,0.6081802845001221,0.5169481635093689,-0.019495612010359764,0.6516985893249512,0.5305426120758057,-0.039365001022815704,0.6564371585845947,0.5783497095108032,-0.04556098207831383,0.6462762951850891,0.5956073999404907,-0.04751567915081978,0.5895237326622009,0.5317934155464172,-0.024393228814005852,0.6305074691772461,0.5415034890174866,-0.042053721845149994,0.6382181644439697,0.5837599039077759,-0.0387086346745491,0.6306543946266174,0.6003245115280151,-0.03359512984752655,0.5762395858764648,0.5577839612960815,-0.03131260350346565,0.6106557846069336,0.5738511681556702,-0.04090592637658119,0.6201386451721191,0.6018651127815247,-0.037737879902124405,0.6171343922615051,0.6113880276679993,-0.03316674008965492,0.0,0.0,0.0,0.0,0.0,0.0,0.0,0.0,0.0,0.0,0.0,0.0,0.0,0.0,0.0,0.0,0.0,0.0,0.0,0.0,0.0,0.0,0.0,0.0,0.0,0.0,0.0,0.0,0.0,0.0,0.0,0.0,0.0,0.0,0.0,0.0,0.0,0.0,0.0,0.0,0.0,0.0,0.0,0.0,0.0,0.0,0.0,0.0,0.0,0.0,0.0,0.0,0.0,0.0,0.0,0.0,0.0,0.0,0.0,0.0,0.0,0.0,0.0,E
0.0,0.0,0.0,0.0,0.0,0.0,0.0,0.0,0.0,0.0,0.0,0.0,0.0,0.0,0.0,0.0,0.0,0.0,0.0,0.0,0.0,0.0,0.0,0.0,0.0,0.0,0.0,0.0,0.0,0.0,0.0,0.0,0.0,0.0,0.0,0.0,0.0,0.0,0.0,0.0,0.0,0.0,0.0,0.0,0.0,0.0,0.0,0.0,0.0,0.0,0.0,0.0,0.0,0.0,0.0,0.0,0.0,0.0,0.0,0.0,0.0,0.0,0.0,0.6177853941917419,0.6535371541976929,-6.551074704930215e-08,0.6121461391448975,0.6602511405944824,-0.04942624643445015,0.6132602691650391,0.6475434899330139,-0.078817218542099,0.638908863067627,0.6312604546546936,-0.09884734451770782,0.6610676646232605,0.6213666200637817,-0.11411594599485397,0.5748066902160645,0.5325110554695129,-0.05833716690540314,0.6291823387145996,0.5388738512992859,-0.08549205958843231,0.6372436881065369,0.5831602215766907,-0.09964562207460403,0.6265757083892822,0.5980768799781799,-0.10885724425315857,0.6011630296707153,0.5167495608329773,-0.04409419745206833,0.6493203043937683,0.5238297581672668,-0.07581719756126404,0.6544554233551025,0.5789037346839905,-0.08411761373281479,0.6420809030532837,0.5956049561500549,-0.08557664602994919,0.6272917985916138,0.517071008682251,-0.03323226422071457,0.6712718605995178,0.5289192795753479,-0.062250424176454544,0.6708581447601318,0.5783524513244629,-0.060671117156744,0.6570414304733276,0.5913156867027283,-0.05475704371929169,0.6502577662467957,0.5254480242729187,-0.025808794423937798,0.6840901374816895,0.5449537038803101,-0.04475397989153862,0.6799157857894897,0.5839461088180542,-0.045071784406900406,0.6666151285171509,0.5949768424034119,-0.04188544303178787,E
0.0,0.0,0.0,0.0,0.0,0.0,0.0,0.0,0.0,0.0,0.0,0.0,0.0,0.0,0.0,0.0,0.0,0.0,0.0,0.0,0.0,0.0,0.0,0.0,0.0,0.0,0.0,0.0,0.0,0.0,0.0,0.0,0.0,0.0,0.0,0.0,0.0,0.0,0.0,0.0,0.0,0.0,0.0,0.0,0.0,0.0,0.0,0.0,0.0,0.0,0.0,0.0,0.0,0.0,0.0,0.0,0.0,0.0,0.0,0.0,0.0,0.0,0.0,0.6184607744216919,0.6560310125350952,-1.1099250940560523e-07,0.6127696633338928,0.6630492806434631,-0.04675973206758499,0.6137890219688416,0.6510844230651855,-0.07536344230175018,0.6381327509880066,0.634796142578125,-0.09540598839521408,0.6575887203216553,0.6236761808395386,-0.11055081337690353,0.576262891292572,0.5304216146469116,-0.05526997521519661,0.6342803239822388,0.5461500287055969,-0.0844956785440445,0.6392248868942261,0.5892878770828247,-0.10091812908649445,0.6256646513938904,0.6008849143981934,-0.11114372313022614,0.6013203263282776,0.5155620574951172,-0.04273076727986336,0.6550572514533997,0.5363909602165222,-0.07517960667610168,0.6567708849906921,0.5867831110954285,-0.08464562892913818,0.6425596475601196,0.600693941116333,-0.0868736058473587,0.6268355846405029,0.5151777267456055,-0.03374579921364784,0.6737164258956909,0.5401409268379211,-0.061903879046440125,0.6710505485534668,0.5856229066848755,-0.06135540455579758,0.6566036939620972,0.5963436961174011,-0.056182898581027985,0.6498541235923767,0.5229787826538086,-0.028362605720758438,0.6848747730255127,0.5498987436294556,-0.045903850346803665,0.6794648170471191,0.5858566761016846,-0.04695049673318863,0.6662976741790771,0.5956927537918091,-0.044290438294410706,E
0.0,0.0,0.0,0.0,0.0,0.0,0.0,0.0,0.0,0.0,0.0,0.0,0.0,0.0,0.0,0.0,0.0,0.0,0.0,0.0,0.0,0.0,0.0,0.0,0.0,0.0,0.0,0.0,0.0,0.0,0.0,0.0,0.0,0.0,0.0,0.0,0.0,0.0,0.0,0.0,0.0,0.0,0.0,0.0,0.0,0.0,0.0,0.0,0.0,0.0,0.0,0.0,0.0,0.0,0.0,0.0,0.0,0.0,0.0,0.0,0.0,0.0,0.0,0.6182796955108643,0.6575673818588257,-1.2628170509287884e-07,0.6179441809654236,0.6649383306503296,-0.04356149956583977,0.6205412149429321,0.6549448370933533,-0.06946413964033127,0.6416218280792236,0.6378324031829834,-0.08739060908555984,0.6576800346374512,0.6258304715156555,-0.10125705599784851,0.5783836841583252,0.5350740551948547,-0.04947826638817787,0.6318688988685608,0.5463306903839111,-0.07537674903869629,0.6401954293251038,0.5857601165771484,-0.09164278954267502,0.6291306614875793,0.6041216850280762,-0.10171184688806534,0.6020879745483398,0.5158279538154602,-0.03689106926321983,0.6517475843429565,0.5302116870880127,-0.06319783627986908,0.6574066877365112,0.5805531740188599,-0.07156933099031448,0.6447521448135376,0.6029459238052368,-0.07399062812328339,0.6260291934013367,0.513460099697113,-0.027588197961449623,0.6701289415359497,0.5307283997535706,-0.0526856891810894,0.6709266901016235,0.5775983333587646,-0.05257532000541687,0.6575073599815369,0.597775399684906,-0.04793223366141319,0.647605836391449,0.5219694972038269,-0.021403031423687935,0.6808642745018005,0.5394871830940247,-0.03832625597715378,0.6797130107879639,0.575875461101532,-0.03874753415584564,0.6684176325798035,0.5929062366485596,-0.035383883863687515,E
0.0,0.0,0.0,0.0,0.0,0.0,0.0,0.0,0.0,0.0,0.0,0.0,0.0,0.0,0.0,0.0,0.0,0.0,0.0,0.0,0.0,0.0,0.0,0.0,0.0,0.0,0.0,0.0,0.0,0.0,0.0,0.0,0.0,0.0,0.0,0.0,0.0,0.0,0.0,0.0,0.0,0.0,0.0,0.0,0.0,0.0,0.0,0.0,0.0,0.0,0.0,0.0,0.0,0.0,0.0,0.0,0.0,0.0,0.0,0.0,0.0,0.0,0.0,0.6119930148124695,0.660016655921936,-1.0261069149919422e-07,0.6139907836914062,0.6675382256507874,-0.04537450149655342,0.6203473806381226,0.658209502696991,-0.07244938611984253,0.6436172127723694,0.6410700678825378,-0.09062577784061432,0.6618936061859131,0.6208374500274658,-0.1040126159787178,0.5710942149162292,0.5364667177200317,-0.05380374565720558,0.6322180032730103,0.5547985434532166,-0.08010459691286087,0.6409874558448792,0.5932924747467041,-0.09518074244260788,0.627997100353241,0.607399582862854,-0.1052117720246315,0.5966181755065918,0.5177298188209534,-0.04161073639988899,0.6515446305274963,0.5384132862091064,-0.07016290724277496,0.6567281484603882,0.5861020088195801,-0.0791550800204277,0.6426100134849548,0.6033596396446228,-0.08250445127487183,0.6218965649604797,0.5144909620285034,-0.03258342295885086,0.6688222289085388,0.5397320985794067,-0.05949951335787773,0.668972909450531,0.5853343605995178,-0.05866486206650734,0.653876543045044,0.600402295589447,-0.05409453809261322,0.6439802646636963,0.5221185088157654,-0.02690218947827816,0.6793416738510132,0.5489999651908875,-0.045812781900167465,0.6760598421096802,0.5857896208763123,-0.04667200148105621,0.6621378064155579,0.599270224571228,-0.043899763375520706,E
0.0,0.0,0.0,0.0,0.0,0.0,0.0,0.0,0.0,0.0,0.0,0.0,0.0,0.0,0.0,0.0,0.0,0.0,0.0,0.0,0.0,0.0,0.0,0.0,0.0,0.0,0.0,0.0,0.0,0.0,0.0,0.0,0.0,0.0,0.0,0.0,0.0,0.0,0.0,0.0,0.0,0.0,0.0,0.0,0.0,0.0,0.0,0.0,0.0,0.0,0.0,0.0,0.0,0.0,0.0,0.0,0.0,0.0,0.0,0.0,0.0,0.0,0.0,0.6198287606239319,0.65011066198349,-1.2404250071540446e-07,0.6125193238258362,0.660020112991333,-0.046235065907239914,0.613932192325592,0.6513843536376953,-0.07410631328821182,0.6394858956336975,0.6371073722839355,-0.0931798666715622,0.6592133641242981,0.6224310398101807,-0.10783181339502335,0.5805877447128296,0.5291610360145569,-0.05601054057478905,0.6365549564361572,0.55510014295578,-0.08269485831260681,0.6381847262382507,0.5905979871749878,-0.0987199917435646,0.6230865120887756,0.5996379852294922,-0.109405018389225,0.6072704792022705,0.5128089189529419,-0.042812492698431015,0.6581696271896362,0.551980197429657,-0.07016012072563171,0.6560081839561462,0.5930976867675781,-0.07932525128126144,0.6402959227561951,0.6014946699142456,-0.08377978205680847,0.6332442760467529,0.5130295753479004,-0.03281349688768387,0.677001416683197,0.5537350177764893,-0.057102300226688385,0.6714275479316711,0.5920456647872925,-0.05705057457089424,0.6562700867652893,0.5983890295028687,-0.05418691039085388,0.654863178730011,0.5223520398139954,-0.026543905958533287,0.6863364577293396,0.5589501261711121,-0.04320940375328064,0.6797319054603577,0.5915296077728271,-0.04493415728211403,0.6666805148124695,0.5985721349716187,-0.04350636899471283,E
0.0,0.0,0.0,0.0,0.0,0.0,0.0,0.0,0.0,0.0,0.0,0.0,0.0,0.0,0.0,0.0,0.0,0.0,0.0,0.0,0.0,0.0,0.0,0.0,0.0,0.0,0.0,0.0,0.0,0.0,0.0,0.0,0.0,0.0,0.0,0.0,0.0,0.0,0.0,0.0,0.0,0.0,0.0,0.0,0.0,0.0,0.0,0.0,0.0,0.0,0.0,0.0,0.0,0.0,0.0,0.0,0.0,0.0,0.0,0.0,0.0,0.0,0.0,0.6198772192001343,0.6513710021972656,-1.6461568463910226e-07,0.6116432547569275,0.660423994064331,-0.04854614660143852,0.6136958003044128,0.6507492661476135,-0.07701940834522247,0.6402254700660706,0.6348901987075806,-0.09599118679761887,0.6650958061218262,0.6197084188461304,-0.10968416184186935,0.5804908275604248,0.525760293006897,-0.056106939911842346,0.6410091519355774,0.5564761161804199,-0.08216380327939987,0.639818549156189,0.5951613187789917,-0.09654682129621506,0.6234042644500732,0.5980446934700012,-0.10670990496873856,0.609268844127655,0.5123912692070007,-0.04185633733868599,0.6623919606208801,0.5564488172531128,-0.06964688748121262,0.6567555069923401,0.5994351506233215,-0.07709189504384995,0.6399542093276978,0.6007569432258606,-0.0804777517914772,0.6361400485038757,0.5144358277320862,-0.031258273869752884,0.6805974841117859,0.5606558918952942,-0.056361354887485504,0.6717895269393921,0.5987513065338135,-0.05541697517037392,0.6554432511329651,0.5990409851074219,-0.05211056396365166,0.6582986116409302,0.5241632461547852,-0.024591756984591484,0.6881488561630249,0.564031183719635,-0.041774872690439224,0.6795205473899841,0.5964323878288269,-0.043921247124671936,0.6653532981872559,0.5996861457824707,-0.043038260191679,E
0.0,0.0,0.0,0.0,0.0,0.0,0.0,0.0,0.0,0.0,0.0,0.0,0.0,0.0,0.0,0.0,0.0,0.0,0.0,0.0,0.0,0.0,0.0,0.0,0.0,0.0,0.0,0.0,0.0,0.0,0.0,0.0,0.0,0.0,0.0,0.0,0.0,0.0,0.0,0.0,0.0,0.0,0.0,0.0,0.0,0.0,0.0,0.0,0.0,0.0,0.0,0.0,0.0,0.0,0.0,0.0,0.0,0.0,0.0,0.0,0.0,0.0,0.0,0.6097263693809509,0.664179801940918,-1.1722534765112869e-07,0.6169886589050293,0.6704722046852112,-0.0413137786090374,0.6248961091041565,0.6561833024024963,-0.06583105772733688,0.6470628380775452,0.6362011432647705,-0.0833599790930748,0.6649012565612793,0.618217945098877,-0.09685207903385162,0.5834684371948242,0.5343292951583862,-0.04518570005893707,0.6366843581199646,0.5343985557556152,-0.07292542606592178,0.6469730734825134,0.5782767534255981,-0.0904163047671318,0.6372706890106201,0.60152268409729,-0.10067012161016464,0.6002675294876099,0.51631098985672,-0.034357644617557526,0.651911735534668,0.5202376842498779,-0.06304638087749481,0.660696804523468,0.572512149810791,-0.0725758746266365,0.6504359245300293,0.598779559135437,-0.0747900977730751,0.6183832883834839,0.5142093896865845,-0.027098707854747772,0.6639484763145447,0.5238043069839478,-0.05431227758526802,0.6678073406219482,0.5735163688659668,-0.05411792919039726,0.6567814946174622,0.5970238447189331,-0.04856615886092186,0.6345230937004089,0.5229558348655701,-0.022819392383098602,0.6720989346504211,0.537325382232666,-0.04148981720209122,0.6724576950073242,0.5754496455192566,-0.042113471776247025,0.6621941924095154,0.5943962335586548,-0.038293179124593735,E
0.0,0.0,0.0,0.0,0.0,0.0,0.0,0.0,0.0,0.0,0.0,0.0,0.0,0.0,0.0,0.0,0.0,0.0,0.0,0.0,0.0,0.0,0.0,0.0,0.0,0.0,0.0,0.0,0.0,0.0,0.0,0.0,0.0,0.0,0.0,0.0,0.0,0.0,0.0,0.0,0.0,0.0,0.0,0.0,0.0,0.0,0.0,0.0,0.0,0.0,0.0,0.0,0.0,0.0,0.0,0.0,0.0,0.0,0.0,0.0,0.0,0.0,0.0,0.6183965802192688,0.6499502658843994,-7.848247918218476e-08,0.6122106909751892,0.6582341194152832,-0.04986090958118439,0.6142950057983398,0.6491715908050537,-0.07936496287584305,0.6398475766181946,0.6337167024612427,-0.0993412584066391,0.6640034914016724,0.6187108159065247,-0.11457199603319168,0.5804113149642944,0.5271679162979126,-0.058773864060640335,0.6349243521690369,0.54588383436203,-0.08540801703929901,0.6384708285331726,0.5854120850563049,-0.10030803829431534,0.6263226866722107,0.5977025032043457,-0.11009499430656433,0.607304573059082,0.5118911266326904,-0.04352453351020813,0.6575475931167603,0.5376033186912537,-0.07240315526723862,0.6566875576972961,0.5841377377510071,-0.08078199625015259,0.6425276398658752,0.597396969795227,-0.08360639959573746,0.6327760219573975,0.513634204864502,-0.031700264662504196,0.6774303913116455,0.54346764087677,-0.05818859487771988,0.6722584962844849,0.5855346918106079,-0.05785742402076721,0.6574621200561523,0.5958949327468872,-0.05374596640467644,0.6539536714553833,0.5239663124084473,-0.023631609976291656,0.6876258850097656,0.5546146631240845,-0.04193219169974327,0.6805598139762878,0.5885909199714661,-0.04392305389046669,0.6665513515472412,0.5974620580673218,-0.042137790471315384,E
0.0,0.0,0.0,0.0,0.0,0.0,0.0,0.0,0.0,0.0,0.0,0.0,0.0,0.0,0.0,0.0,0.0,0.0,0.0,0.0,0.0,0.0,0.0,0.0,0.0,0.0,0.0,0.0,0.0,0.0,0.0,0.0,0.0,0.0,0.0,0.0,0.0,0.0,0.0,0.0,0.0,0.0,0.0,0.0,0.0,0.0,0.0,0.0,0.0,0.0,0.0,0.0,0.0,0.0,0.0,0.0,0.0,0.0,0.0,0.0,0.0,0.0,0.0,0.6223944425582886,0.6476752758026123,-1.6892624898900976e-07,0.6116857528686523,0.6584047079086304,-0.043269965797662735,0.6130031943321228,0.6499418020248413,-0.07023138552904129,0.641838014125824,0.6338151097297668,-0.08897289633750916,0.6648993492126465,0.6179814338684082,-0.10315165668725967,0.5759375095367432,0.5271371006965637,-0.052490945905447006,0.6339296698570251,0.5619358420372009,-0.07921641319990158,0.6347565054893494,0.5990442633628845,-0.0949251651763916,0.6188811659812927,0.6021500825881958,-0.106133833527565,0.6038528084754944,0.5111600756645203,-0.04192907735705376,0.6559791564941406,0.5528401732444763,-0.06994922459125519,0.6526376008987427,0.5968334674835205,-0.07832925021648407,0.6354453563690186,0.6006055474281311,-0.08250094205141068,0.6311542987823486,0.5115110278129578,-0.034572165459394455,0.6755747199058533,0.5532780885696411,-0.06056094169616699,0.6697266697883606,0.5949929356575012,-0.05977686122059822,0.6536073088645935,0.5973398685455322,-0.05658252164721489,0.6550927758216858,0.5215264558792114,-0.03058490715920925,0.6855365037918091,0.5609403848648071,-0.04858354479074478,0.6776688098907471,0.596321165561676,-0.05010602995753288,0.6627807021141052,0.6010718941688538,-0.04878446087241173,E
0.0,0.0,0.0,0.0,0.0,0.0,0.0,0.0,0.0,0.0,0.0,0.0,0.0,0.0,0.0,0.0,0.0,0.0,0.0,0.0,0.0,0.0,0.0,0.0,0.0,0.0,0.0,0.0,0.0,0.0,0.0,0.0,0.0,0.0,0.0,0.0,0.0,0.0,0.0,0.0,0.0,0.0,0.0,0.0,0.0,0.0,0.0,0.0,0.0,0.0,0.0,0.0,0.0,0.0,0.0,0.0,0.0,0.0,0.0,0.0,0.0,0.0,0.0,0.6153135895729065,0.6556879281997681,-1.6599167906861112e-07,0.6133325695991516,0.6601390838623047,-0.04395298659801483,0.6199842095375061,0.6502535939216614,-0.0712873786687851,0.6443415880203247,0.6333619952201843,-0.09086799621582031,0.658181369304657,0.6173223257064819,-0.10599956661462784,0.5978465676307678,0.5254336595535278,-0.05215412378311157,0.6391777396202087,0.5406948924064636,-0.07853507250547409,0.6427079439163208,0.5866662859916687,-0.09394636750221252,0.6304639577865601,0.6057074666023254,-0.10326477885246277,0.6181813478469849,0.5132337808609009,-0.0400172658264637,0.657096803188324,0.5358998775482178,-0.06838978826999664,0.6575332880020142,0.5854272246360779,-0.0780426487326622,0.6434138417243958,0.6038650870323181,-0.08123776316642761,0.6370692253112793,0.5160041451454163,-0.03087685815989971,0.6724127531051636,0.5407460927963257,-0.05622534081339836,0.6701163649559021,0.5853365659713745,-0.05569984018802643,0.6566699147224426,0.600836992263794,-0.051032889634370804,0.6520395874977112,0.5273123383522034,-0.025152578949928284,0.6839298009872437,0.5519130825996399,-0.04142133146524429,0.6796130537986755,0.5856357216835022,-0.04181191697716713,0.6673296093940735,0.5976585149765015,-0.03847695142030716,E
0.0,0.0,0.0,0.0,0.0,0.0,0.0,0.0,0.0,0.0,0.0,0.0,0.0,0.0,0.0,0.0,0.0,0.0,0.0,0.0,0.0,0.0,0.0,0.0,0.0,0.0,0.0,0.0,0.0,0.0,0.0,0.0,0.0,0.0,0.0,0.0,0.0,0.0,0.0,0.0,0.0,0.0,0.0,0.0,0.0,0.0,0.0,0.0,0.0,0.0,0.0,0.0,0.0,0.0,0.0,0.0,0.0,0.0,0.0,0.0,0.0,0.0,0.0,0.6190575361251831,0.649266242980957,-1.2511767977230193e-07,0.6103233098983765,0.6574253439903259,-0.04621824622154236,0.6138873100280762,0.6452375650405884,-0.07277102768421173,0.640604555606842,0.6321129202842712,-0.09084662795066833,0.6613625884056091,0.62113356590271,-0.10430934280157089,0.5968284010887146,0.5222644805908203,-0.051059920340776443,0.6407811045646667,0.5451597571372986,-0.07629901170730591,0.6417017579078674,0.5851386785507202,-0.09031602740287781,0.6306112408638,0.595813512802124,-0.09882533550262451,0.622198224067688,0.5128074884414673,-0.037055425345897675,0.6623519659042358,0.5437101721763611,-0.06485332548618317,0.6586287617683411,0.5877177715301514,-0.0734219029545784,0.6451627016067505,0.5985023975372314,-0.07578789442777634,0.6443731784820557,0.5184188485145569,-0.02659439668059349,0.6807013154029846,0.5526084899902344,-0.05154005438089371,0.6736512184143066,0.5908276438713074,-0.051849666982889175,0.6603362560272217,0.5985817313194275,-0.04759212210774422,0.6616325378417969,0.5306218266487122,-0.019813621416687965,0.6903024911880493,0.560138463973999,-0.03516381233930588,0.683465838432312,0.5900710821151733,-0.036601074039936066,0.6716920137405396,0.5971899032592773,-0.034297164529561996,E
0.0,0.0,0.0,0.0,0.0,0.0,0.0,0.0,0.0,0.0,0.0,0.0,0.0,0.0,0.0,0.0,0.0,0.0,0.0,0.0,0.0,0.0,0.0,0.0,0.0,0.0,0.0,0.0,0.0,0.0,0.0,0.0,0.0,0.0,0.0,0.0,0.0,0.0,0.0,0.0,0.0,0.0,0.0,0.0,0.0,0.0,0.0,0.0,0.0,0.0,0.0,0.0,0.0,0.0,0.0,0.0,0.0,0.0,0.0,0.0,0.0,0.0,0.0,0.6210489273071289,0.6455011963844299,-1.1850850256678314e-07,0.6135759353637695,0.6511091589927673,-0.04538656771183014,0.6153845191001892,0.6441068649291992,-0.07340844720602036,0.6371336579322815,0.6328808069229126,-0.09303900599479675,0.6513983011245728,0.6214393973350525,-0.10819496959447861,0.604945182800293,0.5204694867134094,-0.05585901066660881,0.6415578722953796,0.5532667636871338,-0.08223964273929596,0.6425891518592834,0.5931506752967834,-0.09792665392160416,0.6311995387077332,0.6036550402641296,-0.10736139863729477,0.6290112137794495,0.5111514329910278,-0.042274631559848785,0.6627447605133057,0.5494535565376282,-0.07146231085062027,0.6601370573043823,0.5923801064491272,-0.08164405077695847,0.6462732553482056,0.6070871353149414,-0.08521692454814911,0.6500042676925659,0.5159582495689392,-0.03143443912267685,0.6796384453773499,0.5519015192985535,-0.056206997483968735,0.6745103597640991,0.5887535810470581,-0.05625505372881889,0.661163330078125,0.6011368632316589,-0.05208340287208557,0.6651065945625305,0.527325451374054,-0.02418917790055275,0.6895310282707214,0.5556783676147461,-0.03948565572500229,0.6840452551841736,0.5832669734954834,-0.040146052837371826,0.6733345985412598,0.5933823585510254,-0.037278350442647934,E
0.0,0.0,0.0,0.0,0.0,0.0,0.0,0.0,0.0,0.0,0.0,0.0,0.0,0.0,0.0,0.0,0.0,0.0,0.0,0.0,0.0,0.0,0.0,0.0,0.0,0.0,0.0,0.0,0.0,0.0,0.0,0.0,0.0,0.0,0.0,0.0,0.0,0.0,0.0,0.0,0.0,0.0,0.0,0.0,0.0,0.0,0.0,0.0,0.0,0.0,0.0,0.0,0.0,0.0,0.0,0.0,0.0,0.0,0.0,0.0,0.0,0.0,0.0,0.6169413924217224,0.6334643959999084,-1.663053694755945e-07,0.6057361364364624,0.6366051435470581,-0.041200049221515656,0.6065924167633057,0.6307485103607178,-0.06567858159542084,0.6234972476959229,0.6288517117500305,-0.0825478732585907,0.6320415139198303,0.6206559538841248,-0.09527792781591415,0.6293920278549194,0.5139305591583252,-0.04577544331550598,0.6504213213920593,0.5725133419036865,-0.06785506755113602,0.6376993060112,0.6050910353660583,-0.08154484629631042,0.6240622997283936,0.5974672436714172,-0.09130330383777618,0.6511603593826294,0.5149158835411072,-0.03389986604452133,0.6682789921760559,0.5762801170349121,-0.058503057807683945,0.6525750756263733,0.6089402437210083,-0.06723305583000183,0.6372067332267761,0.6028937101364136,-0.07190188765525818,0.6662189364433289,0.5263990759849548,-0.02477249875664711,0.6803762316703796,0.5821674466133118,-0.04645392671227455,0.6646125912666321,0.6113498210906982,-0.04521556943655014,0.6496769785881042,0.6057716608047485,-0.041998498141765594,0.6751325726509094,0.5409092903137207,-0.01913020759820938,0.6872987747192383,0.5869291424751282,-0.03171849623322487,0.6739497184753418,0.6108807921409607,-0.031492624431848526,0.6610804200172424,0.6076934337615967,-0.029369402676820755,E
0.0,0.0,0.0,0.0,0.0,0.0,0.0,0.0,0.0,0.0,0.0,0.0,0.0,0.0,0.0,0.0,0.0,0.0,0.0,0.0,0.0,0.0,0.0,0.0,0.0,0.0,0.0,0.0,0.0,0.0,0.0,0.0,0.0,0.0,0.0,0.0,0.0,0.0,0.0,0.0,0.0,0.0,0.0,0.0,0.0,0.0,0.0,0.0,0.0,0.0,0.0,0.0,0.0,0.0,0.0,0.0,0.0,0.0,0.0,0.0,0.0,0.0,0.0,0.6197479367256165,0.6377230882644653,-1.6894527732347342e-07,0.6092826724052429,0.6441317200660706,-0.040628015995025635,0.609612762928009,0.6393140554428101,-0.0661107748746872,0.6247928738594055,0.6367663145065308,-0.08384182304143906,0.6342584490776062,0.6287136673927307,-0.09680920839309692,0.6332188248634338,0.5142415165901184,-0.04874144494533539,0.6543947458267212,0.5812773108482361,-0.07118590921163559,0.6400060057640076,0.6097108125686646,-0.08342292904853821,0.6259164810180664,0.5992632508277893,-0.09247475862503052,0.6530531644821167,0.5098626017570496,-0.037637632340192795,0.6707402467727661,0.5829581022262573,-0.061062268912792206,0.6524284482002258,0.6133586764335632,-0.06671865284442902,0.6376040577888489,0.6035833954811096,-0.07024199515581131,0.6673412919044495,0.5192110538482666,-0.029338935390114784,0.682368814945221,0.5857470035552979,-0.0495290644466877,0.6641261577606201,0.6128759980201721,-0.046319421380758286,0.6492771506309509,0.604358971118927,-0.04308450594544411,0.6765046119689941,0.5345906019210815,-0.024709822610020638,0.6872791051864624,0.5900761485099792,-0.03736092522740364,0.6717109680175781,0.6128729581832886,-0.037381164729595184,0.6586121320724487,0.607121467590332,-0.03599834814667702,E
0.0,0.0,0.0,0.0,0.0,0.0,0.0,0.0,0.0,0.0,0.0,0.0,0.0,0.0,0.0,0.0,0.0,0.0,0.0,0.0,0.0,0.0,0.0,0.0,0.0,0.0,0.0,0.0,0.0,0.0,0.0,0.0,0.0,0.0,0.0,0.0,0.0,0.0,0.0,0.0,0.0,0.0,0.0,0.0,0.0,0.0,0.0,0.0,0.0,0.0,0.0,0.0,0.0,0.0,0.0,0.0,0.0,0.0,0.0,0.0,0.0,0.0,0.0,0.6082540154457092,0.647371768951416,-2.705047847939568e-07,0.6059023141860962,0.6509551405906677,-0.030776750296354294,0.6142655611038208,0.6443213224411011,-0.049994662404060364,0.6384148001670837,0.6349483132362366,-0.06398366391658783,0.6537467241287231,0.6208996772766113,-0.07341557741165161,0.6307995319366455,0.5180262327194214,-0.029640890657901764,0.6537933945655823,0.5777568221092224,-0.05131538212299347,0.6398587226867676,0.6117439866065979,-0.06534364074468613,0.6255207061767578,0.6054797768592834,-0.07525816559791565,0.649186909198761,0.5102015137672424,-0.023531798273324966,0.6692633032798767,0.5773281455039978,-0.04538826644420624,0.6523534059524536,0.6134118437767029,-0.05248117446899414,0.6363602876663208,0.6071059107780457,-0.056383971124887466,0.66184401512146,0.5161709189414978,-0.020421866327524185,0.6788186430931091,0.5777181386947632,-0.04026559740304947,0.6613001823425293,0.6113755702972412,-0.03721923753619194,0.6442837119102478,0.6056584715843201,-0.03336714208126068,0.6678083539009094,0.5298067331314087,-0.020435957238078117,0.6808696389198303,0.5841825604438782,-0.0321408249437809,0.6663130521774292,0.6110866665840149,-0.03072948567569256,0.6513279676437378,0.6078004837036133,-0.027830561622977257,E
0.0,0.0,0.0,0.0,0.0,0.0,0.0,0.0,0.0,0.0,0.0,0.0,0.0,0.0,0.0,0.0,0.0,0.0,0.0,0.0,0.0,0.0,0.0,0.0,0.0,0.0,0.0,0.0,0.0,0.0,0.0,0.0,0.0,0.0,0.0,0.0,0.0,0.0,0.0,0.0,0.0,0.0,0.0,0.0,0.0,0.0,0.0,0.0,0.0,0.0,0.0,0.0,0.0,0.0,0.0,0.0,0.0,0.0,0.0,0.0,0.0,0.0,0.0,0.6208797693252563,0.6330956816673279,-1.5056161828397308e-07,0.6087890863418579,0.633280336856842,-0.0434858612716198,0.6071752309799194,0.6297935843467712,-0.07158742100000381,0.6214122772216797,0.6312521696090698,-0.09139584004878998,0.631707489490509,0.6240680813789368,-0.1066877543926239,0.6291730999946594,0.514329731464386,-0.05625316873192787,0.6496812701225281,0.5732296109199524,-0.07975658774375916,0.6419186592102051,0.6073684692382812,-0.09208426624536514,0.6291699409484863,0.6055920720100403,-0.10036537796258926,0.6523712873458862,0.5153030753135681,-0.043750472366809845,0.6695663928985596,0.579671323299408,-0.06858271360397339,0.6579537987709045,0.6148535013198853,-0.0757509395480156,0.6428479552268982,0.6115273237228394,-0.07978291809558868,0.6693710684776306,0.5269341468811035,-0.03365935757756233,0.6828749179840088,0.5872352123260498,-0.05544031411409378,0.6705138087272644,0.6169370412826538,-0.053090088069438934,0.6553751826286316,0.6129928231239319,-0.04956051707267761,0.6790695190429688,0.5419473052024841,-0.027178946882486343,0.6909000873565674,0.5912232995033264,-0.040639277547597885,0.6801759600639343,0.6155378818511963,-0.039948638528585434,0.6674625873565674,0.6137436032295227,-0.03739883378148079,E
0.6249550580978394,0.6708256006240845,-1.5981269996245828e-07,0.6541313529014587,0.6582635045051575,-0.015131019055843353,0.6784270405769348,0.6306499242782593,-0.027519969269633293,0.6895713210105896,0.6057177186012268,-0.039468683302402496,0.692086935043335,0.5851869583129883,-0.04934091120958328,0.6525072455406189,0.5334824919700623,-0.015549453906714916,0.6826039552688599,0.5348654985427856,-0.03777366131544113,0.6871010661125183,0.5796753764152527,-0.05255955457687378,0.681584358215332,0.61158287525177,-0.05976182222366333,0.6273561716079712,0.5320368409156799,-0.016932474449276924,0.6605679392814636,0.5311928391456604,-0.03767918422818184,0.6692402362823486,0.5799233913421631,-0.04400838911533356,0.6668490171432495,0.6125774383544922,-0.04431327432394028,0.6040682196617126,0.5439572334289551,-0.02088022045791149,0.6371923089027405,0.5432274341583252,-0.03969945013523102,0.647545337677002,0.5870553851127625,-0.036928191781044006,0.6454708576202393,0.6168074607849121,-0.03073127754032612,0.5842871069908142,0.567415714263916,-0.026319153606891632,0.6145444512367249,0.5736013650894165,-0.03854714706540108,0.6255775094032288,0.6053688526153564,-0.035935141146183014,0.6256166100502014,0.6266505718231201,-0.03062145970761776,0.0,0.0,0.0,0.0,0.0,0.0,0.0,0.0,0.0,0.0,0.0,0.0,0.0,0.0,0.0,0.0,0.0,0.0,0.0,0.0,0.0,0.0,0.0,0.0,0.0,0.0,0.0,0.0,0.0,0.0,0.0,0.0,0.0,0.0,0.0,0.0,0.0,0.0,0.0,0.0,0.0,0.0,0.0,0.0,0.0,0.0,0.0,0.0,0.0,0.0,0.0,0.0,0.0,0.0,0.0,0.0,0.0,0.0,0.0,0.0,0.0,0.0,0.0,E
0.6283861994743347,0.6791808009147644,-1.638873214915293e-07,0.6516546010971069,0.6705077886581421,-0.020445898175239563,0.6739967465400696,0.636992335319519,-0.03347005322575569,0.6833406686782837,0.6027455925941467,-0.04423742741346359,0.6782236695289612,0.5761508345603943,-0.05199312046170235,0.64493727684021,0.5450798869132996,-0.022585006430745125,0.6745198965072632,0.5492261052131653,-0.05007704347372055,0.677909791469574,0.5966819524765015,-0.06742300093173981,0.6712778806686401,0.6266722679138184,-0.07548557221889496,0.6245172023773193,0.5363088250160217,-0.021123163402080536,0.6607930660247803,0.5540947914123535,-0.04442010819911957,0.6667643785476685,0.6057413220405579,-0.04973924532532692,0.6616983413696289,0.631615936756134,-0.049276452511548996,0.6061511039733887,0.5432852506637573,-0.02318444661796093,0.6446335315704346,0.5667871832847595,-0.04458451271057129,0.6506485342979431,0.6102408170700073,-0.040659744292497635,0.6449313163757324,0.6317106485366821,-0.033446021378040314,0.5893168449401855,0.5625727772712708,-0.027190864086151123,0.6223756074905396,0.5857008099555969,-0.040108177810907364,0.631891667842865,0.6170493364334106,-0.036718934774398804,0.631201446056366,0.6317587494850159,-0.030556805431842804,0.0,0.0,0.0,0.0,0.0,0.0,0.0,0.0,0.0,0.0,0.0,0.0,0.0,0.0,0.0,0.0,0.0,0.0,0.0,0.0,0.0,0.0,0.0,0.0,0.0,0.0,0.0,0.0,0.0,0.0,0.0,0.0,0.0,0.0,0.0,0.0,0.0,0.0,0.0,0.0,0.0,0.0,0.0,0.0,0.0,0.0,0.0,0.0,0.0,0.0,0.0,0.0,0.0,0.0,0.0,0.0,0.0,0.0,0.0,0.0,0.0,0.0,0.0,E
0.6097860336303711,0.698682963848114,-2.2627126838870026e-07,0.6385262608528137,0.6895142197608948,-0.0237075574696064,0.6642720103263855,0.6776115894317627,-0.04415274038910866,0.6769521832466125,0.6650787591934204,-0.06266520172357559,0.6784273982048035,0.6516375541687012,-0.078341044485569,0.6373271942138672,0.5552839040756226,-0.025902094319462776,0.68388432264328,0.5580799579620361,-0.052236493676900864,0.6885124444961548,0.6055523753166199,-0.06990779936313629,0.6770308017730713,0.6373884677886963,-0.07972310483455658,0.6173246502876282,0.5499827861785889,-0.025008631870150566,0.6648859977722168,0.5540977120399475,-0.050097547471523285,0.670645534992218,0.6086875796318054,-0.05906446650624275,0.6620373725891113,0.6407910585403442,-0.061146724969148636,0.5999774932861328,0.5593672394752502,-0.027021823450922966,0.6446351408958435,0.568665623664856,-0.05015125125646591,0.6503798365592957,0.6186505556106567,-0.049568068236112595,0.6426690816879272,0.6474726796150208,-0.04410271346569061,0.5863326191902161,0.5808100700378418,-0.031151337549090385,0.6225572824478149,0.5989843606948853,-0.045473724603652954,0.62941974401474,0.6345089673995972,-0.04473010450601578,0.6245390176773071,0.654262125492096,-0.040563832968473434,0.0,0.0,0.0,0.0,0.0,0.0,0.0,0.0,0.0,0.0,0.0,0.0,0.0,0.0,0.0,0.0,0.0,0.0,0.0,0.0,0.0,0.0,0.0,0.0,0.0,0.0,0.0,0.0,0.0,0.0,0.0,0.0,0.0,0.0,0.0,0.0,0.0,0.0,0.0,0.0,0.0,0.0,0.0,0.0,0.0,0.0,0.0,0.0,0.0,0.0,0.0,0.0,0.0,0.0,0.0,0.0,0.0,0.0,0.0,0.0,0.0,0.0,0.0,E
0.0,0.0,0.0,0.0,0.0,0.0,0.0,0.0,0.0,0.0,0.0,0.0,0.0,0.0,0.0,0.0,0.0,0.0,0.0,0.0,0.0,0.0,0.0,0.0,0.0,0.0,0.0,0.0,0.0,0.0,0.0,0.0,0.0,0.0,0.0,0.0,0.0,0.0,0.0,0.0,0.0,0.0,0.0,0.0,0.0,0.0,0.0,0.0,0.0,0.0,0.0,0.0,0.0,0.0,0.0,0.0,0.0,0.0,0.0,0.0,0.0,0.0,0.0,0.6379657983779907,0.6791020631790161,-1.5815049891898525e-07,0.6269325017929077,0.6873871088027954,-0.03643235191702843,0.6246966123580933,0.687136709690094,-0.06179637461900711,0.6450566053390503,0.6754639744758606,-0.08093494176864624,0.6590625047683716,0.6600697040557861,-0.09626694023609161,0.5813082456588745,0.572823166847229,-0.04596083238720894,0.6219051480293274,0.5902742743492126,-0.06903307139873505,0.6350494027137756,0.6292417049407959,-0.08228544145822525,0.6307158470153809,0.6521075367927551,-0.09075231105089188,0.6079843640327454,0.5515694618225098,-0.03920947015285492,0.6452925205230713,0.5704752206802368,-0.062420714646577835,0.6543086767196655,0.6210522651672363,-0.07108701020479202,0.6469384431838989,0.644366443157196,-0.07492651045322418,0.6355640888214111,0.5470001101493835,-0.034807123243808746,0.6705033779144287,0.570790708065033,-0.0578061044216156,0.6735720634460449,0.6210289001464844,-0.05701669678092003,0.6644608378410339,0.641313910484314,-0.05331775173544884,0.6630496382713318,0.5550136566162109,-0.03312463313341141,0.6899289488792419,0.5849735736846924,-0.04989679902791977,0.6876493096351624,0.624840259552002,-0.04933252930641174,0.6767616271972656,0.6402192115783691,-0.04607473313808441,E
0.0,0.0,0.0,0.0,0.0,0.0,0.0,0.0,0.0,0.0,0.0,0.0,0.0,0.0,0.0,0.0,0.0,0.0,0.0,0.0,0.0,0.0,0.0,0.0,0.0,0.0,0.0,0.0,0.0,0.0,0.0,0.0,0.0,0.0,0.0,0.0,0.0,0.0,0.0,0.0,0.0,0.0,0.0,0.0,0.0,0.0,0.0,0.0,0.0,0.0,0.0,0.0,0.0,0.0,0.0,0.0,0.0,0.0,0.0,0.0,0.0,0.0,0.0,0.6115309000015259,0.6787354350090027,-3.1995938343243324e-07,0.6188740134239197,0.6809792518615723,-0.027579018846154213,0.6327036619186401,0.6722450256347656,-0.048524245619773865,0.6544872522354126,0.6580862998962402,-0.06498324871063232,0.669598400592804,0.6413019299507141,-0.07792436331510544,0.6069916486740112,0.5632362365722656,-0.03630979731678963,0.6610117554664612,0.6036303043365479,-0.06075403094291687,0.6629185676574707,0.6432995796203613,-0.07635397464036942,0.6451581716537476,0.6530880928039551,-0.08682933449745178,0.6146080493927002,0.5474856495857239,-0.03299320489168167,0.6622192859649658,0.5989077687263489,-0.0565120168030262,0.6585159301757812,0.641136884689331,-0.06489398330450058,0.6406733989715576,0.6481421589851379,-0.0694204568862915,0.6231417655944824,0.5441415905952454,-0.03178057074546814,0.6634123921394348,0.5955439209938049,-0.0537634938955307,0.6603982448577881,0.6349349021911621,-0.05259459465742111,0.6443224549293518,0.6393641829490662,-0.04936228692531586,0.6303311586380005,0.5517838001251221,-0.033031631261110306,0.6619893312454224,0.5954320430755615,-0.04692069813609123,0.6589615345001221,0.6281210780143738,-0.04581039398908615,0.6454327702522278,0.6349770426750183,-0.04242589324712753,E
0.0,0.0,0.0,0.0,0.0,0.0,0.0,0.0,0.0,0.0,0.0,0.0,0.0,0.0,0.0,0.0,0.0,0.0,0.0,0.0,0.0,0.0,0.0,0.0,0.0,0.0,0.0,0.0,0.0,0.0,0.0,0.0,0.0,0.0,0.0,0.0,0.0,0.0,0.0,0.0,0.0,0.0,0.0,0.0,0.0,0.0,0.0,0.0,0.0,0.0,0.0,0.0,0.0,0.0,0.0,0.0,0.0,0.0,0.0,0.0,0.0,0.0,0.0,0.6270736455917358,0.6715131998062134,-1.3749064464718685e-07,0.6229045987129211,0.6783459186553955,-0.04231654480099678,0.624184250831604,0.6793516874313354,-0.07110334187746048,0.6458650231361389,0.6718404293060303,-0.09221804141998291,0.6616219282150269,0.6605523228645325,-0.11001686006784439,0.5855486392974854,0.5569345951080322,-0.05588991194963455,0.63722163438797,0.5810267329216003,-0.08296810835599899,0.6466144323348999,0.6185799241065979,-0.10041189938783646,0.6379314064979553,0.6353480815887451,-0.11211121082305908,0.6124498844146729,0.5389118194580078,-0.046096231788396835,0.6577333211898804,0.5695781707763672,-0.07235681265592575,0.6630725860595703,0.6167495846748352,-0.082490473985672,0.6524796485900879,0.634279727935791,-0.08779770135879517,0.6386827826499939,0.5371705889701843,-0.03881919011473656,0.678345263004303,0.5745030045509338,-0.06395789235830307,0.6788954734802246,0.6206900477409363,-0.06396740674972534,0.6672446131706238,0.6365854740142822,-0.060670871287584305,0.662205696105957,0.5463386178016663,-0.03468586504459381,0.6908361911773682,0.5812440514564514,-0.051245756447315216,0.6887190341949463,0.6170194149017334,-0.050706762820482254,0.6787489652633667,0.6291440725326538,-0.04735250398516655,E
0.0,0.0,0.0,0.0,0.0,0.0,0.0,0.0,0.0,0.0,0.0,0.0,0.0,0.0,0.0,0.0,0.0,0.0,0.0,0.0,0.0,0.0,0.0,0.0,0.0,0.0,0.0,0.0,0.0,0.0,0.0,0.0,0.0,0.0,0.0,0.0,0.0,0.0,0.0,0.0,0.0,0.0,0.0,0.0,0.0,0.0,0.0,0.0,0.0,0.0,0.0,0.0,0.0,0.0,0.0,0.0,0.0,0.0,0.0,0.0,0.0,0.0,0.0,0.6324264407157898,0.6677320003509521,-7.10166716544336e-08,0.6244438886642456,0.6761367321014404,-0.04998653754591942,0.623200535774231,0.6727349758148193,-0.08194989711046219,0.6436236500740051,0.6628548502922058,-0.10413240641355515,0.6579734086990356,0.655351459980011,-0.1214507594704628,0.5905808210372925,0.5529917478561401,-0.06716356426477432,0.6439438462257385,0.5810871720314026,-0.09435495734214783,0.6508464813232422,0.6165798306465149,-0.10713916271924973,0.6401270627975464,0.6260223388671875,-0.1158057376742363,0.6181057691574097,0.5376701951026917,-0.053403474390506744,0.6651768088340759,0.581830620765686,-0.08187122642993927,0.6645252704620361,0.6235412359237671,-0.08930336683988571,0.6503265500068665,0.6267545223236084,-0.09319892525672913,0.6453870534896851,0.5400615334510803,-0.042529262602329254,0.684242844581604,0.5885846614837646,-0.06815803050994873,0.6784399151802063,0.6277608871459961,-0.06640535593032837,0.6642662286758423,0.6290249228477478,-0.06310759484767914,0.6681523323059082,0.5511705279350281,-0.03551636263728142,0.6956493854522705,0.5940693616867065,-0.052403174340724945,0.6889623403549194,0.625762939453125,-0.052932724356651306,0.676921010017395,0.6283947825431824,-0.05114378407597542,E
0.0,0.0,0.0,0.0,0.0,0.0,0.0,0.0,0.0,0.0,0.0,0.0,0.0,0.0,0.0,0.0,0.0,0.0,0.0,0.0,0.0,0.0,0.0,0.0,0.0,0.0,0.0,0.0,0.0,0.0,0.0,0.0,0.0,0.0,0.0,0.0,0.0,0.0,0.0,0.0,0.0,0.0,0.0,0.0,0.0,0.0,0.0,0.0,0.0,0.0,0.0,0.0,0.0,0.0,0.0,0.0,0.0,0.0,0.0,0.0,0.0,0.0,0.0,0.6194710731506348,0.6539154648780823,-1.3137669441221078e-07,0.6062325239181519,0.6465103626251221,-0.030533727258443832,0.6081981062889099,0.6367436647415161,-0.05072639882564545,0.6292365193367004,0.6394546627998352,-0.06547714024782181,0.6454304456710815,0.6440923810005188,-0.07717428356409073,0.6395131349563599,0.5473372340202332,-0.033438730984926224,0.6634823679924011,0.6007123589515686,-0.05188370868563652,0.6502452492713928,0.6253107786178589,-0.06572692096233368,0.6369945406913757,0.6157223582267761,-0.07637075334787369,0.6616066098213196,0.5508117079734802,-0.02640758641064167,0.6813682913780212,0.6028007864952087,-0.044609859585762024,0.666093111038208,0.6279409527778625,-0.05182785168290138,0.6514164209365845,0.6213607788085938,-0.05671749264001846,0.6769251227378845,0.5625954866409302,-0.0217153150588274,0.6931598782539368,0.6094509959220886,-0.03758862614631653,0.6784030199050903,0.6311879754066467,-0.03622076287865639,0.6641665697097778,0.6251372694969177,-0.03431681543588638,0.687476396560669,0.5789989233016968,-0.01978018321096897,0.7007341980934143,0.6140908598899841,-0.0285955797880888,0.6876370906829834,0.6316139698028564,-0.02722400426864624,0.6744353175163269,0.6286174654960632,-0.025386802852153778,E
0.0,0.0,0.0,0.0,0.0,0.0,0.0,0.0,0.0,0.0,0.0,0.0,0.0,0.0,0.0,0.0,0.0,0.0,0.0,0.0,0.0,0.0,0.0,0.0,0.0,0.0,0.0,0.0,0.0,0.0,0.0,0.0,0.0,0.0,0.0,0.0,0.0,0.0,0.0,0.0,0.0,0.0,0.0,0.0,0.0,0.0,0.0,0.0,0.0,0.0,0.0,0.0,0.0,0.0,0.0,0.0,0.0,0.0,0.0,0.0,0.0,0.0,0.0,0.6285731196403503,0.6504769921302795,-1.4661327440990135e-07,0.6179291605949402,0.6534164547920227,-0.03012663871049881,0.618182361125946,0.6468920707702637,-0.050398483872413635,0.6334565877914429,0.6437104940414429,-0.06496098637580872,0.6426892280578613,0.6413851380348206,-0.07640096545219421,0.6433324813842773,0.5488657355308533,-0.03731471672654152,0.6652348637580872,0.6017096638679504,-0.0548941045999527,0.6515933871269226,0.6254361867904663,-0.06671580672264099,0.6385988593101501,0.6176517605781555,-0.07572361081838608,0.6629868745803833,0.546846330165863,-0.02987021580338478,0.6804534196853638,0.6015740633010864,-0.046850696206092834,0.6645623445510864,0.624943196773529,-0.05237087607383728,0.6509672403335571,0.6181855797767639,-0.056309349834918976,0.6776822209358215,0.5565966367721558,-0.02435949444770813,0.6927790641784668,0.6048470735549927,-0.03903097286820412,0.6790140271186829,0.6249511241912842,-0.037540823221206665,0.6662586331367493,0.619742214679718,-0.03593162074685097,0.688888430595398,0.5721387267112732,-0.021399609744548798,0.7014756202697754,0.6082716584205627,-0.029432641342282295,0.6895308494567871,0.6253935098648071,-0.028101740404963493,0.6778901815414429,0.6226775050163269,-0.026422299444675446,E
0.0,0.0,0.0,0.0,0.0,0.0,0.0,0.0,0.0,0.0,0.0,0.0,0.0,0.0,0.0,0.0,0.0,0.0,0.0,0.0,0.0,0.0,0.0,0.0,0.0,0.0,0.0,0.0,0.0,0.0,0.0,0.0,0.0,0.0,0.0,0.0,0.0,0.0,0.0,0.0,0.0,0.0,0.0,0.0,0.0,0.0,0.0,0.0,0.0,0.0,0.0,0.0,0.0,0.0,0.0,0.0,0.0,0.0,0.0,0.0,0.0,0.0,0.0,0.6209596395492554,0.6770091652870178,-1.8950936464534607e-07,0.6317206025123596,0.6741638779640198,-0.013214364647865295,0.6483484506607056,0.6626733541488647,-0.019500330090522766,0.6690554022789001,0.6524114608764648,-0.024449817836284637,0.6823728084564209,0.6405608057975769,-0.026854727417230606,0.6518087387084961,0.5785984396934509,-0.002783015836030245,0.675950825214386,0.6062361598014832,-0.012327040545642376,0.6662486791610718,0.6305210590362549,-0.020716607570648193,0.6539682149887085,0.6258321404457092,-0.026819413527846336,0.658471941947937,0.5714124441146851,-0.0009671679581515491,0.6815363168716431,0.6052983999252319,-0.009838957339525223,0.6705254316329956,0.6298295855522156,-0.014645591378211975,0.6569835543632507,0.6245876550674438,-0.017481746152043343,0.662944495677948,0.5741603970527649,-0.0011608119821175933,0.6847063899040222,0.6033339500427246,-0.010645116679370403,0.6736802458763123,0.62735515832901,-0.009120837785303593,0.6598556637763977,0.6237571239471436,-0.006972318980842829,0.6654209494590759,0.5833626985549927,-0.0026789724361151457,0.6854313015937805,0.6030949354171753,-0.0075001465156674385,0.6767683029174805,0.6226291656494141,-0.004021894186735153,0.666178286075592,0.6231959462165833,-0.0003239178331568837,E
0.0,0.0,0.0,0.0,0.0,0.0,0.0,0.0,0.0,0.0,0.0,0.0,0.0,0.0,0.0,0.0,0.0,0.0,0.0,0.0,0.0,0.0,0.0,0.0,0.0,0.0,0.0,0.0,0.0,0.0,0.0,0.0,0.0,0.0,0.0,0.0,0.0,0.0,0.0,0.0,0.0,0.0,0.0,0.0,0.0,0.0,0.0,0.0,0.0,0.0,0.0,0.0,0.0,0.0,0.0,0.0,0.0,0.0,0.0,0.0,0.0,0.0,0.0,0.6158849596977234,0.6771351099014282,-1.5533700548076013e-07,0.6015817523002625,0.6605658531188965,-0.031289659440517426,0.6005789041519165,0.6432700753211975,-0.049361199140548706,0.6156890392303467,0.6357120275497437,-0.062219396233558655,0.6287514567375183,0.6319211721420288,-0.07162453234195709,0.6448652148246765,0.5716308355331421,-0.030061149969697,0.6665641069412231,0.6088964343070984,-0.04660267010331154,0.6519702076911926,0.6313998103141785,-0.05658172816038132,0.6391704678535461,0.6232804656028748,-0.0634000152349472,0.6648188233375549,0.5766693353652954,-0.021296733990311623,0.6840072870254517,0.6161362528800964,-0.03803489729762077,0.6673018932342529,0.638647735118866,-0.043127093464136124,0.6535789370536804,0.6286810636520386,-0.045406702905893326,0.6780930161476135,0.5880252718925476,-0.01527602132409811,0.6964659094810486,0.6225308179855347,-0.03107636421918869,0.6803808808326721,0.6415061950683594,-0.02908427268266678,0.6662017703056335,0.6340131163597107,-0.025696180760860443,0.6868218779563904,0.6016852259635925,-0.011910906992852688,0.702727198600769,0.6254433393478394,-0.021552303805947304,0.6902517080307007,0.6407541632652283,-0.019984738901257515,0.6776789426803589,0.6376842260360718,-0.01697634533047676,E
0.6041445732116699,0.6614761352539062,-1.787749823733975e-07,0.6241697072982788,0.6698169112205505,-0.013742397539317608,0.6508209109306335,0.6621463298797607,-0.02111852914094925,0.6747251749038696,0.6528570055961609,-0.027030689641833305,0.6834980249404907,0.6386785507202148,-0.030003227293491364,0.6676042675971985,0.5703471302986145,-0.004550941288471222,0.6917158961296082,0.6096711754798889,-0.019074302166700363,0.6770215630531311,0.6358733773231506,-0.030024802312254906,0.6625592112541199,0.6343482136726379,-0.036999061703681946,0.665924072265625,0.557280421257019,-0.004423747304826975,0.6874268651008606,0.6049995422363281,-0.017007863149046898,0.6702080965042114,0.631938636302948,-0.021293459460139275,0.6565333008766174,0.6293460130691528,-0.022715577855706215,0.6598004698753357,0.5541170239448547,-0.006903097499161959,0.6794975996017456,0.6029627323150635,-0.01930636540055275,0.6631396412849426,0.6284242868423462,-0.01620427332818508,0.649529755115509,0.6260185837745667,-0.012073658406734467,0.6507161855697632,0.5602151155471802,-0.011185224168002605,0.6665300130844116,0.6016892194747925,-0.017618032172322273,0.6544174551963806,0.6243525743484497,-0.01386791467666626,0.6429312229156494,0.6248801946640015,-0.009347750805318356,0.0,0.0,0.0,0.0,0.0,0.0,0.0,0.0,0.0,0.0,0.0,0.0,0.0,0.0,0.0,0.0,0.0,0.0,0.0,0.0,0.0,0.0,0.0,0.0,0.0,0.0,0.0,0.0,0.0,0.0,0.0,0.0,0.0,0.0,0.0,0.0,0.0,0.0,0.0,0.0,0.0,0.0,0.0,0.0,0.0,0.0,0.0,0.0,0.0,0.0,0.0,0.0,0.0,0.0,0.0,0.0,0.0,0.0,0.0,0.0,0.0,0.0,0.0,E
0.0,0.0,0.0,0.0,0.0,0.0,0.0,0.0,0.0,0.0,0.0,0.0,0.0,0.0,0.0,0.0,0.0,0.0,0.0,0.0,0.0,0.0,0.0,0.0,0.0,0.0,0.0,0.0,0.0,0.0,0.0,0.0,0.0,0.0,0.0,0.0,0.0,0.0,0.0,0.0,0.0,0.0,0.0,0.0,0.0,0.0,0.0,0.0,0.0,0.0,0.0,0.0,0.0,0.0,0.0,0.0,0.0,0.0,0.0,0.0,0.0,0.0,0.0,0.6323089599609375,0.6691734790802002,-1.2348310463039525e-07,0.6102884411811829,0.663572371006012,-0.03935614973306656,0.602607786655426,0.6497124433517456,-0.06468994915485382,0.620022177696228,0.6457488536834717,-0.08264977484941483,0.6356231570243835,0.6456676721572876,-0.09673042595386505,0.6290481090545654,0.5471343994140625,-0.049693264067173004,0.6560344099998474,0.5981675386428833,-0.07243852317333221,0.6493356823921204,0.6288682222366333,-0.08611495792865753,0.6375706791877747,0.6256776452064514,-0.09585461765527725,0.6565367579460144,0.548538088798523,-0.039747077971696854,0.6765008568763733,0.6049804091453552,-0.0625685378909111,0.6648041009902954,0.6359003782272339,-0.06993629038333893,0.6494905352592468,0.6308028101921082,-0.07456786185503006,0.6777216196060181,0.5628231167793274,-0.03241048753261566,0.6941555738449097,0.6124125123023987,-0.05294306203722954,0.6807403564453125,0.6386696100234985,-0.05164984613656998,0.6655324101448059,0.6336517333984375,-0.04933314025402069,0.6928717494010925,0.5815736055374146,-0.02829400822520256,0.705409824848175,0.6200106143951416,-0.04151908680796623,0.6927846074104309,0.6415054798126221,-0.041204147040843964,0.6792318820953369,0.6401591897010803,-0.03932816535234451,E
0.6193482875823975,0.6594690084457397,-1.614375975123039e-07,0.6493945717811584,0.6646190881729126,-0.01504710502922535,0.6752780675888062,0.6577947735786438,-0.025299226865172386,0.688980221748352,0.6498063206672668,-0.0338188037276268,0.683137059211731,0.6411644816398621,-0.040800001472234726,0.6752246618270874,0.5640042424201965,-0.015859246253967285,0.6965270638465881,0.6145102381706238,-0.03184948116540909,0.6827408075332642,0.6378880739212036,-0.044725481420755386,0.6700155138969421,0.6322532296180725,-0.054092735052108765,0.658479630947113,0.5570463538169861,-0.016008391976356506,0.6788551211357117,0.6143224239349365,-0.029788119718432426,0.6643424034118652,0.6346819400787354,-0.0366329587996006,0.6511198282241821,0.6284096240997314,-0.041583575308322906,0.6400695443153381,0.5615028738975525,-0.01776585914194584,0.6589549779891968,0.6131382584571838,-0.029877925291657448,0.6486532092094421,0.6325073838233948,-0.029256580397486687,0.6376041173934937,0.6274473071098328,-0.02836214005947113,0.6219826340675354,0.5745848417282104,-0.021218804642558098,0.6372179985046387,0.6154330968856812,-0.028796374797821045,0.6331725716590881,0.6334220170974731,-0.027403129264712334,0.6263505220413208,0.6314512491226196,-0.025476859882473946,0.0,0.0,0.0,0.0,0.0,0.0,0.0,0.0,0.0,0.0,0.0,0.0,0.0,0.0,0.0,0.0,0.0,0.0,0.0,0.0,0.0,0.0,0.0,0.0,0.0,0.0,0.0,0.0,0.0,0.0,0.0,0.0,0.0,0.0,0.0,0.0,0.0,0.0,0.0,0.0,0.0,0.0,0.0,0.0,0.0,0.0,0.0,0.0,0.0,0.0,0.0,0.0,0.0,0.0,0.0,0.0,0.0,0.0,0.0,0.0,0.0,0.0,0.0,E
0.6098303198814392,0.6395248174667358,-9.565273018097287e-08,0.6367690563201904,0.6538901329040527,-0.018466215580701828,0.6621423363685608,0.6559086441993713,-0.03183300048112869,0.6760603785514832,0.6523396968841553,-0.04265937581658363,0.6711154580116272,0.6447069644927979,-0.05227890983223915,0.6713922619819641,0.5605747699737549,-0.021817389875650406,0.6922413110733032,0.617405354976654,-0.038443680852651596,0.6779140830039978,0.639258086681366,-0.05205235257744789,0.6641042828559875,0.6337736248970032,-0.06215716153383255,0.6570987105369568,0.555268406867981,-0.020986152812838554,0.6781795024871826,0.612212061882019,-0.035937510430812836,0.6636732816696167,0.6313942670822144,-0.0438489206135273,0.65030837059021,0.6267195343971252,-0.04962177947163582,0.6395092606544495,0.5609375834465027,-0.021708941087126732,0.6587364077568054,0.6102344393730164,-0.03485383838415146,0.649753212928772,0.6290252804756165,-0.03510314226150513,0.6394056677818298,0.6256167888641357,-0.034723829478025436,0.6219555139541626,0.573920726776123,-0.024216724559664726,0.6370447874069214,0.61326664686203,-0.031923629343509674,0.6338606476783752,0.6292843818664551,-0.030762366950511932,0.627849817276001,0.627599835395813,-0.029345283284783363,0.0,0.0,0.0,0.0,0.0,0.0,0.0,0.0,0.0,0.0,0.0,0.0,0.0,0.0,0.0,0.0,0.0,0.0,0.0,0.0,0.0,0.0,0.0,0.0,0.0,0.0,0.0,0.0,0.0,0.0,0.0,0.0,0.0,0.0,0.0,0.0,0.0,0.0,0.0,0.0,0.0,0.0,0.0,0.0,0.0,0.0,0.0,0.0,0.0,0.0,0.0,0.0,0.0,0.0,0.0,0.0,0.0,0.0,0.0,0.0,0.0,0.0,0.0,E
0.6004567742347717,0.61821049451828,-5.096500554913064e-09,0.6263784766197205,0.6310234069824219,-0.018001772463321686,0.6481415033340454,0.6366428732872009,-0.032434865832328796,0.6618520021438599,0.6471697092056274,-0.044698722660541534,0.6661161780357361,0.6563531756401062,-0.05626785382628441,0.6689450144767761,0.5476078987121582,-0.02544442191720009,0.6867900490760803,0.6139866709709167,-0.04091223329305649,0.6724323630332947,0.6354541778564453,-0.052401117980480194,0.6613845825195312,0.630047082901001,-0.06127319484949112,0.6497446894645691,0.5457647442817688,-0.025579074397683144,0.6684868931770325,0.6150370836257935,-0.038637228310108185,0.6551440358161926,0.6323089599609375,-0.04534153640270233,0.643784761428833,0.6255221962928772,-0.051424648612737656,0.627569317817688,0.5552209615707397,-0.02702423185110092,0.6449452638626099,0.6140682101249695,-0.03993390500545502,0.6386567950248718,0.6317815780639648,-0.041508276015520096,0.6313436627388,0.6291388869285583,-0.042547766119241714,0.6054375767707825,0.5706519484519958,-0.02990741655230522,0.6214537024497986,0.6140101552009583,-0.03866303339600563,0.6248435378074646,0.6316420435905457,-0.0383848138153553,0.625298023223877,0.6356349587440491,-0.03772879019379616,0.0,0.0,0.0,0.0,0.0,0.0,0.0,0.0,0.0,0.0,0.0,0.0,0.0,0.0,0.0,0.0,0.0,0.0,0.0,0.0,0.0,0.0,0.0,0.0,0.0,0.0,0.0,0.0,0.0,0.0,0.0,0.0,0.0,0.0,0.0,0.0,0.0,0.0,0.0,0.0,0.0,0.0,0.0,0.0,0.0,0.0,0.0,0.0,0.0,0.0,0.0,0.0,0.0,0.0,0.0,0.0,0.0,0.0,0.0,0.0,0.0,0.0,0.0,E
0.599359929561615,0.5678169131278992,1.4929128155927174e-07,0.6275649666786194,0.5692211985588074,-0.011028858833014965,0.6591182947158813,0.5823843479156494,-0.021690072491765022,0.6782279014587402,0.6118956208229065,-0.030297547578811646,0.6890657544136047,0.638390064239502,-0.0375903882086277,0.6704748272895813,0.5363864898681641,-0.028678081929683685,0.6850996017456055,0.5988251566886902,-0.042705509811639786,0.6764673590660095,0.6217601299285889,-0.04926160350441933,0.6666560173034668,0.6271159648895264,-0.05279166251420975,0.6562439203262329,0.5447697043418884,-0.029966743662953377,0.6735261082649231,0.6074351668357849,-0.043081920593976974,0.6650761365890503,0.6240966320037842,-0.04588308930397034,0.6558611392974854,0.6271264553070068,-0.04731714352965355,0.639696478843689,0.5613955855369568,-0.031434282660484314,0.6556623578071594,0.6185042262077332,-0.041676051914691925,0.650061845779419,0.629576563835144,-0.0405220165848732,0.6445579528808594,0.6292827129364014,-0.03907211869955063,0.6229094862937927,0.581566572189331,-0.03358624503016472,0.6336538791656494,0.62871915102005,-0.03913123533129692,0.6321979761123657,0.6384490728378296,-0.037516314536333084,0.6309934854507446,0.6405513286590576,-0.036018241196870804,0.0,0.0,0.0,0.0,0.0,0.0,0.0,0.0,0.0,0.0,0.0,0.0,0.0,0.0,0.0,0.0,0.0,0.0,0.0,0.0,0.0,0.0,0.0,0.0,0.0,0.0,0.0,0.0,0.0,0.0,0.0,0.0,0.0,0.0,0.0,0.0,0.0,0.0,0.0,0.0,0.0,0.0,0.0,0.0,0.0,0.0,0.0,0.0,0.0,0.0,0.0,0.0,0.0,0.0,0.0,0.0,0.0,0.0,0.0,0.0,0.0,0.0,0.0,E
0.6040834188461304,0.5676683783531189,1.7537881547013967e-07,0.6287630796432495,0.5860703587532043,-0.012415158562362194,0.6571463346481323,0.6019406914710999,-0.02393212914466858,0.6757952570915222,0.6237888336181641,-0.03362493962049484,0.689805805683136,0.6437199711799622,-0.041852179914712906,0.6771372556686401,0.5395968556404114,-0.026576990261673927,0.6919547915458679,0.5992259383201599,-0.04203588142991066,0.6839568614959717,0.6292355060577393,-0.05042814090847969,0.6751620769500732,0.6413648128509521,-0.05485590547323227,0.6667876839637756,0.5372657775878906,-0.02758256532251835,0.6828557252883911,0.6029927134513855,-0.042549699544906616,0.6705983877182007,0.6264628171920776,-0.04610231891274452,0.6588960289955139,0.6339234709739685,-0.0470767542719841,0.6523345112800598,0.5448602437973022,-0.02920226752758026,0.6644556522369385,0.6110279560089111,-0.04207666963338852,0.6530119776725769,0.6292324066162109,-0.04052684083580971,0.643704891204834,0.6332091093063354,-0.037591785192489624,0.6363672614097595,0.5581415295600891,-0.03173593804240227,0.6445745229721069,0.6113957166671753,-0.039637576788663864,0.6392959356307983,0.6291628479957581,-0.037774037569761276,0.635025680065155,0.6375083923339844,-0.035003576427698135,0.0,0.0,0.0,0.0,0.0,0.0,0.0,0.0,0.0,0.0,0.0,0.0,0.0,0.0,0.0,0.0,0.0,0.0,0.0,0.0,0.0,0.0,0.0,0.0,0.0,0.0,0.0,0.0,0.0,0.0,0.0,0.0,0.0,0.0,0.0,0.0,0.0,0.0,0.0,0.0,0.0,0.0,0.0,0.0,0.0,0.0,0.0,0.0,0.0,0.0,0.0,0.0,0.0,0.0,0.0,0.0,0.0,0.0,0.0,0.0,0.0,0.0,0.0,E
0.0,0.0,0.0,0.0,0.0,0.0,0.0,0.0,0.0,0.0,0.0,0.0,0.0,0.0,0.0,0.0,0.0,0.0,0.0,0.0,0.0,0.0,0.0,0.0,0.0,0.0,0.0,0.0,0.0,0.0,0.0,0.0,0.0,0.0,0.0,0.0,0.0,0.0,0.0,0.0,0.0,0.0,0.0,0.0,0.0,0.0,0.0,0.0,0.0,0.0,0.0,0.0,0.0,0.0,0.0,0.0,0.0,0.0,0.0,0.0,0.0,0.0,0.0,0.6014980673789978,0.5634914636611938,1.3010503607802093e-07,0.6179147362709045,0.5864676833152771,-0.023948565125465393,0.6470595002174377,0.6058698296546936,-0.039688389748334885,0.6714443564414978,0.6254574656486511,-0.05005761235952377,0.6881000995635986,0.6438661217689514,-0.05825459212064743,0.6709388494491577,0.5457772612571716,-0.04260708764195442,0.6843644380569458,0.6042375564575195,-0.06161127984523773,0.673903226852417,0.6318564414978027,-0.07137889415025711,0.6632945537567139,0.6426292061805725,-0.07593081146478653,0.6687478423118591,0.5364649295806885,-0.03628043085336685,0.6826896667480469,0.6008603572845459,-0.05487293377518654,0.6694447994232178,0.6238837838172913,-0.05968290567398071,0.6573324203491211,0.6322768926620483,-0.06072230264544487,0.6631471514701843,0.5387492775917053,-0.030697528272867203,0.6734864115715027,0.603279709815979,-0.04536109417676926,0.6621900796890259,0.6218640804290771,-0.0449700653553009,0.6527869701385498,0.627865195274353,-0.04227888956665993,0.6543936729431152,0.5464230179786682,-0.02669144794344902,0.6630607843399048,0.5985174179077148,-0.035166241228580475,0.6576057076454163,0.6146581172943115,-0.034420911222696304,0.6534808278083801,0.622297465801239,-0.03201713413000107,E
0.0,0.0,0.0,0.0,0.0,0.0,0.0,0.0,0.0,0.0,0.0,0.0,0.0,0.0,0.0,0.0,0.0,0.0,0.0,0.0,0.0,0.0,0.0,0.0,0.0,0.0,0.0,0.0,0.0,0.0,0.0,0.0,0.0,0.0,0.0,0.0,0.0,0.0,0.0,0.0,0.0,0.0,0.0,0.0,0.0,0.0,0.0,0.0,0.0,0.0,0.0,0.0,0.0,0.0,0.0,0.0,0.0,0.0,0.0,0.0,0.0,0.0,0.0,0.6170264482498169,0.6824077367782593,-4.8349754422361e-08,0.6032792329788208,0.6601608395576477,-0.02718881145119667,0.6001586318016052,0.6369668841362,-0.04429494962096214,0.6107321977615356,0.6299527883529663,-0.05752330273389816,0.6244832873344421,0.634743869304657,-0.06830183416604996,0.6351927518844604,0.5953893065452576,-0.02887086756527424,0.6565854549407959,0.6043329238891602,-0.04376181587576866,0.6500917077064514,0.6228488087654114,-0.052001334726810455,0.6403084397315979,0.6253827810287476,-0.05701766163110733,0.6561933159828186,0.6034928560256958,-0.022063158452510834,0.6786869764328003,0.6152070164680481,-0.036784857511520386,0.6720698475837708,0.6334633827209473,-0.042307499796152115,0.6606011986732483,0.6319589614868164,-0.04480268433690071,0.671937882900238,0.6146025657653809,-0.017621632665395737,0.6920713782310486,0.6236681938171387,-0.031186284497380257,0.6857779622077942,0.6389601826667786,-0.030490726232528687,0.675060510635376,0.6390213966369629,-0.027937615290284157,0.6827709674835205,0.6265265941619873,-0.01538341399282217,0.7001675367355347,0.6292011141777039,-0.023155421018600464,0.6967346668243408,0.6407122611999512,-0.021103058010339737,0.688776969909668,0.6437518000602722,-0.018047958612442017,E
0.0,0.0,0.0,0.0,0.0,0.0,0.0,0.0,0.0,0.0,0.0,0.0,0.0,0.0,0.0,0.0,0.0,0.0,0.0,0.0,0.0,0.0,0.0,0.0,0.0,0.0,0.0,0.0,0.0,0.0,0.0,0.0,0.0,0.0,0.0,0.0,0.0,0.0,0.0,0.0,0.0,0.0,0.0,0.0,0.0,0.0,0.0,0.0,0.0,0.0,0.0,0.0,0.0,0.0,0.0,0.0,0.0,0.0,0.0,0.0,0.0,0.0,0.0,0.5922316312789917,0.6466330289840698,-5.640279354679478e-08,0.585277259349823,0.6247539520263672,-0.023522095754742622,0.5969204306602478,0.6108303070068359,-0.036689601838588715,0.6219323873519897,0.6183068752288818,-0.04533415660262108,0.6422126293182373,0.6305984854698181,-0.0516185499727726,0.6426329016685486,0.5611966252326965,-0.02537921443581581,0.6614304184913635,0.5991435647010803,-0.038950588554143906,0.6471056342124939,0.6124958992004395,-0.048918820917606354,0.6335306167602539,0.6108593344688416,-0.05549124255776405,0.6583709716796875,0.5723920464515686,-0.01880481466650963,0.6738472580909729,0.607936680316925,-0.03074738383293152,0.6602162718772888,0.6208292841911316,-0.035893622785806656,0.646751880645752,0.6210083365440369,-0.03887927904725075,0.6676750183105469,0.5894244909286499,-0.0140439597889781,0.6804367303848267,0.618786633014679,-0.02385898120701313,0.6656247973442078,0.628619372844696,-0.022066807374358177,0.6520764827728271,0.6281077861785889,-0.019764317199587822,0.6718574166297913,0.6079757213592529,-0.011437092907726765,0.6824919581413269,0.6268721222877502,-0.016399426385760307,0.6719794273376465,0.6335837244987488,-0.013771405443549156,0.6612752079963684,0.633388340473175,-0.010657616890966892,E
0.0,0.0,0.0,0.0,0.0,0.0,0.0,0.0,0.0,0.0,0.0,0.0,0.0,0.0,0.0,0.0,0.0,0.0,0.0,0.0,0.0,0.0,0.0,0.0,0.0,0.0,0.0,0.0,0.0,0.0,0.0,0.0,0.0,0.0,0.0,0.0,0.0,0.0,0.0,0.0,0.0,0.0,0.0,0.0,0.0,0.0,0.0,0.0,0.0,0.0,0.0,0.0,0.0,0.0,0.0,0.0,0.0,0.0,0.0,0.0,0.0,0.0,0.0,0.5879813432693481,0.6043445467948914,-2.828238088170565e-08,0.5990976691246033,0.6174277067184448,-0.028877006843686104,0.6197510361671448,0.6251388192176819,-0.04565265029668808,0.6487404704093933,0.6357657313346863,-0.0560307614505291,0.6728556156158447,0.6436839699745178,-0.06354979425668716,0.6535512208938599,0.5485972166061401,-0.03738771006464958,0.6729652881622314,0.6025282740592957,-0.052560821175575256,0.6593573093414307,0.6266281604766846,-0.06303471326828003,0.646920382976532,0.6237861514091492,-0.07035692036151886,0.6651690602302551,0.5464488863945007,-0.027862949296832085,0.683925449848175,0.6049209237098694,-0.04254593327641487,0.6671880483627319,0.6292145252227783,-0.048483964055776596,0.6525406241416931,0.6272689700126648,-0.05201106518507004,0.6700170040130615,0.5536786317825317,-0.019414570182561874,0.6874158382415771,0.6081352233886719,-0.031341999769210815,0.6729716062545776,0.6290453672409058,-0.029447443783283234,0.6596139669418335,0.6279606819152832,-0.02703496254980564,0.66975998878479,0.5647561550140381,-0.013307185843586922,0.6842729449272156,0.6093327403068542,-0.01998448744416237,0.6740726828575134,0.626093327999115,-0.017676590010523796,0.6640058755874634,0.6280219554901123,-0.014530828222632408,E
0.0,0.0,0.0,0.0,0.0,0.0,0.0,0.0,0.0,0.0,0.0,0.0,0.0,0.0,0.0,0.0,0.0,0.0,0.0,0.0,0.0,0.0,0.0,0.0,0.0,0.0,0.0,0.0,0.0,0.0,0.0,0.0,0.0,0.0,0.0,0.0,0.0,0.0,0.0,0.0,0.0,0.0,0.0,0.0,0.0,0.0,0.0,0.0,0.0,0.0,0.0,0.0,0.0,0.0,0.0,0.0,0.0,0.0,0.0,0.0,0.0,0.0,0.0,0.6045316457748413,0.5792732238769531,1.2427217654931155e-07,0.5911591053009033,0.5963401198387146,-0.04694804921746254,0.5979260802268982,0.6114966869354248,-0.07397681474685669,0.6213494539260864,0.6303762197494507,-0.08993715792894363,0.6408168077468872,0.6512118577957153,-0.10227074474096298,0.6452972292900085,0.5400979518890381,-0.07391399145126343,0.6608307957649231,0.5992580652236938,-0.09672654420137405,0.6551541686058044,0.6297277808189392,-0.10590897500514984,0.6470597386360168,0.6413400769233704,-0.1115950345993042,0.6733319759368896,0.543951153755188,-0.05782235413789749,0.6883114576339722,0.6102079153060913,-0.08150731772184372,0.6699337959289551,0.6362961530685425,-0.08745719492435455,0.6557005047798157,0.6361308693885803,-0.09005960077047348,0.690515398979187,0.5583863854408264,-0.04283011332154274,0.7004897594451904,0.6185681819915771,-0.06425455212593079,0.6826183199882507,0.6409381031990051,-0.06421162188053131,0.6699734926223755,0.6407710313796997,-0.0620080940425396,0.697848916053772,0.5736132860183716,-0.030743159353733063,0.7029784917831421,0.6193679571151733,-0.04829523712396622,0.6896622180938721,0.6382022500038147,-0.05042865127325058,0.6803547739982605,0.641036331653595,-0.049305327236652374,E
0.0,0.0,0.0,0.0,0.0,0.0,0.0,0.0,0.0,0.0,0.0,0.0,0.0,0.0,0.0,0.0,0.0,0.0,0.0,0.0,0.0,0.0,0.0,0.0,0.0,0.0,0.0,0.0,0.0,0.0,0.0,0.0,0.0,0.0,0.0,0.0,0.0,0.0,0.0,0.0,0.0,0.0,0.0,0.0,0.0,0.0,0.0,0.0,0.0,0.0,0.0,0.0,0.0,0.0,0.0,0.0,0.0,0.0,0.0,0.0,0.0,0.0,0.0,0.5916087627410889,0.5951728224754333,6.887536585509224e-08,0.5845491886138916,0.6247593760490417,-0.05264321714639664,0.6012240648269653,0.6506035327911377,-0.08074236661195755,0.6354742050170898,0.6668620109558105,-0.09617935866117477,0.6638387441635132,0.6605868339538574,-0.1065458282828331,0.6446426510810852,0.5429301857948303,-0.07847202569246292,0.6604249477386475,0.6022812128067017,-0.10425364226102829,0.6523916721343994,0.6362740397453308,-0.11380305141210556,0.6421731114387512,0.6482229232788086,-0.1189238429069519,0.6730948090553284,0.5440417528152466,-0.05996926128864288,0.6874049305915833,0.6150057315826416,-0.08596677333116531,0.6630426049232483,0.641534149646759,-0.09142382442951202,0.646877646446228,0.6365480422973633,-0.09339936822652817,0.6900829672813416,0.5592969655990601,-0.043226514011621475,0.6978170275688171,0.6258888244628906,-0.06732070446014404,0.673679769039154,0.645819902420044,-0.06556624919176102,0.65888911485672,0.6384652256965637,-0.062051355838775635,0.6959547400474548,0.5759698152542114,-0.029826907441020012,0.6961072683334351,0.629239559173584,-0.049051184207201004,0.675803005695343,0.6446577310562134,-0.05010728910565376,0.6642764806747437,0.6394819617271423,-0.04786590114235878,E
0.0,0.0,0.0,0.0,0.0,0.0,0.0,0.0,0.0,0.0,0.0,0.0,0.0,0.0,0.0,0.0,0.0,0.0,0.0,0.0,0.0,0.0,0.0,0.0,0.0,0.0,0.0,0.0,0.0,0.0,0.0,0.0,0.0,0.0,0.0,0.0,0.0,0.0,0.0,0.0,0.0,0.0,0.0,0.0,0.0,0.0,0.0,0.0,0.0,0.0,0.0,0.0,0.0,0.0,0.0,0.0,0.0,0.0,0.0,0.0,0.0,0.0,0.0,0.5938750505447388,0.6006642580032349,8.97970764413003e-08,0.5857604146003723,0.6257127523422241,-0.050930462777614594,0.6004682183265686,0.6480177640914917,-0.07869742810726166,0.6316923499107361,0.6628116369247437,-0.09423849731683731,0.6570043563842773,0.6586947441101074,-0.10521096736192703,0.6418690085411072,0.5438131093978882,-0.07790068536996841,0.6542508602142334,0.5973660349845886,-0.1034817099571228,0.6513381600379944,0.6308580040931702,-0.11432887613773346,0.6467543244361877,0.6470177173614502,-0.12068631500005722,0.6703625917434692,0.5474984049797058,-0.060201000422239304,0.68309086561203,0.6137207746505737,-0.08567880094051361,0.663415789604187,0.6394168138504028,-0.09162172675132751,0.650395929813385,0.6382100582122803,-0.09439381211996078,0.6885644197463989,0.5636155605316162,-0.04403475299477577,0.6950563192367554,0.6259595155715942,-0.06789127737283707,0.673780620098114,0.6463226675987244,-0.06633419543504715,0.6603121757507324,0.6431506872177124,-0.06297069787979126,0.6959667801856995,0.5801810026168823,-0.03115861676633358,0.6973689198493958,0.626471221446991,-0.04991958290338516,0.6798180341720581,0.6445855498313904,-0.050525959581136703,0.669635534286499,0.6454288959503174,-0.04804755747318268,E
0.0,0.0,0.0,0.0,0.0,0.0,0.0,0.0,0.0,0.0,0.0,0.0,0.0,0.0,0.0,0.0,0.0,0.0,0.0,0.0,0.0,0.0,0.0,0.0,0.0,0.0,0.0,0.0,0.0,0.0,0.0,0.0,0.0,0.0,0.0,0.0,0.0,0.0,0.0,0.0,0.0,0.0,0.0,0.0,0.0,0.0,0.0,0.0,0.0,0.0,0.0,0.0,0.0,0.0,0.0,0.0,0.0,0.0,0.0,0.0,0.0,0.0,0.0,0.591131329536438,0.5937390327453613,9.609461670834207e-09,0.5846510529518127,0.621356725692749,-0.05141087993979454,0.5992243885993958,0.6458786725997925,-0.07945479452610016,0.6318545937538147,0.6637656688690186,-0.09538158774375916,0.6568871736526489,0.6590027809143066,-0.10636724531650543,0.6441742777824402,0.5446956157684326,-0.07641518115997314,0.6624611616134644,0.6090409159660339,-0.10014522820711136,0.6499834060668945,0.639421820640564,-0.10909449309110641,0.6383203268051147,0.6425769925117493,-0.11470106244087219,0.6715642809867859,0.5462592244148254,-0.05866038799285889,0.6856463551521301,0.6177898645401001,-0.08276436477899551,0.6612318158149719,0.6446207165718079,-0.08832604438066483,0.6474397778511047,0.6377797722816467,-0.09130916744470596,0.6881701946258545,0.5610382556915283,-0.04238841310143471,0.6983450055122375,0.6266041994094849,-0.06548287719488144,0.6744258999824524,0.6477825045585632,-0.06421422958374023,0.6608666777610779,0.6403077840805054,-0.06155577674508095,0.6943670511245728,0.5771238803863525,-0.02927212603390217,0.6990534663200378,0.6271240711212158,-0.048127274960279465,0.6817619204521179,0.6467330455780029,-0.049195803701877594,0.6727255582809448,0.6462000012397766,-0.04724244773387909,E
0.0,0.0,0.0,0.0,0.0,0.0,0.0,0.0,0.0,0.0,0.0,0.0,0.0,0.0,0.0,0.0,0.0,0.0,0.0,0.0,0.0,0.0,0.0,0.0,0.0,0.0,0.0,0.0,0.0,0.0,0.0,0.0,0.0,0.0,0.0,0.0,0.0,0.0,0.0,0.0,0.0,0.0,0.0,0.0,0.0,0.0,0.0,0.0,0.0,0.0,0.0,0.0,0.0,0.0,0.0,0.0,0.0,0.0,0.0,0.0,0.0,0.0,0.0,0.5896183848381042,0.6123276352882385,4.238341944073909e-08,0.5854018330574036,0.6384997367858887,-0.05405914783477783,0.6011245846748352,0.6612772345542908,-0.08403868973255157,0.6346569061279297,0.6708788871765137,-0.10148368775844574,0.6626561284065247,0.6600286960601807,-0.11311575770378113,0.6415417194366455,0.5457861423492432,-0.07782550901174545,0.6610392332077026,0.6065199375152588,-0.10425873845815659,0.6510382890701294,0.6403089761734009,-0.11389733105897903,0.6413383483886719,0.649243175983429,-0.1192634254693985,0.6696584224700928,0.5445564389228821,-0.059667397290468216,0.6857887506484985,0.6170769333839417,-0.08618433773517609,0.6627874374389648,0.6450328826904297,-0.09155495464801788,0.6488394141197205,0.639910101890564,-0.09382917732000351,0.6872564554214478,0.5585004091262817,-0.04364292323589325,0.6979373097419739,0.6257822513580322,-0.06869456171989441,0.6746728420257568,0.6480638980865479,-0.06630197912454605,0.6609175205230713,0.6413535475730896,-0.06253761053085327,0.6941139698028564,0.575587272644043,-0.03117472492158413,0.6978974938392639,0.6278101205825806,-0.05085358768701553,0.6794333457946777,0.6470963358879089,-0.05122482404112816,0.6687282919883728,0.6439504027366638,-0.04846378043293953,E
0.0,0.0,0.0,0.0,0.0,0.0,0.0,0.0,0.0,0.0,0.0,0.0,0.0,0.0,0.0,0.0,0.0,0.0,0.0,0.0,0.0,0.0,0.0,0.0,0.0,0.0,0.0,0.0,0.0,0.0,0.0,0.0,0.0,0.0,0.0,0.0,0.0,0.0,0.0,0.0,0.0,0.0,0.0,0.0,0.0,0.0,0.0,0.0,0.0,0.0,0.0,0.0,0.0,0.0,0.0,0.0,0.0,0.0,0.0,0.0,0.0,0.0,0.0,0.6053638458251953,0.6346072554588318,1.5839185607546824e-07,0.5922548770904541,0.6502724885940552,-0.05294552445411682,0.6009942889213562,0.6653801202774048,-0.08293285220861435,0.6323250532150269,0.6716097593307495,-0.10070784389972687,0.6621401906013489,0.6638070940971375,-0.11294621974229813,0.6207465529441833,0.5491600632667542,-0.08280638605356216,0.64374178647995,0.5803794860839844,-0.11098530143499374,0.651839017868042,0.6215603947639465,-0.12152861058712006,0.6524614691734314,0.6476483345031738,-0.12766924500465393,0.6569911241531372,0.5429899096488953,-0.06599269062280655,0.6763255596160889,0.5987089276313782,-0.09427516162395477,0.6650041341781616,0.638527512550354,-0.09984007477760315,0.6540329456329346,0.643911600112915,-0.10269443690776825,0.6818857789039612,0.5564489364624023,-0.05119261518120766,0.6930720806121826,0.6156891584396362,-0.07721267640590668,0.6769609451293945,0.6453685760498047,-0.07449759542942047,0.6633321642875671,0.6429340243339539,-0.07108234614133835,0.6946882009506226,0.5756750702857971,-0.04016107693314552,0.6994933485984802,0.6269001960754395,-0.06204630807042122,0.6836643815040588,0.6486751437187195,-0.06355715543031693,0.6716207265853882,0.6454257965087891,-0.06190570816397667,E
0.0,0.0,0.0,0.0,0.0,0.0,0.0,0.0,0.0,0.0,0.0,0.0,0.0,0.0,0.0,0.0,0.0,0.0,0.0,0.0,0.0,0.0,0.0,0.0,0.0,0.0,0.0,0.0,0.0,0.0,0.0,0.0,0.0,0.0,0.0,0.0,0.0,0.0,0.0,0.0,0.0,0.0,0.0,0.0,0.0,0.0,0.0,0.0,0.0,0.0,0.0,0.0,0.0,0.0,0.0,0.0,0.0,0.0,0.0,0.0,0.0,0.0,0.0,0.6121653914451599,0.6644666194915771,1.629585142381984e-07,0.5980752110481262,0.6707701683044434,-0.05873313918709755,0.6053128838539124,0.673491358757019,-0.09300339967012405,0.6385530233383179,0.6733285188674927,-0.11444059759378433,0.6683335304260254,0.6687042117118835,-0.12898533046245575,0.5967732071876526,0.5588330030441284,-0.0891210213303566,0.6401561498641968,0.5744249820709229,-0.12274918705224991,0.65268474817276,0.6215699315071106,-0.13443028926849365,0.649020254611969,0.6517782807350159,-0.1395115852355957,0.6317881345748901,0.5430518984794617,-0.06972990930080414,0.666985273361206,0.5807765126228333,-0.10348089039325714,0.6616011261940002,0.6343797445297241,-0.10760124772787094,0.6481759548187256,0.6475834250450134,-0.10748623311519623,0.6618087887763977,0.548934280872345,-0.05360913649201393,0.6881077885627747,0.5915959477424622,-0.08251603692770004,0.6775104999542236,0.6332211494445801,-0.07715184986591339,0.6625927686691284,0.6403599381446838,-0.07071388512849808,0.6828126311302185,0.563414454460144,-0.04196475073695183,0.6977612376213074,0.6064123511314392,-0.06604404747486115,0.6878283023834229,0.6361352801322937,-0.06836874037981033,0.676530122756958,0.6401951313018799,-0.06646348536014557,E
0.0,0.0,0.0,0.0,0.0,0.0,0.0,0.0,0.0,0.0,0.0,0.0,0.0,0.0,0.0,0.0,0.0,0.0,0.0,0.0,0.0,0.0,0.0,0.0,0.0,0.0,0.0,0.0,0.0,0.0,0.0,0.0,0.0,0.0,0.0,0.0,0.0,0.0,0.0,0.0,0.0,0.0,0.0,0.0,0.0,0.0,0.0,0.0,0.0,0.0,0.0,0.0,0.0,0.0,0.0,0.0,0.0,0.0,0.0,0.0,0.0,0.0,0.0,0.6357345581054688,0.6789978742599487,-1.3582115343524492e-07,0.6283321976661682,0.6896190643310547,-0.03752570226788521,0.6283567547798157,0.6862953305244446,-0.06371168047189713,0.6506412625312805,0.6744481325149536,-0.0825871005654335,0.6673653721809387,0.6603414416313171,-0.09724753350019455,0.5871526598930359,0.5614807605743408,-0.04997667297720909,0.6413041949272156,0.5882454514503479,-0.07482589036226273,0.6493275165557861,0.6258379220962524,-0.0896163061261177,0.6379801034927368,0.6360004544258118,-0.09962667524814606,0.6110984086990356,0.5423433780670166,-0.04141800105571747,0.6598764657974243,0.5729731917381287,-0.06571727246046066,0.6635453701019287,0.6193097829818726,-0.07277587056159973,0.6504731178283691,0.6303582787513733,-0.0764385238289833,0.6363618969917297,0.5396901369094849,-0.035176847130060196,0.678612232208252,0.5687655210494995,-0.057008933275938034,0.6789447069168091,0.6124168038368225,-0.054379843175411224,0.666544497013092,0.6225075125694275,-0.050558969378471375,0.6608061194419861,0.5478650331497192,-0.03183656185865402,0.690578818321228,0.5782289505004883,-0.045750390738248825,0.686739444732666,0.6151688694953918,-0.04434540495276451,0.6748747229576111,0.6249743700027466,-0.04135044291615486,E
0.0,0.0,0.0,0.0,0.0,0.0,0.0,0.0,0.0,0.0,0.0,0.0,0.0,0.0,0.0,0.0,0.0,0.0,0.0,0.0,0.0,0.0,0.0,0.0,0.0,0.0,0.0,0.0,0.0,0.0,0.0,0.0,0.0,0.0,0.0,0.0,0.0,0.0,0.0,0.0,0.0,0.0,0.0,0.0,0.0,0.0,0.0,0.0,0.0,0.0,0.0,0.0,0.0,0.0,0.0,0.0,0.0,0.0,0.0,0.0,0.0,0.0,0.0,0.6305995583534241,0.6892274618148804,-1.2304349183978047e-07,0.6304665803909302,0.6900104284286499,-0.029097342863678932,0.6330738067626953,0.6781668066978455,-0.049591440707445145,0.650471031665802,0.6609652042388916,-0.06493069976568222,0.6637715697288513,0.6470032334327698,-0.076739102602005,0.5975364446640015,0.5598012208938599,-0.037330519407987595,0.6503377556800842,0.5749319791793823,-0.058621928095817566,0.6609860062599182,0.6121468544006348,-0.0723036527633667,0.6549359560012817,0.6294736862182617,-0.08031026273965836,0.6127058863639832,0.5439512133598328,-0.030977947637438774,0.6631745100021362,0.5653313994407654,-0.05127963051199913,0.6702359318733215,0.6125616431236267,-0.057678934186697006,0.662000834941864,0.6364349722862244,-0.05963488295674324,0.6309141516685486,0.5451745986938477,-0.026732860133051872,0.6715176105499268,0.5645267963409424,-0.04378816485404968,0.6746763586997986,0.6047372221946716,-0.0427592471241951,0.6656509637832642,0.6255064010620117,-0.039317768067121506,0.6486568450927734,0.5580594539642334,-0.024771448224782944,0.677787184715271,0.5732256770133972,-0.03392145037651062,0.6802995204925537,0.6026089191436768,-0.0319753959774971,0.6757227778434753,0.616852343082428,-0.02836213819682598,E
0.6148802638053894,0.6946985721588135,-2.1344304457215912e-07,0.640614926815033,0.6907088160514832,-0.0202939473092556,0.6620742678642273,0.6744086742401123,-0.03639664873480797,0.6784897446632385,0.6558132171630859,-0.050280604511499405,0.6850152611732483,0.6410430669784546,-0.06117730587720871,0.6237239241600037,0.5590801239013672,-0.01980644278228283,0.6734108328819275,0.5631694793701172,-0.03868212550878525,0.6805789470672607,0.6052092909812927,-0.052408311516046524,0.6700204014778137,0.6286998391151428,-0.06117980554699898,0.6151524186134338,0.5467746257781982,-0.01894405484199524,0.6641674041748047,0.5544403195381165,-0.037609636783599854,0.6716436147689819,0.6032281517982483,-0.04421936348080635,0.6626462340354919,0.6306794285774231,-0.046141255646944046,0.6100071668624878,0.5489090085029602,-0.02041120082139969,0.6549572348594666,0.5561776161193848,-0.037392351776361465,0.662770688533783,0.5994182825088501,-0.03585540130734444,0.655177891254425,0.6239702105522156,-0.03150707483291626,0.6085636019706726,0.5634564161300659,-0.02388659678399563,0.6458032131195068,0.5767674446105957,-0.033982422202825546,0.6508687734603882,0.6089848279953003,-0.0327150896191597,0.6435642838478088,0.6270473003387451,-0.02930915355682373,0.0,0.0,0.0,0.0,0.0,0.0,0.0,0.0,0.0,0.0,0.0,0.0,0.0,0.0,0.0,0.0,0.0,0.0,0.0,0.0,0.0,0.0,0.0,0.0,0.0,0.0,0.0,0.0,0.0,0.0,0.0,0.0,0.0,0.0,0.0,0.0,0.0,0.0,0.0,0.0,0.0,0.0,0.0,0.0,0.0,0.0,0.0,0.0,0.0,0.0,0.0,0.0,0.0,0.0,0.0,0.0,0.0,0.0,0.0,0.0,0.0,0.0,0.0,E
0.613269567489624,0.6953293085098267,-2.503066411918553e-07,0.6429652571678162,0.689048171043396,-0.015433521009981632,0.6705446839332581,0.6691421270370483,-0.02922709845006466,0.6873704195022583,0.6523634791374207,-0.042215365916490555,0.6904135942459106,0.6402165293693542,-0.0525180920958519,0.6527202129364014,0.5508953928947449,-0.013997294008731842,0.6914424896240234,0.571165919303894,-0.03561176732182503,0.6900354623794556,0.6111064553260803,-0.05067702382802963,0.6754449605941772,0.6259658932685852,-0.060145556926727295,0.6307997107505798,0.5455357432365417,-0.01689324714243412,0.6723269820213318,0.5707120299339294,-0.03583405539393425,0.6724018454551697,0.6145039796829224,-0.04257822781801224,0.660563051700592,0.6287612915039062,-0.045387037098407745,0.6109877824783325,0.5544294118881226,-0.02241217903792858,0.6509771943092346,0.5757670402526855,-0.04030749201774597,0.6551088094711304,0.6165800094604492,-0.03791314736008644,0.6462963819503784,0.6303830742835999,-0.03359004110097885,0.594403088092804,0.5754135251045227,-0.029888352379202843,0.6280914545059204,0.6004433631896973,-0.04087148979306221,0.6343517303466797,0.6306172609329224,-0.03905296325683594,0.6295579075813293,0.6402243971824646,-0.03542831912636757,0.0,0.0,0.0,0.0,0.0,0.0,0.0,0.0,0.0,0.0,0.0,0.0,0.0,0.0,0.0,0.0,0.0,0.0,0.0,0.0,0.0,0.0,0.0,0.0,0.0,0.0,0.0,0.0,0.0,0.0,0.0,0.0,0.0,0.0,0.0,0.0,0.0,0.0,0.0,0.0,0.0,0.0,0.0,0.0,0.0,0.0,0.0,0.0,0.0,0.0,0.0,0.0,0.0,0.0,0.0,0.0,0.0,0.0,0.0,0.0,0.0,0.0,0.0,E
0.0,0.0,0.0,0.0,0.0,0.0,0.0,0.0,0.0,0.0,0.0,0.0,0.0,0.0,0.0,0.0,0.0,0.0,0.0,0.0,0.0,0.0,0.0,0.0,0.0,0.0,0.0,0.0,0.0,0.0,0.0,0.0,0.0,0.0,0.0,0.0,0.0,0.0,0.0,0.0,0.0,0.0,0.0,0.0,0.0,0.0,0.0,0.0,0.0,0.0,0.0,0.0,0.0,0.0,0.0,0.0,0.0,0.0,0.0,0.0,0.0,0.0,0.0,0.6314079761505127,0.6829866170883179,-2.2185380643691133e-08,0.6235465407371521,0.6909468173980713,-0.039202164858579636,0.6275744438171387,0.6817268133163452,-0.06402823328971863,0.6536161303520203,0.6698253154754639,-0.08079508692026138,0.6762946844100952,0.6489835977554321,-0.09289301931858063,0.5890743136405945,0.5672128200531006,-0.05404539778828621,0.6326132416725159,0.5863417387008667,-0.07792549580335617,0.6453074216842651,0.619901180267334,-0.08946104347705841,0.6406527161598206,0.6377851963043213,-0.09620703011751175,0.6137189865112305,0.5442597270011902,-0.04376810044050217,0.6558043360710144,0.5645269751548767,-0.06827946752309799,0.6648789644241333,0.6128721833229065,-0.07449368387460709,0.6586804389953613,0.6362017393112183,-0.07629889249801636,0.6397576332092285,0.541476845741272,-0.03576953336596489,0.6759311556816101,0.5618345737457275,-0.0594896636903286,0.6798409223556519,0.6064157485961914,-0.058077841997146606,0.6729190945625305,0.6269784569740295,-0.053953640162944794,0.664003849029541,0.5529163479804993,-0.030383111909031868,0.6888288259506226,0.578055739402771,-0.05024348944425583,0.6889303922653198,0.6139637231826782,-0.05170641466975212,0.6834654211997986,0.6302370429039001,-0.04936154931783676,E
0.0,0.0,0.0,0.0,0.0,0.0,0.0,0.0,0.0,0.0,0.0,0.0,0.0,0.0,0.0,0.0,0.0,0.0,0.0,0.0,0.0,0.0,0.0,0.0,0.0,0.0,0.0,0.0,0.0,0.0,0.0,0.0,0.0,0.0,0.0,0.0,0.0,0.0,0.0,0.0,0.0,0.0,0.0,0.0,0.0,0.0,0.0,0.0,0.0,0.0,0.0,0.0,0.0,0.0,0.0,0.0,0.0,0.0,0.0,0.0,0.0,0.0,0.0,0.6184358596801758,0.690994918346405,-1.7514825856324023e-07,0.6272264719009399,0.696871280670166,-0.03184987232089043,0.6395452618598938,0.6861215829849243,-0.05297476053237915,0.6641538143157959,0.6693470478057861,-0.06878576427698135,0.6811259984970093,0.6545052528381348,-0.08106523007154465,0.5951364636421204,0.565757691860199,-0.036687612533569336,0.6494114398956299,0.5762532353401184,-0.06038118898868561,0.6582828164100647,0.6187810301780701,-0.07585836946964264,0.6463366746902466,0.6373536586761475,-0.08594750612974167,0.6079343557357788,0.5477309226989746,-0.03066207654774189,0.6605768203735352,0.559529721736908,-0.055002231150865555,0.6685936450958252,0.6127248406410217,-0.0626448318362236,0.657275915145874,0.6359301209449768,-0.0646253302693367,0.623255729675293,0.5438894629478455,-0.027300678193569183,0.6721683740615845,0.5600438117980957,-0.05107049643993378,0.6766691207885742,0.6115140914916992,-0.04959547147154808,0.6649124622344971,0.6327535510063171,-0.044050104916095734,0.6398437023162842,0.5527300238609314,-0.02631891518831253,0.678853452205658,0.574772834777832,-0.04126681387424469,0.6793779134750366,0.6138845682144165,-0.040218695998191833,0.6686865091323853,0.6296822428703308,-0.036142122000455856,E
0.0,0.0,0.0,0.0,0.0,0.0,0.0,0.0,0.0,0.0,0.0,0.0,0.0,0.0,0.0,0.0,0.0,0.0,0.0,0.0,0.0,0.0,0.0,0.0,0.0,0.0,0.0,0.0,0.0,0.0,0.0,0.0,0.0,0.0,0.0,0.0,0.0,0.0,0.0,0.0,0.0,0.0,0.0,0.0,0.0,0.0,0.0,0.0,0.0,0.0,0.0,0.0,0.0,0.0,0.0,0.0,0.0,0.0,0.0,0.0,0.0,0.0,0.0,0.6257500648498535,0.6834471821784973,-1.6579970463226346e-07,0.621997058391571,0.6921197175979614,-0.039314448833465576,0.6271969676017761,0.6850211024284363,-0.06359164416790009,0.652979850769043,0.6741665005683899,-0.0802011489868164,0.6739940047264099,0.658487856388092,-0.09184357523918152,0.5892724394798279,0.5580891370773315,-0.04810253158211708,0.6430567502975464,0.5947302579879761,-0.07434102892875671,0.649865984916687,0.6297054886817932,-0.08860097825527191,0.637311577796936,0.6331192851066589,-0.09779807925224304,0.6133893728256226,0.5403404235839844,-0.03838610276579857,0.6629961133003235,0.5891821384429932,-0.06349654495716095,0.6639875173568726,0.6320679187774658,-0.07002720236778259,0.6480699777603149,0.6334058046340942,-0.07301096618175507,0.6388781666755676,0.5400587320327759,-0.03181513026356697,0.6807132363319397,0.5874345302581787,-0.05622262507677078,0.6786983013153076,0.6290819048881531,-0.05468109995126724,0.6643430590629578,0.6304901838302612,-0.05086187273263931,0.6628673672676086,0.5516494512557983,-0.02824530377984047,0.6922823786735535,0.5939898490905762,-0.0453733429312706,0.6881411671638489,0.6284030675888062,-0.04607120901346207,0.6762227416038513,0.6330719590187073,-0.0436692014336586,E
0.0,0.0,0.0,0.0,0.0,0.0,0.0,0.0,0.0,0.0,0.0,0.0,0.0,0.0,0.0,0.0,0.0,0.0,0.0,0.0,0.0,0.0,0.0,0.0,0.0,0.0,0.0,0.0,0.0,0.0,0.0,0.0,0.0,0.0,0.0,0.0,0.0,0.0,0.0,0.0,0.0,0.0,0.0,0.0,0.0,0.0,0.0,0.0,0.0,0.0,0.0,0.0,0.0,0.0,0.0,0.0,0.0,0.0,0.0,0.0,0.0,0.0,0.0,0.6221604347229004,0.6915426254272461,-1.567891132481236e-07,0.6244289875030518,0.6945545673370361,-0.034564558416604996,0.6320468783378601,0.6845079064369202,-0.05680462345480919,0.6568621397018433,0.671432375907898,-0.073045514523983,0.6748442053794861,0.6596759557723999,-0.08564649522304535,0.5909103155136108,0.5604342222213745,-0.03900989517569542,0.6448013782501221,0.5798627138137817,-0.06213204562664032,0.6547178030014038,0.618197500705719,-0.0773063600063324,0.6462028622627258,0.6346037983894348,-0.08718587458133698,0.6137397289276123,0.5452772378921509,-0.031463224440813065,0.663968563079834,0.5621228218078613,-0.05556993931531906,0.6695542931556702,0.6127162575721741,-0.0640953853726387,0.6573950052261353,0.636486291885376,-0.06672660261392593,0.6366192102432251,0.5449361801147461,-0.026534559205174446,0.6823348999023438,0.5665848851203918,-0.049656808376312256,0.6836719512939453,0.6141952276229858,-0.04966352880001068,0.6706458330154419,0.6346217393875122,-0.04528679698705673,0.6585065722465515,0.5564184784889221,-0.024184124544262886,0.6941022872924805,0.5821337103843689,-0.03970251977443695,0.6916893124580383,0.620140552520752,-0.03972121700644493,0.679258406162262,0.6367015838623047,-0.036260247230529785,E
0.6121886372566223,0.6960207223892212,-1.2884225952802808e-07,0.6388812065124512,0.693356990814209,-0.024223649874329567,0.6609933376312256,0.6794521808624268,-0.043044205754995346,0.6776238679885864,0.6636377573013306,-0.05839916318655014,0.6867255568504333,0.6465652585029602,-0.07033071666955948,0.6179304122924805,0.5585455894470215,-0.03121083788573742,0.6700873970985413,0.5690146684646606,-0.05402760207653046,0.6767904162406921,0.6098816990852356,-0.06852821260690689,0.665935218334198,0.6296011805534363,-0.07693210244178772,0.6094529628753662,0.5494417548179626,-0.02834823727607727,0.6651808023452759,0.5626845955848694,-0.050191208720207214,0.6714556813240051,0.6099454164505005,-0.05681747570633888,0.6613250970840454,0.6326437592506409,-0.05851086974143982,0.6062741279602051,0.5546183586120605,-0.02771840989589691,0.656084418296814,0.568581223487854,-0.04625897482037544,0.6610090732574463,0.61014324426651,-0.0442211776971817,0.6502829790115356,0.6303315758705139,-0.039608754217624664,0.6057683229446411,0.5722508430480957,-0.02920304611325264,0.6450005769729614,0.5858725309371948,-0.03974779322743416,0.6506519317626953,0.6140817403793335,-0.03798332065343857,0.6438398361206055,0.6273137331008911,-0.03420277312397957,0.0,0.0,0.0,0.0,0.0,0.0,0.0,0.0,0.0,0.0,0.0,0.0,0.0,0.0,0.0,0.0,0.0,0.0,0.0,0.0,0.0,0.0,0.0,0.0,0.0,0.0,0.0,0.0,0.0,0.0,0.0,0.0,0.0,0.0,0.0,0.0,0.0,0.0,0.0,0.0,0.0,0.0,0.0,0.0,0.0,0.0,0.0,0.0,0.0,0.0,0.0,0.0,0.0,0.0,0.0,0.0,0.0,0.0,0.0,0.0,0.0,0.0,0.0,E
0.0,0.0,0.0,0.0,0.0,0.0,0.0,0.0,0.0,0.0,0.0,0.0,0.0,0.0,0.0,0.0,0.0,0.0,0.0,0.0,0.0,0.0,0.0,0.0,0.0,0.0,0.0,0.0,0.0,0.0,0.0,0.0,0.0,0.0,0.0,0.0,0.0,0.0,0.0,0.0,0.0,0.0,0.0,0.0,0.0,0.0,0.0,0.0,0.0,0.0,0.0,0.0,0.0,0.0,0.0,0.0,0.0,0.0,0.0,0.0,0.0,0.0,0.0,0.6214180588722229,0.6934300661087036,-2.1375583969529544e-07,0.6274494528770447,0.6995333433151245,-0.031571052968502045,0.6370918154716492,0.6881383657455444,-0.05176210775971413,0.6616847515106201,0.671655535697937,-0.0660850927233696,0.679336428642273,0.6579192876815796,-0.0762600302696228,0.5977043509483337,0.5643618106842041,-0.03801697865128517,0.6543012261390686,0.5923395156860352,-0.05991185083985329,0.657845675945282,0.6303093433380127,-0.0728808343410492,0.6429542303085327,0.6368439197540283,-0.08179012686014175,0.6134953498840332,0.5486524701118469,-0.031652048230171204,0.6663034558296204,0.5808135271072388,-0.054004352539777756,0.6671605706214905,0.6259817481040955,-0.05986117571592331,0.6524485945701599,0.6356563568115234,-0.062046684324741364,0.6313978433609009,0.5469760894775391,-0.02775583602488041,0.6760658621788025,0.5779615640640259,-0.048541583120822906,0.675258219242096,0.6207836866378784,-0.04605767875909805,0.6619482636451721,0.6301562786102295,-0.041746482253074646,0.648659884929657,0.5569508671760559,-0.026495737954974174,0.6809515357017517,0.586908757686615,-0.039412032812833786,0.6778668165206909,0.6204643249511719,-0.03837016969919205,0.6671237945556641,0.6290473937988281,-0.035308703780174255,E
0.0,0.0,0.0,0.0,0.0,0.0,0.0,0.0,0.0,0.0,0.0,0.0,0.0,0.0,0.0,0.0,0.0,0.0,0.0,0.0,0.0,0.0,0.0,0.0,0.0,0.0,0.0,0.0,0.0,0.0,0.0,0.0,0.0,0.0,0.0,0.0,0.0,0.0,0.0,0.0,0.0,0.0,0.0,0.0,0.0,0.0,0.0,0.0,0.0,0.0,0.0,0.0,0.0,0.0,0.0,0.0,0.0,0.0,0.0,0.0,0.0,0.0,0.0,0.617469847202301,0.6954986453056335,-1.3682638666523417e-07,0.6341392993927002,0.6951870322227478,-0.023631490767002106,0.6508438587188721,0.6831693649291992,-0.04233751446008682,0.6708948612213135,0.6682295799255371,-0.05777718871831894,0.6837101578712463,0.652031660079956,-0.06978130340576172,0.6137582063674927,0.5665044784545898,-0.028733761981129646,0.6653242707252502,0.5753384232521057,-0.05070756375789642,0.6744315028190613,0.6156109571456909,-0.06472289562225342,0.6655445694923401,0.636087954044342,-0.07320425659418106,0.6125453114509583,0.5528955459594727,-0.026886112987995148,0.6645451784133911,0.5604488253593445,-0.04808936268091202,0.673721969127655,0.6100476980209351,-0.05388747528195381,0.665729284286499,0.6362625956535339,-0.054977066814899445,0.6156051158905029,0.55422043800354,-0.0275366622954607,0.6601340174674988,0.5604356527328491,-0.04629084840416908,0.6676107048988342,0.6067268252372742,-0.04315700754523277,0.6602283716201782,0.6306850910186768,-0.03780802711844444,0.621654748916626,0.5692187547683716,-0.03027024120092392,0.6551077365875244,0.582892119884491,-0.04196213558316231,0.6608487963676453,0.6146354079246521,-0.04007801413536072,0.6564448475837708,0.6293318867683411,-0.03617040812969208,E
0.0,0.0,0.0,0.0,0.0,0.0,0.0,0.0,0.0,0.0,0.0,0.0,0.0,0.0,0.0,0.0,0.0,0.0,0.0,0.0,0.0,0.0,0.0,0.0,0.0,0.0,0.0,0.0,0.0,0.0,0.0,0.0,0.0,0.0,0.0,0.0,0.0,0.0,0.0,0.0,0.0,0.0,0.0,0.0,0.0,0.0,0.0,0.0,0.0,0.0,0.0,0.0,0.0,0.0,0.0,0.0,0.0,0.0,0.0,0.0,0.0,0.0,0.0,0.6254573464393616,0.6912967562675476,-1.227099915013241e-07,0.628935694694519,0.6970111727714539,-0.034120768308639526,0.6365559101104736,0.6868273019790649,-0.05685703828930855,0.6601249575614929,0.669113278388977,-0.07312913984060287,0.6803107261657715,0.6500571370124817,-0.08488008379936218,0.5940672159194946,0.5671398043632507,-0.04515823721885681,0.6462317109107971,0.5773204565048218,-0.06732967495918274,0.6567755937576294,0.6134915947914124,-0.07832752168178558,0.647689938545227,0.6324700713157654,-0.08467946201562881,0.6105260848999023,0.5478869676589966,-0.037062615156173706,0.6629877090454102,0.5630149841308594,-0.059983979910612106,0.669743537902832,0.6109373569488525,-0.06511614471673965,0.6584376692771912,0.6342370510101318,-0.06586874276399612,0.6301993727684021,0.544620156288147,-0.031225651502609253,0.6772225499153137,0.5616097450256348,-0.051652323454618454,0.678396999835968,0.6051859855651855,-0.04887596517801285,0.6663788557052612,0.6250261664390564,-0.04391773045063019,0.6499183177947998,0.5541671514511108,-0.027986403554677963,0.6853535175323486,0.5719815492630005,-0.04175407066941261,0.6838860511779785,0.6060411334037781,-0.040755532681941986,0.6740209460258484,0.6215294599533081,-0.037240687757730484,E
0.0,0.0,0.0,0.0,0.0,0.0,0.0,0.0,0.0,0.0,0.0,0.0,0.0,0.0,0.0,0.0,0.0,0.0,0.0,0.0,0.0,0.0,0.0,0.0,0.0,0.0,0.0,0.0,0.0,0.0,0.0,0.0,0.0,0.0,0.0,0.0,0.0,0.0,0.0,0.0,0.0,0.0,0.0,0.0,0.0,0.0,0.0,0.0,0.0,0.0,0.0,0.0,0.0,0.0,0.0,0.0,0.0,0.0,0.0,0.0,0.0,0.0,0.0,0.630420446395874,0.6858887672424316,-1.0998037680565176e-07,0.6248449087142944,0.69144207239151,-0.0376715324819088,0.6265937685966492,0.6844637989997864,-0.06193232908844948,0.6496291756629944,0.6719055771827698,-0.07876767963171005,0.6668727993965149,0.6576409935951233,-0.09095703065395355,0.5912441611289978,0.5631924867630005,-0.05096578970551491,0.6398416757583618,0.5821505784988403,-0.07464706897735596,0.6498720049858093,0.6191215515136719,-0.08571692556142807,0.6425331234931946,0.6345537304878235,-0.09192533046007156,0.615771472454071,0.5451408624649048,-0.04125243052840233,0.6613274812698364,0.5684966444969177,-0.06673772633075714,0.6663637757301331,0.6175640821456909,-0.0726277157664299,0.6557886004447937,0.6368815898895264,-0.07349138706922531,0.641858696937561,0.5441802740097046,-0.03377019986510277,0.6805558204650879,0.5706920623779297,-0.05674837902188301,0.6785293817520142,0.6157146096229553,-0.05480937659740448,0.6662654876708984,0.6316452622413635,-0.049890127032995224,0.6662179231643677,0.5553038716316223,-0.028981860727071762,0.6941202878952026,0.5812160968780518,-0.044331252574920654,0.6892518401145935,0.6153980493545532,-0.04407050833106041,0.6785869598388672,0.627607524394989,-0.04088369756937027,E
0.6151576042175293,0.6949579119682312,-2.0445516213385417e-07,0.6469728946685791,0.6852365136146545,-0.016290219500660896,0.673494279384613,0.6662444472312927,-0.030611112713813782,0.6890637278556824,0.6510850787162781,-0.04369853436946869,0.6905553936958313,0.6440787315368652,-0.05413117632269859,0.6454735398292542,0.5507508516311646,-0.01770666427910328,0.683822512626648,0.5617768168449402,-0.03795734420418739,0.6853963136672974,0.6070692539215088,-0.05171693116426468,0.675514817237854,0.6296051740646362,-0.05993971973657608,0.6250074505805969,0.5470589995384216,-0.019098728895187378,0.6660240292549133,0.5619093179702759,-0.03659931197762489,0.6696921586990356,0.6094849705696106,-0.04186403006315231,0.6619977355003357,0.6316679120063782,-0.043330978602170944,0.6073334217071533,0.5584065914154053,-0.02277965098619461,0.6457700729370117,0.5730099081993103,-0.037244733422994614,0.6523818969726562,0.6144223213195801,-0.03383191302418709,0.6464468240737915,0.6352601647377014,-0.029106380417943,0.5936571955680847,0.5813265442848206,-0.02852405235171318,0.6252812147140503,0.6037982702255249,-0.036135125905275345,0.6334275007247925,0.6317087411880493,-0.033584240823984146,0.6310915946960449,0.6436185836791992,-0.0297185517847538,0.0,0.0,0.0,0.0,0.0,0.0,0.0,0.0,0.0,0.0,0.0,0.0,0.0,0.0,0.0,0.0,0.0,0.0,0.0,0.0,0.0,0.0,0.0,0.0,0.0,0.0,0.0,0.0,0.0,0.0,0.0,0.0,0.0,0.0,0.0,0.0,0.0,0.0,0.0,0.0,0.0,0.0,0.0,0.0,0.0,0.0,0.0,0.0,0.0,0.0,0.0,0.0,0.0,0.0,0.0,0.0,0.0,0.0,0.0,0.0,0.0,0.0,0.0,E
0.0,0.0,0.0,0.0,0.0,0.0,0.0,0.0,0.0,0.0,0.0,0.0,0.0,0.0,0.0,0.0,0.0,0.0,0.0,0.0,0.0,0.0,0.0,0.0,0.0,0.0,0.0,0.0,0.0,0.0,0.0,0.0,0.0,0.0,0.0,0.0,0.0,0.0,0.0,0.0,0.0,0.0,0.0,0.0,0.0,0.0,0.0,0.0,0.0,0.0,0.0,0.0,0.0,0.0,0.0,0.0,0.0,0.0,0.0,0.0,0.0,0.0,0.0,0.628934383392334,0.686805248260498,-1.3100445528380078e-07,0.6328811049461365,0.6945980787277222,-0.028559869155287743,0.6427578330039978,0.6853212118148804,-0.04959481954574585,0.6648646593093872,0.6682254672050476,-0.06540130078792572,0.6798893213272095,0.6516643762588501,-0.07730606943368912,0.6038272380828857,0.5667856931686401,-0.039050694555044174,0.6573572158813477,0.5902715921401978,-0.060238827019929886,0.6626113057136536,0.6283859610557556,-0.07313533127307892,0.6504982709884644,0.6393514275550842,-0.08170067518949509,0.6132623553276062,0.5476111769676208,-0.03393331915140152,0.664638102054596,0.5735169649124146,-0.05568992719054222,0.6683173179626465,0.6193479299545288,-0.061233893036842346,0.6569294333457947,0.6366512179374695,-0.06328421831130981,0.6264888048171997,0.5441974401473999,-0.03072638250887394,0.6703774929046631,0.5651512742042542,-0.04897836223244667,0.6724328398704529,0.6068333387374878,-0.04520105943083763,0.6615513563156128,0.6240156292915344,-0.04066472500562668,0.6398701667785645,0.5531634092330933,-0.029943373054265976,0.6731628775596619,0.5723052024841309,-0.0403599813580513,0.6733658909797668,0.6046791672706604,-0.03765975683927536,0.6653156280517578,0.6184046864509583,-0.03404149413108826,E
0.0,0.0,0.0,0.0,0.0,0.0,0.0,0.0,0.0,0.0,0.0,0.0,0.0,0.0,0.0,0.0,0.0,0.0,0.0,0.0,0.0,0.0,0.0,0.0,0.0,0.0,0.0,0.0,0.0,0.0,0.0,0.0,0.0,0.0,0.0,0.0,0.0,0.0,0.0,0.0,0.0,0.0,0.0,0.0,0.0,0.0,0.0,0.0,0.0,0.0,0.0,0.0,0.0,0.0,0.0,0.0,0.0,0.0,0.0,0.0,0.0,0.0,0.0,0.6317824125289917,0.682826042175293,-1.1522894283189089e-07,0.6307761073112488,0.6931331753730774,-0.03552310913801193,0.6373356580734253,0.684498131275177,-0.059383101761341095,0.6603147387504578,0.6700154542922974,-0.07664062082767487,0.677861750125885,0.654920756816864,-0.08952465653419495,0.6049587726593018,0.5614278316497803,-0.04685503989458084,0.6592738032341003,0.5954818725585938,-0.07281620800495148,0.6619535684585571,0.629997730255127,-0.08812282979488373,0.6498008966445923,0.6336554288864136,-0.09787733107805252,0.6175936460494995,0.542829692363739,-0.03929328918457031,0.6693254113197327,0.5803832411766052,-0.06576831638813019,0.6684297919273376,0.6239495873451233,-0.07214115560054779,0.6557176113128662,0.6352865695953369,-0.07391010224819183,0.6338163018226624,0.5414977073669434,-0.034487489610910416,0.6771265864372253,0.5726564526557922,-0.056970976293087006,0.6748143434524536,0.6118810772895813,-0.05392603948712349,0.6631799936294556,0.6227885484695435,-0.049029845744371414,0.6505224704742432,0.5530396103858948,-0.03261033818125725,0.6816768646240234,0.5780010223388672,-0.04619446396827698,0.6794896721839905,0.6089139580726624,-0.044682979583740234,0.6721163988113403,0.6179316639900208,-0.04125428572297096,E
0.6098554730415344,0.698855459690094,-1.7299365140388545e-07,0.6406270265579224,0.691051721572876,-0.01709175668656826,0.6642540693283081,0.673383355140686,-0.03226219490170479,0.6798124313354492,0.6577549576759338,-0.046321481466293335,0.6926611661911011,0.6470255255699158,-0.05749392509460449,0.6376227736473083,0.5554006099700928,-0.017745018005371094,0.6808850169181824,0.5533655285835266,-0.038374025374650955,0.687245786190033,0.5986499786376953,-0.05196072906255722,0.6797024607658386,0.6252679228782654,-0.05984121561050415,0.620262086391449,0.5496460199356079,-0.018712475895881653,0.6661426424980164,0.5527779459953308,-0.03739183023571968,0.6745045185089111,0.6023814678192139,-0.04262987896800041,0.6686406135559082,0.6299687027931213,-0.0433398112654686,0.6056205630302429,0.5580804347991943,-0.022206313908100128,0.6478644609451294,0.5631852149963379,-0.03861924633383751,0.656798779964447,0.6074494123458862,-0.03546334430575371,0.651069700717926,0.6335796117782593,-0.03000294230878353,0.5948326587677002,0.578839123249054,-0.02768903225660324,0.6297306418418884,0.5948318839073181,-0.03764750063419342,0.6381322145462036,0.6256548762321472,-0.03596913442015648,0.6342816352844238,0.6429150104522705,-0.0320904403924942,0.0,0.0,0.0,0.0,0.0,0.0,0.0,0.0,0.0,0.0,0.0,0.0,0.0,0.0,0.0,0.0,0.0,0.0,0.0,0.0,0.0,0.0,0.0,0.0,0.0,0.0,0.0,0.0,0.0,0.0,0.0,0.0,0.0,0.0,0.0,0.0,0.0,0.0,0.0,0.0,0.0,0.0,0.0,0.0,0.0,0.0,0.0,0.0,0.0,0.0,0.0,0.0,0.0,0.0,0.0,0.0,0.0,0.0,0.0,0.0,0.0,0.0,0.0,E
0.0,0.0,0.0,0.0,0.0,0.0,0.0,0.0,0.0,0.0,0.0,0.0,0.0,0.0,0.0,0.0,0.0,0.0,0.0,0.0,0.0,0.0,0.0,0.0,0.0,0.0,0.0,0.0,0.0,0.0,0.0,0.0,0.0,0.0,0.0,0.0,0.0,0.0,0.0,0.0,0.0,0.0,0.0,0.0,0.0,0.0,0.0,0.0,0.0,0.0,0.0,0.0,0.0,0.0,0.0,0.0,0.0,0.0,0.0,0.0,0.0,0.0,0.0,0.6229200959205627,0.6937299370765686,-1.7533353968701704e-07,0.6365481019020081,0.6967217922210693,-0.025662429630756378,0.6525267958641052,0.6815636157989502,-0.04375544190406799,0.6747053861618042,0.6626230478286743,-0.057847291231155396,0.6864129900932312,0.6479267477989197,-0.06830418109893799,0.6058071851730347,0.5648103356361389,-0.03124312497675419,0.6565136313438416,0.5646542310714722,-0.051357872784137726,0.6672574877738953,0.6096611618995667,-0.06281313300132751,0.6586517095565796,0.63270103931427,-0.06974157691001892,0.6109145879745483,0.5486028790473938,-0.027196750044822693,0.6622464656829834,0.5550239086151123,-0.047424349933862686,0.672518253326416,0.6081879734992981,-0.05178303271532059,0.6637874841690063,0.6333338022232056,-0.05222693458199501,0.6198674440383911,0.5463182330131531,-0.02537960186600685,0.6657881140708923,0.5536653399467468,-0.04429708048701286,0.6724453568458557,0.6039396524429321,-0.03992580622434616,0.6633707284927368,0.6288825273513794,-0.033760473132133484,0.6299126148223877,0.5561091899871826,-0.025675328448414803,0.6657544374465942,0.5692580342292786,-0.03748081997036934,0.668896496295929,0.6071081757545471,-0.034820035099983215,0.661169171333313,0.6261854767799377,-0.030331594869494438,E
0.616409957408905,0.6838047504425049,-1.7346579284094332e-07,0.6454007625579834,0.6816339492797852,-0.02010880410671234,0.6717022657394409,0.6671827435493469,-0.03623028099536896,0.686833918094635,0.6529957056045532,-0.049944501370191574,0.6924620270729065,0.638545572757721,-0.06096954643726349,0.6484940648078918,0.5468028783798218,-0.02388644963502884,0.6905580163002014,0.585472822189331,-0.045399706810712814,0.6824228167533875,0.6212178468704224,-0.06105592101812363,0.6654772162437439,0.6275460124015808,-0.07136215269565582,0.6270831823348999,0.5428175330162048,-0.0239816103130579,0.6721966862678528,0.5847658514976501,-0.042239248752593994,0.665908932685852,0.6205971240997314,-0.04871020466089249,0.6540848612785339,0.6295077204704285,-0.052174292504787445,0.6085047721862793,0.5530534982681274,-0.026242448017001152,0.6493213176727295,0.5894553661346436,-0.041920386254787445,0.6482109427452087,0.6221867203712463,-0.03938933089375496,0.6398972868919373,0.6335834860801697,-0.03592027351260185,0.5929133892059326,0.5739560723304749,-0.030916929244995117,0.6246104836463928,0.6036015152931213,-0.04022906720638275,0.6306962370872498,0.6287458539009094,-0.03782404586672783,0.6303027868270874,0.6390074491500854,-0.034009963274002075,0.0,0.0,0.0,0.0,0.0,0.0,0.0,0.0,0.0,0.0,0.0,0.0,0.0,0.0,0.0,0.0,0.0,0.0,0.0,0.0,0.0,0.0,0.0,0.0,0.0,0.0,0.0,0.0,0.0,0.0,0.0,0.0,0.0,0.0,0.0,0.0,0.0,0.0,0.0,0.0,0.0,0.0,0.0,0.0,0.0,0.0,0.0,0.0,0.0,0.0,0.0,0.0,0.0,0.0,0.0,0.0,0.0,0.0,0.0,0.0,0.0,0.0,0.0,E
0.0,0.0,0.0,0.0,0.0,0.0,0.0,0.0,0.0,0.0,0.0,0.0,0.0,0.0,0.0,0.0,0.0,0.0,0.0,0.0,0.0,0.0,0.0,0.0,0.0,0.0,0.0,0.0,0.0,0.0,0.0,0.0,0.0,0.0,0.0,0.0,0.0,0.0,0.0,0.0,0.0,0.0,0.0,0.0,0.0,0.0,0.0,0.0,0.0,0.0,0.0,0.0,0.0,0.0,0.0,0.0,0.0,0.0,0.0,0.0,0.0,0.0,0.0,0.6283677816390991,0.677466869354248,-5.776148981340157e-08,0.6292140483856201,0.686752438545227,-0.029296405613422394,0.6393356323242188,0.675344705581665,-0.04904114082455635,0.6640026569366455,0.6573516726493835,-0.06302767246961594,0.6805180907249451,0.6373710632324219,-0.07268035411834717,0.5998864769935608,0.5612539052963257,-0.0404290109872818,0.6452785134315491,0.5776528716087341,-0.05998406186699867,0.655515193939209,0.6117772459983826,-0.07026441395282745,0.6517438292503357,0.6273702383041382,-0.0763358399271965,0.6136535406112671,0.5437116622924805,-0.033793240785598755,0.6592385172843933,0.5633302927017212,-0.05497799813747406,0.665887176990509,0.6050497889518738,-0.06002303212881088,0.660515308380127,0.6263171434402466,-0.06122909486293793,0.6312144994735718,0.5419445633888245,-0.028957851231098175,0.6709616184234619,0.5589415431022644,-0.046886589378118515,0.6738467216491699,0.5953592658042908,-0.0439305417239666,0.667722761631012,0.6146388053894043,-0.039654992520809174,0.6477211713790894,0.5510775446891785,-0.026456322520971298,0.6787419319152832,0.5647208094596863,-0.03830263391137123,0.6787990927696228,0.5933150053024292,-0.037015531212091446,0.6738863587379456,0.607496440410614,-0.03397767245769501,E
